600 3
0 -0.681838 -0.106057 1.487565 -0.833713 -0.433865 0.159674 0.354477 0.238127 0.316017 0.418683 0.655669 -0.056266 0.271221 0.095599 0.134344 -0.254415 -0.583854 1.504942 0.013586 -0.779870 0.098883 1.449327 -0.294481 -0.446579 0.048540 0.783354 -0.382180 -0.660575 1.256766 -0.254850 0.060626 -0.996991 -0.540897 -0.352955 0.314822 1.234491 -1.407421 -0.076108 0.136712 0.054350 0.452700 1.110062 -0.108241 -0.303199 -0.137422 -0.374431 -0.234102 -0.456364 0.062301 -0.244188 -0.202195 0.859660 -0.027108 -0.125687 -1.031228 -0.455320 0.272254 0.123532 -0.593465 -1.768393 -0.158209 -0.447042 -1.544994 -0.154589 0.474468 -0.271754 -1.587158 0.113940 0.241336 0.403538 1.033469 -0.031435 0.154213 -1.318184 0.100527 0.845651 0.118339 0.050660 0.734032 -0.079139 0.839827 0.125569 0.077091 -0.125289 -0.342397 -0.701208 0.073001 -0.083471 0.633107 -0.197464 0.319585 -0.033308 -0.189664 -0.276054 -0.675926 0.154636 0.019540 -0.576926 -0.617954 -0.073964 1.095708 0.516485 0.067124 -0.084098 -0.244613 0.130027 0.876836 0.135119 -0.289739 0.003194 -0.311045 -0.640691 -0.376359 -0.194435 -0.123119 1.108704 0.352085 -0.113043 0.193070 0.529329 2.049008 -0.084904 -0.418549 0.122744 -0.449601 1.247612 0.292275 1.754077 -0.088376 0.068581 -0.089676 -0.032724 -0.098462 -0.044583 -0.780174 1.697988 -0.202217 -0.074449 0.375750 0.715983 -0.658271 0.195092 -0.261910 0.281908 -0.985336 0.551304 0.156755 -0.024348 -0.290129 1.014721 -0.621713 -0.031666 -0.626404 -1.452081 -0.051573 0.500826 -0.820173 0.267492 -0.835353 0.079233 0.232020 -0.707805 0.249931 0.377207 0.184140 0.060734 0.099088 0.083245 0.594534 0.396943 0.094979 0.097853
1 -0.678360 -0.104518 1.505073 -0.847364 -0.414443 0.145786 0.336872 0.248432 0.324090 0.430996 0.654371 -0.039525 0.274686 0.102522 0.116310 -0.273432 -0.564704 1.521089 0.001838 -0.793868 0.105503 1.465539 -0.275242 -0.427435 0.033134 0.783927 -0.363173 -0.669409 1.272864 -0.259759 0.040322 -1.010957 -0.539091 -0.331700 0.325030 1.226053 -1.424077 -0.057324 0.118738 0.072387 0.468492 1.123805 -0.101289 -0.281878 -0.145881 -0.390721 -0.242928 -0.467468 0.055713 -0.259500 -0.200215 0.873917 -0.011672 -0.114985 -1.045537 -0.452555 0.272040 0.110488 -0.608891 -1.786020 -0.142142 -0.450022 -1.562396 -0.144928 0.487883 -0.280462 -1.604101 0.122968 0.250948 0.420267 1.046807 -0.036634 0.162552 -1.333530 0.115881 0.827460 0.114818 0.055129 0.730030 -0.085739 0.836959 0.144436 0.085422 -0.114604 -0.353621 -0.686726 0.055150 -0.090607 0.614319 -0.207219 0.329260 -0.033457 -0.206158 -0.270535 -0.687003 0.163704 -0.000646 -0.576366 -0.599621 -0.077945 1.109647 0.519360 0.071737 -0.090452 -0.232642 0.116291 0.858168 0.135247 -0.269417 0.012092 -0.329862 -0.638203 -0.391663 -0.174484 -0.109467 1.122925 0.365351 -0.105220 0.207868 0.510661 2.067888 -0.092261 -0.408773 0.109552 -0.427996 1.244723 0.295046 1.772521 -0.097804 0.063317 -0.099686 -0.044287 -0.102858 -0.038960 -0.765063 1.715772 -0.180552 -0.094100 0.355188 0.729945 -0.677207 0.214591 -0.242375 0.296805 -0.998487 0.568366 0.161551 -0.007079 -0.306029 1.002805 -0.638985 -0.042177 -0.625036 -1.468624 -0.059339 0.479573 -0.800599 0.274998 -0.847681 0.083210 0.213271 -0.721885 0.230392 0.387066 0.165229 0.077592 0.102027 0.099984 0.601191 0.414102 0.085163 0.114182
2 -0.705040 -0.104737 1.451848 -0.799306 -0.492955 0.201993 0.409241 0.205868 0.288335 0.381180 0.668709 -0.107257 0.260237 0.070535 0.190071 -0.200209 -0.643254 1.474651 0.050167 -0.743387 0.075150 1.417616 -0.354376 -0.506077 0.093447 0.793233 -0.441097 -0.640683 1.222790 -0.237206 0.121127 -0.963919 -0.554953 -0.416688 0.289816 1.265773 -1.373692 -0.132964 0.192712 -0.000199 0.409686 1.079335 -0.125519 -0.368421 -0.106660 -0.328136 -0.204857 -0.423144 0.078140 -0.197071 -0.216102 0.824086 -0.074504 -0.157934 -0.997586 -0.473194 0.278507 0.163723 -0.552820 -1.735169 -0.207399 -0.447544 -1.510323 -0.183634 0.436128 -0.244763 -1.554929 0.083807 0.213882 0.355674 1.003063 -0.011050 0.126925 -1.286628 0.052190 0.902328 0.125080 0.028825 0.758521 -0.057181 0.860282 0.070442 0.051188 -0.159815 -0.308375 -0.747428 0.128432 -0.058451 0.692673 -0.166683 0.288797 -0.032706 -0.140926 -0.292818 -0.653374 0.122593 0.079293 -0.587512 -0.673852 -0.055841 1.064034 0.519549 0.048078 -0.059328 -0.283207 0.171785 0.936666 0.134248 -0.351932 -0.021020 -0.258059 -0.660126 -0.335108 -0.254907 -0.162693 1.076624 0.311426 -0.134193 0.148681 0.587376 2.015265 -0.060905 -0.451892 0.163637 -0.515882 1.273307 0.292112 1.719843 -0.059514 0.080678 -0.059100 0.002435 -0.091312 -0.055930 -0.830077 1.664343 -0.268073 -0.016244 0.438709 0.679307 -0.608599 0.137652 -0.322241 0.239130 -0.954177 0.504493 0.137004 -0.077233 -0.244281 1.057484 -0.576084 -0.001624 -0.642749 -1.419077 -0.025018 0.566371 -0.882413 0.243311 -0.804327 0.062175 0.290697 -0.675984 0.309813 0.348567 0.242577 0.008376 0.086817 0.034345 0.585920 0.348697 0.124744 0.047038
3 -0.679474 -0.104701 1.482994 -0.832186 -0.428505 0.156074 0.349595 0.238781 0.315589 0.418720 0.652872 -0.052928 0.270500 0.095906 0.130512 -0.256750 -0.577629 1.499916 0.010670 -0.778642 0.099225 1.444649 -0.289816 -0.441302 0.045284 0.780166 -0.377508 -0.658521 1.253267 -0.254169 0.056914 -0.994852 -0.538556 -0.348036 0.315369 1.227087 -1.403193 -0.072373 0.132957 0.057438 0.453235 1.107186 -0.106440 -0.298440 -0.137804 -0.376069 -0.234325 -0.456329 0.060793 -0.245531 -0.202027 0.858244 -0.024043 -0.123331 -1.028869 -0.453603 0.271143 0.120268 -0.593190 -1.762385 -0.154394 -0.445681 -1.540198 -0.152208 0.474944 -0.272023 -1.581963 0.114848 0.242182 0.404371 1.030972 -0.031431 0.154925 -1.314386 0.102914 0.838259 0.117004 0.050322 0.731244 -0.079743 0.836032 0.128490 0.078387 -0.122962 -0.342990 -0.695063 0.069545 -0.083954 0.626887 -0.198362 0.319760 -0.033157 -0.192017 -0.273587 -0.674910 0.155069 0.016014 -0.574567 -0.611890 -0.073333 1.092944 0.515072 0.066849 -0.084203 -0.240828 0.126384 0.869349 0.134431 -0.285085 0.004906 -0.313065 -0.638587 -0.377385 -0.190356 -0.119696 1.105912 0.352610 -0.110963 0.195049 0.523579 2.041580 -0.085748 -0.414330 0.119418 -0.444084 1.241579 0.291638 1.748124 -0.089929 0.067175 -0.091424 -0.035035 -0.098931 -0.043178 -0.773831 1.692287 -0.197816 -0.077952 0.370706 0.715054 -0.658681 0.197729 -0.257481 0.283588 -0.983083 0.552014 0.156318 -0.021198 -0.291796 1.008155 -0.621819 -0.033459 -0.624615 -1.447606 -0.052448 0.495137 -0.813055 0.267514 -0.833699 0.078755 0.227758 -0.707029 0.245319 0.377266 0.179914 0.063437 0.098712 0.086117 0.593310 0.398337 0.092797 0.100318
4 -0.670715 -0.104143 1.515964 -0.858109 -0.394097 0.131410 0.318194 0.258736 0.332439 0.442756 0.649816 -0.022387 0.277875 0.110332 0.097700 -0.291418 -0.544147 1.530324 -0.010449 -0.805312 0.112916 1.475223 -0.255046 -0.407070 0.017887 0.780498 -0.343090 -0.675660 1.283468 -0.264970 0.020038 -1.021230 -0.534332 -0.309977 0.333524 1.213941 -1.434447 -0.038295 0.100084 0.090475 0.482519 1.133210 -0.094849 -0.259840 -0.155368 -0.405915 -0.252059 -0.477836 0.049825 -0.274712 -0.195984 0.885118 0.004212 -0.103933 -1.055970 -0.446725 0.270136 0.096914 -0.622051 -1.795806 -0.125445 -0.450163 -1.572894 -0.134817 0.500180 -0.289006 -1.613843 0.132617 0.259978 0.435855 1.056184 -0.042960 0.171252 -1.343167 0.131628 0.807177 0.111875 0.061459 0.721848 -0.092818 0.829884 0.162772 0.093959 -0.103037 -0.364472 -0.670073 0.036724 -0.098509 0.593679 -0.217116 0.338888 -0.033574 -0.222228 -0.264295 -0.694570 0.173650 -0.020643 -0.572765 -0.579961 -0.083266 1.119361 0.518796 0.077499 -0.098011 -0.219602 0.102113 0.837039 0.135312 -0.248383 0.020538 -0.347408 -0.631811 -0.405348 -0.154073 -0.095854 1.132787 0.378268 -0.097671 0.222409 0.490594 2.077630 -0.100041 -0.397273 0.095764 -0.405463 1.235761 0.295529 1.782806 -0.107325 0.058667 -0.109838 -0.056109 -0.105808 -0.034459 -0.747342 1.725843 -0.158402 -0.113538 0.333795 0.741541 -0.693403 0.233601 -0.222065 0.310824 -1.008085 0.583545 0.167366 0.010469 -0.321030 0.987525 -0.653807 -0.052438 -0.619754 -1.478710 -0.067832 0.457178 -0.778807 0.282521 -0.857285 0.088300 0.193625 -0.732398 0.210175 0.396152 0.145642 0.094759 0.105621 0.116275 0.604363 0.429935 0.074983 0.130805
5 -0.665886 -0.103511 1.502401 -0.849784 -0.392769 0.131804 0.317377 0.255401 0.328522 0.437696 0.644992 -0.023634 0.274778 0.108302 0.098670 -0.287571 -0.541685 1.517054 -0.009227 -0.797423 0.110860 1.462248 -0.254839 -0.405654 0.019171 0.774515 -0.342123 -0.669332 1.271953 -0.261882 0.021616 -1.011642 -0.530512 -0.309297 0.329546 1.205281 -1.421626 -0.039678 0.101049 0.088326 0.477227 1.122739 -0.094868 -0.259596 -0.152815 -0.401147 -0.248787 -0.472648 0.050358 -0.271091 -0.194655 0.876598 0.002737 -0.104101 -1.046101 -0.443417 0.268260 0.097634 -0.615709 -1.780313 -0.125944 -0.445903 -1.559050 -0.134641 0.494809 -0.285467 -1.599779 0.130396 0.256704 0.431095 1.046390 -0.041726 0.168662 -1.331095 0.128944 0.802641 0.111016 0.059953 0.716667 -0.091023 0.824057 0.159796 0.092051 -0.103041 -0.360324 -0.666069 0.038101 -0.096612 0.590618 -0.214123 0.334876 -0.033087 -0.218816 -0.262838 -0.687610 0.170906 -0.018702 -0.568427 -0.577062 -0.081730 1.109033 0.514214 0.075953 -0.096080 -0.219124 0.102913 0.832454 0.133951 -0.248295 0.019217 -0.343135 -0.627105 -0.400793 -0.154561 -0.096491 1.122333 0.373791 -0.097919 0.219026 0.488588 2.060061 -0.098091 -0.395180 0.096427 -0.404268 1.227393 0.292448 1.767342 -0.105280 0.058799 -0.107667 -0.054473 -0.104304 -0.035206 -0.742948 1.710943 -0.158890 -0.110995 0.333055 0.734209 -0.686270 0.230248 -0.222150 0.306627 -0.998608 0.577323 0.164954 0.008661 -0.316764 0.980933 -0.647134 -0.050778 -0.614958 -1.465638 -0.066052 0.455533 -0.774638 0.279026 -0.848996 0.086777 0.193946 -0.725181 0.210288 0.391818 0.146324 0.092310 0.104026 0.113647 0.598411 0.425033 0.075237 0.128077
6 -0.696122 -0.106017 1.484291 -0.826585 -0.458950 0.177096 0.377303 0.227151 0.307513 0.407655 0.665280 -0.075895 0.268855 0.086304 0.155694 -0.235931 -0.609669 1.503685 0.027761 -0.771603 0.090147 1.447176 -0.318539 -0.472061 0.066251 0.792220 -0.407307 -0.656336 1.252363 -0.249532 0.083485 -0.991368 -0.550143 -0.379103 0.307305 1.255470 -1.404287 -0.097397 0.158246 0.034259 0.439767 1.106100 -0.116001 -0.329320 -0.126492 -0.359440 -0.224289 -0.446815 0.069128 -0.228197 -0.209729 0.852266 -0.045237 -0.139023 -1.025546 -0.465891 0.276267 0.139595 -0.582337 -1.768299 -0.177888 -0.449742 -1.542671 -0.167241 0.462947 -0.263036 -1.585969 0.102900 0.232059 0.388367 1.029002 -0.023017 0.144543 -1.315350 0.083012 0.872990 0.122068 0.042331 0.749150 -0.070803 0.853479 0.106172 0.067597 -0.139511 -0.331646 -0.724378 0.094071 -0.074081 0.659761 -0.186934 0.309831 -0.033325 -0.172813 -0.284842 -0.671744 0.143335 0.041789 -0.584931 -0.643483 -0.066792 1.091228 0.520513 0.059627 -0.074874 -0.260815 0.146863 0.905410 0.135804 -0.314792 -0.006258 -0.293344 -0.653249 -0.363411 -0.218614 -0.139337 1.104250 0.339232 -0.122101 0.177603 0.554921 2.050784 -0.075933 -0.434136 0.139317 -0.476895 1.265296 0.293816 1.753372 -0.077950 0.074074 -0.078408 -0.019125 -0.095876 -0.049413 -0.805121 1.697179 -0.227831 -0.053191 0.401674 0.707366 -0.644087 0.174700 -0.286084 0.267663 -0.980317 0.537424 0.150004 -0.044023 -0.274719 1.038157 -0.608816 -0.020122 -0.637655 -1.449634 -0.041549 0.528542 -0.849277 0.259825 -0.829316 0.072502 0.255138 -0.700539 0.273454 0.368616 0.206723 0.041609 0.094832 0.065977 0.594688 0.381267 0.107200 0.079329
7 -0.669732 -0.104810 1.532888 -0.870469 -0.383813 0.123347 0.308495 0.266863 0.340140 0.453274 0.650857 -0.011970 0.281835 0.116173 0.086483 -0.304388 -0.534617 1.546195 -0.017793 -0.817739 0.118495 1.491039 -0.243808 -0.396820 0.008641 0.783007 -0.332551 -0.683948 1.298434 -0.270170 0.007374 -1.034223 -0.534504 -0.298037 0.340868 1.214403 -1.450400 -0.026543 0.088826 0.102263 0.494510 1.146521 -0.091621 -0.247431 -0.162657 -0.417689 -0.259555 -0.487433 0.046545 -0.286163 -0.194300 0.897785 0.013990 -0.097742 -1.069322 -0.445726 0.270345 0.089111 -0.634334 -1.813927 -0.115994 -0.452944 -1.589928 -0.129557 0.510872 -0.296235 -1.630633 0.139513 0.267101 0.448407 1.068895 -0.047449 0.177828 -1.358060 0.142415 0.799939 0.111098 0.066391 0.720864 -0.097862 0.830342 0.175270 0.099806 -0.096494 -0.373465 -0.664612 0.025333 -0.104261 0.584567 -0.224640 0.347163 -0.033941 -0.233636 -0.262434 -0.703623 0.181322 -0.033419 -0.573904 -0.571472 -0.087556 1.132747 0.521337 0.081928 -0.103756 -0.212866 0.094043 0.829224 0.136326 -0.236557 0.025849 -0.360455 -0.631427 -0.416391 -0.142193 -0.088129 1.146374 0.388986 -0.093677 0.232919 0.481157 2.097606 -0.105537 -0.392707 0.087851 -0.393499 1.237367 0.297580 1.801171 -0.113855 0.056348 -0.116672 -0.063492 -0.108129 -0.031899 -0.741392 1.743659 -0.145381 -0.126182 0.322209 0.753632 -0.707800 0.246755 -0.210497 0.321540 -1.020614 0.596590 0.172466 0.021716 -0.332471 0.984110 -0.667228 -0.059069 -0.619961 -1.494774 -0.073768 0.445720 -0.770048 0.289142 -0.868841 0.092351 0.182278 -0.743606 0.198699 0.404352 0.134150 0.106271 0.108831 0.127309 0.609951 0.442345 0.069262 0.142138
8 -0.665184 -0.105269 1.511388 -0.858758 -0.385496 0.125469 0.309578 0.262159 0.335424 0.446784 0.644892 -0.015107 0.278472 0.113188 0.089265 -0.297640 -0.534193 1.524383 -0.016564 -0.806732 0.115610 1.470037 -0.245750 -0.398228 0.012645 0.774293 -0.335175 -0.672455 1.280141 -0.266439 0.012075 -1.020757 -0.529700 -0.301393 0.333798 1.206670 -1.430072 -0.029858 0.091629 0.097917 0.485719 1.131443 -0.094438 -0.250468 -0.159497 -0.410902 -0.255239 -0.481068 0.049933 -0.280640 -0.193600 0.885939 0.011085 -0.100151 -1.055174 -0.442223 0.267047 0.090948 -0.624124 -1.789742 -0.118152 -0.445169 -1.568102 -0.131688 0.503667 -0.291532 -1.608198 0.136380 0.262131 0.440634 1.054797 -0.044663 0.174389 -1.339563 0.138539 0.797670 0.112223 0.064851 0.716074 -0.094914 0.823213 0.170035 0.097190 -0.098080 -0.368334 -0.662358 0.028586 -0.101278 0.583588 -0.220904 0.342178 -0.033480 -0.228527 -0.262216 -0.691997 0.177795 -0.028344 -0.568051 -0.571771 -0.084837 1.117776 0.513004 0.079242 -0.101119 -0.212680 0.095964 0.826630 0.135144 -0.239470 0.022246 -0.353088 -0.626870 -0.408563 -0.146201 -0.091146 1.131204 0.382877 -0.095967 0.227965 0.481760 2.070073 -0.102614 -0.390353 0.089715 -0.395512 1.225335 0.291518 1.776092 -0.111126 0.058868 -0.113760 -0.060696 -0.103573 -0.035534 -0.738808 1.719817 -0.149066 -0.121300 0.324712 0.743401 -0.696526 0.240442 -0.213281 0.315282 -1.007409 0.587443 0.169787 0.017970 -0.325711 0.978928 -0.656629 -0.055094 -0.615057 -1.474215 -0.071050 0.447454 -0.768576 0.284805 -0.857592 0.089656 0.184606 -0.731334 0.200866 0.398348 0.136595 0.102112 0.106914 0.122858 0.599589 0.434460 0.071271 0.137709
9 -0.663400 -0.104915 1.500650 -0.852317 -0.387708 0.127300 0.311610 0.259227 0.332351 0.442433 0.642443 -0.018077 0.276699 0.111327 0.092473 -0.292724 -0.535687 1.513789 -0.014915 -0.800484 0.113847 1.459744 -0.248601 -0.400330 0.015311 0.770908 -0.337623 -0.667681 1.271015 -0.264347 0.016128 -1.013604 -0.527842 -0.304667 0.330577 1.202715 -1.419983 -0.033445 0.094833 0.094115 0.480419 1.123663 -0.095222 -0.253924 -0.157088 -0.406376 -0.252505 -0.477052 0.050879 -0.276424 -0.193443 0.879372 0.008364 -0.101732 -1.047733 -0.441021 0.266053 0.092782 -0.618273 -1.777499 -0.120470 -0.442822 -1.557090 -0.132799 0.499259 -0.288800 -1.597056 0.134223 0.259531 0.435417 1.047543 -0.043340 0.172238 -1.330276 0.135133 0.797433 0.112281 0.063432 0.714153 -0.093375 0.820322 0.165661 0.095476 -0.099661 -0.364915 -0.661639 0.031942 -0.099476 0.584708 -0.218367 0.339023 -0.033301 -0.224556 -0.261804 -0.686971 0.175211 -0.024143 -0.565805 -0.572820 -0.083446 1.110036 0.510544 0.077861 -0.099320 -0.213758 0.097750 0.826512 0.134570 -0.242640 0.020652 -0.347975 -0.625034 -0.403908 -0.149623 -0.093067 1.123314 0.378667 -0.096907 0.224361 0.483261 2.056059 -0.100964 -0.390141 0.091520 -0.398502 1.220563 0.289886 1.763656 -0.109157 0.059449 -0.111805 -0.058731 -0.102439 -0.036356 -0.738134 1.707838 -0.152985 -0.117207 0.327645 0.737432 -0.689844 0.235764 -0.216390 0.311267 -1.000469 0.581760 0.168046 0.014475 -0.321348 0.977061 -0.650363 -0.053059 -0.613110 -1.463930 -0.069292 0.450059 -0.769109 0.282306 -0.851567 0.088347 0.187637 -0.725372 0.203960 0.394928 0.139777 0.098416 0.105815 0.119129 0.595992 0.429440 0.072694 0.134058
10 -0.665450 -0.102532 1.517868 -0.859195 -0.383483 0.125564 0.309525 0.260993 0.333042 0.444455 0.646494 -0.015660 0.276879 0.112113 0.090211 -0.297875 -0.533507 1.532292 -0.013657 -0.806721 0.114411 1.477081 -0.245927 -0.396580 0.011287 0.778015 -0.332490 -0.677465 1.285506 -0.264804 0.011089 -1.021863 -0.531474 -0.298433 0.336214 1.203884 -1.436223 -0.030670 0.092566 0.097405 0.486848 1.133526 -0.090571 -0.248944 -0.157120 -0.409982 -0.253629 -0.478850 0.046082 -0.279087 -0.193694 0.886340 0.009892 -0.098570 -1.056841 -0.443188 0.269588 0.091898 -0.625760 -1.796911 -0.118577 -0.450128 -1.574574 -0.129653 0.502419 -0.290291 -1.615449 0.135047 0.262056 0.440689 1.056617 -0.045047 0.172962 -1.344168 0.136216 0.795171 0.108644 0.061989 0.716086 -0.094710 0.825383 0.169415 0.096083 -0.098020 -0.366213 -0.660285 0.029506 -0.100538 0.582617 -0.219041 0.340118 -0.033265 -0.227085 -0.260387 -0.696362 0.175618 -0.029244 -0.570300 -0.568463 -0.084435 1.119901 0.518585 0.078840 -0.099440 -0.214804 0.097028 0.825003 0.134039 -0.238314 0.024186 -0.353617 -0.627096 -0.409844 -0.144153 -0.089803 1.133395 0.380960 -0.093636 0.226417 0.480065 2.078737 -0.101963 -0.392570 0.090726 -0.393818 1.231093 0.295949 1.784907 -0.109733 0.055439 -0.112325 -0.059896 -0.108079 -0.031316 -0.736931 1.727614 -0.147878 -0.120893 0.323020 0.743253 -0.698365 0.240807 -0.212682 0.314699 -1.008323 0.587530 0.167458 0.017045 -0.325584 0.977202 -0.658138 -0.056505 -0.615515 -1.480267 -0.070065 0.445299 -0.766197 0.283156 -0.857540 0.089473 0.185186 -0.735552 0.201154 0.397616 0.137485 0.100535 0.105720 0.121843 0.604921 0.434963 0.070334 0.136125
11 -0.668932 -0.104062 1.501214 -0.847497 -0.399153 0.136453 0.323213 0.252428 0.326333 0.434669 0.647091 -0.028696 0.273880 0.105885 0.104080 -0.282775 -0.548235 1.516364 -0.005361 -0.794897 0.108528 1.461323 -0.260837 -0.412044 0.023904 0.776250 -0.348415 -0.667727 1.270382 -0.260397 0.027367 -1.009658 -0.532547 -0.315717 0.326837 1.210901 -1.420410 -0.045068 0.106475 0.083209 0.473648 1.121204 -0.097449 -0.265995 -0.150105 -0.397029 -0.246179 -0.469997 0.052790 -0.267015 -0.196145 0.874204 -0.002026 -0.107731 -1.044150 -0.445598 0.268959 0.101947 -0.612535 -1.780078 -0.131106 -0.445594 -1.558135 -0.138198 0.491566 -0.282973 -1.599143 0.127484 0.253901 0.427145 1.044689 -0.039588 0.166000 -1.329908 0.124437 0.809879 0.112283 0.058097 0.719960 -0.088665 0.827229 0.154788 0.089323 -0.106668 -0.357379 -0.672315 0.043422 -0.094121 0.597255 -0.211209 0.332190 -0.033022 -0.214310 -0.265514 -0.685518 0.168063 -0.013045 -0.570036 -0.583683 -0.080023 1.107377 0.514150 0.074062 -0.093783 -0.223320 0.107530 0.839860 0.133935 -0.254531 0.016204 -0.338501 -0.629693 -0.397095 -0.160595 -0.100959 1.120693 0.370365 -0.100654 0.214844 0.495142 2.060479 -0.095538 -0.399224 0.100831 -0.410945 1.231728 0.291882 1.766908 -0.102352 0.060785 -0.104433 -0.050705 -0.102853 -0.037315 -0.749470 1.710508 -0.165151 -0.105436 0.339482 0.731605 -0.682414 0.225000 -0.228161 0.302684 -0.996763 0.573550 0.163211 0.003615 -0.312613 0.986779 -0.643581 -0.047331 -0.617091 -1.464625 -0.063345 0.462364 -0.782022 0.276805 -0.846898 0.085101 0.199736 -0.722589 0.216186 0.389341 0.152021 0.087455 0.102899 0.109040 0.597193 0.420846 0.078545 0.123318
12 -0.660863 -0.104550 1.504780 -0.855398 -0.381051 0.123007 0.305792 0.261971 0.334374 0.445550 0.641093 -0.012895 0.277160 0.113348 0.086772 -0.298287 -0.529072 1.517683 -0.018092 -0.803740 0.115705 1.463610 -0.242227 -0.393727 0.010557 0.770099 -0.330978 -0.669921 1.274831 -0.265458 0.009624 -1.016558 -0.526501 -0.297248 0.333094 1.198629 -1.423874 -0.027575 0.089122 0.099637 0.484804 1.126542 -0.092951 -0.246639 -0.159508 -0.410656 -0.254833 -0.479633 0.048843 -0.280870 -0.192074 0.882544 0.012980 -0.098189 -1.050829 -0.439190 0.265683 0.088891 -0.622412 -1.781559 -0.115470 -0.443001 -1.561176 -0.129565 0.502545 -0.290928 -1.601031 0.136763 0.261921 0.440229 1.050345 -0.045130 0.174414 -1.333693 0.139553 0.790922 0.110925 0.064902 0.711414 -0.095214 0.818312 0.171248 0.097646 -0.096049 -0.367679 -0.656474 0.026346 -0.101565 0.578025 -0.220852 0.341393 -0.033221 -0.229160 -0.259879 -0.689347 0.177784 -0.030515 -0.564800 -0.566277 -0.084856 1.113013 0.510567 0.079370 -0.101236 -0.210050 0.093759 0.819797 0.134317 -0.235822 0.023203 -0.353414 -0.622860 -0.408145 -0.142947 -0.088867 1.126374 0.382228 -0.094504 0.228415 0.476836 2.060454 -0.102940 -0.386920 0.087553 -0.390988 1.218537 0.290139 1.768092 -0.111635 0.057784 -0.114388 -0.061980 -0.103590 -0.034765 -0.732578 1.712091 -0.145720 -0.123070 0.320587 0.740757 -0.694898 0.241613 -0.209884 0.315231 -1.003177 0.586217 0.169288 0.019783 -0.325740 0.971927 -0.654996 -0.056115 -0.611244 -1.467771 -0.071518 0.442583 -0.761967 0.284041 -0.854119 0.089682 0.181527 -0.728858 0.197583 0.397325 0.133761 0.103468 0.106571 0.123972 0.596991 0.434203 0.069514 0.138863
13 -0.690712 -0.103832 1.493037 -0.832032 -0.443464 0.167773 0.364365 0.232081 0.310075 0.412663 0.662481 -0.064743 0.268682 0.089561 0.143770 -0.247707 -0.594538 1.512337 0.021717 -0.777379 0.093037 1.455572 -0.304686 -0.456758 0.055505 0.791114 -0.391713 -0.661492 1.260508 -0.250541 0.069101 -0.996657 -0.547594 -0.361745 0.313127 1.244085 -1.412570 -0.085021 0.146320 0.045897 0.448875 1.111258 -0.109657 -0.312873 -0.130046 -0.367830 -0.228013 -0.450875 0.063423 -0.236763 -0.207179 0.858024 -0.035533 -0.130808 -1.031278 -0.462199 0.276265 0.131463 -0.590894 -1.776619 -0.166956 -0.451305 -1.551174 -0.159488 0.468913 -0.266607 -1.594459 0.107437 0.236805 0.398211 1.034054 -0.026276 0.148253 -1.322179 0.091413 0.856849 0.117579 0.043510 0.743124 -0.074207 0.849424 0.117841 0.071710 -0.131774 -0.336398 -0.711280 0.082386 -0.077681 0.644175 -0.191271 0.313516 -0.032958 -0.182004 -0.279756 -0.677483 0.147313 0.027737 -0.583144 -0.627472 -0.068756 1.096639 0.522069 0.061917 -0.077552 -0.253325 0.138482 0.889213 0.134513 -0.299453 -0.000125 -0.304876 -0.648571 -0.372519 -0.203338 -0.129703 1.109837 0.345517 -0.115945 0.185519 0.539826 2.059966 -0.079537 -0.427403 0.131059 -0.459766 1.262058 0.295558 1.763107 -0.082656 0.069205 -0.083326 -0.025792 -0.099778 -0.044583 -0.791328 1.706214 -0.211666 -0.065606 0.385570 0.713371 -0.654673 0.187187 -0.271710 0.275388 -0.984953 0.546224 0.150967 -0.033068 -0.283478 1.025448 -0.618409 -0.027097 -0.633717 -1.457685 -0.045461 0.511253 -0.832090 0.262329 -0.833492 0.074493 0.242119 -0.708511 0.259667 0.372875 0.193971 0.051667 0.095471 0.075930 0.597966 0.391066 0.099960 0.088797
14 -0.675222 -0.103468 1.534156 -0.865524 -0.395810 0.133122 0.320953 0.259656 0.333694 0.444841 0.655903 -0.023487 0.278852 0.110667 0.099065 -0.293621 -0.548070 1.549861 -0.007152 -0.811896 0.113114 1.493533 -0.257029 -0.409187 0.017635 0.789190 -0.343733 -0.685294 1.298430 -0.266106 0.019402 -1.030328 -0.539612 -0.309759 0.337573 1.222431 -1.451540 -0.039213 0.101432 0.090467 0.487444 1.144284 -0.093063 -0.260336 -0.155257 -0.407673 -0.252888 -0.479653 0.047586 -0.275870 -0.196868 0.892475 0.002680 -0.103700 -1.065877 -0.450511 0.273877 0.098989 -0.628499 -1.817304 -0.127442 -0.457097 -1.591688 -0.134699 0.502569 -0.290075 -1.633598 0.132424 0.261284 0.439459 1.066250 -0.044030 0.171249 -1.358203 0.130710 0.812736 0.110493 0.060798 0.726609 -0.093239 0.837688 0.163388 0.093249 -0.103841 -0.365159 -0.675445 0.037765 -0.098887 0.597995 -0.216891 0.339823 -0.033638 -0.222455 -0.265684 -0.703035 0.173753 -0.021513 -0.578698 -0.582540 -0.084413 1.130319 0.526353 0.078361 -0.098109 -0.223489 0.104587 0.843159 0.135779 -0.249287 0.021712 -0.350273 -0.636049 -0.409303 -0.153747 -0.096305 1.143958 0.379978 -0.097261 0.222581 0.493613 2.102978 -0.100042 -0.402817 0.097929 -0.406834 1.249593 0.300819 1.805508 -0.106469 0.056934 -0.108793 -0.054990 -0.109674 -0.031817 -0.752987 1.747257 -0.158403 -0.113571 0.334835 0.747481 -0.700147 0.235320 -0.223138 0.312482 -1.016974 0.587903 0.167484 0.009969 -0.323305 0.994127 -0.660210 -0.053482 -0.623973 -1.496141 -0.067679 0.458772 -0.783486 0.283347 -0.864088 0.089408 0.195356 -0.741388 0.211908 0.398412 0.147434 0.094320 0.105872 0.116290 0.612534 0.433343 0.075212 0.130497
15 -0.689444 -0.106720 1.505190 -0.844027 -0.436982 0.160772 0.356828 0.241000 0.319991 0.424550 0.662649 -0.055919 0.274539 0.096863 0.133887 -0.258495 -0.588134 1.522584 0.013465 -0.789576 0.100214 1.466366 -0.295714 -0.450108 0.048518 0.791480 -0.385274 -0.667489 1.271487 -0.257793 0.059600 -1.008896 -0.546636 -0.354934 0.318952 1.247788 -1.424045 -0.074989 0.136357 0.056057 0.459011 1.123319 -0.109170 -0.304433 -0.139460 -0.379277 -0.236984 -0.461864 0.062572 -0.247988 -0.204952 0.870153 -0.026598 -0.126489 -1.043442 -0.460658 0.274847 0.124007 -0.601211 -1.789438 -0.159007 -0.451875 -1.563434 -0.156097 0.480053 -0.274967 -1.605957 0.115354 0.244041 0.409101 1.045727 -0.031503 0.156085 -1.333876 0.102658 0.853750 0.119761 0.051522 0.742135 -0.080022 0.848469 0.128636 0.078249 -0.126192 -0.346439 -0.709049 0.072273 -0.084568 0.638604 -0.199938 0.323430 -0.033765 -0.192969 -0.279127 -0.684020 0.156873 0.018016 -0.583040 -0.623557 -0.074592 1.108727 0.521791 0.067752 -0.085343 -0.246393 0.130687 0.884998 0.136905 -0.291052 0.003727 -0.315661 -0.647974 -0.381539 -0.195311 -0.123928 1.121993 0.356987 -0.113909 0.196076 0.533858 2.073259 -0.085958 -0.422553 0.123467 -0.452048 1.259653 0.295598 1.774926 -0.089787 0.069183 -0.090935 -0.033171 -0.099591 -0.044398 -0.788542 1.718233 -0.202366 -0.076555 0.377891 0.725137 -0.666564 0.198170 -0.262955 0.285979 -0.997083 0.558269 0.158784 -0.022894 -0.294287 1.024979 -0.629655 -0.032463 -0.633625 -1.469292 -0.052539 0.504203 -0.827622 0.270662 -0.845371 0.079847 0.232526 -0.716564 0.250460 0.381608 0.184112 0.062749 0.100307 0.085956 0.601140 0.402039 0.095664 0.099977
16 -0.662436 -0.104992 1.541450 -0.879366 -0.365476 0.110860 0.291572 0.275649 0.347391 0.463624 0.646280 0.003439 0.284239 0.122838 0.069455 -0.320484 -0.515815 1.553205 -0.028575 -0.827384 0.124755 1.498479 -0.225271 -0.378432 -0.004535 0.778972 -0.314582 -0.687994 1.306754 -0.274431 -0.011039 -1.042479 -0.529829 -0.278250 0.347382 1.203826 -1.458471 -0.009084 0.071760 0.118634 0.506716 1.153902 -0.086752 -0.227150 -0.171064 -0.430895 -0.267378 -0.496335 0.042291 -0.299863 -0.190376 0.907072 0.028168 -0.088159 -1.077680 -0.440081 0.268141 0.077183 -0.645650 -1.821688 -0.101081 -0.451463 -1.598250 -0.121048 0.521342 -0.303349 -1.638201 0.147854 0.274389 0.462332 1.076242 -0.052628 0.185177 -1.365551 0.156513 0.781960 0.108935 0.072106 0.713120 -0.103641 0.823503 0.191874 0.107025 -0.086133 -0.382847 -0.650165 0.008547 -0.110957 0.565689 -0.233148 0.355381 -0.033929 -0.247928 -0.257440 -0.708833 0.190090 -0.051528 -0.570040 -0.554015 -0.091980 1.140414 0.519085 0.086683 -0.110316 -0.201138 0.081772 0.810290 0.136216 -0.217394 0.032582 -0.376059 -0.625227 -0.428184 -0.123797 -0.076549 1.154210 0.400406 -0.087591 0.245652 0.463208 2.105433 -0.111961 -0.382359 0.075815 -0.372716 1.228501 0.296558 1.809202 -0.122046 0.053045 -0.125237 -0.073573 -0.109530 -0.029067 -0.725798 1.751639 -0.124939 -0.143623 0.302708 0.763560 -0.721781 0.263765 -0.191978 0.333580 -1.028237 0.609754 0.177423 0.037618 -0.345447 0.970237 -0.680022 -0.067517 -0.614612 -1.502673 -0.081008 0.425249 -0.750427 0.295347 -0.876556 0.096500 0.164250 -0.751857 0.180066 0.411920 0.116148 0.121774 0.111806 0.141947 0.610807 0.456129 0.060408 0.156978
17 -0.659839 -0.104354 1.531596 -0.873332 -0.365520 0.111669 0.291842 0.273064 0.344376 0.459709 0.643363 0.001872 0.282172 0.121171 0.071009 -0.317070 -0.515116 1.543517 -0.027420 -0.821611 0.123112 1.489033 -0.226147 -0.378408 -0.003099 0.775249 -0.314888 -0.683467 1.298397 -0.272170 -0.008989 -1.035651 -0.527585 -0.278999 0.344623 1.198309 -1.449180 -0.010934 0.073314 0.116376 0.502490 1.146431 -0.086848 -0.228177 -0.168901 -0.427199 -0.264849 -0.492519 0.042673 -0.296675 -0.189903 0.900943 0.026584 -0.088724 -1.070625 -0.438333 0.267071 0.078120 -0.640766 -1.810363 -0.102039 -0.448964 -1.588137 -0.121284 0.517362 -0.300753 -1.627951 0.146053 0.272028 0.458327 1.069271 -0.051501 0.183209 -1.356850 0.154049 0.779537 0.108405 0.070636 0.710297 -0.102275 0.819996 0.189046 0.105598 -0.086735 -0.379743 -0.647816 0.010327 -0.109397 0.564581 -0.230900 0.352387 -0.033661 -0.245023 -0.256497 -0.704146 0.187805 -0.049276 -0.567437 -0.552853 -0.090621 1.133024 0.516445 0.085362 -0.108641 -0.201353 0.082716 0.807950 0.135332 -0.218388 0.031563 -0.372397 -0.622661 -0.424568 -0.125108 -0.077426 1.146709 0.396826 -0.087865 0.242855 0.462668 2.092537 -0.110494 -0.381385 0.076763 -0.373136 1.223208 0.294844 1.797882 -0.120457 0.053147 -0.123594 -0.072171 -0.108664 -0.029467 -0.723338 1.740690 -0.126464 -0.141124 0.303325 0.758154 -0.716296 0.260689 -0.193064 0.330290 -1.021518 0.604981 0.175537 0.035572 -0.341994 0.966538 -0.674854 -0.066153 -0.611992 -1.493185 -0.079541 0.425324 -0.748539 0.292828 -0.870684 0.095220 0.165437 -0.746666 0.181150 0.408736 0.117520 0.119333 0.110606 0.139483 0.607143 0.452191 0.060971 0.154428
18 -0.690003 -0.103457 1.508010 -0.841684 -0.435208 0.161684 0.357152 0.238010 0.315339 0.419991 0.663816 -0.057153 0.271359 0.093864 0.135708 -0.257476 -0.587329 1.526973 0.017063 -0.786912 0.097112 1.469897 -0.296424 -0.448650 0.048067 0.794296 -0.383031 -0.669733 1.273664 -0.254181 0.059384 -1.007031 -0.548296 -0.352065 0.319640 1.243598 -1.426715 -0.076556 0.138215 0.054549 0.458308 1.122196 -0.105848 -0.303267 -0.135003 -0.376536 -0.233360 -0.457541 0.059533 -0.244888 -0.205848 0.867885 -0.028584 -0.125593 -1.042099 -0.461742 0.277278 0.125842 -0.600743 -1.792679 -0.160023 -0.455289 -1.566220 -0.154777 0.476730 -0.271850 -1.609564 0.112387 0.242337 0.407631 1.044463 -0.030048 0.152949 -1.335064 0.098852 0.850700 0.115851 0.046570 0.742339 -0.078179 0.850442 0.126960 0.075890 -0.126811 -0.342608 -0.706522 0.074166 -0.082017 0.637212 -0.196485 0.319292 -0.033205 -0.190143 -0.277622 -0.685965 0.152618 0.017965 -0.584791 -0.620121 -0.072146 1.107646 0.526036 0.065407 -0.081610 -0.248954 0.132662 0.882928 0.135066 -0.290352 0.004649 -0.314829 -0.648326 -0.381275 -0.193868 -0.123380 1.121002 0.353085 -0.112135 0.193009 0.532279 2.077833 -0.083695 -0.424718 0.125368 -0.450467 1.265050 0.298796 1.779872 -0.087224 0.066224 -0.088174 -0.031237 -0.103188 -0.041081 -0.786288 1.722241 -0.201695 -0.074979 0.376503 0.722567 -0.666211 0.197193 -0.262951 0.283463 -0.994940 0.556210 0.154349 -0.024935 -0.292221 1.022443 -0.629076 -0.032693 -0.634027 -1.471871 -0.049837 0.502160 -0.824883 0.267019 -0.842438 0.077765 0.233870 -0.718472 0.251264 0.378981 0.185717 0.059829 0.097694 0.083867 0.604247 0.400683 0.095308 0.096879
19 -0.662854 -0.103053 1.524045 -0.865353 -0.375306 0.119259 0.301628 0.266303 0.337877 0.450951 0.645046 -0.007962 0.279165 0.116136 0.081803 -0.306299 -0.525191 1.537470 -0.019683 -0.813173 0.118286 1.482539 -0.237188 -0.388380 0.004727 0.776888 -0.324509 -0.680501 1.291342 -0.267982 0.002236 -1.027910 -0.529713 -0.289724 0.340144 1.200824 -1.442083 -0.022036 0.084138 0.105676 0.493697 1.139236 -0.088520 -0.239746 -0.162210 -0.417601 -0.258522 -0.484686 0.044168 -0.286618 -0.191988 0.892703 0.017193 -0.094058 -1.062912 -0.441006 0.268571 0.085728 -0.632339 -1.802909 -0.111231 -0.450016 -1.580663 -0.125701 0.508959 -0.294873 -1.621122 0.139906 0.266567 0.448294 1.062220 -0.048036 0.177477 -1.349862 0.143940 0.787763 0.108230 0.065671 0.713371 -0.098178 0.822901 0.177992 0.100328 -0.093008 -0.372045 -0.654320 0.021122 -0.104511 0.574467 -0.224216 0.345424 -0.033471 -0.234887 -0.258318 -0.700078 0.180901 -0.038045 -0.569061 -0.561132 -0.087213 1.125697 0.518078 0.081796 -0.103480 -0.208863 0.090577 0.817079 0.134544 -0.229464 0.027681 -0.361883 -0.625042 -0.416350 -0.135648 -0.084065 1.139281 0.387749 -0.090776 0.233569 0.472124 2.084857 -0.105834 -0.387598 0.084452 -0.384603 1.227617 0.295866 1.790810 -0.114474 0.054070 -0.117363 -0.065452 -0.108760 -0.030022 -0.730530 1.733510 -0.138433 -0.129797 0.314221 0.749690 -0.706362 0.249531 -0.203997 0.321669 -1.014107 0.595239 0.170947 0.025137 -0.332906 0.972141 -0.665528 -0.060953 -0.613917 -1.486098 -0.074308 0.436316 -0.758017 0.287370 -0.863269 0.092090 0.176516 -0.740657 0.192321 0.402488 0.128739 0.108697 0.107851 0.129531 0.606352 0.442627 0.066074 0.144106
20 -0.696794 -0.103272 1.451658 -0.800824 -0.475812 0.192087 0.394306 0.209949 0.290095 0.385171 0.662573 -0.095187 0.258949 0.073369 0.176563 -0.211486 -0.625225 1.473773 0.043013 -0.745746 0.077584 1.416997 -0.338466 -0.488934 0.082945 0.787208 -0.424457 -0.640183 1.223367 -0.237184 0.106003 -0.964283 -0.549562 -0.398116 0.292854 1.250423 -1.373450 -0.119135 0.179213 0.012184 0.416645 1.078584 -0.120614 -0.350226 -0.110260 -0.335514 -0.207857 -0.425927 0.074228 -0.205512 -0.212873 0.825928 -0.063944 -0.149780 -0.998028 -0.467196 0.276379 0.154744 -0.558399 -1.733395 -0.195293 -0.444366 -1.509809 -0.176208 0.440469 -0.247230 -1.553874 0.088160 0.217143 0.364262 1.002634 -0.013433 0.130134 -1.285829 0.061228 0.883256 0.121437 0.030362 0.749541 -0.059828 0.852067 0.082531 0.055108 -0.151382 -0.312394 -0.732068 0.115442 -0.061562 0.674043 -0.170680 0.291583 -0.032122 -0.150197 -0.287572 -0.653843 0.126473 0.064685 -0.582360 -0.656082 -0.057017 1.063642 0.515907 0.049620 -0.061814 -0.273811 0.162645 0.917043 0.132465 -0.335059 -0.016105 -0.268686 -0.652731 -0.342310 -0.238872 -0.153210 1.076350 0.316960 -0.128775 0.156384 0.570288 2.012884 -0.063921 -0.442605 0.154622 -0.496487 1.262967 0.290014 1.718851 -0.064213 0.077261 -0.063840 -0.004200 -0.092381 -0.053305 -0.813581 1.663346 -0.250304 -0.029261 0.420930 0.682364 -0.616121 0.149976 -0.306312 0.245793 -0.953903 0.511214 0.137586 -0.065355 -0.251871 1.040980 -0.582747 -0.007548 -0.635960 -1.418540 -0.028682 0.546976 -0.862204 0.244780 -0.804553 0.063306 0.275775 -0.679082 0.293954 0.351200 0.227879 0.019163 0.087033 0.044745 0.583492 0.356945 0.117404 0.056907
21 -0.691771 -0.104507 1.467119 -0.815122 -0.458309 0.178693 0.377443 0.221698 0.300969 0.399701 0.660232 -0.078532 0.264092 0.082270 0.158318 -0.230130 -0.607701 1.487061 0.030327 -0.760616 0.086121 1.430804 -0.319634 -0.471325 0.068711 0.785759 -0.407172 -0.647667 1.237646 -0.244342 0.086539 -0.978520 -0.546436 -0.379169 0.301800 1.245138 -1.388048 -0.100370 0.160906 0.030380 0.432156 1.092231 -0.116179 -0.330181 -0.121520 -0.352371 -0.218746 -0.439070 0.070012 -0.222193 -0.209291 0.840686 -0.048173 -0.140024 -1.012396 -0.462959 0.274602 0.141582 -0.573507 -1.748836 -0.179540 -0.444769 -1.525130 -0.167765 0.455082 -0.257434 -1.568321 0.098821 0.227087 0.381299 1.015941 -0.020060 0.140070 -1.299835 0.078097 0.868043 0.120581 0.038421 0.744327 -0.067445 0.847692 0.101356 0.064294 -0.140621 -0.325313 -0.719934 0.097174 -0.070315 0.656913 -0.182029 0.303398 -0.032573 -0.167343 -0.283407 -0.662827 0.138166 0.045281 -0.580401 -0.640633 -0.063257 1.077501 0.515490 0.056185 -0.070721 -0.261384 0.148962 0.900664 0.133630 -0.315847 -0.008461 -0.287051 -0.648839 -0.356912 -0.220249 -0.140922 1.090398 0.332086 -0.122652 0.172098 0.553401 2.029034 -0.072374 -0.432553 0.141318 -0.476537 1.257013 0.290276 1.734157 -0.074477 0.074286 -0.074683 -0.016081 -0.094111 -0.050441 -0.800435 1.678500 -0.229625 -0.048803 0.401898 0.697135 -0.634373 0.169366 -0.287470 0.261194 -0.967535 0.528607 0.145295 -0.047692 -0.268119 1.030945 -0.599572 -0.017271 -0.633027 -1.433085 -0.037957 0.527631 -0.845097 0.254186 -0.817856 0.069170 0.256989 -0.691148 0.274882 0.362150 0.208897 0.037039 0.091772 0.061567 0.587380 0.374078 0.108223 0.074379
22 -0.664514 -0.103720 1.526793 -0.867308 -0.377305 0.119993 0.303079 0.266994 0.339081 0.452273 0.646529 -0.008538 0.280275 0.116604 0.082566 -0.306280 -0.527449 1.540032 -0.019663 -0.815014 0.118786 1.485106 -0.238533 -0.390307 0.005428 0.778449 -0.326324 -0.681651 1.293604 -0.269036 0.003147 -1.030157 -0.530867 -0.291660 0.340690 1.204567 -1.444662 -0.022763 0.084886 0.105301 0.494424 1.141680 -0.089312 -0.241420 -0.162895 -0.418184 -0.259350 -0.486084 0.044736 -0.287145 -0.192404 0.894652 0.016878 -0.094789 -1.065163 -0.442112 0.268945 0.086218 -0.633382 -1.806169 -0.112050 -0.450844 -1.583481 -0.126522 0.510091 -0.295769 -1.623947 0.140297 0.267158 0.448910 1.064511 -0.048235 0.178073 -1.352450 0.144156 0.790866 0.109148 0.066370 0.715222 -0.098465 0.824717 0.177783 0.100620 -0.093617 -0.373045 -0.656876 0.021714 -0.104872 0.576905 -0.224891 0.346506 -0.033654 -0.235143 -0.259358 -0.701379 0.181593 -0.037304 -0.570283 -0.563739 -0.087705 1.128090 0.518924 0.082222 -0.104033 -0.209559 0.091072 0.820101 0.135190 -0.230952 0.027455 -0.361991 -0.626621 -0.416834 -0.136993 -0.084875 1.141671 0.388759 -0.091420 0.233996 0.474236 2.088513 -0.106161 -0.388663 0.084955 -0.386658 1.229878 0.296348 1.793820 -0.114755 0.054669 -0.117648 -0.065352 -0.108592 -0.030506 -0.733205 1.736484 -0.139884 -0.129373 0.316005 0.751355 -0.707215 0.249347 -0.205306 0.322140 -1.016415 0.596143 0.171855 0.024747 -0.333281 0.975281 -0.666469 -0.060796 -0.615444 -1.488765 -0.074604 0.438536 -0.761030 0.288382 -0.865372 0.092526 0.177571 -0.741804 0.193622 0.403512 0.129694 0.108641 0.108449 0.129444 0.607511 0.443037 0.066667 0.144189
23 -0.663268 -0.103351 1.523128 -0.864705 -0.376211 0.119978 0.302340 0.265742 0.337496 0.450480 0.645181 -0.008574 0.278864 0.115605 0.082414 -0.305655 -0.525985 1.536526 -0.019239 -0.812555 0.117766 1.481615 -0.237866 -0.389226 0.005532 0.776738 -0.325442 -0.679496 1.290442 -0.267621 0.002955 -1.027212 -0.529874 -0.290535 0.339332 1.201703 -1.441181 -0.022626 0.084762 0.105067 0.493042 1.138495 -0.089313 -0.240483 -0.161770 -0.416894 -0.258022 -0.484280 0.044986 -0.286133 -0.192266 0.892052 0.016616 -0.094726 -1.062179 -0.441240 0.268476 0.086351 -0.631661 -1.802107 -0.111908 -0.449279 -1.579800 -0.126440 0.508360 -0.294374 -1.620231 0.139369 0.265932 0.447750 1.061481 -0.047434 0.176973 -1.349034 0.143391 0.788887 0.108647 0.065373 0.713827 -0.097588 0.823203 0.177397 0.099820 -0.093524 -0.371604 -0.655367 0.021745 -0.103944 0.575246 -0.223722 0.344936 -0.033394 -0.234317 -0.258979 -0.699143 0.180415 -0.037336 -0.569048 -0.562205 -0.086722 1.124959 0.517364 0.081270 -0.103004 -0.209299 0.091274 0.818107 0.134469 -0.230226 0.026939 -0.361195 -0.625360 -0.415667 -0.136481 -0.084874 1.138537 0.387250 -0.091432 0.232993 0.473044 2.084094 -0.105251 -0.387978 0.085093 -0.385357 1.227856 0.295154 1.789862 -0.114003 0.054729 -0.116788 -0.064778 -0.108013 -0.030877 -0.731539 1.732647 -0.139139 -0.129072 0.315021 0.749111 -0.705539 0.248805 -0.204721 0.320929 -1.013416 0.594529 0.170558 0.024526 -0.332140 0.972888 -0.664778 -0.060195 -0.614107 -1.485217 -0.073734 0.437165 -0.759058 0.286908 -0.862620 0.091585 0.177165 -0.739770 0.192989 0.401973 0.129351 0.108122 0.107559 0.128987 0.605371 0.441866 0.066650 0.143474
24 -0.662243 -0.103711 1.543586 -0.879362 -0.364541 0.110653 0.291486 0.275288 0.346464 0.462552 0.646690 0.003136 0.283700 0.122622 0.069918 -0.320374 -0.515425 1.555932 -0.027500 -0.827176 0.124508 1.500883 -0.225399 -0.377677 -0.005277 0.780321 -0.313401 -0.690305 1.308582 -0.273894 -0.011285 -1.042742 -0.530328 -0.277170 0.348550 1.202001 -1.460532 -0.009572 0.072213 0.118297 0.506981 1.154532 -0.084840 -0.226691 -0.170222 -0.430545 -0.266843 -0.495363 0.040352 -0.299020 -0.190274 0.907039 0.027640 -0.087376 -1.078161 -0.440297 0.269129 0.077394 -0.646082 -1.823897 -0.101214 -0.453779 -1.600340 -0.119971 0.520834 -0.302957 -1.640588 0.147469 0.274557 0.462025 1.076816 -0.053088 0.184766 -1.367068 0.155551 0.780500 0.107329 0.071104 0.712783 -0.103838 0.824003 0.191426 0.106738 -0.086059 -0.381954 -0.648857 0.009009 -0.110894 0.565205 -0.232473 0.354612 -0.033906 -0.247248 -0.256299 -0.710718 0.189328 -0.051714 -0.570811 -0.552362 -0.092068 1.141066 0.521629 0.086794 -0.109850 -0.201863 0.081942 0.809241 0.135801 -0.217001 0.033629 -0.376088 -0.625062 -0.428572 -0.123020 -0.075708 1.154863 0.399499 -0.086377 0.245009 0.462310 2.108006 -0.111961 -0.383060 0.076010 -0.372130 1.230280 0.298696 1.812109 -0.121592 0.051344 -0.124860 -0.073482 -0.111718 -0.026911 -0.724598 1.754143 -0.124668 -0.143403 0.302070 0.763260 -0.722389 0.263782 -0.191798 0.333492 -1.028450 0.609711 0.176665 0.037160 -0.345500 0.969121 -0.680446 -0.068311 -0.614609 -1.504653 -0.080848 0.424380 -0.749144 0.294816 -0.876438 0.096691 0.164556 -0.753517 0.180270 0.411666 0.116611 0.121051 0.111464 0.141415 0.613321 0.456311 0.059912 0.156322
25 -0.687126 -0.106298 1.504844 -0.844206 -0.431588 0.157851 0.352124 0.242020 0.320218 0.425546 0.660814 -0.052085 0.273851 0.097384 0.129653 -0.262078 -0.582417 1.521965 0.011283 -0.790058 0.100600 1.465840 -0.290674 -0.444665 0.045374 0.789555 -0.380057 -0.666716 1.271375 -0.257432 0.054772 -1.008721 -0.545060 -0.348981 0.319555 1.243126 -1.423672 -0.070579 0.132133 0.059969 0.461040 1.122734 -0.107927 -0.298591 -0.140259 -0.381460 -0.237620 -0.462560 0.061708 -0.250568 -0.204164 0.870502 -0.023266 -0.124102 -1.043298 -0.458896 0.274175 0.121318 -0.602788 -1.788614 -0.155195 -0.450452 -1.562969 -0.154006 0.481224 -0.275467 -1.605325 0.116473 0.244785 0.411780 1.045234 -0.031814 0.156822 -1.333286 0.105385 0.847758 0.118673 0.051582 0.739590 -0.080511 0.846108 0.132494 0.079289 -0.123683 -0.347571 -0.704230 0.068190 -0.085185 0.632619 -0.201011 0.324032 -0.033511 -0.195839 -0.277717 -0.683744 0.157766 0.013355 -0.581441 -0.618009 -0.074500 1.108255 0.520277 0.067792 -0.085710 -0.243526 0.127993 0.878821 0.136165 -0.285677 0.004984 -0.319009 -0.645867 -0.383669 -0.190215 -0.121167 1.121570 0.358527 -0.112379 0.198374 0.528477 2.072354 -0.086591 -0.419697 0.120806 -0.445827 1.256703 0.294540 1.774342 -0.091120 0.068385 -0.092219 -0.035063 -0.099553 -0.044005 -0.783371 1.717634 -0.196638 -0.080636 0.372240 0.725887 -0.668829 0.202049 -0.257915 0.287814 -0.996659 0.560249 0.158546 -0.019214 -0.296434 1.019896 -0.631619 -0.034053 -0.631644 -1.468826 -0.053352 0.498029 -0.821259 0.270810 -0.845098 0.079770 0.227831 -0.717216 0.245411 0.382190 0.179432 0.066074 0.100088 0.089200 0.599844 0.404498 0.093487 0.102958
26 -0.660498 -0.103829 1.502989 -0.853455 -0.380354 0.123403 0.305571 0.260713 0.332638 0.443727 0.640629 -0.013210 0.275875 0.112220 0.087135 -0.297649 -0.528311 1.516130 -0.017192 -0.801848 0.114539 1.461969 -0.242146 -0.393053 0.010768 0.769621 -0.330334 -0.668684 1.273206 -0.263996 0.009628 -1.014496 -0.526308 -0.296443 0.332359 1.196567 -1.422149 -0.027861 0.089496 0.099156 0.483750 1.124412 -0.092577 -0.246122 -0.158057 -0.409447 -0.253436 -0.477917 0.048655 -0.279678 -0.192291 0.880658 0.012464 -0.098169 -1.048810 -0.439012 0.265824 0.089366 -0.621243 -1.779548 -0.115616 -0.442612 -1.559308 -0.129490 0.501008 -0.289600 -1.599277 0.135743 0.260882 0.439213 1.048282 -0.044289 0.173253 -1.331764 0.138385 0.789416 0.110116 0.063358 0.710932 -0.094365 0.817923 0.170681 0.096852 -0.096286 -0.366273 -0.655212 0.026773 -0.100547 0.577025 -0.219683 0.339815 -0.033026 -0.228174 -0.259495 -0.688322 0.176351 -0.030418 -0.564460 -0.565052 -0.083748 1.110907 0.510312 0.078313 -0.099915 -0.210505 0.094345 0.818475 0.133586 -0.235490 0.022948 -0.352717 -0.622438 -0.407323 -0.142586 -0.089029 1.124286 0.380661 -0.094272 0.227248 0.476074 2.058463 -0.102025 -0.387065 0.088143 -0.390231 1.218353 0.289935 1.766403 -0.110819 0.057499 -0.113440 -0.061267 -0.103696 -0.034596 -0.731327 1.710291 -0.145359 -0.122538 0.320048 0.739046 -0.693788 0.241055 -0.209752 0.314010 -1.001034 0.584900 0.167736 0.019170 -0.324581 0.970479 -0.653810 -0.055690 -0.610782 -1.465995 -0.070532 0.441745 -0.760629 0.282588 -0.852013 0.088687 0.181670 -0.727867 0.197504 0.395979 0.133914 0.102563 0.105611 0.123255 0.596207 0.433197 0.069562 0.137821
27 -0.691754 -0.104430 1.466070 -0.814480 -0.458205 0.178767 0.377350 0.221384 0.300553 0.399276 0.660026 -0.078557 0.263786 0.081943 0.158348 -0.229956 -0.607479 1.485967 0.030345 -0.760022 0.085794 1.429752 -0.319579 -0.471195 0.068827 0.785396 -0.407139 -0.646899 1.236745 -0.243956 0.086577 -0.977815 -0.546304 -0.379096 0.301410 1.244681 -1.387047 -0.100377 0.160942 0.030305 0.431751 1.091416 -0.116333 -0.330111 -0.121183 -0.352101 -0.218398 -0.438704 0.070228 -0.221938 -0.209441 0.840085 -0.048214 -0.140137 -1.011667 -0.462907 0.274486 0.141634 -0.573019 -1.747649 -0.179519 -0.444305 -1.524052 -0.167897 0.454717 -0.257102 -1.567216 0.098579 0.226786 0.380984 1.015169 -0.019699 0.139799 -1.298883 0.077924 0.867696 0.120566 0.038041 0.744286 -0.067166 0.847494 0.101261 0.064132 -0.140717 -0.325044 -0.719630 0.097223 -0.070005 0.656630 -0.181803 0.303042 -0.032524 -0.167180 -0.283422 -0.662207 0.137828 0.045339 -0.580181 -0.640447 -0.062847 1.076693 0.515052 0.055806 -0.070357 -0.261338 0.149017 0.900317 0.133448 -0.315798 -0.008666 -0.286841 -0.648797 -0.356582 -0.220251 -0.141020 1.089589 0.331725 -0.122724 0.171885 0.553238 2.027740 -0.072117 -0.432403 0.141391 -0.476397 1.256631 0.289910 1.732954 -0.074340 0.074436 -0.074512 -0.015942 -0.093828 -0.050689 -0.800132 1.677332 -0.229581 -0.048714 0.401825 0.696602 -0.633940 0.169206 -0.287450 0.260884 -0.966807 0.528224 0.144906 -0.047800 -0.267798 1.030620 -0.599122 -0.017046 -0.632953 -1.432070 -0.037686 0.527497 -0.844805 0.253833 -0.817205 0.068795 0.256981 -0.690548 0.274816 0.361787 0.208858 0.036890 0.091513 0.061452 0.586775 0.373762 0.108305 0.074191
28 -0.693515 -0.103132 1.403195 -0.767855 -0.498179 0.209407 0.415188 0.191199 0.272399 0.359590 0.655721 -0.118706 0.249213 0.060870 0.202027 -0.179937 -0.645282 1.427215 0.058809 -0.713046 0.065598 1.371149 -0.363325 -0.510644 0.103959 0.776125 -0.446974 -0.617903 1.181006 -0.225394 0.135491 -0.928894 -0.545161 -0.424855 0.273529 1.243494 -1.327693 -0.146381 0.204615 -0.015131 0.386198 1.041606 -0.128532 -0.378182 -0.094504 -0.306714 -0.190813 -0.402678 0.082554 -0.178633 -0.213809 0.792050 -0.085878 -0.163577 -0.961631 -0.465348 0.273621 0.171807 -0.526412 -1.680126 -0.216185 -0.434269 -1.460521 -0.187551 0.414230 -0.230313 -1.504723 0.072957 0.200182 0.333290 0.967592 -0.004571 0.115451 -1.243297 0.036864 0.896662 0.123769 0.021130 0.746136 -0.048798 0.845364 0.052614 0.041880 -0.165298 -0.291082 -0.741060 0.141265 -0.049157 0.692309 -0.153410 0.272285 -0.031178 -0.123142 -0.290752 -0.628076 0.109650 0.094672 -0.575615 -0.673484 -0.048728 1.026655 0.505731 0.040789 -0.049899 -0.287467 0.180149 0.931270 0.129710 -0.361443 -0.028815 -0.236644 -0.648369 -0.314347 -0.265595 -0.170428 1.038667 0.291351 -0.138040 0.131891 0.589754 1.953360 -0.051786 -0.450171 0.171547 -0.522983 1.251361 0.282344 1.664710 -0.049297 0.083201 -0.048418 0.012217 -0.085323 -0.060571 -0.823093 1.610975 -0.280200 0.000458 0.446480 0.650525 -0.578908 0.118703 -0.332015 0.219893 -0.919768 0.478300 0.126851 -0.091215 -0.224310 1.043640 -0.548137 0.007956 -0.630206 -1.372144 -0.015814 0.571780 -0.878932 0.229459 -0.773809 0.055310 0.301081 -0.648142 0.319973 0.331242 0.253925 -0.007115 0.080317 0.018443 0.566082 0.326383 0.130075 0.031138
29 -0.662798 -0.103817 1.506527 -0.854679 -0.383352 0.125212 0.308417 0.260275 0.332593 0.443504 0.642812 -0.015309 0.276303 0.111826 0.089510 -0.296320 -0.531861 1.520027 -0.015489 -0.802770 0.114194 1.465595 -0.245026 -0.396150 0.012291 0.772306 -0.333082 -0.670644 1.276011 -0.264219 0.011879 -1.016230 -0.528221 -0.299324 0.332780 1.200529 -1.425494 -0.030206 0.091874 0.097214 0.483633 1.126695 -0.092917 -0.249095 -0.157441 -0.408678 -0.253131 -0.477872 0.048733 -0.278554 -0.193083 0.881819 0.010532 -0.099383 -1.050676 -0.440798 0.266919 0.091108 -0.621629 -1.783945 -0.117872 -0.444589 -1.563015 -0.130601 0.500839 -0.289464 -1.603243 0.135025 0.260707 0.438540 1.050331 -0.044088 0.172781 -1.334818 0.136798 0.793417 0.110373 0.062913 0.713386 -0.094053 0.820758 0.168921 0.096158 -0.097783 -0.365809 -0.658624 0.029017 -0.100125 0.580789 -0.219046 0.339580 -0.033149 -0.226803 -0.260531 -0.690032 0.175737 -0.028304 -0.566471 -0.568302 -0.083726 1.113116 0.512514 0.078201 -0.099509 -0.212670 0.096159 0.822681 0.133957 -0.238312 0.022496 -0.351615 -0.624551 -0.407007 -0.145054 -0.090502 1.126512 0.380117 -0.094943 0.226114 0.479306 2.063642 -0.101586 -0.389538 0.089907 -0.393542 1.222630 0.291426 1.770904 -0.109979 0.057610 -0.112565 -0.060065 -0.104396 -0.034355 -0.734986 1.714550 -0.148180 -0.120535 0.323038 0.739732 -0.693931 0.239452 -0.212462 0.313351 -1.002832 0.584719 0.167638 0.017221 -0.323868 0.974325 -0.654005 -0.055031 -0.612815 -1.469444 -0.069937 0.445098 -0.764678 0.282558 -0.853334 0.088680 0.184344 -0.729215 0.200328 0.396053 0.136560 0.100788 0.105614 0.121676 0.598355 0.432579 0.070739 0.136217
30 -0.667417 -0.103240 1.517204 -0.859143 -0.387096 0.127465 0.312315 0.260480 0.333157 0.444319 0.647641 -0.017706 0.277472 0.111672 0.092463 -0.295954 -0.537030 1.531453 -0.012913 -0.806596 0.114071 1.476345 -0.248819 -0.400143 0.013495 0.778730 -0.336189 -0.676553 1.284808 -0.265067 0.013945 -1.021930 -0.532425 -0.302427 0.335335 1.207697 -1.435593 -0.032934 0.094829 0.095341 0.485583 1.133628 -0.092271 -0.252547 -0.156815 -0.408975 -0.253363 -0.478916 0.047585 -0.277949 -0.194577 0.886266 0.008250 -0.100428 -1.056780 -0.444450 0.269628 0.093391 -0.624698 -1.796519 -0.120694 -0.449895 -1.573994 -0.131525 0.502029 -0.290108 -1.614831 0.134461 0.261511 0.439330 1.056681 -0.044310 0.172618 -1.343901 0.135027 0.799362 0.110018 0.062019 0.718249 -0.094164 0.826895 0.167510 0.095605 -0.099670 -0.366014 -0.663737 0.031656 -0.099989 0.586347 -0.218728 0.340046 -0.033426 -0.225813 -0.261851 -0.695719 0.175246 -0.026533 -0.571097 -0.572532 -0.084058 1.119917 0.518367 0.078427 -0.099135 -0.216202 0.098546 0.829154 0.134590 -0.241628 0.022908 -0.351771 -0.628888 -0.408501 -0.147485 -0.091868 1.133397 0.380437 -0.095091 0.225382 0.483665 2.078291 -0.101464 -0.394006 0.092270 -0.397708 1.232382 0.295584 1.784048 -0.109193 0.056769 -0.111743 -0.058807 -0.107018 -0.032631 -0.740607 1.726925 -0.151292 -0.118712 0.326646 0.743056 -0.696905 0.238622 -0.215732 0.313671 -1.008527 0.586502 0.167665 0.015099 -0.324273 0.980968 -0.656882 -0.055138 -0.617148 -1.479745 -0.069488 0.449356 -0.770605 0.283206 -0.857783 0.089092 0.187796 -0.734485 0.203962 0.397370 0.139934 0.098905 0.105828 0.120286 0.604539 0.433488 0.071900 0.134639
31 -0.660284 -0.104565 1.492890 -0.847498 -0.385329 0.126832 0.309720 0.257397 0.329964 0.439702 0.639279 -0.017617 0.274431 0.110010 0.091632 -0.291799 -0.532481 1.506114 -0.014810 -0.796031 0.112472 1.452242 -0.246827 -0.397909 0.015241 0.766880 -0.335649 -0.663313 1.264403 -0.262162 0.015417 -1.007979 -0.525341 -0.302378 0.328020 1.196914 -1.412609 -0.032692 0.094018 0.094174 0.477951 1.117423 -0.095324 -0.251824 -0.155666 -0.404361 -0.250577 -0.474152 0.051459 -0.275118 -0.192714 0.874540 0.008476 -0.101367 -1.041964 -0.438756 0.264747 0.092516 -0.615066 -1.768724 -0.119664 -0.439351 -1.549214 -0.132423 0.496445 -0.286643 -1.589022 0.133070 0.257568 0.433560 1.041660 -0.042277 0.170709 -1.323214 0.134386 0.793241 0.111610 0.062309 0.710782 -0.092146 0.816586 0.165339 0.094452 -0.099042 -0.362762 -0.658255 0.031409 -0.098253 0.581095 -0.216771 0.336663 -0.032862 -0.223501 -0.260930 -0.682394 0.173688 -0.024549 -0.562877 -0.569660 -0.082117 1.103899 0.506911 0.076575 -0.098019 -0.212677 0.097585 0.822201 0.133443 -0.240885 0.019831 -0.346703 -0.621987 -0.401847 -0.148354 -0.092828 1.117152 0.376453 -0.096928 0.223007 0.480603 2.046308 -0.099720 -0.388216 0.091245 -0.395729 1.215307 0.287219 1.754927 -0.108232 0.059701 -0.110725 -0.058183 -0.101029 -0.037260 -0.734420 1.699440 -0.151237 -0.117118 0.325453 0.733415 -0.686637 0.235138 -0.214846 0.309365 -0.994782 0.578925 0.166259 0.014591 -0.319525 0.972058 -0.647204 -0.052191 -0.609958 -1.456433 -0.068203 0.447170 -0.764947 0.280036 -0.846538 0.087043 0.186302 -0.721170 0.202287 0.392400 0.138568 0.098051 0.104556 0.118669 0.591453 0.427460 0.072367 0.133353
32 -0.680972 -0.106190 1.534163 -0.866231 -0.406172 0.139024 0.328925 0.258249 0.334495 0.445188 0.659568 -0.029148 0.280555 0.109463 0.104939 -0.288806 -0.558196 1.549362 -0.004542 -0.812420 0.112097 1.493226 -0.264811 -0.419386 0.024246 0.791480 -0.354247 -0.682622 1.297788 -0.266978 0.026880 -1.031368 -0.542638 -0.320604 0.334684 1.235319 -1.451398 -0.045026 0.107323 0.085159 0.484605 1.145601 -0.098752 -0.269864 -0.154743 -0.404982 -0.252307 -0.480253 0.052732 -0.273426 -0.199243 0.893059 -0.001984 -0.109228 -1.066615 -0.454175 0.273890 0.103586 -0.626332 -1.818810 -0.133609 -0.455681 -1.592145 -0.140618 0.501677 -0.289534 -1.633944 0.130751 0.259328 0.436537 1.067287 -0.041812 0.170146 -1.358907 0.127670 0.825913 0.114975 0.061265 0.733031 -0.091372 0.842604 0.158611 0.091599 -0.108482 -0.364792 -0.686804 0.043361 -0.097284 0.608829 -0.215989 0.339814 -0.034067 -0.219185 -0.270881 -0.700985 0.173036 -0.014484 -0.581149 -0.594791 -0.083465 1.131399 0.524869 0.077172 -0.097415 -0.227770 0.109532 0.855982 0.137337 -0.258274 0.017428 -0.345670 -0.641261 -0.405891 -0.162848 -0.102815 1.145058 0.379163 -0.102074 0.219789 0.504297 2.105020 -0.098284 -0.407551 0.102769 -0.417290 1.254289 0.298917 1.805590 -0.104732 0.061544 -0.106658 -0.051338 -0.105752 -0.036592 -0.764735 1.747800 -0.167233 -0.107729 0.344754 0.747833 -0.696762 0.229699 -0.231355 0.309572 -1.018359 0.585540 0.168236 0.004949 -0.319755 1.005802 -0.657463 -0.049070 -0.628575 -1.496461 -0.065944 0.469989 -0.796694 0.283459 -0.865381 0.088323 0.202240 -0.738694 0.219348 0.397851 0.153861 0.090215 0.106250 0.112281 0.610574 0.429531 0.079923 0.126634
33 -0.696651 -0.104885 1.448604 -0.801168 -0.476759 0.191729 0.394128 0.211149 0.292014 0.386969 0.661790 -0.094624 0.260258 0.074520 0.175754 -0.211713 -0.625540 1.469782 0.041080 -0.746324 0.078802 1.413539 -0.338169 -0.489657 0.083339 0.785325 -0.425749 -0.637968 1.220891 -0.238601 0.106268 -0.964337 -0.548604 -0.399749 0.291963 1.252164 -1.370550 -0.118436 0.178389 0.012829 0.416383 1.078048 -0.122609 -0.350940 -0.112171 -0.336672 -0.209338 -0.427774 0.076145 -0.206733 -0.212699 0.826331 -0.062967 -0.150485 -0.997776 -0.466652 0.274997 0.153853 -0.557908 -1.729888 -0.194774 -0.442001 -1.506719 -0.177153 0.441807 -0.248476 -1.550294 0.089437 0.217704 0.364511 1.002246 -0.013694 0.131479 -1.283813 0.063000 0.884505 0.123512 0.032432 0.749556 -0.060459 0.850893 0.083203 0.056165 -0.151300 -0.314114 -0.733024 0.114591 -0.062500 0.674562 -0.172246 0.293338 -0.032350 -0.151450 -0.288385 -0.651982 0.128278 0.064899 -0.581237 -0.657785 -0.057731 1.063100 0.513153 0.050337 -0.063289 -0.272445 0.161644 0.917792 0.133223 -0.335514 -0.016877 -0.268779 -0.652649 -0.341935 -0.239758 -0.153630 1.075740 0.318497 -0.129846 0.157727 0.571001 2.008486 -0.064816 -0.441321 0.153720 -0.497346 1.259727 0.287885 1.714397 -0.065410 0.079036 -0.065144 -0.005104 -0.090119 -0.055412 -0.814424 1.659440 -0.250772 -0.029967 0.421753 0.682955 -0.615760 0.150264 -0.306435 0.246768 -0.954063 0.511845 0.139416 -0.064511 -0.252564 1.042085 -0.582402 -0.007120 -0.635804 -1.415658 -0.029749 0.548087 -0.863414 0.246286 -0.805246 0.063891 0.275190 -0.677210 0.293585 0.352136 0.227085 0.020454 0.088064 0.045620 0.581102 0.357260 0.117745 0.058268
34 -0.692010 -0.105895 1.487111 -0.830093 -0.450262 0.170940 0.369355 0.231203 0.310730 0.412083 0.662591 -0.068862 0.269931 0.089529 0.148008 -0.242920 -0.600757 1.505831 0.022639 -0.775445 0.093205 1.449565 -0.310048 -0.463339 0.059925 0.789891 -0.398712 -0.658408 1.255331 -0.251537 0.075254 -0.994489 -0.547480 -0.369937 0.310406 1.249167 -1.406985 -0.089659 0.150531 0.041548 0.444992 1.108782 -0.113258 -0.320132 -0.130365 -0.365210 -0.227882 -0.450615 0.066661 -0.234199 -0.207555 0.855880 -0.038737 -0.134344 -1.028701 -0.462820 0.275118 0.133894 -0.587030 -1.770348 -0.170937 -0.449278 -1.545271 -0.162874 0.467498 -0.266321 -1.588205 0.106801 0.235563 0.394289 1.031765 -0.025779 0.148021 -1.317882 0.089407 0.863940 0.120783 0.045125 0.744758 -0.073708 0.849528 0.113405 0.071016 -0.134548 -0.335755 -0.716879 0.086518 -0.077351 0.650740 -0.190802 0.313524 -0.033333 -0.179127 -0.281985 -0.674038 0.147365 0.033724 -0.582727 -0.634877 -0.069122 1.094055 0.519667 0.062114 -0.078059 -0.255132 0.140874 0.895958 0.135729 -0.305986 -0.002809 -0.300099 -0.649705 -0.368555 -0.210146 -0.133581 1.107113 0.344204 -0.118940 0.183371 0.546230 2.052457 -0.079100 -0.428870 0.133443 -0.467371 1.260180 0.293643 1.755620 -0.081751 0.072098 -0.082501 -0.023987 -0.096965 -0.047560 -0.797082 1.699419 -0.218735 -0.060966 0.392611 0.711294 -0.649882 0.182189 -0.277566 0.273093 -0.983205 0.542970 0.152403 -0.036856 -0.280562 1.030759 -0.614156 -0.024309 -0.634580 -1.452162 -0.045065 0.518958 -0.839584 0.262712 -0.832387 0.074701 0.246937 -0.704011 0.265059 0.371999 0.198665 0.048578 0.096308 0.072463 0.595310 0.387285 0.102917 0.086072
35 -0.663950 -0.104531 1.515578 -0.861512 -0.381252 0.122550 0.306000 0.264296 0.336903 0.448991 0.644562 -0.011812 0.279162 0.114799 0.085897 -0.301286 -0.530288 1.528491 -0.018577 -0.809491 0.117130 1.474072 -0.242013 -0.394051 0.009221 0.774778 -0.330774 -0.675326 1.283981 -0.267485 0.007982 -1.023607 -0.529298 -0.296796 0.336510 1.203900 -1.434075 -0.026400 0.088238 0.101371 0.488992 1.134369 -0.092093 -0.246111 -0.161115 -0.414007 -0.257046 -0.483060 0.047624 -0.283464 -0.192808 0.888761 0.014093 -0.097529 -1.058164 -0.441458 0.267365 0.088329 -0.627413 -1.793782 -0.114889 -0.446884 -1.572144 -0.129090 0.506257 -0.293364 -1.612275 0.138295 0.264337 0.443891 1.057659 -0.046280 0.176156 -1.343088 0.141302 0.793283 0.110854 0.065683 0.714701 -0.096605 0.822476 0.173524 0.098969 -0.095756 -0.370396 -0.658589 0.025185 -0.102978 0.579616 -0.222828 0.344047 -0.033545 -0.231561 -0.260427 -0.695157 0.179571 -0.032412 -0.568082 -0.567359 -0.086082 1.120754 0.514718 0.080591 -0.102518 -0.210563 0.093196 0.822321 0.135123 -0.235279 0.024672 -0.356756 -0.625904 -0.411825 -0.141860 -0.088019 1.134218 0.385336 -0.093767 0.230752 0.477581 2.074367 -0.104361 -0.388590 0.087079 -0.391095 1.225007 0.293117 1.780600 -0.112996 0.056978 -0.115810 -0.063142 -0.105518 -0.033354 -0.734961 1.724015 -0.144756 -0.125078 0.320391 0.746121 -0.700369 0.244333 -0.209325 0.318229 -1.010123 0.590749 0.170767 0.021229 -0.328884 0.975878 -0.660151 -0.057754 -0.614429 -1.478128 -0.072815 0.442926 -0.764055 0.286367 -0.860092 0.090913 0.181002 -0.734850 0.197175 0.400396 0.133067 0.105223 0.107623 0.125918 0.602179 0.437908 0.068952 0.140792
36 -0.695100 -0.102903 1.501136 -0.834112 -0.447661 0.171021 0.368989 0.230732 0.308854 0.411335 0.666933 -0.068223 0.268526 0.088125 0.147917 -0.245868 -0.600090 1.521459 0.025517 -0.778857 0.091628 1.463946 -0.309370 -0.461188 0.057660 0.796979 -0.395317 -0.665882 1.266985 -0.249950 0.072208 -0.999877 -0.551666 -0.365290 0.314330 1.250098 -1.420209 -0.088924 0.150478 0.042728 0.449083 1.115638 -0.109228 -0.316994 -0.127873 -0.366359 -0.226659 -0.449935 0.062657 -0.234427 -0.208882 0.860123 -0.039003 -0.132437 -1.034928 -0.465724 0.279048 0.134801 -0.592125 -1.786478 -0.170729 -0.455840 -1.559555 -0.160893 0.468167 -0.265678 -1.603550 0.105569 0.236214 0.397305 1.037927 -0.025527 0.146703 -1.328725 0.087972 0.862595 0.116816 0.041267 0.747686 -0.073237 0.855336 0.115008 0.069986 -0.134358 -0.334868 -0.716200 0.086267 -0.076328 0.649854 -0.189438 0.312178 -0.032976 -0.179362 -0.281123 -0.681447 0.145229 0.030669 -0.587426 -0.631722 -0.068005 1.100904 0.527255 0.061051 -0.075829 -0.257764 0.142027 0.895615 0.134590 -0.303548 -0.000525 -0.303502 -0.652563 -0.372459 -0.206521 -0.131898 1.114178 0.343868 -0.116509 0.183089 0.544545 2.071864 -0.078246 -0.432411 0.134519 -0.464423 1.271764 0.299117 1.773703 -0.080662 0.068530 -0.081207 -0.023397 -0.102057 -0.043267 -0.796772 1.716035 -0.215561 -0.062387 0.389806 0.714473 -0.655815 0.184942 -0.275864 0.274007 -0.988124 0.546125 0.149523 -0.036555 -0.282198 1.031507 -0.619404 -0.026225 -0.637577 -1.465485 -0.043762 0.515924 -0.837963 0.261374 -0.835490 0.073893 0.246637 -0.712018 0.264212 0.372535 0.198422 0.048238 0.094713 0.073088 0.602792 0.390348 0.101677 0.085586
37 -0.662427 -0.103225 1.549977 -0.883177 -0.361241 0.108456 0.288731 0.277421 0.348153 0.465162 0.647572 0.006074 0.284575 0.124009 0.066888 -0.324282 -0.512633 1.562282 -0.029075 -0.830928 0.125800 1.507045 -0.222257 -0.374473 -0.008193 0.782043 -0.309949 -0.693619 1.314183 -0.275011 -0.015184 -1.046932 -0.530977 -0.273253 0.351285 1.201841 -1.466574 -0.006286 0.069174 0.121667 0.510757 1.158968 -0.083118 -0.222852 -0.171755 -0.433951 -0.268668 -0.497782 0.038617 -0.302024 -0.190072 0.911010 0.030287 -0.085312 -1.082561 -0.440479 0.269851 0.075346 -0.650105 -1.830799 -0.098530 -0.455738 -1.606758 -0.118115 0.523818 -0.304825 -1.647109 0.149204 0.276660 0.465758 1.081020 -0.054284 0.186384 -1.372470 0.158180 0.777934 0.106355 0.071704 0.712934 -0.105227 0.824897 0.195032 0.108278 -0.084276 -0.384241 -0.646848 0.005887 -0.112334 0.562472 -0.234360 0.356623 -0.033983 -0.250356 -0.255399 -0.714429 0.191037 -0.055644 -0.571828 -0.549322 -0.093020 1.145521 0.523690 0.087828 -0.111023 -0.200465 0.079844 0.806755 0.135900 -0.213412 0.035592 -0.380099 -0.625394 -0.432150 -0.119203 -0.073264 1.159402 0.402240 -0.084736 0.247774 0.459327 2.115802 -0.113420 -0.382353 0.074012 -0.368431 1.232257 0.300323 1.819412 -0.123274 0.049972 -0.126620 -0.075511 -0.113349 -0.025292 -0.722579 1.761067 -0.120655 -0.147097 0.298500 0.766919 -0.727149 0.267782 -0.188419 0.336556 -1.032438 0.613694 0.177553 0.040210 -0.348826 0.968132 -0.684784 -0.070538 -0.615166 -1.510734 -0.082314 0.420785 -0.746285 0.296408 -0.879925 0.097664 0.161445 -0.757783 0.177008 0.413947 0.113429 0.124038 0.112086 0.144461 0.616205 0.460128 0.058080 0.159258
38 -0.664043 -0.103664 1.526018 -0.866964 -0.376144 0.119405 0.302040 0.266995 0.338912 0.452235 0.645978 -0.007777 0.279931 0.116511 0.081651 -0.306962 -0.526080 1.539201 -0.020184 -0.814758 0.118685 1.484312 -0.237411 -0.389169 0.004884 0.777715 -0.325352 -0.680926 1.292997 -0.268739 0.002210 -1.029699 -0.530406 -0.290463 0.340438 1.203443 -1.443936 -0.021789 0.083995 0.106040 0.494561 1.141090 -0.089298 -0.240191 -0.162907 -0.418543 -0.259268 -0.485995 0.044849 -0.287507 -0.192361 0.894361 0.017513 -0.094439 -1.064685 -0.441699 0.268645 0.085665 -0.633371 -1.805286 -0.111272 -0.450052 -1.582721 -0.126246 0.510118 -0.295640 -1.623131 0.140367 0.267081 0.449244 1.063952 -0.048027 0.178044 -1.351748 0.144657 0.789484 0.109015 0.066249 0.714690 -0.098369 0.824060 0.178575 0.100704 -0.093169 -0.373100 -0.655843 0.020884 -0.104801 0.575504 -0.224942 0.346403 -0.033564 -0.235661 -0.259135 -0.700765 0.181599 -0.038167 -0.569745 -0.562560 -0.087411 1.127514 0.518125 0.081980 -0.103929 -0.208846 0.090515 0.818663 0.134956 -0.229847 0.027462 -0.362582 -0.626172 -0.417020 -0.136042 -0.084379 1.141119 0.388848 -0.091256 0.234339 0.473090 2.087554 -0.106120 -0.387908 0.084395 -0.385301 1.228909 0.295707 1.792925 -0.114937 0.054719 -0.117818 -0.065677 -0.108239 -0.030728 -0.732102 1.735657 -0.138662 -0.130187 0.314829 0.751185 -0.707465 0.250017 -0.204264 0.322408 -1.015893 0.596388 0.171617 0.025477 -0.333603 0.974091 -0.666611 -0.060881 -0.614987 -1.488029 -0.074598 0.437206 -0.759598 0.288183 -0.864920 0.092250 0.176566 -0.741461 0.192461 0.403373 0.128661 0.109270 0.108236 0.130091 0.606636 0.443413 0.066323 0.144714
39 -0.669363 -0.103797 1.544063 -0.876064 -0.377924 0.120143 0.304010 0.269534 0.342059 0.456564 0.652184 -0.007524 0.282342 0.117909 0.081712 -0.310553 -0.529731 1.557782 -0.019154 -0.823169 0.120019 1.502054 -0.238542 -0.391187 0.004005 0.785976 -0.326295 -0.689810 1.308031 -0.271275 0.000810 -1.040428 -0.535570 -0.290668 0.344989 1.213459 -1.460927 -0.021353 0.084052 0.107445 0.500543 1.153397 -0.088435 -0.240498 -0.164452 -0.422338 -0.261734 -0.490228 0.043431 -0.290502 -0.193609 0.903534 0.017667 -0.094207 -1.076006 -0.445724 0.271796 0.086384 -0.640805 -1.826338 -0.112030 -0.456226 -1.601283 -0.126333 0.514683 -0.298397 -1.642326 0.141600 0.269741 0.454265 1.075311 -0.049309 0.179617 -1.367176 0.145859 0.795459 0.108868 0.066890 0.720375 -0.099618 0.831801 0.180796 0.101450 -0.093536 -0.376058 -0.661406 0.020523 -0.106122 0.579718 -0.226655 0.349393 -0.033856 -0.237927 -0.260921 -0.709491 0.183365 -0.039931 -0.575546 -0.565868 -0.088968 1.139688 0.524813 0.083366 -0.105171 -0.211215 0.091432 0.824905 0.136080 -0.230316 0.028848 -0.366761 -0.631267 -0.422003 -0.135521 -0.084312 1.153480 0.392619 -0.090999 0.236548 0.476013 2.111965 -0.107241 -0.392162 0.085204 -0.386685 1.241412 0.300271 1.814559 -0.115709 0.053791 -0.118524 -0.065995 -0.111116 -0.029010 -0.737996 1.756285 -0.138251 -0.131795 0.315782 0.758937 -0.715379 0.253054 -0.204719 0.325778 -1.026444 0.602493 0.173181 0.026396 -0.337352 0.981701 -0.674121 -0.062428 -0.620108 -1.505358 -0.075556 0.439031 -0.764781 0.290781 -0.873642 0.093749 0.177214 -0.750678 0.193276 0.407265 0.129131 0.110614 0.109348 0.131795 0.614490 0.448187 0.066285 0.146258
40 -0.655309 -0.103694 1.551139 -0.887556 -0.347020 0.098662 0.275322 0.283642 0.353216 0.472222 0.642218 0.017766 0.286006 0.128948 0.053804 -0.335531 -0.497436 1.561947 -0.037849 -0.836095 0.130453 1.507359 -0.207820 -0.360099 -0.017902 0.776367 -0.296251 -0.693995 1.316030 -0.277866 -0.028711 -1.050306 -0.525798 -0.258429 0.354824 1.191429 -1.467654 0.006935 0.056054 0.133804 0.518377 1.161185 -0.080047 -0.207505 -0.178120 -0.443090 -0.274243 -0.503747 0.036137 -0.311868 -0.186626 0.915627 0.041142 -0.078233 -1.085803 -0.434940 0.267009 0.065938 -0.656586 -1.830467 -0.086953 -0.452496 -1.607593 -0.111806 0.530759 -0.309728 -1.647101 0.155438 0.281576 0.475009 1.083489 -0.058007 0.191797 -1.373696 0.168901 0.762986 0.105176 0.076362 0.705403 -0.109404 0.817327 0.207112 0.113731 -0.076259 -0.390861 -0.634662 -0.006897 -0.117270 0.547120 -0.240628 0.362394 -0.033954 -0.260792 -0.251334 -0.715673 0.197592 -0.068858 -0.567066 -0.535515 -0.096196 1.147997 0.519638 0.091279 -0.116008 -0.190629 0.070097 0.790876 0.135627 -0.198809 0.040167 -0.390790 -0.619186 -0.439668 -0.105540 -0.064547 1.161936 0.410210 -0.080375 0.257091 0.445052 2.114443 -0.118156 -0.373067 0.064459 -0.352414 1.221502 0.297899 1.818958 -0.129483 0.048070 -0.133131 -0.083193 -0.113200 -0.024004 -0.709362 1.760940 -0.105373 -0.159961 0.283553 0.772457 -0.735491 0.279870 -0.174235 0.344946 -1.035419 0.622094 0.181290 0.052191 -0.357788 0.955672 -0.692387 -0.076435 -0.609579 -1.511592 -0.087778 0.404919 -0.730218 0.300716 -0.883568 0.100598 0.147469 -0.761219 0.162616 0.418835 0.099534 0.135700 0.114283 0.155253 0.614284 0.469309 0.051454 0.170375
41 -0.659554 -0.103791 1.526598 -0.869627 -0.366882 0.113161 0.293341 0.270875 0.341960 0.456655 0.642565 -0.000212 0.280728 0.119525 0.073189 -0.314195 -0.516180 1.538807 -0.025764 -0.817944 0.121502 1.484335 -0.228055 -0.379792 -0.001372 0.774075 -0.316420 -0.680952 1.294023 -0.270376 -0.006610 -1.031694 -0.527145 -0.280760 0.342715 1.196545 -1.444452 -0.013217 0.075507 0.113938 0.499438 1.142305 -0.087228 -0.230170 -0.166811 -0.424341 -0.262699 -0.489691 0.043174 -0.293799 -0.190286 0.897201 0.024521 -0.089836 -1.066592 -0.438220 0.266892 0.079648 -0.637498 -1.804873 -0.103773 -0.447976 -1.583077 -0.122178 0.514456 -0.298655 -1.622943 0.144273 0.270135 0.455183 1.065342 -0.050241 0.181396 -1.352339 0.151486 0.779669 0.108129 0.068955 0.709922 -0.100927 0.819233 0.186382 0.104149 -0.088013 -0.377257 -0.647828 0.012612 -0.107832 0.565471 -0.228890 0.349966 -0.033513 -0.242356 -0.256482 -0.701527 0.185650 -0.046799 -0.566723 -0.553509 -0.089231 1.128900 0.515544 0.083998 -0.106925 -0.202567 0.084291 0.808278 0.134722 -0.220336 0.030446 -0.369465 -0.622262 -0.421859 -0.127121 -0.078777 1.142549 0.393884 -0.088422 0.240275 0.463782 2.086484 -0.109043 -0.381966 0.078333 -0.374825 1.222012 0.294189 1.792470 -0.118874 0.053421 -0.121912 -0.070547 -0.108199 -0.029829 -0.723432 1.735391 -0.128692 -0.138523 0.305088 0.754657 -0.712759 0.257858 -0.195055 0.327690 -1.017617 0.601689 0.173793 0.033198 -0.339258 0.965940 -0.671435 -0.064684 -0.611477 -1.488413 -0.077991 0.426857 -0.749086 0.290789 -0.867078 0.093941 0.167507 -0.743639 0.183106 0.406397 0.119630 0.116744 0.109514 0.137053 0.605371 0.449238 0.062020 0.151810
42 -0.669278 -0.103161 1.479375 -0.832578 -0.409709 0.144853 0.333026 0.243309 0.317454 0.422703 0.644897 -0.039648 0.269215 0.099274 0.115902 -0.268392 -0.557579 1.495426 0.002029 -0.780074 0.102222 1.440664 -0.272504 -0.422476 0.033849 0.772022 -0.359434 -0.656844 1.251293 -0.254289 0.040992 -0.993736 -0.531495 -0.328369 0.318271 1.208352 -1.399832 -0.057516 0.118350 0.070569 0.459785 1.104514 -0.101007 -0.279084 -0.141944 -0.383889 -0.237694 -0.459086 0.056510 -0.254345 -0.197995 0.859009 -0.012235 -0.114321 -1.027689 -0.446100 0.268211 0.110006 -0.598058 -1.756243 -0.140827 -0.441484 -1.536029 -0.143759 0.479410 -0.274795 -1.577131 0.119909 0.245885 0.412915 1.028864 -0.034321 0.158725 -1.310806 0.112829 0.816239 0.113100 0.052454 0.720222 -0.082994 0.825359 0.141226 0.083070 -0.113555 -0.347385 -0.676812 0.055490 -0.087635 0.606009 -0.202992 0.322853 -0.032557 -0.201929 -0.267105 -0.674283 0.159474 0.000731 -0.567805 -0.592022 -0.074869 1.090642 0.510235 0.068846 -0.087240 -0.229926 0.115804 0.846797 0.132656 -0.266951 0.010403 -0.323911 -0.629432 -0.384503 -0.173262 -0.109129 1.103699 0.358309 -0.104897 0.203395 0.504510 2.033916 -0.089459 -0.403125 0.109043 -0.423360 1.227529 0.288890 1.742670 -0.095388 0.063381 -0.097151 -0.042881 -0.099866 -0.040325 -0.754477 1.687059 -0.179020 -0.091863 0.351593 0.717316 -0.665561 0.210569 -0.240326 0.290668 -0.981349 0.558534 0.157329 -0.008436 -0.299707 0.988935 -0.627845 -0.040083 -0.616214 -1.443841 -0.056783 0.474193 -0.790265 0.269282 -0.832929 0.080258 0.211594 -0.708901 0.228146 0.379914 0.163997 0.075037 0.099174 0.097160 0.589810 0.406738 0.084571 0.111037
43 -0.661938 -0.103389 1.517863 -0.861196 -0.376752 0.120954 0.302969 0.263957 0.335681 0.448104 0.643662 -0.009850 0.277496 0.114409 0.083560 -0.303530 -0.526058 1.531461 -0.018167 -0.809186 0.116569 1.476611 -0.238660 -0.389762 0.006892 0.774615 -0.326194 -0.676601 1.285859 -0.266169 0.004436 -1.023275 -0.528711 -0.291318 0.337103 1.199679 -1.436180 -0.023879 0.085915 0.103468 0.490436 1.134323 -0.090042 -0.241344 -0.160407 -0.414500 -0.256339 -0.481873 0.045924 -0.284150 -0.191995 0.888459 0.015269 -0.095512 -1.058145 -0.440280 0.267741 0.087355 -0.628728 -1.796409 -0.112953 -0.447197 -1.574533 -0.127142 0.505804 -0.292547 -1.614932 0.138036 0.264093 0.445361 1.057500 -0.046516 0.175496 -1.344326 0.141698 0.788490 0.108706 0.064574 0.712425 -0.096427 0.821518 0.175586 0.098582 -0.094145 -0.369555 -0.655091 0.023049 -0.102772 0.575135 -0.222083 0.342953 -0.033192 -0.232332 -0.259061 -0.695821 0.178946 -0.035702 -0.567573 -0.562295 -0.085804 1.120801 0.515176 0.080311 -0.101906 -0.209774 0.092398 0.817693 0.133931 -0.231171 0.025682 -0.358924 -0.623991 -0.413276 -0.137667 -0.085984 1.134364 0.385018 -0.092174 0.231008 0.473434 2.077831 -0.104011 -0.387866 0.086089 -0.385909 1.225401 0.293496 1.784091 -0.112713 0.055392 -0.115375 -0.063501 -0.106827 -0.031883 -0.731149 1.727123 -0.140199 -0.127260 0.315762 0.745953 -0.702327 0.246720 -0.205682 0.318729 -1.009528 0.591666 0.169366 0.023086 -0.329897 0.971511 -0.661745 -0.058784 -0.612586 -1.480204 -0.072571 0.437623 -0.758765 0.285144 -0.859110 0.090665 0.178143 -0.736419 0.193836 0.399861 0.130419 0.106477 0.106741 0.127290 0.602424 0.439410 0.067381 0.141714
44 -0.657103 -0.104984 1.499847 -0.854795 -0.375089 0.119174 0.299861 0.263731 0.335620 0.447600 0.637447 -0.008099 0.277073 0.114791 0.081169 -0.302126 -0.522025 1.511809 -0.022095 -0.803739 0.117047 1.458318 -0.235940 -0.387639 0.007250 0.765394 -0.325673 -0.666723 1.271069 -0.265805 0.004375 -1.015112 -0.523190 -0.291517 0.332874 1.192802 -1.419203 -0.021957 0.083536 0.104466 0.486299 1.123998 -0.092680 -0.240317 -0.161694 -0.413578 -0.256380 -0.481086 0.048993 -0.284373 -0.190763 0.882153 0.017499 -0.095737 -1.049103 -0.436134 0.263572 0.084974 -0.623030 -1.775315 -0.110536 -0.439204 -1.556013 -0.127501 0.504264 -0.292082 -1.595291 0.138926 0.262939 0.442857 1.048152 -0.045752 0.176100 -1.329613 0.143828 0.783701 0.110941 0.066480 0.707445 -0.096281 0.813471 0.175932 0.099611 -0.092849 -0.369749 -0.650502 0.020988 -0.102990 0.570836 -0.223035 0.342977 -0.033076 -0.233100 -0.258276 -0.686857 0.179975 -0.035543 -0.561329 -0.560368 -0.085278 1.110610 0.506302 0.079979 -0.102741 -0.205470 0.089732 0.812064 0.134008 -0.229849 0.024216 -0.356837 -0.619477 -0.409813 -0.137755 -0.085849 1.123946 0.384745 -0.093389 0.231743 0.470612 2.052976 -0.104356 -0.382146 0.083659 -0.384167 1.210829 0.287167 1.761444 -0.114000 0.057924 -0.116798 -0.064882 -0.101942 -0.035539 -0.726159 1.705930 -0.139420 -0.128193 0.314477 0.741161 -0.696290 0.245968 -0.204046 0.317737 -1.001564 0.588200 0.170268 0.024614 -0.328346 0.965575 -0.656157 -0.057692 -0.608010 -1.462971 -0.073306 0.435932 -0.754566 0.285002 -0.853314 0.090041 0.175485 -0.727296 0.191253 0.398183 0.127622 0.108081 0.107021 0.128155 0.593153 0.436731 0.067071 0.143118
45 -0.653223 -0.103786 1.543691 -0.883399 -0.346909 0.099016 0.275156 0.282061 0.351519 0.469947 0.639824 0.017078 0.284665 0.127955 0.054355 -0.333525 -0.496589 1.554444 -0.037590 -0.832203 0.129475 1.500114 -0.207930 -0.359890 -0.016912 0.773087 -0.296432 -0.690101 1.309716 -0.276489 -0.027593 -1.045490 -0.523853 -0.258783 0.352420 1.187932 -1.460616 0.006198 0.056611 0.132648 0.515511 1.155821 -0.080762 -0.207862 -0.177049 -0.440831 -0.272747 -0.501463 0.037108 -0.310165 -0.186133 0.911406 0.040447 -0.078724 -1.080776 -0.433375 0.265793 0.066302 -0.653169 -1.822031 -0.087301 -0.449683 -1.600012 -0.112189 0.528255 -0.308078 -1.639328 0.154416 0.279899 0.472561 1.078470 -0.057169 0.190622 -1.367219 0.167766 0.761395 0.105322 0.075849 0.703196 -0.108432 0.814460 0.205623 0.112863 -0.076454 -0.389070 -0.633211 -0.006156 -0.116295 0.546010 -0.239336 0.360620 -0.033739 -0.259215 -0.251018 -0.711600 0.196399 -0.067575 -0.564774 -0.534838 -0.095320 1.142681 0.516629 0.090409 -0.115130 -0.190249 0.070487 0.789163 0.135089 -0.199177 0.039096 -0.388538 -0.617130 -0.437151 -0.106302 -0.065216 1.156559 0.408154 -0.080935 0.255536 0.444566 2.104855 -0.117180 -0.371888 0.064791 -0.352354 1.216991 0.295717 1.810299 -0.128597 0.048745 -0.132187 -0.082403 -0.111720 -0.025124 -0.707740 1.752688 -0.106012 -0.158608 0.283700 0.768847 -0.731728 0.278022 -0.174606 0.342880 -1.030675 0.619006 0.180295 0.051243 -0.355615 0.953045 -0.688864 -0.075265 -0.607417 -1.504451 -0.086895 0.404712 -0.728833 0.299145 -0.879505 0.099718 0.147787 -0.757034 0.162848 0.416742 0.099949 0.134552 0.113573 0.153972 0.610572 0.466774 0.051857 0.169100
46 -0.654638 -0.104087 1.531352 -0.875405 -0.355300 0.104752 0.282475 0.276941 0.347066 0.463607 0.639338 0.009757 0.282706 0.124230 0.062313 -0.324403 -0.504236 1.542409 -0.033330 -0.824211 0.125990 1.488340 -0.216298 -0.368137 -0.009980 0.771146 -0.305087 -0.683653 1.298878 -0.273582 -0.018110 -1.037053 -0.523806 -0.268581 0.347005 1.189526 -1.448988 -0.002152 0.064596 0.124365 0.507114 1.147005 -0.084126 -0.217636 -0.172663 -0.433104 -0.268164 -0.495815 0.040429 -0.302702 -0.187569 0.903227 0.033846 -0.083673 -1.071967 -0.434352 0.265216 0.071626 -0.644543 -1.808793 -0.094038 -0.447002 -1.587581 -0.116590 0.521565 -0.303675 -1.626897 0.150046 0.275266 0.463976 1.070082 -0.053946 0.186599 -1.356713 0.160895 0.768041 0.106976 0.073170 0.704723 -0.105060 0.814399 0.196938 0.109204 -0.081269 -0.383707 -0.638237 0.001856 -0.112541 0.553466 -0.234811 0.355732 -0.033602 -0.251710 -0.253062 -0.704815 0.191724 -0.058106 -0.563977 -0.542433 -0.092471 1.133767 0.514027 0.087475 -0.111609 -0.194605 0.075896 0.796025 0.134861 -0.208313 0.034942 -0.379360 -0.618097 -0.429332 -0.115612 -0.071081 1.147491 0.401476 -0.084422 0.248794 0.452276 2.090072 -0.113635 -0.374799 0.070128 -0.361989 1.215485 0.293547 1.796438 -0.124529 0.051307 -0.127963 -0.077524 -0.109073 -0.027979 -0.713168 1.739411 -0.116084 -0.149694 0.292895 0.761026 -0.721570 0.268639 -0.183362 0.335763 -1.022622 0.610221 0.177530 0.043425 -0.347846 0.956979 -0.679513 -0.070325 -0.607909 -1.492791 -0.083067 0.414105 -0.736560 0.295288 -0.872282 0.096997 0.156054 -0.748675 0.171359 0.411604 0.108211 0.126851 0.111782 0.146473 0.606003 0.458165 0.056264 0.161617
47 -0.660538 -0.104602 1.548221 -0.883657 -0.359872 0.107084 0.286862 0.278656 0.349885 0.467065 0.645893 0.007836 0.285261 0.125259 0.064625 -0.325731 -0.510662 1.559997 -0.031037 -0.831661 0.127024 1.505069 -0.220012 -0.372999 -0.008966 0.779616 -0.308819 -0.692216 1.312797 -0.276135 -0.016764 -1.046944 -0.529264 -0.271935 0.350691 1.201390 -1.464888 -0.004113 0.066904 0.123472 0.511515 1.158639 -0.084149 -0.221007 -0.173715 -0.435267 -0.270068 -0.499243 0.039744 -0.304071 -0.188960 0.911392 0.032060 -0.084802 -1.082389 -0.438844 0.268348 0.073830 -0.650520 -1.828824 -0.096911 -0.453220 -1.605058 -0.117879 0.525001 -0.305860 -1.645057 0.150519 0.277162 0.467158 1.080770 -0.055021 0.187570 -1.371294 0.160474 0.776983 0.107532 0.073928 0.711092 -0.105893 0.822631 0.196864 0.109212 -0.082939 -0.385701 -0.646277 0.003742 -0.113430 0.560622 -0.235693 0.358095 -0.034013 -0.252149 -0.255604 -0.712790 0.192903 -0.057171 -0.570021 -0.548579 -0.094075 1.145213 0.520721 0.088810 -0.112646 -0.198358 0.078342 0.805262 0.136291 -0.211635 0.035373 -0.381337 -0.623686 -0.432700 -0.117936 -0.072649 1.159097 0.404105 -0.085133 0.249471 0.457988 2.113304 -0.114246 -0.380302 0.072383 -0.366545 1.228432 0.298088 1.816850 -0.124405 0.051023 -0.127764 -0.076643 -0.111558 -0.026770 -0.721640 1.758937 -0.118735 -0.148860 0.296783 0.767730 -0.727522 0.269228 -0.186474 0.337763 -1.032503 0.614661 0.179180 0.042295 -0.350053 0.966708 -0.685317 -0.070739 -0.613431 -1.509087 -0.083494 0.419063 -0.744853 0.297531 -0.880383 0.098495 0.159145 -0.756700 0.174787 0.414789 0.111173 0.126275 0.112962 0.146250 0.613646 0.461133 0.057479 0.161379
48 -0.670174 -0.104322 1.490665 -0.840919 -0.406586 0.141333 0.329614 0.248268 0.322827 0.429494 0.646704 -0.035027 0.272519 0.102959 0.110989 -0.274876 -0.555034 1.506048 -0.001863 -0.788302 0.105839 1.451262 -0.268199 -0.419376 0.029873 0.774647 -0.356101 -0.662457 1.261177 -0.258244 0.035721 -1.002711 -0.532489 -0.324537 0.322485 1.212374 -1.410508 -0.052348 0.113412 0.076004 0.466515 1.113914 -0.100215 -0.274717 -0.146613 -0.390551 -0.242523 -0.465428 0.055454 -0.260661 -0.197338 0.867459 -0.007658 -0.111935 -1.036845 -0.446479 0.268482 0.106418 -0.605248 -1.768694 -0.136907 -0.443627 -1.547498 -0.141869 0.486065 -0.279493 -1.588485 0.123950 0.250201 0.419779 1.037787 -0.037063 0.162818 -1.321053 0.118630 0.815784 0.113769 0.056116 0.721308 -0.086046 0.827115 0.147263 0.086412 -0.110785 -0.353005 -0.676723 0.050372 -0.091158 0.603964 -0.207567 0.328303 -0.032968 -0.207951 -0.267118 -0.680055 0.164312 -0.004727 -0.569408 -0.590447 -0.077852 1.099996 0.512214 0.071826 -0.091059 -0.227016 0.112047 0.845962 0.133965 -0.262634 0.012846 -0.330560 -0.630581 -0.390477 -0.168845 -0.105953 1.113165 0.364824 -0.103568 0.209201 0.501968 2.047631 -0.092777 -0.401687 0.105326 -0.419595 1.230197 0.290328 1.754929 -0.099054 0.062846 -0.101066 -0.046704 -0.100805 -0.039511 -0.754273 1.699065 -0.174109 -0.097745 0.347679 0.725133 -0.673721 0.216864 -0.235889 0.296769 -0.990183 0.566130 0.161205 -0.003120 -0.306071 0.990368 -0.635603 -0.043294 -0.617628 -1.454678 -0.060318 0.470784 -0.788958 0.273841 -0.841063 0.083033 0.206961 -0.715611 0.223670 0.385186 0.159230 0.080853 0.101599 0.102635 0.593723 0.413525 0.082281 0.116955
49 -0.656507 -0.104126 1.552022 -0.888271 -0.349430 0.099678 0.277248 0.283722 0.353748 0.472579 0.643206 0.016461 0.286770 0.129087 0.055322 -0.334419 -0.500000 1.562787 -0.037399 -0.836683 0.130651 1.508214 -0.209832 -0.362470 -0.016741 0.777387 -0.298515 -0.694662 1.316735 -0.278512 -0.026867 -1.051209 -0.526577 -0.261027 0.354883 1.194143 -1.468502 0.005341 0.057558 0.132523 0.518038 1.162257 -0.080718 -0.209979 -0.178279 -0.442695 -0.274496 -0.504192 0.036597 -0.311405 -0.186941 0.916272 0.040125 -0.079186 -1.086679 -0.435783 0.267247 0.066818 -0.656461 -1.831586 -0.088334 -0.453186 -1.608511 -0.112691 0.530927 -0.310044 -1.648041 0.155365 0.281686 0.474455 1.084497 -0.058094 0.191933 -1.374692 0.168320 0.765944 0.105924 0.076783 0.706739 -0.109463 0.818535 0.205871 0.113642 -0.077154 -0.391028 -0.636996 -0.005491 -0.117337 0.549830 -0.240698 0.362775 -0.034119 -0.260109 -0.252115 -0.716192 0.197730 -0.067144 -0.567892 -0.538195 -0.096525 1.149011 0.520333 0.091547 -0.116249 -0.191580 0.070934 0.793838 0.136170 -0.201014 0.039776 -0.389800 -0.620311 -0.439210 -0.107625 -0.065603 1.162927 0.410272 -0.081073 0.256704 0.447453 2.115612 -0.118200 -0.374116 0.065294 -0.355144 1.222904 0.298372 1.819868 -0.129299 0.048534 -0.132992 -0.082712 -0.113123 -0.024297 -0.711847 1.761870 -0.107754 -0.158583 0.285955 0.772883 -0.735018 0.278613 -0.176242 0.344636 -1.036442 0.621808 0.181877 0.051003 -0.357337 0.958298 -0.692110 -0.075981 -0.610660 -1.512495 -0.087772 0.407671 -0.733261 0.301197 -0.884521 0.100891 0.149253 -0.761362 0.164641 0.419151 0.101297 0.134780 0.114688 0.154303 0.615084 0.468706 0.052286 0.169639
50 -0.696888 -0.103120 1.471279 -0.813799 -0.465860 0.184532 0.385361 0.217742 0.297185 0.395081 0.664826 -0.085394 0.262708 0.078819 0.166229 -0.224298 -0.616526 1.492768 0.036693 -0.758591 0.082779 1.435662 -0.328097 -0.479158 0.073726 0.791604 -0.414101 -0.650262 1.240609 -0.242051 0.093686 -0.978274 -0.550886 -0.386377 0.301100 1.251374 -1.392000 -0.108167 0.168852 0.023353 0.428951 1.093232 -0.116449 -0.338325 -0.116754 -0.347114 -0.214910 -0.435098 0.069938 -0.216264 -0.211668 0.839264 -0.054867 -0.143532 -1.012539 -0.467168 0.277657 0.147563 -0.571320 -1.754584 -0.186453 -0.449144 -1.529564 -0.170723 0.451012 -0.254218 -1.573665 0.094597 0.224362 0.376704 1.016556 -0.017859 0.136315 -1.302848 0.071042 0.876374 0.119786 0.034286 0.749622 -0.064806 0.854100 0.094523 0.060634 -0.145318 -0.320894 -0.726848 0.104867 -0.067012 0.665756 -0.177705 0.299371 -0.032488 -0.161024 -0.285426 -0.664729 0.133410 0.052242 -0.584814 -0.647654 -0.061053 1.078346 0.520720 0.053824 -0.066953 -0.268211 0.155224 0.909931 0.133342 -0.323768 -0.010325 -0.281713 -0.653347 -0.353720 -0.227189 -0.145498 1.091278 0.327079 -0.124282 0.166310 0.561304 2.036514 -0.069239 -0.439306 0.147398 -0.485126 1.267427 0.293777 1.740718 -0.070314 0.074043 -0.070272 -0.011233 -0.096140 -0.049521 -0.808096 1.684336 -0.237775 -0.041407 0.409849 0.694783 -0.631282 0.162903 -0.295404 0.256364 -0.967376 0.524485 0.142030 -0.054859 -0.263219 1.038431 -0.596762 -0.014456 -0.637228 -1.437193 -0.034229 0.536024 -0.854016 0.251080 -0.816666 0.067212 0.265341 -0.691905 0.283306 0.359347 0.217284 0.029809 0.089912 0.055193 0.591298 0.369514 0.111735 0.067442
51 -0.662230 -0.104332 1.489010 -0.844287 -0.390605 0.130516 0.314551 0.254647 0.327569 0.436389 0.640263 -0.022170 0.273640 0.107959 0.096641 -0.286791 -0.537748 1.502617 -0.011712 -0.792655 0.110545 1.448698 -0.252235 -0.403202 0.019213 0.767558 -0.340923 -0.661411 1.260845 -0.260715 0.020945 -1.004841 -0.526431 -0.308309 0.325963 1.199248 -1.408957 -0.037844 0.099037 0.089269 0.473947 1.114380 -0.096692 -0.257827 -0.153047 -0.400277 -0.248108 -0.471258 0.052661 -0.270839 -0.193930 0.871241 0.004326 -0.104169 -1.038728 -0.440281 0.265244 0.095947 -0.611248 -1.764799 -0.123949 -0.439565 -1.545343 -0.134888 0.493090 -0.284393 -1.585323 0.130573 0.255290 0.429078 1.038713 -0.040618 0.168472 -1.319865 0.130125 0.797966 0.112198 0.060445 0.712838 -0.090410 0.818101 0.160319 0.092385 -0.102110 -0.359838 -0.661942 0.036363 -0.096210 0.586372 -0.214237 0.334069 -0.032889 -0.219177 -0.262143 -0.680450 0.170970 -0.019109 -0.563701 -0.574515 -0.080629 1.100778 0.507318 0.075036 -0.095956 -0.216025 0.101113 0.827247 0.133438 -0.246535 0.017884 -0.341818 -0.623639 -0.398081 -0.153834 -0.096257 1.113969 0.372843 -0.098629 0.219112 0.485665 2.042068 -0.097818 -0.391028 0.094782 -0.401810 1.216957 0.287426 1.750889 -0.105854 0.060632 -0.108233 -0.055237 -0.100565 -0.038014 -0.738485 1.695478 -0.157321 -0.111922 0.331197 0.730040 -0.681986 0.229942 -0.220318 0.305618 -0.991842 0.574651 0.164664 0.009839 -0.315430 0.975674 -0.642916 -0.049689 -0.611393 -1.452816 -0.066054 0.453148 -0.770343 0.278066 -0.843721 0.085673 0.191569 -0.718198 0.207701 0.389926 0.143793 0.093359 0.103613 0.114271 0.590906 0.423068 0.074940 0.128848
52 -0.660607 -0.103332 1.527161 -0.868669 -0.369248 0.115064 0.295910 0.269452 0.340601 0.454806 0.643622 -0.002631 0.280157 0.118485 0.075901 -0.311943 -0.518942 1.539960 -0.023505 -0.816765 0.120495 1.485209 -0.230861 -0.382275 0.000318 0.775545 -0.318592 -0.681707 1.294327 -0.269593 -0.004087 -1.031004 -0.528214 -0.283141 0.342318 1.197856 -1.445005 -0.015960 0.078222 0.111396 0.498014 1.142004 -0.087176 -0.232878 -0.165264 -0.422311 -0.261364 -0.488046 0.043019 -0.291540 -0.190735 0.896163 0.022142 -0.090926 -1.066020 -0.439203 0.267756 0.081634 -0.636371 -1.805831 -0.106126 -0.449305 -1.583718 -0.123009 0.512787 -0.297464 -1.623885 0.142869 0.269118 0.453268 1.064961 -0.049744 0.180114 -1.352621 0.148956 0.782045 0.107769 0.067774 0.711016 -0.100151 0.820749 0.183833 0.102885 -0.089514 -0.375517 -0.649778 0.015279 -0.106838 0.568222 -0.227312 0.348461 -0.033492 -0.239974 -0.256882 -0.701829 0.184076 -0.044290 -0.567804 -0.555546 -0.088733 1.128561 0.517092 0.083422 -0.105815 -0.204817 0.086384 0.810971 0.134591 -0.222976 0.029838 -0.367354 -0.623156 -0.420481 -0.129454 -0.080257 1.142205 0.391928 -0.088877 0.238100 0.466222 2.087843 -0.108061 -0.384096 0.080343 -0.377618 1.224690 0.295293 1.793720 -0.117395 0.053224 -0.120382 -0.068918 -0.108939 -0.029386 -0.725587 1.736442 -0.131453 -0.135869 0.307684 0.753383 -0.711299 0.255465 -0.197702 0.325911 -1.016986 0.599954 0.172789 0.030680 -0.337443 0.967850 -0.670059 -0.063739 -0.612292 -1.488992 -0.076832 0.429516 -0.751687 0.289664 -0.866185 0.093500 0.170309 -0.743491 0.185937 0.405251 0.122499 0.114163 0.108955 0.134684 0.606465 0.447459 0.063140 0.149335
53 -0.654799 -0.105468 1.504257 -0.859460 -0.368480 0.114231 0.293481 0.267858 0.339408 0.452742 0.636135 -0.001963 0.278754 0.118000 0.074361 -0.308804 -0.515279 1.515402 -0.026769 -0.808679 0.120115 1.462162 -0.228855 -0.380996 0.002117 0.764264 -0.319223 -0.668928 1.275278 -0.268252 -0.002774 -1.019657 -0.521667 -0.284495 0.335849 1.190245 -1.423375 -0.014999 0.076713 0.111129 0.491657 1.128179 -0.091124 -0.232835 -0.165759 -0.419525 -0.260213 -0.485587 0.047559 -0.290400 -0.189310 0.887006 0.023304 -0.092133 -1.053656 -0.434252 0.262722 0.080112 -0.628130 -1.779528 -0.104675 -0.438879 -1.560336 -0.124351 0.509309 -0.295616 -1.599261 0.142770 0.266367 0.448857 1.052273 -0.048128 0.179629 -1.333660 0.149985 0.777639 0.110617 0.069434 0.705049 -0.098999 0.811311 0.182774 0.102906 -0.088796 -0.374259 -0.645611 0.014214 -0.106142 0.564212 -0.227074 0.347096 -0.033192 -0.239293 -0.256638 -0.689524 0.184174 -0.042631 -0.560185 -0.554430 -0.087509 1.114893 0.505638 0.082327 -0.105964 -0.200797 0.084697 0.805557 0.134391 -0.222700 0.026925 -0.363367 -0.617610 -0.414875 -0.130903 -0.081388 1.128270 0.390141 -0.091230 0.237383 0.464175 2.057261 -0.107383 -0.378225 0.078747 -0.376650 1.207790 0.286901 1.765579 -0.117702 0.056911 -0.120696 -0.069190 -0.102360 -0.034626 -0.720885 1.710067 -0.131716 -0.135361 0.307367 0.746110 -0.702526 0.252991 -0.197031 0.323164 -1.005885 0.594216 0.173002 0.031125 -0.334086 0.961343 -0.661912 -0.061164 -0.606480 -1.467092 -0.076665 0.428635 -0.747883 0.288251 -0.857640 0.092129 0.168442 -0.731097 0.184090 0.401915 0.120509 0.114620 0.108682 0.134261 0.593975 0.442752 0.063674 0.149478
54 -0.689465 -0.104091 1.504393 -0.840454 -0.435451 0.161652 0.356921 0.237926 0.315440 0.419925 0.662770 -0.057043 0.271385 0.093862 0.135490 -0.257051 -0.587038 1.522930 0.016295 -0.785877 0.097148 1.466159 -0.296239 -0.448785 0.048529 0.792480 -0.383571 -0.667310 1.270632 -0.254174 0.059752 -1.005466 -0.547329 -0.352731 0.318468 1.243151 -1.423293 -0.076384 0.138005 0.054497 0.457294 1.120206 -0.106952 -0.303550 -0.135289 -0.376341 -0.233377 -0.457545 0.060715 -0.244836 -0.205777 0.866684 -0.028318 -0.126065 -1.040332 -0.461118 0.276327 0.125554 -0.599463 -1.788561 -0.159818 -0.453321 -1.562532 -0.155330 0.476484 -0.271768 -1.605628 0.112510 0.241999 0.407009 1.042636 -0.029681 0.153050 -1.332157 0.099196 0.850540 0.116730 0.047023 0.741821 -0.078019 0.849128 0.126897 0.076055 -0.126879 -0.342754 -0.706329 0.073993 -0.081946 0.636916 -0.196705 0.319365 -0.033229 -0.190221 -0.277885 -0.683872 0.152830 0.018362 -0.583618 -0.620502 -0.071917 1.105657 0.523888 0.065211 -0.081737 -0.248233 0.132351 0.882546 0.135120 -0.290550 0.003944 -0.314248 -0.647803 -0.380369 -0.194394 -0.123767 1.118984 0.353001 -0.112707 0.193065 0.532320 2.073018 -0.083667 -0.423768 0.125093 -0.450669 1.262367 0.297139 1.775301 -0.087463 0.067225 -0.088413 -0.031364 -0.101696 -0.042388 -0.786030 1.718013 -0.201956 -0.074912 0.376784 0.721663 -0.664907 0.196776 -0.263040 0.283180 -0.993425 0.555516 0.154586 -0.024858 -0.291770 1.022053 -0.627829 -0.032099 -0.633437 -1.468428 -0.049877 0.502435 -0.824828 0.267040 -0.841352 0.077510 0.233662 -0.716363 0.251072 0.378652 0.185417 0.060002 0.097765 0.083900 0.601989 0.400026 0.095585 0.097012
55 -0.694857 -0.104922 1.438120 -0.795248 -0.477975 0.193066 0.395097 0.208615 0.289387 0.383412 0.659168 -0.096575 0.258519 0.072822 0.177604 -0.208058 -0.625802 1.459209 0.042023 -0.740716 0.077160 1.403331 -0.339630 -0.490761 0.085523 0.781428 -0.427426 -0.632427 1.211961 -0.236561 0.108975 -0.957654 -0.546559 -0.401846 0.288476 1.248634 -1.360640 -0.120529 0.180249 0.010311 0.411794 1.070598 -0.123968 -0.352921 -0.110272 -0.333124 -0.206970 -0.424394 0.077765 -0.203585 -0.212618 0.820386 -0.064785 -0.151903 -0.990785 -0.465270 0.273588 0.155058 -0.552673 -1.718114 -0.196206 -0.438498 -1.496071 -0.178397 0.438072 -0.245974 -1.539393 0.087672 0.215154 0.360318 0.995271 -0.012139 0.129584 -1.274754 0.060666 0.883689 0.123976 0.031264 0.747651 -0.058877 0.847830 0.080245 0.054725 -0.152438 -0.311349 -0.732137 0.116641 -0.060823 0.674546 -0.170195 0.290635 -0.032155 -0.148587 -0.288340 -0.646397 0.126215 0.067784 -0.578668 -0.658225 -0.056165 1.055701 0.509467 0.048808 -0.061689 -0.272748 0.162870 0.916913 0.132559 -0.337404 -0.018727 -0.264864 -0.650809 -0.337864 -0.242112 -0.155304 1.068236 0.315124 -0.130975 0.154957 0.571669 1.995127 -0.063231 -0.440558 0.154950 -0.498828 1.254472 0.285189 1.702245 -0.063882 0.080231 -0.063523 -0.003522 -0.088046 -0.057083 -0.813456 1.647847 -0.253058 -0.027208 0.423458 0.677705 -0.610113 0.146835 -0.308280 0.243492 -0.947496 0.507174 0.137812 -0.066804 -0.249011 1.039974 -0.577015 -0.005009 -0.633780 -1.405644 -0.028195 0.549427 -0.863102 0.243958 -0.799588 0.062385 0.276837 -0.671193 0.295140 0.349023 0.228753 0.017962 0.086976 0.043036 0.576310 0.353171 0.118948 0.055674
56 -0.664791 -0.103151 1.527020 -0.866633 -0.376963 0.120351 0.303130 0.266237 0.338016 0.451215 0.646757 -0.008818 0.279500 0.115845 0.082868 -0.306108 -0.527205 1.540535 -0.018885 -0.814304 0.118007 1.485449 -0.238603 -0.390050 0.005514 0.778839 -0.326026 -0.681527 1.293718 -0.268128 0.003076 -1.029570 -0.531207 -0.291146 0.340496 1.203961 -1.444863 -0.022953 0.085206 0.105010 0.494111 1.141188 -0.088970 -0.241113 -0.161910 -0.417648 -0.258480 -0.485110 0.044487 -0.286425 -0.192748 0.894041 0.016425 -0.094803 -1.064664 -0.442388 0.269333 0.086653 -0.633115 -1.806560 -0.112287 -0.451082 -1.583747 -0.126520 0.509324 -0.294966 -1.624356 0.139599 0.266588 0.448511 1.063980 -0.047667 0.177299 -1.352380 0.143339 0.790297 0.108522 0.065236 0.715440 -0.097914 0.825152 0.177536 0.100049 -0.093887 -0.372194 -0.656515 0.022051 -0.104193 0.576582 -0.224105 0.345534 -0.033534 -0.234566 -0.259230 -0.701335 0.180634 -0.037316 -0.570565 -0.563140 -0.086958 1.127601 0.519327 0.081511 -0.103127 -0.210112 0.091591 0.819712 0.134745 -0.230805 0.027342 -0.361829 -0.626828 -0.416610 -0.136761 -0.084975 1.141218 0.387834 -0.091251 0.233264 0.473982 2.089226 -0.105552 -0.389174 0.085465 -0.386252 1.230887 0.296589 1.794486 -0.114176 0.054377 -0.116983 -0.064850 -0.108920 -0.030221 -0.732899 1.737005 -0.139607 -0.129110 0.315746 0.750713 -0.707146 0.249154 -0.205304 0.321574 -1.015741 0.595742 0.170802 0.024333 -0.332788 0.974934 -0.666250 -0.060561 -0.615618 -1.488978 -0.073916 0.438117 -0.760531 0.287476 -0.864542 0.091867 0.177780 -0.741849 0.193631 0.402803 0.129877 0.108031 0.107791 0.129034 0.607588 0.442740 0.066742 0.143496
57 -0.669196 -0.104693 1.516062 -0.858601 -0.390285 0.129672 0.314638 0.259498 0.333041 0.444098 0.648522 -0.019331 0.277342 0.110697 0.093961 -0.294619 -0.539864 1.530056 -0.012084 -0.806119 0.113139 1.475042 -0.250822 -0.403209 0.016029 0.778638 -0.339603 -0.673973 1.283493 -0.264758 0.016023 -1.021369 -0.533167 -0.305492 0.333090 1.212315 -1.434407 -0.034297 0.096363 0.093873 0.484294 1.133039 -0.095227 -0.255013 -0.156374 -0.407848 -0.252668 -0.478737 0.050552 -0.277251 -0.195451 0.885742 0.006821 -0.102642 -1.056098 -0.445375 0.269200 0.095064 -0.623503 -1.796090 -0.122637 -0.447556 -1.573112 -0.134084 0.501253 -0.289295 -1.613849 0.133476 0.260039 0.438432 1.055968 -0.042779 0.171709 -1.343017 0.134118 0.803802 0.111951 0.061961 0.720265 -0.092798 0.828324 0.166311 0.094526 -0.101218 -0.365584 -0.667846 0.033145 -0.098841 0.589331 -0.217981 0.339520 -0.033330 -0.224780 -0.264271 -0.693287 0.174669 -0.024512 -0.571366 -0.576663 -0.083055 1.119256 0.515976 0.077311 -0.098432 -0.217416 0.100482 0.833261 0.134824 -0.244138 0.020515 -0.350364 -0.630395 -0.406940 -0.150254 -0.094523 1.132783 0.379932 -0.097459 0.224289 0.487071 2.078248 -0.100188 -0.395358 0.094038 -0.400429 1.233577 0.293223 1.782966 -0.108256 0.059282 -0.110536 -0.057181 -0.104277 -0.035721 -0.744681 1.726134 -0.153432 -0.116992 0.329452 0.742637 -0.695505 0.236914 -0.218003 0.312278 -1.007998 0.585486 0.167381 0.013697 -0.322767 0.984663 -0.655627 -0.052850 -0.618258 -1.478747 -0.068313 0.452502 -0.774757 0.282579 -0.857260 0.088006 0.189586 -0.732352 0.205774 0.396553 0.141496 0.097781 0.105457 0.119146 0.601620 0.432044 0.073731 0.133404
58 -0.665325 -0.102811 1.531541 -0.868953 -0.375576 0.119483 0.302124 0.267233 0.338815 0.452470 0.647727 -0.007636 0.279923 0.116460 0.081648 -0.308039 -0.526253 1.545148 -0.019255 -0.816507 0.118568 1.489864 -0.237367 -0.388744 0.004134 0.780444 -0.324472 -0.683935 1.297572 -0.268669 0.001270 -1.032230 -0.532006 -0.289319 0.342089 1.204552 -1.449120 -0.021593 0.083983 0.106503 0.496203 1.144151 -0.087990 -0.239423 -0.162527 -0.419317 -0.259320 -0.486291 0.043458 -0.287795 -0.192785 0.896427 0.017427 -0.093857 -1.067503 -0.442846 0.270010 0.085918 -0.635441 -1.811587 -0.111276 -0.452642 -1.588326 -0.125666 0.510830 -0.295854 -1.629061 0.140317 0.267629 0.450419 1.066744 -0.048279 0.177986 -1.356158 0.144405 0.789546 0.107915 0.065362 0.715961 -0.098560 0.826294 0.179175 0.100642 -0.093193 -0.373212 -0.656023 0.020772 -0.104845 0.575700 -0.224875 0.346459 -0.033577 -0.235943 -0.258915 -0.703769 0.181351 -0.039151 -0.571589 -0.561912 -0.087441 1.130565 0.521002 0.082013 -0.103610 -0.209833 0.090850 0.819053 0.134770 -0.229256 0.028339 -0.363869 -0.627396 -0.418525 -0.134988 -0.083858 1.144235 0.389128 -0.090430 0.234489 0.472839 2.094998 -0.106187 -0.389355 0.084749 -0.384676 1.233091 0.297852 1.799831 -0.114820 0.053564 -0.117651 -0.065641 -0.110057 -0.029194 -0.732416 1.742040 -0.137810 -0.130765 0.314197 0.752800 -0.709905 0.251094 -0.203869 0.323106 -1.018287 0.597910 0.171139 0.025630 -0.334505 0.975013 -0.668754 -0.061651 -0.616286 -1.493264 -0.074535 0.436586 -0.759566 0.288214 -0.866661 0.092367 0.176549 -0.744577 0.192326 0.403986 0.128629 0.109304 0.108048 0.130373 0.609672 0.444764 0.065956 0.144761
59 -0.663643 -0.104367 1.489164 -0.843852 -0.392725 0.131994 0.316486 0.253787 0.326866 0.435491 0.641261 -0.023732 0.273455 0.107146 0.098474 -0.285374 -0.539999 1.502893 -0.010582 -0.792119 0.109774 1.448900 -0.254292 -0.405311 0.020662 0.768540 -0.342984 -0.661144 1.260832 -0.260265 0.022814 -1.004604 -0.527363 -0.310481 0.325381 1.201248 -1.409093 -0.039631 0.100878 0.087618 0.472958 1.114298 -0.097389 -0.260027 -0.152092 -0.399150 -0.247312 -0.470590 0.053295 -0.269567 -0.194624 0.870827 0.002903 -0.105312 -1.038516 -0.441272 0.265662 0.097288 -0.610454 -1.765226 -0.125531 -0.439869 -1.545526 -0.135974 0.492276 -0.283727 -1.585632 0.129678 0.254597 0.427944 1.038560 -0.039869 0.167699 -1.319948 0.128696 0.800290 0.112516 0.059635 0.714334 -0.089710 0.819526 0.158767 0.091637 -0.103347 -0.359070 -0.663815 0.038121 -0.095395 0.588618 -0.213436 0.333318 -0.032887 -0.217842 -0.262937 -0.680255 0.170000 -0.017298 -0.564535 -0.576677 -0.079962 1.100641 0.507776 0.074349 -0.095108 -0.217441 0.102522 0.829699 0.133447 -0.248621 0.017086 -0.340476 -0.624884 -0.397100 -0.155782 -0.097619 1.113839 0.371815 -0.099360 0.217894 0.487799 2.042767 -0.097078 -0.392410 0.096170 -0.404156 1.218925 0.287589 1.751302 -0.105034 0.061140 -0.107351 -0.054158 -0.100328 -0.038510 -0.740545 1.695820 -0.159468 -0.110175 0.333379 0.729456 -0.681023 0.228331 -0.222349 0.304473 -0.991632 0.573660 0.164031 0.008179 -0.314200 0.977854 -0.642021 -0.048739 -0.612517 -1.452995 -0.065184 0.455505 -0.772840 0.277468 -0.843379 0.085061 0.193559 -0.717749 0.209722 0.389302 0.145718 0.091785 0.103223 0.112842 0.591037 0.421894 0.075964 0.127343
60 -0.662262 -0.104777 1.511175 -0.859535 -0.378938 0.121490 0.303731 0.263979 0.336339 0.448540 0.642574 -0.010290 0.278192 0.114454 0.083968 -0.302158 -0.527240 1.523753 -0.019780 -0.807844 0.116756 1.469589 -0.239595 -0.391657 0.008510 0.771929 -0.328913 -0.672114 1.280311 -0.266634 0.006279 -1.021117 -0.527618 -0.294527 0.335048 1.200877 -1.429886 -0.024418 0.086345 0.102781 0.488409 1.131305 -0.092679 -0.243618 -0.161112 -0.414159 -0.256638 -0.482491 0.048548 -0.284003 -0.192502 0.886892 0.015408 -0.097060 -1.055520 -0.440006 0.266165 0.087224 -0.626305 -1.788784 -0.113275 -0.443889 -1.567702 -0.128836 0.505715 -0.292760 -1.607563 0.138313 0.263665 0.443987 1.054791 -0.045592 0.175913 -1.339231 0.142302 0.790204 0.110985 0.065575 0.712883 -0.096137 0.820078 0.174878 0.098996 -0.094847 -0.370243 -0.656209 0.023459 -0.102639 0.576406 -0.222780 0.343560 -0.033300 -0.232386 -0.260113 -0.692248 0.179507 -0.033937 -0.566077 -0.565000 -0.085299 1.117753 0.511561 0.079894 -0.102229 -0.208829 0.092124 0.818964 0.134557 -0.233047 0.024184 -0.357336 -0.624273 -0.411404 -0.140118 -0.087381 1.131225 0.385198 -0.093847 0.231215 0.475139 2.068766 -0.104041 -0.386549 0.085988 -0.388242 1.221159 0.290663 1.775358 -0.113252 0.057654 -0.115981 -0.063604 -0.103870 -0.034632 -0.732312 1.719106 -0.142321 -0.126523 0.318013 0.744771 -0.699633 0.245321 -0.207189 0.318185 -1.007528 0.590357 0.170210 0.022651 -0.328901 0.972776 -0.659303 -0.057466 -0.612716 -1.473881 -0.072656 0.440169 -0.760847 0.285674 -0.857948 0.090132 0.178820 -0.732508 0.194711 0.399596 0.130818 0.106449 0.107106 0.127041 0.598691 0.437905 0.068414 0.141740
61 -0.655940 -0.103602 1.572236 -0.901143 -0.338232 0.091669 0.267477 0.291491 0.360578 0.482234 0.645187 0.026749 0.290115 0.134561 0.044382 -0.347768 -0.490182 1.582545 -0.043568 -0.849420 0.135826 1.527530 -0.198588 -0.351497 -0.026669 0.781747 -0.286864 -0.705254 1.334445 -0.283112 -0.040136 -1.065080 -0.527720 -0.247837 0.363425 1.193749 -1.487591 0.016929 0.046586 0.144264 0.530725 1.176855 -0.075824 -0.196811 -0.184687 -0.454465 -0.281445 -0.513055 0.031646 -0.322274 -0.185452 0.929499 0.049498 -0.072305 -1.101152 -0.435391 0.268694 0.059342 -0.669744 -1.853402 -0.078975 -0.458259 -1.628867 -0.106561 0.541371 -0.316881 -1.668491 0.161819 0.288920 0.487209 1.098357 -0.062744 0.198026 -1.392016 0.178225 0.757661 0.103610 0.080516 0.706072 -0.114529 0.820216 0.218351 0.119113 -0.070633 -0.399300 -0.630711 -0.016631 -0.122858 0.540343 -0.247555 0.370322 -0.034389 -0.271109 -0.249428 -0.727418 0.204596 -0.080464 -0.570224 -0.528308 -0.100647 1.163701 0.525448 0.095830 -0.121354 -0.185805 0.063254 0.785378 0.136783 -0.188628 0.045960 -0.403352 -0.620310 -0.451010 -0.094779 -0.057248 1.177854 0.420282 -0.076072 0.266683 0.437280 2.140027 -0.123544 -0.370666 0.057797 -0.342399 1.227330 0.302444 1.842619 -0.135347 0.044721 -0.139366 -0.089905 -0.117451 -0.019901 -0.705199 1.783628 -0.094016 -0.171356 0.273640 0.785228 -0.750724 0.292230 -0.164363 0.355426 -1.049735 0.635358 0.186055 0.061974 -0.369022 0.954458 -0.706510 -0.083292 -0.611361 -1.531652 -0.093365 0.395289 -0.723564 0.307253 -0.896364 0.104888 0.138056 -0.774698 0.153130 0.427192 0.090001 0.145741 0.117401 0.165074 0.623187 0.481721 0.046125 0.180415
62 -0.663973 -0.102447 1.517466 -0.859509 -0.379834 0.123526 0.306209 0.261895 0.333499 0.445442 0.645185 -0.012941 0.276629 0.112677 0.087089 -0.300505 -0.529517 1.531575 -0.015408 -0.807270 0.114892 1.476488 -0.242328 -0.392928 0.009164 0.776469 -0.329123 -0.676602 1.285292 -0.264757 0.007719 -1.021902 -0.530307 -0.294576 0.336535 1.201073 -1.435808 -0.027400 0.089455 0.100249 0.488278 1.133228 -0.090039 -0.244940 -0.157992 -0.411838 -0.254314 -0.479629 0.045793 -0.281020 -0.193224 0.886787 0.012307 -0.097061 -1.056852 -0.441987 0.268921 0.089881 -0.626880 -1.796205 -0.115859 -0.448818 -1.574124 -0.128407 0.503515 -0.290827 -1.614822 0.136050 0.262659 0.442591 1.056378 -0.045277 0.173683 -1.343719 0.138361 0.791170 0.108225 0.062317 0.714479 -0.095173 0.823663 0.172315 0.097003 -0.096332 -0.367276 -0.657158 0.026496 -0.101135 0.578544 -0.220051 0.340814 -0.033174 -0.229316 -0.259534 -0.695987 0.176540 -0.032493 -0.569094 -0.564846 -0.084451 1.119666 0.517154 0.078965 -0.099933 -0.212654 0.095015 0.820831 0.133626 -0.234633 0.024897 -0.356072 -0.625776 -0.411317 -0.140746 -0.087960 1.133205 0.382257 -0.092705 0.228186 0.476453 2.077910 -0.102571 -0.390510 0.088774 -0.389564 1.228646 0.294926 1.784226 -0.110879 0.055192 -0.113434 -0.061363 -0.107694 -0.031346 -0.733571 1.727001 -0.143864 -0.123931 0.319219 0.744007 -0.700120 0.243619 -0.209188 0.316266 -1.008200 0.589198 0.167572 0.019754 -0.327301 0.973990 -0.659595 -0.057495 -0.614279 -1.479824 -0.070829 0.441162 -0.761977 0.283486 -0.857560 0.089495 0.181785 -0.735856 0.197477 0.398178 0.134017 0.103045 0.105728 0.124281 0.603714 0.436869 0.068911 0.138396
63 -0.657090 -0.103590 1.548830 -0.885099 -0.351324 0.101736 0.279358 0.281288 0.351183 0.469406 0.643285 0.014002 0.285161 0.127114 0.057926 -0.331609 -0.501821 1.560047 -0.035119 -0.833462 0.128718 1.505335 -0.212233 -0.364428 -0.014683 0.777263 -0.300516 -0.692756 1.313784 -0.276569 -0.024299 -1.048003 -0.526925 -0.263050 0.353027 1.193786 -1.465472 0.002731 0.060197 0.129799 0.515258 1.159092 -0.081278 -0.212274 -0.175854 -0.439749 -0.272101 -0.501319 0.037261 -0.308371 -0.187662 0.913093 0.037625 -0.080602 -1.083485 -0.436303 0.267540 0.068895 -0.653659 -1.828375 -0.090588 -0.452650 -1.605358 -0.113922 0.527984 -0.307756 -1.645058 0.153220 0.279597 0.471490 1.081399 -0.056545 0.189798 -1.371622 0.165339 0.767149 0.105624 0.074731 0.707267 -0.107814 0.818983 0.203069 0.111804 -0.078825 -0.388354 -0.638062 -0.002802 -0.115441 0.551506 -0.238339 0.360126 -0.033904 -0.257211 -0.252560 -0.714134 0.195228 -0.064488 -0.567951 -0.539576 -0.094884 1.145836 0.520009 0.089896 -0.114185 -0.193501 0.073156 0.795275 0.135511 -0.203358 0.038397 -0.386963 -0.620675 -0.436664 -0.109924 -0.067381 1.159743 0.407179 -0.081887 0.253837 0.449276 2.112382 -0.116407 -0.375582 0.067448 -0.357258 1.223699 0.297971 1.816830 -0.127343 0.048917 -0.130881 -0.080624 -0.112756 -0.024800 -0.713025 1.758818 -0.110184 -0.155711 0.288148 0.769777 -0.732018 0.275706 -0.178654 0.341879 -1.033244 0.618772 0.179810 0.048285 -0.354519 0.958849 -0.689146 -0.074242 -0.610835 -1.509440 -0.085822 0.409691 -0.734766 0.298944 -0.881354 0.099369 0.151809 -0.759016 0.167038 0.416759 0.103857 0.131849 0.113361 0.151645 0.613789 0.465880 0.053646 0.166647
64 -0.662923 -0.103971 1.511428 -0.858320 -0.381082 0.123242 0.306200 0.262529 0.334804 0.446511 0.643394 -0.012761 0.277626 0.113465 0.086781 -0.299625 -0.529827 1.524624 -0.017403 -0.806393 0.115779 1.470183 -0.242426 -0.393906 0.010017 0.773322 -0.330737 -0.673132 1.280346 -0.265794 0.008839 -1.020092 -0.528514 -0.296705 0.334963 1.201221 -1.430126 -0.027341 0.089134 0.100160 0.486891 1.130682 -0.092065 -0.246299 -0.159447 -0.411860 -0.255246 -0.480611 0.047799 -0.281570 -0.192790 0.885534 0.012983 -0.097865 -1.054616 -0.440822 0.267086 0.089153 -0.625028 -1.789194 -0.115579 -0.445706 -1.567945 -0.129316 0.503835 -0.291543 -1.608112 0.136913 0.262728 0.441852 1.054143 -0.045327 0.174630 -1.339208 0.139611 0.792028 0.110276 0.064282 0.713534 -0.095488 0.821212 0.172082 0.097799 -0.096214 -0.368326 -0.657576 0.026217 -0.101736 0.578935 -0.221165 0.341956 -0.033320 -0.229805 -0.260108 -0.692821 0.177858 -0.031424 -0.567059 -0.566551 -0.084940 1.117102 0.513567 0.079462 -0.101118 -0.211072 0.094113 0.821177 0.134387 -0.235604 0.023970 -0.354985 -0.624832 -0.409996 -0.142298 -0.088602 1.130553 0.383093 -0.093925 0.228926 0.477265 2.069378 -0.103146 -0.388560 0.087944 -0.390929 1.223390 0.292294 1.776190 -0.111767 0.056976 -0.114448 -0.062003 -0.105161 -0.033540 -0.733877 1.719676 -0.145191 -0.123718 0.320449 0.743238 -0.697800 0.242784 -0.209781 0.316257 -1.006601 0.588253 0.169165 0.020036 -0.326925 0.974029 -0.657668 -0.056826 -0.613275 -1.474123 -0.071599 0.442631 -0.762966 0.284507 -0.856820 0.089842 0.181650 -0.732459 0.197641 0.398397 0.133805 0.103715 0.106599 0.124517 0.600307 0.435862 0.069339 0.139147
65 -0.693775 -0.106280 1.477307 -0.822990 -0.458120 0.176943 0.376423 0.226058 0.306325 0.406028 0.662763 -0.075860 0.267710 0.085688 0.155413 -0.234733 -0.608096 1.496538 0.027525 -0.768317 0.089527 1.440319 -0.317803 -0.471122 0.066702 0.788793 -0.406788 -0.652621 1.246488 -0.248470 0.083723 -0.987114 -0.548040 -0.378643 0.305163 1.251919 -1.397679 -0.097280 0.157970 0.033921 0.437553 1.101216 -0.116664 -0.328763 -0.125949 -0.357877 -0.223265 -0.445110 0.070065 -0.227266 -0.209043 0.848651 -0.045255 -0.139150 -1.021086 -0.464096 0.274929 0.139439 -0.579540 -1.760360 -0.177585 -0.446765 -1.535574 -0.167351 0.461046 -0.261803 -1.578612 0.102323 0.230736 0.386679 1.024459 -0.022437 0.143775 -1.309307 0.082626 0.870886 0.122274 0.042238 0.746678 -0.070112 0.850404 0.105514 0.067072 -0.139267 -0.330409 -0.722571 0.093985 -0.073466 0.657954 -0.186108 0.308567 -0.033112 -0.171986 -0.284456 -0.667873 0.142676 0.042203 -0.582505 -0.642248 -0.066194 1.086420 0.517280 0.059032 -0.074400 -0.259928 0.146738 0.903091 0.135319 -0.314313 -0.007111 -0.291875 -0.650972 -0.361478 -0.218577 -0.139582 1.099374 0.337852 -0.122519 0.176722 0.553765 2.041734 -0.075275 -0.432575 0.139129 -0.475935 1.260481 0.291467 1.745154 -0.077465 0.074746 -0.077875 -0.018779 -0.094314 -0.050585 -0.803061 1.689394 -0.227504 -0.052714 0.400996 0.704364 -0.641092 0.173723 -0.285621 0.266216 -0.976092 0.535076 0.149368 -0.044171 -0.273213 1.035177 -0.605992 -0.019284 -0.635291 -1.442918 -0.041040 0.527496 -0.847234 0.258643 -0.825773 0.071867 0.254600 -0.696735 0.272818 0.366964 0.206262 0.041268 0.094325 0.065437 0.590919 0.379446 0.107259 0.078822
66 -0.660906 -0.107589 1.506508 -0.861143 -0.379936 0.120335 0.302896 0.266875 0.340618 0.452778 0.640852 -0.008889 0.281162 0.117562 0.081858 -0.303089 -0.527291 1.517598 -0.023206 -0.809872 0.119928 1.464348 -0.238459 -0.392404 0.008682 0.768635 -0.330429 -0.669891 1.276822 -0.270006 0.006089 -1.022268 -0.525549 -0.296903 0.334601 1.203467 -1.425517 -0.022633 0.084187 0.104529 0.488859 1.131329 -0.095305 -0.244237 -0.165448 -0.416796 -0.260136 -0.486305 0.050906 -0.286985 -0.191345 0.888608 0.017513 -0.097508 -1.056159 -0.438489 0.263775 0.085215 -0.626386 -1.783248 -0.111931 -0.440740 -1.562992 -0.129620 0.508724 -0.295714 -1.601973 0.141369 0.265348 0.445157 1.055132 -0.047300 0.179033 -1.336441 0.146047 0.791730 0.114385 0.070297 0.711816 -0.098194 0.817341 0.176571 0.101454 -0.094021 -0.373750 -0.657306 0.021291 -0.105345 0.577002 -0.226186 0.347457 -0.033878 -0.235189 -0.260896 -0.690160 0.183676 -0.034240 -0.563968 -0.567260 -0.087851 1.117845 0.507564 0.082375 -0.105948 -0.206284 0.089944 0.819649 0.136276 -0.233259 0.023727 -0.358098 -0.623211 -0.411549 -0.141047 -0.087604 1.131118 0.388898 -0.095198 0.234222 0.475816 2.061527 -0.106479 -0.384257 0.083971 -0.389169 1.214718 0.287864 1.768217 -0.115833 0.060053 -0.118796 -0.065673 -0.100831 -0.037227 -0.733167 1.712943 -0.142456 -0.128488 0.318875 0.746734 -0.699801 0.246603 -0.206794 0.320661 -1.008880 0.592174 0.174488 0.024877 -0.330949 0.974133 -0.659626 -0.057613 -0.611669 -1.469530 -0.075529 0.441514 -0.762310 0.289126 -0.860263 0.092370 0.177075 -0.730271 0.193459 0.401960 0.128783 0.109387 0.109695 0.129098 0.595776 0.439196 0.068438 0.144855
67 -0.665422 -0.104015 1.433273 -0.804740 -0.425235 0.156909 0.346437 0.228992 0.304003 0.403846 0.636739 -0.055743 0.261408 0.089582 0.132585 -0.245025 -0.569651 1.449739 0.011235 -0.753088 0.092988 1.396268 -0.288699 -0.437502 0.049807 0.758442 -0.376445 -0.633279 1.211446 -0.244705 0.062087 -0.963135 -0.525573 -0.348151 0.300825 1.201002 -1.356283 -0.075544 0.135096 0.051612 0.435171 1.071379 -0.109426 -0.298584 -0.130708 -0.362737 -0.224708 -0.441401 0.065582 -0.234975 -0.199129 0.830736 -0.026994 -0.125183 -0.995770 -0.443135 0.263709 0.121270 -0.571352 -1.705476 -0.154764 -0.428083 -1.489343 -0.153218 0.459335 -0.261542 -1.529872 0.108839 0.232166 0.389060 0.997622 -0.026029 0.147748 -1.271042 0.096327 0.823830 0.116517 0.045988 0.716216 -0.073991 0.816566 0.120304 0.073577 -0.123332 -0.331771 -0.681826 0.072781 -0.077901 0.616937 -0.190609 0.308294 -0.031644 -0.182908 -0.269919 -0.649137 0.147284 0.022408 -0.559429 -0.604274 -0.067210 1.057544 0.496373 0.061016 -0.078232 -0.237431 0.127321 0.854500 0.130697 -0.285404 -0.000675 -0.299740 -0.624840 -0.361999 -0.193125 -0.122195 1.070039 0.339474 -0.113299 0.185781 0.517616 1.976789 -0.080077 -0.405630 0.120288 -0.441311 1.211133 0.278362 1.690106 -0.085070 0.070156 -0.086361 -0.031382 -0.090616 -0.048947 -0.759793 1.636768 -0.199735 -0.071324 0.369582 0.691504 -0.635406 0.187694 -0.258082 0.271301 -0.951657 0.532962 0.149236 -0.026135 -0.278708 0.988545 -0.599554 -0.027242 -0.610396 -1.399913 -0.047121 0.491425 -0.800698 0.257301 -0.806882 0.072834 0.228130 -0.680401 0.244923 0.363915 0.180695 0.056965 0.093744 0.078885 0.570038 0.383094 0.094098 0.092997
68 -0.660552 -0.104357 1.511852 -0.860236 -0.375986 0.119621 0.301229 0.265023 0.336976 0.449505 0.641535 -0.008274 0.278344 0.115391 0.081756 -0.304011 -0.524305 1.524377 -0.020945 -0.808631 0.117613 1.470228 -0.237012 -0.388727 0.006479 0.771194 -0.325898 -0.673028 1.281052 -0.267043 0.003752 -1.021646 -0.526673 -0.291412 0.336222 1.197975 -1.430525 -0.022235 0.084105 0.104861 0.489873 1.131730 -0.091252 -0.240652 -0.162044 -0.415545 -0.257523 -0.483193 0.047197 -0.285522 -0.191644 0.887581 0.017208 -0.095355 -1.056085 -0.438890 0.265960 0.085575 -0.627599 -1.789112 -0.111196 -0.444234 -1.568274 -0.127159 0.506717 -0.293557 -1.608076 0.139379 0.264646 0.445535 1.055281 -0.046616 0.176808 -1.339740 0.143889 0.786842 0.110132 0.066199 0.711048 -0.097062 0.818555 0.176811 0.099948 -0.093245 -0.371108 -0.653373 0.021292 -0.103630 0.573392 -0.223726 0.344378 -0.033309 -0.233977 -0.258825 -0.693193 0.180516 -0.036411 -0.565335 -0.561795 -0.086098 1.118243 0.511779 0.080732 -0.103095 -0.207293 0.090409 0.815581 0.134428 -0.230228 0.025549 -0.359150 -0.622785 -0.412907 -0.137322 -0.085475 1.131717 0.386379 -0.092531 0.232656 0.472163 2.068913 -0.104976 -0.385052 0.084327 -0.385099 1.219374 0.291122 1.775925 -0.114241 0.056548 -0.117039 -0.064965 -0.104781 -0.033414 -0.729302 1.719599 -0.139485 -0.128712 0.315027 0.745619 -0.701100 0.247460 -0.204521 0.319576 -1.008000 0.591658 0.170747 0.024671 -0.330430 0.969839 -0.660679 -0.058954 -0.611433 -1.474458 -0.073706 0.436937 -0.757348 0.286323 -0.858487 0.090902 0.176356 -0.733693 0.192196 0.400407 0.128471 0.108293 0.107501 0.128766 0.599348 0.439466 0.066933 0.143515
69 -0.672259 -0.101770 1.458628 -0.815592 -0.424976 0.157278 0.347851 0.231073 0.305666 0.407044 0.644999 -0.055274 0.263048 0.090103 0.132796 -0.249863 -0.572240 1.476541 0.013916 -0.762811 0.093378 1.421536 -0.289411 -0.437763 0.047400 0.770540 -0.374857 -0.646332 1.232574 -0.246161 0.059276 -0.976273 -0.532765 -0.345433 0.308046 1.209506 -1.380202 -0.074981 0.135308 0.053227 0.443051 1.087031 -0.105461 -0.297134 -0.130471 -0.366734 -0.226241 -0.444881 0.061028 -0.237427 -0.201130 0.841649 -0.027123 -0.123546 -1.009942 -0.448752 0.268902 0.122173 -0.581195 -1.734560 -0.155229 -0.438741 -1.515245 -0.151713 0.463835 -0.263860 -1.556966 0.109233 0.235295 0.395083 1.012001 -0.027314 0.148515 -1.292117 0.096386 0.827820 0.113712 0.044093 0.723219 -0.075136 0.826944 0.123019 0.073950 -0.123613 -0.333902 -0.685881 0.072564 -0.078653 0.620057 -0.191436 0.310281 -0.031963 -0.185001 -0.270372 -0.662552 0.147523 0.019147 -0.567680 -0.604762 -0.068038 1.073029 0.508140 0.061791 -0.078021 -0.240925 0.128479 0.859412 0.130819 -0.284330 0.002572 -0.305419 -0.631383 -0.368984 -0.190400 -0.120667 1.085856 0.342396 -0.110662 0.187644 0.518842 2.010620 -0.080851 -0.411301 0.121422 -0.440854 1.229153 0.286871 1.721034 -0.085288 0.066525 -0.086444 -0.031435 -0.097154 -0.043723 -0.764342 1.665830 -0.197875 -0.073248 0.368592 0.700445 -0.645955 0.191629 -0.257460 0.274953 -0.964432 0.540171 0.148970 -0.025265 -0.283114 0.995359 -0.609464 -0.030233 -0.617215 -1.424131 -0.047449 0.491044 -0.803870 0.259085 -0.816879 0.073849 0.228698 -0.694275 0.245313 0.367929 0.181266 0.057766 0.093962 0.080810 0.583085 0.389113 0.093195 0.093982
70 -0.665585 -0.101789 1.545445 -0.876500 -0.369738 0.115678 0.297621 0.271068 0.341955 0.457072 0.649850 -0.002789 0.281426 0.119138 0.076580 -0.315095 -0.521757 1.559338 -0.021305 -0.823772 0.121063 1.503478 -0.232105 -0.383157 -0.001208 0.784626 -0.318092 -0.691868 1.309621 -0.270873 -0.005628 -1.040704 -0.533638 -0.282141 0.347588 1.204713 -1.462271 -0.016121 0.078897 0.112342 0.503463 1.153446 -0.084259 -0.232651 -0.165295 -0.425359 -0.262651 -0.490504 0.039635 -0.293017 -0.192094 0.904185 0.021627 -0.089918 -1.076523 -0.443308 0.271868 0.082635 -0.643351 -1.826820 -0.106956 -0.457388 -1.602364 -0.121979 0.516166 -0.299215 -1.643448 0.143322 0.271497 0.457272 1.075481 -0.050977 0.180811 -1.367806 0.148756 0.785433 0.105696 0.066624 0.716143 -0.101256 0.828583 0.185367 0.103093 -0.089998 -0.376994 -0.652904 0.015552 -0.107628 0.571346 -0.227904 0.349985 -0.033654 -0.241210 -0.257141 -0.711644 0.184418 -0.046077 -0.574050 -0.556461 -0.089706 1.139891 0.525983 0.084325 -0.105938 -0.207964 0.087503 0.815173 0.135012 -0.222999 0.032185 -0.371197 -0.627908 -0.425282 -0.128085 -0.079377 1.153723 0.393949 -0.087343 0.239242 0.467724 2.112323 -0.108854 -0.388895 0.081470 -0.378224 1.238348 0.301761 1.816083 -0.117447 0.050491 -0.120477 -0.069030 -0.113939 -0.025507 -0.729226 1.757400 -0.130705 -0.137190 0.307879 0.759730 -0.719160 0.258336 -0.198000 0.328717 -1.026387 0.605385 0.172869 0.030847 -0.340780 0.973555 -0.677209 -0.065926 -0.617224 -1.506450 -0.077207 0.430193 -0.754731 0.291084 -0.873543 0.094625 0.171352 -0.753462 0.186876 0.408195 0.123404 0.114374 0.109254 0.135529 0.616204 0.451995 0.062629 0.149796
71 -0.665648 -0.103193 1.501965 -0.849396 -0.390550 0.131069 0.315493 0.255317 0.327950 0.437549 0.644534 -0.022142 0.274025 0.107880 0.097006 -0.289087 -0.539250 1.516474 -0.009846 -0.797207 0.110372 1.461692 -0.252772 -0.403433 0.018191 0.773814 -0.340171 -0.667982 1.271575 -0.261048 0.019549 -1.011153 -0.530209 -0.306832 0.329294 1.203702 -1.421160 -0.037763 0.099408 0.089890 0.477746 1.122003 -0.094762 -0.257051 -0.152514 -0.401953 -0.248474 -0.472515 0.050501 -0.271793 -0.194926 0.876420 0.003965 -0.103470 -1.045626 -0.443110 0.268086 0.096799 -0.616080 -1.779814 -0.124456 -0.444817 -1.558594 -0.134248 0.494967 -0.285138 -1.599288 0.130430 0.256513 0.431995 1.045661 -0.041047 0.168459 -1.330450 0.129693 0.800086 0.110574 0.059090 0.716348 -0.090677 0.823604 0.161484 0.092177 -0.102402 -0.360477 -0.664116 0.036489 -0.096253 0.588028 -0.214222 0.334578 -0.032922 -0.219848 -0.262542 -0.686967 0.170662 -0.020669 -0.567958 -0.574800 -0.080819 1.108328 0.513198 0.075162 -0.095474 -0.218268 0.102179 0.829898 0.133354 -0.246072 0.019259 -0.344533 -0.626862 -0.401422 -0.152473 -0.095756 1.121689 0.373928 -0.097502 0.219591 0.486431 2.059763 -0.097852 -0.394363 0.095761 -0.401546 1.226793 0.291566 1.766955 -0.105586 0.058854 -0.107841 -0.054923 -0.103804 -0.035570 -0.740937 1.710524 -0.156288 -0.112692 0.330759 0.734221 -0.687251 0.231844 -0.220145 0.307072 -0.997925 0.578074 0.164069 0.009979 -0.317310 0.979209 -0.647776 -0.050935 -0.614685 -1.465186 -0.065825 0.452968 -0.772047 0.278489 -0.848320 0.085963 0.192075 -0.725058 0.208073 0.391581 0.144288 0.093410 0.103413 0.114875 0.597202 0.425920 0.074599 0.128941
72 -0.693353 -0.104316 1.464360 -0.812539 -0.461713 0.181312 0.380651 0.219464 0.298826 0.396967 0.661002 -0.081567 0.263090 0.080376 0.161745 -0.226834 -0.611082 1.484582 0.032534 -0.757944 0.084306 1.428264 -0.323204 -0.474713 0.071454 0.786255 -0.410604 -0.645875 1.235081 -0.242840 0.090147 -0.976038 -0.547317 -0.382859 0.299978 1.246686 -1.385435 -0.103792 0.164354 0.027051 0.429246 1.089806 -0.117336 -0.334003 -0.119242 -0.349445 -0.216616 -0.436748 0.071164 -0.219103 -0.210353 0.838122 -0.051016 -0.142077 -1.009891 -0.464092 0.274980 0.144054 -0.570699 -1.746109 -0.182428 -0.444480 -1.522371 -0.169629 0.452516 -0.255492 -1.565724 0.096763 0.225201 0.378197 1.013551 -0.018428 0.138153 -1.297316 0.075000 0.871037 0.120897 0.036558 0.745964 -0.065840 0.849004 0.098021 0.062592 -0.142846 -0.323057 -0.722286 0.100563 -0.068455 0.660182 -0.179976 0.301187 -0.032485 -0.164297 -0.284428 -0.661035 0.135826 0.048870 -0.580997 -0.643736 -0.061670 1.075016 0.515434 0.054588 -0.068759 -0.263739 0.151525 0.903897 0.133322 -0.319502 -0.010105 -0.283806 -0.650148 -0.354201 -0.223788 -0.143358 1.087895 0.329257 -0.123923 0.169248 0.556672 2.026290 -0.070674 -0.434506 0.143853 -0.480382 1.258694 0.290002 1.731414 -0.072625 0.075138 -0.072708 -0.013885 -0.093463 -0.051370 -0.803058 1.675764 -0.233492 -0.045268 0.405587 0.694493 -0.631217 0.165858 -0.291070 0.258379 -0.965116 0.525588 0.143599 -0.051009 -0.265125 1.033333 -0.596576 -0.015269 -0.634111 -1.430490 -0.036039 0.531416 -0.848523 0.252365 -0.815462 0.067709 0.260560 -0.688829 0.278438 0.360113 0.212394 0.033732 0.090710 0.058512 0.586437 0.371023 0.110083 0.071141
73 -0.676730 -0.104371 1.473119 -0.826382 -0.425555 0.155709 0.347046 0.236436 0.312419 0.415535 0.649423 -0.051815 0.267587 0.093724 0.129091 -0.256262 -0.573483 1.489911 0.010270 -0.773411 0.096988 1.434942 -0.287304 -0.438242 0.045366 0.775275 -0.375276 -0.651749 1.244928 -0.251076 0.055580 -0.988126 -0.535892 -0.345132 0.311837 1.220863 -1.393814 -0.070787 0.131597 0.058010 0.450366 1.099452 -0.107293 -0.295513 -0.135710 -0.374085 -0.231728 -0.453063 0.062356 -0.244334 -0.201905 0.852675 -0.023340 -0.123186 -1.021920 -0.451345 0.269513 0.119864 -0.589426 -1.751329 -0.152973 -0.440550 -1.530188 -0.152277 0.471799 -0.269248 -1.571717 0.113294 0.239592 0.402644 1.023667 -0.029132 0.152868 -1.305431 0.102315 0.833153 0.116526 0.048213 0.728238 -0.077721 0.832124 0.128839 0.077176 -0.122410 -0.340755 -0.690924 0.068445 -0.081904 0.622148 -0.196596 0.316859 -0.032547 -0.191300 -0.273026 -0.668764 0.152900 0.015027 -0.571189 -0.608237 -0.070680 1.085311 0.509851 0.064362 -0.081938 -0.239371 0.126152 0.864109 0.132937 -0.282648 0.003458 -0.312104 -0.635830 -0.375094 -0.188609 -0.119733 1.098297 0.350109 -0.111351 0.193721 0.520320 2.029500 -0.083861 -0.411893 0.119134 -0.440442 1.235657 0.287550 1.736945 -0.088969 0.068162 -0.090198 -0.034427 -0.096294 -0.045275 -0.769433 1.681587 -0.195152 -0.078404 0.367891 0.710495 -0.655172 0.197466 -0.255366 0.281297 -0.976153 0.548966 0.153571 -0.020718 -0.289563 1.002762 -0.618269 -0.032054 -0.621632 -1.438149 -0.050674 0.491541 -0.808107 0.264521 -0.827585 0.076233 0.225801 -0.701567 0.242742 0.374123 0.177855 0.063335 0.096751 0.086093 0.586800 0.396191 0.092531 0.099704
74 -0.666881 -0.103318 1.521298 -0.862275 -0.383138 0.124770 0.308641 0.262733 0.335058 0.447183 0.647570 -0.014015 0.278220 0.113120 0.088512 -0.300266 -0.533154 1.535150 -0.015393 -0.809849 0.115424 1.480073 -0.244661 -0.396162 0.010409 0.778919 -0.332265 -0.678098 1.288479 -0.266156 0.009434 -1.025155 -0.532197 -0.297902 0.337230 1.206834 -1.439439 -0.028738 0.090880 0.099392 0.489113 1.136767 -0.091323 -0.247869 -0.158738 -0.412599 -0.255328 -0.481551 0.046749 -0.281516 -0.194164 0.889584 0.011657 -0.098363 -1.060093 -0.443908 0.269539 0.090743 -0.628198 -1.800801 -0.117272 -0.450051 -1.578077 -0.129809 0.505071 -0.292006 -1.618804 0.136428 0.263444 0.443243 1.059690 -0.045266 0.174404 -1.347413 0.138459 0.796014 0.109610 0.063055 0.717664 -0.095430 0.826619 0.171787 0.097338 -0.097477 -0.368632 -0.661130 0.027681 -0.101441 0.582477 -0.220912 0.342243 -0.033434 -0.229519 -0.261143 -0.697815 0.177294 -0.031029 -0.571057 -0.569039 -0.084850 1.123103 0.518481 0.079314 -0.100482 -0.213791 0.095845 0.825616 0.134596 -0.237239 0.024441 -0.356023 -0.628523 -0.411846 -0.143162 -0.089303 1.136651 0.383510 -0.093765 0.228649 0.479919 2.083071 -0.102916 -0.392159 0.089644 -0.393066 1.232242 0.295654 1.788422 -0.111205 0.056143 -0.113799 -0.061143 -0.107395 -0.032124 -0.737822 1.731162 -0.146441 -0.123054 0.322286 0.746323 -0.701216 0.243034 -0.211514 0.316837 -1.011539 0.590394 0.168708 0.018896 -0.327683 0.979005 -0.660802 -0.057109 -0.616938 -1.483594 -0.071058 0.444902 -0.766824 0.284842 -0.860585 0.089856 0.183704 -0.737396 0.199705 0.399550 0.135739 0.102684 0.106452 0.123975 0.605417 0.437303 0.069960 0.138261
75 -0.666531 -0.102962 1.504471 -0.850704 -0.390771 0.131032 0.315774 0.255717 0.328333 0.438094 0.645456 -0.022170 0.274454 0.108109 0.097104 -0.289513 -0.539741 1.519054 -0.009773 -0.798387 0.110611 1.464164 -0.253028 -0.403722 0.017938 0.775115 -0.340306 -0.669479 1.273709 -0.261415 0.019461 -1.012724 -0.530987 -0.306974 0.330194 1.204791 -1.423542 -0.037813 0.099510 0.090009 0.478552 1.123801 -0.094359 -0.257259 -0.152672 -0.402547 -0.248832 -0.473087 0.049988 -0.272071 -0.195226 0.877743 0.003953 -0.103364 -1.047273 -0.443802 0.268604 0.096806 -0.617079 -1.782625 -0.124546 -0.446080 -1.561140 -0.134122 0.495654 -0.285589 -1.601922 0.130638 0.257048 0.432540 1.047344 -0.041285 0.168744 -1.332648 0.129820 0.800678 0.110402 0.059058 0.717250 -0.090974 0.824708 0.161713 0.092398 -0.102491 -0.360891 -0.664627 0.036534 -0.096500 0.588640 -0.214516 0.335021 -0.033022 -0.220150 -0.262559 -0.688495 0.170872 -0.020821 -0.568877 -0.575106 -0.081024 1.110099 0.514566 0.075386 -0.095633 -0.218558 0.102138 0.830603 0.133514 -0.246233 0.019683 -0.345072 -0.627727 -0.402142 -0.152470 -0.095544 1.123480 0.374385 -0.097233 0.219922 0.486762 2.062926 -0.098134 -0.394893 0.095764 -0.401869 1.228514 0.292606 1.769893 -0.105781 0.058466 -0.108074 -0.055101 -0.104549 -0.034932 -0.741561 1.713293 -0.156426 -0.112895 0.330975 0.735284 -0.688371 0.232198 -0.220303 0.307660 -0.999483 0.578938 0.164279 0.010033 -0.317919 0.980184 -0.648826 -0.051329 -0.615606 -1.467597 -0.066045 0.453302 -0.772662 0.278916 -0.849626 0.086199 0.192271 -0.726525 0.208286 0.392185 0.144455 0.093514 0.103592 0.115083 0.598782 0.426609 0.074543 0.129120
76 -0.660612 -0.103441 1.552651 -0.886268 -0.355590 0.104437 0.283330 0.280414 0.350695 0.468773 0.646324 0.011115 0.285551 0.126164 0.061345 -0.329600 -0.506754 1.564233 -0.032859 -0.834282 0.127842 1.509224 -0.216336 -0.368752 -0.012381 0.780809 -0.304475 -0.694552 1.316771 -0.276495 -0.021083 -1.049841 -0.529646 -0.267204 0.353335 1.199070 -1.469075 -0.000573 0.063624 0.127065 0.514735 1.161509 -0.081929 -0.216515 -0.174589 -0.438498 -0.271344 -0.501039 0.037604 -0.306619 -0.189121 0.914279 0.035014 -0.082448 -1.085463 -0.438943 0.269058 0.071400 -0.653778 -1.833171 -0.093664 -0.455048 -1.609329 -0.115662 0.527517 -0.307312 -1.649357 0.152007 0.279134 0.470338 1.083551 -0.055752 0.188913 -1.374890 0.162979 0.772495 0.105997 0.073549 0.710993 -0.107074 0.822977 0.200561 0.110774 -0.081086 -0.387612 -0.642476 0.000392 -0.114480 0.556607 -0.237366 0.359537 -0.034033 -0.255236 -0.254059 -0.716029 0.193994 -0.061484 -0.570710 -0.544109 -0.094275 1.148148 0.522765 0.089226 -0.113131 -0.196547 0.075748 0.800950 0.135907 -0.207375 0.037615 -0.385252 -0.623899 -0.435985 -0.113449 -0.069618 1.162076 0.406157 -0.082918 0.252138 0.453755 2.118138 -0.115544 -0.378935 0.070051 -0.361962 1.229479 0.299781 1.821737 -0.126129 0.049237 -0.129586 -0.078864 -0.113456 -0.024743 -0.717864 1.763408 -0.114212 -0.152867 0.292438 0.770359 -0.731800 0.273368 -0.182550 0.340640 -1.035137 0.618184 0.179226 0.045417 -0.353151 0.964189 -0.689006 -0.073153 -0.613921 -1.513176 -0.084684 0.414488 -0.740347 0.298615 -0.882687 0.098852 0.155637 -0.760353 0.171031 0.416589 0.107547 0.129210 0.113085 0.149368 0.616317 0.464700 0.055372 0.164225
77 -0.669729 -0.103655 1.485162 -0.837767 -0.406096 0.141591 0.329197 0.246897 0.320945 0.427464 0.645491 -0.035317 0.271289 0.101732 0.111270 -0.273711 -0.554010 1.500371 -0.001730 -0.785361 0.104629 1.445807 -0.268109 -0.418820 0.030335 0.772797 -0.355961 -0.659174 1.256534 -0.256645 0.036137 -0.999175 -0.531662 -0.324490 0.321091 1.209383 -1.405303 -0.052624 0.113718 0.075467 0.464468 1.109821 -0.100385 -0.274653 -0.145190 -0.389198 -0.241041 -0.463610 0.055829 -0.259207 -0.197893 0.864445 -0.007953 -0.112232 -1.033137 -0.446107 0.268019 0.106569 -0.602813 -1.762273 -0.136839 -0.442072 -1.541800 -0.142125 0.484281 -0.278087 -1.582644 0.123003 0.249004 0.417950 1.033980 -0.035769 0.161751 -1.316175 0.117685 0.813726 0.113453 0.054539 0.720720 -0.085106 0.825709 0.146524 0.085869 -0.111172 -0.351665 -0.674823 0.050749 -0.090024 0.602706 -0.206610 0.326719 -0.032824 -0.207028 -0.266631 -0.677562 0.162882 -0.004229 -0.568279 -0.589337 -0.076293 1.095948 0.510716 0.070432 -0.089640 -0.226840 0.112162 0.843998 0.133289 -0.262599 0.012328 -0.329245 -0.630096 -0.388865 -0.169018 -0.106203 1.109076 0.363044 -0.103577 0.208110 0.501104 2.040367 -0.091908 -0.400941 0.105623 -0.419174 1.227582 0.289266 1.748482 -0.098522 0.063034 -0.100453 -0.046214 -0.100122 -0.039911 -0.752424 1.692798 -0.174215 -0.097217 0.347526 0.722495 -0.671362 0.215925 -0.235981 0.295371 -0.986609 0.564114 0.159661 -0.003767 -0.304533 0.988423 -0.633190 -0.042597 -0.617106 -1.449366 -0.059361 0.470324 -0.787388 0.272393 -0.837961 0.081648 0.207051 -0.712919 0.223552 0.383530 0.159202 0.079968 0.100615 0.101929 0.591598 0.411877 0.082490 0.115944
78 -0.697981 -0.104495 1.484490 -0.823777 -0.461563 0.180083 0.380683 0.223816 0.303688 0.403420 0.666903 -0.079354 0.266601 0.083259 0.159755 -0.232540 -0.612852 1.504961 0.031746 -0.768506 0.087111 1.447907 -0.322308 -0.474799 0.068637 0.794515 -0.409554 -0.656455 1.252125 -0.246724 0.086685 -0.988913 -0.552030 -0.381135 0.306195 1.255845 -1.404442 -0.101358 0.162344 0.030517 0.437261 1.104228 -0.115541 -0.332345 -0.122471 -0.355416 -0.220799 -0.442938 0.068735 -0.224217 -0.211020 0.849415 -0.048899 -0.140491 -1.023354 -0.467612 0.277934 0.142946 -0.580109 -1.769036 -0.181264 -0.451419 -1.542929 -0.168385 0.459191 -0.259952 -1.586794 0.099600 0.229593 0.385267 1.027021 -0.021004 0.141349 -1.314784 0.078416 0.875224 0.120603 0.038570 0.750922 -0.068460 0.856068 0.102333 0.064816 -0.141797 -0.327885 -0.726259 0.098132 -0.071247 0.662633 -0.183414 0.306045 -0.032961 -0.168726 -0.285421 -0.671553 0.139342 0.044995 -0.586628 -0.645265 -0.064458 1.089326 0.522787 0.057251 -0.071495 -0.264403 0.150419 0.908237 0.134796 -0.317923 -0.007319 -0.290108 -0.654746 -0.361135 -0.221251 -0.141463 1.102379 0.335154 -0.122590 0.173636 0.557638 2.052401 -0.073260 -0.437296 0.142719 -0.479826 1.270211 0.295266 1.754910 -0.074942 0.073466 -0.075131 -0.015971 -0.097104 -0.048687 -0.807290 1.698228 -0.231127 -0.049111 0.404511 0.704286 -0.641290 0.171079 -0.289460 0.263895 -0.977817 0.533853 0.146580 -0.047986 -0.271067 1.039704 -0.606211 -0.018426 -0.638945 -1.449784 -0.038532 0.531251 -0.851796 0.256611 -0.826344 0.070383 0.259137 -0.699940 0.277299 0.365766 0.210855 0.037271 0.092765 0.062256 0.595709 0.377918 0.108802 0.074950
79 -0.667298 -0.103473 1.486486 -0.838967 -0.401094 0.138619 0.324848 0.248496 0.321977 0.429118 0.643930 -0.031641 0.271213 0.102961 0.107198 -0.277379 -0.548910 1.501519 -0.003881 -0.786769 0.105725 1.446982 -0.263396 -0.413817 0.027104 0.771422 -0.351014 -0.659812 1.257867 -0.257071 0.031519 -1.000141 -0.530219 -0.319004 0.322279 1.205583 -1.406534 -0.048439 0.109632 0.079284 0.466992 1.110581 -0.098942 -0.269238 -0.146690 -0.391805 -0.242360 -0.464915 0.054644 -0.262051 -0.196703 0.865729 -0.004721 -0.109756 -1.034178 -0.444328 0.267487 0.103852 -0.605056 -1.763343 -0.133228 -0.441445 -1.543050 -0.139865 0.486066 -0.279204 -1.583787 0.124619 0.250291 0.420934 1.034759 -0.036879 0.163029 -1.317122 0.120607 0.808487 0.112478 0.055454 0.718127 -0.086200 0.823584 0.150317 0.087217 -0.108588 -0.353237 -0.670610 0.046773 -0.091301 0.597436 -0.208095 0.327979 -0.032701 -0.210012 -0.265166 -0.678266 0.164461 -0.008692 -0.566988 -0.584282 -0.077117 1.096803 0.509928 0.071315 -0.090802 -0.224140 0.109432 0.838585 0.132903 -0.257580 0.013867 -0.332755 -0.627931 -0.391365 -0.164162 -0.103353 1.109976 0.365107 -0.101959 0.210650 0.496191 2.041502 -0.093093 -0.398425 0.102883 -0.413512 1.225170 0.288834 1.749802 -0.100090 0.062035 -0.102061 -0.048365 -0.100539 -0.039128 -0.747872 1.694058 -0.168857 -0.101246 0.342287 0.724038 -0.674274 0.219874 -0.231220 0.297742 -0.987386 0.566699 0.160265 -0.000098 -0.307207 0.984022 -0.635780 -0.044503 -0.615125 -1.450531 -0.060745 0.464666 -0.781722 0.273228 -0.838768 0.082415 0.202594 -0.714450 0.218857 0.384739 0.154817 0.083393 0.100963 0.105144 0.591322 0.414815 0.080253 0.119139
80 -0.673696 -0.104638 1.494486 -0.842354 -0.409278 0.143477 0.331992 0.247607 0.322557 0.429523 0.649462 -0.036485 0.272542 0.101916 0.112543 -0.274582 -0.558057 1.509924 -0.000404 -0.789571 0.104808 1.454920 -0.270279 -0.422088 0.031556 0.777388 -0.358795 -0.662735 1.264073 -0.257873 0.036977 -1.004685 -0.534966 -0.326774 0.322178 1.217827 -1.414023 -0.053573 0.115005 0.074995 0.466784 1.116252 -0.101708 -0.276677 -0.145714 -0.390382 -0.241916 -0.465678 0.056831 -0.260160 -0.199017 0.869051 -0.009052 -0.113578 -1.038924 -0.448882 0.269508 0.108162 -0.606015 -1.773735 -0.138732 -0.444202 -1.551584 -0.143804 0.486168 -0.279044 -1.592751 0.122998 0.249518 0.419895 1.039802 -0.035652 0.161997 -1.324202 0.117531 0.819998 0.114554 0.054907 0.725042 -0.084980 0.830885 0.146673 0.085523 -0.112475 -0.352855 -0.680629 0.051786 -0.090057 0.607183 -0.206958 0.327943 -0.032965 -0.207350 -0.269106 -0.680913 0.163432 -0.003613 -0.571672 -0.593890 -0.076662 1.102259 0.513106 0.070614 -0.089920 -0.229085 0.114029 0.850238 0.134033 -0.264709 0.011565 -0.330414 -0.633770 -0.390458 -0.170716 -0.107905 1.115512 0.364601 -0.104885 0.208421 0.505059 2.053936 -0.091731 -0.404301 0.107291 -0.421944 1.235376 0.290464 1.759893 -0.098240 0.064040 -0.099984 -0.045266 -0.100121 -0.040776 -0.758397 1.703820 -0.175666 -0.096701 0.350064 0.726334 -0.674703 0.216222 -0.237924 0.296236 -0.992060 0.566673 0.160377 -0.004408 -0.305536 0.995030 -0.636402 -0.041953 -0.620549 -1.458390 -0.059148 0.473549 -0.793047 0.273398 -0.842380 0.081923 0.208832 -0.716659 0.225457 0.385100 0.160785 0.079737 0.101038 0.101861 0.594289 0.413443 0.083720 0.115789
81 -0.661264 -0.104853 1.539081 -0.878782 -0.363106 0.109289 0.289264 0.276223 0.347570 0.463968 0.644931 0.005207 0.284099 0.123233 0.067515 -0.321796 -0.513035 1.550403 -0.030200 -0.827013 0.125140 1.495939 -0.223005 -0.375984 -0.005932 0.777248 -0.312488 -0.686599 1.304927 -0.274365 -0.012892 -1.041608 -0.528634 -0.276148 0.347378 1.200967 -1.456247 -0.007131 0.069827 0.120319 0.506977 1.152557 -0.086430 -0.224898 -0.171635 -0.431993 -0.267805 -0.496738 0.042135 -0.300815 -0.190135 0.906620 0.029869 -0.087227 -1.076693 -0.439087 0.267425 0.075586 -0.645561 -1.818571 -0.099136 -0.450268 -1.595699 -0.120181 0.521910 -0.303725 -1.635417 0.148606 0.274856 0.462940 1.075073 -0.052719 0.185787 -1.363564 0.157975 0.778704 0.108749 0.072307 0.711820 -0.104057 0.821700 0.193499 0.107847 -0.085074 -0.383550 -0.647320 0.006678 -0.111383 0.562794 -0.233944 0.355835 -0.033902 -0.249325 -0.256536 -0.707969 0.190678 -0.053294 -0.568799 -0.551454 -0.091870 1.139120 0.517792 0.086715 -0.110634 -0.199338 0.080049 0.806918 0.135938 -0.215193 0.033109 -0.377209 -0.624176 -0.428647 -0.121838 -0.075186 1.152895 0.400983 -0.086874 0.246836 0.460590 2.101675 -0.112532 -0.380400 0.074243 -0.370217 1.225528 0.295707 1.805991 -0.123001 0.052891 -0.126271 -0.074808 -0.109152 -0.029096 -0.722851 1.748577 -0.122748 -0.145497 0.300441 0.763343 -0.722173 0.265284 -0.189864 0.334529 -1.027293 0.610390 0.177523 0.039249 -0.346381 0.967563 -0.680198 -0.068203 -0.613658 -1.500327 -0.081612 0.422728 -0.747292 0.295637 -0.875953 0.096442 0.162125 -0.751169 0.177799 0.412148 0.113945 0.123323 0.111830 0.143410 0.609636 0.457011 0.059462 0.158434
82 -0.665557 -0.103360 1.536374 -0.873233 -0.372460 0.116809 0.298811 0.270140 0.341716 0.456482 0.648145 -0.003896 0.281506 0.118408 0.077611 -0.312603 -0.523145 1.549306 -0.022326 -0.820897 0.120463 1.494167 -0.233493 -0.385571 0.001228 0.780946 -0.321449 -0.685639 1.301895 -0.270568 -0.002998 -1.036641 -0.532089 -0.285766 0.344276 1.205469 -1.453673 -0.017323 0.079953 0.110730 0.500227 1.148455 -0.087622 -0.235408 -0.165217 -0.423623 -0.262037 -0.490040 0.043069 -0.292013 -0.192625 0.900877 0.021075 -0.092096 -1.071913 -0.442754 0.269812 0.083098 -0.639502 -1.816724 -0.107910 -0.452823 -1.593190 -0.124347 0.514785 -0.298507 -1.633700 0.142793 0.270074 0.454830 1.070886 -0.049383 0.180401 -1.360594 0.148494 0.787570 0.108255 0.067143 0.716237 -0.100156 0.826518 0.183737 0.102839 -0.091100 -0.376734 -0.654586 0.016669 -0.106718 0.572796 -0.227783 0.349597 -0.033725 -0.240247 -0.258703 -0.706302 0.184153 -0.043506 -0.571876 -0.559697 -0.088573 1.134887 0.521076 0.083245 -0.105557 -0.207219 0.087921 0.816748 0.135262 -0.225396 0.029809 -0.368398 -0.627794 -0.422234 -0.131270 -0.081500 1.148620 0.393139 -0.089467 0.238425 0.469958 2.100561 -0.108057 -0.387500 0.081953 -0.380867 1.233081 0.297857 1.804754 -0.117336 0.053403 -0.120245 -0.068267 -0.110062 -0.029096 -0.730838 1.746933 -0.133487 -0.135310 0.310560 0.757140 -0.714670 0.255667 -0.200029 0.326888 -1.022547 0.602488 0.173010 0.029670 -0.338426 0.974455 -0.673204 -0.063649 -0.616840 -1.497866 -0.076555 0.433101 -0.757128 0.290700 -0.870733 0.093432 0.172554 -0.747865 0.188304 0.406927 0.124449 0.113531 0.109173 0.134482 0.610798 0.448991 0.064210 0.148894
83 -0.678134 -0.103182 1.471004 -0.824141 -0.428128 0.157612 0.349728 0.234543 0.310172 0.412768 0.650199 -0.054515 0.266804 0.092137 0.132413 -0.253151 -0.576248 1.488209 0.012228 -0.770995 0.095506 1.433138 -0.290660 -0.440885 0.047225 0.776319 -0.377785 -0.651333 1.243105 -0.249719 0.058869 -0.986048 -0.536812 -0.348233 0.311394 1.220498 -1.391906 -0.074169 0.134938 0.054854 0.447882 1.097476 -0.106867 -0.299038 -0.133364 -0.371494 -0.229795 -0.450773 0.061841 -0.241169 -0.202956 0.850446 -0.025823 -0.124370 -1.019832 -0.452567 0.270400 0.121795 -0.587095 -1.748825 -0.155313 -0.442060 -1.527902 -0.153010 0.469526 -0.267699 -1.569680 0.111545 0.238489 0.399628 1.021798 -0.028061 0.151325 -1.303497 0.099241 0.834536 0.115834 0.046049 0.729589 -0.076749 0.833234 0.125594 0.076001 -0.124242 -0.338622 -0.691592 0.071705 -0.080457 0.624769 -0.194844 0.314829 -0.032547 -0.188446 -0.272811 -0.668673 0.150569 0.018259 -0.572096 -0.609972 -0.069369 1.083279 0.511694 0.063144 -0.080085 -0.241524 0.128007 0.866011 0.132676 -0.285873 0.003112 -0.309113 -0.637062 -0.373031 -0.191530 -0.121120 1.096223 0.347300 -0.111442 0.191159 0.522596 2.026701 -0.082759 -0.413529 0.121140 -0.443932 1.237234 0.289033 1.734755 -0.087518 0.067590 -0.088793 -0.032890 -0.097375 -0.044336 -0.770548 1.679230 -0.198878 -0.075200 0.371061 0.708080 -0.652388 0.194270 -0.258627 0.278951 -0.974165 0.546186 0.151901 -0.023886 -0.286989 1.004038 -0.615632 -0.031198 -0.622881 -1.436149 -0.049194 0.494736 -0.810328 0.263035 -0.825613 0.075147 0.229209 -0.700506 0.246164 0.372469 0.181254 0.060054 0.095825 0.083237 0.588036 0.393511 0.093683 0.096609
84 -0.667260 -0.103497 1.519096 -0.861257 -0.384278 0.125405 0.309447 0.262200 0.334649 0.446615 0.647427 -0.014755 0.278105 0.112653 0.089321 -0.299228 -0.534033 1.532817 -0.015295 -0.808881 0.115014 1.477868 -0.245593 -0.397263 0.011330 0.778360 -0.333573 -0.676651 1.286599 -0.265859 0.010616 -1.024033 -0.532095 -0.299339 0.336367 1.207238 -1.437370 -0.029573 0.091705 0.098501 0.487998 1.135473 -0.092090 -0.249156 -0.158324 -0.411848 -0.254860 -0.481092 0.047523 -0.280765 -0.194533 0.888584 0.011073 -0.099112 -1.058858 -0.444075 0.269255 0.091219 -0.626999 -1.798401 -0.117941 -0.449236 -1.575861 -0.130546 0.504427 -0.291568 -1.616509 0.135988 0.262912 0.442229 1.058478 -0.044652 0.174024 -1.345644 0.137885 0.796914 0.110114 0.062802 0.718070 -0.094974 0.826497 0.170903 0.097034 -0.098085 -0.368227 -0.661808 0.028507 -0.100955 0.583372 -0.220564 0.341820 -0.033423 -0.228839 -0.261538 -0.696589 0.176836 -0.029860 -0.570801 -0.570202 -0.084319 1.121784 0.517654 0.078812 -0.100064 -0.214031 0.096300 0.826486 0.134663 -0.238404 0.023781 -0.354943 -0.628837 -0.410828 -0.144458 -0.090088 1.135317 0.382868 -0.094377 0.228038 0.480940 2.080322 -0.102512 -0.392209 0.090131 -0.394342 1.231539 0.294972 1.785777 -0.110901 0.056766 -0.113490 -0.060701 -0.106634 -0.032862 -0.738578 1.728690 -0.147720 -0.122114 0.323519 0.745409 -0.699867 0.241919 -0.212590 0.316078 -1.010465 0.589383 0.168458 0.018088 -0.326778 0.979656 -0.659553 -0.056398 -0.617178 -1.481535 -0.070618 0.446206 -0.767914 0.284491 -0.859706 0.089352 0.184599 -0.735986 0.200614 0.398989 0.136564 0.101938 0.106248 0.123267 0.604354 0.436261 0.070560 0.137532
85 -0.668994 -0.105347 1.433621 -0.806202 -0.429535 0.159233 0.349389 0.228902 0.304916 0.405260 0.638908 -0.057464 0.262507 0.089332 0.134155 -0.244107 -0.573698 1.449531 0.011509 -0.754560 0.092845 1.396313 -0.291399 -0.441808 0.052529 0.759753 -0.381196 -0.632022 1.211674 -0.245356 0.064560 -0.964964 -0.527341 -0.353013 0.299945 1.208007 -1.356616 -0.076992 0.136748 0.050290 0.434761 1.072994 -0.112361 -0.302335 -0.130984 -0.362900 -0.224959 -0.442579 0.068256 -0.234990 -0.200854 0.832439 -0.028180 -0.127596 -0.997386 -0.445348 0.263821 0.122735 -0.571242 -1.706491 -0.156760 -0.427239 -1.489865 -0.155884 0.460028 -0.261827 -1.530266 0.108622 0.231750 0.388746 0.999090 -0.024754 0.147763 -1.271854 0.096087 0.829381 0.118820 0.046226 0.720127 -0.073390 0.819421 0.119471 0.073367 -0.125170 -0.332489 -0.686550 0.074253 -0.077440 0.621512 -0.190971 0.308996 -0.031795 -0.182762 -0.272394 -0.648582 0.147468 0.024688 -0.560890 -0.609774 -0.066522 1.059070 0.495598 0.060327 -0.078113 -0.238964 0.128935 0.859899 0.131718 -0.288953 -0.002457 -0.298894 -0.628141 -0.361264 -0.196865 -0.124985 1.071530 0.340283 -0.115709 0.185607 0.522095 1.978141 -0.079687 -0.407602 0.121971 -0.445584 1.213584 0.277292 1.690310 -0.084995 0.072554 -0.086126 -0.030352 -0.088500 -0.051424 -0.764920 1.637189 -0.202825 -0.070137 0.373764 0.692886 -0.635314 0.186465 -0.261231 0.271035 -0.953523 0.533311 0.149790 -0.027356 -0.278157 0.994557 -0.599560 -0.025533 -0.613399 -1.400414 -0.046693 0.496275 -0.806589 0.257861 -0.808703 0.072158 0.230332 -0.679676 0.247256 0.364246 0.182397 0.056194 0.093953 0.078209 0.569155 0.382599 0.096021 0.092299
86 -0.668185 -0.102607 1.504032 -0.849271 -0.394009 0.133436 0.318983 0.253941 0.326706 0.435922 0.646714 -0.025111 0.273815 0.106682 0.100407 -0.286648 -0.543261 1.519073 -0.007368 -0.796749 0.109248 1.463982 -0.256540 -0.407017 0.020249 0.776549 -0.343396 -0.669413 1.273112 -0.260414 0.022740 -1.011547 -0.532259 -0.310323 0.329317 1.206753 -1.423133 -0.041148 0.102825 0.086920 0.476523 1.122922 -0.094861 -0.260861 -0.150780 -0.400057 -0.247172 -0.471242 0.050372 -0.269368 -0.196090 0.876259 0.001158 -0.105016 -1.046159 -0.445145 0.269409 0.099191 -0.615312 -1.782499 -0.127410 -0.447037 -1.560760 -0.135538 0.493636 -0.284129 -1.601785 0.128889 0.255694 0.430054 1.046416 -0.040282 0.167184 -1.332121 0.126910 0.803908 0.110399 0.057561 0.718963 -0.089828 0.826531 0.158613 0.090898 -0.104492 -0.358937 -0.667253 0.039781 -0.095106 0.592155 -0.212705 0.333259 -0.032997 -0.217368 -0.263373 -0.688199 0.168938 -0.017597 -0.570048 -0.578084 -0.080067 1.109173 0.515777 0.074371 -0.094138 -0.221082 0.104612 0.834117 0.133383 -0.249686 0.018625 -0.342335 -0.629148 -0.400192 -0.155657 -0.097590 1.122532 0.372059 -0.098113 0.217396 0.489996 2.063068 -0.096820 -0.397221 0.098189 -0.405572 1.231276 0.293373 1.769917 -0.104078 0.058713 -0.106285 -0.053087 -0.104825 -0.035003 -0.744433 1.713183 -0.160068 -0.109639 0.334445 0.733565 -0.686188 0.229144 -0.223710 0.305392 -0.998384 0.576643 0.163017 0.006960 -0.315541 0.982825 -0.646789 -0.049893 -0.616881 -1.467207 -0.064518 0.456913 -0.776195 0.277569 -0.848343 0.085329 0.195733 -0.725670 0.211812 0.390736 0.147923 0.090444 0.102852 0.112277 0.599379 0.424206 0.076132 0.126165
87 -0.667424 -0.103521 1.527137 -0.866444 -0.381505 0.122963 0.306971 0.265174 0.337581 0.450420 0.648600 -0.011816 0.279866 0.114942 0.086202 -0.303373 -0.531900 1.540711 -0.017180 -0.813919 0.117214 1.485594 -0.242640 -0.394561 0.008278 0.780532 -0.330470 -0.681325 1.293594 -0.268071 0.006849 -1.029666 -0.532846 -0.295947 0.339717 1.208396 -1.444967 -0.026337 0.088554 0.102027 0.492502 1.141522 -0.090450 -0.245758 -0.160910 -0.415842 -0.257671 -0.484585 0.045699 -0.284477 -0.193941 0.893792 0.013838 -0.097004 -1.064705 -0.444267 0.269915 0.088969 -0.631833 -1.807125 -0.115357 -0.451766 -1.583967 -0.128634 0.508318 -0.294343 -1.624659 0.138400 0.265708 0.446529 1.064228 -0.046715 0.176428 -1.352681 0.141178 0.795519 0.109614 0.064644 0.718265 -0.097040 0.827599 0.174641 0.099028 -0.096110 -0.371307 -0.660800 0.025263 -0.103215 0.581477 -0.223132 0.344876 -0.033660 -0.232405 -0.260853 -0.701214 0.179577 -0.033732 -0.572074 -0.568002 -0.086333 1.127845 0.520158 0.080821 -0.102299 -0.212464 0.093940 0.825018 0.135234 -0.235121 0.025997 -0.359254 -0.629206 -0.414907 -0.140912 -0.087517 1.141436 0.386619 -0.092810 0.231465 0.478529 2.089964 -0.104630 -0.391544 0.087822 -0.391224 1.233759 0.296995 1.794770 -0.113009 0.055435 -0.115749 -0.063060 -0.108446 -0.031111 -0.737471 1.737312 -0.144114 -0.125929 0.320337 0.750178 -0.705273 0.246133 -0.209365 0.319876 -1.015991 0.594102 0.170527 0.021427 -0.330845 0.979524 -0.664661 -0.058963 -0.617813 -1.489173 -0.072841 0.443186 -0.765999 0.287095 -0.864668 0.091271 0.181516 -0.741113 0.197617 0.402184 0.133507 0.105419 0.107636 0.126608 0.608097 0.440643 0.068710 0.141076
88 -0.667820 -0.102833 1.508815 -0.852944 -0.390667 0.130895 0.315790 0.256438 0.329048 0.439182 0.646892 -0.021730 0.274989 0.108448 0.096752 -0.290753 -0.540070 1.523472 -0.009787 -0.800483 0.110933 1.468400 -0.252859 -0.403677 0.017369 0.777067 -0.340040 -0.671566 1.277369 -0.261950 0.018671 -1.015363 -0.532191 -0.306500 0.331464 1.206709 -1.427640 -0.037306 0.099162 0.090714 0.480186 1.126759 -0.093957 -0.256827 -0.153037 -0.403756 -0.249466 -0.474205 0.049481 -0.272983 -0.195606 0.880052 0.004339 -0.103084 -1.050057 -0.444758 0.269372 0.096674 -0.619030 -1.787589 -0.124320 -0.447605 -1.565568 -0.133928 0.496934 -0.286331 -1.606488 0.131042 0.257843 0.433973 1.050089 -0.041554 0.169213 -1.336344 0.130354 0.801423 0.110206 0.059047 0.718595 -0.091340 0.826492 0.162637 0.092745 -0.102413 -0.361757 -0.665360 0.036082 -0.096845 0.589080 -0.215077 0.335806 -0.033095 -0.221012 -0.262785 -0.690740 0.171313 -0.021693 -0.570242 -0.575311 -0.081274 1.113035 0.516252 0.075640 -0.095870 -0.218858 0.102025 0.831436 0.133676 -0.245855 0.020215 -0.346438 -0.628971 -0.403588 -0.151860 -0.095194 1.126461 0.375399 -0.096910 0.220710 0.486902 2.068667 -0.098498 -0.395645 0.095670 -0.401659 1.231401 0.293770 1.775039 -0.106159 0.058094 -0.108447 -0.055427 -0.105352 -0.034365 -0.742388 1.718174 -0.155829 -0.113711 0.330699 0.737242 -0.690580 0.233323 -0.219968 0.308710 -1.002046 0.580668 0.164544 0.010576 -0.319068 0.981592 -0.650865 -0.051912 -0.616883 -1.471750 -0.066340 0.453188 -0.773267 0.279575 -0.851757 0.086471 0.192025 -0.728913 0.208032 0.393216 0.144138 0.094125 0.103798 0.115821 0.600774 0.428048 0.074323 0.129763
89 -0.668280 -0.103255 1.491338 -0.841711 -0.400231 0.137860 0.324155 0.249655 0.323072 0.430744 0.645188 -0.030572 0.271942 0.103656 0.106130 -0.279270 -0.548466 1.506402 -0.004388 -0.789378 0.106394 1.451696 -0.262475 -0.413030 0.025905 0.773278 -0.349995 -0.662311 1.262015 -0.257879 0.029991 -1.003248 -0.531238 -0.317721 0.324014 1.206964 -1.411122 -0.047237 0.108569 0.080668 0.469228 1.114004 -0.098171 -0.268015 -0.147463 -0.393581 -0.243393 -0.466466 0.053760 -0.263570 -0.196921 0.868521 -0.003742 -0.108991 -1.037425 -0.445093 0.268202 0.103162 -0.607568 -1.768771 -0.132381 -0.443145 -1.547984 -0.139205 0.487838 -0.280331 -1.588824 0.125413 0.251503 0.422970 1.037973 -0.037462 0.163877 -1.321301 0.121769 0.808492 0.112123 0.055752 0.719138 -0.086892 0.825057 0.151908 0.087921 -0.108010 -0.354527 -0.670755 0.045633 -0.092006 0.597149 -0.209052 0.329182 -0.032784 -0.211496 -0.265092 -0.680971 0.165328 -0.010305 -0.568236 -0.583749 -0.077645 1.100215 0.511758 0.071863 -0.091397 -0.223886 0.108715 0.838640 0.133133 -0.256427 0.014843 -0.334763 -0.628930 -0.393392 -0.162816 -0.102402 1.113436 0.366678 -0.101291 0.212034 0.495587 2.047654 -0.093803 -0.398683 0.102208 -0.412477 1.227619 0.290181 1.755432 -0.100857 0.061363 -0.102858 -0.049165 -0.101613 -0.038200 -0.748064 1.699421 -0.167491 -0.102782 0.341208 0.726503 -0.677062 0.221686 -0.230122 0.299370 -0.990413 0.568988 0.160830 0.001136 -0.308965 0.984790 -0.638396 -0.045575 -0.616223 -1.455165 -0.061425 0.463724 -0.781522 0.274243 -0.841367 0.082947 0.201600 -0.717371 0.217864 0.386178 0.153784 0.084674 0.101358 0.106536 0.593648 0.416843 0.079601 0.120438
90 -0.662080 -0.102615 1.559430 -0.888762 -0.355209 0.104623 0.283676 0.280698 0.350724 0.469121 0.648423 0.011103 0.285579 0.126175 0.061493 -0.330790 -0.507263 1.571623 -0.031710 -0.836465 0.127798 1.516105 -0.216489 -0.368586 -0.013112 0.784069 -0.303763 -0.698357 1.322416 -0.276560 -0.021951 -1.052992 -0.531533 -0.266157 0.355186 1.200779 -1.475475 -0.000505 0.063774 0.127413 0.516674 1.165368 -0.080531 -0.215881 -0.174259 -0.439385 -0.271459 -0.501396 0.036100 -0.306914 -0.189508 0.916821 0.034731 -0.081875 -1.088955 -0.440263 0.270659 0.071819 -0.656269 -1.841026 -0.093896 -0.458051 -1.616282 -0.115056 0.528356 -0.307574 -1.656725 0.151926 0.279752 0.471708 1.087064 -0.056148 0.188844 -1.380376 0.162615 0.773045 0.104814 0.072787 0.712472 -0.107316 0.825667 0.201134 0.110596 -0.081150 -0.387701 -0.643157 0.000436 -0.114578 0.557181 -0.237202 0.359621 -0.034016 -0.255458 -0.253914 -0.719552 0.193778 -0.062375 -0.572896 -0.543728 -0.094488 1.151980 0.526095 0.089407 -0.112913 -0.197793 0.076270 0.801863 0.135820 -0.206955 0.038509 -0.386683 -0.625290 -0.437709 -0.112509 -0.069137 1.165995 0.406503 -0.082151 0.252234 0.453817 2.127408 -0.115620 -0.380750 0.070535 -0.361542 1.234552 0.302218 1.830261 -0.125889 0.047971 -0.129332 -0.078764 -0.115517 -0.023064 -0.718703 1.771363 -0.113439 -0.153376 0.291981 0.772344 -0.734694 0.274468 -0.182319 0.341483 -1.038148 0.620010 0.178848 0.045479 -0.354246 0.965573 -0.691565 -0.073950 -0.615383 -1.519656 -0.084610 0.414071 -0.740737 0.298696 -0.884887 0.099129 0.155817 -0.764052 0.171073 0.417314 0.107729 0.129154 0.112933 0.149588 0.619835 0.466308 0.055040 0.164199
91 -0.667214 -0.102635 1.514775 -0.856806 -0.386790 0.128119 0.312426 0.258948 0.331205 0.442170 0.647193 -0.018330 0.276015 0.110290 0.093131 -0.295000 -0.536597 1.529289 -0.011862 -0.804319 0.112673 1.474098 -0.249062 -0.399866 0.014032 0.778134 -0.336011 -0.674893 1.282637 -0.263419 0.014329 -1.019489 -0.532261 -0.302040 0.334169 1.205927 -1.433276 -0.033516 0.095524 0.094524 0.484133 1.131080 -0.092242 -0.252418 -0.155143 -0.407473 -0.251710 -0.476939 0.047767 -0.276439 -0.194924 0.884010 0.007432 -0.100733 -1.054370 -0.444341 0.269704 0.094125 -0.623106 -1.793916 -0.121166 -0.449131 -1.571540 -0.131778 0.500193 -0.288517 -1.612474 0.133178 0.260187 0.437952 1.054210 -0.043194 0.171213 -1.341450 0.133583 0.798282 0.109375 0.060341 0.717932 -0.093058 0.826593 0.166635 0.094561 -0.100174 -0.364356 -0.662894 0.032412 -0.098709 0.585684 -0.217290 0.338200 -0.033191 -0.224530 -0.261710 -0.694158 0.173563 -0.026029 -0.570712 -0.571745 -0.082713 1.117394 0.517762 0.077130 -0.097598 -0.216812 0.099387 0.828235 0.133814 -0.241685 0.022294 -0.350733 -0.628580 -0.407287 -0.147560 -0.092326 1.130885 0.378540 -0.095157 0.223924 0.483301 2.075687 -0.100297 -0.394271 0.093084 -0.397331 1.232247 0.295030 1.781685 -0.108145 0.056762 -0.110560 -0.057848 -0.106790 -0.032842 -0.739776 1.724520 -0.151292 -0.117848 0.326508 0.740956 -0.695437 0.237688 -0.215969 0.312165 -1.005996 0.584875 0.165929 0.014171 -0.322815 0.979809 -0.655317 -0.054351 -0.616740 -1.477382 -0.068233 0.448919 -0.769684 0.281511 -0.855305 0.087863 0.188278 -0.732986 0.204188 0.395743 0.140398 0.097697 0.104710 0.119284 0.603251 0.432165 0.072224 0.133284
92 -0.669779 -0.102617 1.517731 -0.857832 -0.389930 0.130035 0.315310 0.258404 0.331015 0.441886 0.649423 -0.020397 0.276383 0.109696 0.095543 -0.293618 -0.540213 1.532504 -0.010295 -0.805085 0.112139 1.477099 -0.252009 -0.403057 0.015694 0.780723 -0.338935 -0.676306 1.284967 -0.263493 0.016648 -1.021004 -0.534239 -0.305094 0.334420 1.209969 -1.436070 -0.035862 0.097945 0.092588 0.483860 1.133034 -0.092783 -0.255507 -0.154367 -0.406656 -0.251274 -0.476874 0.048069 -0.275292 -0.195953 0.885030 0.005573 -0.102078 -1.055981 -0.446261 0.270776 0.095902 -0.623307 -1.797627 -0.123393 -0.450847 -1.574627 -0.133054 0.499965 -0.288291 -1.615790 0.132367 0.259909 0.437222 1.055960 -0.042683 0.170654 -1.344014 0.131993 0.802320 0.109734 0.059655 0.720657 -0.092575 0.829513 0.164879 0.093847 -0.101771 -0.363913 -0.666266 0.034674 -0.098092 0.589461 -0.216651 0.337893 -0.033285 -0.223187 -0.262858 -0.695586 0.172796 -0.023866 -0.572722 -0.575153 -0.082372 1.119272 0.519727 0.076733 -0.096961 -0.218958 0.101224 0.832475 0.134171 -0.244605 0.021719 -0.349563 -0.630931 -0.406865 -0.150148 -0.093942 1.132778 0.377947 -0.095965 0.222795 0.486617 2.080108 -0.099729 -0.396672 0.094913 -0.400774 1.236441 0.296302 1.785442 -0.107309 0.057045 -0.109676 -0.056607 -0.107251 -0.032853 -0.743437 1.728066 -0.154211 -0.115836 0.329637 0.741529 -0.695374 0.236040 -0.218779 0.311367 -1.007560 0.584561 0.165648 0.012176 -0.321933 0.983791 -0.655327 -0.053571 -0.618987 -1.480276 -0.067480 0.452437 -0.773848 0.281385 -0.856454 0.087569 0.191008 -0.734034 0.207056 0.395717 0.143041 0.095890 0.104584 0.117717 0.605088 0.431403 0.073479 0.131634
93 -0.667188 -0.102300 1.498802 -0.845825 -0.394422 0.134253 0.319515 0.252218 0.324798 0.433495 0.645391 -0.026339 0.272499 0.105469 0.101575 -0.284552 -0.543261 1.513967 -0.006377 -0.793422 0.108047 1.458970 -0.257360 -0.407406 0.021379 0.774731 -0.343987 -0.666735 1.268587 -0.258927 0.024163 -1.007718 -0.531301 -0.311062 0.327496 1.204350 -1.418175 -0.042446 0.104002 0.085385 0.473984 1.118807 -0.095229 -0.261743 -0.149301 -0.397780 -0.245495 -0.468907 0.050902 -0.267316 -0.196083 0.872766 -0.000100 -0.105669 -1.042225 -0.444471 0.268882 0.100057 -0.612441 -1.776640 -0.128329 -0.445516 -1.555445 -0.136054 0.491193 -0.282412 -1.596415 0.127592 0.254080 0.427602 1.042529 -0.039343 0.165797 -1.327448 0.125230 0.803138 0.110231 0.056464 0.717855 -0.088776 0.825039 0.156815 0.089817 -0.105150 -0.356957 -0.666553 0.041087 -0.093948 0.591967 -0.211166 0.331321 -0.032835 -0.215481 -0.263191 -0.685393 0.167383 -0.016059 -0.568822 -0.577907 -0.079024 1.105090 0.514225 0.073342 -0.092918 -0.221527 0.105520 0.833389 0.132795 -0.250583 0.017707 -0.340114 -0.628106 -0.397944 -0.156731 -0.098427 1.118405 0.369799 -0.098526 0.215535 0.490148 2.056515 -0.095703 -0.397058 0.099075 -0.406117 1.228982 0.292259 1.764057 -0.102925 0.059037 -0.105042 -0.051950 -0.104105 -0.035526 -0.743671 1.707508 -0.161189 -0.107950 0.335140 0.730434 -0.683077 0.227167 -0.224652 0.303329 -0.994600 0.573858 0.161695 0.005519 -0.313402 0.981317 -0.643812 -0.048757 -0.615745 -1.462171 -0.063404 0.457322 -0.775670 0.275896 -0.844952 0.084342 0.196725 -0.722658 0.212707 0.388737 0.148989 0.088791 0.101997 0.110652 0.597123 0.421831 0.076757 0.124428
94 -0.671857 -0.101615 1.510439 -0.850438 -0.398294 0.136716 0.323726 0.252334 0.325229 0.434070 0.650518 -0.028978 0.273551 0.105278 0.104872 -0.284092 -0.548777 1.526523 -0.003425 -0.797329 0.107880 1.470743 -0.261477 -0.411543 0.022642 0.781687 -0.347109 -0.673382 1.278189 -0.259718 0.026398 -1.013727 -0.535772 -0.314248 0.330184 1.211732 -1.429188 -0.045494 0.107290 0.083274 0.475965 1.126192 -0.094324 -0.265395 -0.148522 -0.398005 -0.245628 -0.469755 0.049503 -0.266469 -0.197485 0.877389 -0.002665 -0.106682 -1.048729 -0.448198 0.271897 0.102609 -0.615668 -1.790341 -0.131404 -0.451324 -1.567388 -0.136874 0.492300 -0.282944 -1.609086 0.126924 0.254854 0.428330 1.049264 -0.039696 0.165507 -1.337251 0.123137 0.809246 0.109610 0.055445 0.722770 -0.088905 0.831588 0.155158 0.089080 -0.107131 -0.356952 -0.671717 0.044029 -0.093798 0.597790 -0.210636 0.331626 -0.033055 -0.214206 -0.264411 -0.691475 0.166747 -0.014086 -0.573781 -0.582153 -0.079462 1.112324 0.520619 0.073645 -0.092484 -0.225494 0.108203 0.840139 0.133430 -0.254118 0.018186 -0.340235 -0.632473 -0.399449 -0.159219 -0.099863 1.125739 0.369894 -0.098652 0.214551 0.494675 2.072569 -0.095539 -0.401999 0.101697 -0.410538 1.239710 0.296823 1.778493 -0.101911 0.057958 -0.104037 -0.050585 -0.107100 -0.033541 -0.749400 1.721052 -0.164473 -0.105903 0.338943 0.733780 -0.686346 0.226256 -0.228165 0.303589 -1.000569 0.575734 0.161625 0.003101 -0.313814 0.988217 -0.646897 -0.048911 -0.620107 -1.473385 -0.062867 0.461763 -0.781778 0.276421 -0.849521 0.084869 0.200532 -0.728310 0.216651 0.389988 0.152723 0.086609 0.102148 0.108939 0.603803 0.422845 0.077923 0.122597
95 -0.671711 -0.102653 1.498664 -0.844284 -0.402982 0.139802 0.327181 0.249274 0.322818 0.430585 0.648705 -0.032626 0.272308 0.103048 0.108640 -0.278658 -0.552269 1.514398 -0.002049 -0.791482 0.105804 1.459144 -0.265463 -0.415983 0.027017 0.777965 -0.352302 -0.666251 1.267992 -0.257944 0.031718 -1.006744 -0.534370 -0.319949 0.325501 1.211863 -1.418044 -0.049543 0.111089 0.078920 0.470186 1.118410 -0.097716 -0.270615 -0.146396 -0.393280 -0.242986 -0.466566 0.053005 -0.262570 -0.198146 0.871114 -0.005781 -0.109922 -1.041253 -0.447808 0.270269 0.105165 -0.609331 -1.777500 -0.134709 -0.446873 -1.555533 -0.140022 0.488107 -0.280258 -1.596878 0.124526 0.251649 0.423084 1.041955 -0.037249 0.163254 -1.327393 0.119903 0.812673 0.111652 0.054501 0.722716 -0.086581 0.829640 0.150510 0.087119 -0.109645 -0.354101 -0.674382 0.047932 -0.091447 0.601162 -0.208294 0.328884 -0.032912 -0.210270 -0.266082 -0.684712 0.164357 -0.008751 -0.571612 -0.586710 -0.077438 1.104528 0.515963 0.071586 -0.090573 -0.226796 0.110836 0.843276 0.133322 -0.258983 0.014895 -0.334517 -0.632104 -0.394081 -0.164703 -0.103616 1.117817 0.366236 -0.101440 0.210949 0.498792 2.057991 -0.093292 -0.402187 0.104283 -0.415535 1.235075 0.293100 1.764679 -0.099879 0.060764 -0.101812 -0.047872 -0.103479 -0.037024 -0.752081 1.708064 -0.169877 -0.101060 0.343914 0.728273 -0.678837 0.220704 -0.232706 0.299082 -0.993867 0.569789 0.160239 -0.000826 -0.308764 0.989479 -0.640049 -0.045346 -0.619349 -1.462225 -0.060629 0.466820 -0.785729 0.274134 -0.843879 0.082838 0.204424 -0.720830 0.220734 0.386609 0.156550 0.082805 0.101124 0.105094 0.597854 0.417081 0.080623 0.118752
96 -0.688262 -0.103579 1.466440 -0.813643 -0.454720 0.176998 0.375123 0.221648 0.300049 0.398336 0.658385 -0.077231 0.262923 0.082643 0.157258 -0.230800 -0.604573 1.486866 0.030528 -0.759167 0.086343 1.430446 -0.317589 -0.467624 0.066659 0.784832 -0.402940 -0.649356 1.237275 -0.243760 0.084562 -0.976922 -0.544925 -0.375237 0.302563 1.239099 -1.387448 -0.099467 0.159765 0.031335 0.432311 1.090636 -0.113592 -0.327170 -0.121236 -0.351958 -0.218471 -0.437784 0.067670 -0.222138 -0.207377 0.839166 -0.047305 -0.137930 -1.011052 -0.460778 0.274763 0.140653 -0.573436 -1.747271 -0.177969 -0.445720 -1.524055 -0.165250 0.454262 -0.257105 -1.567457 0.099042 0.227346 0.381420 1.014496 -0.021511 0.140042 -1.298634 0.078126 0.862959 0.118428 0.038213 0.740554 -0.068132 0.845370 0.101797 0.064369 -0.139037 -0.324452 -0.715131 0.096095 -0.070849 0.653102 -0.181622 0.302648 -0.032369 -0.167296 -0.281138 -0.663300 0.137932 0.043509 -0.579200 -0.635805 -0.064185 1.076048 0.516456 0.057034 -0.070880 -0.260686 0.147989 0.895786 0.132665 -0.313021 -0.006891 -0.287664 -0.645554 -0.357342 -0.217049 -0.138829 1.088861 0.331339 -0.120673 0.172128 0.549473 2.027294 -0.072809 -0.431350 0.140199 -0.473176 1.255535 0.291341 1.733490 -0.074382 0.072176 -0.074720 -0.016776 -0.096113 -0.048328 -0.795368 1.677471 -0.227094 -0.049695 0.398560 0.695662 -0.634435 0.170488 -0.285009 0.261091 -0.965849 0.528145 0.144759 -0.046882 -0.268431 1.025743 -0.599594 -0.018794 -0.629942 -1.432140 -0.038365 0.523657 -0.839936 0.253635 -0.816222 0.070091 0.255380 -0.691626 0.273241 0.361704 0.207682 0.037505 0.091617 0.061722 0.588321 0.374477 0.106579 0.074852
97 -0.675441 -0.104312 1.486617 -0.837232 -0.416214 0.147721 0.338136 0.244252 0.319574 0.424981 0.649811 -0.042452 0.271789 0.099621 0.119278 -0.267385 -0.564771 1.502319 0.002840 -0.784292 0.102743 1.447492 -0.277526 -0.428967 0.036571 0.777160 -0.365782 -0.659666 1.257252 -0.256293 0.044812 -0.999477 -0.535518 -0.335176 0.319400 1.219191 -1.406690 -0.060686 0.121741 0.068262 0.460700 1.110890 -0.103305 -0.285173 -0.142610 -0.384922 -0.238952 -0.461890 0.058186 -0.254224 -0.200292 0.863791 -0.014284 -0.117148 -1.033460 -0.450254 0.269677 0.112135 -0.599966 -1.764989 -0.144094 -0.444241 -1.543511 -0.146700 0.481721 -0.276395 -1.584757 0.120102 0.246910 0.413193 1.034768 -0.033886 0.159524 -1.317665 0.112145 0.825283 0.115425 0.052954 0.726870 -0.083184 0.831541 0.139612 0.083293 -0.116363 -0.349175 -0.684283 0.058442 -0.087777 0.613825 -0.204001 0.324804 -0.033100 -0.201592 -0.270021 -0.677729 0.160168 0.004123 -0.571943 -0.599926 -0.075066 1.096800 0.513307 0.069013 -0.087639 -0.232770 0.117887 0.855940 0.134168 -0.272451 0.009320 -0.323327 -0.635219 -0.384915 -0.178307 -0.111948 1.109894 0.359682 -0.106823 0.203467 0.511325 2.043878 -0.089768 -0.406945 0.111275 -0.430443 1.235232 0.290692 1.750851 -0.095535 0.065062 -0.097353 -0.042014 -0.099583 -0.041503 -0.762599 1.695048 -0.184414 -0.089654 0.357923 0.721025 -0.667510 0.208895 -0.245348 0.291387 -0.987212 0.560457 0.158764 -0.010808 -0.300067 0.998747 -0.629748 -0.038967 -0.621820 -1.450962 -0.056787 0.481685 -0.799560 0.271211 -0.838064 0.080500 0.215907 -0.711690 0.232860 0.381896 0.167855 0.073518 0.100127 0.095877 0.593346 0.407236 0.086933 0.109969
98 -0.676639 -0.101508 1.516744 -0.852700 -0.403417 0.139956 0.328512 0.251501 0.324940 0.433736 0.654744 -0.032282 0.274129 0.104209 0.108777 -0.282218 -0.554840 1.533317 -0.000699 -0.799119 0.106902 1.477094 -0.266283 -0.416777 0.025245 0.786645 -0.351861 -0.676209 1.283189 -0.259808 0.029916 -1.016930 -0.539522 -0.319032 0.330866 1.219064 -1.435135 -0.049197 0.111221 0.080282 0.475981 1.130230 -0.095153 -0.270255 -0.147164 -0.396970 -0.244921 -0.469839 0.049935 -0.264743 -0.199422 0.879682 -0.005683 -0.108883 -1.052147 -0.451761 0.273991 0.105603 -0.616581 -1.798179 -0.135065 -0.454545 -1.573968 -0.139011 0.492201 -0.282628 -1.616105 0.125549 0.254497 0.427542 1.052886 -0.038742 0.164559 -1.342638 0.120528 0.816170 0.110078 0.054084 0.727827 -0.088051 0.837130 0.152560 0.087857 -0.109835 -0.356351 -0.677601 0.047658 -0.092696 0.604133 -0.209585 0.331165 -0.033179 -0.212177 -0.266453 -0.694440 0.165421 -0.010828 -0.577598 -0.587836 -0.078770 1.116233 0.524337 0.072865 -0.091295 -0.229250 0.111334 0.847432 0.133982 -0.258777 0.017276 -0.338734 -0.636855 -0.399165 -0.163256 -0.102498 1.129695 0.369054 -0.099945 0.212791 0.500202 2.081922 -0.094541 -0.406340 0.104816 -0.416042 1.247820 0.299192 1.786482 -0.100519 0.058357 -0.102543 -0.048520 -0.108048 -0.033491 -0.755790 1.728598 -0.168980 -0.102842 0.343975 0.735235 -0.686970 0.223908 -0.232686 0.302506 -1.003806 0.575739 0.161004 -0.000089 -0.312625 0.995280 -0.647515 -0.047685 -0.624303 -1.479520 -0.061519 0.467464 -0.788846 0.276219 -0.851900 0.084274 0.204979 -0.730755 0.221278 0.390119 0.156973 0.083720 0.101830 0.106536 0.607319 0.422012 0.079979 0.119941
99 -0.672007 -0.103742 1.492855 -0.842049 -0.406137 0.141329 0.329251 0.248443 0.322663 0.429862 0.647986 -0.034462 0.272545 0.102611 0.110497 -0.276007 -0.554733 1.508073 -0.002034 -0.789407 0.105483 1.453247 -0.267776 -0.418946 0.029423 0.776061 -0.355762 -0.662715 1.263013 -0.257938 0.034779 -1.004122 -0.533690 -0.323952 0.323280 1.213345 -1.412553 -0.051592 0.112948 0.076833 0.467476 1.115308 -0.100008 -0.274023 -0.146257 -0.391593 -0.242501 -0.466000 0.055236 -0.261122 -0.198493 0.868825 -0.007127 -0.111841 -1.038295 -0.447742 0.269174 0.106211 -0.606387 -1.771105 -0.136396 -0.444475 -1.549667 -0.141939 0.486864 -0.279681 -1.590698 0.123981 0.250546 0.420666 1.039081 -0.036373 0.162853 -1.322825 0.118962 0.815465 0.113482 0.054993 0.723146 -0.085906 0.828765 0.148316 0.086675 -0.110979 -0.353548 -0.676498 0.049794 -0.090867 0.603699 -0.207908 0.328493 -0.033001 -0.208798 -0.267224 -0.681411 0.164064 -0.005749 -0.570585 -0.590110 -0.076973 1.101381 0.513322 0.071101 -0.090414 -0.227188 0.111848 0.845804 0.133777 -0.262035 0.013157 -0.331755 -0.632312 -0.391478 -0.168113 -0.105698 1.114594 0.365230 -0.103212 0.209759 0.501594 2.050519 -0.092740 -0.402154 0.105340 -0.418986 1.232324 0.291036 1.757483 -0.099404 0.062674 -0.101331 -0.046928 -0.101198 -0.039232 -0.754245 1.701406 -0.173237 -0.098773 0.347208 0.726291 -0.675357 0.217990 -0.235421 0.297459 -0.991449 0.567401 0.160552 -0.002630 -0.306757 0.991272 -0.636912 -0.043579 -0.619374 -1.456746 -0.060124 0.470367 -0.788833 0.273891 -0.842081 0.082325 0.206516 -0.717048 0.223048 0.385606 0.158519 0.081307 0.101225 0.103419 0.594855 0.414564 0.082151 0.117349
100 -0.673408 -0.102140 1.504718 -0.846949 -0.403399 0.139931 0.327949 0.249909 0.323359 0.431324 0.650793 -0.032819 0.272893 0.103371 0.109128 -0.279505 -0.553475 1.520840 -0.001452 -0.793838 0.106131 1.465228 -0.266171 -0.416549 0.026515 0.781064 -0.352409 -0.669913 1.273121 -0.258531 0.031551 -1.010074 -0.536154 -0.320020 0.327346 1.214145 -1.423805 -0.049889 0.111578 0.078938 0.471867 1.122348 -0.096684 -0.270978 -0.146467 -0.394309 -0.243509 -0.467446 0.051790 -0.262913 -0.198566 0.873826 -0.006029 -0.109652 -1.044842 -0.449187 0.271633 0.105465 -0.611534 -1.784392 -0.135086 -0.449788 -1.561688 -0.139641 0.489321 -0.280975 -1.603358 0.124751 0.252629 0.424222 1.045595 -0.037814 0.163613 -1.332514 0.119774 0.813953 0.110975 0.054249 0.724464 -0.087102 0.832244 0.150777 0.087294 -0.109870 -0.354659 -0.675451 0.048271 -0.091821 0.602481 -0.208575 0.329493 -0.033012 -0.210568 -0.266066 -0.688115 0.164524 -0.008990 -0.573725 -0.587221 -0.077910 1.108413 0.519165 0.072046 -0.090733 -0.227811 0.111108 0.844864 0.133540 -0.259324 0.015748 -0.335606 -0.633733 -0.395580 -0.164570 -0.103248 1.121752 0.366859 -0.100848 0.211308 0.499496 2.065946 -0.093713 -0.403707 0.104560 -0.416188 1.239612 0.295455 1.772010 -0.099977 0.059773 -0.102006 -0.048059 -0.105288 -0.035591 -0.753392 1.714939 -0.170095 -0.101252 0.344326 0.730354 -0.681374 0.221377 -0.233107 0.300092 -0.997130 0.571574 0.160426 -0.000976 -0.309896 0.991521 -0.642342 -0.046137 -0.621065 -1.468034 -0.060858 0.467427 -0.786999 0.274767 -0.846472 0.083363 0.205076 -0.724159 0.221385 0.387695 0.157181 0.082723 0.101328 0.105207 0.601385 0.418543 0.080478 0.118823
101 -0.665914 -0.103382 1.526733 -0.866619 -0.378098 0.121034 0.303929 0.265953 0.337907 0.451189 0.647340 -0.009322 0.279549 0.115419 0.083421 -0.305723 -0.528232 1.540095 -0.018761 -0.814301 0.117620 1.485069 -0.239379 -0.391143 0.006271 0.779134 -0.327265 -0.680710 1.293404 -0.267988 0.003792 -1.029603 -0.531731 -0.292310 0.340040 1.205535 -1.444577 -0.023438 0.085784 0.104554 0.493772 1.141165 -0.089808 -0.242086 -0.161620 -0.417426 -0.258232 -0.485183 0.045295 -0.286184 -0.193407 0.894084 0.016039 -0.095537 -1.064636 -0.443080 0.269367 0.087135 -0.632820 -1.806411 -0.112866 -0.450677 -1.583505 -0.127352 0.509226 -0.294789 -1.624068 0.139263 0.266273 0.448240 1.063935 -0.046980 0.177046 -1.352213 0.143058 0.791718 0.109077 0.064902 0.716629 -0.097464 0.825966 0.177192 0.099818 -0.094504 -0.372184 -0.657757 0.022582 -0.103734 0.577675 -0.223968 0.345421 -0.033532 -0.234352 -0.259959 -0.700923 0.180329 -0.036662 -0.570943 -0.564550 -0.086378 1.127553 0.518987 0.080956 -0.102708 -0.210503 0.092093 0.821080 0.134834 -0.231732 0.026737 -0.361437 -0.627841 -0.416245 -0.137746 -0.085745 1.141176 0.387705 -0.091884 0.233032 0.475130 2.089135 -0.105169 -0.389611 0.086004 -0.387322 1.231581 0.296157 1.794131 -0.113995 0.055059 -0.116734 -0.064414 -0.108252 -0.031007 -0.734219 1.736720 -0.140471 -0.128625 0.316807 0.750729 -0.706796 0.248643 -0.206163 0.321224 -1.015778 0.595519 0.170568 0.023845 -0.332352 0.976371 -0.665932 -0.059948 -0.616530 -1.488732 -0.073491 0.439331 -0.762002 0.287342 -0.864582 0.091318 0.178466 -0.741412 0.194328 0.402650 0.130434 0.107641 0.107601 0.128754 0.607102 0.442331 0.067335 0.143090
102 -0.666985 -0.104630 1.496185 -0.847778 -0.394588 0.132820 0.318025 0.254787 0.328309 0.437445 0.644368 -0.024077 0.274767 0.107558 0.098988 -0.286526 -0.542496 1.509907 -0.010274 -0.795764 0.110218 1.455679 -0.255521 -0.407243 0.020964 0.772210 -0.344654 -0.664105 1.266681 -0.261431 0.023004 -1.009259 -0.529949 -0.311936 0.327043 1.206830 -1.415721 -0.039892 0.101413 0.087784 0.475121 1.119499 -0.097771 -0.261245 -0.152695 -0.400749 -0.248342 -0.472672 0.053375 -0.270620 -0.195793 0.874851 0.002697 -0.105892 -1.043318 -0.443639 0.266941 0.097853 -0.613274 -1.773489 -0.126303 -0.442220 -1.552773 -0.136740 0.494317 -0.284962 -1.593054 0.130099 0.255643 0.429722 1.043375 -0.039909 0.168374 -1.326136 0.129100 0.804036 0.113082 0.059790 0.717896 -0.090052 0.823408 0.159412 0.091992 -0.104098 -0.360524 -0.667164 0.038432 -0.095735 0.591479 -0.214281 0.334727 -0.033101 -0.218750 -0.264205 -0.683689 0.170678 -0.017340 -0.567294 -0.579415 -0.080216 1.105758 0.510383 0.074584 -0.095453 -0.218646 0.103146 0.833514 0.134098 -0.249793 0.017240 -0.341867 -0.628052 -0.398865 -0.156618 -0.098222 1.119029 0.373399 -0.099717 0.218788 0.490091 2.052303 -0.097455 -0.394443 0.096848 -0.405928 1.224413 0.289253 1.759548 -0.105421 0.061349 -0.107701 -0.054103 -0.100986 -0.038387 -0.744141 1.703758 -0.160267 -0.110471 0.334919 0.732828 -0.684040 0.229122 -0.223420 0.305787 -0.996237 0.576142 0.164729 0.008156 -0.315536 0.982442 -0.644873 -0.048947 -0.615648 -1.459778 -0.065428 0.457573 -0.776416 0.278718 -0.847281 0.085335 0.194473 -0.721223 0.210731 0.390976 0.146400 0.092067 0.103696 0.113386 0.594109 0.423616 0.076481 0.127741
103 -0.675273 -0.102349 1.494607 -0.839796 -0.411744 0.145956 0.335387 0.244801 0.319008 0.425259 0.650978 -0.040184 0.270931 0.099634 0.116980 -0.270793 -0.561296 1.511191 0.003433 -0.786615 0.102585 1.455675 -0.274466 -0.424806 0.033414 0.780051 -0.360898 -0.664347 1.264021 -0.255646 0.040624 -1.002589 -0.536724 -0.329384 0.322374 1.216698 -1.414223 -0.058067 0.119456 0.070890 0.464202 1.114713 -0.099870 -0.280348 -0.142055 -0.386709 -0.238956 -0.461953 0.054878 -0.255700 -0.200119 0.866449 -0.012794 -0.114511 -1.037069 -0.450608 0.271485 0.111069 -0.603802 -1.773865 -0.142005 -0.447781 -1.551602 -0.144066 0.482792 -0.276593 -1.593356 0.120292 0.247973 0.416210 1.038267 -0.034631 0.159482 -1.323773 0.112810 0.821169 0.112460 0.051433 0.726468 -0.083666 0.833038 0.142374 0.083466 -0.114716 -0.349285 -0.681229 0.056174 -0.088045 0.610214 -0.203938 0.324623 -0.032883 -0.203164 -0.268377 -0.682277 0.159844 0.000023 -0.573577 -0.594949 -0.075130 1.100694 0.517279 0.069128 -0.087170 -0.232659 0.116935 0.852298 0.133274 -0.268227 0.011677 -0.326893 -0.635123 -0.388327 -0.173543 -0.109230 1.113909 0.360424 -0.104292 0.204557 0.507394 2.054399 -0.090039 -0.407364 0.110274 -0.425484 1.239609 0.293782 1.761008 -0.095739 0.062181 -0.097474 -0.042847 -0.103017 -0.038181 -0.759501 1.704371 -0.179699 -0.092530 0.353283 0.723292 -0.672033 0.212401 -0.241680 0.293086 -0.989999 0.563280 0.157568 -0.008654 -0.302336 0.996036 -0.633786 -0.041253 -0.621965 -1.458479 -0.056957 0.476604 -0.795059 0.270886 -0.839921 0.080688 0.213220 -0.716920 0.229764 0.382741 0.165329 0.075097 0.099514 0.097882 0.597599 0.410315 0.084897 0.111343
104 -0.669691 -0.103817 1.468252 -0.826575 -0.413970 0.147915 0.336279 0.240189 0.314724 0.418987 0.643501 -0.043187 0.267766 0.096907 0.119520 -0.263355 -0.560743 1.483950 0.003466 -0.774357 0.100005 1.429678 -0.276291 -0.426556 0.037987 0.768822 -0.364338 -0.650005 1.241684 -0.252195 0.045950 -0.987126 -0.530504 -0.333821 0.313795 1.208457 -1.389308 -0.061302 0.122014 0.066479 0.454119 1.097088 -0.104139 -0.283994 -0.139571 -0.379648 -0.234905 -0.455756 0.059792 -0.250301 -0.199072 0.853066 -0.015303 -0.117486 -1.020648 -0.446076 0.266898 0.112497 -0.591911 -1.744095 -0.143942 -0.437403 -1.524795 -0.146818 0.475376 -0.271976 -1.565610 0.117504 0.242712 0.407675 1.021855 -0.031658 0.156379 -1.301412 0.109574 0.818950 0.114816 0.050913 0.720690 -0.080682 0.823980 0.136918 0.081129 -0.116198 -0.344475 -0.678825 0.059220 -0.085201 0.609037 -0.200622 0.319957 -0.032409 -0.198165 -0.268527 -0.667866 0.156877 0.005759 -0.566062 -0.595993 -0.072480 1.083184 0.506061 0.066510 -0.085033 -0.231421 0.118357 0.849406 0.132374 -0.271571 0.007227 -0.318648 -0.629583 -0.379297 -0.178389 -0.112691 1.096134 0.354478 -0.107489 0.199811 0.508208 2.020269 -0.087241 -0.403611 0.111645 -0.428030 1.223791 0.285520 1.729721 -0.093387 0.065990 -0.094989 -0.040334 -0.096526 -0.043543 -0.756659 1.674790 -0.183986 -0.087491 0.356337 0.711929 -0.658884 0.205502 -0.244689 0.286520 -0.974912 0.553165 0.155549 -0.012285 -0.295053 0.990302 -0.621501 -0.036609 -0.615985 -1.433291 -0.054484 0.478941 -0.793734 0.266804 -0.827409 0.077976 0.215346 -0.701809 0.231889 0.376467 0.167525 0.071267 0.097899 0.093417 0.584254 0.401533 0.087197 0.107241
105 -0.674862 -0.102966 1.483141 -0.833138 -0.416481 0.149370 0.339267 0.241268 0.315970 0.420894 0.649227 -0.044465 0.269293 0.097196 0.121420 -0.264754 -0.565062 1.499667 0.005647 -0.780170 0.100283 1.444535 -0.278985 -0.429356 0.037951 0.776720 -0.366015 -0.657964 1.254053 -0.253491 0.046411 -0.995213 -0.535442 -0.335193 0.317746 1.216162 -1.403374 -0.062826 0.123909 0.065898 0.457977 1.106719 -0.102667 -0.285916 -0.139409 -0.381380 -0.235841 -0.457910 0.057792 -0.250951 -0.200615 0.859648 -0.016626 -0.117695 -1.029305 -0.450167 0.270193 0.114105 -0.597103 -1.761353 -0.145823 -0.444057 -1.540031 -0.147001 0.477917 -0.273413 -1.581579 0.117516 0.244454 0.410262 1.030714 -0.032340 0.156795 -1.314004 0.108744 0.824308 0.113935 0.050064 0.726098 -0.081279 0.831200 0.136984 0.081094 -0.117457 -0.345637 -0.683560 0.060745 -0.085546 0.613770 -0.200982 0.321235 -0.032711 -0.198413 -0.269641 -0.675757 0.156945 0.005880 -0.571614 -0.599160 -0.073150 1.092673 0.513390 0.067087 -0.084986 -0.234636 0.120069 0.855350 0.132980 -0.273462 0.008503 -0.320647 -0.634487 -0.382555 -0.179201 -0.113056 1.105770 0.355940 -0.106864 0.200198 0.511550 2.040300 -0.087605 -0.408149 0.113340 -0.430777 1.235642 0.290746 1.747826 -0.093178 0.064465 -0.094754 -0.039765 -0.100100 -0.040992 -0.761895 1.691849 -0.185518 -0.087054 0.358506 0.717141 -0.664267 0.206332 -0.246649 0.288128 -0.982895 0.556834 0.155796 -0.013259 -0.296914 0.997016 -0.626612 -0.037673 -0.620968 -1.447585 -0.054493 0.481794 -0.798828 0.268097 -0.833751 0.078735 0.217727 -0.709560 0.234394 0.378862 0.169838 0.070517 0.098291 0.093258 0.592278 0.404195 0.087657 0.106781
106 -0.668568 -0.103514 1.505104 -0.851316 -0.393594 0.132455 0.317939 0.255547 0.328653 0.438348 0.646836 -0.023563 0.275062 0.107825 0.098731 -0.288429 -0.542618 1.519506 -0.009322 -0.798913 0.110406 1.464675 -0.255228 -0.406473 0.019488 0.776265 -0.343116 -0.669259 1.274146 -0.261774 0.021435 -1.013560 -0.532140 -0.309966 0.329841 1.208412 -1.424139 -0.039407 0.101148 0.088673 0.478044 1.124711 -0.095656 -0.259956 -0.152537 -0.402157 -0.248820 -0.473556 0.051107 -0.271530 -0.196104 0.878386 0.002882 -0.104760 -1.048046 -0.445129 0.268876 0.097903 -0.616812 -1.783597 -0.126075 -0.446259 -1.561834 -0.135561 0.495777 -0.285694 -1.602606 0.130304 0.256873 0.431952 1.048171 -0.040699 0.168637 -1.333417 0.129147 0.804200 0.111468 0.059032 0.719462 -0.090619 0.826506 0.160543 0.092139 -0.103753 -0.361068 -0.667501 0.038036 -0.096129 0.591668 -0.214477 0.335235 -0.033134 -0.219496 -0.263823 -0.688594 0.170705 -0.018995 -0.569933 -0.578402 -0.080715 1.110943 0.514827 0.075056 -0.095415 -0.219680 0.103242 0.834090 0.133994 -0.248699 0.018823 -0.344072 -0.629595 -0.401527 -0.154877 -0.097056 1.124316 0.374331 -0.098335 0.219449 0.489597 2.064065 -0.097835 -0.396161 0.096904 -0.404876 1.230436 0.292575 1.770530 -0.105503 0.059462 -0.107772 -0.054374 -0.103871 -0.035916 -0.744633 1.713990 -0.158923 -0.111489 0.333732 0.735704 -0.687880 0.230885 -0.222571 0.307170 -1.000394 0.578669 0.164484 0.008717 -0.317247 0.983590 -0.648445 -0.050429 -0.617343 -1.468267 -0.065644 0.456462 -0.776308 0.279181 -0.850458 0.085900 0.194220 -0.726328 0.210408 0.392322 0.146245 0.092497 0.103703 0.114144 0.598983 0.425905 0.075704 0.128227
107 -0.672869 -0.103377 1.480934 -0.833295 -0.413463 0.147078 0.336129 0.242629 0.317153 0.422417 0.647332 -0.041775 0.269648 0.098317 0.118399 -0.266927 -0.561496 1.496874 0.003107 -0.780622 0.101374 1.442085 -0.275692 -0.426223 0.036011 0.774294 -0.363277 -0.656627 1.252444 -0.254148 0.043680 -0.994935 -0.533646 -0.332339 0.317878 1.213321 -1.401300 -0.059829 0.120885 0.068556 0.459008 1.105896 -0.102529 -0.282747 -0.141006 -0.383272 -0.237108 -0.459220 0.057830 -0.253097 -0.199789 0.859877 -0.014007 -0.116333 -1.028864 -0.448509 0.268993 0.111785 -0.597694 -1.758418 -0.143085 -0.442210 -1.537690 -0.145825 0.479298 -0.274479 -1.578892 0.119003 0.245401 0.411889 1.030072 -0.032985 0.158097 -1.312314 0.111367 0.820770 0.114135 0.051392 0.724013 -0.082155 0.828605 0.139568 0.082439 -0.115645 -0.347200 -0.680559 0.057818 -0.086634 0.610134 -0.202528 0.322578 -0.032696 -0.200772 -0.268774 -0.674765 0.158543 0.003235 -0.569801 -0.596255 -0.073741 1.091909 0.511251 0.067771 -0.086199 -0.231926 0.117613 0.851485 0.133008 -0.270370 0.009205 -0.322610 -0.632718 -0.383657 -0.176507 -0.111252 1.104992 0.357661 -0.106209 0.202343 0.508349 2.036616 -0.088689 -0.405371 0.110964 -0.427404 1.231429 0.289289 1.744591 -0.094728 0.064527 -0.096413 -0.041637 -0.099277 -0.041369 -0.758644 1.688911 -0.182376 -0.089857 0.355382 0.717748 -0.665218 0.208727 -0.243575 0.289828 -0.982567 0.558204 0.156807 -0.010558 -0.298634 0.993847 -0.627466 -0.038726 -0.619314 -1.445436 -0.055767 0.478466 -0.795145 0.269098 -0.833865 0.079262 0.214524 -0.708994 0.231121 0.379756 0.166609 0.073212 0.098840 0.095667 0.590551 0.405796 0.086278 0.109354
108 -0.677040 -0.102907 1.484468 -0.833191 -0.419377 0.151284 0.341947 0.240356 0.315287 0.420018 0.650951 -0.046540 0.269272 0.096289 0.123855 -0.263076 -0.568280 1.501210 0.007219 -0.780033 0.099431 1.445925 -0.281799 -0.432263 0.039709 0.778618 -0.368757 -0.658417 1.254999 -0.253133 0.048787 -0.995634 -0.537021 -0.338069 0.317465 1.219268 -1.404621 -0.065199 0.126354 0.063830 0.457102 1.107430 -0.103336 -0.288861 -0.138286 -0.380138 -0.235007 -0.457326 0.058308 -0.249457 -0.201604 0.859722 -0.018518 -0.119106 -1.029790 -0.451767 0.271013 0.115885 -0.596566 -1.763182 -0.147976 -0.445120 -1.541432 -0.148330 0.477162 -0.272786 -1.583168 0.116456 0.243814 0.409056 1.031297 -0.031545 0.155942 -1.315106 0.106938 0.827712 0.114253 0.049066 0.728395 -0.080530 0.833546 0.135041 0.080209 -0.119087 -0.344822 -0.686351 0.063058 -0.084634 0.617049 -0.200066 0.320485 -0.032753 -0.196809 -0.270691 -0.676278 0.155822 0.008141 -0.573136 -0.602167 -0.072464 1.093322 0.514695 0.066367 -0.084012 -0.236641 0.121913 0.858945 0.133094 -0.276253 0.007706 -0.319120 -0.636445 -0.381637 -0.181733 -0.114727 1.106422 0.354853 -0.107691 0.198778 0.514520 2.042618 -0.086784 -0.410227 0.115175 -0.433964 1.238971 0.291510 1.749685 -0.092181 0.064889 -0.093685 -0.038400 -0.100221 -0.041271 -0.764946 1.693557 -0.188364 -0.084880 0.361448 0.716883 -0.663496 0.204420 -0.249365 0.286900 -0.983351 0.555912 0.155124 -0.015387 -0.295589 1.000278 -0.625918 -0.036656 -0.622795 -1.448894 -0.053483 0.485021 -0.802415 0.267553 -0.833931 0.078120 0.220402 -0.709703 0.237158 0.378358 0.172426 0.068523 0.097911 0.091493 0.593269 0.402957 0.088954 0.104904
109 -0.678901 -0.103730 1.454662 -0.813801 -0.437529 0.164335 0.357888 0.228271 0.304762 0.404997 0.648794 -0.063033 0.264163 0.087757 0.141374 -0.242287 -0.584531 1.472195 0.017299 -0.760766 0.091381 1.417492 -0.299969 -0.450129 0.055462 0.772876 -0.387665 -0.642636 1.228758 -0.246067 0.069773 -0.974951 -0.536055 -0.359372 0.304340 1.221479 -1.376467 -0.083630 0.143932 0.045283 0.437519 1.085759 -0.111108 -0.309973 -0.128297 -0.362125 -0.224239 -0.443685 0.066106 -0.232270 -0.204330 0.839867 -0.033572 -0.130182 -1.008233 -0.453069 0.269262 0.127974 -0.576305 -1.731309 -0.163093 -0.437835 -1.511502 -0.158249 0.461173 -0.262182 -1.553181 0.106362 0.232585 0.389179 1.010662 -0.024219 0.146423 -1.289526 0.091185 0.841693 0.117916 0.043115 0.730465 -0.072656 0.832121 0.115452 0.071546 -0.129741 -0.331972 -0.697134 0.080816 -0.076010 0.632844 -0.189315 0.308786 -0.032340 -0.179517 -0.275159 -0.659469 0.145107 0.029228 -0.570346 -0.618420 -0.066022 1.071485 0.507419 0.059670 -0.076026 -0.246380 0.134371 0.873307 0.132283 -0.296202 -0.002112 -0.298094 -0.637345 -0.363352 -0.202235 -0.128110 1.084236 0.339183 -0.115746 0.183007 0.531205 2.007136 -0.078454 -0.416603 0.127384 -0.454564 1.233837 0.285606 1.716399 -0.082607 0.070904 -0.083630 -0.027026 -0.093668 -0.048137 -0.776412 1.661713 -0.210157 -0.064878 0.381409 0.698168 -0.639849 0.183247 -0.268513 0.270343 -0.963522 0.535418 0.148620 -0.032881 -0.277610 1.007721 -0.603990 -0.025082 -0.622568 -1.420681 -0.044677 0.505165 -0.818669 0.258187 -0.816123 0.071907 0.238429 -0.689607 0.255606 0.365967 0.190464 0.051108 0.093656 0.074433 0.581318 0.383076 0.098853 0.087816
110 -0.676950 -0.103836 1.461481 -0.819180 -0.430538 0.159325 0.351465 0.232430 0.308406 0.410079 0.648110 -0.056776 0.265730 0.090832 0.134586 -0.249397 -0.577732 1.478449 0.013026 -0.766307 0.094284 1.423790 -0.292799 -0.443132 0.049914 0.772844 -0.380607 -0.646116 1.234949 -0.248406 0.062180 -0.980391 -0.535119 -0.351553 0.307955 1.219056 -1.382899 -0.076616 0.137117 0.052106 0.443572 1.091129 -0.108917 -0.302011 -0.132081 -0.368214 -0.227992 -0.448218 0.064030 -0.238394 -0.202932 0.845408 -0.027782 -0.126251 -1.013826 -0.451548 0.268952 0.123213 -0.582263 -1.738275 -0.157198 -0.438563 -1.518280 -0.154775 0.466381 -0.265727 -1.559761 0.110073 0.236195 0.395715 1.015857 -0.026693 0.149832 -1.295460 0.097174 0.835582 0.117039 0.045651 0.728410 -0.075355 0.830791 0.122490 0.074722 -0.125616 -0.336441 -0.692277 0.074022 -0.079080 0.626108 -0.193203 0.312815 -0.032428 -0.185739 -0.273416 -0.663370 0.149087 0.021672 -0.569890 -0.612035 -0.068237 1.076951 0.507942 0.061987 -0.079022 -0.242019 0.129463 0.866857 0.132486 -0.288644 0.000980 -0.305132 -0.635806 -0.369064 -0.194774 -0.123328 1.089785 0.344584 -0.113147 0.188663 0.524519 2.014671 -0.081394 -0.413134 0.122564 -0.446609 1.232554 0.286203 1.723577 -0.086164 0.069335 -0.087362 -0.031269 -0.094882 -0.046561 -0.771163 1.668678 -0.202031 -0.072165 0.373814 0.703661 -0.646951 0.190630 -0.261197 0.275914 -0.968690 0.541893 0.151049 -0.026316 -0.283613 1.003565 -0.610563 -0.028889 -0.621395 -1.427088 -0.047900 0.497371 -0.811768 0.261348 -0.821011 0.073997 0.231359 -0.694733 0.248382 0.369895 0.183396 0.057635 0.095177 0.080639 0.583371 0.389543 0.095246 0.094157
111 -0.676142 -0.102887 1.471332 -0.824555 -0.425046 0.155682 0.347138 0.235464 0.310733 0.413524 0.648913 -0.052530 0.266768 0.093034 0.130140 -0.254978 -0.573115 1.488552 0.011073 -0.771499 0.096333 1.433478 -0.287950 -0.437860 0.045205 0.775263 -0.374728 -0.652060 1.243544 -0.250039 0.056348 -0.986263 -0.535643 -0.345006 0.312239 1.217394 -1.392231 -0.071935 0.132652 0.056870 0.449154 1.097610 -0.105592 -0.295955 -0.134297 -0.372791 -0.230580 -0.451273 0.060686 -0.242562 -0.201964 0.850828 -0.024106 -0.122718 -1.020087 -0.451221 0.270033 0.120137 -0.588158 -1.748867 -0.153264 -0.441999 -1.528184 -0.151371 0.470347 -0.268335 -1.569903 0.112526 0.239303 0.401017 1.021987 -0.029066 0.152112 -1.303707 0.100789 0.831061 0.115024 0.046788 0.727457 -0.077598 0.831444 0.127503 0.076810 -0.122607 -0.339305 -0.688769 0.069534 -0.081397 0.621577 -0.195615 0.315481 -0.032509 -0.189936 -0.271545 -0.669164 0.151537 0.015855 -0.571097 -0.606656 -0.070172 1.083476 0.511489 0.063971 -0.080973 -0.239869 0.126291 0.862474 0.132480 -0.282981 0.004272 -0.310859 -0.635285 -0.374326 -0.188731 -0.119206 1.096429 0.348292 -0.110239 0.192476 0.519529 2.026568 -0.083609 -0.411895 0.119417 -0.440620 1.235147 0.289123 1.735009 -0.088391 0.066619 -0.089751 -0.034215 -0.098046 -0.043343 -0.767503 1.679464 -0.195920 -0.077354 0.367960 0.708639 -0.653750 0.196319 -0.255876 0.280298 -0.974318 0.547395 0.152413 -0.021864 -0.288501 1.000836 -0.616846 -0.032512 -0.621279 -1.436410 -0.050178 0.491324 -0.806648 0.263534 -0.825836 0.075899 0.226672 -0.701349 0.243519 0.373094 0.178852 0.061882 0.096152 0.084913 0.588189 0.395034 0.092244 0.098343
112 -0.673085 -0.102549 1.494129 -0.840479 -0.407931 0.143390 0.331801 0.246312 0.320169 0.426861 0.649264 -0.037113 0.271158 0.100852 0.113586 -0.273585 -0.557170 1.510301 0.001102 -0.787544 0.103721 1.454988 -0.270643 -0.420924 0.030932 0.778163 -0.357232 -0.664013 1.263848 -0.256253 0.037139 -1.002955 -0.535098 -0.325462 0.322991 1.213573 -1.413762 -0.054639 0.116044 0.073987 0.465886 1.114707 -0.099172 -0.276299 -0.143638 -0.388926 -0.240292 -0.463302 0.054387 -0.258141 -0.199075 0.867211 -0.009946 -0.112691 -1.037396 -0.448883 0.270572 0.108600 -0.605132 -1.772877 -0.138929 -0.446538 -1.551000 -0.142437 0.484401 -0.277727 -1.592528 0.121875 0.249115 0.418422 1.038359 -0.035561 0.160812 -1.323387 0.115541 0.816975 0.112174 0.052626 0.724166 -0.084687 0.830703 0.145428 0.084842 -0.112606 -0.350890 -0.677738 0.052852 -0.089265 0.605966 -0.205499 0.325981 -0.032851 -0.205760 -0.267272 -0.682090 0.161471 -0.003347 -0.572026 -0.591168 -0.075907 1.100756 0.515799 0.069973 -0.088406 -0.230017 0.114385 0.847859 0.133117 -0.264370 0.012738 -0.329513 -0.633181 -0.390031 -0.169953 -0.106997 1.113983 0.362310 -0.103196 0.206861 0.503514 2.053052 -0.091209 -0.404774 0.107755 -0.421224 1.236332 0.292824 1.759974 -0.097313 0.061799 -0.099131 -0.044852 -0.102746 -0.038054 -0.755734 1.703452 -0.175692 -0.095795 0.349315 0.724345 -0.673889 0.215431 -0.237943 0.295092 -0.990256 0.565213 0.158453 -0.005592 -0.304484 0.992452 -0.635445 -0.042676 -0.620166 -1.457950 -0.058320 0.472353 -0.790601 0.271861 -0.840422 0.081400 0.209557 -0.717316 0.225973 0.383825 0.161691 0.078071 0.100025 0.100569 0.596594 0.412513 0.083171 0.114171
113 -0.669767 -0.103122 1.515338 -0.857249 -0.390699 0.130141 0.315581 0.258453 0.331284 0.442056 0.648936 -0.020576 0.276692 0.109772 0.095715 -0.293080 -0.540610 1.529767 -0.010918 -0.804605 0.112270 1.474604 -0.252357 -0.403747 0.016237 0.779694 -0.339907 -0.674818 1.282994 -0.263713 0.017375 -1.020235 -0.533743 -0.306267 0.333707 1.210281 -1.433824 -0.036095 0.098124 0.092278 0.483114 1.131993 -0.093677 -0.256380 -0.154659 -0.406528 -0.251419 -0.477083 0.048957 -0.275218 -0.196041 0.884454 0.005603 -0.102608 -1.055047 -0.446067 0.270139 0.095808 -0.622403 -1.794883 -0.123510 -0.449690 -1.572184 -0.133611 0.499943 -0.288401 -1.613161 0.132501 0.259807 0.436688 1.055028 -0.042456 0.170840 -1.342225 0.132211 0.802888 0.110550 0.060111 0.720683 -0.092534 0.828862 0.164579 0.094035 -0.101995 -0.364164 -0.666627 0.034857 -0.098111 0.589910 -0.216926 0.338142 -0.033356 -0.223174 -0.263181 -0.694309 0.173040 -0.023162 -0.572107 -0.576081 -0.082288 1.118207 0.518442 0.076680 -0.097155 -0.218553 0.101056 0.832899 0.134405 -0.245307 0.021214 -0.348956 -0.630921 -0.406176 -0.151070 -0.094379 1.131687 0.378014 -0.096505 0.222866 0.487221 2.076810 -0.099796 -0.396117 0.094794 -0.401651 1.234775 0.295322 1.782305 -0.107529 0.057819 -0.109940 -0.056702 -0.106226 -0.033767 -0.743822 1.725189 -0.155055 -0.115509 0.330453 0.741090 -0.694361 0.235456 -0.219336 0.311204 -1.006864 0.584059 0.166034 0.012001 -0.321601 0.984164 -0.654436 -0.053132 -0.618937 -1.478029 -0.067578 0.453360 -0.774556 0.281610 -0.856062 0.087469 0.191278 -0.732625 0.207401 0.395649 0.143240 0.095863 0.104775 0.117596 0.603793 0.430845 0.073837 0.131648
114 -0.673528 -0.102883 1.521876 -0.859765 -0.394093 0.132299 0.318911 0.258151 0.331304 0.442157 0.652503 -0.022743 0.277264 0.109191 0.098340 -0.292267 -0.544917 1.536738 -0.008866 -0.806702 0.111731 1.481152 -0.255637 -0.407248 0.017708 0.784116 -0.342904 -0.678011 1.288272 -0.263959 0.019458 -1.023611 -0.536890 -0.309233 0.334826 1.215986 -1.439983 -0.038535 0.100759 0.090454 0.483834 1.136148 -0.093866 -0.259512 -0.153808 -0.406254 -0.251158 -0.477496 0.048821 -0.274312 -0.197463 0.887005 0.003579 -0.103927 -1.058675 -0.448912 0.272005 0.097870 -0.623891 -1.802759 -0.125994 -0.452829 -1.578935 -0.134891 0.500342 -0.288453 -1.620310 0.131694 0.259904 0.436688 1.058788 -0.042028 0.170342 -1.347750 0.130527 0.807849 0.110621 0.059094 0.724643 -0.092141 0.833500 0.163080 0.093291 -0.103818 -0.363995 -0.670871 0.037243 -0.097525 0.594439 -0.216354 0.338076 -0.033482 -0.222022 -0.264579 -0.697500 0.172257 -0.021287 -0.575405 -0.579899 -0.081995 1.122265 0.522007 0.076318 -0.096423 -0.221381 0.103217 0.838191 0.134783 -0.248324 0.020914 -0.348483 -0.634393 -0.406599 -0.153495 -0.095956 1.135796 0.377758 -0.097126 0.221893 0.490995 2.086129 -0.099270 -0.399544 0.096943 -0.405302 1.241858 0.297693 1.790460 -0.106655 0.057758 -0.108993 -0.055378 -0.107466 -0.033258 -0.748447 1.732860 -0.157908 -0.113671 0.333732 0.742868 -0.695804 0.234293 -0.222296 0.310878 -1.010228 0.584778 0.165661 0.009958 -0.321281 0.989505 -0.655785 -0.052603 -0.622307 -1.484332 -0.066783 0.457140 -0.779540 0.281694 -0.858599 0.087255 0.194298 -0.735506 0.210543 0.396150 0.146134 0.094041 0.104634 0.116141 0.607345 0.430893 0.075122 0.130018
115 -0.669911 -0.103400 1.524178 -0.863610 -0.386062 0.126435 0.311151 0.262432 0.335082 0.447293 0.649914 -0.015631 0.278731 0.112540 0.090445 -0.299417 -0.536410 1.538062 -0.014415 -0.810971 0.114924 1.482863 -0.247183 -0.399118 0.011872 0.781418 -0.335135 -0.679003 1.290772 -0.266290 0.011352 -1.026990 -0.534247 -0.300805 0.337463 1.211206 -1.442161 -0.030525 0.092841 0.097942 0.489092 1.138922 -0.092181 -0.250643 -0.158141 -0.412366 -0.255086 -0.481947 0.047392 -0.280792 -0.195535 0.890999 0.010282 -0.099749 -1.061975 -0.446025 0.270471 0.092152 -0.628609 -1.804402 -0.119072 -0.451366 -1.581083 -0.131223 0.505316 -0.292004 -1.621955 0.135819 0.263351 0.442889 1.061638 -0.044486 0.174055 -1.350004 0.137395 0.799884 0.110230 0.062338 0.720854 -0.094947 0.829680 0.170638 0.096890 -0.099020 -0.368664 -0.664392 0.029465 -0.100830 0.585943 -0.220638 0.342253 -0.033548 -0.228764 -0.262443 -0.699121 0.176718 -0.029281 -0.573080 -0.572405 -0.084234 1.125168 0.520065 0.078710 -0.099836 -0.215513 0.097275 0.829635 0.134967 -0.239835 0.023796 -0.355352 -0.631315 -0.411684 -0.145523 -0.090779 1.138746 0.383305 -0.094629 0.228009 0.483009 2.087341 -0.102446 -0.394211 0.091134 -0.396203 1.236291 0.296565 1.791930 -0.110722 0.056722 -0.113270 -0.060222 -0.107448 -0.032513 -0.741409 1.734512 -0.148964 -0.121616 0.325165 0.747280 -0.701595 0.241860 -0.213986 0.316469 -1.013386 0.590597 0.168462 0.017347 -0.327190 0.983177 -0.661159 -0.056338 -0.619612 -1.486422 -0.070388 0.448208 -0.770860 0.284921 -0.862047 0.089324 0.186000 -0.738423 0.202077 0.399770 0.137832 0.101373 0.106309 0.122953 0.606916 0.436967 0.071176 0.137081
116 -0.677713 -0.103172 1.472557 -0.825467 -0.426362 0.156336 0.348073 0.235557 0.311063 0.414081 0.650010 -0.052919 0.267187 0.092854 0.130630 -0.254954 -0.574471 1.489613 0.011103 -0.772371 0.096186 1.434561 -0.288799 -0.439134 0.045840 0.776237 -0.376058 -0.652044 1.244525 -0.250263 0.056927 -0.987362 -0.536574 -0.346254 0.312266 1.219896 -1.393371 -0.072328 0.133158 0.056623 0.449408 1.098754 -0.106360 -0.296998 -0.134289 -0.373026 -0.230703 -0.451901 0.061362 -0.242739 -0.202701 0.851809 -0.024348 -0.123397 -1.021164 -0.452238 0.270289 0.120576 -0.588570 -1.750433 -0.153815 -0.442142 -1.529476 -0.152181 0.470815 -0.268554 -1.571183 0.112440 0.239355 0.401282 1.023039 -0.028576 0.152145 -1.304879 0.100784 0.833017 0.115639 0.046642 0.729138 -0.077362 0.832873 0.127419 0.076782 -0.123194 -0.339736 -0.690445 0.069947 -0.081173 0.623051 -0.195804 0.315819 -0.032559 -0.190053 -0.272416 -0.669565 0.151544 0.016321 -0.571953 -0.608393 -0.069823 1.084581 0.511724 0.063637 -0.080790 -0.240353 0.126743 0.864392 0.132747 -0.283945 0.003866 -0.310892 -0.636743 -0.374469 -0.189674 -0.119921 1.097551 0.348681 -0.110837 0.192604 0.520928 2.028419 -0.083446 -0.412587 0.119908 -0.441873 1.236769 0.289107 1.736381 -0.088413 0.067229 -0.089718 -0.033940 -0.097615 -0.043972 -0.769298 1.680835 -0.196792 -0.077083 0.369124 0.709463 -0.654123 0.196136 -0.256754 0.280353 -0.975412 0.547789 0.152474 -0.022177 -0.288490 1.002978 -0.617252 -0.032124 -0.622651 -1.437626 -0.049966 0.492753 -0.808601 0.263792 -0.826806 0.075573 0.227364 -0.701730 0.244267 0.373428 0.179399 0.061737 0.096169 0.084873 0.588437 0.395107 0.092785 0.098225
117 -0.674714 -0.103511 1.470913 -0.826079 -0.421547 0.152993 0.343412 0.237504 0.312668 0.416195 0.647516 -0.049018 0.267548 0.094533 0.126180 -0.258368 -0.569097 1.487349 0.007929 -0.773334 0.097782 1.432638 -0.283849 -0.434235 0.042750 0.773328 -0.371543 -0.651157 1.243456 -0.251141 0.052592 -0.987455 -0.534221 -0.341484 0.312891 1.215642 -1.391819 -0.067898 0.128696 0.060584 0.451333 1.098258 -0.105615 -0.291928 -0.136507 -0.375823 -0.232491 -0.453630 0.060861 -0.245835 -0.201348 0.852497 -0.020683 -0.121120 -1.021129 -0.449884 0.268903 0.117310 -0.589964 -1.747979 -0.149860 -0.440212 -1.527678 -0.150142 0.472801 -0.270035 -1.569004 0.114546 0.240769 0.403886 1.022729 -0.029781 0.153935 -1.303607 0.104405 0.827583 0.115464 0.048426 0.725982 -0.078732 0.829439 0.131279 0.078608 -0.120458 -0.341792 -0.685948 0.065639 -0.082831 0.617590 -0.197861 0.317623 -0.032531 -0.193406 -0.270944 -0.668917 0.153782 0.012137 -0.569667 -0.603642 -0.070882 1.084183 0.509416 0.064794 -0.082550 -0.236751 0.123347 0.858576 0.132655 -0.279099 0.005162 -0.314050 -0.634081 -0.376430 -0.185273 -0.117085 1.097148 0.351119 -0.109562 0.195592 0.515975 2.025230 -0.085029 -0.409002 0.116583 -0.436498 1.231622 0.287627 1.733742 -0.090498 0.066858 -0.091930 -0.036555 -0.097065 -0.043922 -0.764414 1.678456 -0.191769 -0.081288 0.364153 0.710613 -0.656129 0.199908 -0.252008 0.282932 -0.975402 0.550080 0.153810 -0.018195 -0.291204 0.998191 -0.619034 -0.033889 -0.620184 -1.435968 -0.051834 0.487410 -0.802870 0.265126 -0.827240 0.076536 0.222586 -0.701783 0.239346 0.374752 0.174645 0.065612 0.096921 0.088361 0.586762 0.397764 0.090609 0.101908
118 -0.680634 -0.102070 1.507451 -0.845950 -0.414864 0.147567 0.338505 0.245979 0.320560 0.427483 0.656444 -0.041409 0.272640 0.099963 0.118784 -0.272023 -0.565919 1.524470 0.004964 -0.792156 0.102939 1.468331 -0.277265 -0.428098 0.033822 0.787096 -0.363384 -0.670796 1.274691 -0.257092 0.041397 -1.010155 -0.541388 -0.331655 0.325566 1.225136 -1.426346 -0.059501 0.121267 0.070394 0.467556 1.123480 -0.099416 -0.282776 -0.142231 -0.388608 -0.240070 -0.464441 0.053922 -0.256539 -0.201879 0.872727 -0.013895 -0.115228 -1.045068 -0.454614 0.274299 0.112588 -0.608359 -1.788840 -0.143855 -0.453122 -1.564754 -0.144860 0.485494 -0.278133 -1.607056 0.120485 0.249585 0.418588 1.046347 -0.034943 0.160083 -1.334789 0.112395 0.827072 0.112385 0.050929 0.732117 -0.084152 0.839940 0.142495 0.083571 -0.116146 -0.350816 -0.686325 0.057581 -0.088362 0.615238 -0.204612 0.326190 -0.033158 -0.203652 -0.269961 -0.688861 0.160202 0.000460 -0.578688 -0.598983 -0.075589 1.109318 0.523194 0.069524 -0.087256 -0.235544 0.118517 0.858626 0.134114 -0.270550 0.012369 -0.328656 -0.640186 -0.391091 -0.174961 -0.110049 1.122648 0.362138 -0.104392 0.205174 0.511208 2.071793 -0.090417 -0.411519 0.111891 -0.428785 1.250301 0.297848 1.776448 -0.095759 0.061540 -0.097491 -0.042404 -0.105427 -0.036786 -0.765121 1.718988 -0.181596 -0.092200 0.356048 0.728286 -0.676901 0.213150 -0.243952 0.294708 -0.997466 0.566845 0.158094 -0.009566 -0.304087 1.003311 -0.638360 -0.041856 -0.627019 -1.470828 -0.057002 0.480155 -0.800796 0.272367 -0.845996 0.081231 0.215607 -0.723379 0.232311 0.385112 0.167493 0.074572 0.099988 0.097815 0.604127 0.412776 0.085661 0.111105
119 -0.674212 -0.103469 1.485665 -0.836146 -0.413441 0.146659 0.336060 0.243844 0.318460 0.424146 0.648807 -0.041099 0.270647 0.099082 0.117823 -0.268450 -0.561887 1.501542 0.002586 -0.783324 0.102137 1.446637 -0.275426 -0.426245 0.035265 0.776266 -0.363104 -0.659022 1.256497 -0.255179 0.042820 -0.998212 -0.534802 -0.332068 0.319404 1.215683 -1.405781 -0.059121 0.120308 0.069502 0.460967 1.109482 -0.102222 -0.282417 -0.141899 -0.385005 -0.238259 -0.460959 0.057372 -0.254455 -0.200086 0.862793 -0.013300 -0.116002 -1.032262 -0.449443 0.269632 0.111334 -0.599982 -1.763739 -0.142639 -0.443788 -1.542488 -0.145582 0.481174 -0.275723 -1.583783 0.119842 0.246628 0.413664 1.033435 -0.033557 0.159036 -1.316490 0.112414 0.821710 0.114205 0.051902 0.725444 -0.082874 0.830366 0.140777 0.083172 -0.115418 -0.348630 -0.681385 0.057114 -0.087377 0.610697 -0.203595 0.323957 -0.032852 -0.202067 -0.269020 -0.677286 0.159516 0.002269 -0.571175 -0.596668 -0.074352 1.095453 0.512941 0.068392 -0.086907 -0.231909 0.117116 0.852470 0.133401 -0.270000 0.009879 -0.324277 -0.634050 -0.385385 -0.175926 -0.110726 1.108579 0.359243 -0.105876 0.203623 0.508547 2.042634 -0.089449 -0.405879 0.110508 -0.427360 1.234122 0.290478 1.749985 -0.095503 0.064242 -0.097252 -0.042365 -0.100013 -0.040850 -0.759592 1.694075 -0.181840 -0.090954 0.355181 0.720256 -0.667812 0.210104 -0.243179 0.291384 -0.985792 0.560425 0.157615 -0.009723 -0.300253 0.995560 -0.629902 -0.039521 -0.620708 -1.449981 -0.056473 0.478519 -0.795959 0.270294 -0.836680 0.079872 0.214123 -0.711628 0.230773 0.381277 0.166125 0.074224 0.099387 0.096724 0.592743 0.407639 0.085968 0.110460
120 -0.679158 -0.103491 1.466209 -0.820901 -0.432261 0.160510 0.353317 0.232226 0.308300 0.410095 0.650350 -0.057960 0.265979 0.090426 0.136089 -0.249107 -0.580099 1.483568 0.014382 -0.767738 0.093895 1.428572 -0.294614 -0.444962 0.050589 0.775798 -0.382033 -0.648536 1.238799 -0.248474 0.063201 -0.982671 -0.537107 -0.352881 0.308910 1.222201 -1.387365 -0.077981 0.138630 0.051087 0.444281 1.093992 -0.108669 -0.303585 -0.131429 -0.368060 -0.227762 -0.448381 0.063598 -0.237897 -0.203729 0.847128 -0.028952 -0.126808 -1.016304 -0.453277 0.270248 0.124428 -0.583476 -1.743894 -0.158588 -0.440855 -1.523143 -0.155277 0.466614 -0.265725 -1.564937 0.109520 0.236315 0.395938 1.018448 -0.026508 0.149461 -1.299402 0.096096 0.838273 0.116771 0.044881 0.730711 -0.075126 0.833704 0.121707 0.074236 -0.126577 -0.336261 -0.694604 0.075393 -0.078704 0.628594 -0.192771 0.312683 -0.032481 -0.185067 -0.274093 -0.665750 0.148495 0.022568 -0.572023 -0.613944 -0.068067 1.079749 0.510532 0.061772 -0.078493 -0.243766 0.130752 0.869807 0.132639 -0.290188 0.001025 -0.305058 -0.637847 -0.369596 -0.195914 -0.124079 1.092635 0.344418 -0.113272 0.188081 0.526532 2.021314 -0.081052 -0.415250 0.123821 -0.448489 1.237257 0.287980 1.729503 -0.085588 0.068984 -0.086737 -0.030479 -0.096006 -0.045886 -0.773727 1.674228 -0.203477 -0.071134 0.375455 0.704891 -0.648080 0.190070 -0.262754 0.275742 -0.970949 0.542429 0.150688 -0.027463 -0.283500 1.006528 -0.611664 -0.028776 -0.623405 -1.431637 -0.047382 0.499280 -0.814446 0.261318 -0.822678 0.073881 0.233065 -0.696963 0.250132 0.370222 0.185073 0.056555 0.095021 0.079846 0.585981 0.389720 0.095855 0.093180
121 -0.674160 -0.103673 1.466031 -0.823197 -0.423136 0.154172 0.344759 0.236097 0.311376 0.414296 0.646567 -0.050628 0.266802 0.093613 0.127884 -0.255947 -0.570323 1.482497 0.008788 -0.770545 0.096910 1.427932 -0.285496 -0.435748 0.044373 0.771812 -0.373253 -0.648710 1.239257 -0.250244 0.054782 -0.984268 -0.533497 -0.343518 0.311080 1.214790 -1.387213 -0.069754 0.130399 0.058632 0.448784 1.094798 -0.106493 -0.293941 -0.135444 -0.373641 -0.231232 -0.451878 0.061808 -0.243890 -0.201346 0.849559 -0.022142 -0.122207 -1.017802 -0.449456 0.268363 0.118414 -0.587189 -1.742574 -0.151248 -0.438769 -1.522725 -0.151076 0.470766 -0.268741 -1.563980 0.113473 0.239404 0.401446 1.019474 -0.029020 0.152878 -1.299415 0.102770 0.828352 0.115862 0.047904 0.725417 -0.077865 0.828384 0.129111 0.077685 -0.121407 -0.340250 -0.686417 0.067398 -0.081901 0.618675 -0.196650 0.316204 -0.032445 -0.191470 -0.271206 -0.666274 0.152617 0.014384 -0.568702 -0.604894 -0.070200 1.080727 0.507902 0.064085 -0.081723 -0.237434 0.124471 0.859333 0.132475 -0.280983 0.004040 -0.311539 -0.633463 -0.374102 -0.187304 -0.118400 1.093630 0.349226 -0.110410 0.193834 0.517291 2.019117 -0.084124 -0.409145 0.117668 -0.438359 1.229727 0.286487 1.728128 -0.089481 0.067569 -0.090881 -0.035429 -0.096075 -0.044842 -0.764894 1.673100 -0.193929 -0.079151 0.365987 0.707939 -0.652954 0.197526 -0.253811 0.280945 -0.972318 0.547418 0.153088 -0.019991 -0.289047 0.998059 -0.616080 -0.032600 -0.619446 -1.431315 -0.050907 0.489170 -0.803908 0.263974 -0.824558 0.075862 0.224270 -0.698780 0.241076 0.373154 0.176365 0.063796 0.096435 0.086493 0.584670 0.395312 0.091557 0.100107
122 -0.673032 -0.103511 1.506204 -0.850509 -0.400781 0.137088 0.324496 0.253144 0.326919 0.435880 0.650195 -0.028908 0.274966 0.105740 0.104806 -0.283677 -0.550343 1.521107 -0.005579 -0.797694 0.108481 1.466004 -0.262196 -0.413712 0.024032 0.779793 -0.350072 -0.669587 1.274680 -0.260918 0.027740 -1.013423 -0.535235 -0.317441 0.328631 1.215036 -1.425185 -0.045460 0.107248 0.083239 0.475130 1.125165 -0.097440 -0.267505 -0.149934 -0.398662 -0.246713 -0.471705 0.052529 -0.267459 -0.198171 0.877541 -0.001962 -0.108304 -1.047969 -0.448425 0.270395 0.102211 -0.614569 -1.785615 -0.131474 -0.448175 -1.563104 -0.138826 0.493435 -0.283981 -1.604248 0.127716 0.255061 0.428246 1.048418 -0.038914 0.166528 -1.334392 0.124594 0.812207 0.112434 0.057019 0.724187 -0.088855 0.831097 0.155317 0.089940 -0.107705 -0.358746 -0.674046 0.043893 -0.094015 0.599580 -0.212106 0.333230 -0.033260 -0.215194 -0.266159 -0.688836 0.168040 -0.012918 -0.572862 -0.585724 -0.079256 1.111243 0.517182 0.073501 -0.093286 -0.224321 0.107670 0.842510 0.134353 -0.255817 0.016690 -0.339632 -0.633583 -0.398567 -0.161512 -0.101227 1.124601 0.371316 -0.100506 0.215666 0.496863 2.066787 -0.095885 -0.400785 0.101304 -0.412907 1.236696 0.293948 1.772485 -0.102993 0.060631 -0.105137 -0.051024 -0.103841 -0.036742 -0.751761 1.715751 -0.166294 -0.105794 0.341174 0.734232 -0.684934 0.225618 -0.229433 0.303872 -1.000425 0.575668 0.163094 0.003303 -0.313635 0.990857 -0.645773 -0.047746 -0.621030 -1.469449 -0.063304 0.464528 -0.784853 0.277760 -0.850050 0.084576 0.200862 -0.725543 0.217285 0.390718 0.152730 0.087392 0.102902 0.109496 0.600534 0.422267 0.078954 0.123429
123 -0.675889 -0.104317 1.475002 -0.829655 -0.421315 0.152068 0.342671 0.239589 0.315154 0.419268 0.648644 -0.047511 0.269267 0.096059 0.124553 -0.260708 -0.568995 1.490924 0.006252 -0.776893 0.099309 1.436326 -0.282744 -0.433958 0.041762 0.774498 -0.371323 -0.652806 1.247053 -0.252990 0.051080 -0.991322 -0.534933 -0.341197 0.314377 1.218707 -1.395684 -0.066145 0.127062 0.062513 0.453819 1.102154 -0.106031 -0.291097 -0.138578 -0.378617 -0.234617 -0.456608 0.061096 -0.248368 -0.201497 0.856187 -0.019018 -0.120745 -1.024982 -0.450514 0.268933 0.116092 -0.592688 -1.752527 -0.148659 -0.440793 -1.531840 -0.150042 0.475726 -0.272124 -1.573022 0.116260 0.242498 0.406472 1.026446 -0.030621 0.155736 -1.307499 0.106785 0.828600 0.116396 0.050043 0.727320 -0.079921 0.830633 0.133518 0.080071 -0.119813 -0.344379 -0.686873 0.063874 -0.084233 0.617785 -0.199960 0.320131 -0.032796 -0.195877 -0.271458 -0.671013 0.155905 0.010481 -0.570550 -0.604285 -0.071957 1.088048 0.509915 0.065886 -0.084149 -0.235803 0.122067 0.859376 0.133420 -0.278200 0.005756 -0.316465 -0.635307 -0.378587 -0.184380 -0.116424 1.101039 0.353944 -0.109520 0.197987 0.515930 2.030180 -0.086399 -0.408721 0.115399 -0.436034 1.232808 0.287911 1.737953 -0.092100 0.067256 -0.093614 -0.037970 -0.096873 -0.044219 -0.765367 1.682672 -0.190579 -0.083423 0.363598 0.714006 -0.659252 0.202156 -0.250964 0.285390 -0.979234 0.553193 0.155621 -0.016326 -0.293649 1.000105 -0.621989 -0.034809 -0.621468 -1.439921 -0.053273 0.487221 -0.803657 0.267248 -0.830864 0.077539 0.221207 -0.704125 0.238090 0.377026 0.173066 0.067827 0.098050 0.090444 0.588062 0.400343 0.090135 0.104199
124 -0.675433 -0.102800 1.492029 -0.838751 -0.412832 0.146531 0.336042 0.244384 0.318791 0.424914 0.650640 -0.040739 0.270882 0.099280 0.117571 -0.269872 -0.562055 1.508361 0.003336 -0.785672 0.102268 1.453035 -0.275193 -0.425787 0.034337 0.779158 -0.362123 -0.662550 1.261807 -0.255455 0.041646 -1.001366 -0.536427 -0.330724 0.321316 1.217201 -1.411772 -0.058690 0.120051 0.070218 0.463112 1.113243 -0.100913 -0.281460 -0.141855 -0.386037 -0.238632 -0.461672 0.055947 -0.255214 -0.200344 0.865419 -0.013178 -0.115286 -1.035711 -0.450563 0.270989 0.111444 -0.602573 -1.771027 -0.142525 -0.446507 -1.548987 -0.144891 0.482247 -0.276249 -1.590605 0.119991 0.247426 0.415349 1.036895 -0.034056 0.159216 -1.321687 0.112500 0.822087 0.113204 0.051422 0.726676 -0.083226 0.832677 0.141670 0.083244 -0.115216 -0.349063 -0.681913 0.056764 -0.087643 0.610946 -0.203751 0.324365 -0.032878 -0.202672 -0.268930 -0.680683 0.159595 0.001024 -0.573085 -0.596155 -0.074694 1.099209 0.515931 0.068700 -0.086904 -0.232714 0.117303 0.853095 0.133349 -0.269228 0.010878 -0.325906 -0.635232 -0.387299 -0.174715 -0.110064 1.112401 0.360014 -0.105047 0.204126 0.508335 2.051153 -0.089673 -0.407223 0.110657 -0.426596 1.238481 0.292678 1.757840 -0.095543 0.063076 -0.097240 -0.042455 -0.101878 -0.039299 -0.760200 1.701423 -0.180795 -0.091753 0.354376 0.722423 -0.670619 0.211444 -0.242573 0.292363 -0.988830 0.562297 0.157479 -0.009260 -0.301474 0.996617 -0.632517 -0.040465 -0.621970 -1.456038 -0.056611 0.477784 -0.796083 0.270639 -0.839018 0.080248 0.213884 -0.715224 0.230485 0.382247 0.165922 0.074599 0.099409 0.097331 0.596032 0.409298 0.085494 0.110846
125 -0.673839 -0.103289 1.526495 -0.863546 -0.392169 0.130315 0.316821 0.260612 0.333820 0.445437 0.653119 -0.020155 0.278823 0.110953 0.095650 -0.295572 -0.543172 1.540913 -0.011121 -0.810488 0.113466 1.485396 -0.253185 -0.405297 0.015528 0.785029 -0.340932 -0.680247 1.292396 -0.265781 0.016599 -1.027614 -0.537168 -0.307047 0.336919 1.217167 -1.444361 -0.035709 0.098060 0.093390 0.487059 1.140196 -0.093346 -0.257041 -0.156054 -0.409621 -0.253501 -0.480600 0.048202 -0.277488 -0.197228 0.890885 0.006165 -0.102582 -1.062714 -0.448985 0.272050 0.095825 -0.627252 -1.807673 -0.123689 -0.453701 -1.583565 -0.133787 0.503618 -0.290773 -1.624825 0.133751 0.262092 0.440056 1.062678 -0.043256 0.172414 -1.352001 0.133556 0.806891 0.110845 0.060723 0.725011 -0.093655 0.833988 0.166266 0.095100 -0.102304 -0.366843 -0.670113 0.034450 -0.099229 0.592878 -0.218730 0.340752 -0.033671 -0.225190 -0.264342 -0.700139 0.174600 -0.024242 -0.575959 -0.578629 -0.083268 1.126306 0.522801 0.077643 -0.098197 -0.219627 0.101043 0.837053 0.135365 -0.245866 0.022275 -0.351833 -0.634848 -0.409557 -0.151026 -0.094148 1.139878 0.380960 -0.096291 0.224916 0.489248 2.091425 -0.100958 -0.398416 0.094865 -0.403071 1.242442 0.298315 1.795261 -0.108640 0.057391 -0.111112 -0.057475 -0.107927 -0.032781 -0.747653 1.737574 -0.155202 -0.116854 0.331470 0.746519 -0.699642 0.237583 -0.219809 0.313923 -1.014151 0.588436 0.167442 0.012783 -0.324412 0.989618 -0.659417 -0.054342 -0.622926 -1.488750 -0.068549 0.455083 -0.778284 0.283921 -0.862301 0.088464 0.191706 -0.738552 0.208011 0.398707 0.143436 0.097082 0.105754 0.119056 0.609086 0.434216 0.073808 0.133090
126 -0.677841 -0.102887 1.491189 -0.837505 -0.417251 0.149460 0.340003 0.242649 0.317483 0.423062 0.652242 -0.044099 0.270612 0.097835 0.121326 -0.266633 -0.566620 1.507771 0.005591 -0.784239 0.100929 1.452348 -0.279438 -0.430221 0.037355 0.780616 -0.366509 -0.661815 1.260847 -0.254707 0.045701 -1.000389 -0.537942 -0.335444 0.320056 1.220752 -1.410982 -0.062453 0.123827 0.066721 0.460790 1.112494 -0.102276 -0.286150 -0.140131 -0.383555 -0.237108 -0.460198 0.057138 -0.252461 -0.201568 0.864149 -0.016216 -0.117601 -1.034711 -0.452306 0.271634 0.114114 -0.600560 -1.770577 -0.145861 -0.446994 -1.548237 -0.147042 0.480410 -0.274926 -1.590026 0.118256 0.245998 0.412658 1.036085 -0.032750 0.157742 -1.320996 0.109577 0.826766 0.113934 0.050152 0.729230 -0.081957 0.834936 0.138270 0.081773 -0.117685 -0.347387 -0.685733 0.060425 -0.086173 0.615600 -0.202122 0.322870 -0.032916 -0.199820 -0.270364 -0.679961 0.157803 0.004970 -0.574414 -0.600614 -0.073605 1.098371 0.516631 0.067559 -0.085467 -0.235434 0.120067 0.857982 0.133510 -0.273662 0.009299 -0.322799 -0.637350 -0.385010 -0.178963 -0.112806 1.111547 0.357850 -0.106563 0.201570 0.512742 2.050903 -0.088310 -0.409802 0.113402 -0.431514 1.241339 0.292965 1.757253 -0.093893 0.064039 -0.095500 -0.040283 -0.101427 -0.040160 -0.764347 1.700824 -0.185397 -0.088077 0.358993 0.720905 -0.668130 0.207911 -0.246838 0.290004 -0.987969 0.559944 0.156493 -0.012695 -0.298881 1.000683 -0.630220 -0.038551 -0.623878 -1.455321 -0.055031 0.482730 -0.801138 0.269520 -0.838034 0.079239 0.217956 -0.713869 0.234672 0.380898 0.169885 0.071326 0.098800 0.094317 0.596118 0.406628 0.087588 0.107725
127 -0.686103 -0.101855 1.463120 -0.813753 -0.447018 0.171565 0.367943 0.223833 0.300602 0.399949 0.655557 -0.071512 0.262887 0.083774 0.151186 -0.235642 -0.595972 1.482655 0.025466 -0.759695 0.087522 1.426743 -0.310608 -0.460009 0.061352 0.781667 -0.396174 -0.647674 1.235139 -0.243689 0.078331 -0.976510 -0.542466 -0.368139 0.304526 1.230539 -1.384460 -0.093263 0.153781 0.036815 0.434649 1.089179 -0.110983 -0.320022 -0.122639 -0.356202 -0.219927 -0.439479 0.065420 -0.225369 -0.207462 0.839666 -0.041868 -0.134337 -1.010386 -0.459004 0.273657 0.135428 -0.574931 -1.742182 -0.171759 -0.444721 -1.520363 -0.161748 0.456887 -0.258727 -1.563257 0.101344 0.229772 0.384288 1.013450 -0.021858 0.142082 -1.296073 0.082609 0.852834 0.116735 0.038072 0.737908 -0.069700 0.841341 0.107312 0.067188 -0.135597 -0.326960 -0.706495 0.090303 -0.072215 0.644450 -0.184242 0.304315 -0.032325 -0.172051 -0.277771 -0.663682 0.139510 0.037469 -0.576875 -0.627434 -0.063653 1.074702 0.515452 0.057077 -0.071599 -0.255222 0.142186 0.885655 0.132058 -0.305980 -0.003947 -0.292170 -0.643770 -0.360332 -0.210598 -0.133567 1.087515 0.333569 -0.117444 0.176229 0.541299 2.020663 -0.074837 -0.425681 0.134990 -0.465295 1.248864 0.291111 1.728445 -0.077600 0.070162 -0.078310 -0.021083 -0.097046 -0.046298 -0.786711 1.672639 -0.220164 -0.055987 0.391257 0.696560 -0.637366 0.175761 -0.278320 0.264969 -0.965177 0.531312 0.144843 -0.041592 -0.272219 1.018037 -0.601799 -0.022054 -0.628664 -1.428881 -0.040299 0.515685 -0.830370 0.254837 -0.816176 0.069835 0.248851 -0.692401 0.266184 0.363219 0.200947 0.042362 0.091577 0.066846 0.588008 0.378223 0.103115 0.079472
128 -0.714121 -0.101600 1.477099 -0.809351 -0.493413 0.203725 0.411634 0.206712 0.288283 0.383188 0.678477 -0.107290 0.260631 0.069261 0.190951 -0.205196 -0.646872 1.501463 0.053827 -0.752406 0.073775 1.442771 -0.355992 -0.507072 0.091778 0.806740 -0.440303 -0.652742 1.243791 -0.237066 0.118343 -0.976764 -0.563795 -0.414405 0.296695 1.275818 -1.397485 -0.132686 0.193716 0.001679 0.417332 1.094389 -0.121675 -0.367373 -0.104511 -0.331804 -0.204889 -0.425598 0.073888 -0.198861 -0.219835 0.834827 -0.075257 -0.156776 -1.011609 -0.480390 0.285066 0.165892 -0.562606 -1.764447 -0.208583 -0.458283 -1.536114 -0.182794 0.439911 -0.245803 -1.582095 0.082877 0.216049 0.361715 1.016774 -0.010230 0.126318 -1.307186 0.051107 0.906772 0.121591 0.024298 0.767724 -0.056924 0.872962 0.073179 0.050471 -0.161104 -0.309619 -0.751720 0.128831 -0.057509 0.696594 -0.166382 0.289427 -0.032495 -0.142687 -0.293903 -0.666674 0.120981 0.076060 -0.597094 -0.674918 -0.054382 1.078919 0.531902 0.046717 -0.056956 -0.288288 0.174222 0.942461 0.134274 -0.351583 -0.018156 -0.263931 -0.668610 -0.342101 -0.252603 -0.162139 1.091876 0.313353 -0.132532 0.149854 0.589424 2.050033 -0.060327 -0.459266 0.166186 -0.516022 1.294747 0.300670 1.751217 -0.058789 0.077021 -0.058110 0.003305 -0.097926 -0.051081 -0.835275 1.693612 -0.266086 -0.018517 0.438571 0.687689 -0.619478 0.142157 -0.322516 0.241821 -0.966303 0.511571 0.134633 -0.077097 -0.247890 1.066018 -0.586045 -0.004130 -0.651303 -1.443175 -0.023645 0.566837 -0.886534 0.243618 -0.813418 0.061194 0.292129 -0.689805 0.310658 0.351614 0.243398 0.008207 0.085567 0.035830 0.598698 0.354628 0.124361 0.046908
129 -0.700527 -0.107410 1.470217 -0.817156 -0.474833 0.187503 0.391088 0.220060 0.302358 0.399359 0.666915 -0.088721 0.267328 0.081498 0.169374 -0.221594 -0.625008 1.490091 0.035521 -0.761914 0.085712 1.433823 -0.333661 -0.487794 0.078201 0.791970 -0.423389 -0.649010 1.239663 -0.246594 0.099580 -0.981873 -0.551958 -0.397203 0.299813 1.263803 -1.390982 -0.111651 0.171933 0.020566 0.427755 1.096449 -0.122129 -0.346867 -0.120820 -0.348245 -0.218385 -0.439699 0.074791 -0.216859 -0.212291 0.842562 -0.056712 -0.147840 -1.015592 -0.469023 0.276143 0.148988 -0.570595 -1.753974 -0.190096 -0.447416 -1.528727 -0.175322 0.453975 -0.257324 -1.572090 0.096667 0.225499 0.375521 1.019715 -0.018795 0.139038 -1.303625 0.072147 0.888002 0.125804 0.039398 0.754009 -0.066221 0.856295 0.092117 0.062086 -0.148190 -0.324273 -0.736381 0.107628 -0.069053 0.675283 -0.180543 0.303604 -0.033512 -0.161094 -0.289390 -0.663518 0.137188 0.057704 -0.585775 -0.658951 -0.063610 1.081392 0.518281 0.056139 -0.070517 -0.269363 0.156554 0.920718 0.136253 -0.331268 -0.013130 -0.279178 -0.656857 -0.351794 -0.235033 -0.149824 1.094156 0.329917 -0.128345 0.167212 0.570122 2.034982 -0.071000 -0.441237 0.148869 -0.494745 1.267009 0.291672 1.737870 -0.071679 0.078738 -0.071857 -0.011020 -0.091969 -0.054109 -0.817833 1.682442 -0.245394 -0.038625 0.418638 0.697618 -0.630199 0.159857 -0.301739 0.257429 -0.971465 0.525407 0.147174 -0.057001 -0.263411 1.049137 -0.595964 -0.012059 -0.640451 -1.436431 -0.036207 0.546300 -0.865727 0.255179 -0.821237 0.069410 0.269678 -0.689698 0.288601 0.361953 0.221086 0.029194 0.093056 0.053788 0.589872 0.368753 0.115100 0.067449
130 -0.678377 -0.103295 1.509969 -0.850692 -0.408966 0.142382 0.332143 0.250694 0.325277 0.433501 0.654656 -0.035044 0.275111 0.103644 0.111755 -0.278592 -0.559460 1.525670 -0.000911 -0.797284 0.106545 1.470081 -0.270233 -0.422038 0.028946 0.784890 -0.357824 -0.671588 1.277369 -0.260277 0.034689 -1.014532 -0.539307 -0.325707 0.328102 1.223246 -1.428745 -0.052383 0.114218 0.077169 0.472639 1.127227 -0.098881 -0.275982 -0.147153 -0.394967 -0.244604 -0.469916 0.053457 -0.263082 -0.200452 0.877613 -0.007588 -0.112045 -1.049244 -0.452530 0.272644 0.107230 -0.613036 -1.790818 -0.137765 -0.451597 -1.567147 -0.142231 0.491165 -0.282338 -1.608833 0.124906 0.253360 0.424591 1.050138 -0.037327 0.164294 -1.337608 0.119385 0.821800 0.113184 0.054873 0.729846 -0.087127 0.837057 0.149497 0.087479 -0.112093 -0.356251 -0.682010 0.050569 -0.091891 0.609008 -0.209484 0.331214 -0.033435 -0.210401 -0.268742 -0.690571 0.165217 -0.006268 -0.576898 -0.594122 -0.078045 1.113133 0.521144 0.072131 -0.091125 -0.229990 0.112866 0.852647 0.134915 -0.263859 0.014727 -0.334996 -0.638403 -0.395895 -0.168837 -0.105780 1.126490 0.368250 -0.102699 0.211485 0.505316 2.073201 -0.093865 -0.406654 0.106440 -0.422020 1.245256 0.296534 1.777808 -0.100132 0.061416 -0.102125 -0.047201 -0.104685 -0.036900 -0.760391 1.720685 -0.174547 -0.099432 0.349573 0.733452 -0.682496 0.219956 -0.237205 0.300481 -1.001731 0.572867 0.161747 -0.002779 -0.309956 0.999613 -0.643638 -0.045116 -0.625566 -1.473201 -0.060844 0.473693 -0.794928 0.276426 -0.850605 0.083487 0.208474 -0.726110 0.225216 0.389341 0.160223 0.081635 0.102185 0.104319 0.603783 0.418646 0.082478 0.118046
131 -0.717968 -0.105364 1.402491 -0.762377 -0.537558 0.234986 0.449600 0.178185 0.264148 0.347953 0.672205 -0.146728 0.249055 0.049544 0.232512 -0.154905 -0.685706 1.428071 0.077068 -0.705908 0.055190 1.371188 -0.399133 -0.550391 0.130231 0.790809 -0.486712 -0.612325 1.178120 -0.220816 0.169058 -0.926206 -0.560272 -0.466564 0.263473 1.282258 -1.326934 -0.176565 0.235345 -0.043152 0.369399 1.041096 -0.142694 -0.418305 -0.081883 -0.288808 -0.179825 -0.393681 0.094944 -0.158038 -0.225890 0.786530 -0.111001 -0.184490 -0.958678 -0.482649 0.279098 0.194329 -0.512728 -1.684660 -0.244653 -0.437970 -1.461270 -0.207936 0.401910 -0.220844 -1.506704 0.059396 0.188919 0.313420 0.966098 0.007095 0.104176 -1.243562 0.014283 0.941363 0.132442 0.011728 0.772245 -0.038231 0.868115 0.026242 0.030232 -0.186835 -0.279586 -0.778809 0.170956 -0.037365 0.734544 -0.141442 0.262167 -0.031897 -0.101487 -0.305670 -0.623625 0.096484 0.127076 -0.588967 -0.715252 -0.039572 1.025275 0.511184 0.031214 -0.038869 -0.310579 0.203682 0.977352 0.132222 -0.399569 -0.043263 -0.212898 -0.670209 -0.297032 -0.302501 -0.194938 1.037312 0.276366 -0.152599 0.112281 0.629930 1.960901 -0.040711 -0.473476 0.194987 -0.565607 1.279213 0.283910 1.667210 -0.036470 0.093678 -0.034534 0.030415 -0.079467 -0.070057 -0.863695 1.613573 -0.318727 0.029755 0.486811 0.642559 -0.561851 0.090677 -0.368371 0.202404 -0.917974 0.462283 0.120197 -0.118710 -0.204733 1.084261 -0.532432 0.024922 -0.650046 -1.372551 -0.003192 0.615618 -0.926236 0.221844 -0.770411 0.046736 0.334847 -0.639140 0.354618 0.322031 0.286263 -0.032835 0.076075 -0.004915 0.566939 0.306441 0.148774 0.006599
132 -0.695052 -0.103896 1.455589 -0.806723 -0.467544 0.185018 0.385841 0.215945 0.295384 0.391871 0.661066 -0.086855 0.261696 0.077708 0.167837 -0.220263 -0.616587 1.475905 0.035321 -0.752044 0.081878 1.419830 -0.329529 -0.480391 0.075866 0.785575 -0.416592 -0.641918 1.227468 -0.240705 0.097125 -0.970139 -0.547676 -0.390075 0.296791 1.246878 -1.377240 -0.110171 0.170476 0.020928 0.423025 1.083564 -0.119010 -0.341382 -0.115838 -0.344264 -0.213344 -0.432778 0.072756 -0.213206 -0.211848 0.832314 -0.055685 -0.145468 -1.003747 -0.465290 0.275039 0.147549 -0.564360 -1.736236 -0.187077 -0.443764 -1.513311 -0.172359 0.448004 -0.252589 -1.556679 0.093746 0.222488 0.371544 1.007672 -0.016193 0.135526 -1.289845 0.069912 0.874892 0.121547 0.034047 0.747643 -0.063792 0.849432 0.091608 0.060325 -0.146536 -0.319336 -0.724739 0.106608 -0.065836 0.665442 -0.176907 0.297730 -0.032462 -0.158939 -0.285173 -0.657159 0.132239 0.055846 -0.580955 -0.648586 -0.059442 1.068718 0.515001 0.052428 -0.066009 -0.266824 0.154864 0.908100 0.132959 -0.326227 -0.012463 -0.277217 -0.651483 -0.348635 -0.230412 -0.146863 1.081424 0.324012 -0.125641 0.164534 0.561705 2.015078 -0.068527 -0.436473 0.147341 -0.487609 1.258279 0.289582 1.721292 -0.070016 0.076249 -0.070184 -0.010907 -0.092573 -0.052481 -0.805992 1.665894 -0.241136 -0.038949 0.412357 0.688613 -0.624299 0.159160 -0.297582 0.253692 -0.959462 0.519587 0.141337 -0.056948 -0.259876 1.035912 -0.589888 -0.012255 -0.635219 -1.422060 -0.033399 0.538270 -0.853587 0.249827 -0.810376 0.065723 0.266882 -0.683380 0.284939 0.356652 0.218619 0.027936 0.089315 0.052994 0.584642 0.365164 0.113069 0.065648
133 -0.684861 -0.104446 1.465678 -0.820034 -0.442662 0.166582 0.362166 0.229786 0.307270 0.407917 0.654248 -0.065033 0.266837 0.088558 0.143913 -0.242600 -0.590815 1.483170 0.018339 -0.766439 0.092285 1.428141 -0.303991 -0.455349 0.057070 0.779282 -0.392371 -0.647799 1.237905 -0.248372 0.072135 -0.982496 -0.540538 -0.364302 0.306856 1.232052 -1.386880 -0.085897 0.146470 0.043947 0.440068 1.094279 -0.112166 -0.314479 -0.129269 -0.364005 -0.225961 -0.446991 0.066509 -0.233006 -0.206256 0.846200 -0.035055 -0.131998 -1.016001 -0.457281 0.271379 0.129698 -0.580053 -1.744270 -0.165677 -0.442196 -1.522817 -0.160182 0.464248 -0.264267 -1.564814 0.106941 0.234275 0.390862 1.018559 -0.024531 0.147558 -1.299419 0.090961 0.849833 0.119369 0.043700 0.736871 -0.073351 0.838908 0.114862 0.072025 -0.131860 -0.334142 -0.703993 0.082912 -0.076656 0.639769 -0.190600 0.311147 -0.032878 -0.179898 -0.277553 -0.665056 0.146179 0.031157 -0.575188 -0.624915 -0.066831 1.079814 0.512161 0.060401 -0.076785 -0.249245 0.136128 0.881654 0.133707 -0.300305 -0.002218 -0.298913 -0.642992 -0.365257 -0.205647 -0.130001 1.092637 0.341278 -0.116777 0.183701 0.536893 2.021974 -0.079165 -0.420742 0.129237 -0.460112 1.243268 0.288750 1.729211 -0.082982 0.071541 -0.084046 -0.026540 -0.094747 -0.048029 -0.783852 1.674028 -0.213985 -0.063703 0.386232 0.703252 -0.643730 0.182921 -0.272284 0.271923 -0.971110 0.538673 0.150207 -0.034369 -0.279045 1.016978 -0.607718 -0.024960 -0.628146 -1.431357 -0.045102 0.511072 -0.826798 0.260465 -0.822608 0.072734 0.241799 -0.694750 0.259334 0.368663 0.193486 0.050333 0.094776 0.073960 0.586844 0.384913 0.100453 0.087458
134 -0.692362 -0.102284 1.436596 -0.794004 -0.471652 0.189165 0.390179 0.209274 0.288047 0.382252 0.657145 -0.093144 0.257357 0.073020 0.174678 -0.210550 -0.619588 1.457694 0.039835 -0.739568 0.077349 1.401881 -0.335439 -0.484429 0.081176 0.780329 -0.421075 -0.633433 1.211184 -0.235518 0.104980 -0.956273 -0.544987 -0.395766 0.290757 1.239019 -1.359378 -0.117581 0.177339 0.013067 0.412790 1.068814 -0.119781 -0.347875 -0.109715 -0.334704 -0.206872 -0.423790 0.073909 -0.204187 -0.212102 0.819387 -0.061744 -0.148481 -0.989495 -0.463694 0.273951 0.151911 -0.553199 -1.714788 -0.192131 -0.440300 -1.493883 -0.174434 0.438529 -0.246284 -1.537271 0.088502 0.216794 0.361212 0.993810 -0.012930 0.130250 -1.273053 0.062075 0.874302 0.120640 0.029658 0.744603 -0.060034 0.845048 0.082727 0.056141 -0.149978 -0.311572 -0.723431 0.113781 -0.061395 0.667679 -0.170864 0.290354 -0.031959 -0.150422 -0.284328 -0.648184 0.125851 0.064000 -0.577507 -0.650152 -0.055796 1.054030 0.511586 0.048829 -0.061237 -0.269948 0.159244 0.908032 0.131334 -0.332374 -0.015485 -0.267207 -0.648585 -0.339683 -0.236847 -0.150760 1.066511 0.314793 -0.127163 0.156584 0.564667 1.990886 -0.064434 -0.437121 0.151710 -0.493113 1.251514 0.287366 1.699948 -0.065306 0.076705 -0.065352 -0.006244 -0.091298 -0.053276 -0.804877 1.645126 -0.248592 -0.030477 0.417866 0.676705 -0.611554 0.149777 -0.303798 0.245131 -0.945903 0.508150 0.136533 -0.064383 -0.250801 1.032334 -0.577921 -0.008167 -0.632081 -1.403865 -0.029003 0.543014 -0.854488 0.243805 -0.798218 0.062347 0.273301 -0.672716 0.291251 0.349264 0.225344 0.019841 0.086316 0.045204 0.578669 0.355099 0.115936 0.057546
135 -0.694504 -0.105379 1.452830 -0.807658 -0.466778 0.183718 0.384113 0.217743 0.297705 0.394387 0.659930 -0.085010 0.263108 0.079317 0.165482 -0.221937 -0.615070 1.472063 0.032584 -0.753309 0.083513 1.416576 -0.327537 -0.479451 0.075244 0.783306 -0.416358 -0.639686 1.225393 -0.242276 0.095736 -0.970769 -0.546387 -0.390054 0.296403 1.247623 -1.374635 -0.107831 0.168116 0.023019 0.423671 1.083413 -0.120636 -0.340243 -0.118316 -0.346626 -0.215342 -0.435224 0.074369 -0.215450 -0.211572 0.833443 -0.053550 -0.145427 -1.004061 -0.464420 0.273471 0.145660 -0.564709 -1.732912 -0.185247 -0.441195 -1.510506 -0.172671 0.450143 -0.254291 -1.553303 0.095671 0.223521 0.372829 1.007685 -0.016679 0.137386 -1.288089 0.072807 0.874254 0.123432 0.036311 0.747215 -0.064847 0.847736 0.093825 0.062001 -0.145709 -0.321740 -0.724212 0.104253 -0.067244 0.664185 -0.179150 0.300034 -0.032742 -0.161456 -0.285493 -0.655624 0.134650 0.054438 -0.579532 -0.648598 -0.060272 1.068598 0.512010 0.053335 -0.067857 -0.264551 0.152876 0.906937 0.133592 -0.324985 -0.012731 -0.278709 -0.651080 -0.349182 -0.229698 -0.146404 1.081246 0.326368 -0.126147 0.166884 0.560749 2.010849 -0.069920 -0.434413 0.145533 -0.486544 1.254196 0.287337 1.717040 -0.071906 0.077814 -0.072171 -0.012598 -0.090353 -0.054354 -0.805304 1.662208 -0.239665 -0.041295 0.411479 0.689956 -0.625236 0.160984 -0.296091 0.255705 -0.960099 0.521402 0.143379 -0.054729 -0.261676 1.035838 -0.590629 -0.012434 -0.634812 -1.419461 -0.035021 0.537536 -0.852910 0.251708 -0.811565 0.066454 0.264659 -0.682079 0.282771 0.358064 0.216082 0.030508 0.090486 0.055157 0.582216 0.366705 0.112726 0.068203
136 -0.686258 -0.104354 1.441160 -0.802924 -0.457206 0.177792 0.375488 0.218742 0.297120 0.393999 0.652555 -0.079173 0.261539 0.080574 0.158946 -0.224930 -0.604003 1.459778 0.027934 -0.749374 0.084653 1.404991 -0.319208 -0.469750 0.070171 0.774985 -0.407428 -0.635015 1.216224 -0.241376 0.089491 -0.964392 -0.540015 -0.381108 0.295836 1.232632 -1.363704 -0.101633 0.161562 0.028088 0.423408 1.075517 -0.117871 -0.331560 -0.119687 -0.348039 -0.215875 -0.434224 0.072338 -0.217781 -0.208617 0.828717 -0.048257 -0.141032 -0.997317 -0.458456 0.270468 0.140372 -0.562845 -1.718171 -0.178627 -0.436720 -1.498220 -0.168168 0.449768 -0.254397 -1.540375 0.097616 0.224219 0.373790 1.000634 -0.018010 0.138628 -1.277993 0.076707 0.860598 0.121400 0.037421 0.738345 -0.066174 0.838029 0.098051 0.064008 -0.140912 -0.322183 -0.712352 0.098194 -0.068703 0.652430 -0.180528 0.300088 -0.032365 -0.164605 -0.280959 -0.651170 0.136027 0.048667 -0.573124 -0.637443 -0.060804 1.060950 0.506888 0.054155 -0.069083 -0.258111 0.147198 0.892954 0.132428 -0.316623 -0.010331 -0.281069 -0.643534 -0.349770 -0.222271 -0.141130 1.073495 0.327028 -0.123112 0.169570 0.550304 1.993232 -0.071472 -0.426687 0.140035 -0.476612 1.240199 0.284402 1.702383 -0.074156 0.075885 -0.074710 -0.016344 -0.090059 -0.053042 -0.792777 1.648181 -0.231763 -0.046586 0.402346 0.686689 -0.623739 0.164988 -0.288136 0.257260 -0.953633 0.520838 0.143500 -0.049495 -0.263354 1.022275 -0.589102 -0.015200 -0.627727 -1.408109 -0.036944 0.527103 -0.839445 0.251485 -0.806626 0.066972 0.257079 -0.678201 0.274811 0.357418 0.208859 0.034997 0.090468 0.059100 0.577285 0.367825 0.108674 0.072296
137 -0.695543 -0.102272 1.441353 -0.796075 -0.474724 0.190991 0.393003 0.209077 0.288226 0.382556 0.659971 -0.094944 0.258019 0.072585 0.176817 -0.209808 -0.623252 1.462708 0.041272 -0.741330 0.076972 1.406621 -0.338209 -0.487597 0.082615 0.783667 -0.423931 -0.635581 1.215051 -0.235849 0.106907 -0.958996 -0.547445 -0.398629 0.291504 1.244007 -1.363877 -0.119565 0.179497 0.011513 0.413262 1.072098 -0.120274 -0.350728 -0.109152 -0.334517 -0.206749 -0.424287 0.074127 -0.203534 -0.213340 0.821491 -0.063356 -0.149743 -0.992358 -0.466031 0.275253 0.153565 -0.554269 -1.720583 -0.194189 -0.442502 -1.498828 -0.175695 0.438930 -0.246410 -1.542484 0.087904 0.216857 0.361177 0.996792 -0.012477 0.129924 -1.277200 0.060833 0.878666 0.121033 0.029013 0.747972 -0.059701 0.848703 0.081507 0.055632 -0.151540 -0.311591 -0.727160 0.115743 -0.060937 0.671597 -0.170543 0.290454 -0.032112 -0.149574 -0.285636 -0.650472 0.125333 0.065731 -0.580052 -0.653684 -0.055516 1.057214 0.514090 0.048509 -0.060727 -0.272123 0.160968 0.912624 0.131776 -0.335085 -0.015896 -0.266722 -0.651534 -0.339917 -0.239180 -0.152254 1.069743 0.314739 -0.127877 0.155886 0.568047 1.997710 -0.064037 -0.439763 0.153438 -0.496421 1.256805 0.288988 1.705815 -0.064701 0.076954 -0.064689 -0.005188 -0.091936 -0.053178 -0.808945 1.650700 -0.251183 -0.028913 0.420845 0.678225 -0.612497 0.148668 -0.306404 0.244860 -0.948640 0.508663 0.136415 -0.066037 -0.250481 1.037001 -0.578878 -0.007594 -0.634936 -1.408509 -0.028410 0.546462 -0.858923 0.243999 -0.800364 0.062127 0.275822 -0.674729 0.293875 0.349712 0.227725 0.018405 0.086301 0.044078 0.581195 0.355021 0.117122 0.056274
138 -0.718317 -0.103806 1.455769 -0.795950 -0.511390 0.215535 0.426678 0.197541 0.281251 0.372665 0.678647 -0.121707 0.257950 0.062725 0.206404 -0.187785 -0.663218 1.480344 0.061886 -0.738954 0.067679 1.422240 -0.372639 -0.524730 0.106029 0.803639 -0.459012 -0.640219 1.224696 -0.232529 0.137105 -0.962480 -0.564431 -0.434924 0.285675 1.283459 -1.377286 -0.148834 0.209180 -0.014687 0.401728 1.079610 -0.130359 -0.387169 -0.097281 -0.317670 -0.197034 -0.416272 0.082300 -0.185311 -0.222893 0.820831 -0.088081 -0.167670 -0.996483 -0.483025 0.283443 0.176398 -0.546719 -1.742252 -0.222178 -0.452214 -1.514872 -0.192919 0.428206 -0.238148 -1.560725 0.075016 0.207296 0.345747 1.002634 -0.004149 0.119208 -1.289361 0.038551 0.923175 0.126660 0.020496 0.772407 -0.050529 0.874226 0.056674 0.043712 -0.170947 -0.300445 -0.764989 0.144274 -0.050705 0.712933 -0.158491 0.281167 -0.032581 -0.128642 -0.299709 -0.653393 0.113115 0.094726 -0.596175 -0.692580 -0.049518 1.063927 0.525786 0.041560 -0.051087 -0.296850 0.185129 0.958808 0.134118 -0.370103 -0.027538 -0.246423 -0.671868 -0.327064 -0.271722 -0.174571 1.076591 0.301775 -0.140281 0.137213 0.606389 2.025346 -0.053699 -0.465539 0.176832 -0.535769 1.293063 0.295324 1.727228 -0.051368 0.083907 -0.050188 0.012965 -0.091000 -0.058614 -0.849194 1.670907 -0.286300 -0.000952 0.457565 0.674475 -0.600861 0.123757 -0.340080 0.228828 -0.952917 0.495798 0.130456 -0.092101 -0.233400 1.076751 -0.568867 0.006526 -0.653457 -1.423122 -0.016695 0.586621 -0.904510 0.237169 -0.801492 0.056388 0.308342 -0.673915 0.327610 0.342603 0.259648 -0.006113 0.082815 0.021625 0.589114 0.338419 0.133769 0.032977
139 -0.698777 -0.101000 1.468003 -0.811161 -0.467790 0.185461 0.387536 0.216183 0.294647 0.391738 0.665715 -0.087766 0.261962 0.077292 0.169666 -0.221251 -0.618801 1.489613 0.037769 -0.755736 0.081461 1.432579 -0.331483 -0.481035 0.074567 0.793034 -0.415929 -0.650405 1.238046 -0.240634 0.096934 -0.976051 -0.551949 -0.389407 0.301572 1.248932 -1.389094 -0.111725 0.172321 0.020364 0.426171 1.090808 -0.114868 -0.342046 -0.114177 -0.345107 -0.213077 -0.432947 0.068239 -0.212658 -0.213237 0.836892 -0.056867 -0.144222 -1.010305 -0.468712 0.278946 0.148723 -0.568582 -1.750006 -0.188144 -0.451939 -1.525773 -0.170628 0.449153 -0.253061 -1.570030 0.093136 0.224147 0.373114 1.014403 -0.016899 0.135228 -1.300016 0.068160 0.875879 0.118337 0.031441 0.751263 -0.064378 0.855223 0.091251 0.060067 -0.147151 -0.319054 -0.725294 0.108159 -0.065748 0.667697 -0.176341 0.297524 -0.032522 -0.158491 -0.283999 -0.665530 0.130907 0.055441 -0.586034 -0.648102 -0.059464 1.075900 0.524075 0.052537 -0.064886 -0.269806 0.155900 0.910190 0.132907 -0.326873 -0.009623 -0.278814 -0.655052 -0.351730 -0.229749 -0.145640 1.088682 0.323867 -0.123320 0.164262 0.562416 2.031005 -0.068752 -0.440165 0.148537 -0.488680 1.268845 0.296581 1.736643 -0.069428 0.072378 -0.069769 -0.010683 -0.098517 -0.047265 -0.807228 1.679961 -0.241805 -0.038681 0.412874 0.691803 -0.628745 0.160013 -0.298603 0.254681 -0.965178 0.521992 0.140094 -0.058102 -0.261214 1.038684 -0.594025 -0.014558 -0.639128 -1.433889 -0.033024 0.538979 -0.854949 0.249943 -0.814601 0.066059 0.268873 -0.691148 0.286848 0.357996 0.220677 0.026521 0.088867 0.052454 0.594130 0.367268 0.112412 0.064546
140 -0.695567 -0.103506 1.420158 -0.783846 -0.484622 0.197931 0.401139 0.202458 0.282706 0.374357 0.657261 -0.103688 0.255254 0.068113 0.185807 -0.198021 -0.631403 1.441378 0.045776 -0.729440 0.072785 1.386016 -0.347577 -0.497201 0.091640 0.777977 -0.434640 -0.623870 1.196605 -0.232026 0.118550 -0.945590 -0.545525 -0.410836 0.282853 1.244316 -1.343831 -0.129159 0.188517 0.001592 0.401313 1.057545 -0.125833 -0.362266 -0.104269 -0.324560 -0.201011 -0.416840 0.079791 -0.194192 -0.214619 0.809047 -0.071145 -0.156248 -0.978212 -0.465770 0.273008 0.159656 -0.541565 -1.697570 -0.202029 -0.435916 -1.477491 -0.181704 0.429906 -0.240547 -1.520750 0.082703 0.210290 0.349535 0.983039 -0.008165 0.124949 -1.259249 0.052864 0.885711 0.124126 0.026506 0.748131 -0.055322 0.845957 0.070896 0.051170 -0.157286 -0.304761 -0.732533 0.124941 -0.056313 0.679513 -0.165017 0.284224 -0.031924 -0.140359 -0.288271 -0.638505 0.119956 0.077487 -0.576869 -0.662686 -0.051870 1.042601 0.507222 0.044759 -0.056723 -0.276388 0.167235 0.919562 0.131401 -0.345928 -0.022082 -0.254616 -0.651090 -0.328783 -0.250757 -0.159908 1.054885 0.306176 -0.132968 0.147444 0.576873 1.971761 -0.059569 -0.441929 0.159638 -0.507528 1.250100 0.283604 1.681451 -0.059833 0.081461 -0.059553 0.000781 -0.086473 -0.058506 -0.814540 1.627589 -0.263054 -0.018197 0.431792 0.666814 -0.598030 0.136840 -0.316672 0.235633 -0.935757 0.496697 0.133293 -0.075251 -0.240286 1.040182 -0.565355 -0.000591 -0.633799 -1.388406 -0.023829 0.557447 -0.867296 0.238955 -0.789171 0.058560 0.285063 -0.660989 0.303362 0.342525 0.236855 0.009338 0.084154 0.034945 0.571654 0.343471 0.122761 0.047320
141 -0.721708 -0.102973 1.444278 -0.786496 -0.522934 0.223919 0.437550 0.190226 0.274442 0.363405 0.679918 -0.132413 0.255003 0.057194 0.218256 -0.175515 -0.674600 1.470006 0.069359 -0.729171 0.062451 1.411749 -0.384983 -0.536323 0.115194 0.804126 -0.470594 -0.634834 1.214355 -0.228161 0.150068 -0.953030 -0.566192 -0.447914 0.279933 1.286498 -1.366498 -0.161068 0.221078 -0.026549 0.391309 1.070311 -0.133301 -0.400704 -0.090256 -0.307081 -0.190268 -0.408078 0.085065 -0.174442 -0.225400 0.811150 -0.098027 -0.174070 -0.986839 -0.485764 0.284348 0.184518 -0.536487 -1.730340 -0.232150 -0.451831 -1.503366 -0.198384 0.419062 -0.231883 -1.549669 0.068451 0.201228 0.334362 0.993662 0.000111 0.113176 -1.279266 0.027920 0.932722 0.127453 0.015472 0.775912 -0.045905 0.876643 0.044412 0.038227 -0.177987 -0.292475 -0.772338 0.156117 -0.045274 0.724088 -0.151602 0.273896 -0.032392 -0.117742 -0.302112 -0.647350 0.105809 0.107640 -0.597206 -0.702700 -0.045484 1.054471 0.525905 0.037411 -0.045537 -0.304452 0.193426 0.969145 0.133572 -0.382890 -0.032336 -0.234322 -0.674556 -0.317388 -0.284202 -0.182340 1.066981 0.292075 -0.144154 0.127326 0.617322 2.012455 -0.048628 -0.471494 0.185032 -0.549238 1.295780 0.295143 1.715216 -0.045172 0.085871 -0.043773 0.020132 -0.089785 -0.060440 -0.857337 1.659122 -0.300236 0.011640 0.470327 0.664753 -0.588732 0.111038 -0.352557 0.219164 -0.943894 0.484545 0.125796 -0.103557 -0.223017 1.083258 -0.557601 0.012661 -0.655593 -1.412325 -0.011005 0.599641 -0.915621 0.231484 -0.792889 0.052651 0.320622 -0.665586 0.340096 0.335721 0.271969 -0.017612 0.079949 0.010796 0.586552 0.327298 0.139688 0.021842
142 -0.698567 -0.102853 1.455721 -0.805630 -0.472431 0.188208 0.390491 0.213926 0.293362 0.389397 0.663580 -0.090816 0.261439 0.075833 0.172594 -0.216453 -0.621944 1.476492 0.038129 -0.750618 0.080156 1.420214 -0.334816 -0.485364 0.078859 0.788498 -0.421309 -0.642381 1.227422 -0.239629 0.101851 -0.969565 -0.550107 -0.395392 0.296623 1.250002 -1.377436 -0.114922 0.175263 0.016718 0.420656 1.083323 -0.119202 -0.347011 -0.113219 -0.341434 -0.211372 -0.430902 0.072656 -0.209639 -0.213778 0.831264 -0.059244 -0.147652 -1.003201 -0.468037 0.276610 0.150596 -0.562458 -1.736581 -0.190860 -0.446359 -1.513409 -0.174148 0.445957 -0.251146 -1.557101 0.091610 0.221355 0.368364 1.007395 -0.014717 0.133800 -1.289958 0.066085 0.879502 0.121387 0.031599 0.751235 -0.062532 0.852767 0.087453 0.058822 -0.149470 -0.317282 -0.728189 0.111194 -0.064061 0.670865 -0.175000 0.295845 -0.032568 -0.155521 -0.286013 -0.658146 0.129652 0.060364 -0.583371 -0.653037 -0.057909 1.068379 0.518073 0.050957 -0.063869 -0.270315 0.157868 0.913290 0.133079 -0.331436 -0.013240 -0.273677 -0.654671 -0.346519 -0.235139 -0.149410 1.081043 0.321225 -0.126432 0.161536 0.566460 2.015613 -0.067123 -0.439735 0.150516 -0.493487 1.262796 0.291825 1.721841 -0.068193 0.076085 -0.068347 -0.008607 -0.093759 -0.051761 -0.810070 1.666185 -0.246787 -0.034643 0.417727 0.687052 -0.621764 0.155091 -0.302711 0.251066 -0.959003 0.516938 0.139702 -0.061231 -0.256934 1.040403 -0.587562 -0.010873 -0.638340 -1.422262 -0.031527 0.544017 -0.859044 0.248527 -0.809656 0.064435 0.271995 -0.683186 0.290192 0.355278 0.223607 0.023721 0.088431 0.049387 0.587113 0.362183 0.115131 0.061711
143 -0.693719 -0.104183 1.428426 -0.791051 -0.477177 0.192097 0.393937 0.207993 0.287989 0.381294 0.656701 -0.096388 0.257917 0.072380 0.177781 -0.206521 -0.624090 1.448717 0.040222 -0.736839 0.076890 1.393537 -0.339436 -0.489752 0.085365 0.777968 -0.427259 -0.628022 1.204161 -0.235612 0.109972 -0.952924 -0.544501 -0.402775 0.287222 1.243009 -1.351654 -0.120879 0.180459 0.009682 0.408638 1.064728 -0.123876 -0.353625 -0.109599 -0.332437 -0.206214 -0.423137 0.077856 -0.201834 -0.213036 0.816469 -0.064207 -0.151972 -0.985640 -0.464177 0.272403 0.153874 -0.548860 -1.706065 -0.195184 -0.436627 -1.485747 -0.178012 0.436871 -0.245435 -1.528659 0.087679 0.214997 0.357430 0.989996 -0.011387 0.129631 -1.266732 0.060486 0.879613 0.123883 0.030393 0.746255 -0.058969 0.844584 0.079366 0.055416 -0.152591 -0.310828 -0.727721 0.116864 -0.060488 0.672476 -0.170319 0.289874 -0.032218 -0.148159 -0.286557 -0.643232 0.125484 0.068907 -0.576443 -0.656295 -0.054985 1.049863 0.507577 0.047995 -0.061003 -0.271105 0.161244 0.912970 0.132102 -0.337642 -0.018598 -0.263049 -0.649744 -0.335610 -0.242659 -0.154539 1.062237 0.313284 -0.130264 0.154622 0.569793 1.980794 -0.063575 -0.437875 0.153810 -0.499047 1.248319 0.284114 1.689884 -0.064530 0.080143 -0.064522 -0.004568 -0.087433 -0.057114 -0.809325 1.635906 -0.254033 -0.026943 0.423660 0.674090 -0.606810 0.145613 -0.308514 0.242846 -0.942822 0.504995 0.137096 -0.067383 -0.247884 1.036565 -0.573454 -0.005014 -0.632890 -1.396238 -0.028197 0.549265 -0.860342 0.243517 -0.795958 0.061493 0.276875 -0.667063 0.295071 0.347796 0.228548 0.017367 0.086521 0.042492 0.574076 0.351510 0.118745 0.055220
144 -0.692787 -0.102678 1.482263 -0.825335 -0.449597 0.171462 0.369807 0.228335 0.306028 0.406837 0.662466 -0.070382 0.267311 0.086623 0.150545 -0.240334 -0.600291 1.501520 0.024313 -0.770605 0.090410 1.445141 -0.311698 -0.462705 0.059973 0.790372 -0.398065 -0.657057 1.251361 -0.248119 0.076845 -0.989878 -0.547956 -0.369802 0.310243 1.242904 -1.402555 -0.092126 0.153129 0.039181 0.441822 1.103880 -0.110743 -0.321178 -0.126086 -0.362297 -0.224411 -0.446497 0.064384 -0.230026 -0.209163 0.851447 -0.040365 -0.134214 -1.024166 -0.463696 0.276501 0.134912 -0.583648 -1.764037 -0.171674 -0.451286 -1.539883 -0.162015 0.464064 -0.263600 -1.583137 0.104275 0.234261 0.390561 1.027212 -0.023804 0.145582 -1.313101 0.085816 0.859936 0.117849 0.040257 0.745092 -0.072235 0.849645 0.110716 0.069661 -0.135817 -0.332451 -0.712630 0.089060 -0.074880 0.649592 -0.188188 0.309792 -0.033023 -0.176230 -0.279801 -0.673740 0.143220 0.035430 -0.583164 -0.632114 -0.066068 1.089203 0.522433 0.059448 -0.074340 -0.256464 0.141576 0.892882 0.134118 -0.306860 -0.002024 -0.297514 -0.650289 -0.366457 -0.210551 -0.133018 1.102170 0.339576 -0.117176 0.180518 0.544815 2.045413 -0.077510 -0.429127 0.134546 -0.467845 1.260936 0.295949 1.750327 -0.080161 0.069744 -0.081053 -0.023015 -0.099578 -0.044890 -0.793408 1.693681 -0.220348 -0.058803 0.393038 0.706653 -0.646824 0.179820 -0.278925 0.270395 -0.978446 0.539495 0.148325 -0.039670 -0.277731 1.027674 -0.610781 -0.024368 -0.635333 -1.447314 -0.042735 0.518792 -0.836981 0.259699 -0.827767 0.072204 0.249142 -0.702610 0.266883 0.369179 0.200812 0.045187 0.093919 0.069912 0.596932 0.384562 0.102935 0.082748
145 -0.688752 -0.102581 1.487482 -0.830373 -0.438960 0.164313 0.360107 0.233222 0.309928 0.412536 0.659973 -0.061618 0.268519 0.090266 0.140855 -0.249559 -0.589439 1.505932 0.018325 -0.776045 0.093814 1.449747 -0.301083 -0.452070 0.052346 0.788289 -0.387634 -0.659555 1.256370 -0.250344 0.066236 -0.994595 -0.545430 -0.358266 0.314033 1.236701 -1.407469 -0.082172 0.143421 0.048516 0.448824 1.108153 -0.107786 -0.309460 -0.130650 -0.369785 -0.228699 -0.451390 0.061790 -0.237718 -0.207036 0.856714 -0.032357 -0.128696 -1.028978 -0.460601 0.275378 0.128150 -0.590147 -1.768858 -0.163179 -0.450649 -1.544979 -0.157103 0.469935 -0.267512 -1.587843 0.108891 0.238365 0.398476 1.031447 -0.026662 0.149622 -1.317597 0.093716 0.849475 0.116402 0.043217 0.740779 -0.075436 0.845927 0.120191 0.073672 -0.129939 -0.337636 -0.704266 0.079518 -0.078566 0.638695 -0.192881 0.314282 -0.033000 -0.184304 -0.276893 -0.676882 0.148007 0.025007 -0.581102 -0.621906 -0.068430 1.093642 0.521420 0.062013 -0.077873 -0.249857 0.134611 0.881926 0.133923 -0.295806 0.001873 -0.306475 -0.646864 -0.373232 -0.199903 -0.126306 1.106713 0.345922 -0.113570 0.187676 0.534425 2.050370 -0.081062 -0.423321 0.127717 -0.455799 1.256273 0.295557 1.755397 -0.084730 0.067705 -0.085820 -0.028697 -0.100576 -0.043082 -0.784400 1.698665 -0.208561 -0.068763 0.381751 0.712247 -0.654930 0.189560 -0.268280 0.277235 -0.982780 0.547015 0.150892 -0.030639 -0.285133 1.019635 -0.618163 -0.029206 -0.632394 -1.452136 -0.046732 0.506913 -0.825579 0.263054 -0.832087 0.074435 0.238856 -0.707515 0.256211 0.373400 0.190551 0.053945 0.095463 0.078227 0.597634 0.392458 0.097861 0.091115
146 -0.688031 -0.102772 1.485939 -0.829854 -0.438688 0.163991 0.359726 0.233320 0.310061 0.412577 0.659260 -0.061389 0.268550 0.090461 0.140568 -0.249464 -0.588972 1.504274 0.017896 -0.775604 0.094015 1.448203 -0.300745 -0.451756 0.052249 0.787360 -0.387424 -0.658888 1.255122 -0.250451 0.066176 -0.993892 -0.544777 -0.358151 0.313728 1.235862 -1.406024 -0.081964 0.143128 0.048643 0.448518 1.107288 -0.107916 -0.309277 -0.130922 -0.369735 -0.228833 -0.451386 0.061952 -0.237822 -0.206714 0.856160 -0.032089 -0.128599 -1.028202 -0.460044 0.274944 0.127827 -0.589693 -1.767020 -0.162886 -0.449980 -1.543389 -0.156989 0.469859 -0.267580 -1.586156 0.109084 0.238372 0.398310 1.030674 -0.026814 0.149794 -1.316352 0.094004 0.848931 0.116571 0.043615 0.740046 -0.075560 0.844989 0.120237 0.073837 -0.129683 -0.337712 -0.703747 0.079266 -0.078740 0.638200 -0.193037 0.314388 -0.032999 -0.184411 -0.276720 -0.676152 0.148249 0.024976 -0.580420 -0.621591 -0.068613 1.092793 0.520646 0.062194 -0.078139 -0.249344 0.134249 0.881287 0.133959 -0.295580 0.001844 -0.306315 -0.646199 -0.372978 -0.199807 -0.126151 1.105839 0.345985 -0.113587 0.187822 0.534042 2.048156 -0.081216 -0.422669 0.127350 -0.455544 1.254743 0.295033 1.753429 -0.084907 0.067842 -0.086037 -0.028929 -0.100226 -0.043303 -0.783812 1.696836 -0.208436 -0.068872 0.381506 0.711843 -0.654397 0.189520 -0.268019 0.277231 -0.982115 0.546731 0.151145 -0.030419 -0.285090 1.018870 -0.617697 -0.029222 -0.631742 -1.450662 -0.046936 0.506623 -0.825043 0.263158 -0.831628 0.074582 0.238529 -0.706762 0.255925 0.373343 0.190264 0.054180 0.095604 0.078343 0.596882 0.392273 0.097733 0.091347
147 -0.696976 -0.102302 1.438965 -0.794079 -0.478378 0.193450 0.396291 0.207307 0.286767 0.380461 0.660713 -0.097960 0.257526 0.071234 0.180138 -0.206571 -0.626886 1.460550 0.043220 -0.739220 0.075717 1.404435 -0.341836 -0.491257 0.085297 0.784148 -0.427615 -0.634287 1.212837 -0.234966 0.110617 -0.957078 -0.548222 -0.402696 0.290002 1.245993 -1.361635 -0.122965 0.182834 0.008263 0.410640 1.070266 -0.121431 -0.354802 -0.107506 -0.331923 -0.205177 -0.422508 0.075182 -0.200775 -0.214182 0.819441 -0.066097 -0.151733 -0.990376 -0.467086 0.275538 0.155848 -0.551782 -1.718260 -0.197076 -0.442438 -1.496477 -0.177478 0.436826 -0.244970 -1.540243 0.086267 0.215358 0.358284 0.994996 -0.011325 0.128477 -1.275168 0.058099 0.882121 0.121596 0.027897 0.749494 -0.058519 0.849853 0.078238 0.054243 -0.153620 -0.309759 -0.729916 0.119030 -0.059572 0.675252 -0.168898 0.288819 -0.032111 -0.146776 -0.286634 -0.649061 0.123600 0.069397 -0.580628 -0.657178 -0.054525 1.055319 0.514161 0.047476 -0.059408 -0.274300 0.163309 0.916249 0.131811 -0.338923 -0.017354 -0.263551 -0.652747 -0.337416 -0.242932 -0.154598 1.067814 0.312428 -0.129179 0.153373 0.571587 1.995246 -0.062762 -0.441626 0.155755 -0.500577 1.258086 0.288897 1.703356 -0.063140 0.077778 -0.063068 -0.003256 -0.091393 -0.053964 -0.811947 1.648315 -0.255268 -0.025485 0.424772 0.676091 -0.609539 0.145238 -0.310097 0.242463 -0.946849 0.505976 0.135433 -0.069173 -0.247856 1.039691 -0.576127 -0.005815 -0.635972 -1.406297 -0.026965 0.550575 -0.862773 0.242755 -0.798629 0.061201 0.279353 -0.672708 0.297499 0.348135 0.231209 0.015358 0.085686 0.041204 0.580618 0.352212 0.118917 0.053352
148 -0.697098 -0.102182 1.464717 -0.811176 -0.465595 0.183656 0.384743 0.217508 0.296174 0.393630 0.663714 -0.085242 0.262536 0.078380 0.166653 -0.223220 -0.615737 1.485465 0.035059 -0.756145 0.082522 1.428920 -0.328377 -0.478673 0.073351 0.789940 -0.414211 -0.647541 1.235412 -0.241440 0.094581 -0.975450 -0.550004 -0.387422 0.300830 1.247536 -1.385952 -0.108704 0.169309 0.022873 0.426852 1.089521 -0.116043 -0.339342 -0.116066 -0.346916 -0.214447 -0.434589 0.069588 -0.214977 -0.212578 0.836947 -0.054303 -0.143588 -1.009416 -0.467097 0.277205 0.146574 -0.568769 -1.746109 -0.185667 -0.448719 -1.522432 -0.170381 0.450572 -0.254147 -1.566204 0.094642 0.224754 0.374653 1.013306 -0.017140 0.136552 -1.297528 0.070964 0.873595 0.119546 0.033173 0.749603 -0.064974 0.852548 0.093834 0.061399 -0.145669 -0.320882 -0.723555 0.105245 -0.066701 0.664688 -0.178062 0.299070 -0.032582 -0.160913 -0.284019 -0.663349 0.132739 0.053142 -0.583876 -0.646490 -0.059893 1.074663 0.520449 0.053027 -0.066198 -0.267021 0.153727 0.907342 0.133051 -0.324259 -0.009801 -0.280490 -0.653556 -0.352382 -0.227774 -0.144632 1.087438 0.325830 -0.123442 0.166387 0.560094 2.026262 -0.069647 -0.437372 0.146410 -0.485835 1.263904 0.293832 1.732045 -0.071047 0.073606 -0.071362 -0.012275 -0.096301 -0.049033 -0.805162 1.675879 -0.239017 -0.041266 0.410378 0.692452 -0.629174 0.162074 -0.295901 0.256167 -0.964577 0.523178 0.141360 -0.055434 -0.262595 1.036511 -0.594421 -0.014834 -0.637623 -1.430758 -0.034213 0.536406 -0.852394 0.251049 -0.814595 0.066360 0.265747 -0.689541 0.283707 0.358843 0.217446 0.029307 0.089527 0.054883 0.590862 0.368483 0.111566 0.067136
149 -0.683176 -0.103730 1.513007 -0.851651 -0.415461 0.146264 0.337785 0.249456 0.324841 0.432707 0.658357 -0.039165 0.275781 0.102365 0.116515 -0.275422 -0.566508 1.528865 0.001716 -0.797872 0.105406 1.473090 -0.276058 -0.428521 0.032669 0.788709 -0.364099 -0.672448 1.279585 -0.260300 0.039665 -1.016232 -0.542567 -0.332359 0.327606 1.230971 -1.431596 -0.057031 0.118996 0.073184 0.471181 1.129471 -0.100856 -0.282428 -0.145703 -0.393113 -0.243644 -0.469686 0.055028 -0.260612 -0.202515 0.878605 -0.011176 -0.115174 -1.050992 -0.455926 0.274069 0.110626 -0.612312 -1.794951 -0.142113 -0.453481 -1.570366 -0.145281 0.490433 -0.281730 -1.612318 0.123310 0.252468 0.422510 1.052096 -0.035946 0.163175 -1.340380 0.116365 0.829720 0.114569 0.053696 0.734968 -0.085972 0.841967 0.145855 0.086125 -0.115438 -0.355398 -0.688541 0.055045 -0.090520 0.616333 -0.208308 0.330553 -0.033646 -0.207680 -0.271265 -0.691704 0.163737 -0.001577 -0.580050 -0.601216 -0.077083 1.115223 0.523400 0.071089 -0.089829 -0.233813 0.116369 0.860816 0.135574 -0.269901 0.012954 -0.332137 -0.642767 -0.394231 -0.174434 -0.109364 1.128585 0.366849 -0.104753 0.209169 0.511975 2.078237 -0.092640 -0.410798 0.109965 -0.429093 1.251724 0.297776 1.781709 -0.098588 0.062802 -0.100472 -0.044756 -0.104411 -0.037993 -0.767458 1.724395 -0.180644 -0.095281 0.356091 0.733754 -0.681324 0.216278 -0.242953 0.298590 -1.003556 0.571637 0.161231 -0.006826 -0.307766 1.007298 -0.642612 -0.043015 -0.629659 -1.476220 -0.059291 0.480972 -0.803199 0.276087 -0.851921 0.082618 0.213864 -0.726469 0.230881 0.388943 0.165350 0.078048 0.101913 0.101099 0.605652 0.416547 0.085264 0.114752
150 -0.690820 -0.102291 1.488023 -0.829532 -0.442578 0.166820 0.363616 0.231641 0.308561 0.410716 0.661659 -0.064615 0.268133 0.088933 0.144300 -0.246784 -0.593447 1.506926 0.020703 -0.774958 0.092550 1.450514 -0.304868 -0.455728 0.054709 0.790244 -0.391026 -0.660002 1.256603 -0.249574 0.069626 -0.994115 -0.547047 -0.361919 0.313409 1.239504 -1.407985 -0.085629 0.146873 0.045419 0.447102 1.108051 -0.108321 -0.313368 -0.128880 -0.367497 -0.227234 -0.449881 0.062162 -0.235211 -0.208005 0.855828 -0.035163 -0.130418 -1.028584 -0.462230 0.276364 0.130628 -0.588772 -1.769867 -0.166174 -0.451965 -1.545596 -0.158605 0.468238 -0.266275 -1.588732 0.107237 0.237209 0.396263 1.031245 -0.025724 0.148200 -1.317951 0.090888 0.853350 0.116485 0.041811 0.742943 -0.074366 0.848277 0.117108 0.072241 -0.132009 -0.335936 -0.707392 0.082859 -0.077259 0.642713 -0.191233 0.312780 -0.032992 -0.181628 -0.277897 -0.677070 0.146214 0.028303 -0.582656 -0.625377 -0.067580 1.093474 0.523012 0.061096 -0.076479 -0.252545 0.137162 0.886100 0.133956 -0.299521 0.000874 -0.303882 -0.648681 -0.371529 -0.203284 -0.128436 1.106532 0.343888 -0.114543 0.185304 0.538077 2.051806 -0.079828 -0.425909 0.130218 -0.459903 1.259804 0.296583 1.756548 -0.083095 0.067959 -0.084114 -0.026716 -0.100967 -0.043128 -0.787825 1.699636 -0.212464 -0.065479 0.385541 0.711028 -0.653103 0.186566 -0.271920 0.275135 -0.982379 0.545026 0.149803 -0.033753 -0.282924 1.022973 -0.616511 -0.027844 -0.634064 -1.452700 -0.045271 0.510953 -0.829736 0.261934 -0.831415 0.073666 0.242532 -0.707129 0.259997 0.372237 0.194219 0.050905 0.094838 0.075452 0.598689 0.390254 0.099501 0.088230
151 -0.695504 -0.101535 1.462485 -0.809287 -0.464644 0.183442 0.384316 0.216717 0.295014 0.392106 0.662559 -0.085501 0.261628 0.077998 0.166907 -0.222397 -0.614767 1.483574 0.035670 -0.754273 0.082112 1.426959 -0.328179 -0.477765 0.073154 0.788966 -0.413185 -0.647277 1.233560 -0.240626 0.094689 -0.973368 -0.549124 -0.386552 0.300479 1.244406 -1.383869 -0.109094 0.169551 0.022376 0.425837 1.087397 -0.115084 -0.338882 -0.115296 -0.345734 -0.213604 -0.433035 0.068748 -0.213931 -0.211969 0.834982 -0.054729 -0.143099 -1.007373 -0.466155 0.277114 0.146682 -0.567557 -1.743409 -0.185678 -0.448713 -1.520099 -0.169658 0.449179 -0.253266 -1.563948 0.094105 0.224172 0.373538 1.011320 -0.017287 0.135902 -1.295382 0.070099 0.871638 0.118601 0.032637 0.747854 -0.064792 0.851121 0.093055 0.060918 -0.145416 -0.319611 -0.721788 0.105601 -0.066414 0.663508 -0.177169 0.297928 -0.032450 -0.159938 -0.283044 -0.662555 0.131956 0.053373 -0.583028 -0.644826 -0.059812 1.072584 0.520427 0.052935 -0.065762 -0.267040 0.153821 0.905533 0.132587 -0.323861 -0.009523 -0.279624 -0.652037 -0.351579 -0.227336 -0.144232 1.085328 0.324532 -0.122890 0.165469 0.558987 2.023202 -0.069331 -0.436980 0.146451 -0.485089 1.262428 0.294034 1.729674 -0.070455 0.072795 -0.070801 -0.012002 -0.096969 -0.048180 -0.803316 1.673469 -0.238832 -0.040705 0.409691 0.690648 -0.627839 0.161432 -0.295627 0.255265 -0.962502 0.521777 0.140657 -0.055882 -0.261776 1.034135 -0.593150 -0.014948 -0.636170 -1.428566 -0.033897 0.535384 -0.850555 0.250121 -0.812668 0.066301 0.265766 -0.688612 0.283646 0.357818 0.217654 0.028600 0.089126 0.054152 0.590563 0.367544 0.111255 0.066408
152 -0.694926 -0.102535 1.458600 -0.808501 -0.464515 0.182978 0.383463 0.217132 0.295709 0.392867 0.661308 -0.084679 0.261976 0.078319 0.165872 -0.222650 -0.613910 1.478979 0.034081 -0.753774 0.082465 1.422801 -0.327253 -0.477461 0.073313 0.786659 -0.413454 -0.644283 1.230336 -0.240960 0.094404 -0.972139 -0.547914 -0.386844 0.299258 1.244240 -1.380174 -0.108081 0.168521 0.023105 0.425263 1.085583 -0.116612 -0.338560 -0.116177 -0.346245 -0.214123 -0.433771 0.070370 -0.214719 -0.211897 0.834253 -0.053705 -0.143470 -1.005869 -0.465373 0.275798 0.145830 -0.566630 -1.738962 -0.184829 -0.446026 -1.516146 -0.170261 0.449588 -0.253629 -1.559612 0.094702 0.224117 0.373584 1.009689 -0.016930 0.136454 -1.292364 0.071349 0.871292 0.119921 0.033570 0.747333 -0.064796 0.849502 0.093812 0.061501 -0.145130 -0.320478 -0.721482 0.104606 -0.066620 0.662679 -0.177996 0.298616 -0.032494 -0.160844 -0.283498 -0.660164 0.132765 0.053096 -0.581553 -0.645109 -0.059674 1.070776 0.517470 0.052850 -0.066267 -0.265619 0.152928 0.904801 0.132786 -0.323455 -0.010272 -0.279675 -0.651505 -0.351058 -0.227407 -0.144415 1.083494 0.325251 -0.123599 0.166281 0.558643 2.017930 -0.069570 -0.435410 0.145629 -0.484708 1.258918 0.291729 1.724552 -0.071209 0.074212 -0.071545 -0.012585 -0.094856 -0.050037 -0.802885 1.668813 -0.238423 -0.041432 0.409455 0.690322 -0.626950 0.161713 -0.295069 0.255552 -0.961318 0.521681 0.141315 -0.055022 -0.261864 1.033675 -0.592317 -0.014450 -0.635555 -1.424880 -0.034279 0.535203 -0.850214 0.250593 -0.812024 0.066105 0.264759 -0.686377 0.282680 0.357921 0.216499 0.029641 0.089421 0.054965 0.587641 0.367403 0.111347 0.067368
153 -0.694742 -0.101801 1.471137 -0.815902 -0.458425 0.178660 0.378431 0.221281 0.299226 0.397941 0.662821 -0.079346 0.263752 0.081243 0.160281 -0.229820 -0.608856 1.491556 0.031250 -0.760981 0.085216 1.434971 -0.321466 -0.471560 0.067748 0.789934 -0.406920 -0.651414 1.241283 -0.243419 0.087279 -0.980247 -0.548955 -0.379489 0.304536 1.243924 -1.392032 -0.102163 0.162909 0.029252 0.432481 1.094324 -0.113200 -0.331518 -0.119372 -0.352451 -0.217775 -0.438368 0.066874 -0.220425 -0.211051 0.841801 -0.048938 -0.139470 -1.014411 -0.465420 0.277092 0.142018 -0.574284 -1.752541 -0.180010 -0.449985 -1.528778 -0.166561 0.455163 -0.257296 -1.572438 0.098035 0.228183 0.380578 1.017969 -0.019706 0.139627 -1.303026 0.076336 0.866855 0.118090 0.035310 0.747063 -0.067626 0.850951 0.100310 0.064317 -0.141587 -0.324697 -0.718095 0.098899 -0.069623 0.657808 -0.181470 0.302540 -0.032635 -0.166529 -0.281779 -0.667351 0.136249 0.045921 -0.583374 -0.639542 -0.062065 1.079566 0.521552 0.055308 -0.068925 -0.262924 0.148982 0.900419 0.133091 -0.316834 -0.006456 -0.287047 -0.651632 -0.357774 -0.220351 -0.139670 1.092417 0.330530 -0.120512 0.171500 0.553179 2.033179 -0.072456 -0.434015 0.141752 -0.477910 1.262568 0.294994 1.738912 -0.074263 0.071448 -0.074796 -0.016346 -0.098189 -0.046735 -0.799345 1.682452 -0.231145 -0.048112 0.402787 0.697230 -0.635803 0.169020 -0.288773 0.261352 -0.969111 0.529066 0.143422 -0.049320 -0.268238 1.031624 -0.600521 -0.018768 -0.636120 -1.436770 -0.037257 0.528493 -0.844994 0.253791 -0.818832 0.068443 0.259023 -0.694615 0.276792 0.362348 0.210805 0.035266 0.090852 0.060570 0.593385 0.374538 0.107875 0.072942
154 -0.695773 -0.102827 1.436610 -0.793800 -0.476982 0.192367 0.394627 0.207990 0.287519 0.381340 0.659387 -0.096594 0.257768 0.071885 0.178438 -0.207540 -0.624987 1.457707 0.041729 -0.739167 0.076350 1.401883 -0.340048 -0.489764 0.084562 0.782209 -0.426486 -0.632647 1.210940 -0.235357 0.109322 -0.956424 -0.546970 -0.401534 0.289589 1.244639 -1.359388 -0.121303 0.181129 0.009669 0.410840 1.069190 -0.121890 -0.353251 -0.108552 -0.332852 -0.205897 -0.423235 0.075740 -0.201911 -0.213737 0.819188 -0.064714 -0.151265 -0.989555 -0.466031 0.274531 0.154601 -0.551669 -1.715420 -0.195661 -0.440673 -1.494061 -0.177190 0.437458 -0.245496 -1.537533 0.087116 0.215646 0.358910 0.994058 -0.011540 0.129197 -1.273322 0.059622 0.880434 0.122147 0.028864 0.748269 -0.058914 0.848056 0.079585 0.054976 -0.152736 -0.310626 -0.728547 0.117404 -0.060160 0.673365 -0.169790 0.289588 -0.032134 -0.148043 -0.286392 -0.647728 0.124614 0.068147 -0.579273 -0.655962 -0.054811 1.054275 0.512134 0.047805 -0.060175 -0.272699 0.162023 0.914274 0.131882 -0.337416 -0.017344 -0.264364 -0.651671 -0.337634 -0.241766 -0.153932 1.066759 0.313368 -0.129166 0.154491 0.570059 1.991797 -0.063307 -0.439965 0.154528 -0.498896 1.254874 0.287451 1.700163 -0.064006 0.078300 -0.063950 -0.004174 -0.090301 -0.054741 -0.810382 1.645414 -0.253692 -0.026944 0.423296 0.676178 -0.609599 0.146366 -0.308542 0.243268 -0.946197 0.506482 0.136137 -0.067704 -0.248614 1.038068 -0.576148 -0.006049 -0.634918 -1.404028 -0.027687 0.548998 -0.860989 0.243306 -0.798356 0.061428 0.277564 -0.671635 0.295685 0.348477 0.229365 0.016865 0.086055 0.042487 0.578784 0.352818 0.118373 0.054764
155 -0.690178 -0.103517 1.484287 -0.829223 -0.442984 0.166330 0.363090 0.232474 0.309919 0.411993 0.660416 -0.064026 0.269060 0.089825 0.143435 -0.246831 -0.593125 1.502396 0.018933 -0.774897 0.093497 1.446481 -0.304311 -0.455963 0.054993 0.787955 -0.391812 -0.657494 1.253552 -0.250562 0.069799 -0.993364 -0.545757 -0.363015 0.312468 1.239849 -1.404456 -0.084894 0.146001 0.045962 0.446573 1.106744 -0.109898 -0.313707 -0.130373 -0.368214 -0.228298 -0.451105 0.063714 -0.236101 -0.207740 0.855504 -0.034240 -0.130864 -1.027509 -0.461428 0.274937 0.129695 -0.587940 -1.765509 -0.165519 -0.449590 -1.541785 -0.159221 0.469023 -0.267132 -1.584487 0.108245 0.237518 0.396222 1.030128 -0.025879 0.149227 -1.315250 0.092356 0.853625 0.118133 0.043493 0.742402 -0.074838 0.846532 0.117657 0.073146 -0.131741 -0.337162 -0.707533 0.082021 -0.077985 0.642549 -0.192455 0.314030 -0.033177 -0.182607 -0.278309 -0.675026 0.147610 0.028443 -0.581195 -0.626270 -0.068070 1.092158 0.520268 0.061613 -0.077640 -0.251073 0.136138 0.885944 0.134504 -0.299646 0.000266 -0.303760 -0.648136 -0.370997 -0.203883 -0.128662 1.105169 0.344980 -0.115301 0.186328 0.538224 2.046429 -0.080533 -0.424337 0.129290 -0.460253 1.255881 0.294549 1.751395 -0.084112 0.069390 -0.085200 -0.027504 -0.098967 -0.044830 -0.787846 1.695008 -0.212688 -0.066042 0.385904 0.711059 -0.652204 0.186646 -0.271777 0.275741 -0.981756 0.545096 0.151218 -0.032963 -0.283264 1.023003 -0.615727 -0.027490 -0.633489 -1.449175 -0.046152 0.511472 -0.830059 0.263008 -0.831382 0.074052 0.241785 -0.705043 0.259415 0.372751 0.193342 0.051994 0.095634 0.076212 0.596216 0.390195 0.099659 0.089342
156 -0.692245 -0.103870 1.421487 -0.786488 -0.478247 0.193286 0.395093 0.205761 0.285561 0.378065 0.654935 -0.098267 0.256326 0.070846 0.179798 -0.203355 -0.624700 1.442038 0.041542 -0.732407 0.075396 1.386966 -0.341057 -0.490776 0.087033 0.775637 -0.428465 -0.624828 1.198211 -0.233844 0.112378 -0.947872 -0.543189 -0.404297 0.284842 1.239989 -1.345113 -0.123106 0.182479 0.007229 0.405126 1.059351 -0.124306 -0.355430 -0.107670 -0.329189 -0.204054 -0.420043 0.078481 -0.198969 -0.212820 0.811802 -0.066057 -0.152908 -0.980455 -0.463183 0.271761 0.155195 -0.544945 -1.698278 -0.196682 -0.434830 -1.478676 -0.178663 0.433601 -0.243248 -1.521574 0.085963 0.212974 0.354039 0.984931 -0.010347 0.127852 -1.260593 0.058047 0.879118 0.123663 0.029163 0.744656 -0.057663 0.842584 0.076531 0.053966 -0.153514 -0.308203 -0.727078 0.119019 -0.059022 0.672767 -0.168270 0.287366 -0.031986 -0.145365 -0.286313 -0.639610 0.123443 0.071462 -0.574832 -0.656546 -0.053853 1.044510 0.505733 0.046848 -0.059516 -0.271849 0.162577 0.912568 0.131513 -0.339370 -0.019769 -0.259740 -0.648222 -0.332506 -0.244561 -0.155757 1.056816 0.310237 -0.130898 0.152010 0.570485 1.972037 -0.062159 -0.437735 0.155064 -0.500477 1.245387 0.282810 1.682085 -0.062943 0.080475 -0.062894 -0.003077 -0.086633 -0.057724 -0.808664 1.628364 -0.256188 -0.024233 0.425134 0.669869 -0.602359 0.142565 -0.310262 0.239939 -0.937874 0.501051 0.135550 -0.069659 -0.244839 1.034841 -0.569297 -0.003556 -0.631254 -1.389598 -0.026739 0.550435 -0.860222 0.241419 -0.791544 0.060406 0.278708 -0.663034 0.296861 0.345218 0.230534 0.014868 0.085517 0.039985 0.571320 0.348107 0.119618 0.052686
157 -0.692789 -0.101432 1.475637 -0.819124 -0.452829 0.174939 0.373573 0.223904 0.301261 0.400899 0.661985 -0.074941 0.264427 0.083248 0.155453 -0.234714 -0.603439 1.495871 0.028539 -0.764295 0.087088 1.439232 -0.316145 -0.466038 0.063557 0.789739 -0.401288 -0.654109 1.245396 -0.244673 0.081722 -0.983479 -0.548052 -0.373309 0.307144 1.240815 -1.396290 -0.097201 0.158065 0.034007 0.436550 1.097562 -0.111022 -0.325437 -0.121680 -0.356430 -0.220058 -0.440889 0.064830 -0.224343 -0.209877 0.845110 -0.044989 -0.136349 -1.017794 -0.464044 0.276972 0.138637 -0.578238 -1.757056 -0.175758 -0.450767 -1.533242 -0.163664 0.458335 -0.259418 -1.576829 0.100430 0.230547 0.384870 1.021107 -0.021534 0.141740 -1.306825 0.080218 0.861488 0.116875 0.036761 0.744947 -0.069490 0.849569 0.105139 0.066356 -0.138508 -0.327296 -0.713802 0.094128 -0.071685 0.652386 -0.183812 0.304873 -0.032633 -0.170603 -0.280015 -0.670095 0.138701 0.040459 -0.582856 -0.634053 -0.063568 1.082883 0.522206 0.056895 -0.070826 -0.259870 0.145494 0.894928 0.133009 -0.311113 -0.004021 -0.291889 -0.650002 -0.361679 -0.214663 -0.135955 1.095798 0.333815 -0.118301 0.175145 0.547800 2.038066 -0.074421 -0.431482 0.138317 -0.471696 1.261371 0.295742 1.743793 -0.076529 0.069802 -0.077206 -0.019293 -0.099572 -0.045009 -0.794764 1.687114 -0.225044 -0.053228 0.396896 0.700536 -0.640628 0.174183 -0.283304 0.265088 -0.972135 0.533299 0.144765 -0.044754 -0.272337 1.027614 -0.604924 -0.021632 -0.634799 -1.440977 -0.039411 0.522292 -0.839125 0.255594 -0.821637 0.069886 0.253886 -0.698222 0.271454 0.364726 0.205740 0.039651 0.091701 0.064772 0.595024 0.378959 0.105091 0.077175
158 -0.699602 -0.102987 1.450301 -0.801673 -0.477122 0.191612 0.394722 0.211075 0.290922 0.385939 0.663742 -0.094987 0.260328 0.073775 0.177076 -0.211577 -0.626401 1.471366 0.040919 -0.746605 0.078203 1.415120 -0.339535 -0.490010 0.082720 0.788046 -0.426063 -0.639469 1.222542 -0.238030 0.106976 -0.965473 -0.550467 -0.400681 0.293854 1.251488 -1.372307 -0.119574 0.179756 0.012147 0.416351 1.079182 -0.120952 -0.352315 -0.110752 -0.337221 -0.208833 -0.427801 0.074358 -0.205533 -0.214593 0.827196 -0.063086 -0.150383 -0.998972 -0.468818 0.276581 0.153774 -0.558155 -1.730957 -0.194777 -0.445334 -1.507996 -0.176602 0.442323 -0.248695 -1.551768 0.089131 0.218768 0.363847 1.003406 -0.013010 0.131495 -1.285250 0.062128 0.883539 0.122178 0.030035 0.752354 -0.060658 0.853301 0.082704 0.056668 -0.152217 -0.314252 -0.731381 0.115685 -0.061983 0.675242 -0.172388 0.293108 -0.032498 -0.151324 -0.287264 -0.654957 0.127033 0.065475 -0.583352 -0.657350 -0.056421 1.064183 0.517128 0.049385 -0.061901 -0.273125 0.161173 0.917482 0.132916 -0.336477 -0.015525 -0.268811 -0.655437 -0.342446 -0.240175 -0.152761 1.076781 0.317566 -0.128340 0.157709 0.570900 2.009486 -0.065102 -0.441889 0.153749 -0.498769 1.263028 0.290960 1.715991 -0.065796 0.077406 -0.065810 -0.005710 -0.092548 -0.053187 -0.813471 1.660547 -0.252205 -0.029723 0.422801 0.683107 -0.616662 0.150062 -0.307574 0.247182 -0.955102 0.512376 0.138114 -0.065605 -0.252752 1.043008 -0.582844 -0.008141 -0.638830 -1.417142 -0.029359 0.549206 -0.863579 0.246357 -0.806041 0.063009 0.276645 -0.679210 0.294956 0.352506 0.228252 0.019389 0.087425 0.045200 0.585098 0.357657 0.117610 0.057482
159 -0.695413 -0.102720 1.451331 -0.803602 -0.469362 0.186480 0.387781 0.213978 0.293013 0.388944 0.660848 -0.089157 0.260694 0.076172 0.170576 -0.217141 -0.618323 1.471990 0.036922 -0.748865 0.080441 1.415916 -0.332143 -0.482272 0.077477 0.785360 -0.418479 -0.640528 1.223887 -0.239192 0.100002 -0.966927 -0.547744 -0.392518 0.295954 1.244974 -1.373305 -0.113039 0.173237 0.018125 0.420204 1.080214 -0.118535 -0.344200 -0.113609 -0.341503 -0.211345 -0.430181 0.072268 -0.210132 -0.212550 0.829190 -0.057819 -0.146363 -1.000448 -0.465761 0.275424 0.149089 -0.561451 -1.731257 -0.188942 -0.444401 -1.508874 -0.172830 0.445398 -0.250875 -1.552359 0.092065 0.221197 0.368346 1.004559 -0.015159 0.133968 -1.286118 0.067109 0.875136 0.120829 0.032103 0.747880 -0.062812 0.849237 0.088574 0.059203 -0.147958 -0.317050 -0.724507 0.109379 -0.064446 0.667021 -0.175136 0.295562 -0.032415 -0.156205 -0.284636 -0.656037 0.130002 0.058720 -0.580948 -0.649453 -0.058149 1.065354 0.515835 0.051239 -0.064276 -0.268331 0.156306 0.908767 0.132613 -0.328800 -0.012794 -0.274128 -0.651749 -0.346303 -0.232862 -0.147949 1.077991 0.321124 -0.125667 0.162052 0.563156 2.009363 -0.067434 -0.437290 0.148931 -0.490224 1.257821 0.290420 1.716523 -0.068643 0.075683 -0.068853 -0.009540 -0.093331 -0.051648 -0.806084 1.661125 -0.244239 -0.036077 0.414791 0.685535 -0.620865 0.156090 -0.300196 0.251244 -0.956347 0.516364 0.139703 -0.059700 -0.257192 1.035768 -0.586672 -0.011446 -0.635521 -1.418009 -0.032031 0.540589 -0.854632 0.248177 -0.807521 0.064628 0.269602 -0.681371 0.287638 0.354710 0.221368 0.024975 0.088376 0.050395 0.584827 0.362229 0.113963 0.062802
160 -0.697536 -0.102428 1.482167 -0.823252 -0.457549 0.177016 0.377213 0.224865 0.303169 0.403130 0.665922 -0.076660 0.266479 0.083597 0.157624 -0.234484 -0.608761 1.502131 0.029057 -0.768107 0.087544 1.445405 -0.319590 -0.470710 0.065388 0.793902 -0.405778 -0.656509 1.250753 -0.246368 0.084066 -0.988422 -0.551278 -0.377923 0.308262 1.249489 -1.402445 -0.099169 0.160245 0.032743 0.437894 1.103025 -0.112764 -0.329516 -0.122381 -0.357505 -0.221234 -0.443443 0.066096 -0.224841 -0.211574 0.849320 -0.046179 -0.138302 -1.022780 -0.467262 0.278210 0.140150 -0.580377 -1.764918 -0.177982 -0.452934 -1.539992 -0.165805 0.460457 -0.260869 -1.583693 0.100710 0.231500 0.385825 1.026177 -0.021248 0.142491 -1.312869 0.080037 0.868548 0.118646 0.037271 0.750091 -0.069645 0.854519 0.104411 0.066612 -0.140396 -0.329003 -0.719735 0.095950 -0.071858 0.658160 -0.184781 0.306629 -0.033000 -0.170763 -0.282436 -0.673140 0.139435 0.042439 -0.586168 -0.640039 -0.063811 1.088202 0.524615 0.057080 -0.071230 -0.261944 0.147023 0.901982 0.134216 -0.314829 -0.004729 -0.291966 -0.654464 -0.362559 -0.218020 -0.137990 1.101154 0.335367 -0.119764 0.175563 0.552850 2.047063 -0.074674 -0.434409 0.139924 -0.476603 1.267681 0.297106 1.751222 -0.076773 0.071076 -0.077428 -0.018689 -0.099370 -0.045975 -0.801120 1.694373 -0.228571 -0.051974 0.401267 0.703982 -0.642617 0.173450 -0.286685 0.265840 -0.977152 0.535189 0.145956 -0.046131 -0.272859 1.035180 -0.606933 -0.020963 -0.639112 -1.447356 -0.039465 0.527595 -0.846182 0.257251 -0.826039 0.070122 0.256754 -0.700923 0.274680 0.366557 0.208276 0.038922 0.092486 0.064242 0.597877 0.379703 0.106713 0.076726
161 -0.696829 -0.102365 1.469211 -0.814649 -0.462821 0.181329 0.382064 0.219921 0.298463 0.396648 0.663964 -0.082346 0.263809 0.080151 0.163581 -0.226764 -0.613168 1.489594 0.032853 -0.759638 0.084232 1.433080 -0.325339 -0.475891 0.070738 0.790590 -0.411366 -0.649863 1.239423 -0.243045 0.091172 -0.979098 -0.549998 -0.384318 0.302990 1.247594 -1.390198 -0.105508 0.166219 0.026124 0.430139 1.093211 -0.115102 -0.336078 -0.118235 -0.350299 -0.216690 -0.437422 0.068604 -0.218163 -0.212103 0.840514 -0.051523 -0.141857 -1.013142 -0.466816 0.277228 0.144294 -0.572135 -1.750816 -0.182996 -0.449604 -1.526914 -0.168875 0.453697 -0.256332 -1.570591 0.096712 0.226915 0.378074 1.016856 -0.018507 0.138561 -1.301542 0.074045 0.871555 0.119383 0.034674 0.749337 -0.066537 0.852581 0.097264 0.063198 -0.143856 -0.323544 -0.721926 0.102102 -0.068443 0.662238 -0.180333 0.301552 -0.032733 -0.164142 -0.283400 -0.665966 0.135018 0.049689 -0.584168 -0.644180 -0.061204 1.078372 0.521254 0.054391 -0.067936 -0.265058 0.151330 0.905149 0.133410 -0.321089 -0.008215 -0.284062 -0.653471 -0.355441 -0.224577 -0.142407 1.091189 0.328883 -0.122252 0.169411 0.557490 2.031351 -0.071352 -0.435995 0.144098 -0.482701 1.264105 0.294523 1.736784 -0.073019 0.072915 -0.073458 -0.014488 -0.097020 -0.048222 -0.803425 1.680483 -0.235587 -0.044778 0.407301 0.695838 -0.633141 0.165697 -0.292782 0.259269 -0.968112 0.526850 0.142949 -0.052329 -0.265848 1.035590 -0.598100 -0.016784 -0.637731 -1.435015 -0.036018 0.533388 -0.850012 0.253087 -0.817907 0.067611 0.262655 -0.692642 0.280618 0.361265 0.214301 0.032526 0.090545 0.057950 0.592584 0.371956 0.109949 0.070346
162 -0.695616 -0.103174 1.469135 -0.816379 -0.460138 0.178997 0.379020 0.222006 0.300641 0.399378 0.662793 -0.079384 0.264887 0.081830 0.160200 -0.229678 -0.610028 1.488755 0.029953 -0.761618 0.085879 1.432595 -0.321962 -0.473093 0.068698 0.788919 -0.408958 -0.649293 1.239596 -0.244451 0.088139 -0.980534 -0.548725 -0.381754 0.303659 1.246636 -1.390120 -0.102099 0.162829 0.029282 0.432117 1.094214 -0.115314 -0.332944 -0.120603 -0.353168 -0.218748 -0.439889 0.068883 -0.221152 -0.211444 0.842321 -0.048556 -0.140584 -1.014416 -0.465648 0.276127 0.141759 -0.573841 -1.750356 -0.180129 -0.448105 -1.526772 -0.167916 0.456169 -0.258166 -1.570073 0.098768 0.228427 0.380610 1.017924 -0.019429 0.140482 -1.301818 0.077396 0.869048 0.120087 0.036629 0.748132 -0.067807 0.850825 0.100515 0.064994 -0.142027 -0.326035 -0.719892 0.098753 -0.070021 0.659205 -0.182600 0.303835 -0.032855 -0.167280 -0.282965 -0.665924 0.137398 0.046667 -0.582936 -0.642041 -0.062219 1.079408 0.519436 0.055482 -0.069747 -0.262294 0.148683 0.902224 0.133771 -0.318011 -0.007459 -0.286815 -0.652475 -0.357302 -0.221881 -0.140644 1.092234 0.331650 -0.121744 0.172302 0.554752 2.030432 -0.072883 -0.433495 0.141558 -0.479549 1.260864 0.293238 1.735887 -0.075061 0.073284 -0.075603 -0.016672 -0.096063 -0.048825 -0.801154 1.679857 -0.232306 -0.048149 0.404354 0.697893 -0.635317 0.168754 -0.289643 0.261826 -0.969508 0.529412 0.144675 -0.049135 -0.268412 1.033762 -0.600113 -0.017998 -0.636849 -1.434925 -0.037776 0.530427 -0.847237 0.254896 -0.819598 0.068524 0.259219 -0.693117 0.277182 0.363019 0.210760 0.035871 0.091547 0.060970 0.591488 0.374465 0.108607 0.073602
163 -0.695708 -0.102697 1.454105 -0.805458 -0.468107 0.185483 0.386619 0.215037 0.293955 0.390346 0.661331 -0.087795 0.261217 0.076814 0.169195 -0.218943 -0.617246 1.474631 0.036008 -0.750707 0.081050 1.418526 -0.330787 -0.481008 0.076243 0.786122 -0.417139 -0.641839 1.226325 -0.239816 0.098319 -0.968953 -0.548088 -0.390963 0.297092 1.245355 -1.375924 -0.111552 0.171853 0.019684 0.421938 1.082308 -0.118056 -0.342635 -0.114411 -0.343118 -0.212276 -0.431520 0.071771 -0.211666 -0.212547 0.831123 -0.056537 -0.145580 -1.002547 -0.465936 0.275653 0.148137 -0.563268 -1.734241 -0.187737 -0.445062 -1.511652 -0.172177 0.446901 -0.251840 -1.555133 0.092898 0.222194 0.370127 1.006552 -0.015616 0.134791 -1.288522 0.068484 0.874351 0.120654 0.032488 0.748183 -0.063406 0.849761 0.090251 0.059952 -0.147198 -0.318284 -0.723898 0.107945 -0.065090 0.665981 -0.176120 0.296642 -0.032458 -0.157750 -0.284469 -0.657576 0.130879 0.056994 -0.581422 -0.648445 -0.058544 1.067458 0.516544 0.051670 -0.064848 -0.267586 0.155303 0.907943 0.132711 -0.327297 -0.012036 -0.275964 -0.652090 -0.347916 -0.231296 -0.146941 1.080122 0.322561 -0.125097 0.163479 0.562012 2.012709 -0.068094 -0.436866 0.147970 -0.488756 1.258723 0.290924 1.719586 -0.069489 0.075317 -0.069731 -0.010472 -0.093786 -0.051230 -0.805453 1.664059 -0.242584 -0.037752 0.413340 0.687312 -0.622982 0.157891 -0.298751 0.252673 -0.958291 0.518215 0.140211 -0.058269 -0.258730 1.035636 -0.588651 -0.012358 -0.635933 -1.420638 -0.032702 0.539191 -0.853665 0.249036 -0.809270 0.065021 0.268224 -0.683174 0.286247 0.355861 0.219952 0.026450 0.088711 0.051866 0.585923 0.363955 0.113241 0.064261
164 -0.696594 -0.102113 1.452861 -0.803469 -0.470589 0.187507 0.389271 0.213161 0.292047 0.387862 0.662001 -0.090476 0.260309 0.075374 0.172187 -0.216099 -0.619954 1.473907 0.038354 -0.748546 0.079652 1.417601 -0.333791 -0.483557 0.078191 0.787009 -0.419468 -0.641638 1.225070 -0.238585 0.101226 -0.967107 -0.548880 -0.393548 0.296182 1.245899 -1.374750 -0.114621 0.174851 0.016792 0.419773 1.080710 -0.118137 -0.345615 -0.112413 -0.340462 -0.210468 -0.429292 0.071794 -0.208900 -0.213115 0.829056 -0.059155 -0.146856 -1.000770 -0.466783 0.276313 0.150273 -0.561239 -1.733100 -0.190256 -0.445885 -1.510424 -0.173173 0.444588 -0.250200 -1.554142 0.091133 0.220771 0.367519 1.004962 -0.014748 0.133147 -1.287233 0.065593 0.876454 0.120288 0.030911 0.749056 -0.062292 0.850828 0.087237 0.058444 -0.148868 -0.316077 -0.725558 0.110929 -0.063722 0.668616 -0.174183 0.294641 -0.032392 -0.154931 -0.284848 -0.656989 0.128849 0.059894 -0.582130 -0.650430 -0.057622 1.065833 0.517584 0.050697 -0.063323 -0.269798 0.157507 0.910353 0.132404 -0.330167 -0.012867 -0.273225 -0.652799 -0.345897 -0.233926 -0.148582 1.078468 0.320027 -0.125656 0.160904 0.564437 2.011664 -0.066786 -0.438752 0.150114 -0.491697 1.260588 0.291668 1.718701 -0.067766 0.075235 -0.067930 -0.008585 -0.094267 -0.050967 -0.807303 1.663036 -0.245713 -0.034675 0.416109 0.685112 -0.620530 0.154955 -0.301628 0.250321 -0.956515 0.515639 0.138790 -0.061137 -0.256306 1.037053 -0.586367 -0.011128 -0.636538 -1.419453 -0.031217 0.541964 -0.856071 0.247466 -0.807391 0.064186 0.271264 -0.682056 0.289313 0.354190 0.223071 0.023483 0.087886 0.049131 0.586312 0.361452 0.114528 0.061381
165 -0.697401 -0.102818 1.453931 -0.804936 -0.471072 0.187397 0.389236 0.214039 0.293300 0.389381 0.662496 -0.089967 0.261194 0.075993 0.171580 -0.216931 -0.620316 1.474583 0.037439 -0.750053 0.080296 1.418419 -0.333553 -0.483987 0.078208 0.787196 -0.420081 -0.641511 1.225999 -0.239481 0.100928 -0.968621 -0.549163 -0.394121 0.296383 1.248020 -1.375751 -0.113944 0.174250 0.017490 0.420595 1.082149 -0.118997 -0.345722 -0.113448 -0.341655 -0.211437 -0.430765 0.072570 -0.210022 -0.213370 0.830574 -0.058483 -0.147104 -1.002196 -0.467160 0.276083 0.149851 -0.562152 -1.734383 -0.189914 -0.445460 -1.511552 -0.173622 0.445887 -0.251119 -1.555131 0.091874 0.221358 0.368518 1.006333 -0.014834 0.133946 -1.288423 0.066708 0.877623 0.121230 0.031802 0.749987 -0.062659 0.851359 0.088132 0.059073 -0.148803 -0.317347 -0.726607 0.110263 -0.064239 0.669159 -0.175187 0.295847 -0.032515 -0.156017 -0.285484 -0.657283 0.129873 0.059513 -0.582388 -0.651516 -0.057938 1.067237 0.517063 0.051024 -0.064047 -0.269357 0.157083 0.911329 0.132895 -0.330214 -0.013046 -0.274052 -0.653598 -0.346551 -0.234091 -0.148746 1.079894 0.321353 -0.126121 0.161938 0.564998 2.013020 -0.067292 -0.438609 0.149744 -0.492019 1.260703 0.291164 1.719612 -0.068497 0.075991 -0.068671 -0.009093 -0.093484 -0.051801 -0.808370 1.664073 -0.245585 -0.035444 0.416402 0.686589 -0.621547 0.155689 -0.301536 0.251284 -0.958042 0.516872 0.139727 -0.060422 -0.257184 1.038532 -0.587345 -0.011142 -0.637308 -1.420529 -0.031780 0.542505 -0.857152 0.248461 -0.808920 0.064455 0.270839 -0.682479 0.288958 0.355138 0.222488 0.024429 0.088418 0.050004 0.586109 0.362353 0.114620 0.062345
166 -0.694019 -0.103142 1.453693 -0.806303 -0.465262 0.183433 0.383759 0.216504 0.295337 0.392073 0.659952 -0.085270 0.261689 0.078062 0.166303 -0.221288 -0.614069 1.473752 0.033905 -0.751768 0.082240 1.417871 -0.327675 -0.478090 0.074342 0.784443 -0.414472 -0.641375 1.226143 -0.240637 0.095536 -0.969501 -0.546729 -0.388115 0.297545 1.243419 -1.375516 -0.108652 0.168946 0.022312 0.423402 1.082517 -0.117827 -0.339490 -0.116104 -0.345164 -0.213681 -0.433019 0.071666 -0.213895 -0.211698 0.832014 -0.054129 -0.144233 -1.003013 -0.464557 0.274754 0.146041 -0.564459 -1.733461 -0.185239 -0.443802 -1.511171 -0.171044 0.448501 -0.253025 -1.554397 0.094420 0.223231 0.372053 1.006835 -0.016458 0.136125 -1.288286 0.070994 0.871410 0.120797 0.033890 0.746443 -0.064372 0.847826 0.092866 0.061237 -0.145487 -0.319905 -0.721511 0.105113 -0.066290 0.662795 -0.177659 0.298106 -0.032479 -0.160084 -0.283768 -0.657334 0.132581 0.054283 -0.580108 -0.645821 -0.059375 1.067718 0.515014 0.052542 -0.066181 -0.265308 0.153159 0.904705 0.132779 -0.324293 -0.011294 -0.278156 -0.650609 -0.349334 -0.228574 -0.145263 1.080390 0.324434 -0.124424 0.165574 0.559130 2.011575 -0.069217 -0.434712 0.145865 -0.485489 1.255729 0.289897 1.718611 -0.070954 0.075296 -0.071262 -0.012191 -0.093250 -0.051425 -0.802806 1.663257 -0.239405 -0.040527 0.410319 0.688474 -0.624582 0.160434 -0.295777 0.254529 -0.958776 0.520015 0.141325 -0.055629 -0.260655 1.033130 -0.590080 -0.013444 -0.634560 -1.420196 -0.034027 0.536007 -0.850460 0.250149 -0.809997 0.065762 0.265164 -0.683415 0.283127 0.356971 0.216876 0.029092 0.089352 0.054223 0.584883 0.365873 0.111921 0.066785
167 -0.698578 -0.102192 1.470526 -0.814774 -0.465116 0.182822 0.384243 0.219192 0.297896 0.395922 0.665407 -0.084063 0.263800 0.079454 0.165575 -0.225392 -0.615766 1.491137 0.034176 -0.759581 0.083585 1.434472 -0.327639 -0.478222 0.072072 0.792262 -0.413526 -0.650545 1.240401 -0.242774 0.093094 -0.979540 -0.551323 -0.386603 0.302924 1.249966 -1.391443 -0.107473 0.168224 0.024432 0.429496 1.093937 -0.115434 -0.338467 -0.117316 -0.349298 -0.216021 -0.436899 0.068795 -0.216905 -0.212898 0.840636 -0.053103 -0.142909 -1.013647 -0.468141 0.277986 0.145730 -0.571775 -1.752547 -0.184763 -0.450733 -1.528296 -0.169827 0.453076 -0.255834 -1.572143 0.095854 0.226452 0.377078 1.017472 -0.017954 0.137877 -1.302649 0.072545 0.874231 0.119501 0.033857 0.751163 -0.065996 0.854511 0.095650 0.062475 -0.145144 -0.322827 -0.724121 0.104009 -0.067757 0.664905 -0.179558 0.300929 -0.032766 -0.162809 -0.284122 -0.666615 0.134102 0.051522 -0.585485 -0.646512 -0.060715 1.079046 0.522585 0.053878 -0.067182 -0.266714 0.152795 0.908013 0.133523 -0.323349 -0.008723 -0.282831 -0.655050 -0.354758 -0.226601 -0.143645 1.091865 0.327980 -0.122824 0.168246 0.559852 2.033483 -0.070734 -0.437718 0.145564 -0.485275 1.266902 0.295392 1.738593 -0.072191 0.073063 -0.072596 -0.013409 -0.097370 -0.048190 -0.805842 1.682140 -0.237910 -0.043021 0.409662 0.695665 -0.632585 0.164157 -0.294983 0.258331 -0.968592 0.526129 0.142422 -0.054066 -0.264843 1.038153 -0.597606 -0.016076 -0.639230 -1.436306 -0.035242 0.535971 -0.852852 0.252655 -0.818134 0.067185 0.264846 -0.692961 0.282879 0.360874 0.216443 0.030877 0.090250 0.056504 0.593688 0.371000 0.110940 0.068807
168 -0.697539 -0.101122 1.471745 -0.814295 -0.463199 0.182299 0.383281 0.218696 0.296806 0.394844 0.665128 -0.083680 0.262807 0.079097 0.165184 -0.225844 -0.614205 1.492941 0.034955 -0.759020 0.083157 1.435969 -0.326713 -0.476451 0.071091 0.792686 -0.411425 -0.651985 1.241470 -0.241924 0.091977 -0.979164 -0.551234 -0.384324 0.303557 1.247268 -1.392617 -0.107048 0.167833 0.024797 0.429858 1.093802 -0.113716 -0.336777 -0.116491 -0.348986 -0.215323 -0.435703 0.067212 -0.216524 -0.212456 0.840160 -0.053101 -0.141815 -1.013484 -0.467680 0.278598 0.145650 -0.572160 -1.753815 -0.184282 -0.451900 -1.529501 -0.168565 0.452352 -0.255155 -1.573604 0.095424 0.226258 0.377208 1.017299 -0.018222 0.137280 -1.303274 0.072000 0.871767 0.117880 0.032915 0.749951 -0.065936 0.854221 0.095880 0.062043 -0.144557 -0.321839 -0.722082 0.103695 -0.067550 0.663138 -0.178764 0.299948 -0.032563 -0.162499 -0.282973 -0.667512 0.133336 0.050533 -0.585552 -0.643932 -0.060617 1.078950 0.523894 0.053780 -0.066638 -0.266919 0.152759 0.905844 0.132938 -0.321914 -0.007878 -0.283322 -0.654063 -0.355225 -0.224932 -0.142673 1.091800 0.327199 -0.121776 0.167815 0.558032 2.035142 -0.070495 -0.437826 0.145461 -0.483383 1.267676 0.296531 1.740530 -0.071683 0.071613 -0.072101 -0.013361 -0.098922 -0.046597 -0.803766 1.683762 -0.236400 -0.043438 0.407901 0.695118 -0.633155 0.164756 -0.293811 0.258161 -0.968100 0.526049 0.141470 -0.053842 -0.264950 1.035907 -0.598049 -0.016785 -0.638344 -1.437411 -0.034957 0.533841 -0.850361 0.251780 -0.817391 0.067150 0.264196 -0.694008 0.281997 0.360314 0.215950 0.030733 0.089700 0.056485 0.594836 0.371329 0.110168 0.068592
169 -0.696514 -0.103277 1.449734 -0.802860 -0.471741 0.187908 0.389613 0.213336 0.292765 0.388424 0.661319 -0.090613 0.260791 0.075656 0.172150 -0.215612 -0.620540 1.470224 0.037506 -0.748130 0.079983 1.414268 -0.334062 -0.484571 0.079170 0.785356 -0.420956 -0.639127 1.222423 -0.239061 0.102022 -0.966196 -0.548151 -0.395217 0.294846 1.247157 -1.371779 -0.114618 0.174815 0.016609 0.418861 1.079392 -0.119940 -0.346594 -0.113192 -0.340521 -0.210881 -0.429856 0.073607 -0.209095 -0.213121 0.828469 -0.059015 -0.147766 -0.999612 -0.466402 0.275270 0.150190 -0.560177 -1.729707 -0.190398 -0.443639 -1.507297 -0.174255 0.444739 -0.250429 -1.550729 0.091489 0.220480 0.367056 1.003751 -0.014424 0.133504 -1.284879 0.066138 0.877679 0.121829 0.031936 0.749110 -0.062222 0.849943 0.087127 0.058702 -0.149164 -0.316630 -0.726560 0.110892 -0.063855 0.669290 -0.174702 0.295187 -0.032471 -0.155127 -0.285654 -0.654825 0.129521 0.060680 -0.581163 -0.652068 -0.057650 1.064484 0.515067 0.050717 -0.063844 -0.269284 0.157462 0.911258 0.132823 -0.331028 -0.013951 -0.272605 -0.652714 -0.344957 -0.235144 -0.149541 1.077104 0.320404 -0.126809 0.161095 0.565456 2.007682 -0.066884 -0.438164 0.150097 -0.492761 1.258188 0.289667 1.714630 -0.068111 0.076831 -0.068266 -0.008640 -0.092214 -0.052919 -0.808258 1.659391 -0.246513 -0.034464 0.417213 0.684802 -0.619409 0.154425 -0.302264 0.250212 -0.955689 0.515268 0.139578 -0.061148 -0.255973 1.037994 -0.585313 -0.010230 -0.636332 -1.416534 -0.031434 0.543232 -0.857347 0.247894 -0.806977 0.064136 0.271372 -0.679902 0.289497 0.354155 0.223008 0.023722 0.088264 0.049142 0.583782 0.360906 0.115130 0.061613
170 -0.695467 -0.102795 1.472749 -0.818298 -0.458151 0.177726 0.377468 0.223023 0.301365 0.400587 0.663189 -0.077827 0.265169 0.082477 0.158588 -0.231729 -0.608373 1.492460 0.029308 -0.763479 0.086461 1.436142 -0.320199 -0.471166 0.067004 0.789899 -0.406800 -0.651383 1.242731 -0.244912 0.085952 -0.982651 -0.549033 -0.379274 0.305170 1.246152 -1.393527 -0.100386 0.161212 0.031059 0.434177 1.096534 -0.114147 -0.330682 -0.121259 -0.354762 -0.219572 -0.440944 0.067721 -0.222697 -0.211198 0.844278 -0.047222 -0.139332 -1.016689 -0.465632 0.276580 0.140718 -0.575996 -1.754272 -0.178719 -0.449316 -1.530409 -0.166746 0.457551 -0.259019 -1.573798 0.099547 0.229475 0.382597 1.020115 -0.020136 0.141198 -1.304806 0.078673 0.867477 0.119326 0.036846 0.747928 -0.068478 0.851231 0.102356 0.065657 -0.140966 -0.327024 -0.718694 0.097120 -0.070718 0.657557 -0.183393 0.304706 -0.032849 -0.168797 -0.282402 -0.667987 0.138152 0.044476 -0.583458 -0.640116 -0.062753 1.081756 0.520723 0.056035 -0.070282 -0.261571 0.147610 0.900698 0.133710 -0.315909 -0.006312 -0.288926 -0.652409 -0.359236 -0.219633 -0.139192 1.094620 0.332978 -0.120743 0.173669 0.552956 2.034883 -0.073547 -0.433107 0.140486 -0.477308 1.262072 0.294255 1.740120 -0.075794 0.072333 -0.076363 -0.017643 -0.097171 -0.047729 -0.799894 1.683839 -0.230029 -0.050045 0.402180 0.699682 -0.637788 0.170862 -0.287683 0.263322 -0.971515 0.531368 0.144995 -0.047519 -0.270112 1.032831 -0.602418 -0.019259 -0.636904 -1.438336 -0.038463 0.528192 -0.845408 0.255570 -0.821298 0.069054 0.257516 -0.695522 0.275415 0.364124 0.209105 0.037405 0.091789 0.062531 0.593176 0.376414 0.107547 0.075092
171 -0.699914 -0.101964 1.477294 -0.818459 -0.464231 0.182037 0.383612 0.220657 0.299307 0.398004 0.667223 -0.082824 0.264735 0.080329 0.164405 -0.227764 -0.615529 1.498028 0.033718 -0.763068 0.084419 1.441092 -0.326686 -0.477431 0.070647 0.794930 -0.412369 -0.654083 1.246176 -0.243835 0.091248 -0.983761 -0.552803 -0.385099 0.305169 1.252153 -1.397839 -0.106107 0.167053 0.026088 0.432431 1.098631 -0.114447 -0.337069 -0.118271 -0.351533 -0.217331 -0.438863 0.067663 -0.218817 -0.213127 0.844390 -0.051993 -0.141983 -1.018089 -0.469182 0.279045 0.145048 -0.575134 -1.760192 -0.183861 -0.453081 -1.535192 -0.169033 0.455348 -0.257252 -1.579228 0.096826 0.227974 0.379749 1.021862 -0.018748 0.138907 -1.308440 0.073894 0.874598 0.119020 0.034241 0.752560 -0.066858 0.856682 0.097569 0.063272 -0.144480 -0.324437 -0.724586 0.102711 -0.068643 0.664824 -0.180710 0.302444 -0.032848 -0.164582 -0.284126 -0.670239 0.135182 0.049572 -0.587277 -0.646067 -0.061464 1.083718 0.525107 0.054625 -0.067939 -0.266656 0.152102 0.908479 0.133864 -0.322057 -0.007523 -0.285387 -0.656394 -0.357388 -0.224985 -0.142571 1.096607 0.329980 -0.122073 0.169909 0.559342 2.042226 -0.071594 -0.438355 0.144890 -0.484181 1.270618 0.297224 1.746541 -0.073051 0.072196 -0.073500 -0.014336 -0.098813 -0.047019 -0.806391 1.689702 -0.236300 -0.044852 0.408481 0.698944 -0.636298 0.166434 -0.293765 0.260359 -0.972699 0.529118 0.143152 -0.052637 -0.267065 1.039487 -0.601094 -0.017410 -0.640682 -1.442787 -0.036054 0.534996 -0.852926 0.253924 -0.821618 0.067930 0.263792 -0.696888 0.281825 0.362726 0.215341 0.032383 0.090759 0.058128 0.596826 0.373627 0.110161 0.070354
172 -0.697074 -0.102901 1.464025 -0.812038 -0.465306 0.182889 0.383910 0.218584 0.297494 0.395152 0.663343 -0.084220 0.263416 0.079232 0.165482 -0.224181 -0.615108 1.484188 0.033483 -0.757141 0.083398 1.427935 -0.327437 -0.478277 0.072918 0.789072 -0.414131 -0.646707 1.234933 -0.242365 0.093885 -0.976171 -0.549511 -0.387439 0.300871 1.248160 -1.385294 -0.107537 0.168134 0.023979 0.427428 1.089942 -0.116798 -0.338874 -0.117370 -0.348271 -0.215587 -0.436084 0.070313 -0.216283 -0.212533 0.837864 -0.053098 -0.143523 -1.009979 -0.466828 0.276495 0.145532 -0.569223 -1.745164 -0.184681 -0.447677 -1.521690 -0.170489 0.451907 -0.255193 -1.565199 0.095693 0.225495 0.375534 1.013778 -0.017412 0.137617 -1.297266 0.072557 0.873470 0.120493 0.034331 0.749646 -0.065565 0.851930 0.095030 0.062364 -0.145198 -0.322323 -0.723401 0.104048 -0.067459 0.664180 -0.179354 0.300426 -0.032732 -0.162320 -0.284225 -0.662968 0.134030 0.052399 -0.583347 -0.646636 -0.060331 1.075071 0.519221 0.053515 -0.067163 -0.265788 0.152592 0.906959 0.133453 -0.323673 -0.009801 -0.281381 -0.653602 -0.352898 -0.227426 -0.144282 1.087838 0.327242 -0.123630 0.167756 0.559703 2.024911 -0.070427 -0.436269 0.145376 -0.485437 1.262187 0.292904 1.730651 -0.072133 0.074322 -0.072514 -0.013260 -0.095310 -0.049876 -0.804965 1.674721 -0.238408 -0.042465 0.409986 0.693463 -0.629819 0.163046 -0.295175 0.257331 -0.965325 0.524268 0.142468 -0.054269 -0.263634 1.036689 -0.595026 -0.015069 -0.637687 -1.430114 -0.035087 0.536158 -0.852251 0.252172 -0.815580 0.066750 0.264674 -0.689254 0.282713 0.359791 0.216241 0.030698 0.090174 0.056087 0.590001 0.369390 0.111338 0.068547
173 -0.728477 -0.103511 1.362886 -0.728528 -0.578183 0.265167 0.488052 0.152116 0.240201 0.314911 0.676308 -0.184565 0.238032 0.030120 0.274437 -0.111588 -0.726091 1.392530 0.104443 -0.670949 0.036655 1.335018 -0.442529 -0.590826 0.162855 0.792194 -0.526761 -0.593293 1.141980 -0.205345 0.214410 -0.892192 -0.566131 -0.511413 0.242280 1.293310 -1.289547 -0.219841 0.277337 -0.084902 0.332600 1.007857 -0.153714 -0.465272 -0.057284 -0.250609 -0.155867 -0.364482 0.105469 -0.119847 -0.233492 0.751696 -0.146353 -0.207149 -0.924131 -0.491253 0.282164 0.223644 -0.476626 -1.643776 -0.280156 -0.435610 -1.421474 -0.227413 0.369032 -0.198397 -1.468590 0.036092 0.166813 0.273510 0.933896 0.021635 0.082602 -1.208149 -0.023482 0.975629 0.135465 -0.005407 0.783223 -0.021653 0.876379 -0.017195 0.010260 -0.211474 -0.251076 -0.805211 0.212689 -0.018179 0.773628 -0.116677 0.236195 -0.031055 -0.062572 -0.314846 -0.601386 0.070821 0.172296 -0.592155 -0.750998 -0.026033 0.991534 0.510423 0.016971 -0.019507 -0.338024 0.233950 1.014093 0.129832 -0.444184 -0.060956 -0.170101 -0.678213 -0.262585 -0.345770 -0.222958 1.003027 0.241977 -0.166772 0.076941 0.668402 1.917177 -0.022384 -0.495096 0.224587 -0.612415 1.289465 0.282141 1.626190 -0.013983 0.101260 -0.011004 0.056516 -0.074383 -0.077716 -0.892450 1.573143 -0.367174 0.074549 0.531236 0.607833 -0.518728 0.045956 -0.411966 0.167456 -0.885483 0.422082 0.103744 -0.159272 -0.167546 1.106756 -0.492474 0.047144 -0.655903 -1.335029 0.017115 0.660847 -0.965294 0.201427 -0.739309 0.034050 0.378045 -0.609310 0.398761 0.297401 0.329789 -0.073431 0.066007 -0.043608 0.556547 0.266877 0.169803 -0.032823
174 -0.708890 -0.101626 1.411448 -0.770172 -0.513675 0.218849 0.428964 0.187132 0.269181 0.356222 0.666569 -0.129045 0.250173 0.055914 0.214144 -0.172367 -0.662002 1.436026 0.065240 -0.714270 0.061184 1.379370 -0.377990 -0.526546 0.112671 0.787586 -0.462736 -0.619877 1.187306 -0.223705 0.147810 -0.933500 -0.555013 -0.441275 0.273532 1.261452 -1.335617 -0.157895 0.216953 -0.025291 0.382536 1.047553 -0.131986 -0.394352 -0.088600 -0.302531 -0.186898 -0.401129 0.085009 -0.171187 -0.221790 0.794813 -0.094931 -0.171260 -0.966317 -0.476336 0.278402 0.180036 -0.524644 -1.691014 -0.226716 -0.441109 -1.469258 -0.194880 0.412157 -0.227941 -1.514266 0.067830 0.198050 0.327482 0.972821 0.000929 0.111673 -1.250908 0.028393 0.914492 0.125684 0.014744 0.762056 -0.045117 0.859662 0.043835 0.038408 -0.174435 -0.288263 -0.755826 0.152868 -0.044286 0.710087 -0.149819 0.269382 -0.031697 -0.116389 -0.296065 -0.632759 0.103848 0.106237 -0.585189 -0.689890 -0.043548 1.032126 0.514173 0.035928 -0.044293 -0.297122 0.188355 0.950407 0.130830 -0.376527 -0.032313 -0.229926 -0.662469 -0.310691 -0.279596 -0.178503 1.044243 0.286532 -0.141906 0.125785 0.605688 1.966520 -0.048104 -0.460613 0.180315 -0.540447 1.269748 0.287620 1.675409 -0.045426 0.085245 -0.044366 0.018123 -0.086424 -0.061242 -0.839889 1.620946 -0.295491 0.010425 0.462683 0.651158 -0.576817 0.109493 -0.346589 0.215425 -0.924499 0.475563 0.123202 -0.101702 -0.218884 1.062953 -0.545948 0.012708 -0.643824 -1.380476 -0.010803 0.589754 -0.898707 0.227505 -0.776984 0.050863 0.314894 -0.650482 0.333879 0.329678 0.266707 -0.016876 0.078128 0.010745 0.573252 0.321412 0.136922 0.022068
175 -0.712595 -0.101693 1.423543 -0.777027 -0.514092 0.218460 0.429329 0.189631 0.271964 0.360100 0.670619 -0.127861 0.252325 0.057338 0.213180 -0.175746 -0.663536 1.448135 0.064745 -0.720730 0.062582 1.391080 -0.377809 -0.527075 0.111293 0.792915 -0.462688 -0.625746 1.197530 -0.225879 0.145966 -0.941419 -0.558312 -0.440788 0.277179 1.267821 -1.347027 -0.156576 0.215990 -0.023314 0.387269 1.056323 -0.131265 -0.393786 -0.090282 -0.306188 -0.189261 -0.404971 0.083895 -0.174176 -0.222771 0.801801 -0.093729 -0.170662 -0.974561 -0.479032 0.280312 0.179560 -0.530262 -1.704827 -0.226186 -0.445232 -1.481602 -0.194563 0.416254 -0.230560 -1.526896 0.069377 0.200606 0.331689 0.981008 -0.000107 0.113475 -1.261433 0.030344 0.917576 0.125720 0.015501 0.765991 -0.046439 0.864583 0.046402 0.039713 -0.174182 -0.291272 -0.758659 0.151597 -0.045660 0.712046 -0.151907 0.272273 -0.031995 -0.119079 -0.296993 -0.639069 0.105727 0.104094 -0.588961 -0.691427 -0.044709 1.040812 0.518625 0.037073 -0.045557 -0.297745 0.187877 0.953613 0.131728 -0.375977 -0.030859 -0.233680 -0.666084 -0.314807 -0.278467 -0.177711 1.053042 0.290040 -0.141331 0.128399 0.606761 1.982307 -0.049469 -0.462562 0.179904 -0.540610 1.277314 0.290717 1.689478 -0.046819 0.084534 -0.045787 0.017005 -0.088355 -0.059952 -0.842983 1.634397 -0.294418 0.008198 0.462535 0.657186 -0.582912 0.112539 -0.346015 0.218657 -0.932281 0.480593 0.124720 -0.100084 -0.222308 1.067657 -0.551734 0.011049 -0.647542 -1.392084 -0.012045 0.590245 -0.901360 0.229990 -0.783656 0.052020 0.314348 -0.657102 0.333469 0.333057 0.265961 -0.014902 0.079184 0.012961 0.578779 0.325484 0.136418 0.024198
176 -0.699418 -0.104203 1.443035 -0.798927 -0.479609 0.192839 0.396130 0.210310 0.290791 0.385134 0.662414 -0.096469 0.260480 0.073515 0.178358 -0.209178 -0.627970 1.463415 0.040568 -0.744115 0.078050 1.407714 -0.341166 -0.492324 0.084946 0.785249 -0.429093 -0.635018 1.216388 -0.237955 0.109618 -0.962237 -0.549237 -0.404330 0.291261 1.252169 -1.365441 -0.121036 0.181042 0.010444 0.413357 1.075239 -0.123467 -0.355126 -0.110868 -0.335851 -0.208444 -0.427199 0.076876 -0.204141 -0.214825 0.824476 -0.064101 -0.152242 -0.995343 -0.468314 0.275043 0.154397 -0.554815 -1.722863 -0.195986 -0.442125 -1.500649 -0.178503 0.441106 -0.248104 -1.543995 0.088834 0.217591 0.361259 0.999758 -0.012136 0.131236 -1.279465 0.061548 0.885286 0.124193 0.030705 0.752282 -0.060113 0.851640 0.080927 0.056443 -0.153420 -0.313782 -0.732664 0.117015 -0.061565 0.676912 -0.172195 0.292773 -0.032648 -0.150159 -0.288174 -0.650846 0.126973 0.068129 -0.581718 -0.660029 -0.055936 1.060212 0.513586 0.048924 -0.061914 -0.273041 0.161776 0.918920 0.133224 -0.338985 -0.017413 -0.266235 -0.655206 -0.339619 -0.243176 -0.154668 1.072726 0.316531 -0.130049 0.156688 0.572969 2.000054 -0.064731 -0.441351 0.154449 -0.501523 1.258889 0.288256 1.706986 -0.065564 0.079588 -0.065583 -0.005056 -0.089762 -0.055731 -0.814758 1.652197 -0.254917 -0.027959 0.425560 0.680779 -0.613183 0.147683 -0.309755 0.245818 -0.952037 0.510120 0.138516 -0.067002 -0.250976 1.044066 -0.579512 -0.006279 -0.638418 -1.410268 -0.029078 0.552084 -0.865724 0.246119 -0.803747 0.062496 0.278103 -0.674695 0.296513 0.351370 0.229500 0.018267 0.087565 0.043824 0.581181 0.355334 0.119042 0.056418
177 -0.708890 -0.103160 1.419433 -0.777698 -0.509140 0.214533 0.423850 0.192514 0.274933 0.363499 0.667059 -0.123124 0.253499 0.059999 0.207582 -0.179695 -0.657464 1.442735 0.059969 -0.721968 0.065177 1.386410 -0.371919 -0.521912 0.108154 0.788085 -0.458387 -0.622934 1.194458 -0.227700 0.141250 -0.941234 -0.554829 -0.436439 0.277090 1.263896 -1.343132 -0.151049 0.210363 -0.018472 0.389075 1.055113 -0.131820 -0.388415 -0.094039 -0.310062 -0.192180 -0.407955 0.084704 -0.178310 -0.221043 0.802568 -0.089011 -0.168586 -0.974011 -0.475851 0.277706 0.175281 -0.531339 -1.699517 -0.221361 -0.441221 -1.477305 -0.192923 0.419225 -0.232921 -1.521871 0.072594 0.202413 0.334624 0.980096 -0.001627 0.116314 -1.258412 0.035503 0.911992 0.126910 0.018890 0.762231 -0.048384 0.859656 0.051202 0.042454 -0.171039 -0.294592 -0.754027 0.146143 -0.048148 0.706007 -0.155199 0.275336 -0.032136 -0.123589 -0.295792 -0.636835 0.109425 0.099544 -0.585425 -0.686996 -0.046368 1.039687 0.513893 0.038845 -0.048520 -0.292782 0.183444 0.947286 0.132063 -0.370736 -0.030036 -0.237234 -0.662816 -0.316606 -0.274046 -0.174874 1.051900 0.293632 -0.140594 0.132478 0.601520 1.975582 -0.051827 -0.457653 0.175618 -0.534959 1.268962 0.287429 1.683347 -0.049931 0.085388 -0.049084 0.013492 -0.086064 -0.061396 -0.837834 1.628939 -0.288924 0.003027 0.457384 0.658699 -0.584824 0.116912 -0.340682 0.222147 -0.932061 0.483506 0.127395 -0.095066 -0.225742 1.062765 -0.553338 0.009477 -0.644448 -1.388114 -0.014859 0.584807 -0.895461 0.232366 -0.784307 0.053485 0.308490 -0.655679 0.327530 0.334995 0.259975 -0.009742 0.080694 0.017394 0.574967 0.328626 0.134197 0.029166
178 -0.733473 -0.101718 1.431495 -0.772114 -0.549643 0.243181 0.462689 0.175787 0.261725 0.346384 0.687339 -0.155493 0.249985 0.045664 0.243878 -0.151542 -0.702123 1.459792 0.086455 -0.713689 0.051495 1.400705 -0.412522 -0.563123 0.135004 0.810853 -0.496759 -0.628005 1.201810 -0.220086 0.177063 -0.939745 -0.573957 -0.476309 0.269876 1.301410 -1.354403 -0.187078 0.246805 -0.050994 0.372796 1.058312 -0.140136 -0.430159 -0.075863 -0.286557 -0.177006 -0.393325 0.091183 -0.153185 -0.232179 0.796410 -0.119541 -0.188333 -0.973517 -0.494874 0.288385 0.203003 -0.519318 -1.718881 -0.254513 -0.454170 -1.490929 -0.211126 0.402215 -0.219871 -1.538522 0.054712 0.189309 0.313339 0.981678 0.009271 0.100814 -1.267616 0.005791 0.958541 0.129675 0.004668 0.788220 -0.036066 0.887857 0.019612 0.026459 -0.193828 -0.277229 -0.793120 0.181417 -0.033849 0.751477 -0.137643 0.260010 -0.032067 -0.095834 -0.309526 -0.639363 0.090948 0.134215 -0.603573 -0.727764 -0.037125 1.042063 0.529698 0.028657 -0.033871 -0.322772 0.212551 0.996640 0.133004 -0.410976 -0.042564 -0.211068 -0.684519 -0.299661 -0.311003 -0.199879 1.054373 0.273737 -0.153159 0.107438 0.643530 2.001420 -0.037791 -0.487649 0.203854 -0.579329 1.310878 0.296825 1.703767 -0.032012 0.090429 -0.029874 0.036055 -0.088022 -0.064487 -0.879929 1.647500 -0.329938 0.037704 0.498771 0.649027 -0.567744 0.085753 -0.379944 0.200139 -0.931351 0.464247 0.116342 -0.127685 -0.202773 1.103459 -0.538263 0.025602 -0.664196 -1.400450 0.001197 0.629317 -0.943996 0.220611 -0.780000 0.044892 0.347602 -0.653282 0.367642 0.323225 0.298769 -0.041473 0.074175 -0.011346 0.585111 0.306278 0.152969 -0.001230
179 -0.711152 -0.102102 1.452158 -0.797522 -0.496859 0.205065 0.413327 0.203012 0.284367 0.377085 0.672617 -0.110757 0.258806 0.066967 0.194917 -0.197097 -0.647775 1.475215 0.052858 -0.741253 0.071804 1.417974 -0.359449 -0.509991 0.095709 0.797709 -0.445018 -0.640335 1.222897 -0.234365 0.125073 -0.963084 -0.558893 -0.420965 0.290039 1.267747 -1.374073 -0.137422 0.197669 -0.004026 0.407162 1.078587 -0.124996 -0.373345 -0.102021 -0.325674 -0.201522 -0.420571 0.077497 -0.192674 -0.220137 0.822838 -0.077694 -0.160089 -0.996855 -0.477662 0.281200 0.166655 -0.550765 -1.735331 -0.210562 -0.451080 -1.510347 -0.185350 0.433875 -0.242507 -1.555356 0.080727 0.212652 0.352242 1.002295 -0.007694 0.124330 -1.286555 0.047772 0.904948 0.123717 0.023193 0.764497 -0.055006 0.865613 0.066852 0.049450 -0.163413 -0.305923 -0.748920 0.133023 -0.055210 0.696953 -0.164233 0.285764 -0.032610 -0.137730 -0.293222 -0.655109 0.118129 0.083031 -0.591289 -0.676818 -0.051794 1.063202 0.524194 0.044447 -0.054885 -0.286922 0.174483 0.940268 0.133385 -0.356474 -0.021453 -0.255209 -0.665647 -0.333281 -0.258706 -0.164554 1.075756 0.307387 -0.134125 0.145576 0.590881 2.015881 -0.058734 -0.455300 0.166875 -0.520900 1.280569 0.295285 1.720635 -0.057597 0.079830 -0.057173 0.004638 -0.093324 -0.054598 -0.832590 1.664509 -0.272997 -0.012661 0.443396 0.677143 -0.606967 0.134275 -0.327024 0.236460 -0.953172 0.502229 0.132916 -0.081750 -0.241274 1.061736 -0.574032 -0.000415 -0.648202 -1.419253 -0.021878 0.571255 -0.886514 0.240897 -0.802846 0.058793 0.295849 -0.676423 0.314708 0.346620 0.247212 0.003760 0.084392 0.031002 0.589439 0.346125 0.126698 0.042627
180 -0.710031 -0.103096 1.434739 -0.787525 -0.503596 0.209925 0.418839 0.197952 0.280088 0.370607 0.669609 -0.117124 0.256530 0.063765 0.201346 -0.188107 -0.653009 1.457670 0.056076 -0.731572 0.068797 1.401038 -0.365944 -0.516508 0.102320 0.792338 -0.452423 -0.630905 1.207782 -0.231393 0.133652 -0.951973 -0.556583 -0.429613 0.283185 1.266416 -1.357599 -0.144383 0.204106 -0.011435 0.397750 1.066544 -0.129070 -0.381509 -0.098477 -0.317957 -0.197161 -0.414602 0.081719 -0.185516 -0.220564 0.812597 -0.083388 -0.164728 -0.985146 -0.476650 0.279022 0.170904 -0.540641 -1.716227 -0.216102 -0.445495 -1.492753 -0.189560 0.426723 -0.237951 -1.537418 0.076918 0.207557 0.343143 0.990926 -0.004715 0.120604 -1.271755 0.041865 0.909073 0.125983 0.021607 0.763430 -0.051836 0.862295 0.058875 0.046171 -0.167403 -0.300556 -0.751948 0.139672 -0.051897 0.701961 -0.160034 0.280915 -0.032488 -0.130716 -0.294770 -0.645330 0.114184 0.091759 -0.588031 -0.682673 -0.049280 1.051116 0.518265 0.041842 -0.052081 -0.289662 0.178885 0.944265 0.132940 -0.364128 -0.026097 -0.245905 -0.664255 -0.324554 -0.267022 -0.170058 1.063488 0.300710 -0.137729 0.139130 0.596721 1.994242 -0.055482 -0.456277 0.171200 -0.528592 1.273789 0.290777 1.700524 -0.053986 0.083194 -0.053371 0.008978 -0.089008 -0.058614 -0.835680 1.645413 -0.281529 -0.004641 0.451017 0.667884 -0.595482 0.125282 -0.334257 0.229383 -0.942493 0.492778 0.130660 -0.088489 -0.233473 1.062768 -0.563294 0.004828 -0.646327 -1.402694 -0.018620 0.578744 -0.891647 0.236975 -0.793614 0.056306 0.302341 -0.665323 0.321359 0.340923 0.253713 -0.002938 0.082844 0.024135 0.581505 0.337188 0.130726 0.035992
181 -0.712862 -0.100049 1.440782 -0.786281 -0.506762 0.213799 0.423832 0.194272 0.275672 0.365731 0.673318 -0.121789 0.254052 0.060407 0.206894 -0.184711 -0.658036 1.465791 0.062355 -0.729662 0.065431 1.407981 -0.371398 -0.520007 0.104680 0.798350 -0.454400 -0.635758 1.212543 -0.228509 0.137327 -0.951965 -0.560461 -0.431626 0.284429 1.267729 -1.363346 -0.149764 0.209722 -0.015665 0.396541 1.067812 -0.126081 -0.385340 -0.093372 -0.313459 -0.193218 -0.410148 0.078626 -0.180839 -0.221928 0.811491 -0.088501 -0.165359 -0.985866 -0.479683 0.282989 0.175690 -0.540384 -1.723589 -0.220841 -0.451551 -1.498925 -0.189594 0.422723 -0.234652 -1.544691 0.072876 0.205386 0.340601 0.991802 -0.003241 0.116797 -1.275757 0.035647 0.912221 0.122563 0.016674 0.766116 -0.049637 0.867544 0.054179 0.042616 -0.170108 -0.295867 -0.754344 0.145158 -0.048898 0.706666 -0.155494 0.276561 -0.031921 -0.125759 -0.294618 -0.649332 0.109229 0.095321 -0.592149 -0.684374 -0.047243 1.052334 0.525345 0.039671 -0.048114 -0.295638 0.183875 0.948672 0.132209 -0.368211 -0.025568 -0.242983 -0.666644 -0.323589 -0.269743 -0.172171 1.064781 0.296036 -0.137530 0.134499 0.600312 2.003720 -0.052606 -0.462149 0.175987 -0.532670 1.284265 0.295989 1.709652 -0.049914 0.080190 -0.049118 0.012948 -0.093726 -0.054881 -0.838603 1.653383 -0.285462 -0.000002 0.454620 0.665704 -0.594241 0.121874 -0.338756 0.225230 -0.942264 0.489624 0.126623 -0.093545 -0.229905 1.065725 -0.562360 0.005293 -0.648651 -1.408379 -0.015123 0.582229 -0.895167 0.233436 -0.792101 0.054593 0.307977 -0.668457 0.326725 0.338275 0.259427 -0.008687 0.080531 0.019478 0.587351 0.334445 0.132133 0.030368
182 -0.715301 -0.100906 1.384054 -0.748315 -0.539019 0.237690 0.452568 0.170682 0.254329 0.335821 0.668408 -0.152499 0.243248 0.043663 0.239654 -0.145289 -0.686601 1.410892 0.081849 -0.691881 0.049515 1.354036 -0.404499 -0.551816 0.133455 0.786974 -0.488191 -0.605843 1.162474 -0.213907 0.176026 -0.911264 -0.558032 -0.469490 0.259292 1.268502 -1.309727 -0.184272 0.242546 -0.051062 0.359059 1.025448 -0.139926 -0.423428 -0.073483 -0.278662 -0.171872 -0.382892 0.092686 -0.147564 -0.226769 0.772370 -0.116804 -0.185805 -0.943569 -0.481458 0.279476 0.198094 -0.501345 -1.662768 -0.248702 -0.437787 -1.441910 -0.207675 0.391420 -0.213704 -1.487698 0.053243 0.183734 0.302334 0.951462 0.010599 0.098105 -1.226738 0.005272 0.935961 0.128386 0.004354 0.768770 -0.034407 0.863904 0.017066 0.025905 -0.189812 -0.270491 -0.772755 0.178439 -0.032120 0.734153 -0.134398 0.253152 -0.031167 -0.092390 -0.302270 -0.617070 0.088003 0.134394 -0.586291 -0.712545 -0.034666 1.009729 0.511678 0.026643 -0.032237 -0.313566 0.207059 0.973165 0.129420 -0.404216 -0.044071 -0.203043 -0.667318 -0.288637 -0.306892 -0.196402 1.021502 0.265209 -0.151424 0.103853 0.629755 1.936073 -0.036425 -0.473411 0.198620 -0.569287 1.273955 0.284952 1.646605 -0.031485 0.090950 -0.029670 0.034528 -0.081822 -0.067169 -0.858152 1.592878 -0.325398 0.038072 0.490305 0.629060 -0.549182 0.081514 -0.373534 0.193531 -0.903214 0.450153 0.113040 -0.126559 -0.195492 1.076828 -0.520325 0.027226 -0.647246 -1.354588 0.001934 0.617856 -0.923060 0.214611 -0.756850 0.042474 0.341226 -0.630280 0.360704 0.313957 0.293135 -0.041790 0.071785 -0.012975 0.564632 0.296356 0.150333 -0.002264
183 -0.734905 -0.102521 1.403391 -0.753354 -0.566848 0.255831 0.477963 0.164020 0.251456 0.331642 0.685121 -0.171518 0.244954 0.037498 0.260809 -0.131444 -0.717547 1.432571 0.096640 -0.695007 0.043744 1.373962 -0.429918 -0.580103 0.150173 0.805331 -0.514645 -0.613027 1.176937 -0.213184 0.197212 -0.919708 -0.572898 -0.496474 0.257200 1.303267 -1.327819 -0.204889 0.263769 -0.069057 0.353888 1.037489 -0.147513 -0.450221 -0.066177 -0.268983 -0.166540 -0.379936 0.098589 -0.136412 -0.234514 0.777106 -0.134267 -0.198970 -0.952688 -0.495929 0.286629 0.214737 -0.499799 -1.688910 -0.269158 -0.447277 -1.462718 -0.220635 0.386588 -0.209525 -1.510326 0.044934 0.178358 0.294052 0.961803 0.016098 0.091531 -1.243363 -0.009652 0.971779 0.133093 -0.001057 0.789859 -0.028520 0.886336 0.000629 0.018044 -0.204107 -0.264601 -0.803447 0.198588 -0.025594 0.766494 -0.127132 0.248553 -0.031778 -0.078916 -0.313771 -0.623268 0.080568 0.154481 -0.600795 -0.743069 -0.031123 1.021078 0.522788 0.022364 -0.026208 -0.332331 0.224756 1.010255 0.131960 -0.429983 -0.052083 -0.190745 -0.685052 -0.281965 -0.330519 -0.212784 1.033073 0.258395 -0.160643 0.091937 0.659401 1.968140 -0.029743 -0.493993 0.215755 -0.598835 1.306039 0.291233 1.672564 -0.022667 0.096185 -0.019973 0.047209 -0.081802 -0.070962 -0.890835 1.617602 -0.350734 0.057201 0.517711 0.630882 -0.544995 0.065199 -0.398229 0.184043 -0.912157 0.444397 0.110003 -0.144636 -0.185333 1.110326 -0.517129 0.036854 -0.663652 -1.373828 0.009648 0.648344 -0.959320 0.211444 -0.762676 0.039082 0.364919 -0.634074 0.385352 0.311166 0.316192 -0.058407 0.070107 -0.027972 0.573717 0.287034 0.162524 -0.017875
184 -0.708795 -0.103532 1.426187 -0.783020 -0.505112 0.211185 0.419886 0.196087 0.278396 0.368130 0.667581 -0.118788 0.255427 0.062591 0.202901 -0.185109 -0.653671 1.448890 0.056631 -0.727332 0.067685 1.392627 -0.367346 -0.517889 0.104399 0.789088 -0.454348 -0.626136 1.200483 -0.230083 0.136133 -0.946828 -0.554942 -0.431945 0.280193 1.264453 -1.349514 -0.146142 0.205669 -0.013549 0.394027 1.060750 -0.130691 -0.383549 -0.097300 -0.315235 -0.195524 -0.412276 0.083513 -0.183151 -0.220522 0.808058 -0.084845 -0.166157 -0.979698 -0.475602 0.277703 0.171907 -0.536427 -1.706671 -0.217390 -0.442319 -1.484081 -0.190892 0.423957 -0.236167 -1.528480 0.075667 0.205547 0.339810 0.985501 -0.003478 0.119286 -1.264481 0.040194 0.909179 0.126862 0.021102 0.762161 -0.050630 0.859906 0.056474 0.045125 -0.168436 -0.298634 -0.751865 0.141371 -0.050682 0.702456 -0.158620 0.279075 -0.032372 -0.128535 -0.295058 -0.640614 0.112842 0.094354 -0.585938 -0.683789 -0.048170 1.045343 0.514871 0.040741 -0.051068 -0.289872 0.179927 0.944217 0.132617 -0.366041 -0.027851 -0.242679 -0.662970 -0.321185 -0.269367 -0.171731 1.057631 0.298283 -0.138995 0.137052 0.597790 1.983361 -0.054313 -0.455678 0.172242 -0.530318 1.269369 0.288237 1.690476 -0.052887 0.084604 -0.052201 0.010247 -0.086861 -0.060468 -0.835522 1.635899 -0.283742 -0.002325 0.452875 0.663921 -0.590874 0.122397 -0.336048 0.226831 -0.937477 0.489127 0.129755 -0.090350 -0.230651 1.061750 -0.558933 0.006728 -0.644862 -1.394536 -0.017506 0.580410 -0.892134 0.235405 -0.789377 0.055207 0.303816 -0.660252 0.322814 0.338599 0.255163 -0.004850 0.082180 0.022094 0.577299 0.333896 0.131903 0.034020
185 -0.707787 -0.104048 1.392732 -0.761348 -0.520666 0.223157 0.433850 0.183605 0.267019 0.351938 0.663175 -0.134360 0.249258 0.054072 0.219198 -0.164480 -0.667067 1.416383 0.066586 -0.705985 0.059560 1.360749 -0.383588 -0.533177 0.119155 0.780967 -0.470748 -0.609105 1.171252 -0.222239 0.155733 -0.923451 -0.552109 -0.450700 0.266356 1.262159 -1.317901 -0.163467 0.221996 -0.031342 0.373696 1.036032 -0.137655 -0.402315 -0.087156 -0.296720 -0.184285 -0.397344 0.090758 -0.165760 -0.222059 0.785918 -0.099285 -0.176220 -0.955458 -0.474947 0.275202 0.183197 -0.515003 -1.670474 -0.231334 -0.433710 -1.450407 -0.199727 0.406908 -0.224870 -1.494667 0.065576 0.193825 0.319436 0.962047 0.003463 0.109481 -1.235494 0.024576 0.919404 0.129695 0.015140 0.761187 -0.042800 0.855675 0.037310 0.036369 -0.178103 -0.284936 -0.759548 0.158059 -0.042132 0.715143 -0.147433 0.266542 -0.031812 -0.111165 -0.298297 -0.622011 0.101943 0.114282 -0.581235 -0.696800 -0.041882 1.020578 0.506100 0.034182 -0.043084 -0.298579 0.191620 0.954786 0.131115 -0.383890 -0.037398 -0.221643 -0.661173 -0.302370 -0.287945 -0.184080 1.032466 0.281826 -0.146289 0.121048 0.611717 1.942972 -0.045954 -0.460623 0.183614 -0.548143 1.260751 0.281430 1.653060 -0.043209 0.090075 -0.042039 0.021291 -0.080271 -0.066990 -0.843593 1.600053 -0.303441 0.016907 0.470411 0.643304 -0.566307 0.101760 -0.353290 0.209951 -0.914888 0.467753 0.122790 -0.107057 -0.212474 1.065151 -0.535961 0.018017 -0.641992 -1.362754 -0.008804 0.597599 -0.904546 0.225247 -0.769156 0.049115 0.320204 -0.638576 0.339456 0.325292 0.271732 -0.021805 0.077645 0.005262 0.563616 0.313718 0.140964 0.017233
186 -0.712468 -0.102765 1.408953 -0.768792 -0.520845 0.223121 0.434780 0.185336 0.268508 0.354711 0.668590 -0.133743 0.250655 0.054572 0.219185 -0.167786 -0.669017 1.433343 0.067551 -0.712739 0.060017 1.376838 -0.384100 -0.533629 0.117460 0.788736 -0.470084 -0.617540 1.184835 -0.223520 0.153941 -0.932335 -0.556782 -0.449318 0.271184 1.268126 -1.333231 -0.162985 0.222006 -0.030036 0.379068 1.046452 -0.135273 -0.401705 -0.087311 -0.299680 -0.185622 -0.400143 0.087973 -0.167885 -0.223516 0.793404 -0.098912 -0.175156 -0.964935 -0.478678 0.278548 0.183515 -0.521569 -1.688959 -0.231406 -0.440463 -1.466903 -0.198723 0.410339 -0.226774 -1.511895 0.066109 0.196253 0.323733 0.971673 0.002655 0.110337 -1.249141 0.025137 0.922337 0.128090 0.014182 0.765983 -0.043670 0.862440 0.039292 0.036900 -0.178073 -0.286868 -0.762266 0.157731 -0.042761 0.717397 -0.148412 0.268303 -0.031944 -0.112954 -0.298754 -0.630735 0.102401 0.112163 -0.586586 -0.697622 -0.042453 1.030869 0.513580 0.034749 -0.043152 -0.300463 0.191967 0.958272 0.131561 -0.383390 -0.035169 -0.225486 -0.665665 -0.307158 -0.286422 -0.182937 1.042952 0.284357 -0.144834 0.122779 0.612765 1.964355 -0.046668 -0.463878 0.183969 -0.548252 1.272207 0.286800 1.672599 -0.043725 0.087823 -0.042544 0.020849 -0.084351 -0.063812 -0.846748 1.618419 -0.302519 0.015403 0.470063 0.649531 -0.573141 0.104514 -0.352996 0.212617 -0.923580 0.472646 0.122936 -0.106261 -0.215553 1.069901 -0.542525 0.015860 -0.646666 -1.378262 -0.009187 0.597806 -0.907078 0.226808 -0.776151 0.049803 0.320541 -0.647554 0.339810 0.328303 0.272044 -0.020922 0.077928 0.006827 0.572011 0.317777 0.140268 0.018284
187 -0.712353 -0.103229 1.424046 -0.779701 -0.512958 0.216687 0.427284 0.192270 0.275161 0.363680 0.670065 -0.125434 0.254330 0.059590 0.210311 -0.178426 -0.661902 1.447566 0.061575 -0.723624 0.064848 1.390993 -0.375395 -0.525806 0.109975 0.791587 -0.461968 -0.625112 1.198170 -0.228157 0.143887 -0.943921 -0.557427 -0.440217 0.277762 1.269409 -1.347496 -0.153659 0.213101 -0.020562 0.389189 1.058393 -0.132494 -0.392145 -0.093468 -0.309657 -0.192066 -0.408445 0.085042 -0.177278 -0.222374 0.804582 -0.091029 -0.170180 -0.976819 -0.478384 0.279042 0.177203 -0.532101 -1.705138 -0.223887 -0.443598 -1.482081 -0.194455 0.419551 -0.233074 -1.526915 0.071952 0.202469 0.334132 0.983074 -0.001203 0.116002 -1.262490 0.033952 0.917084 0.127499 0.018321 0.765911 -0.048084 0.863523 0.049440 0.041916 -0.172941 -0.294554 -0.758276 0.148656 -0.047697 0.710721 -0.154848 0.275456 -0.032353 -0.122383 -0.297224 -0.639127 0.108885 0.101963 -0.588125 -0.691263 -0.046168 1.042847 0.516567 0.038597 -0.048050 -0.295256 0.185413 0.952628 0.132620 -0.374221 -0.030589 -0.236254 -0.666028 -0.316491 -0.277104 -0.176681 1.055094 0.293378 -0.141467 0.131521 0.605586 1.982155 -0.051456 -0.460577 0.177617 -0.539182 1.274430 0.289194 1.688988 -0.049252 0.085757 -0.048376 0.014688 -0.086690 -0.061350 -0.842480 1.634292 -0.292381 0.005136 0.461186 0.660073 -0.585424 0.115261 -0.344002 0.221715 -0.934808 0.483777 0.127404 -0.097235 -0.225184 1.068071 -0.553953 0.010232 -0.647564 -1.392617 -0.014257 0.589151 -0.900723 0.232647 -0.786478 0.053348 0.311662 -0.657512 0.330873 0.335429 0.262991 -0.011608 0.080777 0.015820 0.577669 0.328231 0.135664 0.027536
188 -0.709415 -0.103811 1.412724 -0.774030 -0.513397 0.217241 0.427306 0.190464 0.273468 0.361001 0.666548 -0.126566 0.253017 0.058739 0.211122 -0.175401 -0.661178 1.435934 0.061582 -0.718363 0.064043 1.379874 -0.375812 -0.526096 0.111634 0.786557 -0.462956 -0.619303 1.188628 -0.226820 0.145876 -0.937286 -0.554468 -0.441721 0.274251 1.265236 -1.336807 -0.154805 0.213908 -0.022271 0.384947 1.050823 -0.134016 -0.393292 -0.092668 -0.306826 -0.190526 -0.405782 0.086838 -0.175007 -0.221592 0.798836 -0.092002 -0.171184 -0.969795 -0.476101 0.276986 0.177573 -0.527081 -1.692310 -0.224492 -0.439284 -1.470580 -0.195324 0.416455 -0.231215 -1.515007 0.070995 0.200358 0.330482 0.976040 -0.000328 0.114855 -1.252882 0.032705 0.915480 0.128357 0.018392 0.762872 -0.047107 0.859195 0.047260 0.041069 -0.173369 -0.292508 -0.756735 0.149706 -0.046796 0.709765 -0.153534 0.273565 -0.032209 -0.120344 -0.296926 -0.633075 0.107872 0.104176 -0.584682 -0.691082 -0.045405 1.035346 0.511838 0.037836 -0.047460 -0.294560 0.185787 0.950756 0.132196 -0.375271 -0.032282 -0.232886 -0.663168 -0.312702 -0.278793 -0.177852 1.047470 0.290862 -0.142551 0.129573 0.605429 1.967397 -0.050527 -0.458828 0.177965 -0.539807 1.267152 0.285809 1.675561 -0.048360 0.087157 -0.047469 0.015545 -0.084145 -0.063323 -0.840705 1.621605 -0.293813 0.007033 0.462072 0.655180 -0.580036 0.112539 -0.344931 0.219172 -0.928328 0.479644 0.126772 -0.098563 -0.222357 1.065036 -0.548830 0.012006 -0.644564 -1.381802 -0.013498 0.589637 -0.899493 0.231026 -0.781107 0.052541 0.312241 -0.651159 0.331414 0.332818 0.263629 -0.013068 0.080255 0.014020 0.572117 0.324728 0.136437 0.025971
189 -0.710144 -0.103215 1.420487 -0.777996 -0.510815 0.215567 0.425365 0.192170 0.274770 0.363229 0.668082 -0.124249 0.253659 0.059657 0.208891 -0.178857 -0.659331 1.443883 0.060758 -0.722151 0.064868 1.387478 -0.373487 -0.523602 0.109109 0.789215 -0.459984 -0.623365 1.195260 -0.227684 0.142564 -0.941761 -0.555732 -0.438144 0.277033 1.265897 -1.344125 -0.152321 0.211673 -0.019567 0.388722 1.055824 -0.132231 -0.390106 -0.093607 -0.309559 -0.191900 -0.407837 0.085009 -0.177605 -0.221556 0.802876 -0.090015 -0.169375 -0.974574 -0.476756 0.278142 0.176212 -0.531203 -1.700893 -0.222540 -0.441879 -1.478410 -0.193674 0.419011 -0.232739 -1.523075 0.072152 0.202187 0.334070 0.980717 -0.001312 0.115990 -1.259338 0.034629 0.914034 0.127186 0.018530 0.763567 -0.048098 0.861016 0.050207 0.042077 -0.171933 -0.294314 -0.755707 0.147372 -0.047792 0.707943 -0.154849 0.275120 -0.032203 -0.122815 -0.296404 -0.637273 0.108994 0.100787 -0.586323 -0.688787 -0.046143 1.040353 0.514661 0.038596 -0.048160 -0.293870 0.184408 0.949429 0.132207 -0.372326 -0.030454 -0.236494 -0.663958 -0.316198 -0.275486 -0.175792 1.052572 0.293210 -0.141061 0.131814 0.603255 1.977253 -0.051506 -0.458835 0.176582 -0.536816 1.270864 0.287897 1.684711 -0.049487 0.085664 -0.048613 0.014153 -0.086121 -0.061561 -0.839669 1.630221 -0.290530 0.004160 0.459086 0.658793 -0.584596 0.115931 -0.342208 0.221646 -0.932615 0.483204 0.127226 -0.096179 -0.225177 1.064786 -0.553137 0.009996 -0.645526 -1.389156 -0.014445 0.586696 -0.897602 0.232246 -0.784689 0.053289 0.309957 -0.655909 0.329055 0.334883 0.261383 -0.010749 0.080615 0.016491 0.575636 0.328101 0.134917 0.028246
190 -0.713058 -0.103515 1.413770 -0.772923 -0.519124 0.221273 0.432741 0.188004 0.271412 0.358374 0.669366 -0.131124 0.252449 0.056554 0.216322 -0.171307 -0.667422 1.437562 0.065186 -0.716898 0.061965 1.381179 -0.381592 -0.531871 0.115446 0.789637 -0.468404 -0.619534 1.189102 -0.225587 0.151029 -0.936720 -0.557149 -0.447442 0.273138 1.270215 -1.337775 -0.159958 0.219131 -0.026929 0.382402 1.050831 -0.135243 -0.399284 -0.089924 -0.303422 -0.188250 -0.403650 0.087819 -0.171302 -0.223360 0.797677 -0.096255 -0.174044 -0.969334 -0.478869 0.278451 0.181429 -0.525088 -1.694184 -0.229100 -0.440995 -1.471768 -0.197951 0.413960 -0.229306 -1.516585 0.068398 0.198478 0.327259 0.975861 0.001425 0.112620 -1.253614 0.028459 0.921823 0.128759 0.016124 0.766691 -0.045279 0.863124 0.042730 0.038853 -0.176684 -0.290039 -0.761964 0.154747 -0.044631 0.716074 -0.151058 0.271309 -0.032207 -0.116398 -0.298815 -0.633236 0.105094 0.109150 -0.587191 -0.696775 -0.043832 1.035238 0.513984 0.036172 -0.045177 -0.298704 0.189805 0.957500 0.132232 -0.381001 -0.034073 -0.229048 -0.666385 -0.310146 -0.284068 -0.181370 1.047365 0.287875 -0.144257 0.126010 0.611261 1.970032 -0.048492 -0.462888 0.181920 -0.546137 1.272825 0.287068 1.677566 -0.045880 0.087911 -0.044807 0.018706 -0.084341 -0.063822 -0.846387 1.623352 -0.299738 0.011992 0.467969 0.653549 -0.577344 0.108020 -0.350534 0.215946 -0.927873 0.476726 0.125012 -0.103264 -0.218948 1.070650 -0.546408 0.014324 -0.647510 -1.382875 -0.011129 0.595967 -0.906224 0.229294 -0.780218 0.051101 0.317826 -0.650535 0.337144 0.331057 0.269137 -0.017631 0.079220 0.009924 0.573420 0.321389 0.139124 0.021600
191 -0.716506 -0.100144 1.388158 -0.749283 -0.539905 0.238609 0.453973 0.170169 0.253666 0.335180 0.670081 -0.153585 0.243000 0.043126 0.241066 -0.144850 -0.688220 1.415627 0.083553 -0.692564 0.048955 1.358354 -0.405945 -0.552819 0.133789 0.789602 -0.488637 -0.608563 1.165839 -0.213578 0.176732 -0.912740 -0.559599 -0.469869 0.260315 1.269858 -1.313612 -0.185611 0.243955 -0.052062 0.359568 1.027501 -0.138905 -0.424351 -0.072466 -0.278007 -0.171273 -0.382318 0.091552 -0.146780 -0.227106 0.773320 -0.118016 -0.185847 -0.945312 -0.482619 0.280846 0.199292 -0.502265 -1.667569 -0.249906 -0.440324 -1.446093 -0.207547 0.391042 -0.213313 -1.492263 0.052476 0.183656 0.302316 0.953300 0.010561 0.097440 -1.229964 0.003879 0.937368 0.127415 0.003300 0.769980 -0.034153 0.866119 0.016106 0.025193 -0.190425 -0.269711 -0.773922 0.179762 -0.031674 0.735747 -0.133542 0.252488 -0.031115 -0.091381 -0.302335 -0.619363 0.087062 0.135036 -0.588058 -0.713220 -0.034568 1.011762 0.514520 0.026477 -0.031527 -0.315302 0.208339 0.974920 0.129307 -0.405186 -0.043656 -0.202815 -0.668413 -0.289055 -0.307383 -0.196755 1.023561 0.264550 -0.151110 0.102962 0.630879 1.941830 -0.035964 -0.475332 0.199808 -0.570372 1.278173 0.287045 1.651972 -0.030622 0.089953 -0.028765 0.035396 -0.083551 -0.065811 -0.859487 1.597790 -0.326349 0.039145 0.491190 0.629561 -0.549945 0.080950 -0.374616 0.192995 -0.904641 0.450163 0.112310 -0.127706 -0.195131 1.078304 -0.521115 0.027048 -0.648354 -1.358492 0.002557 0.618816 -0.924436 0.214131 -0.757709 0.042431 0.342689 -0.632406 0.362173 0.313869 0.294692 -0.043037 0.071433 -0.013964 0.567384 0.296280 0.150577 -0.003431
192 -0.714490 -0.101833 1.438825 -0.786960 -0.509555 0.214388 0.425088 0.194988 0.277180 0.367220 0.673639 -0.122340 0.255536 0.060971 0.207530 -0.183771 -0.660093 1.462966 0.060948 -0.730425 0.066102 1.405640 -0.372625 -0.522653 0.106037 0.797502 -0.457777 -0.633462 1.210825 -0.229647 0.139085 -0.952363 -0.560459 -0.435103 0.283041 1.271623 -1.361479 -0.150457 0.210324 -0.016751 0.395657 1.067939 -0.129040 -0.387868 -0.094648 -0.314006 -0.194208 -0.411744 0.081396 -0.181132 -0.222648 0.811994 -0.088463 -0.167346 -0.985876 -0.480285 0.281709 0.175568 -0.539366 -1.721613 -0.221443 -0.449435 -1.497045 -0.191759 0.423796 -0.235587 -1.542435 0.073590 0.205658 0.339934 0.992000 -0.002916 0.117713 -1.274840 0.036459 0.915820 0.125190 0.018153 0.768009 -0.049747 0.867849 0.053671 0.043341 -0.171040 -0.297301 -0.757491 0.145655 -0.049248 0.709036 -0.156735 0.277900 -0.032373 -0.125971 -0.296401 -0.647430 0.110402 0.096995 -0.591912 -0.688258 -0.047433 1.052396 0.522956 0.039891 -0.048999 -0.295031 0.183701 0.951771 0.132776 -0.370276 -0.027290 -0.241993 -0.668210 -0.322458 -0.272327 -0.173463 1.064786 0.297030 -0.138914 0.134856 0.602959 2.001094 -0.053014 -0.461638 0.175896 -0.535350 1.282775 0.293943 1.706595 -0.050784 0.082755 -0.049998 0.012695 -0.090957 -0.057627 -0.841848 1.650846 -0.287904 0.000990 0.457200 0.666439 -0.593416 0.120461 -0.340433 0.225735 -0.942925 0.489801 0.128017 -0.094001 -0.229802 1.068913 -0.561508 0.006770 -0.650054 -1.406682 -0.015639 0.585351 -0.898817 0.234653 -0.793159 0.054674 0.308912 -0.666513 0.328025 0.338979 0.260311 -0.008482 0.081332 0.019339 0.585212 0.333825 0.133373 0.030691
193 -0.702500 -0.104730 1.451319 -0.804222 -0.480786 0.192736 0.396857 0.212535 0.293511 0.388462 0.665461 -0.095899 0.262682 0.075038 0.177905 -0.211378 -0.629845 1.471388 0.039838 -0.749134 0.079587 1.415566 -0.341550 -0.493526 0.084338 0.788966 -0.430033 -0.638949 1.223400 -0.240147 0.108920 -0.968313 -0.551620 -0.405290 0.293808 1.257905 -1.373257 -0.120372 0.180575 0.011651 0.416543 1.081822 -0.123588 -0.355674 -0.112730 -0.338871 -0.210715 -0.430650 0.076606 -0.206350 -0.215633 0.829885 -0.063301 -0.152278 -1.001557 -0.470433 0.276147 0.153977 -0.558684 -1.732260 -0.195830 -0.444881 -1.509069 -0.178745 0.444582 -0.250514 -1.552497 0.090408 0.219731 0.364038 1.005935 -0.013093 0.133061 -1.286901 0.063258 0.888452 0.124971 0.031932 0.755611 -0.061435 0.855256 0.082620 0.057793 -0.153554 -0.316515 -0.735386 0.116279 -0.062972 0.679222 -0.174256 0.295520 -0.033055 -0.152273 -0.289108 -0.655257 0.128944 0.067171 -0.584450 -0.662215 -0.057140 1.066709 0.516482 0.050124 -0.063385 -0.273433 0.161316 0.922085 0.134190 -0.339379 -0.016604 -0.268717 -0.658226 -0.342327 -0.243192 -0.154439 1.079279 0.319425 -0.129944 0.158826 0.574510 2.010621 -0.066153 -0.442781 0.154123 -0.502692 1.263866 0.290268 1.716293 -0.066959 0.079620 -0.067056 -0.006080 -0.090662 -0.055281 -0.817719 1.661170 -0.254978 -0.029424 0.426416 0.685433 -0.617539 0.149640 -0.309988 0.248515 -0.958079 0.514017 0.140335 -0.065992 -0.253661 1.048527 -0.583567 -0.007287 -0.641512 -1.418219 -0.030414 0.553548 -0.868714 0.248567 -0.809100 0.063681 0.278081 -0.679125 0.296692 0.354213 0.229224 0.019745 0.088794 0.045357 0.585035 0.358339 0.119008 0.058113
194 -0.708785 -0.103314 1.412672 -0.773508 -0.512230 0.216824 0.426539 0.190158 0.272824 0.360468 0.666175 -0.126113 0.252398 0.058393 0.210688 -0.175700 -0.660064 1.436077 0.061727 -0.717856 0.063657 1.379919 -0.375057 -0.524938 0.111047 0.786386 -0.461692 -0.619400 1.188568 -0.226245 0.145093 -0.936687 -0.554241 -0.440231 0.274358 1.263537 -1.336744 -0.154357 0.213477 -0.021883 0.385092 1.050261 -0.133304 -0.392137 -0.092167 -0.306564 -0.190078 -0.405180 0.086233 -0.174989 -0.221420 0.798293 -0.091742 -0.170601 -0.969262 -0.475757 0.277127 0.177392 -0.527123 -1.692173 -0.224020 -0.439401 -1.470497 -0.194718 0.416007 -0.230803 -1.514995 0.070710 0.200175 0.330651 0.975501 -0.000236 0.114493 -1.252611 0.032595 0.914026 0.127601 0.017808 0.762140 -0.046891 0.858778 0.047537 0.040842 -0.172930 -0.292052 -0.755551 0.149327 -0.046526 0.708497 -0.153141 0.273013 -0.032052 -0.120318 -0.296459 -0.633107 0.107405 0.103441 -0.584457 -0.689633 -0.045122 1.034819 0.512024 0.037563 -0.047028 -0.294349 0.185614 0.949361 0.131822 -0.374251 -0.031930 -0.233154 -0.662560 -0.312922 -0.277740 -0.177286 1.046954 0.290526 -0.142068 0.129471 0.604269 1.967337 -0.050259 -0.458492 0.177753 -0.538499 1.267027 0.285986 1.675696 -0.048152 0.086567 -0.047218 0.015563 -0.084635 -0.062781 -0.839442 1.621634 -0.292814 0.006706 0.460867 0.654738 -0.580013 0.112908 -0.344055 0.218950 -0.927677 0.479395 0.126133 -0.098254 -0.222263 1.063506 -0.548836 0.011699 -0.643984 -1.381698 -0.013231 0.588244 -0.897947 0.230488 -0.780425 0.052281 0.311637 -0.651339 0.330728 0.332466 0.263130 -0.012952 0.079863 0.014209 0.572169 0.324721 0.135986 0.025996
195 -0.712601 -0.103183 1.413449 -0.772357 -0.518749 0.221192 0.432607 0.187683 0.270909 0.357800 0.669096 -0.131205 0.252063 0.056320 0.216450 -0.171063 -0.667101 1.437413 0.065490 -0.716315 0.061716 1.380963 -0.381539 -0.531512 0.115299 0.789525 -0.467948 -0.619669 1.188811 -0.225222 0.151000 -0.936107 -0.556977 -0.446967 0.273128 1.269123 -1.337471 -0.160122 0.219256 -0.027097 0.382173 1.050272 -0.134774 -0.399052 -0.089519 -0.302962 -0.187874 -0.403061 0.087393 -0.170939 -0.223197 0.797066 -0.096421 -0.173816 -0.968760 -0.478638 0.278551 0.181515 -0.524806 -1.693764 -0.229122 -0.441200 -1.471414 -0.197638 0.413451 -0.228954 -1.516295 0.068119 0.198285 0.326966 0.975329 0.001414 0.112315 -1.253211 0.028081 0.921163 0.128282 0.015776 0.766170 -0.045150 0.862812 0.042459 0.038617 -0.176578 -0.289542 -0.761381 0.154906 -0.044445 0.715659 -0.150665 0.270830 -0.032133 -0.116023 -0.298485 -0.633186 0.104697 0.109155 -0.587040 -0.696138 -0.043734 1.034693 0.514224 0.036068 -0.044902 -0.298779 0.189883 0.956912 0.132028 -0.380802 -0.033903 -0.228802 -0.665943 -0.309985 -0.283821 -0.181167 1.046818 0.287396 -0.143993 0.125660 0.610855 1.969583 -0.048302 -0.462830 0.181969 -0.545802 1.272700 0.287309 1.677328 -0.045611 0.087500 -0.044534 0.018853 -0.084746 -0.063387 -0.845780 1.623047 -0.299629 0.012210 0.467645 0.652985 -0.576962 0.107824 -0.350401 0.215591 -0.927260 0.476245 0.124629 -0.103444 -0.218642 1.069811 -0.546069 0.014225 -0.647093 -1.382536 -0.010925 0.595531 -0.905572 0.228895 -0.779603 0.051015 0.317860 -0.650458 0.337160 0.330702 0.269263 -0.017919 0.079000 0.009665 0.573551 0.321073 0.138978 0.021296
196 -0.716354 -0.102432 1.372020 -0.741787 -0.546664 0.242655 0.458615 0.167033 0.251836 0.331601 0.667477 -0.158384 0.242320 0.041301 0.245681 -0.137881 -0.693162 1.398542 0.084510 -0.685532 0.047360 1.342200 -0.411187 -0.559252 0.139781 0.783944 -0.496429 -0.598547 1.151896 -0.212286 0.184013 -0.904119 -0.557365 -0.478771 0.253775 1.271495 -1.298322 -0.190611 0.248581 -0.057523 0.351786 1.017664 -0.144448 -0.431846 -0.071147 -0.273020 -0.168943 -0.379224 0.097154 -0.141998 -0.227844 0.765715 -0.121890 -0.190623 -0.935908 -0.481869 0.278007 0.202176 -0.493819 -1.649981 -0.254151 -0.433491 -1.429880 -0.212307 0.386587 -0.210624 -1.475379 0.050397 0.179877 0.295270 0.944068 0.013235 0.095466 -1.216767 0.000544 0.942537 0.131330 0.003540 0.770073 -0.031881 0.863112 0.010377 0.023374 -0.193926 -0.266978 -0.777990 0.184487 -0.029552 0.740729 -0.131506 0.250066 -0.031217 -0.086836 -0.304755 -0.609772 0.085326 0.142389 -0.584816 -0.720146 -0.032731 1.001841 0.507120 0.024609 -0.030289 -0.316591 0.211303 0.979578 0.129675 -0.412107 -0.048493 -0.195490 -0.668029 -0.281700 -0.315239 -0.201957 1.013493 0.260504 -0.155336 0.098799 0.636833 1.921662 -0.033912 -0.475417 0.202843 -0.577697 1.270601 0.281263 1.632653 -0.028715 0.094653 -0.026737 0.038252 -0.077653 -0.071409 -0.863611 1.579789 -0.333772 0.044989 0.498526 0.622951 -0.540664 0.073957 -0.380902 0.188199 -0.896445 0.443382 0.111897 -0.132558 -0.189418 1.081134 -0.512298 0.032045 -0.647458 -1.343262 0.004501 0.626378 -0.930455 0.212173 -0.751061 0.040542 0.347630 -0.621864 0.367338 0.310060 0.299316 -0.047433 0.070921 -0.018745 0.558588 0.289453 0.154415 -0.007754
197 -0.710030 -0.102928 1.402182 -0.765284 -0.519976 0.222865 0.433896 0.184351 0.267388 0.353122 0.666061 -0.133731 0.249607 0.054093 0.218955 -0.166543 -0.667460 1.426428 0.067310 -0.709519 0.059528 1.370206 -0.383414 -0.532648 0.117780 0.785399 -0.469468 -0.614150 1.179147 -0.222560 0.154203 -0.928165 -0.554669 -0.448853 0.269253 1.264369 -1.326825 -0.162955 0.221768 -0.030389 0.376902 1.041692 -0.135716 -0.401198 -0.086844 -0.298160 -0.184703 -0.398484 0.088658 -0.166931 -0.222755 0.789842 -0.098937 -0.175177 -0.960568 -0.476866 0.277271 0.183300 -0.518836 -1.681180 -0.231089 -0.437790 -1.459989 -0.198685 0.408515 -0.225651 -1.504740 0.065638 0.195081 0.322017 0.967259 0.003041 0.109682 -1.243273 0.024755 0.920106 0.128185 0.014155 0.763421 -0.043136 0.859316 0.038569 0.036474 -0.177773 -0.285671 -0.760296 0.157674 -0.042286 0.715591 -0.147665 0.267124 -0.031767 -0.112107 -0.298209 -0.627151 0.101830 0.112594 -0.584200 -0.696260 -0.042028 1.026186 0.510655 0.034325 -0.042796 -0.299568 0.191749 0.955857 0.131104 -0.382922 -0.035834 -0.224000 -0.663321 -0.305289 -0.286345 -0.183025 1.038196 0.283009 -0.145087 0.121923 0.611533 1.955425 -0.046151 -0.462303 0.183709 -0.547336 1.267373 0.284739 1.664596 -0.043309 0.088299 -0.042104 0.021095 -0.083056 -0.064701 -0.844535 1.610817 -0.302277 0.015900 0.469386 0.646573 -0.570186 0.103538 -0.352545 0.211267 -0.919461 0.470334 0.122400 -0.106437 -0.214130 1.066799 -0.539738 0.016538 -0.644270 -1.371746 -0.008810 0.596762 -0.904942 0.225739 -0.772714 0.049341 0.320042 -0.643955 0.339257 0.326758 0.271657 -0.021278 0.077520 0.006242 0.568607 0.316002 0.140240 0.017797
198 -0.714587 -0.101749 1.412759 -0.768981 -0.523216 0.225130 0.437666 0.183859 0.266862 0.352936 0.670884 -0.136150 0.249972 0.053122 0.222169 -0.166019 -0.672227 1.438039 0.070331 -0.712556 0.058588 1.381008 -0.387180 -0.536158 0.118844 0.792062 -0.471971 -0.620088 1.187860 -0.222530 0.156155 -0.933142 -0.558997 -0.451136 0.271734 1.270299 -1.336851 -0.165882 0.225008 -0.032511 0.378624 1.047976 -0.134489 -0.404270 -0.085156 -0.297753 -0.184050 -0.398577 0.087052 -0.165811 -0.224395 0.793553 -0.101398 -0.175987 -0.966038 -0.480550 0.280331 0.185848 -0.521624 -1.693615 -0.233925 -0.443377 -1.470825 -0.199276 0.408911 -0.225565 -1.516334 0.064346 0.195476 0.322593 0.972966 0.003313 0.108785 -1.252039 0.022299 0.925209 0.127034 0.012160 0.768118 -0.042691 0.865595 0.036889 0.035392 -0.179638 -0.285091 -0.764643 0.160614 -0.041441 0.720550 -0.146589 0.266642 -0.031836 -0.110606 -0.299265 -0.632819 0.100310 0.114288 -0.588922 -0.699660 -0.041643 1.032348 0.516978 0.033864 -0.041481 -0.303338 0.194396 0.961642 0.131314 -0.385932 -0.035285 -0.223976 -0.667541 -0.306691 -0.288390 -0.184212 1.044455 0.282519 -0.144928 0.120658 0.615385 1.970106 -0.045418 -0.466800 0.186275 -0.551013 1.277872 0.289188 1.677902 -0.042000 0.086933 -0.040728 0.022703 -0.086182 -0.062533 -0.849440 1.623210 -0.305163 0.018040 0.472511 0.649144 -0.572769 0.102464 -0.355654 0.210889 -0.924365 0.471454 0.121362 -0.108876 -0.213946 1.072552 -0.542306 0.016394 -0.648474 -1.381919 -0.007645 0.600400 -0.910071 0.225522 -0.776280 0.049107 0.323649 -0.649252 0.342939 0.327439 0.275264 -0.023664 0.077058 0.004539 0.574957 0.316467 0.141263 0.015652
199 -0.717640 -0.101267 1.407254 -0.763429 -0.531629 0.231359 0.445672 0.178841 0.262354 0.346869 0.672639 -0.143769 0.248030 0.049259 0.230546 -0.157810 -0.680779 1.433469 0.076054 -0.706681 0.054903 1.376173 -0.396020 -0.544630 0.125353 0.793514 -0.480264 -0.617350 1.182637 -0.219629 0.165056 -0.927788 -0.560977 -0.460174 0.268075 1.274019 -1.331649 -0.174446 0.233417 -0.040707 0.372067 1.042992 -0.136600 -0.413716 -0.080284 -0.290556 -0.179436 -0.393179 0.088985 -0.158512 -0.226295 0.787825 -0.108556 -0.180553 -0.960646 -0.483002 0.281396 0.191887 -0.515391 -1.688373 -0.241219 -0.443724 -1.465427 -0.203288 0.402839 -0.221300 -1.511351 0.059694 0.191278 0.315249 0.968053 0.006264 0.104521 -1.247054 0.014812 0.932992 0.127599 0.008625 0.771305 -0.039387 0.868420 0.028505 0.031384 -0.184689 -0.279653 -0.770908 0.168950 -0.037627 0.729026 -0.141730 0.261708 -0.031695 -0.103084 -0.301420 -0.629508 0.095259 0.123111 -0.590422 -0.707349 -0.038923 1.027243 0.517733 0.031002 -0.037607 -0.309196 0.200668 0.969971 0.130994 -0.394965 -0.038692 -0.215955 -0.670049 -0.300456 -0.297084 -0.189899 1.039277 0.276080 -0.147797 0.113796 0.623600 1.964786 -0.041754 -0.471783 0.192406 -0.560542 1.281695 0.289453 1.672688 -0.037512 0.088338 -0.035989 0.028012 -0.085536 -0.063801 -0.856237 1.618001 -0.314788 0.026800 0.481564 0.643250 -0.565196 0.093861 -0.364479 0.204289 -0.919279 0.464187 0.118128 -0.116873 -0.206942 1.078210 -0.535322 0.020722 -0.650548 -1.376777 -0.003580 0.609731 -0.918704 0.221634 -0.771200 0.046564 0.332381 -0.644527 0.351824 0.322924 0.284013 -0.031668 0.075075 -0.002943 0.573898 0.309123 0.145534 0.007875
0 -0.665565 -0.109279 1.622929 -0.938835 -0.327775 0.078655 0.254594 0.313190 0.384501 0.512375 0.656675 0.045825 0.305197 0.150025 0.024141 -0.376137 -0.482415 1.628759 -0.060036 -0.886647 0.150991 1.574102 -0.181869 -0.340527 -0.042363 0.795978 -0.275417 -0.727440 1.378126 -0.300397 -0.062190 -1.105990 -0.535308 -0.234514 0.381704 1.217619 -1.535221 0.038626 0.026218 0.167970 0.559944 1.219103 -0.075020 -0.180017 -0.204896 -0.484597 -0.302740 -0.542702 0.029360 -0.349576 -0.185788 0.968173 0.068939 -0.064264 -1.142667 -0.440753 0.270907 0.044755 -0.701391 -1.909127 -0.063044 -0.467857 -1.680002 -0.101183 0.571730 -0.337978 -1.718709 0.179419 0.307731 0.516816 1.138442 -0.072695 0.216174 -1.437766 0.203504 0.759720 0.108499 0.094922 0.716762 -0.127233 0.832507 0.244832 0.134005 -0.061081 -0.425176 -0.633549 -0.038241 -0.137415 0.534807 -0.268361 0.394943 -0.036538 -0.298099 -0.251779 -0.753442 0.225566 -0.103729 -0.580046 -0.525539 -0.111849 1.205827 0.534696 0.107180 -0.136904 -0.174865 0.048082 0.785493 0.142290 -0.171967 0.055208 -0.432483 -0.630564 -0.476835 -0.077298 -0.045478 1.220349 0.449003 -0.071466 0.292380 0.428929 2.201664 -0.137716 -0.366830 0.043441 -0.328652 1.243385 0.308607 1.897019 -0.151803 0.044575 -0.156499 -0.105622 -0.120035 -0.018595 -0.707672 1.836686 -0.074228 -0.197193 0.259497 0.820723 -0.787571 0.320144 -0.147107 0.382372 -1.089916 0.669914 0.202260 0.084192 -0.396762 0.966455 -0.740738 -0.095875 -0.622512 -1.579743 -0.108158 0.383840 -0.722226 0.327879 -0.933387 0.115458 0.119339 -0.804366 0.135354 0.450887 0.069826 0.170764 0.127681 0.188922 0.640789 0.511718 0.037989 0.205851
1 -0.671004 -0.108363 1.612528 -0.929265 -0.342435 0.089107 0.268327 0.304645 0.376729 0.502201 0.659500 0.032991 0.302043 0.143209 0.038491 -0.362035 -0.497098 1.620017 -0.050979 -0.876579 0.144559 1.564959 -0.197107 -0.355365 -0.031170 0.798101 -0.290098 -0.722178 1.368603 -0.295437 -0.046681 -1.096682 -0.538528 -0.250403 0.375356 1.223866 -1.525514 0.023999 0.040662 0.153838 0.548620 1.210323 -0.078758 -0.196581 -0.196425 -0.472374 -0.294792 -0.533553 0.032833 -0.337214 -0.189295 0.958321 0.056992 -0.072132 -1.133199 -0.445019 0.272578 0.054883 -0.690571 -1.899078 -0.075348 -0.468104 -1.669829 -0.108075 0.561463 -0.330733 -1.709264 0.171426 0.300690 0.504360 1.129848 -0.067287 0.208907 -1.428641 0.190834 0.773079 0.109559 0.088776 0.722465 -0.121453 0.837120 0.230514 0.127297 -0.069653 -0.416091 -0.644202 -0.023931 -0.130706 0.549364 -0.260202 0.386565 -0.036243 -0.285359 -0.255456 -0.747505 0.216801 -0.088360 -0.582408 -0.538996 -0.106837 1.196790 0.535699 0.102010 -0.130105 -0.184465 0.058478 0.799854 0.142018 -0.187692 0.049409 -0.418672 -0.635081 -0.466210 -0.092616 -0.055159 1.211220 0.438138 -0.076519 0.280811 0.443239 2.191208 -0.131417 -0.374785 0.053620 -0.345414 1.249269 0.308806 1.886834 -0.144318 0.047044 -0.148700 -0.096862 -0.118698 -0.020914 -0.719429 1.826704 -0.091104 -0.182136 0.275318 0.810669 -0.774203 0.305161 -0.162442 0.371068 -1.081092 0.657309 0.196719 0.070530 -0.384642 0.976256 -0.728556 -0.088514 -0.626304 -1.570231 -0.101081 0.400247 -0.737279 0.321270 -0.924706 0.110782 0.134408 -0.795930 0.150644 0.443202 0.084901 0.157087 0.124217 0.176266 0.638649 0.498974 0.045237 0.192589
2 -0.700467 -0.108190 1.564783 -0.883430 -0.421441 0.146098 0.341404 0.262062 0.340884 0.452844 0.676286 -0.034876 0.287613 0.110653 0.112418 -0.289951 -0.576624 1.579284 -0.001829 -0.828126 0.113620 1.522408 -0.276630 -0.434658 0.029200 0.810320 -0.368537 -0.695109 1.322976 -0.272624 0.033593 -1.052457 -0.556597 -0.335302 0.341028 1.266990 -1.480257 -0.051439 0.114845 0.081565 0.491306 1.169132 -0.103044 -0.283014 -0.156633 -0.410724 -0.256555 -0.489809 0.055248 -0.275109 -0.206522 0.910886 -0.006123 -0.115430 -1.088256 -0.467655 0.280296 0.108750 -0.636476 -1.854885 -0.141043 -0.467168 -1.623485 -0.147367 0.510553 -0.295055 -1.666078 0.131893 0.263750 0.440994 1.089036 -0.040930 0.172946 -1.386236 0.126891 0.849656 0.119588 0.061263 0.753834 -0.092460 0.863700 0.157277 0.092764 -0.115535 -0.371149 -0.706752 0.049430 -0.098016 0.628893 -0.219543 0.346123 -0.035483 -0.220542 -0.278618 -0.716116 0.175215 -0.009030 -0.595761 -0.614188 -0.083908 1.154397 0.537795 0.077577 -0.098190 -0.236220 0.114761 0.880270 0.140924 -0.270324 0.016206 -0.348170 -0.659579 -0.410926 -0.172897 -0.108771 1.168256 0.384582 -0.105593 0.221727 0.520921 2.146615 -0.099631 -0.419738 0.108530 -0.433445 1.282823 0.306964 1.841070 -0.105821 0.064408 -0.107739 -0.049706 -0.107684 -0.037751 -0.786504 1.781820 -0.178195 -0.104752 0.359109 0.761989 -0.708108 0.229092 -0.242542 0.313984 -1.039424 0.595162 0.171423 0.000360 -0.323595 1.033693 -0.667787 -0.047833 -0.646506 -1.525984 -0.066185 0.487495 -0.820687 0.289454 -0.883299 0.089041 0.212163 -0.752604 0.230165 0.405194 0.162334 0.087834 0.108532 0.111006 0.625241 0.434836 0.085151 0.125332
3 -0.672957 -0.108789 1.602602 -0.922437 -0.350730 0.095013 0.275663 0.299829 0.372740 0.496400 0.659739 0.025737 0.300317 0.139798 0.046174 -0.353588 -0.504863 1.610424 -0.046349 -0.869678 0.141344 1.555516 -0.205284 -0.363572 -0.024330 0.797099 -0.298613 -0.716739 1.359715 -0.292834 -0.037675 -1.089624 -0.539076 -0.259957 0.370425 1.226776 -1.516123 0.016006 0.048367 0.145937 0.541026 1.203068 -0.082132 -0.205969 -0.192394 -0.465266 -0.290575 -0.528424 0.036095 -0.330162 -0.190802 0.951343 0.050379 -0.077051 -1.125855 -0.446417 0.272307 0.060273 -0.682954 -1.888710 -0.082113 -0.466025 -1.659907 -0.112548 0.555341 -0.326638 -1.699389 0.167295 0.296252 0.496418 1.122874 -0.064311 0.205089 -1.420129 0.184194 0.780228 0.111286 0.086288 0.724581 -0.118302 0.837963 0.222357 0.123732 -0.074524 -0.411050 -0.649867 -0.016220 -0.127233 0.557091 -0.255893 0.382055 -0.036203 -0.278257 -0.257732 -0.741710 0.212492 -0.079390 -0.582272 -0.546733 -0.104288 1.189440 0.533712 0.099334 -0.126869 -0.189185 0.064085 0.807211 0.141798 -0.196578 0.045301 -0.410227 -0.636564 -0.459006 -0.101571 -0.061097 1.203739 0.431937 -0.079953 0.274341 0.451058 2.179822 -0.128058 -0.378401 0.059141 -0.354763 1.249233 0.307044 1.875927 -0.140342 0.049645 -0.144487 -0.091926 -0.116249 -0.023674 -0.725453 1.816241 -0.100632 -0.173689 0.284319 0.803875 -0.765355 0.296428 -0.170961 0.364503 -1.074367 0.649524 0.194196 0.063027 -0.377519 0.981047 -0.720323 -0.083651 -0.627301 -1.560841 -0.097487 0.409471 -0.745335 0.317718 -0.918545 0.108344 0.142425 -0.788726 0.158855 0.438494 0.092843 0.149716 0.122609 0.169111 0.634859 0.491187 0.049673 0.185412
4 -0.660511 -0.108368 1.628354 -0.945276 -0.314382 0.068654 0.242245 0.319920 0.389542 0.519751 0.653323 0.057191 0.307334 0.154899 0.012231 -0.387493 -0.468777 1.633150 -0.068839 -0.893561 0.155701 1.578875 -0.168888 -0.327145 -0.052709 0.793437 -0.262264 -0.731401 1.383927 -0.303655 -0.075063 -1.112062 -0.531912 -0.220514 0.387619 1.208012 -1.540541 0.050741 0.014304 0.179521 0.568726 1.224440 -0.070092 -0.166093 -0.210677 -0.494362 -0.308514 -0.549245 0.024806 -0.359237 -0.183246 0.974938 0.079617 -0.056732 -1.148767 -0.436923 0.269708 0.035491 -0.709456 -1.913249 -0.051815 -0.468404 -1.685035 -0.094041 0.579658 -0.343600 -1.723254 0.185659 0.314025 0.526629 1.143926 -0.076692 0.221919 -1.442825 0.213722 0.745492 0.106079 0.098602 0.711275 -0.131934 0.827338 0.256464 0.139846 -0.053360 -0.432257 -0.621455 -0.050022 -0.142447 0.520999 -0.274909 0.401121 -0.036572 -0.308500 -0.246992 -0.758527 0.231694 -0.116431 -0.577478 -0.512183 -0.114985 1.211348 0.534909 0.110742 -0.141530 -0.165804 0.038129 0.770898 0.142452 -0.158426 0.061366 -0.443550 -0.626372 -0.485704 -0.064200 -0.035944 1.225938 0.457186 -0.066046 0.301984 0.415460 2.205137 -0.142940 -0.358429 0.033863 -0.314338 1.236546 0.309503 1.901484 -0.158258 0.040831 -0.163586 -0.113888 -0.122631 -0.014850 -0.695113 1.841098 -0.060420 -0.209680 0.245678 0.827737 -0.797352 0.332130 -0.134054 0.391437 -1.095588 0.679258 0.205835 0.095463 -0.406331 0.955603 -0.749809 -0.103119 -0.619168 -1.584824 -0.113657 0.369391 -0.707450 0.332797 -0.939276 0.118542 0.106791 -0.810978 0.122467 0.456798 0.057373 0.181748 0.129896 0.199482 0.643429 0.521652 0.031000 0.216594
5 -0.669037 -0.108170 1.609398 -0.928812 -0.339491 0.086798 0.265384 0.305739 0.377377 0.503079 0.657542 0.035334 0.302280 0.144128 0.036026 -0.363586 -0.493672 1.616366 -0.053337 -0.876386 0.145480 1.561674 -0.194301 -0.352317 -0.033125 0.795806 -0.287374 -0.721011 1.366315 -0.295839 -0.048900 -1.095805 -0.536745 -0.247872 0.375819 1.219829 -1.522627 0.026361 0.038191 0.155967 0.549151 1.208835 -0.077955 -0.193940 -0.197527 -0.473798 -0.295726 -0.534365 0.032166 -0.338689 -0.188619 0.957953 0.059332 -0.070653 -1.132146 -0.443495 0.271622 0.052643 -0.690636 -1.894802 -0.072766 -0.467049 -1.666423 -0.106583 0.562416 -0.331619 -1.705543 0.172694 0.301693 0.505291 1.128644 -0.067927 0.210061 -1.426162 0.192926 0.768919 0.109270 0.089566 0.720340 -0.122379 0.834392 0.232454 0.128639 -0.068021 -0.417252 -0.640404 -0.026319 -0.131661 0.545796 -0.261527 0.387549 -0.036265 -0.287235 -0.254003 -0.746872 0.217933 -0.090518 -0.580688 -0.535737 -0.107250 1.195375 0.534450 0.102579 -0.130984 -0.181948 0.055989 0.795542 0.141952 -0.184983 0.050540 -0.420041 -0.633351 -0.467014 -0.090205 -0.053158 1.209746 0.439259 -0.075398 0.282597 0.439906 2.185843 -0.132522 -0.371982 0.051323 -0.342504 1.244854 0.308174 1.882414 -0.145764 0.046479 -0.150342 -0.098719 -0.118662 -0.020444 -0.715502 1.822521 -0.088630 -0.184454 0.272520 0.810619 -0.774492 0.307018 -0.159795 0.372419 -1.080194 0.658042 0.197391 0.072707 -0.385949 0.972597 -0.728797 -0.089836 -0.624782 -1.567170 -0.102245 0.397196 -0.733303 0.322089 -0.924338 0.111215 0.131728 -0.795323 0.147938 0.443844 0.082240 0.159190 0.124629 0.178190 0.637775 0.500064 0.043798 0.194655
6 -0.676233 -0.109410 1.601566 -0.919776 -0.358488 0.100864 0.282875 0.296244 0.370249 0.492717 0.662254 0.019309 0.299319 0.137205 0.052868 -0.347564 -0.512966 1.610100 -0.041091 -0.866684 0.138823 1.554853 -0.212693 -0.371376 -0.018482 0.799360 -0.306155 -0.715435 1.358111 -0.291264 -0.030606 -1.087322 -0.541509 -0.267821 0.367479 1.233425 -1.515023 0.009256 0.055063 0.139563 0.536747 1.201369 -0.084897 -0.213759 -0.189328 -0.460078 -0.287556 -0.525116 0.038595 -0.325056 -0.192260 0.948489 0.044293 -0.081295 -1.123607 -0.448929 0.273305 0.065684 -0.679257 -1.888853 -0.088611 -0.466261 -1.659203 -0.116639 0.551268 -0.323690 -1.699041 0.163865 0.292861 0.491476 1.120979 -0.062218 0.201947 -1.418982 0.178496 0.789046 0.112670 0.084375 0.728160 -0.115734 0.841668 0.216034 0.120417 -0.078910 -0.407284 -0.657508 -0.009629 -0.124526 0.565374 -0.252293 0.378830 -0.036198 -0.272570 -0.260712 -0.739687 0.209239 -0.072443 -0.584292 -0.554694 -0.102757 1.187632 0.534161 0.097512 -0.124433 -0.194662 0.069968 0.816241 0.141843 -0.204234 0.041872 -0.404420 -0.639335 -0.454528 -0.108893 -0.066607 1.201918 0.427728 -0.083091 0.269061 0.459055 2.180773 -0.125161 -0.383742 0.064762 -0.362904 1.254433 0.306905 1.875927 -0.136682 0.051732 -0.140428 -0.087163 -0.115002 -0.025704 -0.733352 1.816184 -0.108257 -0.166794 0.292182 0.800772 -0.760682 0.289994 -0.178346 0.359665 -1.072270 0.644877 0.192373 0.056782 -0.372456 0.988032 -0.716018 -0.079637 -0.629578 -1.559940 -0.094454 0.417772 -0.754302 0.315155 -0.916113 0.106807 0.149529 -0.785964 0.166158 0.435507 0.099886 0.143647 0.121485 0.163308 0.634047 0.486060 0.053644 0.179467
7 -0.656848 -0.108494 1.638822 -0.953499 -0.302764 0.060425 0.231665 0.326467 0.395209 0.527636 0.651825 0.067306 0.309610 0.159800 0.001175 -0.398887 -0.457409 1.642786 -0.075675 -0.902057 0.160321 1.588561 -0.157093 -0.315550 -0.061782 0.792971 -0.250585 -0.736875 1.393440 -0.307247 -0.087418 -1.120311 -0.530076 -0.207543 0.393221 1.203374 -1.550410 0.062142 0.003210 0.190536 0.578282 1.232592 -0.066443 -0.152962 -0.216696 -0.503991 -0.314403 -0.556194 0.021395 -0.368947 -0.180787 0.983386 0.088901 -0.050276 -1.157267 -0.434113 0.269074 0.027769 -0.718776 -1.923919 -0.042257 -0.469301 -1.695459 -0.088294 0.587757 -0.349095 -1.733361 0.191544 0.319676 0.536967 1.151813 -0.080723 0.227267 -1.451901 0.223287 0.735151 0.104508 0.102702 0.707389 -0.136230 0.824711 0.267781 0.144834 -0.046570 -0.439180 -0.613293 -0.061032 -0.147355 0.509717 -0.280964 0.407364 -0.036668 -0.318385 -0.244027 -0.764394 0.238008 -0.128669 -0.576404 -0.501443 -0.118570 1.219656 0.535438 0.114481 -0.146340 -0.158631 0.030161 0.760007 0.142664 -0.146005 0.066312 -0.454799 -0.623393 -0.494722 -0.051979 -0.028077 1.234389 0.465639 -0.061810 0.310935 0.404350 2.216663 -0.147595 -0.352624 0.025994 -0.301118 1.233940 0.310260 1.912539 -0.163867 0.038212 -0.169476 -0.120710 -0.124566 -0.012272 -0.686265 1.851827 -0.047065 -0.221436 0.233114 0.836177 -0.808570 0.343988 -0.122039 0.400312 -1.103400 0.689460 0.209646 0.106072 -0.415932 0.948226 -0.760157 -0.109220 -0.616780 -1.594644 -0.118803 0.356407 -0.695794 0.337658 -0.946663 0.121913 0.095222 -0.818910 0.110601 0.462884 0.045849 0.192236 0.132257 0.209428 0.646348 0.531956 0.025103 0.226755
8 -0.664174 -0.109376 1.602332 -0.927770 -0.333734 0.082687 0.259365 0.308001 0.379555 0.505360 0.652912 0.039903 0.302801 0.146561 0.030366 -0.366962 -0.486573 1.608005 -0.057786 -0.875986 0.147822 1.554137 -0.188023 -0.346334 -0.036223 0.789784 -0.282327 -0.717234 1.360806 -0.297039 -0.053565 -1.093762 -0.532400 -0.243018 0.375160 1.213555 -1.515946 0.031823 0.032500 0.160560 0.549906 1.205488 -0.078232 -0.188148 -0.200850 -0.476837 -0.298053 -0.536276 0.032782 -0.342092 -0.186523 0.957052 0.063796 -0.068408 -1.129715 -0.439556 0.268580 0.048301 -0.690395 -1.885943 -0.067836 -0.462452 -1.659051 -0.104650 0.564310 -0.333325 -1.697333 0.175579 0.302913 0.507147 1.125755 -0.069431 0.212477 -1.420510 0.197694 0.761657 0.110161 0.092650 0.715293 -0.124180 0.828133 0.236827 0.131125 -0.064804 -0.419687 -0.634292 -0.031709 -0.133966 0.538691 -0.264270 0.389841 -0.036406 -0.291242 -0.252182 -0.743406 0.221169 -0.094942 -0.576239 -0.530036 -0.108735 1.192188 0.529072 0.104191 -0.133670 -0.176769 0.051501 0.787529 0.141795 -0.179360 0.051328 -0.422937 -0.628970 -0.467909 -0.085495 -0.050192 1.206465 0.441911 -0.074340 0.286172 0.433652 2.175056 -0.134682 -0.366533 0.046987 -0.336149 1.234630 0.304544 1.872817 -0.148555 0.047162 -0.153291 -0.101968 -0.116336 -0.021678 -0.708735 1.813665 -0.082882 -0.189386 0.266794 0.810539 -0.775239 0.310950 -0.154131 0.375264 -1.078092 0.659860 0.199602 0.077579 -0.388819 0.965846 -0.729259 -0.091261 -0.620590 -1.560252 -0.104921 0.390883 -0.725811 0.323828 -0.923343 0.112536 0.125630 -0.792556 0.141671 0.444924 0.076071 0.164037 0.125887 0.182257 0.633106 0.502457 0.041534 0.199269
9 -0.668377 -0.108956 1.587541 -0.915939 -0.348743 0.093785 0.273251 0.298634 0.371238 0.494187 0.654394 0.026381 0.299121 0.139508 0.045037 -0.351537 -0.501149 1.594633 -0.048211 -0.863832 0.141115 1.540586 -0.203455 -0.361407 -0.024006 0.789871 -0.297483 -0.709419 1.347409 -0.291589 -0.037258 -1.081751 -0.534490 -0.259604 0.367235 1.218689 -1.502002 0.016711 0.047237 0.145745 0.536857 1.193633 -0.082898 -0.205111 -0.192214 -0.463276 -0.289522 -0.526070 0.037246 -0.328827 -0.189609 0.944871 0.051207 -0.076855 -1.117388 -0.442904 0.269352 0.058848 -0.677569 -1.870986 -0.080629 -0.460793 -1.644421 -0.112177 0.552642 -0.325267 -1.683203 0.167188 0.294736 0.493160 1.114276 -0.063739 0.204689 -1.407556 0.184454 0.774823 0.111850 0.086722 0.719751 -0.117960 0.831079 0.221572 0.123951 -0.073694 -0.409672 -0.644837 -0.016989 -0.126950 0.553108 -0.255515 0.380707 -0.036116 -0.277589 -0.256025 -0.734884 0.212136 -0.078727 -0.577236 -0.543724 -0.103583 1.180133 0.527896 0.098810 -0.126761 -0.186429 0.062472 0.801473 0.141291 -0.195544 0.044584 -0.407667 -0.632276 -0.455614 -0.101513 -0.060787 1.194254 0.430076 -0.080038 0.273669 0.448114 2.159023 -0.127923 -0.374223 0.057721 -0.353111 1.237615 0.303189 1.857458 -0.140558 0.050511 -0.144829 -0.092442 -0.113701 -0.025075 -0.720136 1.798777 -0.100234 -0.173485 0.283023 0.798573 -0.759637 0.294883 -0.169858 0.362746 -1.066639 0.645505 0.193913 0.063363 -0.375416 0.974724 -0.714962 -0.082917 -0.623077 -1.546441 -0.097577 0.407527 -0.740637 0.316551 -0.912471 0.107655 0.140876 -0.781473 0.157183 0.436096 0.091347 0.149760 0.122320 0.168786 0.628489 0.488167 0.049315 0.185309
10 -0.676505 -0.107138 1.606415 -0.922727 -0.354727 0.097498 0.279915 0.298285 0.370809 0.494391 0.662937 0.022471 0.300064 0.137991 0.050588 -0.350739 -0.509894 1.615169 -0.043524 -0.869501 0.139654 1.559750 -0.210109 -0.367722 -0.022556 0.801522 -0.302048 -0.719753 1.362845 -0.291884 -0.034046 -1.090657 -0.542152 -0.263616 0.371578 1.229685 -1.519819 0.011647 0.052795 0.142411 0.540181 1.204835 -0.080980 -0.210554 -0.189654 -0.462992 -0.288821 -0.526881 0.034647 -0.327331 -0.192531 0.951603 0.047319 -0.078314 -1.127135 -0.449387 0.274757 0.063090 -0.682732 -1.893199 -0.085436 -0.470345 -1.663759 -0.113371 0.553957 -0.325554 -1.703829 0.165274 0.295869 0.494616 1.124487 -0.063326 0.203515 -1.423218 0.180580 0.784415 0.110032 0.083548 0.728182 -0.117271 0.842185 0.218803 0.122284 -0.076825 -0.409295 -0.652986 -0.012057 -0.125609 0.562013 -0.254069 0.380368 -0.036158 -0.275237 -0.258220 -0.744831 0.209888 -0.075972 -0.585546 -0.550186 -0.103079 1.191125 0.538725 0.098154 -0.124709 -0.192709 0.066745 0.812154 0.141924 -0.200795 0.045538 -0.407776 -0.639814 -0.458347 -0.105022 -0.062568 1.205417 0.429729 -0.079991 0.271819 0.455111 2.185129 -0.126791 -0.381870 0.061883 -0.359683 1.256047 0.310731 1.881057 -0.138587 0.048261 -0.142797 -0.090053 -0.118967 -0.021642 -0.729237 1.820828 -0.105357 -0.170012 0.288587 0.803446 -0.764328 0.293351 -0.175264 0.362475 -1.075461 0.647833 0.192403 0.059249 -0.375336 0.985165 -0.719537 -0.083279 -0.630563 -1.564616 -0.095658 0.414159 -0.750124 0.316575 -0.919014 0.107366 0.147141 -0.790835 0.163772 0.437802 0.097639 0.145920 0.121673 0.165991 0.639411 0.489191 0.050975 0.181916
11 -0.675223 -0.108347 1.597706 -0.917748 -0.357294 0.099914 0.281903 0.295679 0.368932 0.491483 0.660878 0.019785 0.298631 0.136523 0.052737 -0.347035 -0.511411 1.606364 -0.041945 -0.864770 0.138221 1.551233 -0.212169 -0.370236 -0.019118 0.797896 -0.305192 -0.714117 1.355179 -0.290324 -0.030626 -1.084998 -0.540445 -0.266999 0.367284 1.229400 -1.511526 0.009321 0.054969 0.139414 0.535700 1.198730 -0.083869 -0.213355 -0.188335 -0.459415 -0.286706 -0.523902 0.037747 -0.324349 -0.192328 0.946491 0.044766 -0.080662 -1.121171 -0.448235 0.273023 0.065041 -0.677841 -1.884042 -0.087818 -0.465912 -1.655143 -0.115741 0.550322 -0.323045 -1.694987 0.163455 0.292749 0.490592 1.118608 -0.061740 0.201524 -1.415743 0.178206 0.786189 0.111693 0.083336 0.726962 -0.115482 0.839925 0.215729 0.120454 -0.078444 -0.406593 -0.654703 -0.009647 -0.124011 0.563564 -0.251905 0.377928 -0.036032 -0.272224 -0.259442 -0.738695 0.208294 -0.072381 -0.583210 -0.552706 -0.101892 1.184983 0.533930 0.096846 -0.123606 -0.193677 0.069036 0.813630 0.141551 -0.203653 0.042502 -0.403800 -0.638407 -0.453985 -0.108480 -0.065634 1.199259 0.426735 -0.082320 0.268795 0.457510 2.175045 -0.124972 -0.382118 0.063953 -0.362193 1.251833 0.306946 1.871250 -0.136709 0.050822 -0.140653 -0.087703 -0.115528 -0.024820 -0.730746 1.811643 -0.108185 -0.166694 0.291387 0.799011 -0.759045 0.289482 -0.177885 0.359086 -1.069959 0.643513 0.191452 0.056719 -0.371766 0.985270 -0.714568 -0.080119 -0.628789 -1.556360 -0.094088 0.416748 -0.752005 0.314401 -0.914190 0.106092 0.149265 -0.784660 0.165756 0.434703 0.099718 0.143340 0.120890 0.163193 0.633542 0.485171 0.053024 0.179182
12 -0.667295 -0.108877 1.593711 -0.920289 -0.343677 0.090100 0.268690 0.301725 0.373879 0.497929 0.654271 0.030928 0.300287 0.141703 0.040196 -0.356886 -0.496356 1.600493 -0.051267 -0.868235 0.143195 1.546394 -0.198346 -0.356375 -0.028210 0.790420 -0.292328 -0.712617 1.352920 -0.293302 -0.042832 -1.086259 -0.534140 -0.253826 0.370161 1.217221 -1.507833 0.021761 0.042383 0.150713 0.541559 1.198253 -0.081078 -0.199347 -0.194872 -0.467880 -0.292262 -0.529445 0.035501 -0.333299 -0.188720 0.949330 0.055384 -0.073929 -1.122059 -0.442053 0.269394 0.055425 -0.682285 -1.877439 -0.076388 -0.461820 -1.650583 -0.109555 0.556613 -0.327908 -1.689308 0.169859 0.297527 0.498123 1.118700 -0.065558 0.207164 -1.412883 0.188752 0.770529 0.111009 0.088405 0.718583 -0.119950 0.830601 0.226757 0.126248 -0.070712 -0.412975 -0.641441 -0.021854 -0.129166 0.548358 -0.258330 0.383661 -0.036170 -0.282142 -0.254751 -0.738304 0.214958 -0.084275 -0.577287 -0.539094 -0.105170 1.184794 0.528850 0.100483 -0.128866 -0.183388 0.058911 0.797011 0.141444 -0.190073 0.046981 -0.413005 -0.631473 -0.460050 -0.096029 -0.057159 1.199005 0.434045 -0.078025 0.277815 0.443334 2.166117 -0.130073 -0.371903 0.054215 -0.347386 1.237593 0.304027 1.864177 -0.143136 0.049149 -0.147559 -0.095590 -0.114926 -0.023661 -0.716519 1.805239 -0.094340 -0.178812 0.277515 0.802897 -0.765255 0.300362 -0.164582 0.366969 -1.070938 0.650514 0.195601 0.068090 -0.379976 0.971978 -0.720150 -0.085826 -0.622554 -1.552273 -0.099881 0.401902 -0.735777 0.318873 -0.916424 0.109173 0.135859 -0.785812 0.152032 0.439106 0.086336 0.154466 0.123378 0.173318 0.630578 0.493133 0.046642 0.189905
13 -0.677686 -0.108228 1.612246 -0.925370 -0.355338 0.098360 0.280538 0.298841 0.372071 0.495783 0.664617 0.022360 0.300512 0.138538 0.050243 -0.352038 -0.510943 1.621053 -0.042566 -0.871991 0.140083 1.565354 -0.210052 -0.368365 -0.022200 0.803422 -0.302470 -0.721535 1.367358 -0.292628 -0.034747 -1.093693 -0.543483 -0.263512 0.371775 1.234214 -1.525150 0.012198 0.052428 0.143026 0.541867 1.208451 -0.082036 -0.210098 -0.190570 -0.464052 -0.289598 -0.528125 0.035607 -0.328404 -0.192492 0.954205 0.047025 -0.078800 -1.130382 -0.450170 0.275176 0.063697 -0.684889 -1.900482 -0.085996 -0.470597 -1.669914 -0.114233 0.555105 -0.326071 -1.710116 0.165610 0.295885 0.496201 1.127670 -0.063665 0.203763 -1.427992 0.181045 0.787132 0.110842 0.084400 0.729566 -0.117347 0.844430 0.219765 0.122077 -0.077092 -0.410005 -0.655928 -0.012482 -0.126001 0.563332 -0.254342 0.381175 -0.036243 -0.275882 -0.259707 -0.746100 0.210771 -0.076703 -0.586874 -0.551751 -0.103786 1.194705 0.538920 0.098648 -0.125394 -0.193702 0.067745 0.814649 0.142054 -0.200698 0.044784 -0.409179 -0.640882 -0.459409 -0.104755 -0.063422 1.209101 0.430921 -0.080780 0.272204 0.456326 2.193927 -0.126789 -0.383694 0.062652 -0.359549 1.259790 0.310510 1.888355 -0.138468 0.049246 -0.142406 -0.089494 -0.118322 -0.022708 -0.731959 1.827869 -0.104495 -0.170585 0.288657 0.805786 -0.766952 0.294461 -0.175111 0.363330 -1.078417 0.649861 0.193077 0.059730 -0.376442 0.988000 -0.721863 -0.082740 -0.631438 -1.570130 -0.095874 0.414411 -0.752071 0.317111 -0.921324 0.107916 0.146909 -0.792823 0.163511 0.438647 0.097307 0.146582 0.122066 0.166496 0.639821 0.490721 0.051472 0.182473
14 -0.673447 -0.107358 1.639433 -0.944627 -0.334006 0.082427 0.261418 0.312409 0.383568 0.512017 0.664689 0.041697 0.305887 0.148118 0.029986 -0.374783 -0.491152 1.647082 -0.055550 -0.891390 0.149215 1.591103 -0.188792 -0.347194 -0.040540 0.806855 -0.280525 -0.736812 1.391813 -0.300356 -0.058393 -1.113843 -0.542532 -0.239088 0.385488 1.227876 -1.550932 0.033271 0.032120 0.164095 0.562471 1.229012 -0.073256 -0.185970 -0.201920 -0.483820 -0.301580 -0.542901 0.026992 -0.347579 -0.188785 0.973994 0.064874 -0.065925 -1.151277 -0.447012 0.276057 0.049083 -0.705637 -1.928762 -0.068000 -0.476774 -1.697036 -0.102472 0.572467 -0.337845 -1.737013 0.177153 0.308535 0.517634 1.147484 -0.071883 0.214668 -1.451589 0.199258 0.769079 0.106684 0.091524 0.724930 -0.126253 0.842993 0.241612 0.132137 -0.064346 -0.424370 -0.641450 -0.032918 -0.135711 0.543728 -0.266573 0.394128 -0.036493 -0.295347 -0.253820 -0.762385 0.222860 -0.100315 -0.587844 -0.532122 -0.110927 1.215526 0.544922 0.106164 -0.134513 -0.180996 0.052371 0.796010 0.142983 -0.177672 0.055940 -0.431963 -0.637854 -0.478950 -0.081457 -0.047454 1.230198 0.448101 -0.071635 0.290153 0.436133 2.224802 -0.136332 -0.374081 0.047605 -0.335685 1.260692 0.315678 1.917873 -0.149636 0.042418 -0.154373 -0.103187 -0.124993 -0.015363 -0.716653 1.856232 -0.079869 -0.193278 0.265510 0.824721 -0.791292 0.317908 -0.152949 0.381621 -1.097674 0.671482 0.200485 0.079728 -0.396119 0.976566 -0.744432 -0.095979 -0.629734 -1.595824 -0.105911 0.390877 -0.731735 0.327509 -0.939052 0.114783 0.125956 -0.812615 0.142167 0.452062 0.076428 0.166481 0.126783 0.185804 0.650884 0.512093 0.039773 0.202016
15 -0.665138 -0.109652 1.623508 -0.939466 -0.327117 0.078224 0.253909 0.313639 0.385104 0.513121 0.656431 0.046509 0.305390 0.150446 0.023236 -0.376992 -0.481665 1.629301 -0.060517 -0.887323 0.151392 1.574646 -0.180961 -0.339906 -0.042734 0.795636 -0.274862 -0.727520 1.378663 -0.300763 -0.063017 -1.106591 -0.535014 -0.233765 0.381741 1.217833 -1.535773 0.039572 0.025323 0.168745 0.560595 1.219692 -0.075206 -0.179091 -0.205535 -0.485281 -0.303226 -0.543251 0.029583 -0.350404 -0.185466 0.968809 0.069546 -0.063981 -1.143264 -0.440383 0.270626 0.044285 -0.702028 -1.909903 -0.062467 -0.467344 -1.680678 -0.101013 0.572287 -0.338336 -1.719341 0.179851 0.307942 0.517632 1.138985 -0.072965 0.216534 -1.438329 0.204282 0.759424 0.108723 0.095575 0.716360 -0.127469 0.832171 0.245721 0.134271 -0.060590 -0.425685 -0.633486 -0.039094 -0.137794 0.534150 -0.268772 0.395441 -0.036529 -0.298841 -0.251853 -0.753375 0.226183 -0.104520 -0.579755 -0.525149 -0.112209 1.206417 0.534079 0.107511 -0.137427 -0.174325 0.047674 0.785070 0.142404 -0.171159 0.055218 -0.433291 -0.630186 -0.477362 -0.076617 -0.045223 1.220966 0.449736 -0.071526 0.293006 0.428420 2.202572 -0.137984 -0.366440 0.042962 -0.327750 1.242918 0.308104 1.897686 -0.152143 0.044794 -0.156826 -0.105989 -0.119653 -0.018921 -0.707510 1.837431 -0.073208 -0.198015 0.258705 0.821408 -0.788344 0.320935 -0.146277 0.382977 -1.090486 0.670672 0.202743 0.085038 -0.397438 0.966195 -0.741478 -0.096031 -0.622122 -1.580339 -0.108537 0.383030 -0.721721 0.328233 -0.933932 0.115750 0.118435 -0.804601 0.134384 0.451264 0.068902 0.171611 0.127925 0.189687 0.640325 0.512448 0.037712 0.206634
16 -0.655768 -0.108835 1.634367 -0.951776 -0.302691 0.060225 0.231263 0.326295 0.395119 0.527184 0.650384 0.067283 0.309550 0.159950 0.001041 -0.398149 -0.456793 1.637948 -0.076348 -0.900515 0.160509 1.584049 -0.156888 -0.315386 -0.061436 0.790855 -0.250801 -0.734598 1.389768 -0.307189 -0.086905 -1.118208 -0.528782 -0.208170 0.392187 1.201693 -1.546228 0.062134 0.003073 0.190298 0.576903 1.230020 -0.067057 -0.153261 -0.216958 -0.503581 -0.314358 -0.555832 0.022072 -0.368507 -0.180494 0.981673 0.089040 -0.050515 -1.154950 -0.433196 0.268089 0.027371 -0.717089 -1.918647 -0.042003 -0.467645 -1.690846 -0.088470 0.587204 -0.348931 -1.728495 0.191714 0.319344 0.535831 1.149471 -0.080650 0.227389 -1.448266 0.223460 0.734136 0.105082 0.103173 0.706276 -0.136302 0.822820 0.267425 0.145062 -0.046543 -0.439026 -0.612233 -0.061094 -0.147463 0.509072 -0.281089 0.407273 -0.036734 -0.318224 -0.243700 -0.762313 0.238190 -0.128101 -0.574979 -0.501183 -0.118544 1.217099 0.533566 0.114506 -0.146577 -0.157862 0.029705 0.758847 0.142650 -0.146176 0.065907 -0.453910 -0.622385 -0.493545 -0.052436 -0.028220 1.231774 0.465206 -0.062029 0.310809 0.403941 2.210421 -0.147757 -0.351486 0.025626 -0.301243 1.230465 0.308987 1.906927 -0.164084 0.038795 -0.169760 -0.120926 -0.123529 -0.012999 -0.685144 1.846540 -0.047427 -0.221235 0.233293 0.834759 -0.806900 0.343366 -0.122111 0.399956 -1.101374 0.688428 0.209912 0.106014 -0.415409 0.947008 -0.758521 -0.108846 -0.615781 -1.590361 -0.119021 0.356465 -0.695050 0.337629 -0.945150 0.121884 0.095037 -0.816611 0.110426 0.462357 0.045617 0.192217 0.132389 0.209234 0.644394 0.531112 0.025220 0.226749
17 -0.664001 -0.108493 1.614241 -0.934846 -0.327654 0.078181 0.254230 0.312137 0.382880 0.510358 0.654270 0.045464 0.304514 0.149250 0.024844 -0.373994 -0.481494 1.619871 -0.061002 -0.882911 0.150360 1.565654 -0.182270 -0.340350 -0.041978 0.792846 -0.275720 -0.723898 1.371200 -0.299363 -0.060686 -1.101386 -0.533345 -0.235532 0.380442 1.212644 -1.527206 0.037663 0.026951 0.166736 0.557039 1.213694 -0.074715 -0.181142 -0.203816 -0.482876 -0.301584 -0.540875 0.029209 -0.347832 -0.185807 0.964222 0.068854 -0.064318 -1.137721 -0.439590 0.269904 0.044351 -0.697880 -1.898655 -0.062809 -0.466319 -1.670952 -0.100842 0.569844 -0.336995 -1.709423 0.178834 0.307097 0.514183 1.133571 -0.071981 0.215636 -1.430616 0.202690 0.757019 0.108193 0.094119 0.715013 -0.126868 0.829390 0.243250 0.134005 -0.061149 -0.424003 -0.630570 -0.037400 -0.136757 0.533614 -0.267795 0.393708 -0.036461 -0.296915 -0.250411 -0.750503 0.224446 -0.102148 -0.577931 -0.524407 -0.110849 1.200439 0.533110 0.106407 -0.136061 -0.173813 0.047320 0.782940 0.142114 -0.172685 0.055286 -0.430141 -0.629105 -0.474663 -0.078387 -0.045235 1.214847 0.447164 -0.071169 0.291448 0.428064 2.189221 -0.137471 -0.364714 0.042920 -0.329379 1.237914 0.307771 1.886300 -0.151707 0.044264 -0.156666 -0.105887 -0.119718 -0.018356 -0.704901 1.826440 -0.075759 -0.195993 0.260071 0.817232 -0.783567 0.318165 -0.147811 0.380861 -1.085442 0.666886 0.201484 0.083233 -0.394896 0.963426 -0.737066 -0.095726 -0.621184 -1.571528 -0.107724 0.384173 -0.720466 0.326981 -0.929834 0.114617 0.119930 -0.800609 0.135934 0.449359 0.070469 0.169637 0.127177 0.187877 0.638770 0.509275 0.037912 0.204815
18 -0.682634 -0.107609 1.616064 -0.924925 -0.362915 0.103577 0.287951 0.295919 0.369630 0.492659 0.668921 0.016349 0.299967 0.135877 0.057236 -0.346939 -0.519589 1.625992 -0.037516 -0.870958 0.137556 1.569655 -0.217863 -0.376107 -0.017581 0.808574 -0.309504 -0.723664 1.370079 -0.291316 -0.028171 -1.094167 -0.547530 -0.270765 0.371118 1.241361 -1.528758 0.005282 0.059445 0.136948 0.539323 1.209953 -0.082977 -0.217936 -0.187061 -0.459864 -0.286860 -0.525569 0.036157 -0.323756 -0.194668 0.953648 0.041342 -0.082247 -1.131120 -0.454071 0.277694 0.068893 -0.683256 -1.905832 -0.092218 -0.474097 -1.674039 -0.117315 0.552246 -0.323852 -1.714919 0.162300 0.293865 0.492558 1.128834 -0.061827 0.200973 -1.431016 0.175355 0.795977 0.110889 0.081528 0.734766 -0.115202 0.850330 0.213849 0.119161 -0.081319 -0.406903 -0.663310 -0.005748 -0.123385 0.572081 -0.251118 0.378419 -0.036214 -0.270703 -0.262100 -0.747725 0.207248 -0.070353 -0.590857 -0.559302 -0.102178 1.196061 0.543082 0.096868 -0.122607 -0.199523 0.073126 0.824142 0.142283 -0.208224 0.042912 -0.404521 -0.645285 -0.456759 -0.111492 -0.067714 1.210470 0.427289 -0.082756 0.267596 0.464226 2.200698 -0.124288 -0.389598 0.067885 -0.367934 1.268867 0.313188 1.894073 -0.135170 0.049590 -0.138930 -0.085454 -0.119537 -0.022570 -0.739991 1.833108 -0.112228 -0.164139 0.296395 0.804430 -0.764346 0.288818 -0.182514 0.359464 -1.079024 0.646643 0.190948 0.053535 -0.372381 0.995841 -0.719568 -0.080158 -0.635533 -1.573947 -0.092882 0.422786 -0.761311 0.315067 -0.921100 0.106450 0.154442 -0.793436 0.171280 0.436795 0.104818 0.140548 0.120846 0.161117 0.643005 0.486860 0.054770 0.176738
19 -0.672194 -0.107550 1.610803 -0.927998 -0.344590 0.090209 0.270351 0.303713 0.375543 0.500707 0.660139 0.031189 0.301930 0.142327 0.040900 -0.359787 -0.499414 1.618458 -0.050072 -0.875200 0.143780 1.563415 -0.199697 -0.357509 -0.030025 0.798925 -0.292136 -0.722092 1.367220 -0.294871 -0.044213 -1.095535 -0.539228 -0.252991 0.375360 1.223853 -1.523970 0.021485 0.043070 0.151685 0.547014 1.209142 -0.078413 -0.199476 -0.195057 -0.470803 -0.293804 -0.532445 0.032353 -0.335260 -0.190106 0.957070 0.055477 -0.072953 -1.132009 -0.446009 0.273213 0.056041 -0.689037 -1.896909 -0.076919 -0.469431 -1.667943 -0.108567 0.560309 -0.330080 -1.707482 0.170484 0.300363 0.502383 1.128809 -0.066698 0.208206 -1.427240 0.188978 0.774396 0.109217 0.087505 0.723641 -0.121009 0.837941 0.228190 0.126792 -0.070916 -0.415062 -0.644810 -0.021631 -0.129912 0.551565 -0.259383 0.385607 -0.036297 -0.283575 -0.255311 -0.747752 0.215470 -0.085988 -0.583140 -0.540596 -0.106107 1.195586 0.537269 0.101366 -0.129049 -0.185749 0.059433 0.801514 0.142082 -0.190207 0.049416 -0.416546 -0.636171 -0.464930 -0.094901 -0.055934 1.209942 0.436563 -0.076548 0.279383 0.445069 2.188572 -0.130927 -0.375694 0.054748 -0.348344 1.250187 0.310097 1.884764 -0.143616 0.046559 -0.148122 -0.096117 -0.119606 -0.020121 -0.720398 1.824584 -0.094167 -0.179938 0.277876 0.809239 -0.772212 0.302941 -0.164937 0.369691 -1.080043 0.655491 0.195907 0.068350 -0.383012 0.977464 -0.726743 -0.088174 -0.627442 -1.568625 -0.100284 0.402956 -0.739241 0.320684 -0.923766 0.110207 0.136943 -0.795314 0.153336 0.442470 0.087445 0.154937 0.123817 0.174369 0.639923 0.497147 0.045984 0.190652
20 -0.693899 -0.108104 1.571105 -0.890932 -0.405464 0.134658 0.326582 0.270078 0.347390 0.461825 0.671973 -0.021499 0.290089 0.116859 0.097798 -0.303605 -0.560226 1.584064 -0.011780 -0.836261 0.119514 1.527718 -0.260720 -0.418575 0.017355 0.806567 -0.352826 -0.698923 1.329409 -0.276666 0.017958 -1.059392 -0.552208 -0.318524 0.347106 1.256677 -1.486264 -0.036602 0.100168 0.095640 0.501569 1.175175 -0.098346 -0.265906 -0.164207 -0.422375 -0.263705 -0.497763 0.051007 -0.286819 -0.203024 0.918721 0.006353 -0.106923 -1.095234 -0.462599 0.278249 0.097910 -0.645855 -1.859905 -0.127868 -0.466401 -1.629399 -0.139592 0.519908 -0.301668 -1.671251 0.139549 0.270661 0.452580 1.095171 -0.045892 0.179832 -1.391949 0.139358 0.833298 0.117613 0.066460 0.746825 -0.098027 0.857203 0.171399 0.099552 -0.106468 -0.379576 -0.693212 0.034974 -0.104271 0.612392 -0.227364 0.353636 -0.035629 -0.233014 -0.273656 -0.720914 0.183126 -0.024426 -0.592201 -0.598636 -0.088102 1.160696 0.536366 0.082128 -0.104241 -0.225568 0.103380 0.863143 0.140895 -0.253902 0.022587 -0.361431 -0.654029 -0.420990 -0.157084 -0.098114 1.174635 0.394497 -0.099784 0.233071 0.504957 2.151101 -0.105788 -0.410112 0.097489 -0.415825 1.274097 0.306662 1.846325 -0.113379 0.061110 -0.115806 -0.059053 -0.109424 -0.034639 -0.772045 1.787046 -0.161080 -0.119836 0.342387 0.770273 -0.719907 0.243659 -0.226632 0.324786 -1.045876 0.606483 0.176104 0.014067 -0.335101 1.021053 -0.678542 -0.055643 -0.641813 -1.531726 -0.072961 0.469936 -0.803192 0.295328 -0.890017 0.093043 0.196685 -0.759621 0.214298 0.412069 0.146925 0.101302 0.111437 0.123618 0.626683 0.446769 0.077271 0.138396
21 -0.677395 -0.109021 1.591540 -0.912739 -0.364860 0.105651 0.288727 0.291533 0.365771 0.486807 0.661873 0.013206 0.297203 0.133660 0.059492 -0.339975 -0.518787 1.600575 -0.037083 -0.859626 0.135450 1.545420 -0.219452 -0.377728 -0.012895 0.797991 -0.312762 -0.710229 1.349303 -0.288217 -0.023000 -1.079938 -0.541602 -0.275252 0.363142 1.233750 -1.505581 0.002359 0.061716 0.132646 0.529725 1.193753 -0.087076 -0.221385 -0.184993 -0.453341 -0.283180 -0.519711 0.040793 -0.318468 -0.193620 0.941314 0.038646 -0.085142 -1.115974 -0.449855 0.273120 0.070238 -0.672057 -1.878110 -0.094154 -0.464486 -1.649110 -0.120004 0.545202 -0.319525 -1.689067 0.159829 0.288734 0.484196 1.113710 -0.059277 0.198123 -1.410269 0.172315 0.793639 0.113377 0.081307 0.729360 -0.112668 0.841702 0.208775 0.117100 -0.082901 -0.402244 -0.660958 -0.002920 -0.121038 0.570995 -0.248062 0.374122 -0.036032 -0.266037 -0.262039 -0.734323 0.204716 -0.064825 -0.583772 -0.560103 -0.099938 1.179936 0.532566 0.094668 -0.120915 -0.198531 0.074626 0.821195 0.141344 -0.211430 0.038654 -0.396814 -0.640124 -0.448083 -0.116178 -0.071293 1.194125 0.421643 -0.085593 0.263059 0.464916 2.168895 -0.121899 -0.386349 0.069380 -0.370315 1.253609 0.305580 1.864934 -0.132991 0.053348 -0.136556 -0.082894 -0.113362 -0.027451 -0.737188 1.805557 -0.116209 -0.159367 0.299310 0.793917 -0.752230 0.282209 -0.185356 0.353441 -1.065157 0.637304 0.189352 0.050186 -0.365753 0.990615 -0.708210 -0.075638 -0.630003 -1.550496 -0.090918 0.424929 -0.759888 0.311349 -0.909599 0.104169 0.156311 -0.779307 0.173003 0.430803 0.106694 0.136950 0.119586 0.156937 0.630659 0.478769 0.057142 0.172897
22 -0.663824 -0.107880 1.622415 -0.939586 -0.323568 0.075279 0.250864 0.314766 0.384968 0.513651 0.655206 0.049119 0.305549 0.150916 0.021150 -0.378700 -0.478092 1.628165 -0.062914 -0.887548 0.151907 1.573644 -0.178403 -0.336383 -0.045744 0.794963 -0.271295 -0.728466 1.378343 -0.300780 -0.065513 -1.106523 -0.534022 -0.230370 0.383891 1.212214 -1.534931 0.041596 0.023242 0.170844 0.561877 1.219254 -0.072360 -0.176338 -0.205654 -0.486776 -0.303798 -0.543759 0.026836 -0.351680 -0.185283 0.969030 0.072105 -0.061589 -1.143151 -0.439599 0.270816 0.041872 -0.702955 -1.907556 -0.059565 -0.468860 -1.679213 -0.098349 0.573393 -0.339268 -1.717848 0.180856 0.309719 0.518973 1.138848 -0.073618 0.217554 -1.437531 0.205896 0.754062 0.106807 0.095001 0.714775 -0.128508 0.830310 0.247537 0.135745 -0.058704 -0.426709 -0.628330 -0.041178 -0.138502 0.530252 -0.269964 0.396118 -0.036469 -0.300600 -0.249349 -0.755173 0.226504 -0.107017 -0.579088 -0.520653 -0.112204 1.206035 0.535771 0.107809 -0.137549 -0.171982 0.044728 0.780037 0.142296 -0.168170 0.057846 -0.434984 -0.629133 -0.479201 -0.073603 -0.042032 1.220542 0.450632 -0.069137 0.294834 0.424421 2.199241 -0.139152 -0.363680 0.040347 -0.324723 1.240377 0.309875 1.895738 -0.153632 0.042338 -0.158696 -0.108323 -0.121953 -0.016158 -0.702573 1.835415 -0.070866 -0.200356 0.255498 0.821718 -0.789188 0.322966 -0.143553 0.384473 -1.090369 0.671529 0.202615 0.087006 -0.398876 0.961865 -0.742383 -0.098610 -0.621489 -1.579331 -0.109459 0.379599 -0.716943 0.328883 -0.934129 0.115934 0.116114 -0.806035 0.132038 0.452200 0.066733 0.173315 0.127954 0.191592 0.642448 0.513783 0.035524 0.208422
23 -0.658858 -0.108136 1.631743 -0.948282 -0.309360 0.064985 0.237673 0.322623 0.391685 0.522795 0.652449 0.061470 0.308252 0.156886 0.007677 -0.392053 -0.463809 1.636153 -0.071929 -0.896702 0.157591 1.581961 -0.163972 -0.322122 -0.056668 0.792995 -0.257242 -0.733466 1.387160 -0.305037 -0.080130 -1.115032 -0.530956 -0.215106 0.390050 1.205160 -1.543768 0.055401 0.009732 0.184048 0.572437 1.227254 -0.068274 -0.160695 -0.213030 -0.498300 -0.310880 -0.551981 0.023093 -0.363089 -0.182284 0.978062 0.083598 -0.053909 -1.151808 -0.435675 0.269418 0.032082 -0.712991 -1.916400 -0.047656 -0.468901 -1.688315 -0.091431 0.582929 -0.345871 -1.726379 0.188122 0.316493 0.530651 1.146714 -0.078348 0.224180 -1.445812 0.217668 0.740527 0.105219 0.100095 0.709489 -0.133791 0.825893 0.261044 0.142057 -0.050491 -0.435089 -0.617334 -0.054564 -0.144473 0.516005 -0.277470 0.403640 -0.036625 -0.312563 -0.245392 -0.760915 0.234191 -0.121449 -0.576862 -0.507301 -0.116354 1.214234 0.535286 0.112232 -0.143415 -0.162608 0.034516 0.765775 0.142498 -0.153229 0.063671 -0.448047 -0.625028 -0.489331 -0.059086 -0.032393 1.228860 0.460512 -0.064014 0.305712 0.410502 2.208342 -0.144968 -0.355657 0.030369 -0.308842 1.234847 0.310021 1.904819 -0.160704 0.039470 -0.166219 -0.116940 -0.123683 -0.013449 -0.690772 1.844319 -0.055008 -0.214553 0.240400 0.830872 -0.801666 0.336949 -0.129048 0.395093 -1.098387 0.683245 0.207299 0.099815 -0.410229 0.951992 -0.753769 -0.105855 -0.618124 -1.587988 -0.115824 0.363906 -0.702131 0.334794 -0.942014 0.119870 0.102000 -0.814044 0.117562 0.459260 0.052609 0.186028 0.130828 0.203564 0.644787 0.525764 0.028406 0.220778
24 -0.660527 -0.107925 1.639123 -0.952015 -0.309148 0.064601 0.237709 0.323952 0.393011 0.524662 0.654673 0.062211 0.309189 0.157626 0.007150 -0.393993 -0.464430 1.643736 -0.071901 -0.900179 0.158289 1.589211 -0.163726 -0.321970 -0.057819 0.796216 -0.256592 -0.737435 1.393356 -0.306100 -0.081472 -1.119380 -0.532813 -0.214122 0.392338 1.208017 -1.550714 0.056107 0.009192 0.185220 0.575261 1.232184 -0.067307 -0.159935 -0.213779 -0.500172 -0.312067 -0.553853 0.021929 -0.364674 -0.182579 0.981829 0.084242 -0.053236 -1.156424 -0.437003 0.270754 0.031850 -0.716316 -1.924791 -0.047306 -0.471698 -1.695827 -0.090854 0.585049 -0.347219 -1.734132 0.188879 0.317964 0.533094 1.151314 -0.079148 0.225066 -1.452066 0.218546 0.741792 0.104719 0.100348 0.711238 -0.134546 0.828613 0.262424 0.142636 -0.050158 -0.436524 -0.618542 -0.055279 -0.145218 0.516744 -0.278406 0.405021 -0.036711 -0.313892 -0.245645 -0.764847 0.235063 -0.122922 -0.579046 -0.507542 -0.117142 1.219152 0.538313 0.112973 -0.144034 -0.163078 0.034276 0.767158 0.142842 -0.152543 0.064774 -0.450214 -0.626661 -0.491815 -0.057949 -0.031595 1.233828 0.462271 -0.063370 0.307025 0.410673 2.217977 -0.145673 -0.356850 0.030119 -0.308441 1.239522 0.312189 1.913565 -0.161310 0.038568 -0.166846 -0.117538 -0.125346 -0.012215 -0.692070 1.852606 -0.054056 -0.215825 0.239840 0.834089 -0.805215 0.338807 -0.128433 0.396824 -1.102642 0.686005 0.207931 0.100703 -0.412136 0.953989 -0.757112 -0.107047 -0.619839 -1.595015 -0.116438 0.363622 -0.703050 0.335998 -0.945565 0.120642 0.101611 -0.818184 0.117274 0.461091 0.052207 0.187041 0.131308 0.204705 0.648383 0.528088 0.027875 0.221866
25 -0.671212 -0.109501 1.609419 -0.927213 -0.345322 0.091546 0.270739 0.303107 0.376030 0.500784 0.659371 0.030539 0.301524 0.142445 0.040552 -0.359515 -0.499662 1.616872 -0.049073 -0.874571 0.143782 1.561886 -0.199403 -0.358193 -0.028353 0.797177 -0.293125 -0.719682 1.365592 -0.294865 -0.043978 -1.094456 -0.538441 -0.253579 0.372910 1.226316 -1.522457 0.021851 0.042711 0.151533 0.546196 1.208032 -0.081012 -0.199254 -0.195795 -0.470125 -0.293709 -0.532142 0.035063 -0.335324 -0.189353 0.956177 0.054671 -0.074163 -1.130868 -0.445075 0.271955 0.056881 -0.688163 -1.896249 -0.077780 -0.466091 -1.666885 -0.110220 0.559480 -0.329373 -1.706223 0.170251 0.298719 0.501997 1.127557 -0.066443 0.207692 -1.425913 0.188992 0.776385 0.111021 0.088867 0.722829 -0.120342 0.837186 0.228197 0.125944 -0.071287 -0.414530 -0.647281 -0.021813 -0.129788 0.552080 -0.258828 0.385317 -0.036273 -0.283213 -0.257004 -0.744563 0.215994 -0.085635 -0.581958 -0.542208 -0.106437 1.194488 0.533471 0.101422 -0.129599 -0.186145 0.060831 0.802928 0.141966 -0.190440 0.047178 -0.416091 -0.635130 -0.463609 -0.095542 -0.057885 1.208893 0.436502 -0.078428 0.278693 0.446195 2.188347 -0.130219 -0.376353 0.055795 -0.348117 1.248845 0.306911 1.883584 -0.142884 0.048996 -0.146986 -0.094787 -0.116599 -0.023129 -0.722341 1.823715 -0.093631 -0.179573 0.278168 0.808733 -0.771540 0.302558 -0.164983 0.368934 -1.078967 0.655039 0.196418 0.068428 -0.382423 0.978436 -0.726028 -0.086191 -0.626047 -1.567248 -0.100074 0.403153 -0.740427 0.320186 -0.922745 0.110274 0.136560 -0.792956 0.152837 0.441594 0.086979 0.155089 0.123965 0.174099 0.635839 0.496581 0.047080 0.190525
26 -0.662091 -0.108790 1.602604 -0.928733 -0.329410 0.079700 0.255490 0.309617 0.380495 0.506936 0.651375 0.043188 0.303073 0.147769 0.026913 -0.369881 -0.482096 1.608002 -0.060185 -0.877129 0.148959 1.554270 -0.184078 -0.341993 -0.039302 0.788457 -0.278038 -0.717836 1.361354 -0.297584 -0.057334 -1.094426 -0.530996 -0.238543 0.376710 1.209305 -1.516236 0.035270 0.029029 0.163824 0.551999 1.205871 -0.076455 -0.183832 -0.202181 -0.479149 -0.299362 -0.537564 0.031156 -0.344527 -0.185643 0.958050 0.066843 -0.066016 -1.130361 -0.438086 0.268126 0.045589 -0.692159 -1.885527 -0.064465 -0.462465 -1.659123 -0.102331 0.566016 -0.334588 -1.697254 0.177185 0.304468 0.509539 1.126269 -0.070524 0.213883 -1.420749 0.200379 0.756585 0.109124 0.093391 0.713026 -0.125414 0.825908 0.239939 0.132691 -0.062442 -0.421273 -0.629920 -0.035098 -0.135258 0.534058 -0.265882 0.391178 -0.036379 -0.293921 -0.250405 -0.744443 0.222615 -0.098650 -0.575053 -0.525422 -0.109477 1.192643 0.528958 0.105071 -0.134753 -0.174053 0.048586 0.782388 0.141643 -0.175168 0.053242 -0.425750 -0.627178 -0.470145 -0.081445 -0.047279 1.206932 0.443813 -0.072529 0.288623 0.429192 2.174186 -0.136038 -0.363807 0.044214 -0.331585 1.231646 0.304799 1.872607 -0.150259 0.045799 -0.155148 -0.104252 -0.117260 -0.020289 -0.704181 1.813435 -0.078746 -0.192844 0.262415 0.811800 -0.777300 0.314203 -0.150139 0.377451 -1.078666 0.661858 0.200287 0.080742 -0.391142 0.961598 -0.731193 -0.093408 -0.619082 -1.560441 -0.106377 0.386202 -0.720653 0.324863 -0.924119 0.113283 0.121865 -0.793947 0.137818 0.446197 0.072415 0.167007 0.126348 0.185098 0.633595 0.504814 0.039358 0.202137
27 -0.681458 -0.109016 1.582251 -0.905001 -0.376741 0.114051 0.299586 0.285075 0.360272 0.479054 0.663807 0.002931 0.295027 0.128822 0.070692 -0.328705 -0.530541 1.592147 -0.030047 -0.851559 0.130884 1.536882 -0.231458 -0.389597 -0.003754 0.798995 -0.324667 -0.705267 1.340725 -0.284746 -0.010585 -1.072312 -0.543798 -0.288410 0.357630 1.239283 -1.496806 -0.009148 0.072951 0.121577 0.520389 1.186353 -0.090859 -0.234687 -0.179055 -0.443901 -0.277400 -0.512957 0.044308 -0.308788 -0.196162 0.933360 0.029189 -0.091754 -1.108150 -0.452935 0.273912 0.078118 -0.663059 -1.868877 -0.103930 -0.463838 -1.639915 -0.125931 0.537324 -0.314124 -1.680233 0.153971 0.283146 0.473996 1.106492 -0.055301 0.192812 -1.402176 0.162714 0.804569 0.115046 0.077258 0.733678 -0.108403 0.844914 0.197480 0.112071 -0.089856 -0.395421 -0.669690 0.008205 -0.116176 0.582709 -0.242029 0.367996 -0.035970 -0.256165 -0.265247 -0.728817 0.198483 -0.052528 -0.585225 -0.571226 -0.096447 1.172366 0.532321 0.090999 -0.116170 -0.205964 0.082780 0.832679 0.141139 -0.224039 0.033597 -0.385731 -0.643468 -0.439194 -0.128517 -0.079286 1.186428 0.413284 -0.089921 0.254110 0.476372 2.159086 -0.117258 -0.392562 0.077407 -0.383762 1.257182 0.304961 1.855345 -0.127346 0.056079 -0.130613 -0.075992 -0.111438 -0.030118 -0.746614 1.796221 -0.129665 -0.147579 0.312096 0.785844 -0.741517 0.270417 -0.197547 0.344740 -1.057951 0.627475 0.185613 0.039486 -0.356355 0.998666 -0.698268 -0.069441 -0.632725 -1.541797 -0.085782 0.438181 -0.772053 0.306585 -0.902672 0.100884 0.168069 -0.771801 0.185047 0.424883 0.118378 0.126426 0.117274 0.146945 0.628045 0.468730 0.063184 0.162720
28 -0.686399 -0.108426 1.581350 -0.901440 -0.386301 0.120960 0.308761 0.280225 0.356014 0.473623 0.667466 -0.005096 0.293444 0.124713 0.079770 -0.320882 -0.540747 1.592470 -0.023699 -0.847476 0.126961 1.536655 -0.241298 -0.399295 0.002984 0.802877 -0.333876 -0.704537 1.339293 -0.282074 -0.001433 -1.069374 -0.547441 -0.298029 0.354844 1.246032 -1.495943 -0.018234 0.082072 0.113140 0.515018 1.184285 -0.092921 -0.244892 -0.173909 -0.437088 -0.272871 -0.508179 0.046075 -0.301777 -0.198729 0.929616 0.021608 -0.096622 -1.105338 -0.456791 0.275995 0.084871 -0.658419 -1.869153 -0.111952 -0.465775 -1.639290 -0.130325 0.531952 -0.310120 -1.680283 0.149087 0.279275 0.467623 1.104233 -0.052150 0.188448 -1.401078 0.154889 0.814628 0.115506 0.073272 0.738866 -0.104914 0.850232 0.189093 0.107833 -0.095389 -0.390322 -0.678008 0.017116 -0.112127 0.592911 -0.237138 0.363307 -0.035815 -0.248641 -0.268192 -0.727567 0.193230 -0.043566 -0.588478 -0.580440 -0.093589 1.170111 0.534909 0.087962 -0.111992 -0.212892 0.089811 0.843435 0.141070 -0.233845 0.030251 -0.378268 -0.647734 -0.433937 -0.137708 -0.085383 1.184176 0.407328 -0.093004 0.247264 0.486068 2.160273 -0.113370 -0.399017 0.084237 -0.394362 1.265003 0.306378 1.855828 -0.122640 0.057345 -0.125607 -0.070324 -0.111455 -0.031125 -0.755651 1.796435 -0.139899 -0.138534 0.322047 0.781599 -0.735411 0.261946 -0.207160 0.338380 -1.055246 0.621189 0.182237 0.031093 -0.349651 1.006865 -0.692765 -0.065151 -0.636510 -1.541148 -0.081378 0.448705 -0.782815 0.302884 -0.899458 0.098218 0.177691 -0.769239 0.194863 0.420991 0.127991 0.118114 0.115219 0.139369 0.628895 0.462004 0.067755 0.154677
29 -0.663905 -0.108534 1.606629 -0.929997 -0.331103 0.080922 0.257307 0.309209 0.380194 0.506753 0.653252 0.042003 0.303102 0.147195 0.028397 -0.369427 -0.484328 1.612514 -0.058839 -0.878144 0.148403 1.558428 -0.185817 -0.343811 -0.038523 0.790915 -0.279501 -0.719772 1.364601 -0.297465 -0.056276 -1.096132 -0.532685 -0.239768 0.377242 1.212159 -1.520040 0.033927 0.030531 0.162734 0.552465 1.208154 -0.076366 -0.185320 -0.201408 -0.478721 -0.298926 -0.537412 0.030949 -0.343940 -0.186298 0.959273 0.065632 -0.066612 -1.132246 -0.439514 0.269251 0.046880 -0.693063 -1.890492 -0.065891 -0.464189 -1.663340 -0.102894 0.565935 -0.334323 -1.701801 0.176469 0.304320 0.509650 1.128294 -0.070197 0.213301 -1.424074 0.199185 0.759228 0.108866 0.092633 0.714934 -0.124974 0.828414 0.239060 0.132004 -0.063315 -0.420860 -0.632279 -0.033707 -0.134711 0.536365 -0.265230 0.390789 -0.036338 -0.293057 -0.251161 -0.746177 0.221880 -0.097668 -0.576822 -0.527311 -0.109201 1.194852 0.530944 0.104733 -0.134125 -0.175707 0.049971 0.785267 0.141798 -0.176677 0.053064 -0.425478 -0.628833 -0.470445 -0.082635 -0.048128 1.209212 0.443470 -0.072875 0.287828 0.431220 2.180142 -0.135482 -0.365753 0.045499 -0.333341 1.235821 0.306092 1.877836 -0.149511 0.045590 -0.154338 -0.103363 -0.118068 -0.019902 -0.706755 1.818366 -0.080124 -0.191682 0.263989 0.812672 -0.778006 0.313465 -0.151661 0.377010 -1.080361 0.662043 0.199809 0.079552 -0.390757 0.964237 -0.731932 -0.093096 -0.620669 -1.564383 -0.105680 0.388013 -0.723232 0.324561 -0.925279 0.113033 0.123534 -0.795651 0.139494 0.446245 0.074083 0.165843 0.126068 0.184198 0.635473 0.504707 0.039974 0.201034
30 -0.666477 -0.107780 1.618527 -0.935721 -0.330384 0.080184 0.257195 0.311096 0.381836 0.509382 0.656756 0.043270 0.304305 0.148070 0.027567 -0.372516 -0.484988 1.624918 -0.058672 -0.883444 0.149207 1.570220 -0.185305 -0.343240 -0.040580 0.796175 -0.278062 -0.726286 1.374621 -0.298794 -0.058591 -1.102831 -0.535675 -0.237683 0.381035 1.215950 -1.531257 0.035065 0.029686 0.164595 0.556999 1.215846 -0.074356 -0.183817 -0.202157 -0.481494 -0.300478 -0.539986 0.028670 -0.346310 -0.186829 0.965038 0.066664 -0.065294 -1.139408 -0.441640 0.271573 0.046526 -0.698377 -1.903999 -0.065231 -0.468949 -1.675449 -0.101692 0.569038 -0.336198 -1.714381 0.177424 0.306584 0.513552 1.135465 -0.071324 0.214441 -1.434072 0.200343 0.760661 0.107585 0.092534 0.717590 -0.126006 0.832734 0.241226 0.132769 -0.062672 -0.422839 -0.633705 -0.034816 -0.135656 0.537144 -0.266450 0.392617 -0.036397 -0.295010 -0.251309 -0.752644 0.222861 -0.100179 -0.580351 -0.527121 -0.110183 1.202519 0.536153 0.105670 -0.134739 -0.176485 0.049577 0.787002 0.142208 -0.175315 0.055052 -0.428947 -0.631353 -0.474512 -0.080523 -0.046610 1.216981 0.446002 -0.071588 0.289741 0.431133 2.195689 -0.136409 -0.367602 0.045084 -0.332350 1.243499 0.309864 1.892076 -0.150312 0.043740 -0.155177 -0.104282 -0.121134 -0.017496 -0.708373 1.831808 -0.078400 -0.193683 0.262743 0.817587 -0.783582 0.316419 -0.150490 0.379577 -1.086891 0.666225 0.200380 0.080928 -0.393636 0.966877 -0.737229 -0.095162 -0.623348 -1.575748 -0.106421 0.387149 -0.724163 0.326132 -0.930644 0.114029 0.122871 -0.802460 0.138936 0.448951 0.073457 0.167307 0.126569 0.185964 0.641494 0.508300 0.038939 0.202595
31 -0.660907 -0.109444 1.595764 -0.925401 -0.330370 0.080566 0.256050 0.308295 0.379464 0.505297 0.649599 0.042079 0.302295 0.147062 0.027713 -0.367889 -0.482264 1.600970 -0.059925 -0.874036 0.148300 1.547546 -0.184772 -0.342910 -0.037648 0.785595 -0.279480 -0.713967 1.355597 -0.296726 -0.055640 -1.090632 -0.529486 -0.240248 0.374171 1.208067 -1.509795 0.034333 0.029854 0.162412 0.549210 1.201501 -0.078042 -0.185113 -0.201600 -0.477325 -0.298280 -0.535929 0.032904 -0.342981 -0.185437 0.954746 0.065856 -0.067158 -1.126321 -0.437043 0.266803 0.046199 -0.688963 -1.878016 -0.065304 -0.459474 -1.652279 -0.103450 0.564035 -0.333288 -1.690151 0.176381 0.302862 0.507142 1.122166 -0.069653 0.212977 -1.415026 0.199419 0.756612 0.110099 0.093403 0.711836 -0.124560 0.823811 0.238442 0.131953 -0.063129 -0.419930 -0.629955 -0.034116 -0.134488 0.534232 -0.264918 0.389933 -0.036321 -0.292532 -0.250741 -0.740393 0.221872 -0.096823 -0.573169 -0.526240 -0.108776 1.188293 0.525729 0.104362 -0.134251 -0.173980 0.049279 0.782221 0.141423 -0.176417 0.051676 -0.423542 -0.625972 -0.467553 -0.083161 -0.048646 1.202518 0.442186 -0.073675 0.287235 0.429903 2.165676 -0.135233 -0.363184 0.044850 -0.332619 1.227794 0.302334 1.864586 -0.149514 0.047225 -0.154343 -0.103355 -0.115143 -0.022111 -0.704110 1.805930 -0.080066 -0.191361 0.263638 0.808905 -0.774033 0.312192 -0.151252 0.375726 -1.074937 0.659344 0.199861 0.079653 -0.389257 0.960822 -0.728076 -0.091802 -0.617703 -1.553964 -0.105692 0.387240 -0.720892 0.323760 -0.920998 0.112556 0.122632 -0.789790 0.138473 0.444449 0.073114 0.165873 0.125959 0.183815 0.629768 0.502560 0.040298 0.200925
32 -0.663986 -0.109144 1.634554 -0.946702 -0.319467 0.072612 0.247189 0.318470 0.389098 0.518893 0.656896 0.053363 0.307259 0.153766 0.016118 -0.385235 -0.474747 1.639987 -0.064867 -0.894550 0.154522 1.585148 -0.173466 -0.332298 -0.049421 0.797524 -0.266840 -0.733582 1.388424 -0.303422 -0.071599 -1.114230 -0.535093 -0.224792 0.386940 1.215861 -1.546196 0.047008 0.018171 0.176316 0.568255 1.227650 -0.071829 -0.170382 -0.209400 -0.492376 -0.307438 -0.548538 0.026244 -0.357247 -0.184285 0.976207 0.075824 -0.059320 -1.151241 -0.439569 0.271260 0.039204 -0.709822 -1.921496 -0.056124 -0.470111 -1.691684 -0.096771 0.578560 -0.342520 -1.730346 0.183887 0.312517 0.525474 1.146605 -0.075887 0.220344 -1.447767 0.210655 0.753101 0.107003 0.097799 0.715066 -0.130602 0.832242 0.253540 0.137783 -0.056102 -0.430779 -0.628431 -0.046325 -0.141183 0.527254 -0.273062 0.400004 -0.036620 -0.305745 -0.249805 -0.759822 0.230354 -0.113122 -0.580552 -0.518070 -0.114690 1.214459 0.536860 0.110119 -0.140504 -0.170066 0.042332 0.778597 0.142629 -0.162860 0.059338 -0.441610 -0.629441 -0.484603 -0.068088 -0.039446 1.229128 0.455867 -0.068101 0.299366 0.421213 2.215368 -0.141312 -0.363371 0.037741 -0.319152 1.244320 0.310410 1.909891 -0.156041 0.042145 -0.160965 -0.110768 -0.122402 -0.016016 -0.702166 1.849064 -0.064346 -0.206114 0.250341 0.828440 -0.797427 0.329458 -0.138336 0.389536 -1.097796 0.678585 0.205170 0.092108 -0.404539 0.962346 -0.749898 -0.100855 -0.621853 -1.590748 -0.112021 0.374547 -0.714521 0.331875 -0.940548 0.118154 0.111044 -0.812325 0.126879 0.456141 0.061571 0.178645 0.129519 0.196534 0.644916 0.520239 0.033514 0.213546
33 -0.691188 -0.108958 1.560614 -0.886030 -0.405675 0.135196 0.326302 0.268495 0.346128 0.459823 0.668661 -0.022277 0.288982 0.116196 0.098002 -0.301269 -0.559182 1.573191 -0.011918 -0.831784 0.118880 1.517358 -0.260612 -0.418683 0.019058 0.801651 -0.353691 -0.693127 1.320602 -0.275556 0.019444 -1.053587 -0.549368 -0.319743 0.343694 1.253363 -1.476362 -0.037067 0.100389 0.094439 0.497918 1.168424 -0.100189 -0.266537 -0.163767 -0.420035 -0.262446 -0.495584 0.053117 -0.285196 -0.202284 0.913795 0.005689 -0.107892 -1.089032 -0.460431 0.276063 0.098121 -0.641472 -1.848153 -0.128213 -0.461838 -1.618826 -0.140567 0.517227 -0.300031 -1.660223 0.138786 0.268574 0.449607 1.088885 -0.044995 0.178843 -1.383128 0.138633 0.831908 0.118794 0.066827 0.744052 -0.097091 0.853116 0.169919 0.098840 -0.106736 -0.377902 -0.692043 0.035476 -0.103524 0.611299 -0.226320 0.352108 -0.035527 -0.231581 -0.273636 -0.715009 0.182470 -0.022748 -0.588857 -0.598540 -0.087396 1.154011 0.531334 0.081414 -0.103880 -0.224719 0.103709 0.861389 0.140550 -0.254547 0.020797 -0.358730 -0.651395 -0.417654 -0.158479 -0.099432 1.167850 0.392599 -0.101022 0.231592 0.504743 2.137640 -0.104932 -0.408390 0.097763 -0.415997 1.267009 0.302987 1.833866 -0.112672 0.062840 -0.115000 -0.058206 -0.106508 -0.036944 -0.770585 1.775365 -0.161870 -0.118484 0.342913 0.766167 -0.715234 0.241476 -0.227123 0.322609 -1.040182 0.602984 0.175736 0.013331 -0.332727 1.018423 -0.674172 -0.053844 -0.639010 -1.521732 -0.072380 0.470088 -0.802022 0.293941 -0.885353 0.092265 0.196704 -0.753636 0.214193 0.409724 0.146928 0.100421 0.111050 0.122438 0.620955 0.443807 0.078037 0.137342
34 -0.674993 -0.109099 1.604199 -0.921680 -0.354907 0.098513 0.279751 0.297743 0.371314 0.494557 0.661656 0.022222 0.299604 0.138196 0.049760 -0.350676 -0.509433 1.612692 -0.042880 -0.868676 0.139735 1.557388 -0.209247 -0.367855 -0.021102 0.799123 -0.302567 -0.716843 1.360560 -0.291851 -0.034194 -1.089170 -0.540907 -0.263706 0.369017 1.231326 -1.517528 0.012482 0.051959 0.142604 0.539358 1.203217 -0.083532 -0.209788 -0.190531 -0.462410 -0.288781 -0.526556 0.037360 -0.327622 -0.191594 0.950436 0.046889 -0.079282 -1.125539 -0.448052 0.273227 0.063594 -0.681755 -1.891535 -0.085860 -0.466543 -1.661844 -0.114804 0.553111 -0.324857 -1.701665 0.165177 0.294217 0.494354 1.122775 -0.063102 0.203081 -1.421200 0.180901 0.785637 0.111819 0.085054 0.726816 -0.116658 0.840748 0.219134 0.121574 -0.076872 -0.408833 -0.654809 -0.012677 -0.125574 0.561800 -0.253637 0.380119 -0.036112 -0.275124 -0.259695 -0.741237 0.210546 -0.075981 -0.583886 -0.551206 -0.103423 1.189521 0.534393 0.098242 -0.125367 -0.192659 0.067810 0.812760 0.141793 -0.200513 0.043379 -0.407480 -0.638293 -0.457064 -0.105254 -0.064294 1.203870 0.429797 -0.081782 0.271326 0.455657 2.183709 -0.126163 -0.382000 0.062603 -0.358851 1.253628 0.307199 1.878832 -0.138016 0.050695 -0.141824 -0.088941 -0.115776 -0.024706 -0.730490 1.818984 -0.104309 -0.169990 0.288333 0.802811 -0.763494 0.293207 -0.174807 0.361790 -1.073981 0.647325 0.192982 0.059716 -0.374819 0.985359 -0.718709 -0.081413 -0.628712 -1.562458 -0.095578 0.413744 -0.750552 0.316077 -0.917707 0.107437 0.146225 -0.788137 0.162707 0.436877 0.096654 0.146411 0.121845 0.166031 0.634818 0.488664 0.051839 0.182089
35 -0.658967 -0.108738 1.615170 -0.938014 -0.317807 0.071428 0.244990 0.316462 0.386429 0.515347 0.650565 0.053507 0.305591 0.152755 0.015782 -0.381754 -0.470990 1.619840 -0.066973 -0.886612 0.153660 1.566047 -0.172298 -0.330437 -0.048651 0.788993 -0.266221 -0.724439 1.372645 -0.301411 -0.070022 -1.103883 -0.529756 -0.225300 0.383056 1.205414 -1.528090 0.046801 0.017862 0.175117 0.562402 1.215402 -0.072416 -0.170545 -0.208262 -0.489167 -0.305483 -0.544972 0.027295 -0.354687 -0.183333 0.967554 0.076309 -0.059321 -1.140137 -0.435732 0.267969 0.037880 -0.702475 -1.898572 -0.054837 -0.464301 -1.671678 -0.096369 0.574624 -0.340408 -1.709581 0.183176 0.310508 0.520631 1.135453 -0.074687 0.219393 -1.431605 0.210096 0.746665 0.107308 0.097416 0.709697 -0.129836 0.824114 0.251576 0.137788 -0.055546 -0.428542 -0.622125 -0.046237 -0.140269 0.523052 -0.272133 0.397731 -0.036464 -0.304120 -0.247496 -0.751554 0.229037 -0.111283 -0.574671 -0.514810 -0.113177 1.202325 0.530506 0.108918 -0.139604 -0.167086 0.040629 0.771979 0.142001 -0.162607 0.058586 -0.437545 -0.624727 -0.479938 -0.068953 -0.039227 1.216774 0.452756 -0.068106 0.297897 0.418215 2.188431 -0.140802 -0.358374 0.036358 -0.318333 1.230450 0.306310 1.886157 -0.155977 0.042805 -0.161148 -0.111172 -0.119804 -0.017231 -0.695753 1.826525 -0.065206 -0.204869 0.249743 0.821177 -0.789368 0.326513 -0.138016 0.386661 -1.087669 0.672685 0.204174 0.091550 -0.401123 0.954801 -0.742434 -0.099910 -0.617258 -1.572277 -0.111592 0.373213 -0.709347 0.329994 -0.932505 0.116771 0.110263 -0.803148 0.125967 0.452760 0.060875 0.177698 0.128781 0.195342 0.637688 0.515634 0.033280 0.212511
36 -0.673174 -0.107424 1.637183 -0.942760 -0.334912 0.083673 0.262379 0.311089 0.382370 0.510576 0.664299 0.040454 0.305052 0.147214 0.031051 -0.373267 -0.491876 1.645012 -0.054209 -0.889570 0.148270 1.588995 -0.189744 -0.348112 -0.039208 0.806142 -0.281479 -0.735190 1.389695 -0.299368 -0.057218 -1.111772 -0.542323 -0.239976 0.384099 1.227803 -1.548728 0.032169 0.033175 0.162854 0.560949 1.226922 -0.073940 -0.186847 -0.200892 -0.482090 -0.300385 -0.541341 0.027748 -0.346226 -0.188829 0.972051 0.063573 -0.066722 -1.149184 -0.446874 0.275833 0.050234 -0.704041 -1.926557 -0.069167 -0.475742 -1.694851 -0.103323 0.570740 -0.336543 -1.734857 0.176097 0.307111 0.516158 1.145435 -0.071140 0.213506 -1.449442 0.197852 0.769802 0.106857 0.090812 0.724679 -0.125308 0.842683 0.240248 0.131103 -0.065088 -0.422913 -0.642233 -0.031784 -0.134801 0.544411 -0.265343 0.392756 -0.036407 -0.293841 -0.254305 -0.760612 0.221785 -0.099104 -0.587408 -0.532885 -0.110255 1.213441 0.543839 0.105421 -0.133645 -0.181954 0.053725 0.796731 0.142651 -0.178668 0.054911 -0.430418 -0.637513 -0.477448 -0.082539 -0.048715 1.228122 0.446678 -0.072360 0.288601 0.437072 2.222567 -0.135299 -0.374818 0.048864 -0.336447 1.260239 0.314810 1.915659 -0.148541 0.043039 -0.153069 -0.101861 -0.124210 -0.016117 -0.717348 1.854094 -0.080810 -0.191819 0.266424 0.823037 -0.789392 0.316432 -0.153959 0.379973 -1.095634 0.669660 0.199600 0.078532 -0.394473 0.976671 -0.742683 -0.094795 -0.629248 -1.593688 -0.104976 0.391687 -0.732418 0.326257 -0.937120 0.114100 0.126937 -0.810858 0.143091 0.450660 0.077454 0.165152 0.126226 0.184473 0.649290 0.510401 0.040554 0.200583
37 -0.656504 -0.107486 1.648610 -0.959738 -0.297002 0.056040 0.226747 0.330384 0.398244 0.532251 0.652815 0.072560 0.311309 0.162355 -0.003998 -0.405259 -0.452512 1.652475 -0.078890 -0.908210 0.162743 1.598014 -0.151711 -0.309869 -0.067238 0.795495 -0.244368 -0.742804 1.402168 -0.309414 -0.094016 -1.127027 -0.530735 -0.200664 0.398249 1.201858 -1.559697 0.067565 -0.001995 0.196312 0.584709 1.239614 -0.062962 -0.146507 -0.219448 -0.509585 -0.317723 -0.560442 0.017845 -0.374260 -0.180125 0.989784 0.093751 -0.046361 -1.164298 -0.434036 0.270214 0.023912 -0.725430 -1.934134 -0.037413 -0.472953 -1.705186 -0.084611 0.592888 -0.352582 -1.743185 0.194676 0.323698 0.543317 1.158592 -0.083141 0.230323 -1.460292 0.228001 0.730351 0.102605 0.104011 0.706929 -0.138845 0.825474 0.273680 0.147705 -0.043134 -0.443251 -0.609295 -0.066372 -0.150024 0.504816 -0.284392 0.411018 -0.036770 -0.323708 -0.242102 -0.770869 0.241078 -0.135359 -0.577771 -0.495942 -0.120525 1.226762 0.539243 0.116574 -0.148575 -0.155693 0.026002 0.755292 0.142989 -0.139778 0.070225 -0.461339 -0.623377 -0.500903 -0.045376 -0.023291 1.241561 0.470514 -0.058670 0.315940 0.398919 2.227868 -0.150329 -0.350638 0.022025 -0.294840 1.236197 0.313404 1.923409 -0.166959 0.035337 -0.172825 -0.124544 -0.127866 -0.008926 -0.682203 1.862128 -0.040544 -0.227653 0.226858 0.842130 -0.815991 0.350662 -0.116152 0.405523 -1.109855 0.695790 0.211430 0.111366 -0.421523 0.945592 -0.767129 -0.113561 -0.617235 -1.603926 -0.121529 0.350155 -0.690489 0.340668 -0.952477 0.123866 0.089872 -0.826092 0.105240 0.467019 0.040573 0.197457 0.133519 0.214674 0.651684 0.538133 0.021623 0.231958
38 -0.662955 -0.108026 1.623668 -0.940923 -0.321156 0.073555 0.248592 0.316017 0.386055 0.515139 0.654622 0.051234 0.305931 0.151856 0.018810 -0.380993 -0.475574 1.629205 -0.064546 -0.888983 0.152814 1.574747 -0.175890 -0.333996 -0.047493 0.794399 -0.269028 -0.728982 1.379591 -0.301432 -0.067951 -1.107817 -0.533388 -0.227850 0.384680 1.211056 -1.536143 0.044025 0.020913 0.173046 0.563536 1.220442 -0.071880 -0.173683 -0.206884 -0.488745 -0.304925 -0.545074 0.026455 -0.353577 -0.184792 0.970444 0.074064 -0.060384 -1.144451 -0.438858 0.270447 0.040198 -0.704514 -1.908764 -0.057528 -0.468490 -1.680463 -0.097279 0.574947 -0.340291 -1.719004 0.182038 0.310748 0.520901 1.140006 -0.074285 0.218608 -1.438688 0.207904 0.751743 0.106648 0.095884 0.713858 -0.129316 0.829449 0.249881 0.136766 -0.057328 -0.428088 -0.626486 -0.043470 -0.139437 0.527759 -0.271185 0.397318 -0.036471 -0.302633 -0.248741 -0.755786 0.227766 -0.109390 -0.578558 -0.518434 -0.112793 1.207239 0.535306 0.108456 -0.138502 -0.170306 0.042999 0.777588 0.142329 -0.165655 0.058646 -0.437195 -0.628400 -0.480798 -0.071234 -0.040493 1.221784 0.452240 -0.068410 0.296639 0.422092 2.200495 -0.140070 -0.362217 0.038633 -0.322025 1.239225 0.309562 1.896928 -0.154808 0.042044 -0.159957 -0.109790 -0.121954 -0.015971 -0.700614 1.836631 -0.068137 -0.202765 0.252963 0.823171 -0.791245 0.325275 -0.141100 0.386247 -1.091570 0.673495 0.203376 0.089195 -0.400770 0.960202 -0.744232 -0.099680 -0.620857 -1.580530 -0.110469 0.376945 -0.714434 0.329795 -0.935321 0.116488 0.113687 -0.807103 0.129479 0.453280 0.064272 0.175478 0.128377 0.193641 0.642404 0.515802 0.034376 0.210508
39 -0.657736 -0.107816 1.653344 -0.962020 -0.297207 0.056157 0.227028 0.330972 0.399053 0.533308 0.654271 0.072815 0.311703 0.162633 -0.004264 -0.406513 -0.453116 1.657388 -0.078745 -0.910335 0.163012 1.602680 -0.151645 -0.310170 -0.067494 0.797350 -0.244495 -0.744788 1.406091 -0.309961 -0.094636 -1.129742 -0.531914 -0.200392 0.398972 1.204636 -1.564162 0.068030 -0.002238 0.196833 0.586262 1.242770 -0.063128 -0.146197 -0.219897 -0.510720 -0.318295 -0.561488 0.017958 -0.375141 -0.180360 0.992106 0.093894 -0.046393 -1.167183 -0.434867 0.270834 0.024027 -0.727344 -1.939848 -0.037487 -0.473848 -1.710138 -0.084768 0.594067 -0.353156 -1.748318 0.194941 0.324205 0.544766 1.161447 -0.083329 0.230626 -1.464318 0.228450 0.731833 0.102722 0.104292 0.708256 -0.139016 0.827390 0.274565 0.147761 -0.043153 -0.443993 -0.610844 -0.066695 -0.150265 0.505573 -0.284730 0.411693 -0.036766 -0.324423 -0.242777 -0.772564 0.241538 -0.135991 -0.579045 -0.496697 -0.120827 1.229867 0.540268 0.116816 -0.148884 -0.156116 0.026219 0.756776 0.143176 -0.139613 0.070216 -0.462680 -0.624521 -0.502146 -0.045051 -0.023306 1.244747 0.471462 -0.058834 0.316535 0.399528 2.234635 -0.150484 -0.351597 0.022118 -0.294790 1.239434 0.313903 1.929219 -0.167101 0.035457 -0.172941 -0.124643 -0.128073 -0.009053 -0.683796 1.867723 -0.039977 -0.228280 0.226802 0.844090 -0.818294 0.351623 -0.115983 0.406485 -1.112482 0.697587 0.211770 0.111806 -0.422637 0.947477 -0.769213 -0.113693 -0.618316 -1.608498 -0.121662 0.350264 -0.691644 0.341185 -0.954577 0.124128 0.089761 -0.828188 0.105051 0.467903 0.040381 0.198002 0.133678 0.215286 0.652904 0.539595 0.021657 0.232497
40 -0.656027 -0.108048 1.636959 -0.953013 -0.301684 0.059455 0.230612 0.326863 0.395262 0.527768 0.650986 0.068077 0.309762 0.160134 0.000501 -0.399089 -0.456195 1.640706 -0.076559 -0.901667 0.160659 1.586663 -0.156279 -0.314397 -0.062632 0.792113 -0.249485 -0.736530 1.392052 -0.307354 -0.088039 -1.119614 -0.529360 -0.206723 0.393713 1.201058 -1.548683 0.062696 0.002514 0.191162 0.578273 1.231583 -0.065671 -0.152233 -0.216937 -0.504289 -0.314693 -0.556352 0.020625 -0.369262 -0.180574 0.982917 0.089743 -0.049565 -1.156484 -0.433576 0.268839 0.026889 -0.718543 -1.921297 -0.041288 -0.469432 -1.693381 -0.087494 0.587972 -0.349456 -1.731147 0.192017 0.320206 0.537002 1.151004 -0.081059 0.227743 -1.450389 0.223893 0.733200 0.104120 0.102771 0.706478 -0.136689 0.823481 0.268162 0.145453 -0.045975 -0.439525 -0.611342 -0.061717 -0.147737 0.508383 -0.281483 0.407675 -0.036718 -0.318894 -0.243114 -0.764446 0.238300 -0.129311 -0.575768 -0.499983 -0.118727 1.218699 0.535523 0.114731 -0.146576 -0.157706 0.029091 0.758081 0.142645 -0.145136 0.067118 -0.454969 -0.622695 -0.494936 -0.051148 -0.027115 1.233367 0.465885 -0.061063 0.311522 0.402961 2.213330 -0.148111 -0.351457 0.025091 -0.300250 1.231908 0.310585 1.909932 -0.164458 0.037566 -0.170186 -0.121485 -0.125084 -0.011506 -0.684313 1.849288 -0.046516 -0.222106 0.232191 0.835848 -0.808217 0.344464 -0.121218 0.400667 -1.102731 0.689349 0.209815 0.106676 -0.416204 0.946468 -0.759866 -0.109999 -0.616234 -1.592810 -0.119287 0.355394 -0.694080 0.337989 -0.946302 0.122116 0.094432 -0.818690 0.109900 0.463111 0.045117 0.192794 0.132435 0.209938 0.646609 0.532042 0.024443 0.227355
41 -0.657617 -0.108425 1.623845 -0.944053 -0.311007 0.066383 0.238916 0.320752 0.390030 0.520405 0.650559 0.059589 0.307289 0.155817 0.009399 -0.388913 -0.464674 1.628115 -0.071067 -0.892686 0.156570 1.574239 -0.165574 -0.323682 -0.054476 0.790055 -0.259227 -0.729239 1.380402 -0.303827 -0.077478 -1.110186 -0.529431 -0.217580 0.387382 1.203284 -1.536298 0.053441 0.011453 0.181762 0.568843 1.221878 -0.069616 -0.162920 -0.211853 -0.495445 -0.309274 -0.549609 0.024548 -0.360655 -0.182167 0.973740 0.081923 -0.055256 -1.146676 -0.434722 0.268225 0.033229 -0.708973 -1.907558 -0.049132 -0.466271 -1.680300 -0.092650 0.580107 -0.344121 -1.718144 0.186864 0.314510 0.527301 1.141678 -0.077313 0.222857 -1.439098 0.215832 0.740803 0.105978 0.099633 0.708221 -0.132695 0.823620 0.258462 0.141009 -0.051540 -0.433066 -0.617391 -0.052689 -0.143374 0.516779 -0.276020 0.401815 -0.036577 -0.310238 -0.245569 -0.756706 0.232869 -0.118726 -0.574960 -0.508489 -0.115442 1.208865 0.532413 0.111312 -0.142495 -0.163069 0.035740 0.765955 0.142247 -0.155319 0.062113 -0.444728 -0.623767 -0.486057 -0.061556 -0.034147 1.223417 0.458117 -0.065146 0.303526 0.411750 2.198239 -0.143862 -0.355333 0.031593 -0.310772 1.230681 0.307975 1.895574 -0.159535 0.040642 -0.164954 -0.115534 -0.121922 -0.014875 -0.690768 1.835540 -0.057435 -0.212026 0.242409 0.827111 -0.797066 0.333909 -0.131004 0.392474 -1.093702 0.679525 0.206502 0.097832 -0.407363 0.951116 -0.749527 -0.104084 -0.616727 -1.580461 -0.114809 0.365740 -0.702803 0.333274 -0.938050 0.118963 0.103644 -0.809389 0.119216 0.456982 0.054277 0.183959 0.130283 0.201392 0.641202 0.522402 0.029582 0.218674
42 -0.666802 -0.108475 1.601255 -0.925041 -0.339019 0.086680 0.264634 0.304752 0.376372 0.501572 0.654827 0.035153 0.301479 0.143738 0.035876 -0.362045 -0.492256 1.607834 -0.053854 -0.872948 0.145109 1.553584 -0.193815 -0.351730 -0.032399 0.791977 -0.287351 -0.716739 1.359523 -0.294982 -0.048168 -1.091302 -0.534432 -0.248239 0.373620 1.216217 -1.514942 0.026286 0.038040 0.155406 0.546512 1.203569 -0.078839 -0.193992 -0.197214 -0.472294 -0.294886 -0.532807 0.033259 -0.337581 -0.188066 0.954167 0.059251 -0.070994 -1.127336 -0.441741 0.269991 0.052353 -0.687374 -1.885387 -0.072515 -0.463913 -1.658087 -0.106873 0.560583 -0.330560 -1.696846 0.172334 0.300450 0.503130 1.123780 -0.067387 0.209529 -1.419292 0.192647 0.766805 0.109835 0.089686 0.718001 -0.121899 0.830973 0.231591 0.128412 -0.067953 -0.416172 -0.638452 -0.026270 -0.131251 0.544252 -0.260987 0.386523 -0.036217 -0.286422 -0.253503 -0.742730 0.217502 -0.089652 -0.578054 -0.534800 -0.106713 1.190161 0.530986 0.102099 -0.130725 -0.180900 0.055679 0.793214 0.141603 -0.184970 0.049656 -0.418234 -0.631218 -0.464725 -0.090712 -0.053556 1.204450 0.437905 -0.075837 0.281775 0.438965 2.174924 -0.132128 -0.370190 0.051066 -0.342137 1.239017 0.305764 1.872570 -0.145530 0.047360 -0.150094 -0.098510 -0.116880 -0.021673 -0.713363 1.813205 -0.088898 -0.183809 0.272374 0.807473 -0.771058 0.305701 -0.159713 0.371048 -1.075780 0.655516 0.197065 0.072426 -0.384404 0.969796 -0.725560 -0.088924 -0.622606 -1.559364 -0.102010 0.396720 -0.731490 0.321174 -0.920771 0.110673 0.131376 -0.791006 0.147515 0.442234 0.081904 0.158786 0.124356 0.177557 0.633872 0.498031 0.044018 0.194156
43 -0.665421 -0.108117 1.617819 -0.935700 -0.328613 0.079132 0.255505 0.311497 0.382178 0.509919 0.655783 0.044636 0.304124 0.148382 0.025885 -0.373830 -0.482890 1.624053 -0.059725 -0.883566 0.149487 1.569439 -0.183381 -0.341478 -0.041456 0.794895 -0.276532 -0.725460 1.374104 -0.298810 -0.060171 -1.102633 -0.534764 -0.235849 0.380676 1.214736 -1.530586 0.036809 0.028024 0.165969 0.557515 1.215484 -0.074557 -0.181833 -0.202753 -0.482370 -0.300828 -0.540331 0.029047 -0.347349 -0.186387 0.965060 0.067859 -0.064707 -1.139178 -0.440720 0.270880 0.045494 -0.698678 -1.903215 -0.063899 -0.467516 -1.674778 -0.101257 0.569489 -0.336376 -1.713601 0.177914 0.306681 0.514448 1.135109 -0.071409 0.214759 -1.433476 0.201565 0.758839 0.107699 0.093043 0.716487 -0.126149 0.831533 0.242706 0.133125 -0.061761 -0.423331 -0.632369 -0.036379 -0.135953 0.535043 -0.266894 0.392951 -0.036312 -0.296131 -0.251105 -0.751704 0.223436 -0.101648 -0.579358 -0.525500 -0.110249 1.202165 0.534597 0.105761 -0.135131 -0.175179 0.048571 0.785000 0.142027 -0.173506 0.055035 -0.430125 -0.630371 -0.474989 -0.078984 -0.045862 1.216669 0.446678 -0.071462 0.290632 0.429429 2.194841 -0.136638 -0.366317 0.044007 -0.330227 1.241771 0.308633 1.891182 -0.150826 0.044046 -0.155680 -0.104986 -0.120325 -0.018096 -0.706869 1.831049 -0.076382 -0.195134 0.260859 0.817794 -0.784274 0.317679 -0.148714 0.380309 -1.086617 0.666968 0.200595 0.082366 -0.394486 0.965234 -0.737817 -0.095357 -0.622346 -1.575087 -0.106794 0.385084 -0.722122 0.326244 -0.930474 0.114051 0.121082 -0.802025 0.136961 0.449098 0.071649 0.168679 0.126601 0.187202 0.639983 0.509196 0.038350 0.203833
44 -0.656844 -0.109610 1.594283 -0.926596 -0.323570 0.076014 0.249613 0.310956 0.381593 0.508327 0.646396 0.047476 0.302829 0.149340 0.021537 -0.372710 -0.474812 1.598787 -0.063981 -0.875683 0.150435 1.545748 -0.177901 -0.336046 -0.041968 0.782048 -0.272995 -0.713335 1.354834 -0.297899 -0.061819 -1.091170 -0.526479 -0.233353 0.375506 1.202164 -1.508404 0.040490 0.023656 0.167958 0.552242 1.201281 -0.076567 -0.177899 -0.204506 -0.481110 -0.300693 -0.538269 0.031727 -0.347377 -0.183576 0.956046 0.070873 -0.063777 -1.126724 -0.433978 0.265152 0.041796 -0.691321 -1.875525 -0.059858 -0.457473 -1.650622 -0.100417 0.566750 -0.335324 -1.688018 0.179211 0.304849 0.511017 1.122189 -0.071393 0.215366 -1.413910 0.204308 0.749060 0.109552 0.095650 0.707559 -0.126452 0.819337 0.243828 0.134440 -0.059278 -0.422685 -0.623744 -0.040090 -0.136768 0.526712 -0.267693 0.392376 -0.036304 -0.297172 -0.248586 -0.740192 0.224855 -0.102846 -0.570317 -0.519473 -0.110262 1.188228 0.523239 0.105975 -0.136583 -0.169248 0.044741 0.774214 0.141296 -0.169558 0.053793 -0.428062 -0.622395 -0.470615 -0.076859 -0.044696 1.202445 0.445661 -0.071672 0.291364 0.422998 2.162304 -0.137376 -0.358520 0.040419 -0.325005 1.221223 0.300889 1.861959 -0.152310 0.046331 -0.157261 -0.106817 -0.114912 -0.021493 -0.697366 1.803596 -0.072949 -0.197202 0.256575 0.810809 -0.777026 0.317526 -0.144583 0.379227 -1.075315 0.662550 0.201599 0.085225 -0.393003 0.954211 -0.730880 -0.094488 -0.614435 -1.552456 -0.108252 0.379668 -0.712890 0.325557 -0.921905 0.113917 0.115980 -0.790519 0.131623 0.446339 0.066532 0.171200 0.126990 0.188703 0.628216 0.506278 0.037164 0.205968
45 -0.654590 -0.108280 1.633652 -0.951759 -0.300474 0.058734 0.229331 0.326863 0.395201 0.527641 0.649432 0.068847 0.309507 0.160302 -0.000538 -0.399307 -0.454466 1.637153 -0.077459 -0.900612 0.160824 1.583332 -0.155001 -0.313161 -0.062949 0.790015 -0.248583 -0.734640 1.389370 -0.307179 -0.088677 -1.117987 -0.527976 -0.205867 0.392910 1.198917 -1.545577 0.063684 0.001482 0.191777 0.577680 1.229578 -0.065954 -0.151156 -0.217272 -0.504367 -0.314717 -0.556100 0.021063 -0.369495 -0.180103 0.981681 0.090482 -0.049260 -1.154712 -0.432413 0.267879 0.026091 -0.717623 -1.917423 -0.040351 -0.467684 -1.690003 -0.087228 0.587699 -0.349317 -1.727576 0.192298 0.319972 0.536767 1.149161 -0.081034 0.227872 -1.447639 0.224557 0.731272 0.104344 0.103191 0.704977 -0.136749 0.821485 0.268729 0.145724 -0.045378 -0.439536 -0.609710 -0.062630 -0.147893 0.506614 -0.281686 0.407634 -0.036688 -0.319318 -0.242661 -0.762636 0.238587 -0.129850 -0.574263 -0.498650 -0.118681 1.216711 0.533571 0.114734 -0.146824 -0.156528 0.028282 0.756003 0.142495 -0.144105 0.066956 -0.455022 -0.621362 -0.494478 -0.050444 -0.026731 1.231373 0.465874 -0.061028 0.311824 0.401596 2.208803 -0.148258 -0.350017 0.024297 -0.298955 1.228652 0.309213 1.905844 -0.164795 0.037922 -0.170542 -0.121958 -0.124150 -0.012092 -0.682553 1.845467 -0.045497 -0.222763 0.231085 0.834950 -0.807426 0.344753 -0.120176 0.400715 -1.101108 0.688945 0.209954 0.107433 -0.416223 0.944478 -0.759085 -0.109941 -0.614913 -1.589661 -0.119557 0.354078 -0.692215 0.337873 -0.945062 0.122050 0.093265 -0.817026 0.108614 0.462737 0.043937 0.193472 0.132454 0.210470 0.644603 0.531896 0.024097 0.227947
46 -0.656789 -0.108521 1.621723 -0.943163 -0.310450 0.066070 0.238319 0.320636 0.389881 0.520190 0.649665 0.059888 0.307079 0.155825 0.008967 -0.388844 -0.463831 1.625881 -0.071452 -0.891907 0.156578 1.572128 -0.165005 -0.323103 -0.054554 0.788854 -0.258819 -0.728108 1.378667 -0.303656 -0.077685 -1.109071 -0.528652 -0.217211 0.386868 1.202008 -1.534304 0.053822 0.011025 0.181956 0.568367 1.220536 -0.069767 -0.162459 -0.211927 -0.495285 -0.309178 -0.549328 0.024782 -0.360646 -0.181908 0.972849 0.082211 -0.055135 -1.145476 -0.434078 0.267709 0.032892 -0.708300 -1.905086 -0.048732 -0.465303 -1.678134 -0.092536 0.579786 -0.343945 -1.715869 0.186914 0.314289 0.527014 1.140447 -0.077253 0.222835 -1.437316 0.216053 0.739807 0.106077 0.099793 0.707355 -0.132656 0.822480 0.258591 0.141068 -0.051270 -0.432933 -0.616537 -0.053048 -0.143377 0.515900 -0.276015 0.401668 -0.036544 -0.310312 -0.245325 -0.755609 0.232913 -0.118881 -0.574103 -0.507831 -0.115370 1.207543 0.531340 0.111260 -0.142548 -0.162500 0.035395 0.764875 0.142149 -0.154875 0.061993 -0.444565 -0.622991 -0.485670 -0.061292 -0.034009 1.222080 0.457971 -0.065159 0.303558 0.411086 2.195358 -0.143860 -0.354578 0.031252 -0.310180 1.228827 0.307224 1.892985 -0.159621 0.040822 -0.165046 -0.115683 -0.121428 -0.015182 -0.689834 1.833109 -0.057030 -0.212220 0.241912 0.826424 -0.796387 0.333899 -0.130556 0.392327 -1.092596 0.679080 0.206498 0.098113 -0.407195 0.949983 -0.748888 -0.103997 -0.615952 -1.578434 -0.114870 0.365124 -0.701845 0.333116 -0.937181 0.118879 0.103134 -0.808331 0.118662 0.456662 0.053778 0.184185 0.130246 0.201542 0.640057 0.522121 0.029443 0.218850
47 -0.661431 -0.108333 1.634888 -0.948853 -0.313172 0.067681 0.241302 0.321455 0.391043 0.521902 0.654813 0.058690 0.308203 0.155847 0.010747 -0.390076 -0.468143 1.639810 -0.069473 -0.896980 0.156595 1.585268 -0.167549 -0.326030 -0.054283 0.795690 -0.260825 -0.734685 1.389495 -0.304733 -0.077208 -1.116103 -0.533086 -0.218613 0.389639 1.209970 -1.546706 0.052436 0.012818 0.181407 0.571708 1.228937 -0.069243 -0.164276 -0.211788 -0.496690 -0.309894 -0.551238 0.023865 -0.361349 -0.183245 0.978567 0.080939 -0.055724 -1.153026 -0.437621 0.270550 0.034640 -0.712807 -1.920695 -0.050689 -0.470265 -1.691726 -0.093205 0.581966 -0.345023 -1.730121 0.186721 0.315517 0.529470 1.148118 -0.077549 0.222993 -1.448403 0.215274 0.745596 0.105671 0.099204 0.712255 -0.132799 0.829125 0.258635 0.140668 -0.052493 -0.433938 -0.621782 -0.051612 -0.143393 0.520501 -0.276116 0.402677 -0.036627 -0.310422 -0.247037 -0.761760 0.232913 -0.118638 -0.578935 -0.511475 -0.115826 1.215824 0.536897 0.111561 -0.142414 -0.165478 0.037289 0.771041 0.142748 -0.156771 0.062454 -0.446277 -0.627321 -0.488360 -0.062291 -0.034762 1.230497 0.459289 -0.065340 0.303751 0.414667 2.213687 -0.143810 -0.358795 0.032985 -0.312793 1.239792 0.310898 1.909188 -0.159182 0.040114 -0.164539 -0.114926 -0.123776 -0.013951 -0.695463 1.848467 -0.058389 -0.211727 0.244113 0.830975 -0.801104 0.334594 -0.132478 0.393542 -1.099507 0.682317 0.206649 0.097147 -0.408646 0.956559 -0.753321 -0.104408 -0.620204 -1.591097 -0.114527 0.367992 -0.707159 0.334057 -0.942602 0.119344 0.105388 -0.814668 0.121035 0.458649 0.055938 0.183500 0.130429 0.201293 0.646017 0.524381 0.030123 0.218349
48 -0.663494 -0.108917 1.614000 -0.934891 -0.326954 0.077881 0.253522 0.312242 0.383106 0.510687 0.653806 0.046055 0.304381 0.149355 0.023987 -0.374681 -0.480570 1.619589 -0.061406 -0.883037 0.150446 1.565389 -0.181324 -0.339686 -0.042144 0.792116 -0.275219 -0.723267 1.371008 -0.299360 -0.061414 -1.101350 -0.532887 -0.234757 0.379950 1.212628 -1.526971 0.038593 0.026116 0.167369 0.557277 1.213607 -0.075191 -0.180183 -0.204158 -0.483273 -0.301716 -0.541019 0.029798 -0.348392 -0.185553 0.964291 0.069328 -0.064219 -1.137671 -0.439098 0.269440 0.043998 -0.698034 -1.898587 -0.062300 -0.465189 -1.670818 -0.100881 0.570004 -0.336972 -1.709241 0.178997 0.306924 0.514685 1.133442 -0.071914 0.215680 -1.430427 0.203275 0.756554 0.108487 0.094509 0.714513 -0.126795 0.828864 0.244031 0.134031 -0.060767 -0.424193 -0.630413 -0.038166 -0.136831 0.532750 -0.267917 0.393825 -0.036398 -0.297441 -0.250606 -0.749681 0.224751 -0.102801 -0.577380 -0.523948 -0.110856 1.200341 0.531879 0.106397 -0.136276 -0.173261 0.047059 0.782337 0.142053 -0.171885 0.054947 -0.430743 -0.628617 -0.474805 -0.077788 -0.045176 1.214793 0.447526 -0.071418 0.291799 0.427513 2.189273 -0.137440 -0.364233 0.042557 -0.328377 1.237157 0.306738 1.886101 -0.151838 0.044759 -0.156746 -0.106053 -0.118900 -0.019088 -0.704635 1.826354 -0.074709 -0.196653 0.259252 0.817411 -0.783954 0.318730 -0.146999 0.381145 -1.085356 0.667286 0.201632 0.083947 -0.395267 0.962957 -0.737408 -0.095536 -0.620630 -1.571347 -0.107819 0.383273 -0.719795 0.326942 -0.929759 0.114571 0.119051 -0.800194 0.134903 0.449332 0.069548 0.170319 0.127174 0.188484 0.637511 0.509711 0.037787 0.205390
49 -0.653867 -0.108188 1.641167 -0.956847 -0.295785 0.055161 0.225128 0.330279 0.398263 0.531751 0.649870 0.073223 0.311028 0.162811 -0.005138 -0.404679 -0.450320 1.644341 -0.080262 -0.905679 0.163207 1.590431 -0.150272 -0.308463 -0.067229 0.791385 -0.243587 -0.738889 1.395972 -0.309316 -0.094167 -1.123365 -0.528096 -0.200367 0.396470 1.198200 -1.552655 0.068447 -0.003151 0.196720 0.582822 1.235145 -0.063866 -0.145703 -0.220199 -0.509156 -0.317820 -0.559935 0.018924 -0.374114 -0.179211 0.986864 0.094543 -0.046285 -1.160299 -0.431914 0.268298 0.022790 -0.722902 -1.925317 -0.036332 -0.469672 -1.697489 -0.084529 0.592068 -0.352365 -1.735006 0.195177 0.323149 0.541961 1.154508 -0.083243 0.230644 -1.454116 0.228862 0.727668 0.103462 0.105102 0.704189 -0.139045 0.821630 0.273805 0.148171 -0.042495 -0.443122 -0.606849 -0.067334 -0.150401 0.502541 -0.284722 0.410977 -0.036815 -0.323934 -0.241422 -0.767102 0.241691 -0.135381 -0.574894 -0.494460 -0.120696 1.222354 0.535504 0.116790 -0.149223 -0.153838 0.024832 0.752226 0.142802 -0.138902 0.069666 -0.460451 -0.620914 -0.499272 -0.045054 -0.023066 1.237062 0.470150 -0.058867 0.316130 0.397187 2.217459 -0.150671 -0.348192 0.020937 -0.293639 1.229607 0.310835 1.914059 -0.167469 0.036278 -0.173380 -0.125105 -0.125962 -0.010224 -0.679452 1.853322 -0.039896 -0.228063 0.225899 0.839848 -0.813525 0.350371 -0.115154 0.405194 -1.106295 0.694336 0.211970 0.112061 -0.421034 0.942394 -0.764728 -0.113140 -0.614785 -1.596697 -0.122099 0.348869 -0.687978 0.340627 -0.949801 0.123974 0.088519 -0.822255 0.103888 0.466205 0.039216 0.198154 0.133781 0.214964 0.647862 0.537117 0.021426 0.232577
50 -0.685277 -0.107811 1.598131 -0.912079 -0.376384 0.113765 0.300150 0.286771 0.361596 0.481770 0.668728 0.003983 0.296085 0.129174 0.070311 -0.332226 -0.532008 1.609049 -0.029129 -0.858033 0.131163 1.552810 -0.231455 -0.389553 -0.005820 0.806266 -0.323440 -0.713627 1.354067 -0.285825 -0.013005 -1.080725 -0.548086 -0.286064 0.362149 1.244722 -1.511808 -0.008267 0.072585 0.123271 0.525943 1.196261 -0.088362 -0.233262 -0.179131 -0.446754 -0.278607 -0.515479 0.041529 -0.311231 -0.197175 0.940471 0.029844 -0.090396 -1.117214 -0.456069 0.277218 0.078394 -0.669717 -1.887232 -0.103751 -0.470026 -1.656204 -0.124717 0.540606 -0.315813 -1.697317 0.154420 0.285450 0.478742 1.115642 -0.056126 0.193490 -1.415433 0.163322 0.807153 0.113154 0.076347 0.737621 -0.109065 0.851157 0.199708 0.112371 -0.089421 -0.397225 -0.672285 0.007511 -0.116666 0.584319 -0.242812 0.369527 -0.035900 -0.257939 -0.265772 -0.737005 0.198863 -0.055175 -0.590134 -0.571542 -0.097066 1.182189 0.539221 0.091553 -0.116178 -0.207660 0.083085 0.835797 0.141573 -0.222879 0.035774 -0.389764 -0.647134 -0.444156 -0.126387 -0.077898 1.196449 0.415869 -0.088600 0.255784 0.477026 2.180460 -0.117736 -0.395599 0.077582 -0.383034 1.268342 0.309824 1.874762 -0.127697 0.053736 -0.130950 -0.076512 -0.115378 -0.027133 -0.749573 1.814560 -0.127950 -0.149384 0.311037 0.791854 -0.748326 0.273530 -0.196678 0.347286 -1.066123 0.632285 0.185600 0.040585 -0.359350 1.002678 -0.704826 -0.071632 -0.636520 -1.557096 -0.085968 0.437627 -0.774007 0.307832 -0.909171 0.101549 0.167947 -0.780542 0.184925 0.427759 0.118320 0.127518 0.117398 0.148622 0.635685 0.472794 0.062187 0.163888
51 -0.665861 -0.109092 1.583523 -0.914871 -0.345797 0.091789 0.270336 0.299372 0.371701 0.494774 0.651977 0.028484 0.299072 0.140316 0.042521 -0.352831 -0.497553 1.590157 -0.050180 -0.863076 0.141883 1.536462 -0.200524 -0.358390 -0.025538 0.786882 -0.294863 -0.707492 1.344282 -0.291747 -0.039395 -1.080144 -0.532314 -0.257049 0.366933 1.214708 -1.498227 0.019119 0.044709 0.147728 0.536948 1.191397 -0.082600 -0.202316 -0.193280 -0.464275 -0.290202 -0.526417 0.037148 -0.330100 -0.188659 0.943852 0.053222 -0.075622 -1.115600 -0.440966 0.268008 0.056864 -0.677124 -1.865974 -0.078292 -0.458789 -1.640233 -0.111033 0.553067 -0.325721 -1.678674 0.168248 0.295139 0.493758 1.112312 -0.064266 0.205512 -1.404249 0.186346 0.770790 0.111838 0.087671 0.717102 -0.118609 0.827851 0.223366 0.124950 -0.072125 -0.410400 -0.641378 -0.019352 -0.127758 0.549430 -0.256488 0.381329 -0.036119 -0.279149 -0.254859 -0.733163 0.213194 -0.080741 -0.575009 -0.540544 -0.103981 1.177975 0.525580 0.099303 -0.127626 -0.184011 0.060376 0.797197 0.141096 -0.192817 0.045147 -0.408743 -0.630004 -0.455892 -0.099213 -0.059239 1.192055 0.430908 -0.079319 0.275047 0.444891 2.152975 -0.128718 -0.371514 0.055713 -0.349970 1.232518 0.301714 1.852219 -0.141673 0.050453 -0.146026 -0.093882 -0.112952 -0.025236 -0.716419 1.793872 -0.097577 -0.175583 0.280163 0.798019 -0.759468 0.296473 -0.167175 0.363701 -1.065005 0.645813 0.194514 0.065470 -0.376377 0.970874 -0.714762 -0.083688 -0.620926 -1.542564 -0.098578 0.404328 -0.736608 0.316969 -0.911409 0.108017 0.138096 -0.779999 0.154292 0.436259 0.088595 0.151739 0.122656 0.170485 0.626385 0.488883 0.048118 0.187168
52 -0.663878 -0.107785 1.619023 -0.937198 -0.325295 0.076749 0.252487 0.313161 0.383442 0.511732 0.654841 0.047334 0.304711 0.149715 0.023012 -0.376418 -0.479569 1.625018 -0.061638 -0.885181 0.150752 1.570496 -0.180237 -0.338148 -0.043990 0.794227 -0.273168 -0.726583 1.375384 -0.299683 -0.063325 -1.103964 -0.533844 -0.232365 0.382331 1.212038 -1.531743 0.039670 0.025125 0.168777 0.559671 1.216622 -0.073077 -0.178384 -0.204236 -0.484574 -0.302297 -0.541866 0.027612 -0.349670 -0.185587 0.966586 0.070395 -0.062714 -1.140510 -0.439668 0.270641 0.043281 -0.700660 -1.904013 -0.061199 -0.467956 -1.675857 -0.099355 0.571314 -0.337787 -1.714543 0.179499 0.308236 0.516773 1.136322 -0.072619 0.216210 -1.434566 0.203965 0.755250 0.106983 0.094042 0.714835 -0.127422 0.830039 0.245397 0.134588 -0.059810 -0.424979 -0.629300 -0.039237 -0.137322 0.531675 -0.268500 0.394475 -0.036359 -0.298553 -0.249758 -0.753165 0.225015 -0.104791 -0.578685 -0.522099 -0.111252 1.203376 0.534894 0.106839 -0.136393 -0.173096 0.046220 0.781323 0.142103 -0.170163 0.056744 -0.432664 -0.629083 -0.477166 -0.075700 -0.043519 1.217873 0.448681 -0.069989 0.292889 0.426065 2.195382 -0.137998 -0.364375 0.041776 -0.326671 1.239786 0.309162 1.892111 -0.152380 0.042896 -0.157357 -0.106923 -0.121266 -0.016831 -0.703633 1.831946 -0.073013 -0.198115 0.257430 0.819460 -0.786457 0.320580 -0.145504 0.382415 -1.087883 0.669057 0.201577 0.085087 -0.396704 0.962330 -0.739892 -0.097282 -0.621309 -1.576176 -0.108264 0.381488 -0.718383 0.327497 -0.931838 0.115020 0.117997 -0.803754 0.133873 0.450549 0.068639 0.171293 0.127267 0.189686 0.640950 0.511457 0.036555 0.206386
53 -0.656504 -0.109959 1.589059 -0.923914 -0.325297 0.077188 0.250942 0.309777 0.380660 0.506744 0.645505 0.045863 0.302371 0.148693 0.023100 -0.370375 -0.476098 1.593383 -0.063292 -0.873115 0.149840 1.540593 -0.179517 -0.337675 -0.040260 0.780452 -0.274915 -0.710685 1.350368 -0.297273 -0.059599 -1.088208 -0.525764 -0.235749 0.373730 1.201735 -1.503468 0.038749 0.025215 0.166127 0.549688 1.197912 -0.077717 -0.180051 -0.203799 -0.479234 -0.299735 -0.536893 0.032888 -0.345580 -0.183669 0.953361 0.069489 -0.065009 -1.123577 -0.433661 0.264454 0.042755 -0.688532 -1.869671 -0.061201 -0.455922 -1.645309 -0.101536 0.565011 -0.334299 -1.682518 0.178400 0.303622 0.508538 1.119052 -0.070722 0.214590 -1.409530 0.202968 0.749987 0.110310 0.095416 0.707230 -0.125787 0.818294 0.241805 0.133761 -0.060337 -0.421446 -0.624351 -0.038475 -0.136073 0.527974 -0.266796 0.391308 -0.036337 -0.295508 -0.248924 -0.737511 0.224036 -0.100597 -0.569355 -0.520967 -0.109722 1.184883 0.521567 0.105421 -0.136032 -0.169825 0.045714 0.775058 0.141186 -0.171539 0.052612 -0.425632 -0.621996 -0.468251 -0.079031 -0.046097 1.199005 0.444025 -0.072577 0.289866 0.424398 2.155591 -0.136711 -0.358633 0.041423 -0.327020 1.218987 0.299652 1.855756 -0.151536 0.047296 -0.156456 -0.105800 -0.113694 -0.022594 -0.697960 1.797712 -0.075177 -0.195265 0.258582 0.808333 -0.774014 0.315273 -0.146430 0.377529 -1.072457 0.660157 0.201199 0.083577 -0.391097 0.954422 -0.728014 -0.093157 -0.613919 -1.547441 -0.107594 0.381631 -0.714117 0.324735 -0.919513 0.113387 0.117563 -0.787406 0.133275 0.444951 0.068075 0.169601 0.126723 0.187009 0.626076 0.504007 0.038229 0.204404
54 -0.667261 -0.108373 1.633845 -0.944345 -0.325453 0.076895 0.253026 0.315371 0.386166 0.515247 0.659315 0.048245 0.306245 0.151072 0.022050 -0.380151 -0.481235 1.640125 -0.060824 -0.891847 0.151958 1.584925 -0.179859 -0.338395 -0.045326 0.800243 -0.272575 -0.733406 1.387494 -0.301622 -0.065742 -1.112317 -0.537535 -0.230886 0.385527 1.219613 -1.545558 0.041059 0.024129 0.170865 0.564816 1.226239 -0.072673 -0.176963 -0.205896 -0.488017 -0.304465 -0.545380 0.026879 -0.352612 -0.186057 0.973775 0.071013 -0.062254 -1.149418 -0.442185 0.272824 0.043454 -0.706857 -1.921377 -0.061174 -0.471927 -1.691100 -0.099326 0.575122 -0.339981 -1.730222 0.180745 0.310230 0.521306 1.145126 -0.073889 0.217566 -1.446956 0.205512 0.759096 0.106946 0.094921 0.718475 -0.128453 0.835711 0.248065 0.135166 -0.059655 -0.427475 -0.633255 -0.040528 -0.138569 0.533693 -0.269943 0.396934 -0.036535 -0.300875 -0.251346 -0.759481 0.226817 -0.107397 -0.582802 -0.523628 -0.112769 1.212947 0.539175 0.108131 -0.137670 -0.174542 0.046679 0.785154 0.142561 -0.169124 0.057562 -0.436788 -0.632297 -0.481348 -0.073888 -0.043077 1.227594 0.451922 -0.069735 0.294969 0.427206 2.215711 -0.138904 -0.367486 0.042037 -0.325976 1.249445 0.311886 1.909997 -0.153084 0.042517 -0.157877 -0.107286 -0.122958 -0.016101 -0.707537 1.848964 -0.070998 -0.200333 0.256690 0.825629 -0.793512 0.324037 -0.144529 0.385490 -1.096021 0.674513 0.202837 0.086641 -0.400233 0.967361 -0.746344 -0.098400 -0.624459 -1.590223 -0.109193 0.381252 -0.721135 0.329497 -0.938466 0.116409 0.117311 -0.810961 0.133279 0.453682 0.067837 0.173185 0.128142 0.191620 0.646126 0.515917 0.036285 0.208298
55 -0.687928 -0.109301 1.553910 -0.883777 -0.402472 0.133140 0.323036 0.268960 0.346351 0.460001 0.665376 -0.020131 0.288649 0.116916 0.095282 -0.302215 -0.555032 1.565860 -0.014050 -0.829971 0.119556 1.510536 -0.257365 -0.415348 0.017720 0.797395 -0.350947 -0.689756 1.315230 -0.275465 0.017354 -1.050573 -0.546449 -0.317150 0.342638 1.248339 -1.470039 -0.034525 0.097656 0.096403 0.497241 1.164471 -0.100282 -0.263554 -0.164822 -0.420633 -0.262913 -0.495524 0.053481 -0.286252 -0.201127 0.911620 0.007762 -0.106769 -1.085745 -0.457898 0.274166 0.096009 -0.640042 -1.840058 -0.125723 -0.458687 -1.611901 -0.139554 0.517126 -0.300180 -1.652800 0.139771 0.268567 0.449625 1.085342 -0.045353 0.179533 -1.377540 0.140558 0.827190 0.119040 0.067885 0.740628 -0.097582 0.848806 0.171585 0.099768 -0.105122 -0.378350 -0.687999 0.032972 -0.104222 0.607031 -0.227157 0.352456 -0.035505 -0.233008 -0.272393 -0.711872 0.183468 -0.024668 -0.585763 -0.595023 -0.087649 1.150182 0.527760 0.081764 -0.104708 -0.221930 0.101499 0.856303 0.140204 -0.251649 0.021019 -0.359354 -0.648403 -0.417243 -0.156186 -0.098017 1.163932 0.393090 -0.100490 0.232808 0.501117 2.128044 -0.105601 -0.405110 0.095649 -0.412535 1.260044 0.300593 1.825371 -0.113733 0.063165 -0.116119 -0.059565 -0.105067 -0.037648 -0.766169 1.767393 -0.159068 -0.120550 0.339851 0.764644 -0.714100 0.242830 -0.224254 0.323188 -1.037146 0.602604 0.176257 0.015492 -0.333281 1.013664 -0.673028 -0.054293 -0.636104 -1.515248 -0.073325 0.466569 -0.797327 0.294100 -0.883166 0.092466 0.193641 -0.750747 0.211003 0.409404 0.143883 0.102420 0.111307 0.124057 0.617448 0.443980 0.076913 0.139164
56 -0.661267 -0.107741 1.629425 -0.945265 -0.315203 0.069280 0.243251 0.319421 0.388852 0.519145 0.654103 0.056387 0.307156 0.154329 0.013328 -0.386735 -0.469910 1.634553 -0.067924 -0.893431 0.155134 1.580102 -0.170032 -0.328017 -0.052344 0.794630 -0.262869 -0.732315 1.384801 -0.303255 -0.074294 -1.112212 -0.532708 -0.221105 0.388040 1.208408 -1.541559 0.049649 0.015394 0.178677 0.568598 1.224798 -0.069520 -0.167033 -0.209792 -0.493601 -0.307925 -0.548652 0.024163 -0.358513 -0.183641 0.974897 0.078817 -0.056888 -1.149005 -0.437652 0.270437 0.036271 -0.709469 -1.914506 -0.052641 -0.469713 -1.686124 -0.094104 0.579135 -0.343192 -1.724521 0.185031 0.313854 0.526235 1.144256 -0.076435 0.221379 -1.443629 0.212680 0.746335 0.105514 0.097696 0.712032 -0.131589 0.828370 0.255531 0.139381 -0.053857 -0.431640 -0.622087 -0.048986 -0.141948 0.522077 -0.274309 0.400522 -0.036535 -0.307635 -0.247022 -0.759473 0.230875 -0.115730 -0.578335 -0.512777 -0.114626 1.211701 0.536406 0.110383 -0.140837 -0.166788 0.038881 0.771970 0.142422 -0.159308 0.061578 -0.442919 -0.627069 -0.485630 -0.064858 -0.036243 1.226288 0.456564 -0.065925 0.301244 0.416320 2.206636 -0.142504 -0.359376 0.034631 -0.315334 1.238357 0.310655 1.902993 -0.157697 0.040247 -0.163002 -0.113303 -0.123577 -0.014055 -0.695893 1.842432 -0.061454 -0.208735 0.246527 0.827568 -0.797010 0.331384 -0.135003 0.390765 -1.095747 0.678664 0.205198 0.094521 -0.405649 0.956355 -0.749604 -0.103129 -0.619882 -1.585888 -0.113102 0.370324 -0.708404 0.332336 -0.939264 0.118243 0.107915 -0.811675 0.123650 0.456529 0.058569 0.180730 0.129576 0.198662 0.644783 0.521030 0.031225 0.215628
57 -0.660007 -0.109073 1.618787 -0.939493 -0.318374 0.071876 0.245634 0.316659 0.386867 0.515821 0.651781 0.053234 0.305766 0.152834 0.016001 -0.382300 -0.471896 1.623628 -0.066421 -0.887940 0.153715 1.569618 -0.172677 -0.331066 -0.048507 0.790508 -0.266685 -0.725902 1.375538 -0.301689 -0.070078 -1.105713 -0.530766 -0.225489 0.383320 1.207913 -1.531462 0.046712 0.018087 0.175113 0.563245 1.217643 -0.072757 -0.170725 -0.208429 -0.489670 -0.305717 -0.545492 0.027583 -0.354966 -0.183530 0.969030 0.075946 -0.059642 -1.142123 -0.436451 0.268454 0.038325 -0.703615 -1.903031 -0.055345 -0.464920 -1.675480 -0.096787 0.575207 -0.340607 -1.713541 0.183163 0.310619 0.521320 1.137437 -0.074759 0.219401 -1.434608 0.210055 0.748292 0.107497 0.097532 0.710828 -0.129807 0.825765 0.251818 0.137575 -0.055854 -0.428792 -0.623776 -0.046068 -0.140304 0.524082 -0.272110 0.397992 -0.036479 -0.304241 -0.248227 -0.752607 0.229200 -0.111340 -0.575718 -0.515786 -0.113369 1.204525 0.531229 0.109030 -0.139715 -0.167768 0.041191 0.773602 0.142051 -0.162902 0.058288 -0.438181 -0.625668 -0.480502 -0.069088 -0.039568 1.219036 0.453131 -0.068418 0.297952 0.419100 2.193784 -0.140724 -0.359476 0.036792 -0.318694 1.233264 0.306609 1.890712 -0.155807 0.043082 -0.160911 -0.110897 -0.119825 -0.017510 -0.697407 1.830885 -0.065193 -0.204892 0.250108 0.822358 -0.790852 0.326840 -0.138293 0.387092 -1.089445 0.673754 0.204300 0.091472 -0.401678 0.956575 -0.743723 -0.099678 -0.618104 -1.575745 -0.111516 0.373702 -0.710671 0.330174 -0.933840 0.116924 0.110598 -0.804498 0.126257 0.453196 0.061163 0.177723 0.128834 0.195374 0.638455 0.516430 0.033592 0.212539
58 -0.661386 -0.107426 1.636561 -0.949519 -0.312066 0.066945 0.240609 0.321776 0.390870 0.522087 0.655088 0.059370 0.308206 0.155882 0.010306 -0.390741 -0.467363 1.641718 -0.069596 -0.897586 0.156604 1.587035 -0.166956 -0.324975 -0.055385 0.796561 -0.259490 -0.736222 1.391032 -0.304666 -0.078191 -1.116869 -0.533408 -0.217176 0.390934 1.208672 -1.548314 0.052889 0.012364 0.182068 0.572690 1.229806 -0.067786 -0.163274 -0.211554 -0.497099 -0.309979 -0.551349 0.022385 -0.361780 -0.183265 0.979240 0.081510 -0.054774 -1.153897 -0.437799 0.271200 0.034204 -0.713822 -1.922312 -0.050016 -0.471842 -1.693341 -0.092183 0.582359 -0.345287 -1.731858 0.186865 0.316168 0.530270 1.149003 -0.077867 0.223155 -1.449728 0.215460 0.744276 0.104590 0.098655 0.712129 -0.133083 0.829385 0.259153 0.140942 -0.051944 -0.434120 -0.620556 -0.052100 -0.143536 0.519610 -0.276291 0.402771 -0.036587 -0.310828 -0.246269 -0.763478 0.232799 -0.119662 -0.579446 -0.510036 -0.115881 1.216732 0.538632 0.111672 -0.142262 -0.165313 0.036726 0.769930 0.142668 -0.155769 0.063611 -0.447035 -0.627341 -0.489439 -0.061085 -0.033687 1.231397 0.459600 -0.064345 0.304184 0.413560 2.215422 -0.144051 -0.358645 0.032502 -0.311759 1.240659 0.312370 1.911174 -0.159419 0.038828 -0.164837 -0.115408 -0.125305 -0.012412 -0.694312 1.850240 -0.057539 -0.212407 0.243006 0.831561 -0.801967 0.335422 -0.131640 0.393990 -1.100228 0.682834 0.206369 0.097644 -0.409156 0.955575 -0.754216 -0.105471 -0.620374 -1.592695 -0.114672 0.366846 -0.705895 0.334158 -0.943189 0.119461 0.104847 -0.816292 0.120520 0.459085 0.055508 0.183845 0.130352 0.201792 0.647915 0.524994 0.029348 0.218713
59 -0.659471 -0.109230 1.595850 -0.926081 -0.327702 0.078730 0.253609 0.309386 0.380233 0.506476 0.648578 0.044163 0.302552 0.147938 0.025447 -0.369743 -0.479484 1.600841 -0.061405 -0.874847 0.149117 1.547523 -0.182232 -0.340209 -0.039519 0.784653 -0.276803 -0.714290 1.355852 -0.297194 -0.058065 -1.091093 -0.528540 -0.237444 0.375111 1.205599 -1.509877 0.036573 0.027568 0.164553 0.550595 1.201748 -0.077047 -0.182346 -0.202610 -0.478779 -0.299222 -0.536861 0.031985 -0.344670 -0.184774 0.955437 0.067796 -0.065667 -1.126762 -0.436036 0.266434 0.044504 -0.690126 -1.877689 -0.063196 -0.459352 -1.652256 -0.102051 0.565154 -0.334159 -1.689991 0.177471 0.303823 0.508740 1.122505 -0.070431 0.213934 -1.415117 0.201220 0.753612 0.109592 0.094085 0.710301 -0.125372 0.822321 0.240448 0.132959 -0.061601 -0.421007 -0.627409 -0.036341 -0.135394 0.531383 -0.266004 0.390895 -0.036319 -0.294289 -0.249733 -0.740956 0.222948 -0.099224 -0.572350 -0.523473 -0.109390 1.188605 0.525474 0.105033 -0.135088 -0.172262 0.047488 0.779114 0.141380 -0.173747 0.052828 -0.425326 -0.624732 -0.468974 -0.080602 -0.046907 1.202822 0.443549 -0.072637 0.288852 0.427165 2.165045 -0.136118 -0.361490 0.043133 -0.329708 1.225732 0.302365 1.864331 -0.150608 0.046484 -0.155501 -0.104739 -0.115593 -0.021364 -0.701390 1.805695 -0.077399 -0.193587 0.260867 0.809793 -0.775310 0.314302 -0.148689 0.377111 -1.075349 0.660617 0.200459 0.081743 -0.390738 0.958216 -0.729317 -0.093121 -0.616630 -1.553988 -0.106696 0.384295 -0.717748 0.324507 -0.921564 0.113141 0.120166 -0.790607 0.135990 0.445313 0.070724 0.167856 0.126357 0.185669 0.629933 0.504038 0.038952 0.202828
60 -0.654265 -0.109331 1.615261 -0.940921 -0.308619 0.064892 0.236186 0.320777 0.390120 0.520146 0.646883 0.061143 0.306795 0.156343 0.007129 -0.389163 -0.461033 1.618811 -0.073101 -0.890049 0.157093 1.565543 -0.162841 -0.321166 -0.054915 0.784929 -0.257553 -0.724471 1.373403 -0.303603 -0.078663 -1.106189 -0.526129 -0.216135 0.385204 1.198793 -1.528217 0.055527 0.009196 0.183029 0.567159 1.216834 -0.070738 -0.160790 -0.212868 -0.495524 -0.309459 -0.549161 0.025991 -0.361139 -0.181010 0.970687 0.083477 -0.054857 -1.142309 -0.431968 0.265806 0.031485 -0.706482 -1.897559 -0.047190 -0.461824 -1.671547 -0.092361 0.579448 -0.343874 -1.708824 0.187581 0.313882 0.526471 1.137064 -0.077308 0.223260 -1.432001 0.217413 0.736850 0.106922 0.100943 0.704746 -0.132867 0.818899 0.259563 0.141629 -0.050365 -0.433147 -0.614057 -0.054675 -0.143817 0.513090 -0.276544 0.401848 -0.036546 -0.311162 -0.244771 -0.752024 0.233727 -0.119681 -0.571329 -0.505941 -0.115494 1.203910 0.527442 0.111440 -0.143270 -0.160391 0.033977 0.761525 0.141935 -0.153268 0.061439 -0.444564 -0.620634 -0.484638 -0.060304 -0.033549 1.218383 0.458095 -0.065354 0.304215 0.408928 2.186556 -0.144244 -0.352058 0.029862 -0.308154 1.222761 0.304414 1.884904 -0.160310 0.041863 -0.165772 -0.116498 -0.119345 -0.016684 -0.687050 1.825593 -0.055394 -0.213408 0.240245 0.824805 -0.794958 0.334399 -0.128869 0.392521 -1.089717 0.678465 0.207063 0.099468 -0.407317 0.946846 -0.747403 -0.103682 -0.613573 -1.572225 -0.115505 0.363109 -0.698927 0.333154 -0.935056 0.118934 0.101103 -0.804990 0.116477 0.456105 0.051674 0.185495 0.130468 0.202485 0.636092 0.521886 0.029043 0.220017
61 -0.645856 -0.107699 1.671402 -0.979788 -0.265931 0.033605 0.198094 0.347827 0.413167 0.552701 0.647440 0.099568 0.317480 0.175611 -0.033386 -0.434684 -0.421655 1.672544 -0.098090 -0.929162 0.175328 1.618635 -0.120293 -0.278705 -0.091413 0.792341 -0.213320 -0.755346 1.423411 -0.318995 -0.126291 -1.146777 -0.524630 -0.166884 0.412731 1.186905 -1.581243 0.097661 -0.031495 0.225368 0.608704 1.258483 -0.053246 -0.112111 -0.235633 -0.534884 -0.333444 -0.578712 0.008762 -0.399541 -0.173486 1.010490 0.118830 -0.029159 -1.184472 -0.425827 0.267783 0.002689 -0.748450 -1.956163 -0.011486 -0.474493 -1.727520 -0.069092 0.614060 -0.367316 -1.764378 0.210657 0.338877 0.569514 1.177103 -0.093914 0.244939 -1.480349 0.253653 0.701187 0.098653 0.115124 0.695595 -0.150623 0.816545 0.303274 0.161549 -0.025027 -0.461714 -0.585656 -0.095639 -0.163304 0.474053 -0.300887 0.427701 -0.037138 -0.349925 -0.233348 -0.785048 0.258010 -0.167321 -0.573658 -0.466735 -0.130008 1.246094 0.539668 0.126598 -0.161546 -0.135684 0.003892 0.724620 0.143574 -0.106965 0.083591 -0.490247 -0.614644 -0.523852 -0.013266 -0.002015 1.261151 0.492536 -0.047098 0.339839 0.368611 2.250810 -0.163181 -0.333762 0.000430 -0.260024 1.225549 0.314959 1.946188 -0.182389 0.028354 -0.189193 -0.143290 -0.132728 -0.002030 -0.656784 1.884325 -0.005721 -0.258786 0.193687 0.863035 -0.843983 0.381606 -0.084351 0.428916 -1.128541 0.721814 0.221801 0.139445 -0.446581 0.924364 -0.792841 -0.129958 -0.610194 -1.625121 -0.135597 0.315766 -0.658382 0.353835 -0.970666 0.132855 0.059056 -0.845168 0.073764 0.482911 0.009838 0.225276 0.139982 0.240936 0.658499 0.564657 0.005805 0.259008
62 -0.669992 -0.107255 1.610997 -0.928694 -0.340479 0.087632 0.266725 0.304923 0.376253 0.502057 0.658553 0.034213 0.301868 0.143227 0.037527 -0.362580 -0.495077 1.618555 -0.052014 -0.876092 0.144589 1.563562 -0.195805 -0.353438 -0.032648 0.797417 -0.288137 -0.722319 1.367644 -0.295136 -0.047873 -1.095931 -0.537797 -0.248524 0.376272 1.220235 -1.524169 0.024895 0.039696 0.154743 0.548927 1.209313 -0.077137 -0.195120 -0.196170 -0.472707 -0.294763 -0.533330 0.031292 -0.337578 -0.189136 0.957791 0.058156 -0.070857 -1.132418 -0.444435 0.272623 0.053746 -0.690615 -1.896774 -0.073922 -0.468753 -1.668104 -0.106641 0.561564 -0.330889 -1.707524 0.171709 0.301346 0.504711 1.129055 -0.067506 0.209167 -1.427355 0.191375 0.769930 0.108375 0.088216 0.721290 -0.121810 0.835785 0.231176 0.127871 -0.068683 -0.416226 -0.641220 -0.024864 -0.130872 0.547135 -0.260528 0.386530 -0.036174 -0.285947 -0.254014 -0.748055 0.216658 -0.089536 -0.581814 -0.536384 -0.106667 1.195831 0.536442 0.101999 -0.129925 -0.183301 0.057064 0.796908 0.141849 -0.186124 0.050761 -0.419203 -0.634219 -0.466870 -0.091065 -0.053535 1.210224 0.438233 -0.075235 0.281444 0.441016 2.188251 -0.131817 -0.373283 0.052374 -0.343733 1.247460 0.309671 1.884775 -0.144877 0.045652 -0.149433 -0.097888 -0.119945 -0.019359 -0.716543 1.824644 -0.089933 -0.183120 0.273576 0.810271 -0.774082 0.305943 -0.161046 0.371458 -1.080317 0.657215 0.196369 0.071382 -0.385002 0.973491 -0.728536 -0.089775 -0.625661 -1.568806 -0.101367 0.398324 -0.734462 0.321266 -0.924172 0.110719 0.133264 -0.796250 0.149472 0.443328 0.083882 0.157716 0.124069 0.177014 0.639493 0.499233 0.044095 0.193238
63 -0.657005 -0.107924 1.637982 -0.953040 -0.302941 0.060372 0.231887 0.326301 0.394760 0.527200 0.651833 0.067079 0.309585 0.159565 0.001675 -0.398346 -0.457644 1.642002 -0.075674 -0.901582 0.160120 1.587802 -0.157579 -0.315724 -0.061842 0.793130 -0.250699 -0.736973 1.392846 -0.307038 -0.086977 -1.119848 -0.530153 -0.207870 0.393562 1.202456 -1.549667 0.061585 0.003706 0.190131 0.577925 1.232045 -0.065860 -0.153497 -0.216230 -0.503627 -0.314136 -0.555860 0.020775 -0.368478 -0.181016 0.982944 0.088761 -0.050172 -1.156784 -0.434318 0.269326 0.027819 -0.718382 -1.922721 -0.042358 -0.470004 -1.694505 -0.088047 0.587487 -0.348994 -1.732433 0.191363 0.319810 0.536491 1.151372 -0.080630 0.227166 -1.451215 0.222880 0.734759 0.104078 0.102162 0.707503 -0.136226 0.824673 0.267241 0.144871 -0.046708 -0.438952 -0.612699 -0.060570 -0.147186 0.509860 -0.280848 0.407116 -0.036678 -0.318020 -0.243588 -0.764752 0.237591 -0.128267 -0.576539 -0.501273 -0.118328 1.219121 0.536246 0.114310 -0.145986 -0.158741 0.030067 0.759780 0.142662 -0.146382 0.066734 -0.454301 -0.623561 -0.494561 -0.052271 -0.027868 1.233815 0.465235 -0.061445 0.310704 0.404345 2.215139 -0.147588 -0.352537 0.026013 -0.301620 1.233815 0.310995 1.911440 -0.163832 0.037648 -0.169529 -0.120772 -0.125255 -0.011544 -0.685813 1.850704 -0.047732 -0.221036 0.233468 0.835706 -0.807962 0.343542 -0.122456 0.400022 -1.102964 0.688912 0.209332 0.105631 -0.415549 0.947926 -0.759638 -0.109505 -0.617029 -1.593858 -0.118665 0.356776 -0.695698 0.337535 -0.946326 0.121749 0.095716 -0.818908 0.111160 0.462755 0.046381 0.191753 0.132125 0.209055 0.647117 0.531485 0.025017 0.226350
64 -0.661275 -0.108597 1.612139 -0.934875 -0.323636 0.075523 0.250404 0.313464 0.383868 0.511785 0.651957 0.048518 0.304651 0.150452 0.021296 -0.376485 -0.476938 1.617326 -0.063412 -0.883245 0.151481 1.563388 -0.178245 -0.336283 -0.044361 0.790173 -0.271955 -0.722855 1.369704 -0.299839 -0.064096 -1.100910 -0.531219 -0.231581 0.380820 1.208567 -1.525222 0.041167 0.023390 0.169799 0.558318 1.212704 -0.073978 -0.177002 -0.205372 -0.484764 -0.302780 -0.541887 0.028689 -0.350123 -0.184644 0.964289 0.071694 -0.062421 -1.137125 -0.437522 0.268676 0.041779 -0.698665 -1.895780 -0.059647 -0.464649 -1.668718 -0.099131 0.571052 -0.337936 -1.706878 0.180362 0.308006 0.516018 1.132773 -0.072873 0.216872 -1.428905 0.205411 0.752275 0.107925 0.095373 0.712140 -0.127845 0.826237 0.246175 0.135366 -0.058912 -0.425351 -0.626634 -0.040794 -0.137966 0.528989 -0.269253 0.394881 -0.036440 -0.299396 -0.249075 -0.749682 0.226033 -0.105443 -0.575842 -0.520300 -0.111579 1.199531 0.531110 0.107224 -0.137313 -0.170906 0.044660 0.777918 0.141956 -0.168735 0.056353 -0.432423 -0.626676 -0.476021 -0.074840 -0.043003 1.213937 0.448879 -0.070067 0.293636 0.423916 2.185618 -0.138602 -0.361710 0.040320 -0.324921 1.233203 0.306547 1.883307 -0.153244 0.043871 -0.158269 -0.107837 -0.119304 -0.018176 -0.700637 1.823685 -0.071729 -0.199191 0.255960 0.817762 -0.784690 0.320963 -0.143961 0.382618 -1.084894 0.668265 0.202374 0.086355 -0.396772 0.959092 -0.738124 -0.097107 -0.618926 -1.569471 -0.109124 0.379708 -0.715513 0.327799 -0.929714 0.115278 0.116071 -0.800311 0.131935 0.450137 0.066666 0.172594 0.127692 0.190545 0.637219 0.511048 0.036140 0.207597
65 -0.670136 -0.109764 1.605400 -0.925569 -0.345074 0.091325 0.270281 0.302858 0.375813 0.500275 0.658036 0.030575 0.301317 0.142467 0.040350 -0.358916 -0.498942 1.612582 -0.049580 -0.873095 0.143827 1.557856 -0.199083 -0.357878 -0.028112 0.795267 -0.293127 -0.717676 1.362287 -0.294674 -0.043680 -1.092486 -0.537265 -0.253845 0.371928 1.224667 -1.518681 0.021934 0.042510 0.151387 0.545000 1.205632 -0.081501 -0.199290 -0.195907 -0.469674 -0.293547 -0.531671 0.035636 -0.334950 -0.189051 0.954556 0.054795 -0.074314 -1.128734 -0.444191 0.271089 0.056553 -0.686658 -1.891554 -0.077526 -0.464548 -1.662761 -0.110332 0.558868 -0.329097 -1.701880 0.170294 0.298325 0.501037 1.125364 -0.066323 0.207674 -1.422598 0.189104 0.775344 0.111426 0.089175 0.721707 -0.120297 0.835471 0.227929 0.126029 -0.071206 -0.414267 -0.646287 -0.021928 -0.129783 0.551326 -0.258805 0.385090 -0.036289 -0.283043 -0.256727 -0.742608 0.216038 -0.085269 -0.580648 -0.541784 -0.106339 1.192119 0.531753 0.101359 -0.129702 -0.185456 0.060457 0.801752 0.141870 -0.190407 0.046803 -0.415354 -0.634113 -0.462578 -0.095775 -0.057963 1.206466 0.436051 -0.078614 0.278536 0.445686 2.182840 -0.130240 -0.375333 0.055467 -0.347966 1.245828 0.305715 1.878614 -0.142975 0.049473 -0.147115 -0.094904 -0.115686 -0.023770 -0.721261 1.819036 -0.093739 -0.179447 0.278107 0.807368 -0.770073 0.302068 -0.164890 0.368543 -1.077038 0.654071 0.196507 0.068437 -0.381925 0.977144 -0.724601 -0.085840 -0.625021 -1.563389 -0.100161 0.402949 -0.739553 0.320002 -0.921254 0.110168 0.136288 -0.790888 0.152545 0.441024 0.086684 0.155089 0.123980 0.173954 0.633987 0.495816 0.047148 0.190506
66 -0.654666 -0.110660 1.590557 -0.926280 -0.321416 0.074329 0.247094 0.312205 0.383107 0.509718 0.644306 0.049435 0.303354 0.150771 0.018963 -0.374206 -0.471999 1.594300 -0.066074 -0.875694 0.151838 1.541732 -0.175200 -0.333741 -0.043075 0.779121 -0.271205 -0.711369 1.351911 -0.298861 -0.063734 -1.090424 -0.524446 -0.231764 0.375017 1.200164 -1.504884 0.042941 0.021069 0.170021 0.552513 1.199778 -0.077229 -0.175599 -0.206511 -0.482653 -0.302107 -0.539560 0.032489 -0.349096 -0.182519 0.955848 0.072871 -0.063039 -1.125755 -0.432146 0.263569 0.039852 -0.691145 -1.870976 -0.057773 -0.455021 -1.646786 -0.099857 0.567856 -0.336382 -1.683674 0.180763 0.305460 0.511828 1.120924 -0.072244 0.216747 -1.411027 0.206705 0.746477 0.110505 0.097654 0.705341 -0.127442 0.816468 0.245812 0.135697 -0.057962 -0.424089 -0.621606 -0.042551 -0.138065 0.523992 -0.269192 0.393803 -0.036430 -0.299154 -0.248051 -0.738317 0.226762 -0.104657 -0.568212 -0.517589 -0.111262 1.186836 0.520341 0.106987 -0.138225 -0.166909 0.042768 0.771140 0.141399 -0.167328 0.053880 -0.429301 -0.620426 -0.470865 -0.075098 -0.043673 1.200954 0.447142 -0.071531 0.293168 0.420601 2.156763 -0.138551 -0.356142 0.038512 -0.322523 1.216243 0.298856 1.856844 -0.153714 0.047096 -0.158743 -0.108276 -0.113396 -0.022561 -0.694858 1.798942 -0.070556 -0.199477 0.254405 0.810929 -0.777394 0.319309 -0.142249 0.380679 -1.074545 0.663563 0.203101 0.087476 -0.394431 0.951749 -0.731063 -0.094940 -0.612514 -1.548782 -0.109701 0.377286 -0.710131 0.326724 -0.921714 0.114789 0.113269 -0.788937 0.128901 0.447029 0.063715 0.173545 0.127846 0.190602 0.625728 0.507436 0.036363 0.208214
67 -0.680069 -0.109254 1.532758 -0.875765 -0.396189 0.128585 0.316353 0.268958 0.345370 0.458550 0.656676 -0.016260 0.287448 0.117658 0.090661 -0.302058 -0.546125 1.543327 -0.019303 -0.823035 0.120377 1.489408 -0.251461 -0.408786 0.015443 0.786133 -0.346010 -0.680011 1.298360 -0.274437 0.014805 -1.040514 -0.538852 -0.313191 0.339449 1.233869 -1.450293 -0.030495 0.093055 0.099008 0.493227 1.151858 -0.100137 -0.258945 -0.165947 -0.420259 -0.262817 -0.493765 0.054009 -0.286703 -0.198852 0.903782 0.011768 -0.104598 -1.074818 -0.451822 0.269500 0.091437 -0.633994 -1.814530 -0.120629 -0.451140 -1.589990 -0.137171 0.515253 -0.299639 -1.629715 0.141195 0.268073 0.447219 1.074025 -0.045453 0.180450 -1.360077 0.143600 0.815523 0.119233 0.069345 0.732264 -0.098276 0.837406 0.173342 0.101638 -0.101964 -0.378201 -0.677344 0.028923 -0.105036 0.597663 -0.228318 0.352068 -0.035375 -0.234715 -0.268624 -0.703050 0.184431 -0.026800 -0.577713 -0.587195 -0.087282 1.137805 0.519334 0.081809 -0.105637 -0.215388 0.096367 0.844074 0.139477 -0.246790 0.021584 -0.358376 -0.641173 -0.414446 -0.152877 -0.094956 1.151287 0.392387 -0.099181 0.234373 0.493325 2.097713 -0.106763 -0.396589 0.090913 -0.406629 1.241235 0.295173 1.798810 -0.115780 0.063450 -0.118578 -0.062598 -0.102005 -0.038739 -0.755032 1.742313 -0.155187 -0.123414 0.334535 0.758487 -0.708143 0.243534 -0.219403 0.322994 -1.027182 0.599072 0.176685 0.018801 -0.332687 1.001566 -0.667399 -0.055109 -0.629183 -1.494998 -0.074828 0.460154 -0.786639 0.293667 -0.875716 0.092140 0.188291 -0.741629 0.205382 0.407431 0.138616 0.105270 0.111391 0.126268 0.608788 0.442076 0.074604 0.141780
68 -0.656739 -0.109000 1.611485 -0.937094 -0.315241 0.069638 0.242388 0.317205 0.386994 0.515938 0.648400 0.055388 0.305611 0.153585 0.013510 -0.382940 -0.467827 1.615665 -0.068816 -0.885973 0.154460 1.562222 -0.169682 -0.327783 -0.049997 0.786258 -0.263961 -0.722635 1.369758 -0.301668 -0.071897 -1.102485 -0.527783 -0.223152 0.382729 1.202008 -1.524624 0.048967 0.015581 0.176905 0.562447 1.213413 -0.072299 -0.168110 -0.209371 -0.490163 -0.306207 -0.545422 0.027348 -0.355853 -0.182468 0.966687 0.078136 -0.058290 -1.138564 -0.433981 0.266702 0.036057 -0.702044 -1.893967 -0.052740 -0.462395 -1.667826 -0.095413 0.575107 -0.340914 -1.705389 0.184219 0.310918 0.521134 1.133708 -0.075211 0.220239 -1.428592 0.211885 0.743153 0.107444 0.098430 0.707356 -0.130492 0.821213 0.253212 0.138749 -0.054176 -0.429301 -0.619100 -0.048378 -0.141078 0.519826 -0.273098 0.398410 -0.036486 -0.305589 -0.246498 -0.749935 0.230118 -0.113044 -0.572648 -0.512087 -0.113617 1.200409 0.528302 0.109438 -0.140503 -0.164873 0.038707 0.768207 0.141847 -0.160221 0.059018 -0.438518 -0.622711 -0.480136 -0.066956 -0.037871 1.214811 0.453555 -0.067519 0.299206 0.415373 2.182865 -0.141602 -0.355919 0.034521 -0.315600 1.225791 0.304873 1.881299 -0.157049 0.042880 -0.162306 -0.112512 -0.119001 -0.017527 -0.692480 1.821984 -0.062866 -0.206789 0.247263 0.820705 -0.789267 0.327964 -0.135646 0.387615 -1.086251 0.673061 0.204844 0.093457 -0.402070 0.951465 -0.742252 -0.100557 -0.615343 -1.568691 -0.112574 0.370435 -0.705835 0.330493 -0.931616 0.117171 0.107769 -0.801740 0.123389 0.452975 0.058381 0.179533 0.129155 0.196892 0.635702 0.516349 0.032258 0.214248
69 -0.683632 -0.107412 1.568091 -0.894704 -0.386354 0.120915 0.308619 0.277910 0.353004 0.469903 0.663683 -0.006230 0.291815 0.123078 0.081190 -0.317106 -0.539585 1.579145 -0.024130 -0.841116 0.125484 1.523862 -0.242140 -0.399286 0.004173 0.797946 -0.334504 -0.698809 1.328494 -0.279977 0.001103 -1.061630 -0.544413 -0.299458 0.352177 1.238766 -1.483619 -0.020052 0.083532 0.110814 0.510186 1.175471 -0.092799 -0.246568 -0.171792 -0.433528 -0.270486 -0.504551 0.046245 -0.298641 -0.198531 0.922842 0.020731 -0.097003 -1.097139 -0.454818 0.274411 0.084985 -0.652649 -1.853553 -0.112262 -0.462883 -1.625622 -0.130200 0.528146 -0.307858 -1.666317 0.147564 0.277432 0.463212 1.096174 -0.050812 0.186897 -1.389940 0.152933 0.811142 0.115050 0.071837 0.735822 -0.103776 0.845475 0.186175 0.107064 -0.095703 -0.387662 -0.674317 0.018819 -0.110655 0.591346 -0.235449 0.360644 -0.035586 -0.246075 -0.266576 -0.722278 0.191016 -0.040870 -0.585100 -0.579019 -0.091902 1.161343 0.531886 0.086507 -0.110342 -0.211901 0.089580 0.840104 0.140557 -0.235110 0.029746 -0.374182 -0.645086 -0.430076 -0.139561 -0.085679 1.175259 0.403907 -0.093014 0.245014 0.485184 2.142009 -0.112306 -0.396412 0.084201 -0.395355 1.257033 0.304563 1.839927 -0.121720 0.057200 -0.124896 -0.069820 -0.110563 -0.031216 -0.752102 1.781227 -0.142217 -0.136064 0.322980 0.775659 -0.728726 0.258411 -0.208424 0.335234 -1.047692 0.615829 0.180598 0.029199 -0.346088 1.002250 -0.686682 -0.064258 -0.633942 -1.528589 -0.080176 0.449182 -0.780431 0.300744 -0.893212 0.096701 0.178859 -0.762979 0.195966 0.417941 0.129320 0.115856 0.114141 0.137205 0.624939 0.457608 0.068002 0.152438
70 -0.668285 -0.106363 1.641386 -0.948240 -0.322650 0.074531 0.251130 0.317164 0.386802 0.517058 0.661014 0.050666 0.307006 0.151700 0.020359 -0.383261 -0.479403 1.648264 -0.062097 -0.895489 0.152595 1.592627 -0.178034 -0.335853 -0.048671 0.803648 -0.269390 -0.738776 1.394370 -0.302280 -0.068798 -1.116858 -0.539057 -0.227286 0.389611 1.218333 -1.552864 0.042981 0.022457 0.173224 0.568684 1.231262 -0.069127 -0.174281 -0.206076 -0.490752 -0.305587 -0.547074 0.023245 -0.354764 -0.186422 0.977814 0.073186 -0.059753 -1.154282 -0.443254 0.274737 0.041791 -0.711070 -1.929335 -0.058973 -0.476503 -1.698631 -0.096658 0.577751 -0.341615 -1.738164 0.181791 0.312860 0.524734 1.149983 -0.074930 0.218740 -1.453407 0.206972 0.756442 0.104472 0.094084 0.719365 -0.129696 0.837620 0.250552 0.136478 -0.058077 -0.429193 -0.630787 -0.042373 -0.139452 0.531758 -0.271276 0.398285 -0.036496 -0.303090 -0.249639 -0.765260 0.227308 -0.110541 -0.584937 -0.520439 -0.113202 1.217971 0.544265 0.108767 -0.137861 -0.173751 0.044615 0.783092 0.142762 -0.166402 0.060730 -0.440178 -0.633450 -0.485335 -0.070632 -0.039924 1.232681 0.453913 -0.067189 0.297180 0.424640 2.224515 -0.140137 -0.367125 0.040159 -0.323464 1.253471 0.315942 1.918798 -0.154409 0.039352 -0.159527 -0.109394 -0.126895 -0.012301 -0.705482 1.857179 -0.068428 -0.203032 0.253874 0.829064 -0.797906 0.327158 -0.142155 0.388087 -1.100378 0.677826 0.202835 0.088631 -0.403001 0.966367 -0.750574 -0.101529 -0.626011 -1.597584 -0.110067 0.378525 -0.718662 0.330696 -0.942154 0.117017 0.115611 -0.816719 0.131502 0.455941 0.066252 0.174953 0.128292 0.193871 0.651947 0.519165 0.034125 0.210197
71 -0.662942 -0.108257 1.610839 -0.932975 -0.327153 0.078108 0.253809 0.311412 0.381946 0.509369 0.653048 0.045419 0.303858 0.148724 0.024806 -0.373291 -0.480606 1.616520 -0.061035 -0.881175 0.149834 1.562397 -0.181969 -0.339869 -0.041762 0.791271 -0.275416 -0.722137 1.368392 -0.298590 -0.060500 -1.099184 -0.532370 -0.235229 0.379526 1.210495 -1.524011 0.037641 0.026922 0.166446 0.555908 1.211239 -0.074735 -0.180901 -0.203202 -0.481945 -0.300827 -0.539732 0.029374 -0.347196 -0.185622 0.962327 0.068760 -0.064284 -1.135423 -0.438832 0.269352 0.044328 -0.696465 -1.894777 -0.062674 -0.465128 -1.667504 -0.100776 0.568706 -0.336188 -1.705917 0.178366 0.306370 0.513267 1.131284 -0.071534 0.215054 -1.427667 0.202279 0.755681 0.108012 0.093671 0.713880 -0.126407 0.827904 0.242823 0.133675 -0.061030 -0.423170 -0.629408 -0.037319 -0.136280 0.532622 -0.267228 0.392833 -0.036355 -0.296348 -0.250041 -0.748777 0.223816 -0.101889 -0.576812 -0.523553 -0.110305 1.197995 0.531846 0.105908 -0.135544 -0.173444 0.047290 0.781620 0.141842 -0.172467 0.055029 -0.429341 -0.628093 -0.473739 -0.078390 -0.045296 1.212400 0.446303 -0.071210 0.290844 0.427429 2.184798 -0.137019 -0.363952 0.042884 -0.328906 1.235625 0.306917 1.882382 -0.151371 0.044333 -0.156302 -0.105667 -0.119234 -0.018569 -0.703706 1.822705 -0.075682 -0.195621 0.259712 0.815665 -0.781945 0.317522 -0.147635 0.379989 -1.083258 0.665517 0.200887 0.083050 -0.393990 0.961780 -0.735613 -0.095393 -0.620161 -1.568335 -0.107324 0.383621 -0.719279 0.326162 -0.927965 0.114099 0.119761 -0.798867 0.135656 0.448383 0.070359 0.169275 0.126774 0.187519 0.637192 0.508218 0.037876 0.204375
72 -0.670864 -0.109043 1.602773 -0.923143 -0.347093 0.092911 0.272354 0.301057 0.373775 0.497852 0.658233 0.028413 0.300384 0.140927 0.042913 -0.356225 -0.500955 1.610277 -0.047982 -0.870595 0.142343 1.555486 -0.201599 -0.359908 -0.026464 0.795437 -0.295098 -0.716489 1.359936 -0.293286 -0.041082 -1.090012 -0.537664 -0.256083 0.370871 1.224228 -1.516211 0.019297 0.045079 0.148878 0.542685 1.203224 -0.081603 -0.201907 -0.193870 -0.467193 -0.291721 -0.529496 0.035744 -0.332395 -0.189771 0.952065 0.052751 -0.075424 -1.126239 -0.444841 0.271468 0.058214 -0.684330 -1.888656 -0.079456 -0.464790 -1.660046 -0.111199 0.556627 -0.327486 -1.699329 0.168653 0.296991 0.498486 1.123057 -0.065181 0.206133 -1.420176 0.186609 0.776517 0.111069 0.087408 0.722403 -0.119135 0.835922 0.225244 0.124781 -0.072623 -0.412282 -0.647019 -0.019375 -0.128338 0.553159 -0.257120 0.383144 -0.036194 -0.280557 -0.256893 -0.741499 0.214000 -0.082689 -0.580896 -0.543206 -0.105067 1.189669 0.532207 0.100125 -0.128028 -0.187019 0.062084 0.803225 0.141541 -0.192837 0.046081 -0.412722 -0.634696 -0.460558 -0.098082 -0.059271 1.204002 0.433637 -0.079061 0.276269 0.447491 2.179673 -0.128978 -0.376408 0.057128 -0.350482 1.246462 0.306052 1.875888 -0.141566 0.049436 -0.145663 -0.093413 -0.115881 -0.023656 -0.722228 1.816263 -0.096576 -0.176738 0.280444 0.804929 -0.767240 0.299336 -0.167346 0.366262 -1.074648 0.651344 0.194954 0.065921 -0.379491 0.977811 -0.721994 -0.084741 -0.625529 -1.560914 -0.098699 0.405280 -0.741189 0.318427 -0.918964 0.109030 0.138866 -0.789218 0.155143 0.439325 0.089327 0.152471 0.123061 0.171568 0.633764 0.493244 0.048197 0.187962
73 -0.663704 -0.109236 1.598603 -0.924815 -0.334847 0.084162 0.260613 0.305960 0.377519 0.503007 0.652175 0.038257 0.301390 0.144987 0.031924 -0.364789 -0.487360 1.604706 -0.056190 -0.873093 0.146253 1.550748 -0.189341 -0.347535 -0.034504 0.788629 -0.283630 -0.714923 1.357503 -0.295409 -0.051815 -1.090551 -0.531961 -0.244130 0.373127 1.212754 -1.512409 0.030237 0.034088 0.158648 0.547602 1.202235 -0.078968 -0.189417 -0.199055 -0.474264 -0.296082 -0.533763 0.033693 -0.340017 -0.186654 0.954020 0.062041 -0.069415 -1.126466 -0.439275 0.268281 0.049818 -0.687918 -1.882224 -0.069375 -0.460939 -1.655450 -0.105618 0.561675 -0.331291 -1.693826 0.173853 0.300905 0.504971 1.122590 -0.068171 0.210647 -1.417094 0.195584 0.762276 0.110113 0.091379 0.714798 -0.122688 0.827510 0.234832 0.129551 -0.065732 -0.417435 -0.635011 -0.029984 -0.132435 0.539387 -0.262315 0.387622 -0.036162 -0.289019 -0.252647 -0.740725 0.219296 -0.093083 -0.575480 -0.530836 -0.107489 1.188924 0.527581 0.102895 -0.132163 -0.177857 0.053199 0.788222 0.141317 -0.180758 0.049980 -0.420683 -0.628391 -0.465745 -0.087085 -0.051704 1.203222 0.439632 -0.075277 0.283923 0.434812 2.171199 -0.133082 -0.367163 0.048512 -0.337210 1.233841 0.303305 1.869101 -0.146931 0.047790 -0.151479 -0.100254 -0.115380 -0.022574 -0.709432 1.810114 -0.084293 -0.187230 0.268011 0.807827 -0.772333 0.308654 -0.155561 0.372833 -1.074903 0.657066 0.198077 0.075823 -0.386390 0.965534 -0.726619 -0.089689 -0.619819 -1.556795 -0.103365 0.391917 -0.726489 0.321823 -0.920318 0.111306 0.127104 -0.789901 0.142971 0.442762 0.077626 0.162029 0.124851 0.180370 0.630777 0.499954 0.042504 0.197123
74 -0.659314 -0.107799 1.627599 -0.944908 -0.312510 0.067639 0.240734 0.320020 0.389218 0.519780 0.652393 0.058316 0.306995 0.154902 0.011038 -0.388252 -0.466783 1.632545 -0.069399 -0.893290 0.155663 1.578244 -0.167361 -0.325345 -0.053755 0.792608 -0.260445 -0.731268 1.383452 -0.303322 -0.076451 -1.111481 -0.531164 -0.218466 0.387969 1.205487 -1.539857 0.051935 0.013112 0.180531 0.569196 1.223741 -0.069134 -0.164269 -0.210593 -0.494602 -0.308437 -0.548958 0.023975 -0.359807 -0.182859 0.974559 0.080556 -0.055708 -1.148187 -0.436166 0.269549 0.034691 -0.709726 -1.912228 -0.050637 -0.468269 -1.684259 -0.093038 0.579600 -0.343514 -1.722487 0.185814 0.314171 0.527262 1.143323 -0.076827 0.221935 -1.442104 0.214258 0.743091 0.105294 0.098379 0.709977 -0.132025 0.826112 0.257354 0.140067 -0.052410 -0.432229 -0.619462 -0.051124 -0.142535 0.518902 -0.274998 0.400974 -0.036458 -0.309060 -0.246152 -0.758505 0.231674 -0.117766 -0.576769 -0.510003 -0.114911 1.210685 0.534750 0.110726 -0.141468 -0.164907 0.037283 0.768561 0.142255 -0.156723 0.062086 -0.444264 -0.625302 -0.486306 -0.062607 -0.034909 1.225294 0.457406 -0.065323 0.302425 0.413594 2.203904 -0.143035 -0.357373 0.033028 -0.312331 1.235047 0.309556 1.900637 -0.158512 0.040078 -0.163850 -0.114437 -0.123112 -0.014103 -0.693063 1.840274 -0.058760 -0.210686 0.243802 0.827597 -0.797482 0.333021 -0.132497 0.391670 -1.094961 0.679303 0.205569 0.096470 -0.406645 0.953311 -0.750041 -0.103838 -0.618202 -1.584163 -0.113811 0.367314 -0.705039 0.332571 -0.938765 0.118483 0.105409 -0.811127 0.120969 0.456728 0.056102 0.182506 0.129737 0.200287 0.643298 0.521987 0.030116 0.217252
75 -0.665046 -0.107907 1.609252 -0.930437 -0.332038 0.081764 0.258543 0.308576 0.379398 0.506158 0.654527 0.041113 0.302764 0.146395 0.029595 -0.368875 -0.485725 1.615644 -0.057558 -0.878404 0.147593 1.561240 -0.187063 -0.344833 -0.038107 0.792773 -0.280142 -0.721259 1.366702 -0.296931 -0.055615 -1.096853 -0.533933 -0.240137 0.377721 1.213349 -1.522503 0.032802 0.031734 0.161871 0.552708 1.209296 -0.075815 -0.186162 -0.200297 -0.477921 -0.298170 -0.536770 0.030341 -0.343286 -0.186806 0.959662 0.064651 -0.066825 -1.133139 -0.440541 0.270267 0.047954 -0.693547 -1.893703 -0.066940 -0.465749 -1.666076 -0.103062 0.565403 -0.333766 -1.704823 0.175593 0.304024 0.509597 1.129298 -0.069789 0.212516 -1.426105 0.197963 0.760644 0.108180 0.091496 0.716091 -0.124392 0.830161 0.238191 0.131248 -0.063881 -0.420117 -0.633548 -0.032564 -0.133990 0.537714 -0.264375 0.390022 -0.036221 -0.292115 -0.251509 -0.747513 0.220840 -0.097074 -0.578120 -0.528155 -0.108705 1.195974 0.532771 0.104201 -0.133208 -0.177030 0.051080 0.786928 0.141712 -0.177552 0.053160 -0.425081 -0.629862 -0.470634 -0.083226 -0.048567 1.210370 0.442859 -0.072887 0.286971 0.432366 2.184046 -0.134773 -0.367165 0.046534 -0.334291 1.238987 0.307366 1.881407 -0.148691 0.045009 -0.153436 -0.102503 -0.119102 -0.019159 -0.708164 1.821657 -0.081027 -0.190668 0.264807 0.812858 -0.778124 0.312806 -0.152632 0.376268 -1.081059 0.661667 0.198931 0.078550 -0.390099 0.965497 -0.732195 -0.092996 -0.621663 -1.566942 -0.104853 0.388945 -0.724583 0.323900 -0.925596 0.112584 0.124780 -0.796931 0.140762 0.445967 0.075424 0.164743 0.125570 0.183357 0.637087 0.504252 0.040284 0.199946
76 -0.651472 -0.107686 1.652202 -0.964544 -0.285761 0.048207 0.216282 0.335737 0.402680 0.538406 0.649387 0.081898 0.312820 0.166580 -0.014385 -0.414720 -0.440797 1.655021 -0.085750 -0.913515 0.166739 1.600936 -0.140368 -0.298582 -0.075228 0.792227 -0.233431 -0.744728 1.405933 -0.312075 -0.104962 -1.131308 -0.527300 -0.188845 0.401930 1.194565 -1.563104 0.078114 -0.012412 0.206128 0.591624 1.243232 -0.060070 -0.134339 -0.224731 -0.517457 -0.322537 -0.565711 0.015336 -0.382420 -0.177493 0.994796 0.102402 -0.040532 -1.168575 -0.430148 0.268462 0.016435 -0.731665 -1.936893 -0.028242 -0.471586 -1.708568 -0.079364 0.599067 -0.356911 -1.746023 0.199877 0.328106 0.551310 1.162277 -0.086453 0.234909 -1.463568 0.236674 0.718915 0.101441 0.107795 0.701598 -0.142507 0.820454 0.283570 0.152231 -0.036740 -0.448891 -0.599982 -0.076572 -0.154261 0.493062 -0.289640 0.416034 -0.036815 -0.332310 -0.238815 -0.773362 0.246555 -0.146096 -0.574825 -0.485099 -0.123379 1.230554 0.537318 0.119644 -0.152784 -0.148179 0.018249 0.743236 0.142937 -0.128194 0.074293 -0.470463 -0.619063 -0.507637 -0.034361 -0.016149 1.245430 0.477322 -0.054940 0.323670 0.387773 2.230246 -0.154401 -0.343801 0.014430 -0.282276 1.229368 0.312459 1.926235 -0.172051 0.033409 -0.178206 -0.130843 -0.128493 -0.007274 -0.672168 1.865038 -0.028346 -0.238129 0.215038 0.847611 -0.823842 0.360706 -0.104909 0.412780 -1.113799 0.703384 0.214666 0.121018 -0.429303 0.936511 -0.774317 -0.118669 -0.613465 -1.607187 -0.126131 0.337693 -0.678153 0.344502 -0.956670 0.126542 0.078859 -0.830319 0.093884 0.471481 0.029612 0.206886 0.135469 0.223470 0.651661 0.546212 0.016222 0.241025
77 -0.656140 -0.108890 1.613979 -0.938834 -0.312844 0.067980 0.240260 0.318482 0.388022 0.517457 0.648229 0.057443 0.306014 0.154480 0.011322 -0.385296 -0.465526 1.618047 -0.070155 -0.887749 0.155303 1.564576 -0.167323 -0.325411 -0.051889 0.786372 -0.261548 -0.723909 1.372000 -0.302307 -0.074426 -1.104264 -0.527541 -0.220442 0.383970 1.201033 -1.526986 0.051255 0.013391 0.179114 0.564456 1.215229 -0.071424 -0.165427 -0.210448 -0.492125 -0.307314 -0.546766 0.026529 -0.357765 -0.182060 0.968476 0.080005 -0.056938 -1.140411 -0.433525 0.266704 0.034524 -0.704039 -1.896549 -0.050801 -0.462778 -1.670311 -0.094186 0.576739 -0.341978 -1.707857 0.185339 0.312079 0.523277 1.135449 -0.075962 0.221253 -1.430722 0.213732 0.740993 0.106979 0.099073 0.706702 -0.131321 0.820860 0.255514 0.139724 -0.052815 -0.430656 -0.617380 -0.050562 -0.141994 0.517523 -0.274264 0.399593 -0.036487 -0.307560 -0.245845 -0.751337 0.231267 -0.115549 -0.572575 -0.509829 -0.114238 1.202243 0.528654 0.110105 -0.141348 -0.163494 0.037120 0.765989 0.141863 -0.157690 0.060091 -0.440855 -0.622240 -0.482057 -0.064431 -0.036226 1.216691 0.455200 -0.066581 0.300973 0.413099 2.185705 -0.142499 -0.354821 0.032959 -0.312907 1.225605 0.305203 1.884023 -0.158148 0.042222 -0.163469 -0.113894 -0.119558 -0.016861 -0.690663 1.824596 -0.060142 -0.209161 0.244691 0.822471 -0.791652 0.330382 -0.133219 0.389405 -1.087933 0.675170 0.205479 0.095560 -0.404013 0.949996 -0.744446 -0.101848 -0.615002 -1.571049 -0.113536 0.367775 -0.703447 0.331404 -0.933161 0.117769 0.105478 -0.803560 0.121011 0.454193 0.056098 0.181589 0.129547 0.198891 0.636521 0.518482 0.031028 0.216239
78 -0.667828 -0.108671 1.629962 -0.941445 -0.328684 0.079410 0.255940 0.313195 0.384392 0.512777 0.659278 0.045305 0.305297 0.149520 0.025045 -0.376796 -0.484189 1.636501 -0.058756 -0.888926 0.150470 1.581293 -0.182985 -0.341636 -0.042419 0.799644 -0.275953 -0.730995 1.383956 -0.300369 -0.062212 -1.109284 -0.537646 -0.234473 0.383183 1.220882 -1.541870 0.037979 0.027145 0.167673 0.561729 1.223212 -0.074231 -0.180486 -0.204144 -0.484955 -0.302548 -0.543036 0.028454 -0.349755 -0.186552 0.970780 0.068236 -0.064287 -1.146289 -0.442580 0.272608 0.045778 -0.703753 -1.917540 -0.063979 -0.470639 -1.687312 -0.101234 0.572382 -0.338041 -1.726496 0.178870 0.308104 0.518163 1.142163 -0.072539 0.215754 -1.443565 0.202724 0.762061 0.107666 0.093900 0.719112 -0.126937 0.835954 0.244834 0.133456 -0.061560 -0.425183 -0.635781 -0.037462 -0.136986 0.536653 -0.267927 0.394847 -0.036442 -0.297891 -0.252453 -0.756722 0.224932 -0.103841 -0.582579 -0.526721 -0.111632 1.209866 0.537897 0.106909 -0.136249 -0.176493 0.049180 0.788171 0.142401 -0.172559 0.055626 -0.433406 -0.632664 -0.478355 -0.077422 -0.045660 1.224500 0.449302 -0.071339 0.292162 0.430381 2.211654 -0.137281 -0.369005 0.044406 -0.329459 1.249454 0.310749 1.905949 -0.151242 0.043762 -0.155874 -0.105059 -0.121656 -0.017523 -0.710154 1.845113 -0.074560 -0.196870 0.260123 0.822786 -0.789885 0.320468 -0.147823 0.382632 -1.093108 0.671246 0.201665 0.083656 -0.397217 0.969185 -0.743004 -0.096187 -0.624577 -1.586591 -0.107542 0.384729 -0.724326 0.327759 -0.935727 0.115284 0.120421 -0.807851 0.136384 0.451524 0.070937 0.170192 0.127347 0.188719 0.644013 0.512689 0.038134 0.205314
79 -0.659243 -0.108719 1.607093 -0.932776 -0.321856 0.074531 0.248612 0.313243 0.383439 0.511309 0.649741 0.049543 0.304079 0.150436 0.019944 -0.376633 -0.474446 1.612005 -0.064526 -0.881434 0.151456 1.558360 -0.176496 -0.334468 -0.044817 0.787232 -0.270578 -0.720103 1.365619 -0.299322 -0.064981 -1.098283 -0.529299 -0.230224 0.379650 1.205175 -1.520482 0.042439 0.022050 0.170570 0.557342 1.209503 -0.074219 -0.175448 -0.205514 -0.484604 -0.302541 -0.541228 0.029167 -0.350278 -0.184057 0.962232 0.072647 -0.061960 -1.134310 -0.435918 0.267413 0.040759 -0.697182 -1.889871 -0.058376 -0.462256 -1.663563 -0.098715 0.570391 -0.337511 -1.701463 0.180534 0.307537 0.515545 1.129835 -0.072670 0.216833 -1.424651 0.206129 0.749351 0.108036 0.095612 0.709995 -0.127749 0.823428 0.246814 0.135588 -0.058114 -0.425115 -0.624149 -0.041961 -0.137963 0.526393 -0.269314 0.394533 -0.036350 -0.299803 -0.248376 -0.747053 0.226126 -0.106186 -0.573730 -0.518236 -0.111286 1.196376 0.528485 0.107011 -0.137369 -0.169335 0.043602 0.774822 0.141629 -0.167250 0.056164 -0.432345 -0.624779 -0.475282 -0.073803 -0.042434 1.210758 0.448618 -0.069952 0.293884 0.421891 2.178754 -0.138615 -0.359700 0.039285 -0.323023 1.228693 0.304706 1.877153 -0.153554 0.044228 -0.158596 -0.108368 -0.118132 -0.018861 -0.697977 1.817897 -0.070314 -0.199996 0.254330 0.816188 -0.783327 0.321254 -0.142504 0.382433 -1.082254 0.667403 0.202250 0.087301 -0.396561 0.956046 -0.736815 -0.097015 -0.617040 -1.564665 -0.109286 0.377752 -0.712693 0.327372 -0.927631 0.114979 0.114507 -0.797862 0.130198 0.449400 0.065112 0.173371 0.127530 0.191159 0.634412 0.510608 0.035646 0.208236
80 -0.660486 -0.109187 1.610464 -0.933909 -0.323198 0.075676 0.249984 0.312971 0.383575 0.511413 0.651149 0.048622 0.304060 0.150169 0.020777 -0.376567 -0.476140 1.615669 -0.063303 -0.882404 0.151163 1.561752 -0.177551 -0.335885 -0.043972 0.788872 -0.271794 -0.721293 1.368223 -0.299370 -0.064394 -1.099776 -0.530510 -0.231090 0.379485 1.208432 -1.523601 0.041737 0.022893 0.169948 0.557774 1.211445 -0.074926 -0.176282 -0.205323 -0.484432 -0.302380 -0.541310 0.029811 -0.350104 -0.184334 0.963342 0.071634 -0.062719 -1.135966 -0.436813 0.267963 0.041858 -0.697951 -1.894283 -0.059590 -0.462708 -1.667201 -0.099600 0.570417 -0.337293 -1.705287 0.180069 0.307136 0.515810 1.131503 -0.072464 0.216398 -1.427402 0.205469 0.751993 0.108394 0.095547 0.711362 -0.127331 0.825392 0.246433 0.134905 -0.058832 -0.424876 -0.626762 -0.041164 -0.137636 0.528244 -0.268806 0.394365 -0.036322 -0.299308 -0.249529 -0.747707 0.225904 -0.105610 -0.574906 -0.520073 -0.111291 1.198280 0.529037 0.106880 -0.137185 -0.170630 0.044915 0.777445 0.141681 -0.168248 0.055416 -0.432376 -0.625869 -0.475378 -0.074646 -0.043470 1.212720 0.448574 -0.070712 0.293337 0.423636 2.184188 -0.138100 -0.361405 0.040403 -0.324074 1.231978 0.304809 1.881620 -0.152890 0.044799 -0.157781 -0.107446 -0.117897 -0.019477 -0.700572 1.822197 -0.070931 -0.199308 0.255408 0.817022 -0.784239 0.320929 -0.143462 0.382218 -1.083701 0.667884 0.202141 0.086637 -0.396478 0.958499 -0.737634 -0.096282 -0.617959 -1.567918 -0.108806 0.378989 -0.714954 0.327170 -0.928607 0.114919 0.115484 -0.798823 0.131140 0.449424 0.066048 0.172790 0.127420 0.190619 0.634841 0.510780 0.036386 0.207624
81 -0.645563 -0.109027 1.645372 -0.964190 -0.277750 0.042467 0.208071 0.338990 0.405679 0.541781 0.643871 0.088393 0.313548 0.169779 -0.022137 -0.419941 -0.431220 1.646580 -0.091847 -0.913917 0.169830 1.593450 -0.131772 -0.290301 -0.079873 0.785201 -0.226261 -0.740813 1.400728 -0.313738 -0.111687 -1.129763 -0.522075 -0.181724 0.401725 1.186554 -1.556658 0.085707 -0.020185 0.212620 0.593510 1.240266 -0.059981 -0.126189 -0.229088 -0.522034 -0.325752 -0.568623 0.015707 -0.387346 -0.174919 0.994591 0.108682 -0.037204 -1.166591 -0.425319 0.264894 0.010492 -0.732386 -1.927979 -0.021381 -0.466286 -1.701330 -0.076427 0.602109 -0.359417 -1.737830 0.203768 0.330132 0.554595 1.159778 -0.088460 0.238219 -1.458169 0.243228 0.709193 0.102220 0.111647 0.695424 -0.144975 0.812955 0.289916 0.155631 -0.032225 -0.452442 -0.591790 -0.083997 -0.157331 0.483420 -0.293420 0.419269 -0.036927 -0.338036 -0.236323 -0.769977 0.250832 -0.152523 -0.569555 -0.477223 -0.125276 1.227741 0.531111 0.121736 -0.156254 -0.141267 0.012092 0.732607 0.142747 -0.120298 0.075739 -0.475079 -0.613764 -0.509678 -0.027551 -0.011766 1.242568 0.481207 -0.053227 0.328782 0.379217 2.219231 -0.157344 -0.336661 0.008457 -0.273463 1.217320 0.308271 1.916559 -0.175901 0.033885 -0.182298 -0.135431 -0.125988 -0.008462 -0.663193 1.856135 -0.020248 -0.245089 0.206981 0.848397 -0.825871 0.366503 -0.097010 0.417007 -1.112156 0.706561 0.217480 0.127789 -0.433634 0.927745 -0.775930 -0.120999 -0.608456 -1.600434 -0.129670 0.328902 -0.668093 0.346959 -0.956239 0.128251 0.070552 -0.827990 0.085322 0.473329 0.021231 0.213623 0.137041 0.229299 0.646508 0.550110 0.012909 0.247456
82 -0.651937 -0.107940 1.646287 -0.960850 -0.289392 0.050746 0.219403 0.333495 0.400806 0.535590 0.648986 0.078644 0.311979 0.165076 -0.010975 -0.410664 -0.444023 1.649137 -0.083883 -0.909843 0.165333 1.595222 -0.143950 -0.302134 -0.072102 0.791074 -0.237228 -0.741574 1.400725 -0.310849 -0.100771 -1.127371 -0.527100 -0.193244 0.399394 1.195140 -1.557514 0.074506 -0.008995 0.202503 0.587748 1.239071 -0.061710 -0.138606 -0.222964 -0.514081 -0.320594 -0.563236 0.016950 -0.379077 -0.178055 0.991020 0.099481 -0.042772 -1.164444 -0.430448 0.268033 0.018710 -0.727667 -1.930484 -0.031177 -0.470152 -1.702587 -0.081370 0.596089 -0.354992 -1.739988 0.198054 0.326004 0.547345 1.158320 -0.085102 0.233213 -1.458532 0.233727 0.721683 0.102335 0.106789 0.702115 -0.141109 0.820170 0.279764 0.150688 -0.038885 -0.446532 -0.602074 -0.073125 -0.152720 0.496239 -0.287710 0.413933 -0.036807 -0.329037 -0.239680 -0.770099 0.244639 -0.141903 -0.574279 -0.488379 -0.122218 1.226356 0.535861 0.118442 -0.151379 -0.150023 0.020592 0.746052 0.142802 -0.132189 0.072360 -0.466358 -0.619343 -0.504012 -0.038469 -0.018796 1.241156 0.474349 -0.056500 0.320704 0.391063 2.223052 -0.152932 -0.345006 0.016762 -0.286451 1.228193 0.311295 1.919504 -0.170319 0.034699 -0.176390 -0.128698 -0.127123 -0.008680 -0.674390 1.858595 -0.032724 -0.234254 0.219067 0.844027 -0.819270 0.356572 -0.108715 0.409685 -1.110042 0.699492 0.213572 0.117621 -0.425910 0.938115 -0.770042 -0.116398 -0.613535 -1.601554 -0.124571 0.341769 -0.681410 0.342863 -0.953336 0.125431 0.082386 -0.826344 0.097514 0.469169 0.033111 0.203556 0.134765 0.220176 0.649360 0.542407 0.018217 0.237786
83 -0.660410 -0.108526 1.608173 -0.932714 -0.323496 0.075674 0.250248 0.312577 0.382846 0.510577 0.650768 0.048223 0.303917 0.149800 0.021511 -0.375535 -0.476356 1.613345 -0.063382 -0.881229 0.150849 1.559542 -0.178229 -0.336140 -0.043846 0.788490 -0.272070 -0.720670 1.366401 -0.298987 -0.063558 -1.098434 -0.530268 -0.231748 0.379554 1.206735 -1.521498 0.040894 0.023623 0.169232 0.556824 1.209921 -0.074366 -0.177149 -0.204671 -0.483676 -0.301897 -0.540644 0.029231 -0.349233 -0.184580 0.962136 0.071389 -0.062699 -1.134533 -0.436840 0.268039 0.041919 -0.696879 -1.891305 -0.059747 -0.463129 -1.664701 -0.099367 0.569756 -0.337001 -1.702771 0.179766 0.307101 0.514767 1.130165 -0.072237 0.216185 -1.425491 0.204841 0.751275 0.107976 0.094883 0.711212 -0.127251 0.824838 0.245510 0.134919 -0.059050 -0.424408 -0.625747 -0.040458 -0.137345 0.528303 -0.268568 0.393886 -0.036330 -0.298645 -0.248896 -0.747526 0.225286 -0.104816 -0.574690 -0.519854 -0.110883 1.196757 0.529530 0.106574 -0.136687 -0.170650 0.044798 0.776903 0.141647 -0.168882 0.055784 -0.431349 -0.625817 -0.474744 -0.075236 -0.043339 1.211148 0.447786 -0.070345 0.292854 0.423601 2.180550 -0.138034 -0.361035 0.040449 -0.324845 1.230905 0.305381 1.878710 -0.152804 0.044247 -0.157805 -0.107466 -0.118480 -0.018771 -0.699723 1.819314 -0.072004 -0.198569 0.255999 0.815906 -0.782806 0.320030 -0.144121 0.381573 -1.082434 0.666711 0.201702 0.085916 -0.395667 0.957770 -0.736355 -0.096471 -0.618011 -1.565722 -0.108582 0.379560 -0.714702 0.326887 -0.927601 0.114615 0.116187 -0.798115 0.131933 0.448990 0.066798 0.172019 0.127215 0.189963 0.635232 0.509779 0.036358 0.206950
84 -0.654258 -0.108205 1.633111 -0.951410 -0.300076 0.058645 0.229015 0.326695 0.394959 0.527482 0.649128 0.069034 0.309271 0.160146 -0.000784 -0.399378 -0.453982 1.636654 -0.077465 -0.900307 0.160653 1.582827 -0.154650 -0.312778 -0.063021 0.789645 -0.248227 -0.734246 1.388919 -0.306933 -0.088948 -1.117549 -0.527741 -0.205397 0.392727 1.198329 -1.545060 0.063943 0.001241 0.191936 0.577616 1.229093 -0.065903 -0.150715 -0.217116 -0.504224 -0.314521 -0.555834 0.021071 -0.369524 -0.180026 0.981330 0.090603 -0.049125 -1.154267 -0.432182 0.267766 0.026028 -0.717488 -1.916839 -0.040160 -0.467345 -1.689473 -0.087129 0.587457 -0.349096 -1.727043 0.192181 0.319771 0.536797 1.148700 -0.080899 0.227697 -1.447125 0.224561 0.730757 0.104222 0.103039 0.704622 -0.136593 0.821127 0.268865 0.145622 -0.045217 -0.439352 -0.609331 -0.062835 -0.147755 0.506098 -0.281541 0.407406 -0.036629 -0.319320 -0.242578 -0.762268 0.238435 -0.130098 -0.573985 -0.498200 -0.118513 1.216234 0.533214 0.114572 -0.146667 -0.156384 0.028249 0.755483 0.142386 -0.143733 0.066928 -0.455063 -0.621046 -0.494440 -0.050136 -0.026671 1.230908 0.465772 -0.061006 0.311764 0.401219 2.208186 -0.148101 -0.349809 0.024243 -0.298455 1.228185 0.308953 1.905282 -0.164711 0.037908 -0.170421 -0.121908 -0.124031 -0.012145 -0.682137 1.844932 -0.045091 -0.222891 0.230661 0.834707 -0.807231 0.344842 -0.119842 0.400551 -1.100653 0.688743 0.209743 0.107599 -0.416091 0.943913 -0.758937 -0.109913 -0.614588 -1.589159 -0.119437 0.353584 -0.691668 0.337620 -0.944652 0.121882 0.092961 -0.816757 0.108255 0.462509 0.043654 0.193555 0.132307 0.210568 0.644168 0.531784 0.023988 0.227972
85 -0.656279 -0.110793 1.561545 -0.907310 -0.337683 0.086732 0.261628 0.300033 0.372057 0.495029 0.642016 0.033968 0.297773 0.142085 0.035141 -0.354674 -0.486321 1.566264 -0.056111 -0.856899 0.143560 1.514201 -0.191793 -0.349957 -0.028080 0.773489 -0.288464 -0.696101 1.326541 -0.291192 -0.044349 -1.070262 -0.523446 -0.251141 0.362503 1.201176 -1.477527 0.025932 0.037359 0.152549 0.533865 1.178540 -0.084170 -0.194829 -0.196183 -0.465241 -0.291071 -0.525575 0.039563 -0.332659 -0.185359 0.936567 0.058614 -0.073248 -1.104782 -0.433378 0.262041 0.051369 -0.671741 -1.839931 -0.071798 -0.448015 -1.617632 -0.108931 0.551983 -0.325519 -1.654602 0.170677 0.294225 0.492912 1.100683 -0.064776 0.207027 -1.385978 0.191469 0.758112 0.113285 0.090947 0.707097 -0.119529 0.814942 0.227484 0.127118 -0.067855 -0.411098 -0.630494 -0.025996 -0.129384 0.537965 -0.258432 0.381805 -0.035893 -0.282641 -0.251895 -0.722090 0.215789 -0.085090 -0.565415 -0.531765 -0.104418 1.165459 0.513497 0.099971 -0.129876 -0.176343 0.054751 0.783366 0.140325 -0.185608 0.044693 -0.409545 -0.621141 -0.453512 -0.094017 -0.056364 1.179240 0.431934 -0.078998 0.277850 0.435573 2.122434 -0.130194 -0.362274 0.050243 -0.341109 1.211317 0.293294 1.824723 -0.144309 0.052487 -0.148763 -0.097196 -0.107396 -0.028660 -0.704567 1.768068 -0.090421 -0.180785 0.272579 0.792753 -0.754920 0.299402 -0.159885 0.364537 -1.055087 0.643782 0.195955 0.071127 -0.377069 0.957869 -0.710306 -0.083958 -0.612143 -1.521381 -0.100911 0.395439 -0.724246 0.316920 -0.904152 0.108253 0.129871 -0.769724 0.145641 0.434527 0.080305 0.156948 0.123189 0.174499 0.614156 0.488434 0.045535 0.191811
86 -0.661752 -0.107647 1.621925 -0.939998 -0.319507 0.072786 0.247224 0.315826 0.385502 0.514844 0.653519 0.052147 0.305386 0.151633 0.017771 -0.381463 -0.473665 1.627525 -0.065009 -0.888194 0.152553 1.573098 -0.174497 -0.332383 -0.048186 0.793171 -0.267505 -0.728052 1.378226 -0.300862 -0.069066 -1.106624 -0.532500 -0.226095 0.384460 1.208612 -1.534503 0.045072 0.019881 0.173831 0.563518 1.219052 -0.071380 -0.172071 -0.206628 -0.488678 -0.304593 -0.544511 0.026126 -0.353876 -0.184475 0.969527 0.074801 -0.059674 -1.143230 -0.438021 0.270062 0.039575 -0.704231 -1.906692 -0.056537 -0.467696 -1.678692 -0.096623 0.574540 -0.339913 -1.717195 0.181984 0.310525 0.521137 1.138728 -0.074128 0.218390 -1.437101 0.208265 0.749497 0.106119 0.095551 0.712555 -0.129145 0.828072 0.250557 0.136787 -0.056588 -0.427821 -0.624648 -0.044397 -0.139285 0.525733 -0.271062 0.396907 -0.036337 -0.302961 -0.248132 -0.754953 0.227547 -0.110432 -0.577607 -0.516508 -0.112460 1.205881 0.534461 0.108178 -0.138239 -0.169460 0.042365 0.775351 0.142019 -0.164177 0.058937 -0.437581 -0.627290 -0.480918 -0.069935 -0.039800 1.220444 0.452148 -0.067987 0.296819 0.420415 2.198140 -0.139921 -0.361147 0.037991 -0.320190 1.237369 0.309033 1.894944 -0.154883 0.041707 -0.159999 -0.110092 -0.121888 -0.015764 -0.698690 1.834728 -0.066673 -0.203516 0.251313 0.822545 -0.790892 0.325850 -0.139745 0.386147 -1.090326 0.673155 0.202921 0.089991 -0.400744 0.957970 -0.743976 -0.099981 -0.619788 -1.578902 -0.110403 0.375067 -0.712172 0.329302 -0.934263 0.116173 0.112457 -0.806491 0.128098 0.452865 0.063116 0.176041 0.128071 0.194222 0.641439 0.515772 0.033753 0.210942
87 -0.651750 -0.108044 1.646299 -0.960905 -0.289149 0.050667 0.219161 0.333542 0.400894 0.535741 0.648862 0.078857 0.311950 0.165123 -0.011266 -0.410885 -0.443735 1.649121 -0.083958 -0.909925 0.165365 1.595212 -0.143632 -0.301882 -0.072176 0.790892 -0.236993 -0.741429 1.400715 -0.310864 -0.101060 -1.127381 -0.526982 -0.192920 0.399331 1.195095 -1.557508 0.074810 -0.009284 0.202754 0.587899 1.239065 -0.061783 -0.138242 -0.223078 -0.514168 -0.320652 -0.563308 0.017047 -0.379307 -0.177955 0.991070 0.099656 -0.042681 -1.164450 -0.430299 0.267932 0.018613 -0.727791 -1.930532 -0.031000 -0.469901 -1.702616 -0.081334 0.596137 -0.355009 -1.739994 0.198112 0.325964 0.547568 1.158307 -0.085113 0.233237 -1.458526 0.233917 0.721540 0.102387 0.106907 0.701925 -0.141095 0.820011 0.280019 0.150703 -0.038728 -0.446603 -0.602017 -0.073396 -0.152758 0.495956 -0.287761 0.413991 -0.036784 -0.329217 -0.239728 -0.769955 0.244748 -0.142187 -0.574140 -0.488209 -0.122252 1.226355 0.535567 0.118462 -0.151453 -0.149883 0.020535 0.745855 0.142790 -0.131884 0.072324 -0.466556 -0.619167 -0.504125 -0.038206 -0.018770 1.241163 0.474514 -0.056543 0.320835 0.390860 2.223137 -0.152924 -0.344888 0.016681 -0.286079 1.227974 0.311065 1.919529 -0.170359 0.034788 -0.176395 -0.128718 -0.126956 -0.008826 -0.674278 1.858636 -0.032348 -0.234481 0.218752 0.844136 -0.819373 0.356799 -0.108413 0.409742 -1.110042 0.699591 0.213624 0.117875 -0.426000 0.937922 -0.770167 -0.116402 -0.613348 -1.601555 -0.124614 0.341435 -0.681176 0.342871 -0.953344 0.125443 0.082072 -0.826314 0.097185 0.469189 0.032799 0.203792 0.134781 0.220392 0.649084 0.542520 0.018140 0.237980
88 -0.662553 -0.107671 1.618142 -0.937117 -0.322970 0.075328 0.250386 0.313662 0.383637 0.512259 0.653699 0.049019 0.304526 0.150058 0.021113 -0.377845 -0.476975 1.624023 -0.062839 -0.885255 0.151054 1.569585 -0.178008 -0.335837 -0.045324 0.792950 -0.271006 -0.726040 1.374803 -0.299636 -0.065275 -1.103654 -0.532830 -0.229948 0.382472 1.209725 -1.530926 0.041600 0.023235 0.170413 0.560390 1.216088 -0.072592 -0.175977 -0.204726 -0.485494 -0.302654 -0.542151 0.027295 -0.350816 -0.185098 0.966548 0.071895 -0.061665 -1.140171 -0.438657 0.270106 0.041980 -0.701118 -1.902822 -0.059487 -0.467064 -1.674939 -0.098409 0.571794 -0.338047 -1.713525 0.180077 0.308580 0.517821 1.135866 -0.072847 0.216616 -1.433800 0.205266 0.752528 0.106624 0.094325 0.713415 -0.127716 0.828546 0.247011 0.135128 -0.058617 -0.425499 -0.627088 -0.041032 -0.137701 0.529009 -0.269046 0.394812 -0.036271 -0.299802 -0.249056 -0.752719 0.225535 -0.106655 -0.577663 -0.519687 -0.111332 1.202878 0.533906 0.106984 -0.136728 -0.171599 0.044874 0.778510 0.141895 -0.167901 0.057285 -0.433978 -0.627888 -0.477951 -0.073656 -0.042281 1.217397 0.449412 -0.069377 0.293935 0.423727 2.193952 -0.138370 -0.362812 0.040432 -0.324076 1.237711 0.308503 1.890938 -0.153041 0.042605 -0.158043 -0.107879 -0.121100 -0.016708 -0.701281 1.830864 -0.070676 -0.199829 0.255043 0.819652 -0.787135 0.322098 -0.143345 0.383226 -1.087497 0.669751 0.201685 0.086735 -0.397619 0.959902 -0.740528 -0.097976 -0.620184 -1.575344 -0.108745 0.378880 -0.715548 0.327637 -0.931613 0.115090 0.115921 -0.803681 0.131643 0.450786 0.066599 0.172789 0.127288 0.191104 0.640083 0.512401 0.035582 0.207757
89 -0.654582 -0.108589 1.619353 -0.942762 -0.307204 0.063977 0.235234 0.321493 0.390416 0.521029 0.647677 0.062281 0.306984 0.156587 0.006190 -0.390702 -0.460084 1.623141 -0.073377 -0.891774 0.157285 1.569635 -0.161791 -0.319810 -0.056379 0.786484 -0.255831 -0.726840 1.376892 -0.303810 -0.080327 -1.108241 -0.526853 -0.214064 0.386893 1.198469 -1.532073 0.056571 0.008246 0.184297 0.569096 1.219234 -0.069296 -0.159168 -0.212967 -0.496617 -0.309912 -0.549890 0.024525 -0.362277 -0.181049 0.972505 0.084424 -0.053714 -1.144539 -0.432370 0.266645 0.030873 -0.708581 -1.902009 -0.046222 -0.463661 -1.675643 -0.091253 0.580511 -0.344485 -1.713115 0.187973 0.314830 0.528238 1.139324 -0.077759 0.223653 -1.435339 0.218103 0.735821 0.105866 0.100598 0.705011 -0.133272 0.819830 0.260826 0.142037 -0.049561 -0.433822 -0.613218 -0.055683 -0.144155 0.512063 -0.277014 0.402372 -0.036490 -0.312162 -0.244262 -0.754531 0.233965 -0.121406 -0.572282 -0.504463 -0.115720 1.206310 0.529456 0.111697 -0.143339 -0.160144 0.033297 0.760666 0.141911 -0.151738 0.062692 -0.446226 -0.621000 -0.486508 -0.058515 -0.032280 1.220841 0.459080 -0.064342 0.305157 0.407695 2.191625 -0.144612 -0.352072 0.029201 -0.306595 1.224836 0.305995 1.889799 -0.160747 0.040613 -0.166226 -0.117164 -0.120910 -0.015216 -0.686256 1.830142 -0.053842 -0.214681 0.238629 0.826468 -0.797004 0.335986 -0.127510 0.393541 -1.091696 0.679938 0.206985 0.100507 -0.408501 0.946329 -0.749431 -0.104941 -0.614074 -1.576123 -0.115816 0.361515 -0.697732 0.333552 -0.936668 0.119193 0.100093 -0.807682 0.115471 0.457045 0.050770 0.186427 0.130496 0.203565 0.638420 0.523341 0.028099 0.220936
90 -0.654275 -0.107110 1.660438 -0.968080 -0.287057 0.048857 0.217894 0.336388 0.403286 0.539373 0.652573 0.081312 0.313567 0.166676 -0.013302 -0.415517 -0.443204 1.663767 -0.084618 -0.916646 0.166831 1.609188 -0.141859 -0.300009 -0.075523 0.796695 -0.234195 -0.749344 1.412786 -0.312735 -0.104860 -1.135704 -0.530082 -0.189371 0.404204 1.198598 -1.570883 0.077235 -0.011335 0.205903 0.593826 1.248447 -0.059054 -0.135296 -0.224553 -0.518442 -0.323033 -0.566882 0.014045 -0.382806 -0.178336 0.998362 0.101780 -0.040533 -1.173314 -0.432386 0.270458 0.017285 -0.734578 -1.946418 -0.029209 -0.475416 -1.716983 -0.079324 0.600530 -0.357723 -1.754866 0.199875 0.329209 0.552827 1.167096 -0.086848 0.235152 -1.470486 0.236190 0.721751 0.100725 0.107195 0.704515 -0.142829 0.824498 0.283596 0.152194 -0.037361 -0.449560 -0.602448 -0.075740 -0.154401 0.495584 -0.289822 0.416702 -0.036902 -0.332431 -0.239372 -0.777836 0.246514 -0.146154 -0.577953 -0.486699 -0.123732 1.235720 0.541582 0.119945 -0.152674 -0.149934 0.019085 0.746420 0.143260 -0.129128 0.075135 -0.471602 -0.621712 -0.509543 -0.034632 -0.016100 1.250651 0.478102 -0.054518 0.323903 0.389490 2.241305 -0.154590 -0.346268 0.015256 -0.283683 1.236157 0.315482 1.936275 -0.171941 0.032353 -0.178123 -0.130660 -0.130694 -0.005724 -0.674928 1.874479 -0.029111 -0.237985 0.216123 0.850401 -0.826885 0.361309 -0.105920 0.413712 -1.118118 0.705449 0.214679 0.120463 -0.430353 0.940038 -0.777148 -0.119407 -0.616157 -1.615085 -0.126063 0.339160 -0.680839 0.345186 -0.960084 0.126949 0.080187 -0.834711 0.095327 0.472866 0.030921 0.206464 0.135603 0.223357 0.656252 0.547730 0.016339 0.240769
91 -0.663364 -0.107511 1.623288 -0.940035 -0.321970 0.074381 0.249587 0.315071 0.384937 0.514014 0.654939 0.050253 0.305375 0.150969 0.019978 -0.379884 -0.476496 1.629173 -0.063492 -0.888036 0.151930 1.574570 -0.177005 -0.334872 -0.046781 0.794875 -0.269763 -0.728886 1.379212 -0.300632 -0.066969 -1.106968 -0.533809 -0.228509 0.384380 1.211015 -1.535784 0.042867 0.022086 0.171953 0.562782 1.219715 -0.071679 -0.174636 -0.205709 -0.487504 -0.303918 -0.543917 0.026267 -0.352482 -0.185140 0.969526 0.073048 -0.060764 -1.143653 -0.439285 0.270860 0.041143 -0.703799 -1.908499 -0.058485 -0.468933 -1.680125 -0.097588 0.573826 -0.339399 -1.718820 0.181097 0.310046 0.520013 1.139286 -0.073696 0.217688 -1.438215 0.206588 0.752382 0.106214 0.094813 0.714255 -0.128625 0.829977 0.248711 0.136001 -0.057929 -0.427012 -0.627018 -0.042297 -0.138620 0.528608 -0.270210 0.396240 -0.036374 -0.301423 -0.248873 -0.755640 0.226622 -0.108421 -0.578923 -0.518981 -0.112117 1.206501 0.535894 0.107778 -0.137534 -0.171266 0.043971 0.778423 0.142143 -0.166607 0.058413 -0.436152 -0.628737 -0.480136 -0.072088 -0.041102 1.221056 0.451138 -0.068568 0.295492 0.422943 2.200358 -0.139294 -0.363013 0.039574 -0.322946 1.240238 0.309988 1.896848 -0.153966 0.041813 -0.159045 -0.108919 -0.122325 -0.015676 -0.701258 1.836472 -0.069195 -0.201536 0.253836 0.822258 -0.790193 0.324134 -0.142116 0.385091 -1.090725 0.672292 0.202437 0.088065 -0.399608 0.960573 -0.743343 -0.099242 -0.621151 -1.580231 -0.109618 0.377815 -0.715188 0.328864 -0.934406 0.115870 0.114845 -0.806803 0.130607 0.452453 0.065492 0.174215 0.127821 0.192563 0.642638 0.514670 0.034789 0.209239
92 -0.660509 -0.107468 1.631881 -0.946893 -0.312540 0.067531 0.240974 0.320595 0.389679 0.520547 0.653835 0.058537 0.307407 0.155099 0.011040 -0.389153 -0.467348 1.637023 -0.069205 -0.895100 0.155845 1.582496 -0.167506 -0.325427 -0.054353 0.794710 -0.260208 -0.733658 1.387058 -0.303725 -0.077001 -1.113874 -0.532413 -0.218046 0.389308 1.207064 -1.543900 0.052048 0.013110 0.180950 0.570662 1.226501 -0.068444 -0.164085 -0.210697 -0.495481 -0.308882 -0.549789 0.023174 -0.360427 -0.183196 0.976578 0.080719 -0.055391 -1.150757 -0.437122 0.270483 0.034725 -0.711498 -1.917090 -0.050618 -0.470133 -1.688608 -0.092735 0.580632 -0.344112 -1.727024 0.186041 0.314946 0.528450 1.145893 -0.077133 0.222256 -1.445701 0.214459 0.743857 0.104830 0.098164 0.711207 -0.132328 0.827920 0.257889 0.140266 -0.052388 -0.432841 -0.620148 -0.051241 -0.142763 0.519503 -0.275338 0.401526 -0.036491 -0.309570 -0.246263 -0.760879 0.231865 -0.118392 -0.578208 -0.510186 -0.115150 1.213431 0.536823 0.110958 -0.141543 -0.165382 0.037281 0.769477 0.142381 -0.156550 0.062740 -0.445321 -0.626451 -0.487626 -0.062125 -0.034479 1.228070 0.458130 -0.064894 0.302951 0.413826 2.209513 -0.143297 -0.358225 0.033033 -0.312343 1.238165 0.311040 1.905776 -0.158710 0.039421 -0.164074 -0.114668 -0.124272 -0.013222 -0.693863 1.845106 -0.058493 -0.211168 0.243685 0.829246 -0.799396 0.333859 -0.132392 0.392482 -1.097291 0.680701 0.205654 0.096696 -0.407549 0.954560 -0.751828 -0.104487 -0.619398 -1.588254 -0.113962 0.367356 -0.705685 0.333065 -0.940655 0.118750 0.105497 -0.813552 0.121097 0.457634 0.056187 0.182783 0.129852 0.200697 0.645612 0.523147 0.029881 0.217591
93 -0.663003 -0.107769 1.618834 -0.937718 -0.323238 0.075225 0.250522 0.314084 0.384112 0.512660 0.654075 0.049044 0.304936 0.150399 0.021176 -0.378012 -0.477348 1.624539 -0.063099 -0.885819 0.151414 1.570158 -0.178205 -0.336051 -0.045461 0.793395 -0.271216 -0.726529 1.375397 -0.300063 -0.065195 -1.104370 -0.533104 -0.230351 0.382863 1.210336 -1.531582 0.041525 0.023287 0.170496 0.560636 1.216800 -0.072608 -0.176304 -0.205099 -0.485976 -0.303093 -0.542749 0.027231 -0.351002 -0.185221 0.967185 0.072026 -0.061718 -1.140885 -0.438940 0.270223 0.041816 -0.701436 -1.903453 -0.059451 -0.467520 -1.675564 -0.098428 0.572370 -0.338532 -1.714111 0.180428 0.309040 0.517967 1.136562 -0.073090 0.217045 -1.434472 0.205548 0.752875 0.106802 0.094589 0.713884 -0.128063 0.828955 0.247113 0.135471 -0.058714 -0.425994 -0.627253 -0.041044 -0.138019 0.529405 -0.269477 0.395329 -0.036374 -0.300098 -0.249065 -0.753320 0.225914 -0.106616 -0.578008 -0.520025 -0.111594 1.203587 0.534381 0.107262 -0.137042 -0.171571 0.044641 0.778846 0.142030 -0.168122 0.057458 -0.434177 -0.628330 -0.478180 -0.073786 -0.042151 1.218081 0.449758 -0.069272 0.294297 0.423912 2.194556 -0.138747 -0.362883 0.040272 -0.324481 1.238148 0.308866 1.891527 -0.153373 0.042592 -0.158443 -0.108174 -0.121274 -0.016605 -0.701491 1.831410 -0.070951 -0.199989 0.255352 0.820136 -0.787622 0.322292 -0.143523 0.383694 -1.088225 0.670273 0.202059 0.086770 -0.398036 0.960487 -0.740904 -0.098178 -0.620657 -1.575948 -0.109064 0.379276 -0.715964 0.328156 -0.932313 0.115365 0.116048 -0.804140 0.131855 0.451269 0.066673 0.172957 0.127553 0.191234 0.640733 0.512796 0.035597 0.208007
94 -0.662435 -0.106946 1.640639 -0.951166 -0.311892 0.066900 0.240780 0.322065 0.390952 0.522513 0.656408 0.059562 0.308320 0.155811 0.010319 -0.391576 -0.467700 1.646127 -0.069204 -0.899066 0.156512 1.591161 -0.167011 -0.324905 -0.055951 0.798553 -0.259097 -0.738439 1.394463 -0.304741 -0.078803 -1.118903 -0.534591 -0.216479 0.392096 1.209861 -1.552169 0.053021 0.012384 0.182409 0.574024 1.232233 -0.067002 -0.162888 -0.211335 -0.497729 -0.310100 -0.551767 0.021546 -0.362209 -0.183604 0.980923 0.081568 -0.054417 -1.156127 -0.438670 0.272152 0.034351 -0.715439 -1.927029 -0.050024 -0.473573 -1.697525 -0.091842 0.583049 -0.345558 -1.736278 0.186837 0.316685 0.531353 1.151236 -0.077986 0.223176 -1.453085 0.215417 0.744750 0.103924 0.098140 0.713189 -0.133163 0.831091 0.259629 0.140916 -0.051913 -0.434397 -0.621066 -0.052166 -0.143526 0.519959 -0.276330 0.402951 -0.036556 -0.311133 -0.246326 -0.765617 0.232670 -0.120314 -0.580789 -0.509936 -0.115886 1.219141 0.540596 0.111677 -0.142058 -0.165868 0.036869 0.770604 0.142666 -0.155462 0.064191 -0.448016 -0.628337 -0.490653 -0.060495 -0.033285 1.233856 0.460029 -0.063910 0.304451 0.413645 2.220957 -0.144070 -0.359529 0.032619 -0.311523 1.243782 0.313759 1.916236 -0.159396 0.038102 -0.164813 -0.115477 -0.126468 -0.011503 -0.694944 1.854988 -0.057096 -0.212801 0.242698 0.832921 -0.803715 0.336164 -0.131445 0.394550 -1.102176 0.683986 0.206124 0.097800 -0.409840 0.956508 -0.755849 -0.106020 -0.621403 -1.596626 -0.114583 0.366631 -0.706248 0.334288 -0.944675 0.119507 0.104908 -0.818564 0.120539 0.459684 0.055585 0.183960 0.130242 0.202095 0.649997 0.525980 0.029099 0.218846
95 -0.658745 -0.107909 1.626567 -0.944750 -0.311678 0.066999 0.239856 0.320367 0.389496 0.520074 0.651784 0.058995 0.307083 0.155227 0.010258 -0.388742 -0.465765 1.631277 -0.070122 -0.893221 0.155981 1.577115 -0.166491 -0.324459 -0.054259 0.791808 -0.259705 -0.730711 1.382647 -0.303472 -0.077105 -1.111193 -0.530594 -0.217798 0.387928 1.204512 -1.538881 0.052691 0.012327 0.181197 0.569279 1.223255 -0.069137 -0.163489 -0.211027 -0.495092 -0.308769 -0.549268 0.024025 -0.360264 -0.182650 0.974436 0.081240 -0.055388 -1.147841 -0.435678 0.269145 0.034018 -0.709663 -1.910866 -0.049882 -0.467688 -1.683142 -0.092747 0.579923 -0.343790 -1.721247 0.186244 0.314413 0.527491 1.142909 -0.077003 0.222311 -1.441274 0.214959 0.741951 0.105396 0.098719 0.709373 -0.132300 0.825283 0.257983 0.140479 -0.051981 -0.432628 -0.618442 -0.051883 -0.142850 0.517857 -0.275440 0.401322 -0.036489 -0.309664 -0.245846 -0.758076 0.232106 -0.118395 -0.576187 -0.509139 -0.115052 1.210217 0.534082 0.110906 -0.141796 -0.164130 0.036557 0.767332 0.142205 -0.155932 0.062249 -0.444690 -0.624795 -0.486440 -0.061924 -0.034414 1.224811 0.457765 -0.065103 0.302979 0.412642 2.202231 -0.143375 -0.356542 0.032354 -0.311466 1.233644 0.309114 1.899185 -0.158968 0.040139 -0.164345 -0.114972 -0.122831 -0.014234 -0.691975 1.838905 -0.057997 -0.211411 0.243002 0.827568 -0.797605 0.333598 -0.131705 0.392118 -1.094664 0.679589 0.205834 0.097144 -0.407082 0.952342 -0.750100 -0.104086 -0.617731 -1.583133 -0.114194 0.366435 -0.703919 0.332844 -0.938633 0.118622 0.104569 -0.810755 0.120111 0.456914 0.055239 0.183196 0.129895 0.200873 0.642733 0.522353 0.029781 0.217926
96 -0.674887 -0.108055 1.616040 -0.928708 -0.348254 0.093664 0.274175 0.301913 0.374453 0.499496 0.662989 0.028150 0.301160 0.140750 0.043877 -0.358106 -0.503768 1.624477 -0.046330 -0.875581 0.142123 1.568827 -0.203034 -0.361302 -0.027242 0.802181 -0.295429 -0.723450 1.370964 -0.293941 -0.041823 -1.096815 -0.541861 -0.255585 0.374313 1.230037 -1.528722 0.018737 0.046052 0.149168 0.546636 1.211363 -0.079904 -0.202221 -0.193347 -0.468727 -0.292234 -0.531137 0.033737 -0.333543 -0.191003 0.957652 0.052250 -0.075037 -1.133608 -0.448088 0.274537 0.059388 -0.689311 -1.904138 -0.080458 -0.470290 -1.673673 -0.110885 0.558771 -0.328473 -1.713676 0.168443 0.298461 0.501599 1.130539 -0.065495 0.206208 -1.431210 0.186120 0.780300 0.109678 0.086187 0.726575 -0.119274 0.842038 0.225956 0.124511 -0.073096 -0.413222 -0.650516 -0.018726 -0.128266 0.556097 -0.257211 0.383928 -0.036149 -0.281077 -0.257844 -0.748259 0.213717 -0.083667 -0.585558 -0.544934 -0.105272 1.197729 0.538389 0.100242 -0.127548 -0.189438 0.063314 0.807510 0.141903 -0.193297 0.047417 -0.415092 -0.638487 -0.463997 -0.097614 -0.058995 1.212206 0.435087 -0.078416 0.276820 0.449482 2.197804 -0.128912 -0.379930 0.058239 -0.351453 1.257042 0.310342 1.892255 -0.141273 0.047741 -0.145307 -0.093062 -0.119139 -0.021377 -0.726101 1.831681 -0.096632 -0.177036 0.281041 0.809478 -0.772203 0.300835 -0.168007 0.367602 -1.081279 0.654620 0.194583 0.065683 -0.381155 0.982543 -0.726798 -0.085970 -0.629350 -1.573680 -0.098321 0.406409 -0.744505 0.319102 -0.924126 0.109296 0.140132 -0.796232 0.156485 0.441320 0.090628 0.152292 0.122964 0.171941 0.640362 0.495786 0.048060 0.187897
97 -0.656401 -0.108902 1.616396 -0.940114 -0.312256 0.067595 0.239801 0.318973 0.388497 0.518236 0.648716 0.058098 0.306217 0.154730 0.010646 -0.386359 -0.465116 1.620554 -0.070401 -0.888982 0.155531 1.566963 -0.166665 -0.324876 -0.052484 0.787113 -0.260904 -0.725008 1.374061 -0.302603 -0.075359 -1.105699 -0.527925 -0.219515 0.384603 1.201709 -1.529268 0.052032 0.012724 0.179895 0.565610 1.216843 -0.071160 -0.164548 -0.210789 -0.492954 -0.307733 -0.547419 0.026266 -0.358620 -0.182040 0.969773 0.080551 -0.056534 -1.141932 -0.433714 0.266976 0.034207 -0.705310 -1.899370 -0.050320 -0.463266 -1.672819 -0.093872 0.577519 -0.342400 -1.710442 0.185650 0.312526 0.524440 1.136939 -0.076179 0.221547 -1.432770 0.214331 0.740954 0.106807 0.099247 0.706980 -0.131526 0.821471 0.256430 0.139939 -0.052418 -0.431214 -0.617497 -0.051250 -0.142248 0.517161 -0.274622 0.400071 -0.036458 -0.308303 -0.245919 -0.752370 0.231643 -0.116489 -0.573037 -0.509465 -0.114451 1.203847 0.529189 0.110306 -0.141594 -0.163313 0.036830 0.765950 0.141939 -0.156915 0.060423 -0.441953 -0.622507 -0.483075 -0.063604 -0.035795 1.218339 0.455979 -0.066384 0.301623 0.412716 2.188998 -0.142707 -0.354892 0.032618 -0.312118 1.226793 0.305533 1.886940 -0.158426 0.042009 -0.163739 -0.114234 -0.119862 -0.016645 -0.690772 1.827402 -0.059181 -0.209986 0.243928 0.823655 -0.793051 0.331356 -0.132485 0.390128 -1.089308 0.676285 0.205683 0.096282 -0.404845 0.950224 -0.745785 -0.102273 -0.615281 -1.573387 -0.113763 0.367055 -0.703208 0.331747 -0.934302 0.117960 0.104823 -0.804865 0.120307 0.454792 0.055439 0.182305 0.129656 0.199645 0.637234 0.519501 0.030677 0.216921
98 -0.659864 -0.106737 1.651409 -0.959116 -0.301811 0.059661 0.231710 0.328012 0.395993 0.529601 0.655753 0.068425 0.310513 0.160147 0.000813 -0.401796 -0.458083 1.656277 -0.075129 -0.907172 0.160618 1.601265 -0.156925 -0.314897 -0.064146 0.799121 -0.248890 -0.744282 1.404204 -0.308021 -0.089680 -1.127071 -0.533564 -0.205162 0.397694 1.206254 -1.562359 0.062879 0.002848 0.192068 0.582885 1.240443 -0.063351 -0.151538 -0.216535 -0.506522 -0.315390 -0.558127 0.018043 -0.370779 -0.181705 0.989109 0.089715 -0.048631 -1.164579 -0.436721 0.272089 0.027603 -0.724248 -1.938122 -0.041678 -0.475401 -1.708255 -0.086621 0.590555 -0.350622 -1.746830 0.192068 0.322038 0.540733 1.159161 -0.081621 0.228000 -1.462408 0.223739 0.735877 0.102235 0.101484 0.710432 -0.137103 0.829593 0.269617 0.145423 -0.046055 -0.440679 -0.614003 -0.061698 -0.147901 0.510422 -0.281777 0.408604 -0.036675 -0.319908 -0.243596 -0.771925 0.238174 -0.131117 -0.580538 -0.500581 -0.119055 1.227478 0.542229 0.115013 -0.146219 -0.159855 0.029852 0.761393 0.142928 -0.144690 0.068918 -0.458185 -0.626347 -0.499060 -0.049742 -0.026167 1.242325 0.467591 -0.059896 0.312431 0.404047 2.233024 -0.148313 -0.354832 0.025743 -0.300189 1.242818 0.315309 1.927806 -0.164418 0.035367 -0.170143 -0.121624 -0.128871 -0.008643 -0.687411 1.866143 -0.045521 -0.223199 0.231840 0.840911 -0.814264 0.346770 -0.121069 0.402654 -1.109940 0.693446 0.209433 0.107025 -0.418570 0.950604 -0.765548 -0.111719 -0.619984 -1.606782 -0.119143 0.355473 -0.696332 0.338754 -0.951900 0.122537 0.095003 -0.826569 0.110379 0.465374 0.045699 0.193088 0.132332 0.210854 0.653824 0.535431 0.023826 0.227748
99 -0.650471 -0.108834 1.627522 -0.950176 -0.295651 0.055655 0.224514 0.328023 0.396099 0.528749 0.645535 0.072368 0.309327 0.161613 -0.004861 -0.401665 -0.448545 1.630234 -0.080574 -0.899551 0.162055 1.576969 -0.150002 -0.308207 -0.065290 0.785060 -0.244312 -0.731244 1.384519 -0.307455 -0.092363 -1.115493 -0.524439 -0.201537 0.392140 1.192982 -1.539784 0.067875 -0.002849 0.195176 0.577983 1.226112 -0.065868 -0.146317 -0.219148 -0.506049 -0.315847 -0.556762 0.021334 -0.371776 -0.178491 0.980158 0.093804 -0.047357 -1.151923 -0.429186 0.265591 0.022942 -0.717084 -1.909876 -0.036542 -0.463946 -1.683646 -0.085556 0.588402 -0.350004 -1.720652 0.193996 0.320425 0.537996 1.146078 -0.081801 0.229150 -1.442554 0.227764 0.725023 0.104571 0.104933 0.700658 -0.137678 0.816315 0.271903 0.147222 -0.042789 -0.440752 -0.604496 -0.066679 -0.149166 0.500581 -0.283220 0.408663 -0.036640 -0.321987 -0.241078 -0.759553 0.240409 -0.133326 -0.570585 -0.493671 -0.119332 1.213364 0.529268 0.115495 -0.148297 -0.152622 0.025068 0.749248 0.142162 -0.139494 0.067555 -0.456976 -0.617613 -0.494979 -0.046579 -0.024462 1.227988 0.467369 -0.060150 0.314101 0.396428 2.199781 -0.149426 -0.345722 0.021156 -0.293589 1.220497 0.306315 1.897875 -0.166529 0.038194 -0.172337 -0.124129 -0.122479 -0.012865 -0.676828 1.838047 -0.040810 -0.226321 0.226268 0.834246 -0.807339 0.347529 -0.115620 0.402252 -1.098560 0.689610 0.210983 0.111047 -0.417828 0.938417 -0.758932 -0.110960 -0.611304 -1.583705 -0.121126 0.348700 -0.685799 0.338513 -0.943393 0.122598 0.088508 -0.814561 0.103649 0.462959 0.039205 0.196886 0.132978 0.213402 0.640630 0.533193 0.022245 0.231093
100 -0.657102 -0.107463 1.640750 -0.954337 -0.301535 0.059573 0.230872 0.326824 0.394955 0.527862 0.652256 0.068162 0.309608 0.159723 0.000640 -0.399791 -0.456499 1.644971 -0.076017 -0.902833 0.160238 1.590593 -0.156404 -0.314413 -0.063013 0.794018 -0.249211 -0.738448 1.395268 -0.307098 -0.088534 -1.121319 -0.530536 -0.206011 0.394612 1.202123 -1.552293 0.062755 0.002679 0.191306 0.579402 1.233701 -0.064937 -0.151875 -0.216346 -0.504642 -0.314451 -0.556369 0.019895 -0.369461 -0.181010 0.984291 0.089642 -0.049292 -1.158389 -0.434458 0.269802 0.027220 -0.719951 -1.925820 -0.041418 -0.470941 -1.697335 -0.087236 0.588316 -0.349377 -1.735395 0.191680 0.320428 0.537946 1.152920 -0.080872 0.227426 -1.453477 0.223559 0.733642 0.103343 0.101926 0.707560 -0.136476 0.825195 0.268511 0.145172 -0.046018 -0.439476 -0.611881 -0.061616 -0.147412 0.508689 -0.281205 0.407471 -0.036613 -0.318959 -0.243221 -0.766264 0.237798 -0.129815 -0.577053 -0.499876 -0.118402 1.220781 0.537306 0.114419 -0.146032 -0.158377 0.029447 0.758778 0.142574 -0.144905 0.067528 -0.455801 -0.623695 -0.495985 -0.050684 -0.026879 1.235528 0.466004 -0.060747 0.311497 0.403141 2.218745 -0.147832 -0.352399 0.025383 -0.300022 1.235119 0.311788 1.914822 -0.164195 0.036882 -0.169903 -0.121359 -0.126128 -0.010707 -0.685023 1.853889 -0.046099 -0.222297 0.231928 0.836934 -0.809722 0.344971 -0.121125 0.400917 -1.104330 0.690213 0.209228 0.106666 -0.416592 0.947347 -0.761294 -0.110354 -0.617237 -1.596539 -0.118885 0.355193 -0.694438 0.337742 -0.947417 0.121849 0.094621 -0.820713 0.109950 0.463381 0.045314 0.192666 0.132074 0.210084 0.648357 0.532787 0.024267 0.227210
101 -0.648359 -0.108146 1.647615 -0.963532 -0.281978 0.045619 0.212445 0.336869 0.403599 0.539462 0.646399 0.084761 0.312857 0.167779 -0.017826 -0.416689 -0.436170 1.649718 -0.088445 -0.912899 0.167887 1.596109 -0.136434 -0.294664 -0.077222 0.788431 -0.230061 -0.742238 1.402324 -0.312482 -0.107873 -1.129606 -0.524558 -0.185523 0.401496 1.189963 -1.558773 0.081438 -0.015864 0.208892 0.591966 1.240772 -0.059975 -0.130610 -0.226391 -0.519031 -0.323638 -0.566509 0.015497 -0.384326 -0.176259 0.993831 0.105157 -0.039004 -1.166633 -0.427674 0.266668 0.013787 -0.731356 -1.931117 -0.025132 -0.468796 -1.703755 -0.077991 0.599899 -0.357689 -1.740747 0.201402 0.328708 0.552351 1.160114 -0.087177 0.236139 -1.459808 0.239396 0.713980 0.101674 0.109295 0.698328 -0.143417 0.816455 0.286161 0.153606 -0.034673 -0.450099 -0.595783 -0.079825 -0.155424 0.488341 -0.291075 0.417093 -0.036818 -0.334591 -0.237513 -0.771167 0.248176 -0.148856 -0.572007 -0.481198 -0.124004 1.228179 0.534092 0.120372 -0.154097 -0.144960 0.015497 0.737896 0.142726 -0.124579 0.074883 -0.472121 -0.616244 -0.508145 -0.031305 -0.014201 1.243020 0.478669 -0.054154 0.325681 0.383658 2.223259 -0.155521 -0.340294 0.011770 -0.278148 1.222982 0.310307 1.920116 -0.173616 0.033589 -0.179861 -0.132770 -0.127252 -0.007818 -0.667588 1.859331 -0.024734 -0.241046 0.211286 0.847241 -0.823964 0.363002 -0.101316 0.414240 -1.112067 0.704137 0.215649 0.123934 -0.430793 0.931826 -0.774346 -0.119608 -0.610779 -1.602700 -0.127537 0.333531 -0.673128 0.345253 -0.955632 0.127095 0.075099 -0.828548 0.089999 0.471885 0.025861 0.209710 0.136000 0.225888 0.648778 0.547431 0.014714 0.243680
102 -0.644545 -0.109547 1.625116 -0.952333 -0.285310 0.048370 0.214502 0.332587 0.399972 0.533750 0.640666 0.080828 0.310500 0.165542 -0.014543 -0.409413 -0.437115 1.626427 -0.087472 -0.902409 0.165804 1.573898 -0.139351 -0.297703 -0.072064 0.779466 -0.234593 -0.730089 1.383266 -0.309706 -0.101821 -1.116746 -0.519758 -0.191409 0.394040 1.184520 -1.537541 0.077540 -0.012560 0.203885 0.582584 1.226105 -0.064155 -0.135449 -0.224220 -0.512618 -0.320083 -0.561040 0.020065 -0.378725 -0.175714 0.982565 0.101791 -0.042420 -1.152934 -0.424503 0.262764 0.015762 -0.720650 -1.905792 -0.027953 -0.460445 -1.680910 -0.081131 0.593246 -0.353623 -1.717076 0.198829 0.323865 0.543922 1.146425 -0.084633 0.233351 -1.440870 0.235850 0.713524 0.104283 0.108913 0.694423 -0.140951 0.809501 0.280509 0.151468 -0.036980 -0.445607 -0.594956 -0.076086 -0.153043 0.489097 -0.288026 0.413014 -0.036729 -0.329612 -0.237884 -0.759016 0.245553 -0.142510 -0.566140 -0.483543 -0.121832 1.213575 0.525002 0.118224 -0.152338 -0.144921 0.017596 0.736951 0.142014 -0.129064 0.070596 -0.464223 -0.612407 -0.499611 -0.037040 -0.018258 1.228171 0.473016 -0.057166 0.320947 0.385805 2.194226 -0.153172 -0.338221 0.013897 -0.282136 1.210173 0.303664 1.893395 -0.171303 0.037309 -0.177407 -0.129949 -0.121589 -0.012479 -0.666488 1.834077 -0.029967 -0.235664 0.215631 0.837408 -0.812476 0.355982 -0.105393 0.408325 -1.099557 0.695237 0.214150 0.119812 -0.424219 0.928715 -0.763495 -0.114997 -0.606553 -1.581206 -0.125460 0.337312 -0.673682 0.341836 -0.945236 0.124914 0.078181 -0.815438 0.093006 0.466279 0.028857 0.205477 0.134838 0.221189 0.637914 0.539484 0.017557 0.239326
103 -0.663333 -0.107531 1.621369 -0.938790 -0.322763 0.075038 0.250292 0.314330 0.384250 0.513107 0.654691 0.049443 0.304971 0.150426 0.020815 -0.378783 -0.477148 1.627280 -0.062945 -0.886818 0.151405 1.572720 -0.177823 -0.335635 -0.045967 0.794398 -0.270592 -0.727820 1.377521 -0.300126 -0.065960 -1.105611 -0.533659 -0.229431 0.383575 1.210842 -1.533961 0.041975 0.022927 0.171029 0.561672 1.218271 -0.072095 -0.175571 -0.205089 -0.486441 -0.303238 -0.543065 0.026708 -0.351560 -0.185267 0.968256 0.072290 -0.061312 -1.142246 -0.439264 0.270709 0.041763 -0.702607 -1.906411 -0.059213 -0.468376 -1.678185 -0.098089 0.572836 -0.338723 -1.716859 0.180487 0.309340 0.518923 1.137915 -0.073227 0.217093 -1.436534 0.205750 0.752890 0.106371 0.094405 0.714218 -0.128119 0.829748 0.247702 0.135481 -0.058445 -0.426229 -0.627406 -0.041430 -0.138078 0.529213 -0.269556 0.395498 -0.036324 -0.300493 -0.249089 -0.754544 0.225962 -0.107403 -0.578648 -0.519645 -0.111676 1.205060 0.535333 0.107324 -0.137014 -0.171717 0.044621 0.778929 0.142018 -0.167503 0.057863 -0.435018 -0.628655 -0.479105 -0.073038 -0.041792 1.219592 0.450230 -0.068986 0.294625 0.423640 2.198041 -0.138763 -0.363244 0.040206 -0.323818 1.239750 0.309540 1.894695 -0.153408 0.042147 -0.158438 -0.108260 -0.121905 -0.016091 -0.701646 1.834401 -0.070194 -0.200511 0.254705 0.821091 -0.788794 0.323032 -0.142986 0.384103 -1.089407 0.671066 0.201967 0.087195 -0.398566 0.960688 -0.742059 -0.098596 -0.621001 -1.578389 -0.109078 0.378659 -0.715789 0.328242 -0.933225 0.115442 0.115676 -0.805566 0.131452 0.451672 0.066338 0.173320 0.127514 0.191685 0.641786 0.513524 0.035290 0.208334
104 -0.660643 -0.109061 1.589720 -0.921218 -0.332711 0.082764 0.258325 0.305598 0.376750 0.502089 0.648735 0.039426 0.300765 0.144990 0.030493 -0.364221 -0.484175 1.595339 -0.057863 -0.869930 0.146277 1.541922 -0.187403 -0.345289 -0.035021 0.784151 -0.281987 -0.710725 1.350352 -0.294732 -0.052436 -1.086070 -0.529013 -0.242886 0.371717 1.206944 -1.504092 0.031422 0.032656 0.159295 0.545674 1.196741 -0.078898 -0.187953 -0.199121 -0.473568 -0.295694 -0.532649 0.033881 -0.339824 -0.185851 0.950460 0.063277 -0.068703 -1.121626 -0.436967 0.266510 0.048376 -0.685187 -1.871570 -0.067699 -0.457998 -1.646255 -0.104830 0.560458 -0.330752 -1.684191 0.174104 0.300385 0.503663 1.117639 -0.067986 0.210688 -1.409689 0.196320 0.757897 0.110121 0.091622 0.711544 -0.122709 0.823013 0.235070 0.130047 -0.064697 -0.416991 -0.630972 -0.031195 -0.132482 0.535989 -0.262465 0.387102 -0.036097 -0.289243 -0.251208 -0.737059 0.219311 -0.093574 -0.572317 -0.527997 -0.107114 1.183523 0.524290 0.102679 -0.132213 -0.175636 0.051580 0.783669 0.141005 -0.179199 0.050102 -0.419809 -0.625571 -0.464339 -0.086125 -0.050845 1.197717 0.439001 -0.074866 0.284104 0.432070 2.158597 -0.133262 -0.364071 0.047064 -0.335232 1.226373 0.301236 1.858069 -0.147451 0.047884 -0.152102 -0.101073 -0.114210 -0.022952 -0.705221 1.799664 -0.083165 -0.187887 0.266260 0.805031 -0.769352 0.308478 -0.154023 0.372219 -1.070484 0.655069 0.197962 0.076737 -0.385592 0.960847 -0.723895 -0.089827 -0.617113 -1.548308 -0.103687 0.389742 -0.722553 0.321332 -0.916937 0.110962 0.125364 -0.786022 0.141146 0.441642 0.075943 0.162704 0.124736 0.180846 0.627293 0.498630 0.041755 0.197689
105 -0.663682 -0.108125 1.608216 -0.930656 -0.329758 0.080233 0.256301 0.309455 0.380137 0.507151 0.653311 0.042971 0.302925 0.147156 0.027436 -0.370514 -0.483114 1.614261 -0.059101 -0.878808 0.148314 1.560047 -0.184670 -0.342511 -0.039469 0.791275 -0.278057 -0.720551 1.365985 -0.297303 -0.057658 -1.096820 -0.532782 -0.237942 0.377890 1.211395 -1.521526 0.034972 0.029573 0.163761 0.553536 1.208944 -0.075619 -0.183753 -0.201340 -0.479262 -0.298987 -0.537585 0.030273 -0.344750 -0.186220 0.959943 0.066403 -0.065823 -1.133028 -0.439430 0.269516 0.046398 -0.694115 -1.892256 -0.065041 -0.464624 -1.664962 -0.102197 0.566319 -0.334428 -1.703507 0.176581 0.304612 0.510788 1.129033 -0.070259 0.213339 -1.425295 0.199715 0.758039 0.108211 0.092314 0.714658 -0.124994 0.828502 0.240076 0.132122 -0.062632 -0.421097 -0.631395 -0.034647 -0.134737 0.535081 -0.265365 0.390865 -0.036226 -0.293748 -0.250865 -0.747006 0.221891 -0.099049 -0.576974 -0.525931 -0.109111 1.195660 0.531456 0.104665 -0.134003 -0.175293 0.049484 0.784130 0.141640 -0.175256 0.053664 -0.426585 -0.628650 -0.471485 -0.081178 -0.047328 1.210060 0.444002 -0.072345 0.288396 0.430018 2.182230 -0.135493 -0.365431 0.044981 -0.331735 1.236400 0.306482 1.879833 -0.149693 0.044988 -0.154481 -0.103714 -0.118642 -0.019309 -0.705831 1.820230 -0.078617 -0.192684 0.262466 0.813366 -0.779033 0.314582 -0.150378 0.377465 -1.080968 0.662737 0.199538 0.080464 -0.391360 0.963279 -0.732992 -0.093730 -0.620531 -1.565914 -0.105719 0.386420 -0.721858 0.324503 -0.925736 0.112954 0.122471 -0.796772 0.138352 0.446536 0.073093 0.166608 0.125906 0.185045 0.636054 0.505491 0.039315 0.201709
106 -0.657134 -0.108350 1.619950 -0.941626 -0.311854 0.067261 0.239700 0.319416 0.388684 0.518758 0.649726 0.058477 0.306439 0.154832 0.010500 -0.387172 -0.465166 1.624340 -0.070315 -0.890348 0.155613 1.570534 -0.166536 -0.324531 -0.053266 0.788772 -0.260243 -0.727102 1.377065 -0.302795 -0.076052 -1.107484 -0.528831 -0.218674 0.385890 1.202212 -1.532628 0.052258 0.012571 0.180376 0.566903 1.218975 -0.070191 -0.164052 -0.210729 -0.493628 -0.308004 -0.547936 0.025229 -0.359142 -0.182257 0.971271 0.080840 -0.055983 -1.143872 -0.434378 0.267804 0.034084 -0.706821 -1.903313 -0.050074 -0.464998 -1.676394 -0.093301 0.578277 -0.342830 -1.714211 0.185809 0.313217 0.525491 1.138930 -0.076465 0.221764 -1.435703 0.214498 0.740953 0.106092 0.098882 0.707707 -0.131786 0.822720 0.256948 0.140125 -0.052180 -0.431622 -0.617488 -0.051483 -0.142413 0.517181 -0.274853 0.400404 -0.036451 -0.308733 -0.245719 -0.754505 0.231682 -0.117242 -0.574130 -0.509033 -0.114596 1.205964 0.531115 0.110467 -0.141554 -0.163547 0.036645 0.766127 0.141976 -0.156429 0.061235 -0.442901 -0.623232 -0.484306 -0.062849 -0.035129 1.220496 0.456518 -0.065757 0.302069 0.412457 2.193512 -0.142922 -0.355365 0.032451 -0.311730 1.229149 0.306986 1.891225 -0.158603 0.041126 -0.163948 -0.114537 -0.121140 -0.015537 -0.690866 1.831390 -0.058703 -0.210488 0.243421 0.824917 -0.794561 0.332150 -0.132101 0.390774 -1.091051 0.677330 0.205594 0.096587 -0.405582 0.950622 -0.747242 -0.103046 -0.616090 -1.576789 -0.113876 0.366633 -0.703140 0.332045 -0.935692 0.118144 0.104691 -0.807026 0.120204 0.455490 0.055367 0.182585 0.129670 0.200063 0.639360 0.520445 0.030242 0.217245
107 -0.661687 -0.108382 1.602833 -0.928242 -0.328778 0.079808 0.255222 0.308934 0.379600 0.506354 0.651150 0.043313 0.302332 0.147051 0.026747 -0.369960 -0.481428 1.608687 -0.059702 -0.876649 0.148214 1.554743 -0.183665 -0.341513 -0.039305 0.788342 -0.277474 -0.717675 1.361550 -0.296781 -0.057746 -1.093857 -0.530910 -0.237477 0.376425 1.208493 -1.516469 0.035537 0.028896 0.163833 0.552065 1.205466 -0.076107 -0.183037 -0.201356 -0.478543 -0.298558 -0.536610 0.030957 -0.344370 -0.185595 0.957510 0.066723 -0.065743 -1.129856 -0.437893 0.268264 0.045880 -0.692198 -1.886095 -0.064438 -0.462222 -1.659511 -0.102114 0.565228 -0.333781 -1.697819 0.176506 0.303832 0.509737 1.125816 -0.070035 0.213081 -1.420764 0.199877 0.755990 0.108503 0.092642 0.712583 -0.124772 0.825767 0.240008 0.132067 -0.062198 -0.420486 -0.629670 -0.035145 -0.134617 0.533336 -0.265109 0.390272 -0.036150 -0.293548 -0.250362 -0.744121 0.221815 -0.098997 -0.574895 -0.524684 -0.108892 1.192218 0.528783 0.104478 -0.134032 -0.174215 0.048991 0.781908 0.141409 -0.174594 0.053167 -0.425810 -0.626769 -0.470229 -0.080954 -0.047313 1.206588 0.443340 -0.072543 0.288098 0.428814 2.175101 -0.135334 -0.363879 0.044476 -0.330706 1.231955 0.304613 1.873381 -0.149671 0.045522 -0.154454 -0.103809 -0.117364 -0.020138 -0.703932 1.814178 -0.078027 -0.192742 0.261676 0.811439 -0.777056 0.314141 -0.149690 0.376809 -1.078042 0.661337 0.199450 0.080783 -0.390635 0.960787 -0.731126 -0.093277 -0.618634 -1.560801 -0.105719 0.385336 -0.719934 0.323927 -0.923377 0.112701 0.121608 -0.793951 0.137359 0.445519 0.072252 0.166775 0.125763 0.185046 0.633133 0.504483 0.039183 0.201757
108 -0.653612 -0.108188 1.629369 -0.949121 -0.300696 0.059386 0.229587 0.325485 0.393761 0.525979 0.648196 0.068100 0.308468 0.159305 0.000087 -0.397853 -0.454230 1.633029 -0.076839 -0.898113 0.159837 1.579269 -0.155363 -0.313417 -0.061945 0.788256 -0.249054 -0.732168 1.385723 -0.306004 -0.087734 -1.114974 -0.527032 -0.206284 0.391283 1.197161 -1.541540 0.063002 0.002131 0.190737 0.575820 1.226324 -0.066450 -0.151593 -0.216171 -0.502605 -0.313387 -0.554280 0.021734 -0.368170 -0.180009 0.978998 0.089676 -0.049740 -1.151587 -0.431710 0.267283 0.026729 -0.715488 -1.912775 -0.040928 -0.466004 -1.685735 -0.087674 0.585768 -0.347908 -1.723274 0.191264 0.318562 0.535150 1.146075 -0.080170 0.226719 -1.443875 0.223405 0.730706 0.104344 0.102468 0.703942 -0.135797 0.820081 0.267573 0.144837 -0.045717 -0.438028 -0.609292 -0.061846 -0.146930 0.506275 -0.280487 0.406121 -0.036508 -0.317993 -0.242653 -0.760097 0.237419 -0.128809 -0.573064 -0.498548 -0.117795 1.213462 0.531814 0.113852 -0.145890 -0.156716 0.029017 0.755439 0.142141 -0.144621 0.066098 -0.453436 -0.620367 -0.492819 -0.051228 -0.027537 1.228126 0.464316 -0.061567 0.310450 0.401730 2.203659 -0.147277 -0.349725 0.024956 -0.299159 1.226463 0.307901 1.901105 -0.163887 0.038382 -0.169532 -0.121051 -0.123224 -0.012805 -0.682084 1.840964 -0.046084 -0.221572 0.231449 0.832663 -0.804940 0.343286 -0.120715 0.399038 -1.098125 0.686757 0.208976 0.106558 -0.414506 0.943261 -0.756828 -0.108959 -0.613820 -1.585638 -0.118639 0.354231 -0.691786 0.336496 -0.942410 0.121179 0.093771 -0.814480 0.108978 0.461113 0.044496 0.192379 0.131769 0.209423 0.642279 0.530038 0.024543 0.226732
109 -0.661219 -0.109076 1.591616 -0.922221 -0.332934 0.082769 0.258535 0.305986 0.377192 0.502580 0.649393 0.039453 0.301126 0.145260 0.030544 -0.364575 -0.484617 1.597225 -0.057854 -0.870852 0.146547 1.543749 -0.187582 -0.345510 -0.035191 0.785044 -0.282098 -0.711746 1.351924 -0.295118 -0.052528 -1.087248 -0.529546 -0.243020 0.372302 1.207929 -1.505876 0.031407 0.032699 0.159435 0.546284 1.198076 -0.078754 -0.188092 -0.199395 -0.474067 -0.296080 -0.533222 0.033657 -0.340118 -0.185973 0.951468 0.063332 -0.068665 -1.122857 -0.437395 0.266847 0.048366 -0.685956 -1.873693 -0.067744 -0.458780 -1.648160 -0.104793 0.561063 -0.331182 -1.686146 0.174356 0.300816 0.504132 1.118885 -0.068238 0.210998 -1.411326 0.196501 0.758482 0.110121 0.091780 0.712153 -0.122980 0.823802 0.235276 0.130254 -0.064748 -0.417421 -0.631450 -0.031216 -0.132741 0.536475 -0.262775 0.387551 -0.036165 -0.289521 -0.251310 -0.738105 0.219608 -0.093711 -0.572946 -0.528346 -0.107387 1.184842 0.525120 0.102941 -0.132455 -0.175836 0.051559 0.784285 0.141146 -0.179310 0.050333 -0.420229 -0.626131 -0.464864 -0.086097 -0.050744 1.199046 0.439427 -0.074748 0.284408 0.432353 2.161000 -0.133526 -0.364466 0.047065 -0.335486 1.227610 0.301841 1.860252 -0.147647 0.047732 -0.152322 -0.101233 -0.114604 -0.022684 -0.705746 1.801727 -0.083235 -0.188069 0.266437 0.805868 -0.770213 0.308806 -0.154122 0.372691 -1.071658 0.655781 0.198243 0.076806 -0.386072 0.961651 -0.724671 -0.090079 -0.617699 -1.550097 -0.103910 0.390019 -0.723104 0.321757 -0.917937 0.111235 0.125478 -0.787041 0.141314 0.442168 0.076031 0.162858 0.124943 0.181016 0.628302 0.499188 0.041726 0.197897
110 -0.655389 -0.109150 1.602682 -0.932215 -0.316565 0.071017 0.243442 0.314913 0.384756 0.513020 0.646274 0.053568 0.304168 0.152042 0.015164 -0.379782 -0.468258 1.606862 -0.067907 -0.881352 0.152975 1.553704 -0.171072 -0.329081 -0.047776 0.782987 -0.265772 -0.717825 1.362310 -0.299920 -0.069362 -1.096992 -0.526109 -0.225258 0.379609 1.199581 -1.516335 0.047136 0.017263 0.174565 0.558539 1.207304 -0.073713 -0.170036 -0.207696 -0.487038 -0.304099 -0.542490 0.028986 -0.353187 -0.182459 0.961790 0.076426 -0.059675 -1.132799 -0.432910 0.265426 0.037267 -0.697621 -1.884235 -0.054155 -0.459239 -1.658967 -0.096680 0.571833 -0.338672 -1.696338 0.182580 0.308552 0.517601 1.127965 -0.073738 0.218482 -1.421062 0.209823 0.742918 0.108027 0.097471 0.705945 -0.128998 0.818765 0.250640 0.137392 -0.055245 -0.426861 -0.618814 -0.046502 -0.139544 0.520129 -0.271245 0.396045 -0.036323 -0.303087 -0.246674 -0.745045 0.228294 -0.110366 -0.570505 -0.512872 -0.112191 1.194315 0.524979 0.108036 -0.139092 -0.165265 0.039995 0.767921 0.141368 -0.162085 0.057233 -0.435138 -0.621309 -0.476617 -0.069297 -0.039639 1.208654 0.450726 -0.068727 0.296757 0.416340 2.171887 -0.140108 -0.355429 0.035762 -0.317149 1.221478 0.302393 1.871178 -0.155620 0.044129 -0.160771 -0.110960 -0.116985 -0.019178 -0.692157 1.812387 -0.065005 -0.204245 0.248985 0.816385 -0.784412 0.324822 -0.137435 0.384681 -1.080853 0.669020 0.203498 0.091444 -0.398930 0.950123 -0.737731 -0.098547 -0.613752 -1.560367 -0.111146 0.371884 -0.706017 0.328425 -0.926953 0.115784 0.109315 -0.796549 0.124791 0.450224 0.059934 0.177324 0.128208 0.194660 0.631415 0.512772 0.033457 0.211938
111 -0.661156 -0.108290 1.608706 -0.932339 -0.324735 0.076710 0.251559 0.311765 0.382060 0.509747 0.651445 0.047107 0.303542 0.149041 0.022796 -0.374523 -0.477768 1.614204 -0.062253 -0.880757 0.150103 1.560232 -0.179580 -0.337436 -0.042944 0.789332 -0.273209 -0.720890 1.366740 -0.298447 -0.062422 -1.098182 -0.530956 -0.232780 0.379278 1.207724 -1.521996 0.039641 0.024919 0.168069 0.556284 1.209885 -0.074457 -0.178384 -0.203719 -0.482598 -0.301086 -0.539807 0.029297 -0.348272 -0.184962 0.961721 0.070262 -0.063277 -1.134344 -0.437475 0.268524 0.043011 -0.696474 -1.892180 -0.060926 -0.463638 -1.665324 -0.099897 0.568886 -0.336286 -1.703559 0.178894 0.306466 0.514070 1.130068 -0.071712 0.215374 -1.425833 0.203584 0.752733 0.107804 0.094087 0.711986 -0.126608 0.825825 0.244360 0.134144 -0.059778 -0.423527 -0.627031 -0.039184 -0.136618 0.529703 -0.267681 0.393036 -0.036246 -0.297506 -0.249343 -0.747610 0.224336 -0.103708 -0.575329 -0.521040 -0.110371 1.196696 0.530175 0.106023 -0.135904 -0.171794 0.045961 0.778500 0.141592 -0.170125 0.055382 -0.430407 -0.626457 -0.474193 -0.076362 -0.044186 1.211106 0.446904 -0.070741 0.291785 0.424955 2.181753 -0.137303 -0.362140 0.041541 -0.326141 1.232575 0.305770 1.879711 -0.151967 0.044246 -0.156890 -0.106516 -0.118702 -0.018732 -0.701109 1.820221 -0.073261 -0.197279 0.257222 0.815419 -0.782090 0.318898 -0.145380 0.380556 -1.082193 0.665818 0.201005 0.084735 -0.394656 0.958906 -0.735776 -0.095913 -0.618577 -1.566285 -0.107783 0.380857 -0.716182 0.326167 -0.927195 0.114129 0.117531 -0.798101 0.133276 0.448371 0.068176 0.170782 0.126783 0.188895 0.635585 0.508842 0.036942 0.205716
112 -0.656460 -0.107745 1.630416 -0.948055 -0.305457 0.062765 0.234250 0.323283 0.391800 0.523550 0.650518 0.064169 0.307840 0.157340 0.004616 -0.394259 -0.459514 1.634788 -0.073591 -0.896724 0.157957 1.580666 -0.160324 -0.318279 -0.058823 0.790949 -0.253545 -0.732737 1.386294 -0.304823 -0.083372 -1.114376 -0.529283 -0.210914 0.390408 1.201048 -1.542529 0.058502 0.006679 0.186675 0.573677 1.226279 -0.067176 -0.156613 -0.213641 -0.499515 -0.311294 -0.552178 0.022269 -0.364900 -0.181383 0.977858 0.085944 -0.052029 -1.151119 -0.433959 0.268662 0.030105 -0.713811 -1.914622 -0.044928 -0.467688 -1.686958 -0.089727 0.583456 -0.346129 -1.724901 0.188914 0.316927 0.532398 1.145875 -0.078743 0.224662 -1.444596 0.219567 0.735975 0.104373 0.100409 0.706928 -0.134182 0.823354 0.263566 0.142798 -0.048453 -0.435693 -0.613674 -0.057439 -0.145008 0.511580 -0.278167 0.403980 -0.036448 -0.314413 -0.244134 -0.760353 0.234871 -0.124565 -0.575195 -0.503176 -0.116486 1.213327 0.533902 0.112450 -0.143847 -0.160339 0.032509 0.761119 0.142159 -0.149443 0.064703 -0.450087 -0.622870 -0.490681 -0.055633 -0.030393 1.227997 0.461611 -0.062924 0.307223 0.406638 2.206214 -0.145442 -0.353248 0.028348 -0.304440 1.231462 0.309191 1.903155 -0.161608 0.038730 -0.167118 -0.118317 -0.123704 -0.012925 -0.686868 1.842781 -0.051094 -0.217233 0.236359 0.831129 -0.802585 0.339357 -0.125468 0.396167 -1.097616 0.684116 0.207334 0.102457 -0.411497 0.947763 -0.754735 -0.107081 -0.616104 -1.586761 -0.116511 0.359483 -0.697359 0.334828 -0.941492 0.119974 0.098602 -0.814091 0.113920 0.459505 0.049329 0.188327 0.130798 0.205785 0.643587 0.527096 0.026719 0.222841
113 -0.650673 -0.107899 1.643431 -0.959338 -0.288320 0.050441 0.218452 0.332930 0.400091 0.534971 0.647671 0.079122 0.311265 0.164646 -0.011670 -0.410633 -0.442514 1.646336 -0.084143 -0.908501 0.164886 1.592488 -0.142939 -0.301107 -0.072142 0.789346 -0.236419 -0.739767 1.398379 -0.310131 -0.101283 -1.125514 -0.526014 -0.192198 0.398440 1.193094 -1.554830 0.075208 -0.009665 0.202789 0.587099 1.236972 -0.061853 -0.137541 -0.222591 -0.513544 -0.319992 -0.562332 0.017298 -0.378983 -0.177735 0.989503 0.099810 -0.042530 -1.162503 -0.429494 0.267369 0.018435 -0.726730 -1.927341 -0.030621 -0.468557 -1.699757 -0.081194 0.595212 -0.354274 -1.737092 0.197727 0.325292 0.547056 1.156340 -0.084662 0.232711 -1.456031 0.233763 0.720049 0.102210 0.106552 0.700779 -0.140646 0.818588 0.280014 0.150409 -0.038437 -0.445928 -0.600824 -0.073657 -0.152324 0.494653 -0.287277 0.413221 -0.036639 -0.328953 -0.239406 -0.768294 0.244238 -0.142309 -0.573023 -0.487142 -0.121715 1.224270 0.534156 0.117968 -0.151006 -0.149355 0.020382 0.744357 0.142514 -0.131280 0.072055 -0.466183 -0.618135 -0.503489 -0.037862 -0.018712 1.239096 0.473885 -0.056598 0.320455 0.389988 2.219559 -0.152497 -0.344044 0.016484 -0.285168 1.225857 0.310038 1.916291 -0.170106 0.034915 -0.176110 -0.128621 -0.126358 -0.009170 -0.673034 1.855584 -0.031758 -0.234482 0.218009 0.842884 -0.818216 0.356537 -0.107867 0.409110 -1.108158 0.698611 0.213067 0.118030 -0.425381 0.936229 -0.769126 -0.116119 -0.612291 -1.598896 -0.124253 0.340481 -0.679759 0.342099 -0.951712 0.124920 0.081540 -0.824802 0.096478 0.468326 0.032306 0.203747 0.134363 0.220364 0.647378 0.541837 0.017989 0.237818
114 -0.648095 -0.107666 1.656769 -0.969022 -0.276965 0.042097 0.208217 0.340035 0.406185 0.543394 0.647336 0.089270 0.314042 0.169823 -0.022469 -0.422485 -0.431852 1.658895 -0.090963 -0.918313 0.169800 1.604990 -0.131567 -0.289789 -0.081683 0.790571 -0.224790 -0.747139 1.410358 -0.314184 -0.113746 -1.135558 -0.525176 -0.179379 0.405276 1.189496 -1.567435 0.086397 -0.020510 0.213927 0.597588 1.247124 -0.057542 -0.124718 -0.228752 -0.523899 -0.326342 -0.570038 0.013087 -0.388973 -0.175636 0.999463 0.109187 -0.035874 -1.172903 -0.427542 0.267519 0.010671 -0.737230 -1.941087 -0.021097 -0.471231 -1.713012 -0.075166 0.604213 -0.360414 -1.750142 0.203912 0.331770 0.558022 1.166135 -0.089038 0.238499 -1.467580 0.243434 0.710264 0.100283 0.110508 0.697996 -0.145379 0.817353 0.291505 0.155747 -0.031772 -0.453438 -0.592987 -0.084547 -0.157534 0.484087 -0.293757 0.420034 -0.036828 -0.339177 -0.236318 -0.776217 0.250761 -0.154733 -0.573142 -0.476672 -0.125563 1.234574 0.536643 0.122000 -0.155956 -0.142560 0.012266 0.734180 0.142896 -0.119061 0.077679 -0.478019 -0.616211 -0.513412 -0.025552 -0.010431 1.249531 0.482820 -0.051879 0.329836 0.379157 2.234506 -0.157574 -0.338856 0.008562 -0.272425 1.225472 0.312277 1.930615 -0.176021 0.031642 -0.182406 -0.135789 -0.129433 -0.005667 -0.664668 1.869351 -0.018662 -0.246479 0.205733 0.852489 -0.830751 0.368868 -0.096086 0.418694 -1.117744 0.709840 0.217069 0.128605 -0.435676 0.929924 -0.780641 -0.122863 -0.611042 -1.611426 -0.129656 0.327934 -0.668756 0.347559 -0.960606 0.128609 0.070319 -0.834584 0.085056 0.475228 0.021104 0.214295 0.136923 0.230476 0.652509 0.552963 0.011930 0.248159
115 -0.648358 -0.107965 1.647375 -0.963093 -0.282089 0.045901 0.212673 0.336409 0.403067 0.538972 0.646381 0.084493 0.312502 0.167348 -0.017536 -0.416379 -0.436266 1.649689 -0.088062 -0.912454 0.167458 1.595995 -0.136652 -0.294844 -0.076959 0.788432 -0.230219 -0.742036 1.402120 -0.312056 -0.107642 -1.129157 -0.524602 -0.185537 0.401227 1.189795 -1.558563 0.081182 -0.015557 0.208542 0.591687 1.240381 -0.059940 -0.130729 -0.225876 -0.518537 -0.323145 -0.565925 0.015514 -0.383942 -0.176342 0.993381 0.104821 -0.039106 -1.166205 -0.427712 0.266756 0.014126 -0.731080 -1.931000 -0.025413 -0.468705 -1.703580 -0.078082 0.599366 -0.357213 -1.740654 0.200963 0.328310 0.552091 1.159714 -0.086858 0.235671 -1.459538 0.238899 0.714040 0.101469 0.108855 0.698319 -0.143049 0.816514 0.285840 0.153223 -0.034811 -0.449587 -0.595909 -0.079491 -0.155025 0.488417 -0.290595 0.416549 -0.036731 -0.334146 -0.237565 -0.770887 0.247661 -0.148597 -0.572002 -0.481230 -0.123653 1.227776 0.534053 0.120020 -0.153660 -0.145249 0.015878 0.738032 0.142625 -0.124756 0.074710 -0.471810 -0.616217 -0.507900 -0.031505 -0.014436 1.242642 0.478205 -0.054271 0.325203 0.383849 2.223248 -0.155120 -0.340509 0.012099 -0.278240 1.223228 0.310240 1.920067 -0.173227 0.033550 -0.179436 -0.132417 -0.127254 -0.007821 -0.667752 1.859283 -0.024881 -0.240657 0.211408 0.846836 -0.823571 0.362617 -0.101532 0.413752 -1.111604 0.703660 0.215196 0.123611 -0.430329 0.931767 -0.774020 -0.119375 -0.610720 -1.602539 -0.127124 0.333614 -0.673205 0.344745 -0.955131 0.126759 0.075376 -0.828319 0.090194 0.471441 0.026163 0.209284 0.135693 0.225555 0.648549 0.547019 0.014830 0.243214
116 -0.658118 -0.108401 1.609816 -0.934520 -0.318444 0.072429 0.245706 0.314500 0.384273 0.512907 0.649253 0.052236 0.304184 0.151210 0.017040 -0.379581 -0.471105 1.614768 -0.066005 -0.883254 0.152143 1.561019 -0.173237 -0.331132 -0.047229 0.787110 -0.267153 -0.721439 1.368099 -0.299704 -0.068420 -1.099993 -0.528821 -0.226193 0.380997 1.203305 -1.523058 0.045482 0.019154 0.173410 0.559817 1.211260 -0.072959 -0.171593 -0.206474 -0.486683 -0.303526 -0.542411 0.028055 -0.352638 -0.183458 0.964017 0.074988 -0.060096 -1.136129 -0.435135 0.267399 0.038928 -0.699563 -1.892764 -0.055868 -0.462473 -1.666333 -0.097048 0.571979 -0.338432 -1.704252 0.181610 0.308649 0.518280 1.131516 -0.073382 0.217716 -1.426886 0.208258 0.746197 0.107166 0.096078 0.708773 -0.128459 0.822707 0.249726 0.136506 -0.056234 -0.426406 -0.621734 -0.044796 -0.138798 0.523006 -0.270396 0.395557 -0.036231 -0.302106 -0.247518 -0.748457 0.227188 -0.109566 -0.573410 -0.514926 -0.111786 1.198172 0.528680 0.107560 -0.138082 -0.167585 0.041745 0.771612 0.141499 -0.163687 0.057481 -0.435247 -0.623821 -0.477661 -0.070313 -0.040343 1.212626 0.450452 -0.068778 0.295877 0.418713 2.182028 -0.139382 -0.358219 0.037393 -0.319084 1.228266 0.304922 1.880299 -0.154650 0.043282 -0.159711 -0.109876 -0.118824 -0.017987 -0.695393 1.820920 -0.066476 -0.202961 0.250623 0.818060 -0.786018 0.324274 -0.139137 0.384304 -1.083815 0.669661 0.202630 0.090024 -0.398694 0.953561 -0.739388 -0.098576 -0.616221 -1.567279 -0.110179 0.373857 -0.709156 0.328039 -0.929026 0.115444 0.111404 -0.799941 0.126918 0.450553 0.062085 0.175897 0.127739 0.193666 0.635039 0.513022 0.033991 0.210596
117 -0.655401 -0.108806 1.608887 -0.935726 -0.313687 0.069010 0.241051 0.316768 0.386266 0.515417 0.647029 0.056209 0.304879 0.153184 0.012490 -0.383259 -0.465844 1.613140 -0.069314 -0.884781 0.154036 1.559750 -0.168280 -0.326294 -0.050399 0.784542 -0.262689 -0.720992 1.367679 -0.300914 -0.072822 -1.100786 -0.526654 -0.221586 0.381967 1.199554 -1.522195 0.050022 0.014587 0.177518 0.562051 1.211473 -0.072201 -0.166587 -0.209010 -0.489899 -0.305662 -0.544595 0.027483 -0.355976 -0.182148 0.965335 0.078767 -0.057800 -1.136799 -0.432971 0.266061 0.035519 -0.701338 -1.891059 -0.051836 -0.460890 -1.665245 -0.094994 0.574411 -0.340271 -1.702761 0.183997 0.310368 0.521120 1.131884 -0.074802 0.219816 -1.426301 0.212147 0.740948 0.107125 0.098098 0.705925 -0.130101 0.819559 0.253805 0.138599 -0.053514 -0.428829 -0.617363 -0.049231 -0.140735 0.517743 -0.272785 0.397765 -0.036308 -0.305769 -0.246040 -0.748324 0.229755 -0.113851 -0.571372 -0.510312 -0.113075 1.198479 0.526717 0.108955 -0.140120 -0.163958 0.038198 0.765979 0.141502 -0.158866 0.058926 -0.438698 -0.621448 -0.479892 -0.065903 -0.037445 1.212922 0.453235 -0.067389 0.299184 0.413824 2.179632 -0.141254 -0.354719 0.033958 -0.313830 1.223436 0.303719 1.878381 -0.156985 0.042906 -0.162196 -0.112679 -0.118395 -0.017819 -0.690657 1.819242 -0.061458 -0.207378 0.245733 0.819717 -0.788542 0.328278 -0.134390 0.387280 -1.084499 0.672441 0.204282 0.094164 -0.401803 0.949193 -0.741631 -0.100503 -0.614071 -1.566297 -0.112330 0.368642 -0.703629 0.329757 -0.930103 0.116641 0.106573 -0.800449 0.121957 0.452244 0.057229 0.179990 0.128720 0.197365 0.633867 0.516075 0.031801 0.214541
118 -0.649700 -0.107211 1.661465 -0.970611 -0.278017 0.042991 0.209579 0.339841 0.405972 0.543405 0.649219 0.088466 0.314085 0.169413 -0.021406 -0.422484 -0.433556 1.664143 -0.089643 -0.919650 0.169378 1.609834 -0.132809 -0.290995 -0.081387 0.793219 -0.225554 -0.749629 1.414206 -0.314116 -0.113320 -1.137627 -0.526884 -0.179835 0.406239 1.191927 -1.571866 0.085485 -0.019440 0.213299 0.598533 1.249773 -0.056997 -0.125510 -0.228095 -0.523789 -0.326066 -0.570022 0.012422 -0.388710 -0.176162 1.001031 0.108280 -0.036071 -1.175199 -0.428890 0.268789 0.011711 -0.738619 -1.946757 -0.022155 -0.473360 -1.717909 -0.075350 0.604377 -0.360307 -1.755384 0.203376 0.331857 0.558563 1.168526 -0.088949 0.238061 -1.471424 0.242478 0.712286 0.099708 0.109744 0.699673 -0.145125 0.819830 0.291044 0.155208 -0.032361 -0.453170 -0.594871 -0.083583 -0.157172 0.485860 -0.293251 0.419781 -0.036792 -0.338622 -0.236813 -0.778487 0.250175 -0.154377 -0.574994 -0.477858 -0.125458 1.237182 0.539045 0.121833 -0.155443 -0.144091 0.013398 0.736469 0.142990 -0.119937 0.077873 -0.478224 -0.617696 -0.514176 -0.026055 -0.010857 1.252201 0.482725 -0.051871 0.329304 0.380586 2.241256 -0.157183 -0.340751 0.009609 -0.273463 1.229809 0.313943 1.936660 -0.175417 0.031061 -0.181737 -0.135113 -0.130667 -0.004833 -0.666732 1.875038 -0.019360 -0.245818 0.206639 0.853679 -0.832021 0.368687 -0.097040 0.418578 -1.119763 0.710432 0.216617 0.127818 -0.435665 0.932103 -0.781883 -0.122925 -0.612504 -1.615996 -0.129137 0.329028 -0.670651 0.347359 -0.962034 0.128531 0.071505 -0.836882 0.086234 0.475490 0.022316 0.213470 0.136693 0.229919 0.654893 0.553287 0.012224 0.247373
119 -0.649280 -0.108670 1.629778 -0.951987 -0.292201 0.053327 0.221439 0.329563 0.397257 0.530586 0.644884 0.075215 0.309675 0.162677 -0.007933 -0.404715 -0.445087 1.632354 -0.082466 -0.901462 0.163049 1.579086 -0.146622 -0.304799 -0.067817 0.784665 -0.240909 -0.732403 1.386651 -0.308109 -0.095813 -1.117253 -0.523768 -0.197693 0.393508 1.191036 -1.541932 0.071060 -0.005918 0.198159 0.580413 1.227818 -0.064737 -0.142521 -0.220467 -0.508454 -0.317144 -0.558279 0.020331 -0.374283 -0.177847 0.982034 0.096374 -0.045497 -1.153746 -0.428289 0.265379 0.020816 -0.719387 -1.912119 -0.033822 -0.463990 -1.685894 -0.083874 0.590299 -0.351219 -1.722843 0.195386 0.321780 0.540709 1.147740 -0.082681 0.230363 -1.444487 0.230232 0.721694 0.103924 0.105731 0.699375 -0.138648 0.815333 0.274969 0.148443 -0.040853 -0.442375 -0.601843 -0.069697 -0.150269 0.497099 -0.284647 0.410033 -0.036593 -0.324560 -0.240124 -0.760847 0.241816 -0.136715 -0.570089 -0.490343 -0.120021 1.215108 0.529244 0.116254 -0.149315 -0.150560 0.022863 0.745819 0.142114 -0.135916 0.068913 -0.459962 -0.616611 -0.497337 -0.043109 -0.022230 1.229785 0.469418 -0.058934 0.316387 0.393117 2.202199 -0.150497 -0.343925 0.018966 -0.289709 1.219468 0.306396 1.900267 -0.167933 0.037368 -0.173818 -0.125955 -0.123009 -0.012103 -0.674015 1.840372 -0.037005 -0.229496 0.222593 0.836192 -0.810100 0.350673 -0.112194 0.404442 -1.100186 0.692085 0.211695 0.113937 -0.420227 0.935887 -0.761506 -0.112607 -0.610464 -1.585852 -0.122315 0.344850 -0.682166 0.339515 -0.944940 0.123252 0.085260 -0.816455 0.100250 0.464335 0.035991 0.199657 0.133396 0.216085 0.641140 0.535798 0.020549 0.233741
120 -0.657828 -0.108678 1.607210 -0.933289 -0.319277 0.072963 0.246298 0.314036 0.383996 0.512263 0.648710 0.051489 0.304071 0.151062 0.017715 -0.378492 -0.471681 1.612048 -0.065784 -0.882084 0.152028 1.558439 -0.173959 -0.331934 -0.046386 0.786172 -0.268137 -0.720100 1.365885 -0.299552 -0.067329 -1.098601 -0.528345 -0.227458 0.380116 1.203117 -1.520607 0.044717 0.019828 0.172550 0.558575 1.209667 -0.073590 -0.172648 -0.206336 -0.485900 -0.303208 -0.541858 0.028685 -0.351819 -0.183411 0.962772 0.074370 -0.060692 -1.134623 -0.434872 0.266957 0.039302 -0.698222 -1.889848 -0.056467 -0.461610 -1.663691 -0.097582 0.571239 -0.338045 -1.701507 0.181357 0.308114 0.517085 1.130032 -0.073175 0.217469 -1.424744 0.207720 0.746634 0.107644 0.096209 0.708500 -0.128263 0.822029 0.248812 0.136282 -0.056701 -0.425911 -0.622022 -0.044089 -0.138610 0.523606 -0.270081 0.395179 -0.036275 -0.301381 -0.247640 -0.747098 0.226978 -0.108450 -0.572828 -0.515682 -0.111678 1.196579 0.527710 0.107442 -0.138013 -0.167772 0.042140 0.771991 0.141523 -0.164658 0.056889 -0.434099 -0.623521 -0.476506 -0.071408 -0.041028 1.210994 0.449752 -0.069242 0.295220 0.419396 2.178651 -0.139194 -0.358195 0.037804 -0.320084 1.226864 0.304225 1.877167 -0.154374 0.043820 -0.159440 -0.109487 -0.118137 -0.018584 -0.695676 1.817977 -0.067538 -0.202082 0.251626 0.816939 -0.784599 0.323206 -0.140018 0.383606 -1.082488 0.668601 0.202644 0.089295 -0.397875 0.953668 -0.738013 -0.097938 -0.615876 -1.564793 -0.110009 0.374837 -0.709763 0.327779 -0.927947 0.115327 0.112100 -0.798369 0.127639 0.449951 0.062745 0.175208 0.127728 0.192906 0.633900 0.512009 0.034492 0.209933
121 -0.655978 -0.108958 1.603069 -0.931892 -0.317542 0.071840 0.244475 0.314243 0.384096 0.512344 0.646771 0.052684 0.303862 0.151414 0.016178 -0.378976 -0.469339 1.607525 -0.067054 -0.880953 0.152361 1.554228 -0.172133 -0.330124 -0.047033 0.783591 -0.266712 -0.717912 1.362559 -0.299460 -0.068432 -1.096755 -0.526617 -0.226104 0.379331 1.200347 -1.516703 0.046162 0.018289 0.173619 0.558070 1.207257 -0.073820 -0.171032 -0.206916 -0.486192 -0.303425 -0.541785 0.029086 -0.352399 -0.182777 0.961430 0.075531 -0.060153 -1.132606 -0.433396 0.265770 0.038123 -0.697263 -1.884909 -0.055080 -0.459555 -1.659435 -0.097121 0.571123 -0.338068 -1.696952 0.181876 0.308017 0.517028 1.127859 -0.073279 0.217812 -1.421313 0.208818 0.744034 0.107903 0.096820 0.706561 -0.128465 0.819507 0.249738 0.136775 -0.055822 -0.426144 -0.619803 -0.045489 -0.138945 0.521206 -0.270532 0.395342 -0.036257 -0.302172 -0.247026 -0.745031 0.227518 -0.109450 -0.570968 -0.513803 -0.111740 1.194231 0.525401 0.107564 -0.138448 -0.166144 0.040909 0.769166 0.141331 -0.163087 0.056876 -0.434388 -0.621817 -0.476152 -0.070226 -0.040330 1.208601 0.450003 -0.069064 0.295883 0.417424 2.172829 -0.139512 -0.356268 0.036617 -0.318191 1.222731 0.302631 1.871949 -0.154956 0.044166 -0.160048 -0.110224 -0.117094 -0.019192 -0.693250 1.813093 -0.066012 -0.203203 0.249969 0.815984 -0.783819 0.323884 -0.138446 0.383867 -1.080628 0.668297 0.202927 0.090501 -0.398115 0.951022 -0.737250 -0.098067 -0.614200 -1.560809 -0.110497 0.372925 -0.707180 0.327816 -0.926597 0.115359 0.110384 -0.796473 0.125829 0.449694 0.061023 0.176330 0.127848 0.193807 0.631592 0.512018 0.033927 0.210948
122 -0.641583 -0.108512 1.653323 -0.970768 -0.266209 0.034520 0.197700 0.344644 0.410121 0.548464 0.641859 0.098061 0.315170 0.173854 -0.032558 -0.430282 -0.419800 1.653858 -0.098264 -0.920827 0.173641 1.600796 -0.120428 -0.278788 -0.088590 0.784153 -0.214662 -0.745224 1.408167 -0.316433 -0.123437 -1.136172 -0.519948 -0.168878 0.406908 1.180185 -1.564175 0.096416 -0.030637 0.222922 0.602025 1.246408 -0.055949 -0.113448 -0.234014 -0.530424 -0.330646 -0.574323 0.011982 -0.396103 -0.172649 1.001383 0.117518 -0.030783 -1.173203 -0.422393 0.264299 0.003166 -0.740495 -1.935689 -0.012120 -0.467062 -1.709146 -0.070614 0.608966 -0.364046 -1.745353 0.208886 0.335144 0.563925 1.165820 -0.091894 0.242798 -1.464997 0.251858 0.698124 0.100128 0.114722 0.691144 -0.148682 0.809731 0.300313 0.160127 -0.025650 -0.458365 -0.582849 -0.094330 -0.161502 0.471920 -0.298698 0.424450 -0.036899 -0.346989 -0.232999 -0.775046 0.256081 -0.164157 -0.568103 -0.466101 -0.128095 1.234064 0.531594 0.124767 -0.160139 -0.134340 0.004470 0.721134 0.142714 -0.108219 0.080695 -0.485251 -0.610463 -0.517909 -0.015706 -0.004076 1.249006 0.488573 -0.048891 0.336863 0.368016 2.227374 -0.161383 -0.330707 0.000985 -0.260488 1.213814 0.309099 1.924761 -0.180956 0.030904 -0.187615 -0.141766 -0.128174 -0.005522 -0.653638 1.864060 -0.007494 -0.256016 0.194640 0.855379 -0.835423 0.377416 -0.085423 0.424721 -1.118148 0.715207 0.220351 0.137685 -0.442016 0.919388 -0.784846 -0.126921 -0.605763 -1.607876 -0.134129 0.316040 -0.655966 0.350909 -0.962019 0.130934 0.059519 -0.834874 0.073980 0.478467 0.010326 0.223211 0.138842 0.238495 0.649045 0.559109 0.007083 0.256685
123 -0.650957 -0.109322 1.611746 -0.940284 -0.304014 0.061993 0.231841 0.321958 0.390843 0.521333 0.643996 0.064485 0.306676 0.157448 0.003230 -0.391664 -0.455751 1.614822 -0.075663 -0.889799 0.158105 1.561894 -0.158323 -0.316501 -0.057469 0.781548 -0.253260 -0.722747 1.370763 -0.303828 -0.082404 -1.104900 -0.523539 -0.211634 0.385370 1.193562 -1.524901 0.059355 0.005284 0.186317 0.568206 1.214849 -0.069879 -0.156105 -0.214317 -0.497243 -0.310480 -0.549870 0.025412 -0.363434 -0.179702 0.970109 0.086561 -0.052741 -1.140862 -0.429496 0.264358 0.028694 -0.706893 -1.893007 -0.043677 -0.459692 -1.667861 -0.090442 0.580359 -0.344619 -1.704762 0.189064 0.314626 0.528189 1.135365 -0.078115 0.224396 -1.429051 0.220219 0.731165 0.106512 0.102086 0.701247 -0.133763 0.815015 0.262621 0.142984 -0.047898 -0.434317 -0.609320 -0.058375 -0.144947 0.507680 -0.277920 0.402804 -0.036474 -0.313688 -0.243165 -0.750625 0.235205 -0.123276 -0.568729 -0.501111 -0.116081 1.202044 0.524941 0.112133 -0.144411 -0.157158 0.031095 0.755535 0.141639 -0.148816 0.062565 -0.446798 -0.617661 -0.485847 -0.056346 -0.031122 1.216492 0.459659 -0.064127 0.306402 0.404120 2.181016 -0.145307 -0.348590 0.027057 -0.303051 1.216932 0.302871 1.880220 -0.161854 0.041397 -0.167369 -0.118510 -0.118819 -0.016498 -0.681924 1.821223 -0.050886 -0.216829 0.235575 0.824832 -0.795655 0.337312 -0.124562 0.394111 -1.088340 0.679504 0.207769 0.102830 -0.409031 0.941523 -0.748070 -0.105117 -0.610784 -1.568804 -0.116866 0.357977 -0.693057 0.333754 -0.934260 0.119458 0.096802 -0.804135 0.112003 0.456617 0.047451 0.188599 0.130861 0.205290 0.633968 0.523460 0.027078 0.222890
124 -0.648206 -0.108207 1.643006 -0.960578 -0.283921 0.047231 0.214178 0.335104 0.401990 0.537295 0.645726 0.082761 0.311954 0.166550 -0.015799 -0.414021 -0.437734 1.645241 -0.087149 -0.910005 0.166709 1.591715 -0.138429 -0.296601 -0.075191 0.787189 -0.232196 -0.739683 1.398305 -0.311322 -0.105348 -1.126388 -0.524109 -0.187901 0.399532 1.189575 -1.554422 0.079301 -0.013821 0.206581 0.589246 1.237374 -0.060985 -0.132949 -0.224971 -0.516542 -0.322040 -0.564426 0.016573 -0.382041 -0.176510 0.990814 0.103281 -0.040342 -1.163282 -0.427558 0.266245 0.015270 -0.728476 -1.926170 -0.026912 -0.467414 -1.699140 -0.079197 0.597535 -0.356069 -1.736114 0.199987 0.327008 0.549677 1.156873 -0.086107 0.234731 -1.455820 0.237344 0.715197 0.102078 0.108428 0.698178 -0.142267 0.815794 0.283728 0.152392 -0.035916 -0.448207 -0.596738 -0.077707 -0.154196 0.489843 -0.289525 0.415329 -0.036727 -0.332323 -0.237964 -0.768493 0.246653 -0.146283 -0.571277 -0.482828 -0.123019 1.224759 0.532676 0.119363 -0.152945 -0.146048 0.017070 0.739156 0.142500 -0.126833 0.073531 -0.469379 -0.615986 -0.505628 -0.033721 -0.015912 1.239570 0.476465 -0.055179 0.323536 0.385426 2.217771 -0.154313 -0.340869 0.013291 -0.280345 1.221635 0.309205 1.914990 -0.172296 0.034410 -0.178447 -0.131247 -0.126207 -0.008801 -0.668596 1.854437 -0.027188 -0.238543 0.213485 0.844482 -0.820642 0.360269 -0.103492 0.411929 -1.108948 0.701241 0.214630 0.121809 -0.428325 0.932172 -0.771271 -0.118026 -0.610370 -1.598348 -0.126310 0.335662 -0.674639 0.343780 -0.952834 0.126140 0.077136 -0.825535 0.092009 0.469995 0.027908 0.207509 0.135319 0.223744 0.646680 0.544717 0.015921 0.241467
125 -0.650244 -0.107854 1.651457 -0.964804 -0.283675 0.046753 0.214245 0.336591 0.403395 0.539323 0.648345 0.083591 0.312983 0.167313 -0.016319 -0.416210 -0.438470 1.653939 -0.087132 -0.913927 0.167432 1.600027 -0.138218 -0.296424 -0.076568 0.790995 -0.231439 -0.744296 1.405421 -0.312461 -0.106847 -1.131348 -0.526314 -0.186779 0.402207 1.192739 -1.562388 0.080028 -0.014354 0.207870 0.592444 1.243000 -0.059788 -0.132142 -0.225702 -0.518672 -0.323327 -0.566515 0.015152 -0.383772 -0.176943 0.995094 0.104004 -0.039568 -1.168558 -0.429172 0.267853 0.015002 -0.732245 -1.935739 -0.026514 -0.470752 -1.707723 -0.078508 0.599945 -0.357581 -1.744988 0.200800 0.328727 0.552415 1.162128 -0.086962 0.235710 -1.462975 0.238286 0.716555 0.101410 0.108548 0.700298 -0.143105 0.819015 0.285251 0.153044 -0.035583 -0.449814 -0.598004 -0.078452 -0.154981 0.490690 -0.290560 0.416846 -0.036817 -0.333803 -0.238201 -0.773090 0.247536 -0.147932 -0.573862 -0.483044 -0.123818 1.230371 0.536326 0.120127 -0.153536 -0.146603 0.016757 0.740685 0.142854 -0.126081 0.074850 -0.471837 -0.617971 -0.508470 -0.032430 -0.014924 1.245236 0.478389 -0.054368 0.325015 0.385587 2.228751 -0.155096 -0.342229 0.012984 -0.279943 1.227164 0.311816 1.925000 -0.172979 0.033286 -0.179177 -0.131959 -0.128229 -0.007287 -0.669998 1.863901 -0.026179 -0.239965 0.212872 0.848093 -0.824704 0.362363 -0.102836 0.413900 -1.113794 0.704378 0.215233 0.122754 -0.430491 0.934444 -0.775080 -0.119427 -0.612454 -1.606395 -0.126949 0.335365 -0.675649 0.345113 -0.956866 0.126944 0.076776 -0.830328 0.091763 0.472074 0.027536 0.208598 0.135800 0.225002 0.650952 0.547364 0.015306 0.242655
126 -0.657905 -0.107937 1.624413 -0.943556 -0.311233 0.066974 0.239458 0.319891 0.388978 0.519509 0.650909 0.059059 0.306590 0.154923 0.010041 -0.388438 -0.465038 1.629146 -0.070112 -0.892132 0.155666 1.575039 -0.166083 -0.324024 -0.054092 0.790635 -0.259405 -0.729426 1.380831 -0.302988 -0.077163 -1.109756 -0.529876 -0.217411 0.387172 1.203253 -1.536843 0.052878 0.012119 0.181146 0.568620 1.221656 -0.069329 -0.163078 -0.210743 -0.494521 -0.308308 -0.548558 0.024332 -0.359986 -0.182423 0.973217 0.081233 -0.055373 -1.146342 -0.435058 0.268693 0.033997 -0.708815 -1.908491 -0.049744 -0.466614 -1.680994 -0.092757 0.579178 -0.343241 -1.719043 0.185953 0.313837 0.527029 1.141400 -0.076718 0.221919 -1.439381 0.214799 0.741121 0.105390 0.098587 0.708491 -0.131962 0.824233 0.257868 0.140208 -0.051831 -0.432092 -0.617817 -0.051999 -0.142556 0.517078 -0.275048 0.400765 -0.036391 -0.309386 -0.245726 -0.756747 0.231787 -0.118387 -0.575346 -0.508569 -0.114753 1.208633 0.532922 0.110607 -0.141542 -0.163846 0.036589 0.766446 0.142009 -0.155606 0.061936 -0.444291 -0.623982 -0.485859 -0.061783 -0.034527 1.223230 0.457287 -0.065257 0.302626 0.412163 2.199578 -0.143039 -0.356041 0.032339 -0.310908 1.232061 0.308263 1.896749 -0.158719 0.040355 -0.164044 -0.114767 -0.122280 -0.014620 -0.691259 1.836610 -0.057661 -0.211300 0.242581 0.826602 -0.796643 0.333320 -0.131403 0.391566 -1.093228 0.678782 0.205502 0.097183 -0.406544 0.951225 -0.749232 -0.103768 -0.616882 -1.581096 -0.113938 0.365865 -0.703079 0.332295 -0.937393 0.118309 0.104251 -0.809537 0.119707 0.456251 0.054960 0.183111 0.129639 0.200759 0.641362 0.521750 0.029770 0.217746
127 -0.668221 -0.107380 1.609421 -0.928483 -0.337741 0.085999 0.264142 0.305570 0.376674 0.502797 0.656990 0.036253 0.301706 0.143778 0.035127 -0.364277 -0.491923 1.616709 -0.053522 -0.876104 0.145086 1.561883 -0.193033 -0.350679 -0.034100 0.795520 -0.285633 -0.721224 1.366465 -0.295198 -0.050200 -1.095371 -0.536380 -0.245762 0.376212 1.217566 -1.522675 0.027318 0.037303 0.156767 0.549665 1.208410 -0.076857 -0.192214 -0.196994 -0.473830 -0.295312 -0.533782 0.031214 -0.339023 -0.188442 0.957627 0.060002 -0.069697 -1.131781 -0.443046 0.271762 0.052145 -0.691012 -1.894762 -0.071840 -0.467259 -1.666469 -0.105642 0.562150 -0.331258 -1.705697 0.172515 0.301680 0.505905 1.128260 -0.067823 0.209747 -1.426012 0.193077 0.766748 0.108226 0.088846 0.719415 -0.122209 0.833725 0.233172 0.128577 -0.067249 -0.416935 -0.638655 -0.027131 -0.131432 0.543916 -0.261285 0.387056 -0.036093 -0.287525 -0.253270 -0.747125 0.217487 -0.091759 -0.580354 -0.533635 -0.106878 1.194975 0.534744 0.102268 -0.130516 -0.181417 0.055457 0.793527 0.141634 -0.183415 0.051224 -0.420725 -0.632613 -0.467656 -0.088671 -0.052214 1.209387 0.439195 -0.074667 0.282752 0.438242 2.185858 -0.132325 -0.371320 0.050771 -0.340603 1.244414 0.308500 1.882680 -0.145735 0.045585 -0.150295 -0.099013 -0.119380 -0.019551 -0.713749 1.822716 -0.087075 -0.185231 0.270745 0.810451 -0.774750 0.307777 -0.158423 0.372432 -1.079681 0.658018 0.196700 0.073445 -0.386087 0.970584 -0.729146 -0.090467 -0.624123 -1.567271 -0.102058 0.395220 -0.731107 0.321534 -0.923802 0.110890 0.130645 -0.795796 0.146686 0.443601 0.081277 0.159631 0.124206 0.178773 0.637973 0.500323 0.043004 0.194982
128 -0.675506 -0.106688 1.647614 -0.947398 -0.334463 0.083477 0.262622 0.312286 0.383343 0.512318 0.667436 0.041140 0.305770 0.147652 0.030671 -0.375693 -0.492648 1.656104 -0.053501 -0.893816 0.148645 1.599446 -0.189586 -0.347912 -0.040624 0.810820 -0.280531 -0.740735 1.398456 -0.300153 -0.058945 -1.117325 -0.545040 -0.238376 0.387065 1.231311 -1.558575 0.032889 0.032799 0.164061 0.564570 1.233426 -0.072290 -0.185730 -0.201136 -0.484174 -0.301306 -0.543013 0.025910 -0.347771 -0.189369 0.976754 0.063970 -0.065805 -1.155181 -0.448802 0.277948 0.050342 -0.708421 -1.938629 -0.069000 -0.479785 -1.705565 -0.102504 0.572978 -0.337705 -1.746079 0.176554 0.308648 0.519195 1.151435 -0.071870 0.214058 -1.458129 0.198288 0.771216 0.105643 0.090384 0.727093 -0.125924 0.846646 0.241830 0.131389 -0.064837 -0.424114 -0.643756 -0.032367 -0.135315 0.545325 -0.265933 0.393834 -0.036427 -0.295063 -0.254519 -0.765973 0.222216 -0.100937 -0.590557 -0.532845 -0.110854 1.219899 0.548308 0.105974 -0.133849 -0.183113 0.053890 0.798515 0.142892 -0.177778 0.056320 -0.433182 -0.639763 -0.480672 -0.080995 -0.047768 1.234706 0.448336 -0.071415 0.289688 0.437310 2.236642 -0.135780 -0.376934 0.048963 -0.335776 1.267403 0.317992 1.928436 -0.148835 0.041522 -0.153362 -0.102285 -0.126787 -0.014133 -0.719092 1.866162 -0.079434 -0.193204 0.265610 0.826976 -0.794149 0.318660 -0.153269 0.381854 -1.101003 0.673064 0.199733 0.079332 -0.396649 0.979243 -0.747099 -0.096227 -0.631593 -1.603725 -0.105279 0.391138 -0.733447 0.327148 -0.941375 0.114732 0.126707 -0.816594 0.142795 0.452568 0.077213 0.165931 0.126408 0.185593 0.654280 0.513305 0.039894 0.201414
129 -0.663857 -0.110158 1.613822 -0.934147 -0.329359 0.080282 0.255697 0.311018 0.382820 0.509969 0.654333 0.044013 0.303913 0.148773 0.025475 -0.373124 -0.482963 1.619582 -0.059079 -0.882277 0.149775 1.565247 -0.183053 -0.342080 -0.039730 0.792193 -0.277570 -0.722163 1.370383 -0.298997 -0.059723 -1.100622 -0.533366 -0.236829 0.378079 1.216236 -1.526617 0.037106 0.027584 0.165796 0.556119 1.213037 -0.077211 -0.181829 -0.203787 -0.481532 -0.300927 -0.540078 0.031774 -0.347335 -0.185439 0.963456 0.067223 -0.065902 -1.136989 -0.439360 0.269223 0.046061 -0.697036 -1.899342 -0.064583 -0.463776 -1.670981 -0.102850 0.568550 -0.335843 -1.709390 0.177942 0.305124 0.513536 1.132720 -0.071348 0.214535 -1.430062 0.201770 0.760318 0.109748 0.094764 0.715064 -0.125728 0.829788 0.242487 0.132584 -0.062094 -0.422915 -0.634216 -0.036630 -0.136078 0.535374 -0.266617 0.392862 -0.036377 -0.295803 -0.252493 -0.747822 0.224236 -0.101102 -0.577552 -0.526989 -0.110790 1.199801 0.530272 0.106046 -0.135973 -0.175206 0.049614 0.785813 0.141988 -0.173840 0.052900 -0.429186 -0.628812 -0.473206 -0.079810 -0.047753 1.214249 0.446598 -0.073274 0.290071 0.430310 2.190705 -0.136216 -0.366418 0.044811 -0.330145 1.238513 0.305216 1.886581 -0.150355 0.046537 -0.154858 -0.103857 -0.117149 -0.021120 -0.708132 1.826943 -0.076120 -0.194775 0.261292 0.816665 -0.782749 0.317106 -0.148815 0.379473 -1.084644 0.666023 0.201440 0.082473 -0.393702 0.965569 -0.736304 -0.093466 -0.620481 -1.571148 -0.106894 0.385394 -0.722949 0.326000 -0.928891 0.114323 0.120603 -0.798692 0.136480 0.448191 0.071063 0.168894 0.126996 0.186897 0.635446 0.508204 0.039411 0.203803
130 -0.646028 -0.108112 1.654553 -0.969032 -0.274146 0.040073 0.205311 0.341242 0.407309 0.544726 0.645461 0.091616 0.314361 0.170977 -0.025242 -0.424360 -0.428516 1.656082 -0.093087 -0.918590 0.170903 1.602517 -0.128519 -0.286838 -0.083360 0.788201 -0.222178 -0.745869 1.408661 -0.314823 -0.116207 -1.135130 -0.523402 -0.176771 0.405353 1.186724 -1.565322 0.089099 -0.023300 0.216318 0.598408 1.246192 -0.057428 -0.121780 -0.230316 -0.525495 -0.327531 -0.571167 0.013113 -0.390852 -0.174722 0.999509 0.111465 -0.034626 -1.172322 -0.425883 0.266323 0.008584 -0.737634 -1.938123 -0.018649 -0.469514 -1.710634 -0.074082 0.605339 -0.361369 -1.747413 0.205312 0.332537 0.559329 1.165375 -0.089785 0.239705 -1.465824 0.245804 0.706919 0.100531 0.111869 0.695837 -0.146262 0.814772 0.293780 0.156974 -0.030121 -0.454763 -0.590150 -0.087222 -0.158643 0.480714 -0.295147 0.421253 -0.036867 -0.341260 -0.235467 -0.775212 0.252313 -0.157126 -0.571361 -0.473918 -0.126276 1.233709 0.534596 0.122769 -0.157197 -0.140145 0.010107 0.730495 0.142857 -0.116211 0.078295 -0.479694 -0.614366 -0.514266 -0.023057 -0.008870 1.248640 0.484332 -0.051242 0.331723 0.376137 2.230805 -0.158619 -0.336369 0.006477 -0.269266 1.221312 0.310932 1.927396 -0.177402 0.031737 -0.183844 -0.137377 -0.128659 -0.005989 -0.661529 1.866381 -0.015766 -0.248976 0.202828 0.852907 -0.831474 0.371000 -0.093240 0.420167 -1.117289 0.710959 0.218090 0.131059 -0.437197 0.926842 -0.781289 -0.123782 -0.609309 -1.609202 -0.130931 0.324798 -0.665241 0.348489 -0.960582 0.129246 0.067338 -0.833937 0.082041 0.475971 0.018119 0.216740 0.137518 0.232599 0.650878 0.554328 0.010712 0.250489
131 -0.674118 -0.109928 1.581812 -0.908516 -0.363475 0.105272 0.287043 0.290507 0.364941 0.485559 0.658245 0.013710 0.296099 0.133354 0.058218 -0.339077 -0.516110 1.590435 -0.037921 -0.855905 0.135130 1.535779 -0.217706 -0.376275 -0.012200 0.792786 -0.312104 -0.704688 1.341247 -0.287266 -0.023184 -1.074809 -0.538450 -0.274628 0.360088 1.229783 -1.496399 0.003455 0.060468 0.132837 0.527128 1.187586 -0.088635 -0.220127 -0.185079 -0.452014 -0.282382 -0.518097 0.042711 -0.318002 -0.192584 0.937148 0.039090 -0.085373 -1.110490 -0.447238 0.270775 0.069601 -0.668649 -1.867219 -0.093322 -0.459599 -1.639361 -0.120384 0.543246 -0.318270 -1.678815 0.159572 0.287037 0.482476 1.107988 -0.058628 0.197528 -1.402082 0.172666 0.790841 0.114362 0.081987 0.725989 -0.111998 0.837197 0.208756 0.116779 -0.082351 -0.401185 -0.658790 -0.003846 -0.120655 0.568283 -0.247522 0.373070 -0.035874 -0.265751 -0.261776 -0.728650 0.204612 -0.064764 -0.580136 -0.558553 -0.099427 1.173876 0.527173 0.094161 -0.120915 -0.196831 0.074126 0.817948 0.140902 -0.210364 0.037246 -0.395500 -0.636990 -0.445727 -0.115960 -0.071785 1.187981 0.420615 -0.086464 0.262532 0.463236 2.156456 -0.121352 -0.383931 0.068793 -0.368555 1.246110 0.301611 1.853356 -0.132784 0.054922 -0.136239 -0.082696 -0.110402 -0.029714 -0.734613 1.794771 -0.115058 -0.159507 0.298086 0.790597 -0.748832 0.281501 -0.184219 0.352143 -1.060036 0.634906 0.189186 0.050808 -0.364390 0.986912 -0.705002 -0.074374 -0.626722 -1.541240 -0.090734 0.423225 -0.757084 0.310241 -0.905465 0.103557 0.154765 -0.773953 0.171209 0.428923 0.105118 0.137339 0.119285 0.156989 0.624722 0.476959 0.057241 0.173006
132 -0.657945 -0.108890 1.622259 -0.942329 -0.312560 0.068100 0.240444 0.319121 0.388725 0.518816 0.650622 0.057995 0.306231 0.154533 0.010794 -0.387386 -0.466030 1.626821 -0.069462 -0.890974 0.155276 1.572822 -0.166929 -0.325288 -0.052624 0.789685 -0.260938 -0.727492 1.378793 -0.302667 -0.075930 -1.108424 -0.529597 -0.218956 0.385401 1.204688 -1.534735 0.052115 0.012881 0.180159 0.567223 1.220216 -0.071038 -0.164229 -0.210589 -0.493574 -0.307795 -0.547939 0.026098 -0.359159 -0.182443 0.971987 0.080222 -0.056597 -1.144935 -0.434887 0.268020 0.034844 -0.707348 -1.906477 -0.050810 -0.464706 -1.678936 -0.094096 0.578238 -0.342515 -1.716869 0.185414 0.312695 0.525821 1.139942 -0.076123 0.221326 -1.437531 0.214162 0.742725 0.106506 0.098820 0.708609 -0.131305 0.824056 0.256975 0.139523 -0.052645 -0.431417 -0.619387 -0.051180 -0.142058 0.518161 -0.274415 0.400183 -0.036387 -0.308519 -0.246756 -0.754461 0.231503 -0.117093 -0.574790 -0.510213 -0.114433 1.207175 0.530870 0.110196 -0.141342 -0.164365 0.037629 0.767819 0.141886 -0.156823 0.060395 -0.443143 -0.623913 -0.484334 -0.063207 -0.035983 1.221771 0.456505 -0.066496 0.301707 0.413522 2.197539 -0.142388 -0.356516 0.033246 -0.312037 1.231415 0.306484 1.894388 -0.158071 0.041875 -0.163245 -0.113793 -0.120481 -0.016467 -0.692692 1.834456 -0.058674 -0.210220 0.243863 0.825481 -0.795350 0.332127 -0.132476 0.390609 -1.091920 0.677777 0.205394 0.096334 -0.405566 0.952285 -0.747914 -0.102280 -0.616589 -1.579011 -0.113422 0.367140 -0.704526 0.331724 -0.936205 0.117922 0.105066 -0.807426 0.120468 0.455362 0.055676 0.182374 0.129471 0.199858 0.638940 0.520680 0.030824 0.216945
133 -0.656582 -0.109185 1.606300 -0.933929 -0.317268 0.071392 0.244155 0.315319 0.385311 0.513722 0.647637 0.053347 0.304639 0.152253 0.015510 -0.380214 -0.469388 1.610591 -0.067485 -0.882909 0.153176 1.557258 -0.171660 -0.329809 -0.047760 0.784781 -0.266253 -0.719620 1.365271 -0.300405 -0.069331 -1.099037 -0.527259 -0.225642 0.380476 1.201792 -1.519728 0.046878 0.017602 0.174569 0.559562 1.209695 -0.073587 -0.170463 -0.207900 -0.487581 -0.304509 -0.543244 0.028726 -0.353552 -0.182753 0.963499 0.076216 -0.059779 -1.134965 -0.433821 0.266143 0.037623 -0.698965 -1.888456 -0.054573 -0.460605 -1.662669 -0.096824 0.572613 -0.339160 -1.700180 0.182722 0.309017 0.518382 1.130165 -0.073970 0.218721 -1.424129 0.209810 0.744475 0.108021 0.097534 0.707217 -0.129196 0.820473 0.250778 0.137448 -0.055505 -0.427337 -0.620199 -0.046269 -0.139735 0.521348 -0.271480 0.396552 -0.036388 -0.303289 -0.247113 -0.746818 0.228537 -0.110420 -0.571782 -0.513864 -0.112495 1.196678 0.526457 0.108290 -0.139267 -0.165984 0.040397 0.769542 0.141597 -0.162522 0.057432 -0.435699 -0.622438 -0.477446 -0.069484 -0.039803 1.211045 0.451300 -0.068744 0.296986 0.417248 2.176788 -0.140263 -0.356511 0.036147 -0.317809 1.224219 0.303408 1.875528 -0.155657 0.043961 -0.160787 -0.110863 -0.117609 -0.018840 -0.693618 1.816511 -0.065297 -0.204261 0.249530 0.817804 -0.785782 0.325163 -0.137861 0.385166 -1.082882 0.670043 0.203761 0.091326 -0.399464 0.951914 -0.739024 -0.098754 -0.614879 -1.563816 -0.111246 0.372628 -0.707436 0.328896 -0.928610 0.116077 0.109786 -0.798344 0.125339 0.450933 0.060373 0.177315 0.128414 0.194727 0.633100 0.513504 0.033589 0.211987
134 -0.665473 -0.107883 1.600923 -0.924684 -0.336580 0.085497 0.262707 0.304733 0.375847 0.501547 0.653820 0.036624 0.300836 0.143536 0.034273 -0.363244 -0.489662 1.607751 -0.054454 -0.872703 0.144850 1.553406 -0.191750 -0.349403 -0.033668 0.791074 -0.285018 -0.716521 1.359387 -0.294377 -0.050092 -1.090729 -0.533638 -0.245405 0.373815 1.213479 -1.514651 0.027965 0.036456 0.156760 0.547225 1.202944 -0.077880 -0.191454 -0.196968 -0.472632 -0.294626 -0.532366 0.032519 -0.338362 -0.187658 0.953808 0.060405 -0.069808 -1.126805 -0.440861 0.269807 0.051455 -0.687863 -1.884968 -0.071060 -0.463444 -1.657797 -0.105772 0.560464 -0.330266 -1.696614 0.172356 0.300432 0.504118 1.123200 -0.067328 0.209343 -1.418844 0.193305 0.763958 0.108891 0.089258 0.716550 -0.121778 0.829734 0.232903 0.128478 -0.066784 -0.416045 -0.636230 -0.027732 -0.131154 0.541529 -0.260918 0.386171 -0.036002 -0.287158 -0.252717 -0.742524 0.217324 -0.091478 -0.577251 -0.532102 -0.106406 1.189561 0.530524 0.101851 -0.130460 -0.179834 0.054782 0.790426 0.141243 -0.182674 0.050293 -0.419358 -0.630003 -0.465539 -0.088579 -0.052374 1.203913 0.438144 -0.075116 0.282277 0.436648 2.174523 -0.132013 -0.368994 0.050107 -0.339375 1.237727 0.305501 1.872393 -0.145694 0.046641 -0.150224 -0.099050 -0.117196 -0.021092 -0.711048 1.813026 -0.086517 -0.185149 0.269842 0.807392 -0.771507 0.306945 -0.157617 0.371309 -1.075110 0.655735 0.196512 0.073764 -0.384838 0.967102 -0.726090 -0.089603 -0.621458 -1.559130 -0.101983 0.393916 -0.728508 0.320671 -0.920136 0.110379 0.129542 -0.791237 0.145449 0.442030 0.080191 0.159798 0.123969 0.178647 0.633342 0.498601 0.042994 0.194987
135 -0.653266 -0.109921 1.610609 -0.938306 -0.309110 0.065809 0.236545 0.319498 0.389103 0.518741 0.645631 0.060281 0.305848 0.155573 0.007583 -0.387794 -0.460990 1.614094 -0.072341 -0.887625 0.156293 1.560974 -0.163119 -0.321610 -0.053570 0.782871 -0.258313 -0.721479 1.369338 -0.302635 -0.077761 -1.103224 -0.525117 -0.216825 0.383016 1.198160 -1.523752 0.055005 0.009656 0.182134 0.565187 1.213494 -0.072093 -0.161205 -0.212216 -0.493891 -0.308373 -0.547644 0.027511 -0.360031 -0.180778 0.968083 0.082564 -0.055752 -1.139231 -0.431145 0.264856 0.032235 -0.704197 -1.892668 -0.047944 -0.459297 -1.666968 -0.093378 0.577645 -0.342544 -1.704067 0.186706 0.312248 0.524830 1.133873 -0.076488 0.222224 -1.427920 0.216533 0.736995 0.107617 0.100733 0.703748 -0.131895 0.817524 0.258552 0.140699 -0.050897 -0.431816 -0.614422 -0.054065 -0.142991 0.513036 -0.275468 0.400575 -0.036435 -0.309997 -0.245350 -0.748725 0.232959 -0.118666 -0.569955 -0.506421 -0.114826 1.200620 0.524728 0.110701 -0.142657 -0.160629 0.034925 0.761456 0.141528 -0.153839 0.059977 -0.443034 -0.619589 -0.482689 -0.061211 -0.034813 1.215054 0.456760 -0.066389 0.302944 0.409366 2.181239 -0.143256 -0.351975 0.030681 -0.308348 1.220422 0.302260 1.879708 -0.159404 0.043125 -0.164663 -0.115363 -0.117527 -0.018341 -0.687187 1.820723 -0.055831 -0.212353 0.240741 0.822560 -0.792637 0.333080 -0.129396 0.390943 -1.086750 0.676508 0.206409 0.098736 -0.405741 0.946209 -0.745190 -0.102194 -0.612316 -1.567769 -0.114712 0.363403 -0.698946 0.331926 -0.932446 0.118212 0.101450 -0.801876 0.116704 0.454520 0.052000 0.184658 0.129969 0.201504 0.632793 0.520140 0.029847 0.219013
136 -0.650740 -0.109562 1.603586 -0.935291 -0.307410 0.064767 0.234809 0.319032 0.388241 0.517785 0.642858 0.061096 0.305227 0.155429 0.006615 -0.387160 -0.458478 1.606827 -0.073503 -0.884935 0.156172 1.554080 -0.161705 -0.319871 -0.053943 0.779362 -0.257005 -0.718260 1.363695 -0.301943 -0.078127 -1.099481 -0.522769 -0.215811 0.381964 1.193181 -1.517198 0.055780 0.008694 0.182454 0.563576 1.209014 -0.071777 -0.160115 -0.212028 -0.493092 -0.307861 -0.546466 0.027409 -0.359663 -0.180133 0.965061 0.083408 -0.055102 -1.135206 -0.429304 0.263566 0.031205 -0.701969 -1.884256 -0.046708 -0.457186 -1.659708 -0.092616 0.576433 -0.341943 -1.696523 0.186734 0.311747 0.523673 1.129824 -0.076301 0.222082 -1.422040 0.216844 0.733393 0.107373 0.100730 0.701053 -0.131832 0.813898 0.258544 0.140971 -0.050060 -0.431215 -0.611096 -0.054841 -0.142910 0.510336 -0.275385 0.399924 -0.036344 -0.309935 -0.244049 -0.745933 0.232738 -0.118922 -0.567460 -0.504051 -0.114448 1.196199 0.522359 0.110454 -0.142537 -0.158994 0.033762 0.757792 0.141286 -0.152682 0.060182 -0.442164 -0.617263 -0.481539 -0.060514 -0.034123 1.210568 0.456037 -0.065975 0.302855 0.407212 2.171293 -0.143292 -0.349586 0.029645 -0.306835 1.214531 0.300846 1.871079 -0.159668 0.042956 -0.165016 -0.115923 -0.116865 -0.018353 -0.683770 1.812531 -0.055049 -0.212662 0.239389 0.820188 -0.790051 0.332733 -0.128280 0.390244 -1.083070 0.674664 0.206147 0.099287 -0.404890 0.942297 -0.742870 -0.102362 -0.610108 -1.561096 -0.114837 0.361694 -0.695762 0.331345 -0.929573 0.117869 0.100221 -0.798871 0.115387 0.453466 0.050853 0.184951 0.129771 0.201709 0.630233 0.518886 0.029197 0.219217
137 -0.663819 -0.107707 1.608947 -0.930363 -0.329705 0.080606 0.256559 0.308812 0.379320 0.506487 0.653571 0.042696 0.302331 0.146474 0.027780 -0.370322 -0.483190 1.615391 -0.058360 -0.878467 0.147617 1.560969 -0.184870 -0.342564 -0.039304 0.791759 -0.277965 -0.720825 1.366560 -0.296633 -0.057632 -1.096583 -0.533120 -0.237516 0.377802 1.211245 -1.522222 0.034708 0.029938 0.163429 0.553518 1.208897 -0.075288 -0.183606 -0.200490 -0.478628 -0.298247 -0.536773 0.030013 -0.344329 -0.186370 0.959628 0.065962 -0.065791 -1.132881 -0.439642 0.269915 0.046930 -0.694156 -1.893325 -0.065398 -0.464935 -1.665807 -0.102165 0.565637 -0.333748 -1.704529 0.175891 0.304112 0.510737 1.128928 -0.069831 0.212610 -1.425734 0.198972 0.758096 0.107653 0.091495 0.714772 -0.124438 0.828963 0.239776 0.131502 -0.062748 -0.420352 -0.631603 -0.034256 -0.134121 0.535102 -0.264608 0.390046 -0.036060 -0.293175 -0.250929 -0.747146 0.221065 -0.098992 -0.577277 -0.525766 -0.108596 1.195607 0.531897 0.104134 -0.133272 -0.175850 0.050097 0.784326 0.141428 -0.175252 0.053595 -0.426418 -0.628738 -0.471477 -0.081122 -0.047515 1.210052 0.443409 -0.072357 0.287754 0.430149 2.183688 -0.134860 -0.365957 0.045500 -0.331563 1.237546 0.306742 1.881130 -0.149070 0.044679 -0.153777 -0.103160 -0.118998 -0.019032 -0.706077 1.821423 -0.078521 -0.192274 0.262352 0.813069 -0.778887 0.314296 -0.150479 0.376834 -1.080684 0.662284 0.198737 0.080096 -0.390825 0.963195 -0.732929 -0.093565 -0.620579 -1.566684 -0.105057 0.386244 -0.721848 0.323724 -0.925276 0.112463 0.122769 -0.797056 0.138532 0.445993 0.073454 0.166056 0.125384 0.184675 0.636236 0.505125 0.039361 0.201076
138 -0.666815 -0.108270 1.638032 -0.946502 -0.322793 0.075515 0.250882 0.316333 0.386902 0.516776 0.659526 0.050412 0.306241 0.151551 0.019631 -0.382980 -0.478778 1.644528 -0.061611 -0.894013 0.152340 1.589082 -0.177188 -0.335866 -0.047154 0.800880 -0.269886 -0.735074 1.391092 -0.301883 -0.068805 -1.114606 -0.537673 -0.227366 0.386646 1.219411 -1.549489 0.043714 0.021730 0.173301 0.567394 1.228785 -0.071857 -0.173581 -0.206599 -0.489870 -0.305206 -0.546445 0.026201 -0.354789 -0.185672 0.975976 0.072772 -0.060849 -1.151888 -0.441879 0.273075 0.042287 -0.709509 -1.926284 -0.059346 -0.472219 -1.695486 -0.098198 0.576561 -0.340634 -1.734734 0.181449 0.310977 0.524105 1.147460 -0.074320 0.218077 -1.450370 0.207177 0.757322 0.106266 0.095203 0.718000 -0.128803 0.835989 0.250726 0.135635 -0.058204 -0.428518 -0.632215 -0.042884 -0.139085 0.531267 -0.270647 0.397714 -0.036378 -0.302827 -0.251130 -0.761020 0.227607 -0.110403 -0.583047 -0.521324 -0.113096 1.215506 0.539498 0.108445 -0.138129 -0.173530 0.045622 0.783333 0.142440 -0.166141 0.058387 -0.439612 -0.631931 -0.483678 -0.070926 -0.041665 1.230266 0.453612 -0.069042 0.296550 0.425010 2.221531 -0.139267 -0.366922 0.040840 -0.322621 1.250656 0.312025 1.915173 -0.153744 0.041938 -0.158456 -0.108208 -0.123410 -0.015651 -0.706343 1.853950 -0.067513 -0.202849 0.253605 0.827814 -0.796502 0.326777 -0.141729 0.387076 -1.098131 0.676855 0.203016 0.088945 -0.402145 0.966169 -0.749198 -0.099471 -0.624130 -1.594280 -0.109699 0.378055 -0.718817 0.329898 -0.940179 0.116678 0.114769 -0.813353 0.130502 0.454689 0.065330 0.175302 0.128190 0.193784 0.646755 0.518268 0.035069 0.210213
139 -0.661344 -0.106591 1.646306 -0.954627 -0.307249 0.063970 0.236867 0.324283 0.392662 0.525237 0.656320 0.063339 0.308875 0.157324 0.006232 -0.396121 -0.463371 1.651839 -0.071232 -0.902556 0.157901 1.596673 -0.162549 -0.320412 -0.059500 0.799188 -0.254413 -0.741342 1.399492 -0.305743 -0.083752 -1.122522 -0.534380 -0.211029 0.394531 1.208267 -1.557528 0.057349 0.008298 0.186544 0.578054 1.236048 -0.065149 -0.157572 -0.213118 -0.501314 -0.311972 -0.554029 0.019816 -0.365758 -0.182811 0.984478 0.084871 -0.051798 -1.159954 -0.437918 0.272404 0.031722 -0.719526 -1.933189 -0.046540 -0.474600 -1.703291 -0.089496 0.585961 -0.347329 -1.742112 0.188724 0.318695 0.535575 1.154851 -0.079363 0.224814 -1.457831 0.218612 0.740792 0.102776 0.099111 0.712005 -0.134564 0.830778 0.263984 0.142485 -0.049375 -0.436668 -0.618101 -0.056224 -0.145099 0.515660 -0.278227 0.404904 -0.036511 -0.314676 -0.245155 -0.768574 0.234604 -0.125188 -0.580910 -0.505563 -0.117003 1.223000 0.541608 0.112850 -0.143464 -0.163639 0.034219 0.766610 0.142619 -0.150556 0.066209 -0.452563 -0.627477 -0.494457 -0.055559 -0.030263 1.237823 0.463006 -0.062126 0.307534 0.409414 2.227935 -0.145541 -0.357925 0.029952 -0.306202 1.244274 0.314614 1.922790 -0.161188 0.036693 -0.166672 -0.117825 -0.127767 -0.010048 -0.691793 1.861268 -0.051677 -0.217245 0.237677 0.836395 -0.808549 0.340803 -0.126799 0.397813 -1.105569 0.688055 0.207074 0.101720 -0.413465 0.953869 -0.760299 -0.108417 -0.620767 -1.602048 -0.116195 0.361410 -0.701758 0.335721 -0.947654 0.120573 0.100605 -0.822448 0.115989 0.461845 0.051319 0.187686 0.130828 0.205780 0.651818 0.530088 0.026774 0.222402
140 -0.662313 -0.108893 1.585448 -0.917305 -0.337898 0.086788 0.263229 0.302196 0.373710 0.498144 0.649525 0.034703 0.299310 0.142340 0.035597 -0.359028 -0.489289 1.591686 -0.054255 -0.865879 0.143731 1.538112 -0.192744 -0.350533 -0.030731 0.784541 -0.287205 -0.708242 1.346380 -0.292665 -0.046921 -1.082166 -0.530002 -0.248405 0.368940 1.209150 -1.500052 0.026230 0.037792 0.154176 0.541350 1.193003 -0.080542 -0.193659 -0.195919 -0.468818 -0.292558 -0.528989 0.035482 -0.335241 -0.187004 0.946432 0.058795 -0.071666 -1.117666 -0.438293 0.266948 0.052238 -0.681001 -1.867509 -0.072252 -0.457492 -1.642112 -0.107522 0.556335 -0.327780 -1.680291 0.170994 0.297387 0.499017 1.113963 -0.065852 0.207764 -1.405845 0.191578 0.762706 0.110605 0.089337 0.713312 -0.120347 0.824452 0.229862 0.127335 -0.067830 -0.413373 -0.634959 -0.026064 -0.129854 0.541052 -0.259216 0.383745 -0.035938 -0.284448 -0.252736 -0.734249 0.215978 -0.088079 -0.572905 -0.532801 -0.105167 1.179709 0.524001 0.100633 -0.129606 -0.179226 0.055652 0.788769 0.140749 -0.184727 0.047647 -0.414681 -0.626895 -0.460216 -0.091568 -0.054641 1.193876 0.434842 -0.076931 0.279643 0.437193 2.154468 -0.130688 -0.367057 0.050998 -0.340961 1.228224 0.300771 1.853942 -0.144476 0.049072 -0.148910 -0.097555 -0.113300 -0.024202 -0.709499 1.795640 -0.088973 -0.182369 0.271785 0.801045 -0.764233 0.302994 -0.159428 0.367788 -1.066737 0.650206 0.195750 0.071789 -0.380920 0.964175 -0.719212 -0.086819 -0.618113 -1.544355 -0.100918 0.395405 -0.727831 0.318590 -0.913259 0.109107 0.130666 -0.782476 0.146480 0.438493 0.081253 0.157693 0.123331 0.176169 0.625733 0.493768 0.044507 0.192743
141 -0.662183 -0.107887 1.648771 -0.955505 -0.308729 0.065482 0.238106 0.323968 0.393185 0.525675 0.657306 0.062463 0.308855 0.157237 0.006643 -0.396112 -0.464929 1.654285 -0.069977 -0.903381 0.157728 1.598976 -0.163229 -0.321851 -0.058113 0.799894 -0.255819 -0.741174 1.401122 -0.305912 -0.083292 -1.123536 -0.535164 -0.212003 0.393478 1.212304 -1.559678 0.057060 0.008699 0.186190 0.578264 1.237406 -0.066956 -0.158126 -0.213419 -0.501059 -0.311971 -0.554300 0.021592 -0.365914 -0.182831 0.985281 0.083904 -0.052940 -1.161051 -0.438397 0.272326 0.032899 -0.720000 -1.936754 -0.047771 -0.473554 -1.706045 -0.090990 0.585875 -0.347045 -1.744897 0.188385 0.317787 0.535874 1.155915 -0.079052 0.224397 -1.459758 0.218323 0.743959 0.103992 0.099678 0.713039 -0.133982 0.832237 0.263864 0.141718 -0.050093 -0.436532 -0.621355 -0.055819 -0.144843 0.517430 -0.277812 0.404890 -0.036505 -0.314364 -0.246946 -0.767923 0.234807 -0.124748 -0.581484 -0.507909 -0.117136 1.224326 0.540433 0.112760 -0.143604 -0.164804 0.035816 0.769465 0.142662 -0.151409 0.064680 -0.452561 -0.628161 -0.494156 -0.056437 -0.031976 1.239221 0.463246 -0.063580 0.307039 0.411344 2.232524 -0.144893 -0.359569 0.031282 -0.306977 1.246477 0.313330 1.926151 -0.160501 0.038312 -0.165651 -0.116561 -0.126196 -0.011955 -0.694793 1.864591 -0.051913 -0.216687 0.238667 0.837177 -0.809116 0.340577 -0.127527 0.397417 -1.106563 0.688414 0.207301 0.101363 -0.413238 0.956516 -0.760821 -0.107034 -0.621163 -1.604353 -0.115801 0.362553 -0.704252 0.335542 -0.948304 0.120543 0.101125 -0.822387 0.116503 0.461696 0.051753 0.187491 0.130886 0.205417 0.650501 0.530094 0.027837 0.222063
142 -0.645840 -0.108266 1.645843 -0.963473 -0.277945 0.043180 0.208681 0.337911 0.404294 0.540646 0.644247 0.087769 0.312693 0.168658 -0.021342 -0.419271 -0.431600 1.647604 -0.090630 -0.913142 0.168685 1.594204 -0.132387 -0.290621 -0.079450 0.785892 -0.226344 -0.741011 1.401065 -0.312655 -0.111341 -1.129083 -0.522599 -0.181422 0.401611 1.186169 -1.557101 0.084991 -0.019372 0.211894 0.593229 1.239802 -0.059421 -0.126331 -0.227644 -0.520796 -0.324526 -0.567265 0.015220 -0.386506 -0.175238 0.993836 0.107872 -0.037234 -1.166020 -0.425723 0.265521 0.011424 -0.732164 -1.928780 -0.022078 -0.466890 -1.701913 -0.076444 0.600892 -0.358324 -1.738654 0.202641 0.329323 0.554233 1.159281 -0.087743 0.237056 -1.458300 0.241910 0.709365 0.101366 0.110240 0.695665 -0.144086 0.813601 0.289134 0.154684 -0.032543 -0.451208 -0.592071 -0.083159 -0.156320 0.483688 -0.292235 0.417944 -0.036710 -0.336953 -0.236380 -0.770145 0.249446 -0.152176 -0.570022 -0.477147 -0.124407 1.227276 0.531910 0.120857 -0.155023 -0.142245 0.013117 0.733017 0.142446 -0.120587 0.075686 -0.474470 -0.613971 -0.509466 -0.027737 -0.012174 1.242149 0.480168 -0.053232 0.327656 0.379600 2.220440 -0.156339 -0.337510 0.009395 -0.273564 1.218834 0.308829 1.917697 -0.174909 0.033357 -0.181175 -0.134479 -0.126628 -0.007915 -0.663557 1.857126 -0.020521 -0.244192 0.207117 0.847706 -0.825184 0.365781 -0.097457 0.415797 -1.111432 0.705493 0.216188 0.126985 -0.432520 0.927664 -0.775459 -0.120738 -0.608621 -1.600981 -0.128610 0.328977 -0.668255 0.345731 -0.955333 0.127438 0.071272 -0.828212 0.085932 0.472411 0.022062 0.212544 0.136246 0.228503 0.646900 0.549183 0.013057 0.246280
143 -0.651724 -0.109428 1.602010 -0.933613 -0.309993 0.066737 0.237273 0.317408 0.386775 0.515953 0.643429 0.058799 0.304553 0.154113 0.009137 -0.384702 -0.461084 1.605596 -0.071715 -0.883169 0.154907 1.552740 -0.164367 -0.322495 -0.051889 0.779818 -0.259572 -0.717331 1.362192 -0.300955 -0.075462 -1.097854 -0.523416 -0.218484 0.380753 1.194485 -1.515711 0.053226 0.011234 0.179972 0.561637 1.207521 -0.072505 -0.162925 -0.210429 -0.490833 -0.306344 -0.544745 0.028106 -0.357499 -0.180756 0.963325 0.081223 -0.056524 -1.133573 -0.430086 0.263901 0.033126 -0.700130 -1.882866 -0.048956 -0.457153 -1.658208 -0.093908 0.574512 -0.340531 -1.695175 0.185201 0.310351 0.521553 1.128338 -0.075255 0.220653 -1.420597 0.214527 0.735888 0.107546 0.099551 0.702092 -0.130672 0.814842 0.256034 0.139637 -0.051590 -0.429494 -0.613171 -0.052315 -0.141612 0.512921 -0.273807 0.398317 -0.036257 -0.307626 -0.244836 -0.744830 0.231087 -0.116279 -0.567928 -0.506469 -0.113486 1.194664 0.522466 0.109444 -0.141231 -0.160818 0.035777 0.760453 0.141190 -0.155401 0.059051 -0.439760 -0.618070 -0.479680 -0.063162 -0.035951 1.209026 0.454090 -0.066965 0.300717 0.409796 2.169967 -0.142025 -0.351151 0.031585 -0.309683 1.215849 0.300789 1.869690 -0.158210 0.043460 -0.163454 -0.114205 -0.116553 -0.018867 -0.686011 1.811158 -0.057904 -0.209981 0.242111 0.818434 -0.787732 0.330111 -0.130944 0.388129 -1.081515 0.672408 0.205044 0.096875 -0.402671 0.944105 -0.740780 -0.100956 -0.610758 -1.559667 -0.113461 0.364513 -0.698474 0.330029 -0.927998 0.116955 0.102859 -0.797420 0.118046 0.452013 0.053503 0.182510 0.129074 0.199454 0.629732 0.516604 0.030524 0.216814
144 -0.645411 -0.107781 1.660953 -0.972925 -0.270085 0.037311 0.201875 0.343609 0.409244 0.547648 0.645831 0.095125 0.315184 0.172583 -0.028943 -0.428736 -0.424908 1.662491 -0.095016 -0.922456 0.172397 1.608721 -0.124584 -0.282881 -0.086788 0.789416 -0.217944 -0.749319 1.414284 -0.316075 -0.120793 -1.139282 -0.523575 -0.171876 0.408081 1.185891 -1.571367 0.093014 -0.027010 0.220230 0.602564 1.250604 -0.055568 -0.117055 -0.232173 -0.529100 -0.329569 -0.573718 0.011291 -0.394386 -0.174065 1.003484 0.114584 -0.032155 -1.176696 -0.425495 0.266798 0.006129 -0.741922 -1.945065 -0.015467 -0.471088 -1.717110 -0.071854 0.608472 -0.363369 -1.753964 0.207248 0.334764 0.563560 1.169564 -0.091270 0.241483 -1.471237 0.248921 0.703742 0.099470 0.112908 0.695153 -0.147767 0.815008 0.297881 0.158599 -0.027784 -0.457208 -0.587760 -0.090955 -0.160296 0.477152 -0.297157 0.423428 -0.036870 -0.344736 -0.234455 -0.778725 0.254331 -0.161696 -0.571914 -0.470186 -0.127535 1.238164 0.536195 0.124070 -0.158688 -0.138175 0.007589 0.727284 0.142946 -0.111804 0.080400 -0.484124 -0.613954 -0.518158 -0.018519 -0.005959 1.253181 0.487442 -0.049493 0.334849 0.372456 2.238618 -0.160186 -0.335084 0.003965 -0.264615 1.222558 0.312221 1.934729 -0.179224 0.030273 -0.185753 -0.139675 -0.130207 -0.004390 -0.658986 1.873387 -0.010931 -0.253169 0.198359 0.856683 -0.836422 0.375477 -0.089054 0.423489 -1.121240 0.715134 0.219206 0.134721 -0.440852 0.924932 -0.785884 -0.126243 -0.609129 -1.615294 -0.132598 0.320241 -0.661533 0.350177 -0.964063 0.130453 0.063485 -0.838236 0.078055 0.478396 0.014307 0.220302 0.138241 0.236122 0.653368 0.558437 0.008525 0.253944
145 -0.645675 -0.107760 1.656959 -0.970209 -0.272393 0.039095 0.203969 0.341828 0.407607 0.545467 0.645529 0.092897 0.314358 0.171281 -0.026596 -0.425946 -0.426940 1.658682 -0.093562 -0.919753 0.171156 1.604955 -0.126968 -0.285193 -0.084649 0.788656 -0.220395 -0.747142 1.410784 -0.314934 -0.118010 -1.136397 -0.523457 -0.174593 0.406278 1.186002 -1.567605 0.090569 -0.024648 0.217700 0.599895 1.247614 -0.056535 -0.119784 -0.230629 -0.526585 -0.327940 -0.571673 0.012288 -0.391979 -0.174488 1.000711 0.112508 -0.033616 -1.173706 -0.425695 0.266589 0.007800 -0.739164 -1.940831 -0.017495 -0.470108 -1.713120 -0.073161 0.606163 -0.361771 -1.750003 0.205753 0.333127 0.560853 1.166702 -0.090157 0.240039 -1.467781 0.246682 0.705420 0.099838 0.111886 0.695438 -0.146592 0.814829 0.295250 0.157335 -0.029222 -0.455310 -0.589073 -0.088550 -0.159002 0.479130 -0.295565 0.421659 -0.036797 -0.342332 -0.235005 -0.776432 0.252699 -0.158889 -0.571540 -0.472185 -0.126501 1.235142 0.535244 0.123017 -0.157433 -0.139530 0.009329 0.729060 0.142761 -0.114406 0.079072 -0.481304 -0.614085 -0.515684 -0.021212 -0.007771 1.250130 0.485193 -0.050532 0.332611 0.374603 2.233954 -0.158943 -0.335968 0.005663 -0.267253 1.221949 0.311443 1.930355 -0.177836 0.031026 -0.184284 -0.138067 -0.129363 -0.005245 -0.660414 1.869194 -0.013763 -0.250448 0.200932 0.854074 -0.833215 0.372589 -0.091575 0.421153 -1.118455 0.712289 0.218129 0.132348 -0.438347 0.925803 -0.782921 -0.124650 -0.609106 -1.611545 -0.131288 0.322806 -0.663542 0.348723 -0.961524 0.129469 0.065887 -0.835533 0.080452 0.476576 0.016714 0.217882 0.137540 0.233800 0.651731 0.555710 0.009846 0.251550
146 -0.643318 -0.107899 1.659154 -0.972839 -0.266890 0.035232 0.198825 0.344556 0.409915 0.548683 0.643984 0.097567 0.315177 0.173402 -0.031771 -0.430746 -0.421239 1.660355 -0.096972 -0.922622 0.173162 1.606802 -0.121357 -0.279659 -0.088618 0.787221 -0.215009 -0.748264 1.412993 -0.316333 -0.123490 -1.138796 -0.521881 -0.168729 0.408202 1.182694 -1.569682 0.095837 -0.029836 0.222635 0.603503 1.249711 -0.055123 -0.113747 -0.233301 -0.530572 -0.330399 -0.574432 0.011053 -0.396164 -0.173215 1.003444 0.116840 -0.030723 -1.176111 -0.423866 0.265787 0.004110 -0.742463 -1.942687 -0.012953 -0.469529 -1.715223 -0.070577 0.609353 -0.364001 -1.751842 0.208359 0.335375 0.564999 1.168812 -0.091808 0.242357 -1.469765 0.251052 0.699969 0.099292 0.113800 0.692944 -0.148415 0.812535 0.300234 0.159595 -0.026039 -0.458213 -0.584652 -0.093642 -0.161122 0.473419 -0.298224 0.424245 -0.036814 -0.346690 -0.233469 -0.777856 0.255472 -0.164283 -0.570213 -0.466951 -0.127944 1.237324 0.534397 0.124558 -0.159552 -0.135839 0.005509 0.723287 0.142782 -0.108664 0.081111 -0.485944 -0.612076 -0.519171 -0.015738 -0.004250 1.252353 0.488717 -0.048717 0.336539 0.369176 2.235699 -0.160971 -0.332655 0.001913 -0.261055 1.218853 0.311033 1.932239 -0.180386 0.030082 -0.186968 -0.141187 -0.129697 -0.004441 -0.655634 1.871104 -0.007694 -0.255696 0.195090 0.857016 -0.837276 0.377661 -0.085997 0.424816 -1.120684 0.716194 0.219785 0.137189 -0.442282 0.921511 -0.786674 -0.127218 -0.607362 -1.613556 -0.133582 0.316680 -0.657602 0.350704 -0.963841 0.130816 0.060420 -0.837840 0.074833 0.478902 0.011270 0.222629 0.138537 0.238244 0.651858 0.559819 0.007167 0.256115
147 -0.653942 -0.108088 1.627236 -0.947361 -0.302258 0.060748 0.231102 0.324107 0.392451 0.524394 0.648194 0.066538 0.307740 0.158207 0.001739 -0.396013 -0.455672 1.631144 -0.075591 -0.896342 0.158769 1.577334 -0.157013 -0.315015 -0.060442 0.788028 -0.250686 -0.730868 1.383805 -0.305043 -0.085921 -1.113145 -0.527160 -0.207941 0.390061 1.197459 -1.539525 0.061327 0.003801 0.188990 0.574141 1.224505 -0.067056 -0.153335 -0.214881 -0.500771 -0.312080 -0.552723 0.022380 -0.366510 -0.180371 0.977198 0.088153 -0.050735 -1.149726 -0.431982 0.267305 0.028055 -0.713787 -1.910666 -0.042417 -0.465453 -1.683657 -0.088594 0.584068 -0.346639 -1.721277 0.190039 0.317302 0.533443 1.144301 -0.079262 0.225515 -1.441954 0.221703 0.732007 0.104453 0.101522 0.704287 -0.134804 0.820269 0.265787 0.143772 -0.046732 -0.436565 -0.610404 -0.060144 -0.145853 0.507673 -0.279190 0.404710 -0.036402 -0.316254 -0.243147 -0.758674 0.236081 -0.126977 -0.573003 -0.499929 -0.116928 1.211619 0.531330 0.112959 -0.144811 -0.157853 0.030433 0.756837 0.141953 -0.146343 0.065146 -0.451590 -0.620581 -0.491240 -0.052987 -0.028861 1.226283 0.462701 -0.062320 0.308784 0.403278 2.201473 -0.146214 -0.350579 0.026303 -0.300853 1.226672 0.307443 1.898974 -0.162748 0.038846 -0.168294 -0.119757 -0.122729 -0.013362 -0.683277 1.838906 -0.047890 -0.219664 0.233128 0.830963 -0.802889 0.341337 -0.122417 0.397302 -1.096337 0.684812 0.208000 0.104892 -0.412705 0.943991 -0.754965 -0.107812 -0.613905 -1.583665 -0.117532 0.355901 -0.693243 0.335286 -0.940696 0.120348 0.095454 -0.812876 0.110618 0.459766 0.046196 0.190630 0.131130 0.207799 0.641256 0.528172 0.025469 0.224963
148 -0.647337 -0.107717 1.653168 -0.966928 -0.277347 0.042655 0.208532 0.339024 0.405200 0.542165 0.646351 0.088586 0.313344 0.169146 -0.021891 -0.421208 -0.431860 1.655315 -0.090504 -0.916333 0.169130 1.601509 -0.131989 -0.290147 -0.080803 0.789120 -0.225325 -0.745104 1.407262 -0.313390 -0.112845 -1.133150 -0.524406 -0.179967 0.403955 1.188282 -1.564021 0.085735 -0.019925 0.213049 0.596026 1.244491 -0.058070 -0.125279 -0.228023 -0.522488 -0.325408 -0.568732 0.013721 -0.387927 -0.175539 0.997321 0.108509 -0.036351 -1.170388 -0.426985 0.266976 0.011184 -0.735434 -1.937118 -0.021631 -0.469854 -1.709388 -0.075618 0.602740 -0.359406 -1.746443 0.203180 0.330698 0.556636 1.163650 -0.088432 0.237696 -1.464444 0.242579 0.710043 0.100454 0.110100 0.697202 -0.144699 0.816209 0.290486 0.155111 -0.032103 -0.452338 -0.592804 -0.083863 -0.156864 0.484019 -0.292909 0.418971 -0.036725 -0.338125 -0.236387 -0.774135 0.249971 -0.153777 -0.572167 -0.476828 -0.124978 1.231953 0.535172 0.121405 -0.155344 -0.142703 0.012844 0.733911 0.142657 -0.119639 0.076953 -0.476640 -0.615440 -0.511991 -0.026333 -0.011146 1.246890 0.481650 -0.052371 0.328791 0.379411 2.230054 -0.156877 -0.338617 0.009096 -0.272807 1.223577 0.311192 1.926521 -0.175360 0.032120 -0.181662 -0.135063 -0.128604 -0.006334 -0.664416 1.865458 -0.019344 -0.245456 0.206215 0.850659 -0.828656 0.367624 -0.096648 0.417375 -1.115382 0.708061 0.216452 0.127854 -0.434304 0.929107 -0.778741 -0.122044 -0.610191 -1.608000 -0.129024 0.328280 -0.668628 0.346609 -0.958550 0.128023 0.070812 -0.832437 0.085503 0.474017 0.021640 0.213430 0.136494 0.229592 0.650630 0.551419 0.012364 0.247219
149 -0.632186 -0.108350 1.678719 -0.991432 -0.236355 0.013069 0.170443 0.361587 0.424534 0.568490 0.637808 0.124069 0.321201 0.186518 -0.060706 -0.459159 -0.390580 1.676970 -0.116246 -0.942214 0.185637 1.624177 -0.090389 -0.248946 -0.112146 0.782797 -0.184639 -0.759140 1.431508 -0.325715 -0.154861 -1.156850 -0.515082 -0.135943 0.421762 1.166977 -1.588183 0.125365 -0.058887 0.251034 0.626195 1.266600 -0.045992 -0.080166 -0.249373 -0.555131 -0.345823 -0.592175 0.002579 -0.420732 -0.166507 1.022680 0.141556 -0.013993 -1.194448 -0.415230 0.262775 -0.016976 -0.763989 -1.960966 0.012657 -0.469989 -1.734223 -0.055465 0.629797 -0.378381 -1.769548 0.224162 0.350075 0.590003 1.185497 -0.102348 0.256798 -1.487148 0.276372 0.670742 0.095797 0.125020 0.681116 -0.160020 0.802589 0.329054 0.173329 -0.008240 -0.476261 -0.560804 -0.122420 -0.174231 0.442823 -0.314508 0.440588 -0.037216 -0.372338 -0.224706 -0.790454 0.272227 -0.195321 -0.565281 -0.438137 -0.137252 1.254684 0.533623 0.134421 -0.172444 -0.115696 -0.016489 0.692463 0.143332 -0.076548 0.093975 -0.513756 -0.602866 -0.540951 0.015518 0.016555 1.269923 0.510086 -0.037501 0.359950 0.339158 2.254254 -0.173686 -0.315355 -0.019525 -0.226946 1.206225 0.311744 1.951039 -0.195676 0.023613 -0.203210 -0.159709 -0.133801 0.001845 -0.629975 1.889528 0.026255 -0.286130 0.162625 0.876634 -0.863680 0.407658 -0.054809 0.447548 -1.137745 0.741074 0.230141 0.164724 -0.466550 0.899892 -0.810873 -0.143078 -0.599813 -1.631634 -0.147534 0.282948 -0.625622 0.363632 -0.980743 0.139631 0.030045 -0.855107 0.043844 0.494193 -0.019046 0.249951 0.144975 0.263909 0.657309 0.585310 -0.008280 0.282690
150 -0.649637 -0.107325 1.655719 -0.966943 -0.280587 0.045089 0.211847 0.337599 0.403941 0.540730 0.648450 0.085918 0.312967 0.167807 -0.018818 -0.419111 -0.435636 1.658550 -0.088008 -0.916059 0.167834 1.604348 -0.135387 -0.293545 -0.078747 0.791708 -0.228355 -0.746344 1.409187 -0.312636 -0.110095 -1.133631 -0.526389 -0.182912 0.403715 1.191682 -1.566433 0.082768 -0.016833 0.210378 0.595121 1.245554 -0.058377 -0.128534 -0.226268 -0.520631 -0.324030 -0.567427 0.013884 -0.385873 -0.176544 0.997286 0.105897 -0.037830 -1.171037 -0.428821 0.268250 0.013638 -0.735004 -1.940622 -0.024449 -0.471554 -1.712165 -0.076973 0.601405 -0.358248 -1.749616 0.201555 0.329675 0.555235 1.164497 -0.087516 0.236252 -1.466458 0.239897 0.714014 0.100291 0.108605 0.699625 -0.143603 0.819115 0.287972 0.153648 -0.033972 -0.450807 -0.596245 -0.080886 -0.155565 0.487865 -0.291296 0.417562 -0.036677 -0.335767 -0.237510 -0.775072 0.248228 -0.151107 -0.574125 -0.480077 -0.124144 1.232931 0.537203 0.120489 -0.153935 -0.145495 0.015441 0.738242 0.142715 -0.122847 0.076099 -0.474767 -0.617489 -0.511003 -0.029177 -0.013107 1.247918 0.479993 -0.053251 0.326607 0.382947 2.234473 -0.155597 -0.341519 0.011580 -0.276322 1.228248 0.312484 1.930280 -0.173732 0.032191 -0.179914 -0.133136 -0.129249 -0.006186 -0.668178 1.868953 -0.022522 -0.242622 0.209493 0.850258 -0.827816 0.365212 -0.099844 0.415619 -1.115890 0.706767 0.215304 0.125121 -0.432513 0.932721 -0.778029 -0.120861 -0.612089 -1.610582 -0.127537 0.331825 -0.672728 0.345483 -0.958560 0.127257 0.074122 -0.833063 0.088822 0.473110 0.024940 0.210692 0.135816 0.227214 0.652173 0.549829 0.013806 0.244578
151 -0.654417 -0.107234 1.647892 -0.959570 -0.293353 0.054157 0.223625 0.330840 0.398235 0.532800 0.651164 0.074994 0.310735 0.162640 -0.006845 -0.407444 -0.448512 1.651802 -0.080218 -0.908257 0.162943 1.597340 -0.148281 -0.306330 -0.069123 0.793723 -0.240994 -0.742106 1.401748 -0.309060 -0.097088 -1.126526 -0.529303 -0.196693 0.398343 1.198453 -1.559027 0.070519 -0.004821 0.198709 0.585869 1.238905 -0.062162 -0.142594 -0.219911 -0.510746 -0.317960 -0.560483 0.017343 -0.375850 -0.179338 0.989659 0.095784 -0.044757 -1.163805 -0.432500 0.269535 0.022225 -0.726259 -1.933237 -0.034992 -0.471611 -1.704514 -0.083205 0.593297 -0.352631 -1.742453 0.195269 0.323893 0.544965 1.157938 -0.083359 0.230584 -1.459544 0.229640 0.726277 0.101866 0.104207 0.704699 -0.139051 0.823374 0.276108 0.148199 -0.041357 -0.443663 -0.606167 -0.069023 -0.150381 0.500722 -0.284849 0.411153 -0.036572 -0.325357 -0.241118 -0.770189 0.241584 -0.138265 -0.576311 -0.492175 -0.120518 1.226097 0.537763 0.116634 -0.148855 -0.153760 0.024361 0.751130 0.142574 -0.136232 0.070903 -0.463357 -0.621475 -0.502115 -0.042153 -0.021606 1.240970 0.471388 -0.057818 0.317178 0.395423 2.226905 -0.150602 -0.348656 0.020316 -0.290640 1.233567 0.312387 1.922643 -0.167632 0.034856 -0.173463 -0.125667 -0.127654 -0.008724 -0.678846 1.861452 -0.036715 -0.230149 0.223072 0.842396 -0.817124 0.352937 -0.112813 0.406502 -1.109211 0.696759 0.211305 0.113783 -0.422728 0.941916 -0.768191 -0.114450 -0.615411 -1.603296 -0.122003 0.345975 -0.686152 0.340497 -0.951957 0.123832 0.086720 -0.826146 0.101755 0.467096 0.037493 0.199532 0.133351 0.216695 0.650283 0.539503 0.020186 0.233774
152 -0.649958 -0.108003 1.640788 -0.957952 -0.288203 0.050563 0.218285 0.332409 0.399571 0.534298 0.646800 0.078966 0.310831 0.164340 -0.011644 -0.410057 -0.442079 1.643625 -0.084120 -0.907224 0.164579 1.589886 -0.142821 -0.300966 -0.071766 0.788090 -0.236460 -0.738220 1.396135 -0.309670 -0.101002 -1.123880 -0.525293 -0.192277 0.397539 1.191983 -1.552325 0.075133 -0.009635 0.202510 0.586147 1.235125 -0.062231 -0.137536 -0.222306 -0.512864 -0.319519 -0.561609 0.017771 -0.378501 -0.177583 0.988103 0.099647 -0.042719 -1.160780 -0.428933 0.266850 0.018501 -0.725580 -1.924372 -0.030658 -0.467385 -1.697080 -0.081387 0.594399 -0.353719 -1.734326 0.197426 0.324672 0.546284 1.154605 -0.084330 0.232332 -1.453749 0.233497 0.719452 0.102373 0.106437 0.700030 -0.140307 0.817537 0.279656 0.150150 -0.038478 -0.445374 -0.600327 -0.073549 -0.152014 0.494166 -0.286895 0.412666 -0.036582 -0.328533 -0.239349 -0.766756 0.243907 -0.141973 -0.572160 -0.486888 -0.121389 1.222434 0.532888 0.117650 -0.150748 -0.149147 0.020487 0.743693 0.142332 -0.131304 0.071612 -0.465511 -0.617433 -0.502638 -0.038067 -0.018997 1.237249 0.473274 -0.056851 0.319996 0.389766 2.216197 -0.152173 -0.343586 0.016572 -0.285018 1.224118 0.309108 1.913205 -0.169853 0.035285 -0.175813 -0.128359 -0.125664 -0.009702 -0.672464 1.852662 -0.031821 -0.234145 0.217970 0.841724 -0.816985 0.355999 -0.107882 0.408459 -1.106543 0.697631 0.212772 0.117839 -0.424698 0.935341 -0.767973 -0.115659 -0.611545 -1.596370 -0.123992 0.340313 -0.679222 0.341579 -0.950344 0.124592 0.081488 -0.823277 0.096367 0.467608 0.032262 0.203484 0.134140 0.220049 0.645880 0.541036 0.018142 0.237491
153 -0.647798 -0.107408 1.659422 -0.970356 -0.275253 0.041167 0.206882 0.340678 0.406597 0.544289 0.647493 0.090588 0.314088 0.170166 -0.023889 -0.424153 -0.430335 1.661688 -0.091401 -0.919636 0.170077 1.607628 -0.129979 -0.288149 -0.082951 0.791104 -0.222989 -0.748435 1.412643 -0.314358 -0.115640 -1.136980 -0.525303 -0.177150 0.406221 1.189053 -1.569921 0.087932 -0.021930 0.215418 0.599207 1.248704 -0.056739 -0.122653 -0.229146 -0.525023 -0.326823 -0.570678 0.012340 -0.390251 -0.175396 1.000816 0.110268 -0.034880 -1.174446 -0.427391 0.267789 0.009915 -0.738895 -1.944085 -0.019944 -0.471801 -1.715743 -0.074307 0.605115 -0.360876 -1.752955 0.204388 0.332360 0.559692 1.167607 -0.089423 0.238868 -1.469728 0.244403 0.708962 0.099680 0.110591 0.697662 -0.145700 0.817520 0.293058 0.156112 -0.030860 -0.454075 -0.592098 -0.085952 -0.157919 0.482564 -0.294231 0.420533 -0.036762 -0.340337 -0.235991 -0.777482 0.251232 -0.156611 -0.573382 -0.475058 -0.125832 1.236173 0.537246 0.122271 -0.156239 -0.141976 0.011540 0.732896 0.142809 -0.117205 0.078423 -0.479715 -0.615981 -0.514913 -0.023644 -0.009397 1.251184 0.483829 -0.051234 0.330808 0.377678 2.238001 -0.157888 -0.338527 0.007793 -0.270361 1.226254 0.312741 1.933849 -0.176469 0.031018 -0.182821 -0.136421 -0.130062 -0.005025 -0.663701 1.872422 -0.016581 -0.248016 0.203799 0.853814 -0.832583 0.370565 -0.094364 0.419698 -1.119064 0.711249 0.217164 0.129974 -0.436864 0.929026 -0.782391 -0.123714 -0.610876 -1.613973 -0.130036 0.325927 -0.667171 0.347854 -0.961689 0.128859 0.068800 -0.836268 0.083433 0.475912 0.019631 0.215539 0.136987 0.231755 0.653345 0.554394 0.011087 0.249306
154 -0.654701 -0.108321 1.616309 -0.939949 -0.309103 0.066047 0.237247 0.319150 0.388128 0.518484 0.647480 0.060099 0.305542 0.154688 0.008416 -0.388103 -0.461778 1.620696 -0.071254 -0.888964 0.155407 1.567006 -0.163883 -0.321839 -0.054160 0.785983 -0.257868 -0.724814 1.374140 -0.302048 -0.077981 -1.105260 -0.526920 -0.215856 0.384927 1.198510 -1.529197 0.054358 0.010513 0.181821 0.566720 1.216336 -0.070048 -0.161173 -0.210765 -0.493629 -0.307644 -0.547152 0.025411 -0.359848 -0.181450 0.969603 0.082157 -0.055000 -1.141542 -0.432568 0.266701 0.032959 -0.706161 -1.899205 -0.048364 -0.462631 -1.672780 -0.092481 0.577618 -0.342233 -1.710445 0.185875 0.312624 0.525908 1.136470 -0.076251 0.221506 -1.432494 0.215408 0.737431 0.105756 0.098973 0.705139 -0.131518 0.819921 0.258317 0.140156 -0.050865 -0.431287 -0.614776 -0.053314 -0.142312 0.513684 -0.274733 0.399880 -0.036215 -0.309469 -0.244981 -0.752219 0.231693 -0.118994 -0.572032 -0.506086 -0.114254 1.203378 0.528520 0.110168 -0.141494 -0.161887 0.035611 0.762441 0.141534 -0.153868 0.061231 -0.443593 -0.620958 -0.484261 -0.060761 -0.034277 1.217946 0.456541 -0.065493 0.302470 0.409730 2.188895 -0.142714 -0.353376 0.031325 -0.308490 1.225139 0.305133 1.887044 -0.158776 0.041197 -0.164036 -0.115012 -0.120171 -0.016015 -0.687889 1.827500 -0.055964 -0.211911 0.240612 0.823835 -0.793901 0.333180 -0.129673 0.390682 -1.088748 0.676854 0.205217 0.098179 -0.405627 0.946923 -0.746695 -0.103182 -0.613818 -1.573375 -0.113910 0.363407 -0.699451 0.331332 -0.933776 0.117758 0.102303 -0.805309 0.117518 0.454730 0.053053 0.183827 0.129312 0.201221 0.636568 0.520469 0.029348 0.218210
155 -0.637363 -0.108481 1.662709 -0.978503 -0.254054 0.026035 0.186642 0.351114 0.415598 0.556215 0.639852 0.108468 0.317279 0.178714 -0.043935 -0.441695 -0.407785 1.662398 -0.105269 -0.928899 0.178211 1.609431 -0.108193 -0.266649 -0.097866 0.783103 -0.202471 -0.750228 1.416812 -0.319860 -0.136098 -1.143782 -0.517697 -0.155387 0.412459 1.174431 -1.573027 0.108107 -0.042052 0.234159 0.611465 1.253791 -0.052065 -0.099831 -0.239968 -0.539912 -0.336428 -0.581048 0.008379 -0.405865 -0.170032 1.009335 0.127064 -0.024046 -1.181025 -0.419218 0.263507 -0.004782 -0.749584 -1.945032 -0.002215 -0.467705 -1.718442 -0.064582 0.616841 -0.369428 -1.754288 0.214769 0.340723 0.574231 1.173020 -0.095917 0.248103 -1.473130 0.261518 0.686922 0.098367 0.118759 0.686657 -0.152961 0.806425 0.311757 0.165159 -0.018588 -0.465171 -0.573928 -0.105625 -0.166391 0.459935 -0.304726 0.430555 -0.036952 -0.356937 -0.229723 -0.780576 0.262335 -0.176689 -0.566599 -0.454685 -0.131613 1.241629 0.531821 0.128458 -0.164896 -0.126858 -0.003732 0.709374 0.142857 -0.095340 0.085810 -0.496474 -0.606975 -0.526891 -0.003092 0.004022 1.256700 0.496960 -0.044477 0.345851 0.356306 2.237331 -0.166028 -0.324461 -0.007095 -0.246700 1.210187 0.309719 1.934499 -0.186607 0.028103 -0.193543 -0.148688 -0.130149 -0.002786 -0.643989 1.873526 0.006271 -0.267970 0.181559 0.863471 -0.846260 0.389388 -0.072986 0.433470 -1.125323 0.725109 0.224055 0.148529 -0.451489 0.911080 -0.794890 -0.133182 -0.602901 -1.616653 -0.139292 0.302457 -0.643484 0.355635 -0.968904 0.134242 0.047548 -0.842459 0.061703 0.484380 -0.001563 0.233848 0.141137 0.248594 0.651647 0.569245 0.000945 0.266951
156 -0.645262 -0.109548 1.613847 -0.944420 -0.292102 0.053947 0.220768 0.327092 0.394994 0.527325 0.639928 0.074220 0.307829 0.161474 -0.007697 -0.401287 -0.443161 1.615889 -0.082672 -0.894546 0.161881 1.563379 -0.146287 -0.304549 -0.065561 0.777423 -0.241759 -0.723781 1.373332 -0.306151 -0.093855 -1.108361 -0.519582 -0.199062 0.388618 1.185332 -1.526900 0.070451 -0.005659 0.196492 0.574968 1.217438 -0.067070 -0.143155 -0.219470 -0.504924 -0.315046 -0.554792 0.023091 -0.371772 -0.176885 0.974493 0.095515 -0.046723 -1.144287 -0.425114 0.262282 0.021034 -0.712799 -1.894145 -0.034119 -0.457477 -1.669785 -0.085085 0.586183 -0.348638 -1.706071 0.194135 0.318700 0.536251 1.138101 -0.081208 0.228764 -1.431024 0.229056 0.718889 0.105297 0.105778 0.695217 -0.137179 0.809229 0.272820 0.147382 -0.041201 -0.439744 -0.599406 -0.069031 -0.148995 0.495021 -0.283004 0.407533 -0.036416 -0.322417 -0.239810 -0.752217 0.240543 -0.134470 -0.565161 -0.489577 -0.118695 1.204850 0.522114 0.114964 -0.148453 -0.149263 0.023199 0.742567 0.141430 -0.136565 0.066511 -0.456007 -0.612712 -0.492459 -0.044825 -0.023900 1.219363 0.466402 -0.060460 0.314159 0.392318 2.181610 -0.149149 -0.341257 0.019278 -0.289600 1.208970 0.301240 1.881359 -0.166870 0.039594 -0.172618 -0.124770 -0.119033 -0.015139 -0.671191 1.822570 -0.037940 -0.227632 0.223022 0.829851 -0.803131 0.347567 -0.112695 0.401140 -1.091419 0.686775 0.210762 0.112880 -0.416635 0.931459 -0.754963 -0.110136 -0.606345 -1.570663 -0.121320 0.344667 -0.679792 0.337239 -0.937725 0.121877 0.085164 -0.807648 0.099937 0.460727 0.035876 0.198305 0.132614 0.214358 0.632908 0.531362 0.021511 0.232125
157 -0.652062 -0.107023 1.655772 -0.965453 -0.285200 0.048414 0.216323 0.335379 0.402019 0.538174 0.650347 0.081997 0.312301 0.165978 -0.014406 -0.415396 -0.440651 1.659225 -0.084849 -0.914289 0.166090 1.604731 -0.140184 -0.298247 -0.075577 0.793815 -0.232780 -0.746402 1.408909 -0.311480 -0.105703 -1.132507 -0.528250 -0.187584 0.402566 1.195091 -1.566480 0.078347 -0.012406 0.206308 0.592655 1.244886 -0.059249 -0.133477 -0.223909 -0.517490 -0.321980 -0.565230 0.014582 -0.382488 -0.177736 0.995715 0.102187 -0.040141 -1.169999 -0.430739 0.269357 0.016890 -0.732945 -1.941304 -0.028361 -0.472798 -1.712364 -0.079034 0.598962 -0.356441 -1.750155 0.199307 0.327944 0.552196 1.163721 -0.086183 0.234259 -1.466344 0.236120 0.718925 0.100465 0.106787 0.702176 -0.142076 0.821825 0.283934 0.151671 -0.036669 -0.448415 -0.600322 -0.076572 -0.153759 0.492908 -0.289008 0.415414 -0.036644 -0.332160 -0.238864 -0.774801 0.245817 -0.146800 -0.575846 -0.484515 -0.122953 1.232181 0.538765 0.119203 -0.152063 -0.148939 0.018828 0.743512 0.142703 -0.127601 0.074584 -0.471250 -0.619596 -0.508571 -0.033580 -0.015977 1.247161 0.477170 -0.054636 0.323332 0.387645 2.235658 -0.153858 -0.344804 0.014880 -0.281473 1.232304 0.313425 1.931096 -0.171507 0.032690 -0.177564 -0.130461 -0.129465 -0.006486 -0.672605 1.869606 -0.027455 -0.238310 0.214328 0.848376 -0.825157 0.361215 -0.104508 0.412727 -1.114874 0.703959 0.213801 0.121061 -0.429454 0.936818 -0.775577 -0.118885 -0.613981 -1.610727 -0.125538 0.336936 -0.677979 0.343829 -0.957246 0.126156 0.078801 -0.832127 0.093600 0.471368 0.029609 0.206682 0.134922 0.223546 0.652956 0.546771 0.015990 0.240720
158 -0.642038 -0.108442 1.649649 -0.967839 -0.268965 0.036855 0.200320 0.342413 0.408089 0.545886 0.641808 0.095351 0.314068 0.172174 -0.029733 -0.427090 -0.422355 1.650551 -0.096136 -0.917878 0.172008 1.597429 -0.123287 -0.281581 -0.085997 0.783700 -0.217509 -0.743064 1.404844 -0.314978 -0.120281 -1.133100 -0.520102 -0.171855 0.404877 1.180770 -1.560691 0.093518 -0.027792 0.219938 0.599157 1.243345 -0.057011 -0.116511 -0.232025 -0.527339 -0.328587 -0.571807 0.013079 -0.393304 -0.173161 0.998365 0.114906 -0.032486 -1.170064 -0.422791 0.264285 0.005402 -0.737600 -1.932018 -0.014690 -0.466163 -1.705550 -0.072185 0.606153 -0.362020 -1.741864 0.206936 0.333073 0.560975 1.162842 -0.090526 0.240890 -1.461711 0.249022 0.700458 0.100419 0.113355 0.691635 -0.147135 0.809946 0.297229 0.158407 -0.027375 -0.455967 -0.584828 -0.091434 -0.159838 0.474422 -0.296605 0.422205 -0.036762 -0.344049 -0.233823 -0.772667 0.253999 -0.160981 -0.567956 -0.468566 -0.126834 1.230966 0.530757 0.123443 -0.158514 -0.136276 0.006867 0.723600 0.142461 -0.111232 0.079095 -0.482049 -0.610739 -0.515191 -0.018772 -0.006359 1.245895 0.485914 -0.050178 0.334072 0.370721 2.223508 -0.159711 -0.332178 0.003276 -0.263479 1.213954 0.308352 1.921018 -0.179091 0.031721 -0.185583 -0.139594 -0.127331 -0.006459 -0.655725 1.860454 -0.010659 -0.252754 0.197597 0.852542 -0.831906 0.374086 -0.088375 0.421837 -1.115172 0.711927 0.218911 0.134848 -0.439002 0.920687 -0.781644 -0.124997 -0.605833 -1.604450 -0.132404 0.318994 -0.658553 0.349019 -0.959196 0.129714 0.062397 -0.832134 0.076833 0.476273 0.013234 0.220266 0.137908 0.235716 0.647363 0.555941 0.008673 0.253723
159 -0.655849 -0.108046 1.624251 -0.944330 -0.307508 0.064609 0.235997 0.321197 0.389998 0.521096 0.649329 0.061998 0.306719 0.155972 0.006667 -0.391203 -0.460974 1.628697 -0.072182 -0.893132 0.156632 1.574728 -0.162301 -0.320300 -0.056386 0.788895 -0.255873 -0.729147 1.380916 -0.303465 -0.080613 -1.110210 -0.528391 -0.213481 0.387783 1.200360 -1.536688 0.056304 0.008746 0.184169 0.570394 1.221812 -0.068620 -0.159017 -0.212154 -0.496554 -0.309457 -0.549717 0.023825 -0.362391 -0.181482 0.974040 0.083898 -0.053582 -1.146757 -0.433481 0.267865 0.031733 -0.710263 -1.908001 -0.046845 -0.465430 -1.680796 -0.091192 0.580582 -0.344179 -1.718650 0.187319 0.314759 0.529297 1.141622 -0.077485 0.223021 -1.439269 0.217366 0.737183 0.105052 0.099643 0.706322 -0.132795 0.822070 0.260892 0.141374 -0.049755 -0.433475 -0.614683 -0.055243 -0.143614 0.512979 -0.276380 0.401927 -0.036324 -0.311872 -0.244728 -0.756624 0.233238 -0.121736 -0.573917 -0.504937 -0.115386 1.208848 0.531505 0.111301 -0.142629 -0.161384 0.034301 0.762273 0.141881 -0.151807 0.062935 -0.446891 -0.622159 -0.487606 -0.058294 -0.032482 1.223482 0.459125 -0.064284 0.304775 0.408491 2.198855 -0.144001 -0.353663 0.030051 -0.306643 1.229036 0.307348 1.896231 -0.160084 0.039957 -0.165439 -0.116507 -0.122044 -0.014441 -0.687842 1.836212 -0.053626 -0.214464 0.238650 0.827750 -0.798463 0.336256 -0.127724 0.393396 -1.093572 0.680602 0.206252 0.100215 -0.408559 0.947798 -0.750948 -0.105093 -0.615191 -1.580919 -0.115134 0.361652 -0.698820 0.333071 -0.937921 0.118873 0.100626 -0.810075 0.115904 0.457178 0.051371 0.185980 0.130044 0.203434 0.640381 0.523841 0.028115 0.220424
160 -0.644375 -0.107532 1.666907 -0.976920 -0.265312 0.034003 0.197701 0.346327 0.411486 0.550949 0.645782 0.099262 0.316133 0.174497 -0.033357 -0.433656 -0.420456 1.668319 -0.097571 -0.926487 0.174195 1.614425 -0.119883 -0.278204 -0.090669 0.790096 -0.213095 -0.752503 1.419615 -0.317515 -0.126000 -1.143454 -0.523340 -0.166375 0.410885 1.184414 -1.577008 0.097643 -0.031431 0.224754 0.606969 1.254914 -0.053662 -0.111620 -0.234439 -0.533231 -0.331942 -0.576610 0.009462 -0.398410 -0.173234 1.007589 0.118322 -0.029368 -1.181051 -0.424748 0.266997 0.003098 -0.746378 -1.951389 -0.011627 -0.472284 -1.723107 -0.069339 0.611984 -0.365657 -1.759964 0.209576 0.337254 0.568164 1.173687 -0.092931 0.243609 -1.476333 0.252670 0.699689 0.098463 0.114274 0.694035 -0.149533 0.814660 0.302614 0.160589 -0.025039 -0.460056 -0.584612 -0.095377 -0.162248 0.472748 -0.299574 0.425958 -0.036893 -0.348796 -0.233192 -0.782079 0.256756 -0.166864 -0.572068 -0.465758 -0.128952 1.242522 0.537352 0.125560 -0.160497 -0.135571 0.004465 0.723142 0.143055 -0.106697 0.082692 -0.489050 -0.613179 -0.522325 -0.013374 -0.002617 1.257626 0.490967 -0.047556 0.338500 0.368021 2.245638 -0.162066 -0.333160 0.000876 -0.259216 1.222831 0.313219 1.941374 -0.181452 0.028816 -0.188109 -0.142463 -0.131586 -0.002843 -0.655654 1.879774 -0.005375 -0.258043 0.193193 0.860656 -0.841676 0.380527 -0.084170 0.427278 -1.125199 0.719711 0.220597 0.139020 -0.444974 0.922333 -0.790735 -0.128969 -0.608620 -1.620964 -0.134611 0.314937 -0.656961 0.352145 -0.967648 0.131812 0.058889 -0.842453 0.073290 0.481060 0.009729 0.224501 0.139119 0.240222 0.655532 0.562992 0.006012 0.258020
161 -0.645684 -0.107699 1.657492 -0.970430 -0.272133 0.039005 0.203789 0.341864 0.407599 0.545569 0.645600 0.093093 0.314310 0.171255 -0.026804 -0.426230 -0.426712 1.659283 -0.093579 -0.919970 0.171121 1.605507 -0.126727 -0.284966 -0.084805 0.788792 -0.220144 -0.747337 1.411246 -0.314894 -0.118312 -1.136644 -0.523525 -0.174220 0.406395 1.186008 -1.568112 0.090820 -0.024850 0.217911 0.600168 1.247907 -0.056422 -0.119442 -0.230608 -0.526733 -0.327940 -0.571709 0.012197 -0.392161 -0.174487 1.000941 0.112649 -0.033476 -1.173978 -0.425710 0.266665 0.007737 -0.739461 -1.941483 -0.017343 -0.470181 -1.713689 -0.073050 0.606259 -0.361773 -1.750608 0.205755 0.333159 0.561150 1.166964 -0.090141 0.240018 -1.468209 0.246774 0.705261 0.099714 0.111818 0.695445 -0.146570 0.814934 0.295504 0.157329 -0.029096 -0.455354 -0.588999 -0.088747 -0.158987 0.478904 -0.295570 0.421662 -0.036766 -0.342484 -0.234990 -0.776625 0.252691 -0.159183 -0.571616 -0.471956 -0.126464 1.235431 0.535337 0.122982 -0.157397 -0.139494 0.009287 0.728920 0.142741 -0.114119 0.079150 -0.481590 -0.614097 -0.515937 -0.020924 -0.007659 1.250439 0.485313 -0.050467 0.332711 0.374418 2.234747 -0.158918 -0.335978 0.005601 -0.266919 1.222220 0.311493 1.931054 -0.177849 0.030939 -0.184283 -0.138114 -0.129444 -0.005172 -0.660344 1.869865 -0.013406 -0.250668 0.200631 0.854300 -0.833532 0.372841 -0.091318 0.421262 -1.118677 0.712506 0.218065 0.132544 -0.438494 0.925723 -0.783229 -0.124743 -0.609119 -1.612078 -0.131269 0.322492 -0.663338 0.348689 -0.961683 0.129432 0.065669 -0.835827 0.080188 0.476631 0.016496 0.218038 0.137489 0.233991 0.651829 0.555929 0.009729 0.251678
162 -0.637471 -0.108423 1.661768 -0.977931 -0.254491 0.026301 0.187028 0.350812 0.415276 0.555746 0.639786 0.108046 0.317151 0.178487 -0.043445 -0.441135 -0.408166 1.661460 -0.105099 -0.928327 0.178009 1.608525 -0.108690 -0.267082 -0.097516 0.782952 -0.202955 -0.749804 1.416021 -0.319656 -0.135508 -1.143193 -0.517666 -0.155995 0.412157 1.174306 -1.572155 0.107593 -0.041558 0.233642 0.610878 1.253153 -0.052202 -0.100442 -0.239672 -0.539496 -0.336140 -0.580681 0.008518 -0.405337 -0.170164 1.008771 0.126697 -0.024326 -1.180409 -0.419283 0.263471 -0.004537 -0.748975 -1.943956 -0.002562 -0.467584 -1.717471 -0.064797 0.616450 -0.369171 -1.753314 0.214527 0.340496 0.573618 1.172423 -0.095714 0.247887 -1.472340 0.261102 0.687107 0.098416 0.118530 0.686760 -0.152799 0.806372 0.311224 0.164994 -0.018893 -0.464851 -0.574003 -0.105134 -0.166171 0.460295 -0.304479 0.430249 -0.036956 -0.356492 -0.229732 -0.780171 0.262024 -0.176090 -0.566531 -0.455010 -0.131398 1.240983 0.531726 0.128261 -0.164656 -0.127059 -0.003513 0.709600 0.142816 -0.095886 0.085613 -0.495908 -0.607056 -0.526382 -0.003646 0.003764 1.256041 0.496484 -0.044598 0.345455 0.356661 2.236096 -0.165865 -0.324548 -0.006854 -0.247287 1.209996 0.309646 1.933396 -0.186413 0.028198 -0.193370 -0.148487 -0.130049 -0.002881 -0.644119 1.872458 0.005635 -0.267457 0.182108 0.862907 -0.845640 0.388814 -0.073516 0.433091 -1.124755 0.724586 0.223852 0.148038 -0.451052 0.911207 -0.794274 -0.132928 -0.602968 -1.615761 -0.139079 0.303001 -0.643809 0.355409 -0.968404 0.134056 0.048056 -0.841911 0.062210 0.484062 -0.001069 0.233364 0.141011 0.248133 0.651427 0.568748 0.001183 0.266498
163 -0.656601 -0.108085 1.625294 -0.944956 -0.308148 0.064769 0.236518 0.321475 0.390333 0.521338 0.649976 0.061715 0.307101 0.156166 0.007090 -0.391136 -0.461792 1.629634 -0.072160 -0.893684 0.156847 1.575677 -0.162899 -0.320896 -0.056311 0.789680 -0.256417 -0.729819 1.381777 -0.303808 -0.080224 -1.111014 -0.528921 -0.214220 0.388171 1.201381 -1.537671 0.055879 0.009158 0.183956 0.570546 1.222682 -0.068661 -0.159725 -0.212325 -0.496845 -0.309752 -0.550188 0.023765 -0.362344 -0.181738 0.974698 0.083729 -0.053807 -1.147584 -0.434002 0.268139 0.031842 -0.710541 -1.909086 -0.047129 -0.466120 -1.681790 -0.091372 0.581032 -0.344548 -1.719651 0.187498 0.315125 0.529281 1.142450 -0.077631 0.223300 -1.440217 0.217352 0.737982 0.105207 0.099714 0.707110 -0.133029 0.822853 0.260707 0.141565 -0.050076 -0.433814 -0.615231 -0.054913 -0.143791 0.513824 -0.276646 0.402298 -0.036432 -0.311907 -0.244869 -0.757372 0.233423 -0.121400 -0.574516 -0.505637 -0.115552 1.209707 0.532260 0.111476 -0.142779 -0.161676 0.034348 0.763106 0.142009 -0.152394 0.063025 -0.446891 -0.622873 -0.487731 -0.058737 -0.032555 1.224320 0.459289 -0.064257 0.304903 0.409071 2.200025 -0.144244 -0.354074 0.030164 -0.307456 1.230070 0.307894 1.897313 -0.160245 0.039946 -0.165652 -0.116594 -0.122312 -0.014303 -0.688472 1.837210 -0.054277 -0.214306 0.239334 0.828199 -0.798886 0.336189 -0.128268 0.393688 -1.094391 0.681002 0.206489 0.099933 -0.408796 0.948817 -0.751266 -0.105170 -0.615920 -1.581871 -0.115292 0.362458 -0.699703 0.333476 -0.938649 0.119064 0.101141 -0.810637 0.116512 0.457581 0.051832 0.185840 0.130237 0.203289 0.641257 0.524074 0.028298 0.220384
164 -0.652149 -0.107722 1.639942 -0.956040 -0.292686 0.053848 0.222600 0.330026 0.397461 0.531618 0.648400 0.075137 0.309999 0.162342 -0.007348 -0.406256 -0.446839 1.643367 -0.081051 -0.905083 0.162662 1.589378 -0.147451 -0.305507 -0.068539 0.789761 -0.240775 -0.737702 1.395105 -0.308323 -0.096665 -1.122231 -0.526917 -0.196778 0.396107 1.194985 -1.551515 0.070814 -0.005320 0.198490 0.583481 1.233841 -0.063222 -0.142322 -0.219810 -0.509496 -0.317292 -0.559215 0.018633 -0.375125 -0.178750 0.986106 0.096019 -0.045029 -1.159187 -0.430665 0.267778 0.021729 -0.723220 -1.924039 -0.034475 -0.468168 -1.696368 -0.083480 0.591706 -0.351726 -1.733914 0.195051 0.322736 0.543163 1.153257 -0.082809 0.230192 -1.452857 0.229738 0.724123 0.102583 0.104518 0.702333 -0.138594 0.819897 0.275617 0.148079 -0.041093 -0.442847 -0.604204 -0.069320 -0.150045 0.498917 -0.284496 0.410342 -0.036496 -0.324892 -0.240739 -0.765954 0.241358 -0.137719 -0.573579 -0.491179 -0.120005 1.221078 0.533968 0.116175 -0.148722 -0.152420 0.023850 0.748678 0.142256 -0.135913 0.069985 -0.461872 -0.619310 -0.500033 -0.042406 -0.021912 1.235883 0.470365 -0.058333 0.316678 0.394299 2.216236 -0.150264 -0.346602 0.019834 -0.289962 1.227590 0.309677 1.912959 -0.167559 0.035904 -0.173362 -0.125603 -0.125615 -0.010215 -0.676652 1.852314 -0.036641 -0.229817 0.222630 0.839519 -0.813905 0.351927 -0.112407 0.405327 -1.105001 0.694484 0.211111 0.113847 -0.421408 0.939046 -0.765200 -0.113575 -0.613184 -1.595658 -0.121857 0.345223 -0.684203 0.339729 -0.948600 0.123293 0.086020 -0.821858 0.100993 0.465651 0.036804 0.199509 0.133130 0.216409 0.646096 0.537713 0.020319 0.233629
165 -0.656408 -0.107842 1.623420 -0.943332 -0.308865 0.065682 0.237351 0.320224 0.389042 0.519942 0.649658 0.060716 0.306264 0.155152 0.008112 -0.389825 -0.462364 1.628126 -0.071150 -0.892076 0.155847 1.574067 -0.163789 -0.321705 -0.055294 0.789213 -0.257236 -0.728706 1.380141 -0.302815 -0.079139 -1.109257 -0.528779 -0.214881 0.387154 1.200886 -1.535919 0.054857 0.010206 0.182744 0.569298 1.220953 -0.068888 -0.160547 -0.211130 -0.495255 -0.308513 -0.548637 0.024088 -0.361094 -0.181863 0.973017 0.082657 -0.054322 -1.145812 -0.433941 0.268122 0.032814 -0.709231 -1.907282 -0.048090 -0.465528 -1.680014 -0.091836 0.579442 -0.343318 -1.717985 0.186391 0.313971 0.528084 1.140766 -0.076859 0.222150 -1.438491 0.215976 0.738419 0.105004 0.098837 0.706901 -0.132114 0.822622 0.259466 0.140591 -0.050604 -0.432425 -0.615704 -0.053790 -0.142822 0.514343 -0.275419 0.400920 -0.036258 -0.310523 -0.245075 -0.756088 0.232193 -0.120262 -0.574215 -0.506141 -0.114768 1.207962 0.531713 0.110670 -0.141794 -0.162426 0.035424 0.763647 0.141792 -0.153292 0.062368 -0.445547 -0.622618 -0.486587 -0.059728 -0.033433 1.222598 0.457926 -0.064752 0.303514 0.409858 2.198192 -0.143253 -0.354541 0.031134 -0.308182 1.229877 0.307432 1.895559 -0.159226 0.040112 -0.164536 -0.115555 -0.122007 -0.014588 -0.688985 1.835534 -0.055195 -0.212945 0.240117 0.826705 -0.797176 0.334768 -0.129201 0.392182 -1.092650 0.679309 0.205514 0.098824 -0.407289 0.948695 -0.749776 -0.104353 -0.615573 -1.580187 -0.114297 0.363154 -0.700215 0.332245 -0.936969 0.118298 0.102128 -0.809335 0.117388 0.456307 0.052883 0.184541 0.129577 0.202139 0.640221 0.522557 0.028812 0.219007
166 -0.648057 -0.108475 1.634250 -0.955035 -0.287768 0.050430 0.217556 0.331730 0.398987 0.533296 0.644534 0.078945 0.310255 0.164167 -0.011973 -0.408985 -0.440832 1.636692 -0.084660 -0.904593 0.164416 1.583338 -0.142240 -0.300417 -0.071176 0.784829 -0.236407 -0.734623 1.390650 -0.309118 -0.100547 -1.120342 -0.523326 -0.192517 0.395655 1.189287 -1.546140 0.075282 -0.009965 0.202228 0.584108 1.230960 -0.063167 -0.137425 -0.222293 -0.511806 -0.319003 -0.560547 0.018882 -0.377811 -0.177046 0.985165 0.099707 -0.043019 -1.156979 -0.427406 0.265391 0.018174 -0.723031 -1.916840 -0.030357 -0.464559 -1.690396 -0.081688 0.593060 -0.352973 -1.727313 0.197267 0.323679 0.544687 1.150750 -0.083956 0.232020 -1.448248 0.233499 0.717826 0.103034 0.106799 0.698059 -0.139976 0.814675 0.279157 0.150033 -0.038346 -0.444660 -0.598866 -0.073711 -0.151797 0.492840 -0.286587 0.412006 -0.036550 -0.328062 -0.239061 -0.763243 0.243779 -0.141408 -0.569916 -0.486196 -0.121075 1.218309 0.529744 0.117363 -0.150725 -0.148168 0.020177 0.741818 0.142084 -0.131168 0.070783 -0.464198 -0.615620 -0.500830 -0.038393 -0.019361 1.233063 0.472380 -0.057322 0.319489 0.388971 2.207469 -0.151925 -0.342050 0.016285 -0.284580 1.219193 0.306875 1.905261 -0.169755 0.036207 -0.175687 -0.128239 -0.123955 -0.010963 -0.670801 1.845172 -0.031847 -0.233792 0.217745 0.839333 -0.814334 0.355095 -0.107664 0.407483 -1.103080 0.695758 0.212698 0.117803 -0.423594 0.933121 -0.765467 -0.114863 -0.609678 -1.590083 -0.123917 0.339826 -0.677762 0.340969 -0.947577 0.124245 0.080998 -0.819706 0.095826 0.466398 0.031773 0.203382 0.134016 0.219708 0.642426 0.539539 0.018329 0.237294
167 -0.643502 -0.107602 1.664892 -0.976121 -0.264522 0.033501 0.196887 0.346327 0.411405 0.550847 0.644864 0.099760 0.315946 0.174563 -0.033980 -0.433769 -0.419390 1.666130 -0.098100 -0.925806 0.174252 1.612378 -0.119099 -0.277358 -0.090958 0.788894 -0.212407 -0.751441 1.417962 -0.317376 -0.126447 -1.142421 -0.522539 -0.165719 0.410484 1.182959 -1.575098 0.098208 -0.032056 0.225174 0.606645 1.253639 -0.053723 -0.110910 -0.234583 -0.533211 -0.331934 -0.576455 0.009608 -0.398577 -0.172958 1.006792 0.118802 -0.029118 -1.179940 -0.424067 0.266473 0.002604 -0.745827 -1.948963 -0.011030 -0.471351 -1.721015 -0.069111 0.611795 -0.365578 -1.757740 0.209721 0.337146 0.568039 1.172528 -0.092922 0.243681 -1.474625 0.253078 0.698447 0.098515 0.114441 0.693107 -0.149554 0.813478 0.302928 0.160745 -0.024645 -0.460052 -0.583528 -0.095937 -0.162315 0.471619 -0.299683 0.425916 -0.036861 -0.349051 -0.232894 -0.781080 0.256883 -0.167270 -0.571198 -0.464856 -0.128905 1.241276 0.536315 0.125540 -0.160591 -0.134843 0.003937 0.721797 0.142919 -0.105997 0.082689 -0.489070 -0.612366 -0.522087 -0.012841 -0.002290 1.256359 0.490962 -0.047457 0.338716 0.367092 2.242784 -0.162133 -0.332250 0.000366 -0.258358 1.220930 0.312506 1.938852 -0.181647 0.028928 -0.188308 -0.142735 -0.131150 -0.003086 -0.654465 1.877386 -0.004746 -0.258448 0.192430 0.860060 -0.841139 0.380739 -0.083478 0.427265 -1.124169 0.719396 0.220611 0.139488 -0.444955 0.920989 -0.790237 -0.129014 -0.607820 -1.619002 -0.134749 0.314048 -0.655723 0.352065 -0.966863 0.131755 0.058166 -0.841514 0.072545 0.480852 0.009030 0.224925 0.139105 0.240548 0.654462 0.562856 0.005759 0.258393
168 -0.648067 -0.107001 1.670051 -0.976651 -0.270719 0.037807 0.203084 0.344190 0.409635 0.548574 0.649014 0.094852 0.315698 0.172558 -0.028249 -0.430005 -0.426693 1.672308 -0.093786 -0.925769 0.172343 1.617919 -0.125553 -0.283762 -0.087378 0.794012 -0.218126 -0.754231 1.421887 -0.316493 -0.121277 -1.143906 -0.526379 -0.171576 0.410460 1.189629 -1.579968 0.092616 -0.026310 0.220330 0.605139 1.256162 -0.054268 -0.117257 -0.231832 -0.530281 -0.329922 -0.574691 0.009786 -0.394932 -0.174860 1.007255 0.114123 -0.031875 -1.181727 -0.427653 0.268898 0.006889 -0.745247 -1.955700 -0.016162 -0.474980 -1.726477 -0.071579 0.609932 -0.364008 -1.763860 0.207171 0.335794 0.565475 1.174662 -0.091612 0.241553 -1.478804 0.248462 0.705979 0.098412 0.112066 0.697907 -0.148001 0.819096 0.298338 0.158466 -0.028184 -0.457755 -0.589885 -0.090470 -0.160352 0.479062 -0.297205 0.423904 -0.036903 -0.344997 -0.234879 -0.783401 0.254152 -0.162287 -0.575077 -0.471094 -0.127764 1.243655 0.540553 0.124258 -0.158428 -0.139905 0.008394 0.729958 0.143142 -0.112122 0.081340 -0.485745 -0.616470 -0.520420 -0.018185 -0.005686 1.258782 0.488235 -0.048896 0.335081 0.373683 2.251079 -0.160264 -0.337600 0.004711 -0.265241 1.229733 0.315298 1.946018 -0.179040 0.029013 -0.185567 -0.139541 -0.132567 -0.002647 -0.661424 1.884019 -0.010920 -0.253397 0.198767 0.859692 -0.840012 0.376490 -0.089530 0.424555 -1.125731 0.717514 0.218968 0.134479 -0.442114 0.928082 -0.789196 -0.127087 -0.611692 -1.624090 -0.132439 0.320948 -0.663570 0.350607 -0.967517 0.130748 0.064377 -0.843055 0.078905 0.479701 0.015187 0.220065 0.138198 0.236263 0.658009 0.560315 0.008417 0.253812
169 -0.646520 -0.108554 1.634731 -0.956143 -0.284702 0.048261 0.214674 0.333165 0.400186 0.534911 0.643424 0.081471 0.310655 0.165341 -0.014797 -0.411452 -0.437589 1.636870 -0.086585 -0.905854 0.165534 1.583647 -0.139146 -0.297332 -0.073326 0.783709 -0.233445 -0.734964 1.391273 -0.309848 -0.103454 -1.121263 -0.522234 -0.189360 0.396566 1.187064 -1.546607 0.078123 -0.012796 0.204850 0.585841 1.231655 -0.062403 -0.134156 -0.223759 -0.513869 -0.320307 -0.561923 0.018225 -0.379974 -0.176265 0.986321 0.102061 -0.041436 -1.157877 -0.426226 0.264819 0.016101 -0.724543 -1.917005 -0.027849 -0.464050 -1.690807 -0.080244 0.594660 -0.354134 -1.727553 0.198692 0.324852 0.546730 1.151493 -0.084881 0.233280 -1.448738 0.235859 0.714608 0.102749 0.107903 0.696434 -0.140991 0.813073 0.281774 0.151277 -0.036584 -0.446155 -0.596222 -0.076471 -0.152970 0.489583 -0.288009 0.413351 -0.036561 -0.330359 -0.238107 -0.763723 0.245286 -0.144249 -0.568950 -0.483209 -0.121882 1.219057 0.529060 0.118229 -0.151912 -0.146039 0.018018 0.738414 0.142080 -0.128042 0.071876 -0.466556 -0.614289 -0.502536 -0.035452 -0.017411 1.233822 0.474176 -0.056318 0.321567 0.385895 2.207413 -0.153054 -0.340057 0.014171 -0.281184 1.216937 0.306518 1.905412 -0.171149 0.035700 -0.177174 -0.129973 -0.124065 -0.010542 -0.667947 1.845384 -0.028588 -0.236595 0.214548 0.840649 -0.816258 0.357736 -0.104619 0.409404 -1.103922 0.697681 0.213620 0.120411 -0.425641 0.930472 -0.767226 -0.116237 -0.608500 -1.590495 -0.125194 0.336440 -0.674320 0.342011 -0.948544 0.124998 0.077997 -0.820624 0.092743 0.467554 0.028794 0.205928 0.134568 0.222064 0.642253 0.541624 0.016856 0.239745
170 -0.640520 -0.108082 1.662060 -0.976275 -0.260120 0.030352 0.192466 0.348126 0.412965 0.552780 0.642181 0.103361 0.316354 0.176207 -0.038155 -0.436731 -0.414280 1.662521 -0.101300 -0.926335 0.175829 1.609218 -0.114472 -0.272814 -0.093653 0.785597 -0.208339 -0.749883 1.415884 -0.318246 -0.130259 -1.141986 -0.520007 -0.161592 0.410776 1.178676 -1.572425 0.102310 -0.036245 0.228788 0.608033 1.252512 -0.053317 -0.106380 -0.236782 -0.535707 -0.333644 -0.578085 0.009427 -0.401384 -0.171660 1.007017 0.122261 -0.027130 -1.179310 -0.421682 0.264841 -0.000566 -0.746626 -1.945087 -0.007287 -0.469053 -1.717964 -0.067336 0.613535 -0.366981 -1.754229 0.211764 0.338382 0.570126 1.171636 -0.094011 0.245439 -1.472401 0.256584 0.693227 0.098653 0.116286 0.689976 -0.150866 0.809793 0.306423 0.162565 -0.022129 -0.462005 -0.579112 -0.099960 -0.163919 0.466443 -0.301710 0.427665 -0.036889 -0.352196 -0.231499 -0.779884 0.259080 -0.170959 -0.568685 -0.460496 -0.129882 1.240240 0.533596 0.126625 -0.162331 -0.131230 0.000630 0.716141 0.142831 -0.101607 0.083756 -0.491747 -0.609711 -0.523553 -0.008957 0.000236 1.255298 0.493187 -0.046354 0.341555 0.362430 2.237906 -0.163683 -0.328545 -0.002836 -0.253502 1.215110 0.310733 1.934674 -0.183703 0.028853 -0.190487 -0.145204 -0.130249 -0.003328 -0.649652 1.873544 -0.000283 -0.262274 0.187936 0.860783 -0.842483 0.384034 -0.079129 0.429567 -1.123671 0.721227 0.221996 0.143193 -0.447345 0.916308 -0.791429 -0.130522 -0.605347 -1.616177 -0.136594 0.309194 -0.650291 0.353391 -0.966939 0.132643 0.053685 -0.840872 0.067962 0.481988 0.004550 0.228577 0.139897 0.243779 0.652344 0.565068 0.003831 0.261879
171 -0.646627 -0.107306 1.666403 -0.975325 -0.269771 0.037143 0.201955 0.344218 0.409678 0.548503 0.647458 0.095518 0.315526 0.172773 -0.029144 -0.430015 -0.425234 1.668331 -0.094684 -0.924646 0.172560 1.614213 -0.124475 -0.282716 -0.087598 0.791882 -0.217389 -0.752278 1.418894 -0.316436 -0.121720 -1.142164 -0.524992 -0.170967 0.409676 1.187547 -1.576530 0.093397 -0.027205 0.220846 0.604459 1.253991 -0.054603 -0.116434 -0.232234 -0.530196 -0.330007 -0.574534 0.010237 -0.395161 -0.174368 1.005919 0.114818 -0.031626 -1.179814 -0.426509 0.267937 0.006148 -0.744212 -1.951365 -0.015334 -0.473277 -1.722712 -0.071354 0.609627 -0.363952 -1.759851 0.207464 0.335594 0.565142 1.172692 -0.091637 0.241751 -1.475782 0.249123 0.704335 0.098737 0.112602 0.696406 -0.148086 0.817066 0.298709 0.158751 -0.027623 -0.457806 -0.588422 -0.091257 -0.160538 0.477543 -0.297442 0.423943 -0.036871 -0.345362 -0.234484 -0.781585 0.254494 -0.162669 -0.573566 -0.470044 -0.127805 1.241525 0.538630 0.124328 -0.158742 -0.138747 0.007621 0.728100 0.143056 -0.111294 0.081200 -0.485581 -0.615130 -0.519870 -0.017669 -0.005377 1.256610 0.488264 -0.048922 0.335405 0.372499 2.245956 -0.160435 -0.336136 0.003965 -0.264216 1.226315 0.313963 1.941421 -0.179381 0.029387 -0.185928 -0.139946 -0.131649 -0.003248 -0.659791 1.879708 -0.010192 -0.253897 0.197879 0.858714 -0.838921 0.376633 -0.088663 0.424484 -1.124025 0.716909 0.219212 0.135137 -0.441996 0.926164 -0.788198 -0.127043 -0.610365 -1.620560 -0.132733 0.319890 -0.661959 0.350605 -0.966261 0.130751 0.063359 -0.841282 0.077879 0.479375 0.014185 0.220689 0.138295 0.236710 0.656063 0.559965 0.008127 0.254364
172 -0.642094 -0.108241 1.654852 -0.971054 -0.266569 0.034984 0.198252 0.344302 0.409726 0.548183 0.642494 0.097664 0.314944 0.173453 -0.032066 -0.430133 -0.420390 1.655694 -0.097546 -0.921025 0.173228 1.602440 -0.120924 -0.279224 -0.088371 0.785076 -0.214915 -0.745978 1.409396 -0.316141 -0.123238 -1.136606 -0.520567 -0.168919 0.407102 1.180871 -1.565614 0.095991 -0.030137 0.222561 0.602233 1.247077 -0.055709 -0.113686 -0.233478 -0.530072 -0.330254 -0.573972 0.011730 -0.395826 -0.172857 1.001650 0.117033 -0.030869 -1.173733 -0.422863 0.264807 0.003725 -0.740850 -1.937625 -0.012623 -0.467758 -1.710776 -0.070701 0.608693 -0.363721 -1.747145 0.208435 0.334928 0.564005 1.166395 -0.091685 0.242361 -1.466180 0.251250 0.698814 0.099779 0.114185 0.691670 -0.148365 0.810615 0.299998 0.159700 -0.025899 -0.457961 -0.583546 -0.093849 -0.161136 0.472509 -0.298228 0.424032 -0.036825 -0.346553 -0.233204 -0.775688 0.255572 -0.163971 -0.568741 -0.466460 -0.127858 1.234720 0.532411 0.124500 -0.159695 -0.135039 0.005093 0.721946 0.142660 -0.108536 0.080683 -0.485170 -0.610918 -0.518064 -0.015897 -0.004339 1.249694 0.488284 -0.048937 0.336412 0.368551 2.229759 -0.160994 -0.331491 0.001546 -0.260787 1.215477 0.309645 1.926883 -0.180505 0.030655 -0.187104 -0.141297 -0.128627 -0.005216 -0.654393 1.866044 -0.007727 -0.255598 0.194925 0.855555 -0.835639 0.377186 -0.085799 0.424375 -1.118555 0.715123 0.219904 0.137264 -0.441735 0.920023 -0.785103 -0.126828 -0.606190 -1.609384 -0.133699 0.316360 -0.656585 0.350527 -0.962198 0.130710 0.060028 -0.835571 0.074452 0.478295 0.010869 0.222711 0.138571 0.238138 0.649745 0.558980 0.007226 0.256163
173 -0.663160 -0.108902 1.619622 -0.937118 -0.324497 0.077250 0.251810 0.312760 0.383541 0.511928 0.654427 0.047738 0.304027 0.149575 0.021830 -0.377360 -0.478503 1.625622 -0.061039 -0.885226 0.150477 1.570999 -0.178866 -0.337388 -0.043530 0.793290 -0.272578 -0.725210 1.375550 -0.299287 -0.064513 -1.103738 -0.533448 -0.231034 0.380836 1.213366 -1.532138 0.041028 0.023951 0.169614 0.559956 1.216495 -0.074553 -0.176625 -0.204549 -0.484642 -0.302093 -0.541640 0.029293 -0.350330 -0.185112 0.966486 0.070448 -0.063037 -1.140343 -0.438982 0.269944 0.043535 -0.700924 -1.905433 -0.061060 -0.465575 -1.676755 -0.100125 0.570968 -0.337149 -1.715406 0.179297 0.307075 0.517488 1.135994 -0.072229 0.215679 -1.434780 0.204368 0.755532 0.107763 0.094515 0.714199 -0.126770 0.829765 0.246466 0.133936 -0.059598 -0.424681 -0.630314 -0.040268 -0.137065 0.530735 -0.268070 0.394127 -0.036217 -0.298899 -0.250862 -0.751301 0.225233 -0.105847 -0.577991 -0.521956 -0.111140 1.203253 0.532279 0.106561 -0.136469 -0.173111 0.046940 0.781253 0.141719 -0.168949 0.055363 -0.433470 -0.628317 -0.477051 -0.074771 -0.044369 1.217857 0.448925 -0.071003 0.292761 0.425747 2.197603 -0.137320 -0.364714 0.042195 -0.324869 1.239660 0.306862 1.893382 -0.151904 0.044379 -0.156517 -0.106169 -0.119276 -0.018833 -0.704243 1.833297 -0.071008 -0.198836 0.256172 0.819649 -0.787111 0.321391 -0.144305 0.382250 -1.087541 0.669485 0.201449 0.085961 -0.396821 0.962315 -0.740402 -0.096146 -0.620278 -1.576730 -0.107962 0.380045 -0.717923 0.326844 -0.931333 0.114750 0.116692 -0.802906 0.132288 0.449976 0.067271 0.172066 0.127035 0.190250 0.638076 0.511869 0.036878 0.206834
174 -0.656717 -0.107783 1.625916 -0.944803 -0.308043 0.065003 0.236645 0.321024 0.389744 0.520913 0.650179 0.061591 0.306665 0.155652 0.007262 -0.391085 -0.461776 1.630543 -0.071663 -0.893502 0.156319 1.576432 -0.162963 -0.320868 -0.056233 0.790045 -0.256284 -0.730021 1.382274 -0.303307 -0.080299 -1.110907 -0.529180 -0.213803 0.388117 1.201301 -1.538259 0.055777 0.009347 0.183797 0.570612 1.222714 -0.068424 -0.159520 -0.211703 -0.496428 -0.309216 -0.549628 0.023588 -0.362124 -0.181859 0.974536 0.083473 -0.053755 -1.147547 -0.434159 0.268425 0.032201 -0.710642 -1.909974 -0.047331 -0.466314 -1.682501 -0.091338 0.580574 -0.344058 -1.720491 0.186998 0.314767 0.529345 1.142432 -0.077292 0.222765 -1.440613 0.216871 0.737995 0.104796 0.099097 0.707206 -0.132601 0.823212 0.260579 0.141118 -0.050121 -0.433307 -0.615372 -0.054704 -0.143328 0.513768 -0.276112 0.401718 -0.036303 -0.311559 -0.244944 -0.757478 0.232825 -0.121456 -0.574744 -0.505472 -0.115145 1.209732 0.532551 0.111060 -0.142229 -0.162041 0.034765 0.763217 0.141848 -0.152302 0.062981 -0.446859 -0.622953 -0.487795 -0.058615 -0.032665 1.224382 0.458921 -0.064269 0.304492 0.409116 2.201225 -0.143765 -0.354426 0.030507 -0.307232 1.230952 0.308051 1.898368 -0.159806 0.039731 -0.165146 -0.116207 -0.122546 -0.014127 -0.688640 1.838186 -0.054107 -0.214083 0.239160 0.828051 -0.798851 0.336060 -0.128257 0.393256 -1.094240 0.680725 0.205888 0.099741 -0.408446 0.948743 -0.751306 -0.105065 -0.615966 -1.582520 -0.114800 0.362242 -0.699645 0.332902 -0.938361 0.118674 0.101279 -0.810886 0.116555 0.457208 0.052016 0.185510 0.129842 0.203097 0.641359 0.523859 0.028305 0.219986
175 -0.653427 -0.107546 1.639582 -0.954878 -0.295447 0.055935 0.225297 0.328527 0.396159 0.529917 0.649380 0.072715 0.309462 0.161141 -0.004668 -0.403896 -0.449793 1.643436 -0.079046 -0.903768 0.161511 1.589260 -0.150327 -0.308339 -0.066513 0.790813 -0.243457 -0.737487 1.394604 -0.307505 -0.093965 -1.121237 -0.527909 -0.199567 0.395231 1.196842 -1.551178 0.068127 -0.002626 0.195948 0.581838 1.233110 -0.063792 -0.145268 -0.218287 -0.507399 -0.315910 -0.557676 0.019123 -0.372973 -0.179408 0.984880 0.093701 -0.046442 -1.158233 -0.431702 0.268382 0.023769 -0.721802 -1.924065 -0.036888 -0.468709 -1.696120 -0.084744 0.590003 -0.350468 -1.733877 0.193575 0.321512 0.541212 1.152472 -0.081930 0.228849 -1.452436 0.227335 0.727025 0.102671 0.103388 0.703684 -0.137563 0.821340 0.273093 0.146765 -0.042711 -0.441219 -0.606651 -0.066670 -0.148857 0.501884 -0.282961 0.408869 -0.036441 -0.322579 -0.241554 -0.765516 0.239789 -0.135052 -0.574459 -0.493820 -0.119223 1.220298 0.534683 0.115324 -0.147516 -0.154522 0.026005 0.751789 0.142226 -0.138781 0.068975 -0.459608 -0.620399 -0.498421 -0.045104 -0.023745 1.235104 0.468511 -0.059244 0.314544 0.397133 2.216544 -0.149095 -0.348563 0.021911 -0.293013 1.229774 0.310073 1.913058 -0.166095 0.036247 -0.171804 -0.123868 -0.125641 -0.010476 -0.679292 1.852348 -0.039591 -0.227110 0.225526 0.838169 -0.812053 0.349384 -0.115226 0.403390 -1.104075 0.692561 0.210115 0.111342 -0.419377 0.941341 -0.763507 -0.112278 -0.614132 -1.595390 -0.120549 0.348253 -0.687299 0.338567 -0.947521 0.122555 0.088844 -0.821047 0.103852 0.464411 0.039632 0.196993 0.132518 0.214112 0.646282 0.535682 0.021660 0.231178
176 -0.641743 -0.109262 1.632966 -0.958035 -0.276424 0.042455 0.206621 0.336936 0.403487 0.539117 0.639561 0.088298 0.311690 0.168626 -0.022668 -0.417755 -0.428457 1.633909 -0.092073 -0.908317 0.168655 1.581294 -0.130531 -0.288886 -0.078748 0.779242 -0.225611 -0.734066 1.390363 -0.311785 -0.111154 -1.122423 -0.518503 -0.181201 0.398124 1.180544 -1.544930 0.085967 -0.020702 0.211973 0.589660 1.231782 -0.061127 -0.125343 -0.228010 -0.519217 -0.323853 -0.565536 0.017282 -0.385716 -0.173973 0.988411 0.108513 -0.037482 -1.158844 -0.422456 0.262524 0.010338 -0.727537 -1.913917 -0.020946 -0.461211 -1.688775 -0.076749 0.598663 -0.357151 -1.724806 0.202678 0.327640 0.551613 1.151900 -0.087252 0.236753 -1.447515 0.242479 0.705551 0.102646 0.111271 0.691422 -0.143680 0.807640 0.288778 0.154734 -0.031904 -0.450175 -0.588741 -0.084137 -0.156190 0.480424 -0.291972 0.416997 -0.036659 -0.336592 -0.235651 -0.763333 0.249593 -0.151751 -0.565405 -0.475182 -0.124031 1.219377 0.525566 0.120535 -0.155302 -0.139883 0.012053 0.728657 0.141981 -0.119603 0.074289 -0.472460 -0.610094 -0.506323 -0.027717 -0.012493 1.234106 0.478888 -0.053974 0.327168 0.377397 2.203171 -0.156119 -0.334118 0.008377 -0.271919 1.208665 0.304342 1.901975 -0.175030 0.035089 -0.181256 -0.134610 -0.123271 -0.010329 -0.659764 1.842353 -0.019775 -0.244199 0.205965 0.843352 -0.820498 0.364667 -0.096332 0.414350 -1.104877 0.702318 0.216309 0.127555 -0.430857 0.922808 -0.771006 -0.119472 -0.604661 -1.588607 -0.128775 0.327269 -0.664680 0.344804 -0.950179 0.126975 0.069599 -0.821397 0.084135 0.470330 0.020376 0.212960 0.136167 0.228403 0.640058 0.546757 0.013112 0.246478
177 -0.654798 -0.108669 1.616847 -0.940863 -0.308804 0.065493 0.236743 0.320056 0.389148 0.519444 0.647567 0.060684 0.306220 0.155511 0.007771 -0.388839 -0.461504 1.620837 -0.072032 -0.889897 0.156227 1.567305 -0.163375 -0.321436 -0.054695 0.786020 -0.257542 -0.725176 1.374629 -0.302843 -0.078527 -1.106235 -0.526879 -0.215783 0.385439 1.198929 -1.529686 0.054974 0.009844 0.182569 0.567308 1.217176 -0.070152 -0.160848 -0.211760 -0.494729 -0.308601 -0.548307 0.025431 -0.360624 -0.181349 0.970583 0.082858 -0.054816 -1.142483 -0.432537 0.266536 0.032266 -0.706762 -1.899548 -0.047755 -0.462763 -1.673212 -0.092329 0.578725 -0.343153 -1.710726 0.186747 0.313403 0.526476 1.137318 -0.076816 0.222414 -1.433088 0.216410 0.737224 0.106159 0.099773 0.705258 -0.132229 0.819887 0.259069 0.140923 -0.050623 -0.432321 -0.614482 -0.054041 -0.143076 0.513463 -0.275693 0.400941 -0.036391 -0.310416 -0.244880 -0.752761 0.232690 -0.119578 -0.572077 -0.505957 -0.114871 1.204240 0.528568 0.110801 -0.142314 -0.161328 0.034845 0.762112 0.141710 -0.153452 0.061535 -0.444330 -0.621099 -0.484789 -0.060310 -0.033816 1.218765 0.457456 -0.065262 0.303432 0.409303 2.189081 -0.143500 -0.352992 0.030668 -0.308228 1.224770 0.305219 1.887247 -0.159564 0.041317 -0.164899 -0.115748 -0.120113 -0.016064 -0.687550 1.827708 -0.055543 -0.212792 0.240320 0.824693 -0.794861 0.334040 -0.129194 0.391726 -1.089724 0.677940 0.206059 0.098872 -0.406623 0.947117 -0.747457 -0.103613 -0.614016 -1.573782 -0.114706 0.363179 -0.699243 0.332303 -0.934803 0.118360 0.101694 -0.805788 0.117012 0.455600 0.052357 0.184706 0.129877 0.201939 0.636972 0.521409 0.029122 0.219161
178 -0.670622 -0.106941 1.646497 -0.948829 -0.325861 0.077912 0.254593 0.315327 0.385686 0.515782 0.663586 0.047830 0.306085 0.150178 0.022991 -0.381837 -0.483226 1.654207 -0.058375 -0.895778 0.150985 1.597941 -0.180930 -0.339259 -0.045966 0.806547 -0.272373 -0.739876 1.398011 -0.301274 -0.066735 -1.117974 -0.541434 -0.229487 0.388379 1.224181 -1.557506 0.040627 0.025105 0.170907 0.568318 1.233316 -0.070666 -0.176525 -0.204462 -0.488819 -0.304002 -0.545645 0.024736 -0.353090 -0.187160 0.978288 0.070083 -0.061730 -1.155712 -0.445051 0.275910 0.045004 -0.711361 -1.936513 -0.062294 -0.476986 -1.704283 -0.098892 0.576164 -0.339910 -1.744293 0.179802 0.310832 0.524026 1.151527 -0.073750 0.216709 -1.457241 0.204203 0.761847 0.104914 0.092880 0.721934 -0.127978 0.841375 0.248614 0.134191 -0.060109 -0.427287 -0.636189 -0.039767 -0.137857 0.535786 -0.269072 0.396530 -0.036330 -0.300705 -0.252056 -0.765468 0.225625 -0.108482 -0.587084 -0.524340 -0.112396 1.219938 0.544955 0.107670 -0.136443 -0.177308 0.048442 0.788588 0.142517 -0.169103 0.058628 -0.438936 -0.635430 -0.484410 -0.073025 -0.042939 1.234798 0.452396 -0.069049 0.294602 0.428684 2.233760 -0.138138 -0.371252 0.043566 -0.326039 1.259899 0.315863 1.926240 -0.152076 0.040615 -0.156708 -0.106407 -0.126224 -0.013697 -0.710856 1.864256 -0.070339 -0.200404 0.256628 0.829262 -0.798081 0.325275 -0.144859 0.386100 -1.101425 0.677106 0.201520 0.086202 -0.401269 0.971057 -0.750707 -0.099268 -0.627582 -1.602547 -0.108155 0.381472 -0.723419 0.329010 -0.942315 0.116125 0.118416 -0.817485 0.134146 0.454666 0.069016 0.172479 0.127407 0.191614 0.651939 0.517997 0.036102 0.207561
179 -0.644611 -0.107622 1.664515 -0.975381 -0.266813 0.035067 0.198996 0.345372 0.410673 0.549771 0.645672 0.097925 0.315743 0.173818 -0.031938 -0.431978 -0.421815 1.665921 -0.096748 -0.924958 0.173549 1.612098 -0.121367 -0.279640 -0.089392 0.789691 -0.214605 -0.751211 1.417480 -0.316965 -0.124311 -1.141813 -0.523319 -0.168108 0.409851 1.184670 -1.574729 0.096135 -0.030013 0.223289 0.605401 1.253177 -0.054328 -0.113341 -0.233650 -0.531770 -0.331100 -0.575583 0.010115 -0.397057 -0.173492 1.006014 0.117117 -0.030286 -1.179339 -0.424914 0.266863 0.004076 -0.744746 -1.948783 -0.012851 -0.471726 -1.720673 -0.070175 0.610721 -0.364840 -1.757499 0.208774 0.336362 0.566560 1.172037 -0.092332 0.242869 -1.474264 0.251441 0.700878 0.098807 0.113781 0.694286 -0.148899 0.814622 0.301032 0.159909 -0.025926 -0.459062 -0.585510 -0.093951 -0.161556 0.474061 -0.298741 0.425059 -0.036872 -0.347438 -0.233602 -0.780760 0.255912 -0.165189 -0.571893 -0.467120 -0.128426 1.240782 0.536798 0.125010 -0.159848 -0.136362 0.005469 0.724332 0.142962 -0.108309 0.081903 -0.487354 -0.613328 -0.520850 -0.015014 -0.003712 1.255845 0.489741 -0.048201 0.337280 0.369367 2.242725 -0.161399 -0.333684 0.001874 -0.260895 1.222482 0.312761 1.938652 -0.180700 0.029335 -0.187300 -0.141513 -0.131045 -0.003424 -0.656581 1.877151 -0.007162 -0.256436 0.194811 0.859160 -0.839758 0.378844 -0.085714 0.425937 -1.123629 0.718055 0.220072 0.137616 -0.443525 0.922981 -0.788967 -0.128035 -0.608674 -1.618654 -0.133910 0.316581 -0.658307 0.351433 -0.966250 0.131305 0.060343 -0.840847 0.074816 0.480098 0.011186 0.223128 0.138790 0.238863 0.654615 0.561378 0.006839 0.256675
180 -0.650485 -0.108457 1.634884 -0.954293 -0.292224 0.053359 0.221704 0.330186 0.397874 0.531523 0.646493 0.075443 0.310107 0.162964 -0.008018 -0.405784 -0.445720 1.637680 -0.082048 -0.903575 0.163295 1.584135 -0.146694 -0.304872 -0.068382 0.786985 -0.240603 -0.735051 1.390865 -0.308605 -0.096531 -1.119978 -0.525152 -0.197119 0.394921 1.193047 -1.546717 0.071277 -0.006014 0.198695 0.582146 1.231002 -0.064092 -0.142148 -0.220698 -0.509396 -0.317681 -0.559228 0.019560 -0.375055 -0.178100 0.984343 0.096502 -0.045161 -1.156674 -0.429279 0.266396 0.020951 -0.721493 -1.917996 -0.033860 -0.465944 -1.691104 -0.083602 0.591413 -0.351865 -1.728261 0.195647 0.322523 0.542140 1.150680 -0.083086 0.230697 -1.448725 0.230461 0.722743 0.103498 0.105656 0.700633 -0.138969 0.817347 0.275634 0.148589 -0.040800 -0.443025 -0.602866 -0.069909 -0.150567 0.497792 -0.284985 0.410660 -0.036623 -0.325130 -0.240376 -0.763448 0.242127 -0.137518 -0.571672 -0.490633 -0.120412 1.218282 0.531374 0.116595 -0.149504 -0.151203 0.023045 0.746977 0.142254 -0.135636 0.069522 -0.461193 -0.617766 -0.498835 -0.042485 -0.021909 1.233003 0.470293 -0.058571 0.316927 0.393432 2.209031 -0.150748 -0.345047 0.019121 -0.289571 1.222993 0.307907 1.906452 -0.168079 0.036760 -0.173932 -0.126058 -0.124170 -0.011271 -0.675092 1.846201 -0.036512 -0.230063 0.222374 0.838145 -0.812309 0.351691 -0.111985 0.405304 -1.102847 0.693687 0.211870 0.114255 -0.421225 0.937351 -0.763574 -0.113234 -0.611653 -1.590701 -0.122503 0.344797 -0.682962 0.340058 -0.947078 0.123638 0.085246 -0.819204 0.100290 0.465325 0.035981 0.200023 0.133570 0.216569 0.643560 0.537118 0.020326 0.234137
181 -0.660875 -0.106419 1.655119 -0.960327 -0.302223 0.060235 0.232454 0.327919 0.395865 0.529598 0.657054 0.067972 0.310486 0.159951 0.001355 -0.402025 -0.458985 1.660395 -0.074117 -0.908201 0.160391 1.605066 -0.157531 -0.315450 -0.064080 0.800998 -0.249134 -0.746155 1.407219 -0.307953 -0.089666 -1.128639 -0.534741 -0.205156 0.398398 1.207879 -1.565841 0.062475 0.003390 0.191807 0.583676 1.242461 -0.062908 -0.151732 -0.216157 -0.506632 -0.315246 -0.558109 0.017534 -0.370636 -0.181994 0.990315 0.089129 -0.048677 -1.166335 -0.437584 0.272979 0.028257 -0.725382 -1.942601 -0.042296 -0.476896 -1.712124 -0.086682 0.590742 -0.350545 -1.750960 0.191775 0.322097 0.541212 1.160963 -0.081656 0.227717 -1.465399 0.223129 0.736992 0.101767 0.100981 0.711487 -0.136999 0.831310 0.269511 0.145072 -0.046409 -0.440493 -0.615147 -0.061222 -0.147737 0.511385 -0.281443 0.408433 -0.036673 -0.319614 -0.243868 -0.773589 0.237847 -0.131121 -0.581830 -0.501078 -0.119062 1.229465 0.543897 0.114972 -0.145935 -0.160936 0.030616 0.762711 0.142906 -0.145014 0.069056 -0.458562 -0.627284 -0.499697 -0.049786 -0.026372 1.244373 0.467534 -0.059790 0.312073 0.404778 2.238385 -0.148099 -0.356239 0.026443 -0.300536 1.245949 0.316472 1.932605 -0.164020 0.034941 -0.169680 -0.121201 -0.129754 -0.008026 -0.688658 1.870649 -0.045615 -0.222964 0.232170 0.841846 -0.815505 0.346896 -0.121474 0.402743 -1.111449 0.694117 0.209121 0.106625 -0.418760 0.951987 -0.766649 -0.111782 -0.620908 -1.610372 -0.118862 0.355877 -0.697329 0.338597 -0.952938 0.122563 0.095596 -0.828343 0.110904 0.465570 0.046292 0.192634 0.132179 0.210568 0.655496 0.535913 0.023963 0.227301
182 -0.671563 -0.107377 1.596460 -0.918397 -0.350196 0.095201 0.275556 0.297811 0.369904 0.493509 0.657976 0.025044 0.298626 0.138016 0.047165 -0.351478 -0.503884 1.604744 -0.045729 -0.865790 0.139605 1.549857 -0.205693 -0.363127 -0.023848 0.795117 -0.298273 -0.714128 1.354702 -0.290709 -0.036649 -1.085082 -0.537868 -0.259636 0.369181 1.221943 -1.510421 0.014899 0.049391 0.144535 0.538563 1.198176 -0.081215 -0.206259 -0.190037 -0.462634 -0.288310 -0.525384 0.035433 -0.328021 -0.190931 0.947259 0.049586 -0.076914 -1.121199 -0.445619 0.272072 0.060808 -0.680029 -1.881584 -0.082416 -0.465181 -1.653617 -0.112140 0.552462 -0.324566 -1.693179 0.165646 0.294758 0.494110 1.118342 -0.063065 0.203350 -1.414676 0.182279 0.777676 0.109999 0.084173 0.722975 -0.117037 0.835892 0.220587 0.122649 -0.074673 -0.408689 -0.647439 -0.015041 -0.125661 0.555752 -0.254090 0.379544 -0.035878 -0.276276 -0.256643 -0.739361 0.210166 -0.078258 -0.580864 -0.545085 -0.102627 1.184575 0.533001 0.097816 -0.124920 -0.189232 0.064493 0.804988 0.141138 -0.196818 0.045279 -0.408008 -0.635199 -0.457144 -0.102009 -0.061136 1.198852 0.429364 -0.079614 0.272428 0.450191 2.171702 -0.126736 -0.377500 0.059596 -0.354608 1.246329 0.306741 1.869054 -0.139160 0.048822 -0.143313 -0.091114 -0.116595 -0.022944 -0.723165 1.809538 -0.101409 -0.172099 0.284202 0.800295 -0.761672 0.294441 -0.171404 0.362085 -1.069856 0.646098 0.192103 0.061726 -0.375006 0.977908 -0.717071 -0.083257 -0.625979 -1.555100 -0.096034 0.408991 -0.743351 0.315530 -0.914531 0.106844 0.143154 -0.785991 0.159407 0.436201 0.093773 0.147933 0.121298 0.167628 0.633339 0.488453 0.049612 0.183534
183 -0.676459 -0.107684 1.614606 -0.926253 -0.352084 0.096900 0.278030 0.299174 0.371915 0.496478 0.664104 0.024551 0.299856 0.138479 0.047801 -0.354434 -0.507757 1.623813 -0.043106 -0.872953 0.139909 1.567846 -0.207099 -0.365267 -0.024066 0.803289 -0.299199 -0.722415 1.369440 -0.292166 -0.037913 -1.094495 -0.543109 -0.259287 0.372519 1.232181 -1.527361 0.014830 0.050011 0.145325 0.543885 1.209399 -0.080819 -0.206246 -0.190576 -0.465075 -0.289626 -0.528193 0.034632 -0.330139 -0.191969 0.955093 0.048700 -0.077138 -1.131348 -0.449407 0.275317 0.062610 -0.686795 -1.903298 -0.084062 -0.470510 -1.672451 -0.112817 0.555596 -0.326030 -1.712794 0.165806 0.296102 0.498532 1.128520 -0.063774 0.203693 -1.429713 0.182248 0.784229 0.109646 0.084066 0.728228 -0.117271 0.843846 0.222116 0.122159 -0.075455 -0.410269 -0.653943 -0.014776 -0.126046 0.560052 -0.254441 0.381129 -0.035940 -0.277342 -0.259117 -0.746861 0.210877 -0.079771 -0.586534 -0.548519 -0.103658 1.195700 0.538874 0.098524 -0.125277 -0.192590 0.066770 0.811753 0.141656 -0.197314 0.045669 -0.411520 -0.639765 -0.461324 -0.101475 -0.061888 1.210201 0.431923 -0.079920 0.273271 0.453480 2.197402 -0.126688 -0.382749 0.061514 -0.355549 1.259920 0.310454 1.891558 -0.138727 0.048337 -0.142539 -0.090135 -0.118898 -0.021992 -0.729772 1.830928 -0.100720 -0.172857 0.285011 0.806888 -0.768889 0.296864 -0.172007 0.364163 -1.079033 0.651167 0.192566 0.061915 -0.377633 0.985370 -0.723836 -0.083769 -0.630367 -1.572460 -0.095938 0.410490 -0.748657 0.316751 -0.921695 0.107751 0.144199 -0.794442 0.160511 0.438912 0.094741 0.148374 0.121681 0.168401 0.639830 0.492307 0.050080 0.183977
184 -0.641670 -0.108900 1.638805 -0.961344 -0.273617 0.040458 0.204292 0.338756 0.404958 0.541367 0.640218 0.090820 0.312394 0.169794 -0.025212 -0.421048 -0.426102 1.639807 -0.093460 -0.911541 0.169752 1.586982 -0.127861 -0.286163 -0.081331 0.780687 -0.222607 -0.737164 1.395424 -0.312782 -0.114440 -1.125999 -0.518962 -0.177700 0.400435 1.180304 -1.550452 0.088694 -0.023250 0.214778 0.592969 1.235712 -0.059590 -0.122064 -0.229319 -0.521983 -0.325398 -0.567556 0.015745 -0.388324 -0.173630 0.991747 0.110761 -0.035644 -1.162613 -0.422462 0.263125 0.008598 -0.731039 -1.920283 -0.018697 -0.462875 -1.694662 -0.075055 0.601150 -0.358731 -1.730827 0.204094 0.329452 0.554893 1.155604 -0.088366 0.238096 -1.452450 0.244707 0.703517 0.101742 0.111927 0.691307 -0.144830 0.808296 0.291769 0.155950 -0.030229 -0.452068 -0.587192 -0.086737 -0.157407 0.478090 -0.293483 0.418676 -0.036661 -0.339148 -0.234924 -0.766521 0.251038 -0.155052 -0.566195 -0.472626 -0.124957 1.223304 0.527309 0.121500 -0.156356 -0.138583 0.010247 0.726659 0.142107 -0.116524 0.075983 -0.475831 -0.610154 -0.509427 -0.024455 -0.010295 1.238125 0.481248 -0.052602 0.329498 0.374899 2.210354 -0.157306 -0.333373 0.006579 -0.268749 1.210392 0.305701 1.908717 -0.176384 0.033836 -0.182695 -0.136336 -0.124720 -0.008916 -0.658170 1.848757 -0.016416 -0.247200 0.202848 0.846474 -0.824435 0.367961 -0.093417 0.416897 -1.108319 0.705596 0.217114 0.130139 -0.433651 0.921783 -0.774688 -0.121412 -0.604910 -1.594173 -0.129983 0.324145 -0.662283 0.346138 -0.953163 0.127879 0.066982 -0.825127 0.081440 0.472291 0.017799 0.215500 0.136699 0.230967 0.642509 0.549936 0.011487 0.248975
185 -0.650563 -0.109696 1.600942 -0.933757 -0.308365 0.065568 0.235627 0.318190 0.387528 0.516773 0.642450 0.060129 0.304798 0.154881 0.007541 -0.385838 -0.459232 1.604202 -0.072849 -0.883456 0.155641 1.551529 -0.162628 -0.320799 -0.052914 0.778616 -0.258041 -0.716867 1.361410 -0.301421 -0.076936 -1.097804 -0.522478 -0.216978 0.380928 1.193029 -1.514694 0.054774 0.009623 0.181381 0.562208 1.207159 -0.072374 -0.161209 -0.211422 -0.491848 -0.307128 -0.545490 0.028030 -0.358612 -0.180194 0.963517 0.082509 -0.055785 -1.133457 -0.429175 0.263287 0.031927 -0.700486 -1.881402 -0.047576 -0.456363 -1.657066 -0.093261 0.575266 -0.341175 -1.693819 0.186078 0.310884 0.522350 1.128079 -0.075812 0.221430 -1.419769 0.215907 0.734031 0.107674 0.100415 0.700881 -0.131278 0.813469 0.257364 0.140381 -0.050672 -0.430313 -0.611622 -0.053868 -0.142346 0.511071 -0.274655 0.399106 -0.036306 -0.308864 -0.244328 -0.744458 0.232073 -0.117709 -0.567013 -0.504892 -0.114030 1.194366 0.521494 0.110007 -0.142044 -0.159506 0.034537 0.758397 0.141171 -0.153747 0.059466 -0.440792 -0.617037 -0.480248 -0.061678 -0.035010 1.208689 0.455012 -0.066540 0.301848 0.408062 2.168104 -0.142711 -0.349852 0.030394 -0.307856 1.213654 0.300174 1.868081 -0.159029 0.043452 -0.164317 -0.115138 -0.116238 -0.018950 -0.684270 1.809689 -0.056192 -0.211493 0.240440 0.818773 -0.788358 0.331441 -0.129299 0.389097 -1.081434 0.673215 0.205718 0.098307 -0.403672 0.942439 -0.741299 -0.101546 -0.609794 -1.558573 -0.114273 0.362707 -0.696491 0.330663 -0.928140 0.117449 0.101142 -0.797233 0.116322 0.452542 0.051776 0.183942 0.129484 0.200690 0.629034 0.517523 0.029818 0.218188
186 -0.654190 -0.108457 1.618480 -0.941800 -0.307062 0.064444 0.235302 0.320666 0.389539 0.520236 0.647351 0.062019 0.306246 0.155887 0.006331 -0.390325 -0.459833 1.622561 -0.072687 -0.890858 0.156556 1.568939 -0.161745 -0.319752 -0.055933 0.786052 -0.255772 -0.726038 1.376096 -0.303024 -0.080278 -1.107161 -0.526672 -0.213671 0.386187 1.197966 -1.531234 0.056483 0.008408 0.183979 0.568626 1.218175 -0.069413 -0.158869 -0.212206 -0.495730 -0.309070 -0.548851 0.024764 -0.361805 -0.181009 0.971520 0.083994 -0.053823 -1.143479 -0.432146 0.266595 0.031387 -0.708052 -1.901330 -0.046528 -0.463004 -1.674891 -0.091428 0.579489 -0.343590 -1.712443 0.187251 0.313957 0.527902 1.138266 -0.077211 0.222819 -1.434421 0.217420 0.735661 0.105629 0.099991 0.704601 -0.132579 0.819563 0.260512 0.141337 -0.049643 -0.432912 -0.613312 -0.055440 -0.143487 0.511774 -0.276177 0.401412 -0.036315 -0.311527 -0.244424 -0.753602 0.233189 -0.121297 -0.571964 -0.504255 -0.115157 1.205258 0.528805 0.111100 -0.142664 -0.160505 0.033962 0.760535 0.141653 -0.151638 0.062250 -0.445801 -0.620580 -0.486049 -0.058518 -0.032741 1.219825 0.458366 -0.064640 0.304390 0.407713 2.191113 -0.143861 -0.352313 0.029749 -0.306209 1.224703 0.305438 1.889194 -0.160061 0.040743 -0.165403 -0.116470 -0.120585 -0.015508 -0.686293 1.829577 -0.053584 -0.214251 0.238415 0.825677 -0.796255 0.335554 -0.127487 0.392642 -1.090578 0.679070 0.206229 0.100227 -0.407686 0.945837 -0.748810 -0.104440 -0.613571 -1.575361 -0.115132 0.361176 -0.697462 0.332604 -0.935541 0.118620 0.100148 -0.806981 0.115376 0.456173 0.050871 0.185941 0.129970 0.203179 0.637426 0.522627 0.028256 0.220307
187 -0.647572 -0.108715 1.634910 -0.955932 -0.286853 0.049586 0.216588 0.332678 0.400000 0.534300 0.644281 0.079844 0.310816 0.165089 -0.013015 -0.409978 -0.439933 1.637084 -0.085481 -0.905520 0.165318 1.583833 -0.141217 -0.299447 -0.072031 0.784606 -0.235470 -0.735171 1.391262 -0.309894 -0.101552 -1.121217 -0.522995 -0.191722 0.396291 1.188955 -1.546754 0.076284 -0.011029 0.203272 0.584927 1.231746 -0.062931 -0.136449 -0.223369 -0.512948 -0.319987 -0.561592 0.018596 -0.378778 -0.176653 0.986074 0.100629 -0.042460 -1.157833 -0.427026 0.265184 0.017273 -0.723836 -1.917341 -0.029441 -0.464688 -1.690987 -0.081158 0.594120 -0.353873 -1.727782 0.198203 0.324480 0.545509 1.151546 -0.084716 0.232938 -1.448906 0.234636 0.716973 0.103166 0.107728 0.697568 -0.140769 0.814186 0.280179 0.150814 -0.037730 -0.445627 -0.598110 -0.074785 -0.152673 0.491991 -0.287518 0.413025 -0.036675 -0.329136 -0.238689 -0.763854 0.244855 -0.142416 -0.569705 -0.485391 -0.121861 1.219124 0.529748 0.118147 -0.151671 -0.147377 0.019233 0.740842 0.142239 -0.130186 0.071309 -0.465171 -0.615231 -0.501586 -0.037410 -0.018591 1.233853 0.473381 -0.056887 0.320534 0.387995 2.207831 -0.152763 -0.341417 0.015407 -0.283615 1.218374 0.306991 1.905697 -0.170560 0.036050 -0.176564 -0.129096 -0.124101 -0.010733 -0.669941 1.845616 -0.030820 -0.234958 0.216810 0.840219 -0.815405 0.356233 -0.106656 0.408611 -1.103957 0.696895 0.213575 0.118828 -0.424723 0.932548 -0.766372 -0.115526 -0.609380 -1.590629 -0.124812 0.338875 -0.676829 0.341889 -0.948501 0.124985 0.079924 -0.820356 0.094820 0.467252 0.030674 0.204498 0.134593 0.220663 0.642824 0.540628 0.017798 0.238438
188 -0.650362 -0.109224 1.615790 -0.942804 -0.301227 0.060176 0.229439 0.323524 0.392189 0.523340 0.644093 0.066896 0.307196 0.158554 0.000616 -0.394628 -0.453206 1.618836 -0.076959 -0.892326 0.159125 1.565788 -0.155541 -0.313768 -0.059699 0.782119 -0.250371 -0.724785 1.374295 -0.304673 -0.085560 -1.107528 -0.523515 -0.208268 0.387048 1.192975 -1.528705 0.062110 0.002663 0.189023 0.570967 1.217627 -0.068771 -0.152790 -0.215645 -0.499618 -0.311860 -0.551577 0.024344 -0.365880 -0.179171 0.972668 0.088700 -0.051090 -1.143620 -0.429095 0.264555 0.027037 -0.709721 -1.897415 -0.041498 -0.460461 -1.671964 -0.088991 0.582400 -0.345930 -1.708888 0.190378 0.316014 0.531057 1.137998 -0.079103 0.225579 -1.432458 0.222379 0.729017 0.105907 0.102905 0.700613 -0.134741 0.814978 0.265447 0.144054 -0.046268 -0.435950 -0.607743 -0.060994 -0.146067 0.505171 -0.279266 0.404265 -0.036464 -0.316059 -0.242547 -0.752729 0.236627 -0.126420 -0.568931 -0.498599 -0.116955 1.204854 0.525675 0.113018 -0.145471 -0.155777 0.029441 0.753311 0.141701 -0.145755 0.063874 -0.449772 -0.617212 -0.488407 -0.053240 -0.029260 1.219364 0.461791 -0.063052 0.308507 0.401602 2.185990 -0.146328 -0.347663 0.025390 -0.299779 1.217439 0.303480 1.884848 -0.163065 0.040554 -0.168605 -0.119997 -0.119647 -0.015613 -0.680196 1.825664 -0.047489 -0.219693 0.232471 0.827330 -0.798870 0.340353 -0.121641 0.396282 -1.090840 0.682244 0.208572 0.105383 -0.411436 0.940128 -0.751075 -0.106688 -0.610476 -1.572641 -0.117999 0.354799 -0.690497 0.334867 -0.936479 0.120275 0.094068 -0.806824 0.109180 0.458187 0.044744 0.191078 0.131367 0.207716 0.635300 0.526169 0.025618 0.225265
189 -0.646599 -0.108840 1.633021 -0.955290 -0.285846 0.048979 0.215575 0.332779 0.400036 0.534373 0.643309 0.080537 0.310662 0.165244 -0.013894 -0.410338 -0.438632 1.635036 -0.086112 -0.905013 0.165458 1.581920 -0.140171 -0.298412 -0.072426 0.783333 -0.234612 -0.734134 1.389750 -0.309818 -0.102255 -1.120347 -0.522133 -0.190834 0.395923 1.187523 -1.544973 0.077126 -0.011906 0.203907 0.584788 1.230613 -0.063002 -0.135452 -0.223646 -0.513121 -0.320081 -0.561549 0.018765 -0.379156 -0.176311 0.985454 0.101275 -0.042119 -1.156888 -0.426262 0.264612 0.016659 -0.723471 -1.915100 -0.028676 -0.463653 -1.689056 -0.080871 0.594069 -0.353866 -1.725715 0.198448 0.324421 0.545613 1.150522 -0.084758 0.233084 -1.447325 0.235228 0.715586 0.103239 0.108014 0.696548 -0.140844 0.812930 0.280750 0.151035 -0.037215 -0.445739 -0.596963 -0.075585 -0.152823 0.490657 -0.287721 0.413085 -0.036640 -0.329588 -0.238380 -0.762864 0.245113 -0.143063 -0.568776 -0.484329 -0.121878 1.218025 0.528590 0.118190 -0.151869 -0.146534 0.018606 0.739337 0.142126 -0.129242 0.071327 -0.465428 -0.614332 -0.501509 -0.036667 -0.018192 1.232738 0.473553 -0.056781 0.320901 0.386901 2.205204 -0.152891 -0.340437 0.014784 -0.282480 1.216376 0.306180 1.903337 -0.170837 0.036189 -0.176844 -0.129464 -0.123599 -0.011022 -0.668675 1.843414 -0.029871 -0.235613 0.215810 0.839807 -0.815110 0.356683 -0.105726 0.408758 -1.103071 0.696800 0.213679 0.119531 -0.424884 0.931128 -0.766094 -0.115624 -0.608493 -1.588815 -0.125034 0.337736 -0.675410 0.341874 -0.947850 0.124982 0.078943 -0.819506 0.093781 0.467125 0.029704 0.205137 0.134621 0.221200 0.641663 0.540703 0.017459 0.239004
190 -0.653277 -0.108871 1.615953 -0.941145 -0.306565 0.063958 0.234573 0.320985 0.389975 0.520466 0.646332 0.062455 0.306440 0.156391 0.005678 -0.390394 -0.458992 1.619662 -0.073451 -0.890345 0.157064 1.566294 -0.161058 -0.319170 -0.056081 0.784584 -0.255453 -0.724781 1.374040 -0.303329 -0.080518 -1.106269 -0.525708 -0.213617 0.385738 1.196934 -1.528847 0.057038 0.007743 0.184392 0.568180 1.216915 -0.069811 -0.158493 -0.212891 -0.496014 -0.309494 -0.549124 0.025188 -0.362066 -0.180627 0.970897 0.084521 -0.053751 -1.142451 -0.431373 0.265837 0.030744 -0.707390 -1.898270 -0.045943 -0.461862 -1.672261 -0.091373 0.579634 -0.343875 -1.709579 0.187777 0.314052 0.527645 1.137153 -0.077479 0.223291 -1.432407 0.218107 0.734708 0.106126 0.100742 0.703672 -0.132934 0.818174 0.260843 0.141797 -0.049341 -0.433270 -0.612422 -0.056055 -0.143935 0.510953 -0.276672 0.401824 -0.036407 -0.311973 -0.244164 -0.752443 0.233822 -0.121499 -0.570949 -0.503754 -0.115488 1.204035 0.527461 0.111450 -0.143248 -0.159661 0.033284 0.759400 0.141690 -0.151211 0.062143 -0.445762 -0.619750 -0.485665 -0.058292 -0.032538 1.218548 0.458613 -0.064663 0.304821 0.407007 2.187423 -0.144295 -0.351341 0.029137 -0.305729 1.222180 0.304532 1.885860 -0.160542 0.041155 -0.165932 -0.116942 -0.119854 -0.016015 -0.685284 1.826469 -0.053203 -0.214737 0.238021 0.825223 -0.795767 0.335770 -0.126988 0.392937 -1.089716 0.678994 0.206794 0.100743 -0.407901 0.944863 -0.748264 -0.104432 -0.612763 -1.572890 -0.115657 0.360695 -0.696573 0.332980 -0.935018 0.118918 0.099445 -0.805774 0.114700 0.456223 0.050120 0.186520 0.130307 0.203556 0.636191 0.522635 0.028120 0.220885
191 -0.678993 -0.106487 1.595431 -0.913271 -0.364777 0.105662 0.289577 0.290651 0.363699 0.485424 0.663615 0.012781 0.296422 0.132054 0.060989 -0.339618 -0.519546 1.605643 -0.035999 -0.859847 0.133924 1.549896 -0.220727 -0.377953 -0.013689 0.801213 -0.312307 -0.713562 1.352872 -0.286922 -0.022732 -1.080977 -0.543450 -0.274378 0.365232 1.232354 -1.509457 0.001035 0.063274 0.131703 0.530557 1.195382 -0.084166 -0.221844 -0.182471 -0.452451 -0.281676 -0.518308 0.037880 -0.317415 -0.194689 0.941871 0.038016 -0.084235 -1.117302 -0.451481 0.275334 0.071040 -0.673189 -1.882402 -0.094667 -0.468523 -1.653048 -0.118701 0.544505 -0.318706 -1.693634 0.158415 0.289095 0.484477 1.115267 -0.058605 0.196928 -1.413351 0.170421 0.793094 0.110662 0.078398 0.730799 -0.111999 0.844017 0.207822 0.116338 -0.083067 -0.401064 -0.660210 -0.001484 -0.119772 0.571473 -0.246796 0.372636 -0.035700 -0.264889 -0.260997 -0.737872 0.202428 -0.064620 -0.585924 -0.559142 -0.098638 1.181524 0.537319 0.093534 -0.118866 -0.199846 0.075143 0.821479 0.141142 -0.211794 0.040374 -0.396721 -0.641631 -0.449287 -0.116007 -0.070312 1.195777 0.420446 -0.084182 0.262102 0.465002 2.173900 -0.121063 -0.387471 0.069949 -0.370824 1.258326 0.309236 1.870180 -0.132099 0.050572 -0.135836 -0.082606 -0.116915 -0.024190 -0.737025 1.810268 -0.117005 -0.158415 0.299423 0.794060 -0.752679 0.281650 -0.186077 0.352658 -1.066103 0.636796 0.187262 0.048983 -0.365040 0.990514 -0.708923 -0.076908 -0.631709 -1.554457 -0.089571 0.425092 -0.759836 0.310156 -0.909977 0.103128 0.157821 -0.782427 0.174394 0.430504 0.108420 0.135321 0.118380 0.156118 0.635119 0.478434 0.056503 0.171366
192 -0.658917 -0.107284 1.639124 -0.951788 -0.306211 0.063325 0.235411 0.323965 0.392495 0.524758 0.653563 0.063975 0.308453 0.157473 0.005148 -0.395540 -0.461356 1.644058 -0.072423 -0.900087 0.158047 1.589391 -0.161188 -0.319181 -0.059282 0.795253 -0.253767 -0.737300 1.393500 -0.305448 -0.083914 -1.118906 -0.531941 -0.210656 0.392645 1.205026 -1.550725 0.058219 0.007208 0.186933 0.576289 1.231658 -0.066175 -0.156746 -0.213593 -0.500637 -0.311831 -0.553398 0.021041 -0.365711 -0.182027 0.981603 0.085598 -0.051795 -1.156011 -0.435965 0.270593 0.030851 -0.717129 -1.924807 -0.045597 -0.471213 -1.695914 -0.089560 0.584961 -0.346903 -1.734291 0.188952 0.317913 0.534435 1.150822 -0.079160 0.224864 -1.451838 0.219340 0.738535 0.103618 0.099940 0.709501 -0.134439 0.827233 0.264099 0.142703 -0.048760 -0.436400 -0.616086 -0.057118 -0.145174 0.513550 -0.278343 0.404660 -0.036468 -0.314824 -0.244766 -0.764754 0.234954 -0.125252 -0.578172 -0.504366 -0.116896 1.218671 0.537802 0.112770 -0.143815 -0.161963 0.033352 0.763954 0.142437 -0.149715 0.065518 -0.451676 -0.625193 -0.492911 -0.055297 -0.030293 1.233421 0.462664 -0.062543 0.307624 0.407952 2.218132 -0.145553 -0.355661 0.029114 -0.305018 1.238162 0.311916 1.913875 -0.161481 0.037732 -0.166935 -0.118092 -0.125739 -0.011524 -0.689467 1.852901 -0.051008 -0.217530 0.236748 0.834207 -0.805969 0.340449 -0.125853 0.397177 -1.102039 0.686422 0.207353 0.102381 -0.412714 0.950931 -0.757936 -0.107853 -0.618448 -1.595109 -0.116458 0.360202 -0.699568 0.335438 -0.944964 0.120393 0.099320 -0.818664 0.114700 0.460895 0.050045 0.188308 0.130906 0.206067 0.647832 0.528884 0.026654 0.222889
193 -0.636308 -0.109528 1.644937 -0.968773 -0.260409 0.030669 0.191730 0.346373 0.411696 0.550068 0.636838 0.102373 0.315253 0.175909 -0.037974 -0.433122 -0.412578 1.644266 -0.102310 -0.919513 0.175596 1.592023 -0.114262 -0.272761 -0.091415 0.777655 -0.209576 -0.740759 1.401498 -0.317164 -0.127870 -1.133028 -0.515336 -0.163967 0.405868 1.173013 -1.556237 0.101603 -0.036082 0.227172 0.602206 1.241889 -0.056139 -0.107672 -0.236858 -0.532732 -0.332447 -0.575507 0.012557 -0.398993 -0.170492 0.999497 0.121682 -0.028566 -1.169643 -0.418226 0.261205 -0.000902 -0.739601 -1.925352 -0.007384 -0.462185 -1.700432 -0.068680 0.610090 -0.365224 -1.735804 0.211358 0.335876 0.565234 1.161830 -0.093148 0.244764 -1.458115 0.256104 0.690504 0.100814 0.117433 0.685644 -0.150159 0.803006 0.304237 0.162267 -0.022513 -0.460174 -0.576438 -0.099434 -0.163453 0.464617 -0.300949 0.426130 -0.036960 -0.350463 -0.231041 -0.770964 0.258822 -0.168330 -0.563325 -0.460171 -0.129290 1.229726 0.525916 0.126080 -0.162435 -0.129353 0.000310 0.712783 0.142395 -0.102670 0.081350 -0.487570 -0.605671 -0.518315 -0.011102 -0.001325 1.244564 0.490610 -0.047872 0.339886 0.361677 2.214951 -0.163180 -0.325270 -0.003032 -0.254062 1.202951 0.305296 1.913737 -0.183369 0.031510 -0.190131 -0.144627 -0.125827 -0.006720 -0.646533 1.853805 -0.001850 -0.260530 0.188910 0.854478 -0.835278 0.380888 -0.079875 0.426889 -1.114957 0.716180 0.222123 0.142224 -0.444206 0.912013 -0.784509 -0.128140 -0.601152 -1.599677 -0.136455 0.309626 -0.648158 0.352114 -0.960039 0.131974 0.053580 -0.831443 0.067854 0.478952 0.004360 0.227608 0.139823 0.242161 0.643897 0.560801 0.004885 0.260791
194 -0.658459 -0.108919 1.604761 -0.931656 -0.321614 0.074622 0.248333 0.312891 0.383153 0.510864 0.648915 0.049504 0.303751 0.150326 0.019772 -0.376279 -0.473930 1.609596 -0.064477 -0.880429 0.151332 1.556054 -0.176203 -0.334211 -0.044526 0.786043 -0.270490 -0.718760 1.363647 -0.299032 -0.064934 -1.096946 -0.528596 -0.230163 0.378882 1.204271 -1.518265 0.042567 0.021879 0.170494 0.556621 1.207924 -0.074589 -0.175218 -0.205464 -0.484143 -0.302268 -0.540712 0.029614 -0.350006 -0.183803 0.961123 0.072584 -0.062073 -1.132895 -0.435321 0.266908 0.040755 -0.696294 -1.887284 -0.058324 -0.461156 -1.661228 -0.098866 0.569781 -0.337117 -1.699015 0.180398 0.307020 0.514991 1.128362 -0.072513 0.216603 -1.422641 0.206030 0.748773 0.108250 0.095714 0.709191 -0.127552 0.822404 0.246667 0.135424 -0.058087 -0.424721 -0.623729 -0.042058 -0.137831 0.525868 -0.269075 0.394171 -0.036321 -0.299574 -0.248325 -0.745694 0.226026 -0.106080 -0.572909 -0.517931 -0.111167 1.194832 0.527256 0.106879 -0.137321 -0.169132 0.043672 0.774147 0.141486 -0.167096 0.055772 -0.431897 -0.624023 -0.474613 -0.073821 -0.042684 1.209188 0.448224 -0.070178 0.293581 0.421587 2.175831 -0.138425 -0.359334 0.039338 -0.322673 1.227005 0.303816 1.874427 -0.153395 0.044603 -0.158382 -0.108168 -0.117465 -0.019377 -0.697444 1.815342 -0.070103 -0.199903 0.254138 0.815290 -0.782434 0.320989 -0.142344 0.381993 -1.080918 0.666721 0.202147 0.087308 -0.396104 0.955232 -0.735940 -0.096635 -0.616245 -1.562426 -0.109189 0.377427 -0.712112 0.327020 -0.926521 0.114836 0.114252 -0.796557 0.129884 0.448848 0.064844 0.173305 0.127433 0.191016 0.633030 0.510062 0.035741 0.208093
195 -0.658235 -0.108750 1.610417 -0.935205 -0.318631 0.072345 0.245728 0.315107 0.385097 0.513523 0.649469 0.052287 0.304736 0.151898 0.016905 -0.379820 -0.471399 1.615107 -0.066180 -0.883922 0.152822 1.561450 -0.173258 -0.331239 -0.047355 0.787334 -0.267260 -0.721922 1.368567 -0.300397 -0.068487 -1.100752 -0.528920 -0.226570 0.381373 1.204035 -1.523594 0.045562 0.018990 0.173656 0.560121 1.211959 -0.073100 -0.171737 -0.207260 -0.487292 -0.304251 -0.543216 0.028080 -0.352976 -0.183318 0.964724 0.075146 -0.060128 -1.136874 -0.435196 0.267374 0.038695 -0.699944 -1.893301 -0.055797 -0.462792 -1.666874 -0.097085 0.572682 -0.339101 -1.704684 0.182212 0.309146 0.518461 1.132211 -0.073937 0.218363 -1.427474 0.208728 0.746587 0.107546 0.096806 0.708928 -0.129028 0.822856 0.249941 0.136969 -0.056265 -0.427037 -0.622003 -0.045011 -0.139415 0.523376 -0.270999 0.396315 -0.036397 -0.302529 -0.247540 -0.748980 0.227952 -0.109669 -0.573593 -0.515264 -0.112441 1.198903 0.528911 0.108181 -0.138791 -0.167540 0.041510 0.771897 0.141674 -0.163775 0.057609 -0.435505 -0.623961 -0.477875 -0.070315 -0.040268 1.213304 0.450989 -0.068708 0.296343 0.418822 2.182498 -0.139962 -0.358349 0.037229 -0.319306 1.228271 0.305149 1.880733 -0.155083 0.043404 -0.160179 -0.110182 -0.118866 -0.017994 -0.695598 1.821342 -0.066526 -0.203296 0.250823 0.818648 -0.786627 0.324656 -0.139157 0.384938 -1.084595 0.670350 0.203365 0.090231 -0.399281 0.954100 -0.739818 -0.098770 -0.616394 -1.567740 -0.110778 0.374119 -0.709512 0.328790 -0.929815 0.116062 0.111301 -0.800340 0.126945 0.451163 0.061921 0.176263 0.128248 0.193888 0.635548 0.513554 0.034005 0.211030
196 -0.677083 -0.108408 1.564885 -0.896506 -0.375957 0.113822 0.298518 0.282390 0.356998 0.474877 0.658357 0.002137 0.292945 0.127198 0.071357 -0.324695 -0.527982 1.574528 -0.030807 -0.843670 0.129396 1.520006 -0.231313 -0.388737 -0.002335 0.791709 -0.324795 -0.697128 1.326512 -0.282299 -0.008352 -1.062383 -0.539314 -0.289362 0.353713 1.230150 -1.480595 -0.010273 0.073660 0.119507 0.514542 1.174897 -0.091345 -0.235531 -0.177125 -0.439899 -0.274772 -0.508681 0.045241 -0.305541 -0.195406 0.924850 0.028601 -0.092119 -1.097607 -0.449711 0.271286 0.077870 -0.655948 -1.848677 -0.103742 -0.458826 -1.622133 -0.125877 0.532737 -0.311378 -1.661930 0.152464 0.280590 0.468945 1.095979 -0.053808 0.191085 -1.387555 0.161000 0.799619 0.114996 0.076243 0.728987 -0.107087 0.838050 0.194735 0.111247 -0.089837 -0.392357 -0.664883 0.009304 -0.114674 0.579747 -0.240192 0.364955 -0.035698 -0.253590 -0.263407 -0.721138 0.196372 -0.050022 -0.580198 -0.568895 -0.094673 1.161007 0.526910 0.089450 -0.114661 -0.204220 0.082301 0.827687 0.140436 -0.224614 0.032538 -0.381222 -0.639299 -0.434412 -0.130044 -0.079757 1.174889 0.409501 -0.090228 0.251683 0.474550 2.135573 -0.116063 -0.388931 0.077097 -0.383705 1.245743 0.301435 1.834561 -0.126409 0.056581 -0.129816 -0.075457 -0.109290 -0.031129 -0.741748 1.776469 -0.131170 -0.145370 0.312275 0.778581 -0.733528 0.266781 -0.198105 0.341145 -1.048213 0.621226 0.184006 0.038024 -0.352318 0.992281 -0.690910 -0.068071 -0.628594 -1.525322 -0.084634 0.437658 -0.768201 0.304029 -0.894669 0.099228 0.168330 -0.763316 0.185113 0.421060 0.118770 0.124470 0.116141 0.144926 0.621523 0.463700 0.063380 0.160640
197 -0.659572 -0.108683 1.602016 -0.928981 -0.325101 0.077326 0.251686 0.310519 0.380974 0.508102 0.649470 0.046273 0.302702 0.148447 0.023303 -0.372708 -0.477402 1.607354 -0.061967 -0.877644 0.149526 1.553668 -0.179870 -0.337757 -0.041664 0.786404 -0.273975 -0.717254 1.361093 -0.297557 -0.061173 -1.094283 -0.529301 -0.233817 0.377072 1.205610 -1.515679 0.038971 0.025433 0.166959 0.553713 1.205421 -0.075543 -0.179091 -0.203163 -0.480821 -0.300048 -0.538112 0.030542 -0.346839 -0.184584 0.958351 0.069497 -0.064017 -1.130211 -0.436239 0.267289 0.043415 -0.693481 -1.884708 -0.061446 -0.460976 -1.658580 -0.100601 0.566899 -0.335032 -1.696569 0.178199 0.304979 0.511840 1.125898 -0.071053 0.214538 -1.420150 0.202709 0.751987 0.108426 0.094051 0.710359 -0.125905 0.823413 0.243059 0.133517 -0.060182 -0.422163 -0.626392 -0.038501 -0.135984 0.529291 -0.266770 0.391788 -0.036186 -0.296229 -0.249300 -0.743914 0.223644 -0.102332 -0.573357 -0.521109 -0.109807 1.192274 0.527252 0.105453 -0.135463 -0.171605 0.046460 0.777591 0.141303 -0.170844 0.054192 -0.428381 -0.624902 -0.471854 -0.077497 -0.045193 1.206618 0.445328 -0.071514 0.290483 0.425047 2.173236 -0.136620 -0.361374 0.042018 -0.326552 1.228409 0.303654 1.871859 -0.151303 0.045255 -0.156153 -0.105752 -0.117024 -0.020053 -0.700319 1.812822 -0.074079 -0.196080 0.257855 0.812545 -0.778916 0.317205 -0.146024 0.378914 -1.078364 0.663335 0.200548 0.083894 -0.392872 0.957388 -0.732757 -0.094654 -0.616912 -1.559908 -0.107237 0.381235 -0.715645 0.325074 -0.923991 0.113542 0.117910 -0.794270 0.133565 0.446667 0.068543 0.169820 0.126419 0.187786 0.632143 0.506704 0.037563 0.204654
198 -0.674708 -0.107411 1.596850 -0.917220 -0.356216 0.099222 0.281129 0.295641 0.368348 0.491098 0.660460 0.020318 0.298385 0.136341 0.052451 -0.347096 -0.510404 1.605617 -0.042207 -0.864271 0.138039 1.550486 -0.211648 -0.369161 -0.019946 0.797767 -0.304000 -0.714367 1.354616 -0.289955 -0.031207 -1.084363 -0.540194 -0.265879 0.368010 1.226962 -1.510764 0.009553 0.054675 0.139753 0.535804 1.197957 -0.082589 -0.212607 -0.187863 -0.459280 -0.286457 -0.523502 0.036494 -0.324299 -0.192319 0.945977 0.045257 -0.079847 -1.120537 -0.448039 0.273307 0.064585 -0.677811 -1.882670 -0.087145 -0.466762 -1.654131 -0.114794 0.550113 -0.322973 -1.694000 0.163413 0.293057 0.490627 1.117988 -0.061807 0.201490 -1.414940 0.178166 0.784293 0.110707 0.082651 0.726325 -0.115594 0.839301 0.215829 0.120653 -0.077974 -0.406413 -0.652854 -0.009939 -0.123946 0.562374 -0.251881 0.377655 -0.035967 -0.272286 -0.258463 -0.739323 0.207909 -0.072981 -0.583062 -0.551101 -0.101670 1.184261 0.534877 0.096717 -0.123244 -0.193299 0.068423 0.811918 0.141383 -0.202847 0.043463 -0.403875 -0.637973 -0.454344 -0.107590 -0.064704 1.198498 0.426521 -0.081413 0.268909 0.456239 2.173288 -0.125071 -0.381488 0.063471 -0.361308 1.251102 0.307894 1.870137 -0.136854 0.049694 -0.140878 -0.088103 -0.116682 -0.023521 -0.728967 1.810457 -0.107668 -0.167037 0.290449 0.798585 -0.758738 0.289775 -0.177227 0.359023 -1.069313 0.643152 0.190972 0.056958 -0.371681 0.983552 -0.714364 -0.080951 -0.628507 -1.555521 -0.094082 0.415691 -0.750351 0.314210 -0.913675 0.105956 0.148833 -0.785035 0.165350 0.434631 0.099391 0.143394 0.120672 0.163388 0.634513 0.485052 0.052341 0.179243
199 -0.672883 -0.107081 1.604345 -0.922498 -0.349190 0.094345 0.274920 0.299428 0.371430 0.495717 0.660001 0.026380 0.299609 0.138984 0.045975 -0.354067 -0.503700 1.612887 -0.046056 -0.869653 0.140520 1.557635 -0.204701 -0.362241 -0.025517 0.798211 -0.296898 -0.718374 1.361404 -0.291887 -0.038724 -1.089781 -0.539529 -0.257816 0.371768 1.224270 -1.517871 0.016310 0.048194 0.146298 0.541897 1.203468 -0.079934 -0.204653 -0.191046 -0.465010 -0.289738 -0.527482 0.033991 -0.330082 -0.191045 0.951403 0.050745 -0.075803 -1.126176 -0.446705 0.273373 0.060134 -0.683864 -1.890530 -0.081489 -0.468011 -1.661666 -0.111148 0.554932 -0.326123 -1.701488 0.166683 0.296485 0.497120 1.123288 -0.064073 0.204456 -1.421371 0.183611 0.778134 0.109291 0.084603 0.724359 -0.118010 0.838321 0.222620 0.123468 -0.073903 -0.410396 -0.648029 -0.016390 -0.126648 0.555703 -0.255281 0.381156 -0.035948 -0.278105 -0.256606 -0.743588 0.211312 -0.080433 -0.582903 -0.544535 -0.103579 1.189852 0.536040 0.098739 -0.125765 -0.189296 0.063819 0.805581 0.141498 -0.195359 0.046689 -0.410808 -0.636535 -0.460138 -0.100138 -0.059872 1.204205 0.431501 -0.078688 0.274149 0.449642 2.181952 -0.127671 -0.378342 0.058907 -0.353344 1.250708 0.308958 1.878401 -0.140034 0.047681 -0.144234 -0.092106 -0.118426 -0.021468 -0.723837 1.818425 -0.099593 -0.174036 0.282841 0.803924 -0.765825 0.296940 -0.170056 0.364274 -1.074433 0.649381 0.192885 0.063218 -0.377409 0.979304 -0.720966 -0.084810 -0.627444 -1.562654 -0.096900 0.407850 -0.743437 0.316899 -0.918374 0.107774 0.142064 -0.790561 0.158340 0.438270 0.092672 0.149485 0.121857 0.169321 0.637057 0.491340 0.048684 0.185129
0 -0.624687 -0.109966 1.693358 -1.005511 -0.215202 -0.002651 0.150359 0.374482 0.436312 0.583502 0.633741 0.142944 0.326111 0.196727 -0.081606 -0.479870 -0.369306 1.688835 -0.130368 -0.957007 0.195368 1.636804 -0.068288 -0.227416 -0.128721 0.779600 -0.163533 -0.766665 1.445014 -0.333332 -0.177204 -1.170650 -0.510339 -0.113363 0.430965 1.158028 -1.601888 0.146641 -0.079904 0.271659 0.642500 1.279517 -0.040903 -0.056529 -0.262124 -0.573544 -0.357829 -0.606146 -0.002136 -0.438818 -0.161607 1.037248 0.159305 -0.002731 -1.208428 -0.409111 0.260124 -0.032227 -0.779495 -1.974755 0.030837 -0.469399 -1.748385 -0.045499 0.645371 -0.389443 -1.782539 0.236194 0.360860 0.607976 1.198166 -0.110292 0.267909 -1.500190 0.295356 0.651268 0.094648 0.134312 0.673199 -0.168772 0.795912 0.350043 0.183546 0.004169 -0.490109 -0.545017 -0.143300 -0.184261 0.421704 -0.326904 0.453334 -0.037704 -0.391323 -0.219326 -0.798953 0.285364 -0.217444 -0.561801 -0.418792 -0.144609 1.267949 0.531986 0.142080 -0.182636 -0.101106 -0.032336 0.671451 0.143783 -0.053910 0.102397 -0.533989 -0.596668 -0.556307 0.037550 0.031017 1.283288 0.526098 -0.030114 0.377352 0.318268 2.268339 -0.183299 -0.303121 -0.034984 -0.203026 1.197383 0.311226 1.964861 -0.207089 0.020278 -0.215263 -0.173094 -0.135452 0.004870 -0.612653 1.903098 0.050378 -0.308258 0.139924 0.891285 -0.883364 0.429529 -0.032641 0.464611 -1.150852 0.759886 0.238576 0.184679 -0.484716 0.885842 -0.828636 -0.153879 -0.594675 -1.644906 -0.158145 0.259450 -0.603849 0.373820 -0.993723 0.146538 0.008207 -0.867100 0.021736 0.505810 -0.040986 0.270162 0.150199 0.282552 0.660344 0.604261 -0.018780 0.302417
1 -0.637571 -0.109278 1.673297 -0.986155 -0.249135 0.021476 0.181822 0.356358 0.420799 0.562349 0.641137 0.113871 0.320131 0.182722 -0.049618 -0.448864 -0.403576 1.672014 -0.109576 -0.936465 0.182117 1.619138 -0.102717 -0.261575 -0.103155 0.785354 -0.197231 -0.755929 1.426030 -0.323619 -0.142552 -1.152079 -0.518282 -0.149930 0.416981 1.175929 -1.582992 0.114002 -0.047787 0.240453 0.618119 1.262308 -0.050503 -0.093988 -0.244812 -0.547201 -0.341430 -0.587384 0.006623 -0.412079 -0.169172 1.017213 0.132329 -0.020979 -1.189554 -0.419094 0.263814 -0.009271 -0.756551 -1.956121 0.002740 -0.470068 -1.728912 -0.061856 0.623718 -0.374321 -1.764537 0.219250 0.345495 0.580872 1.181156 -0.099088 0.252591 -1.482499 0.267781 0.683816 0.098394 0.122206 0.686880 -0.156531 0.807490 0.318448 0.168938 -0.015406 -0.470913 -0.571383 -0.111570 -0.170273 0.455962 -0.309560 0.436038 -0.037374 -0.363478 -0.228737 -0.786484 0.267338 -0.183219 -0.567863 -0.450838 -0.134736 1.250197 0.534093 0.131643 -0.168828 -0.123248 -0.008514 0.705871 0.143522 -0.089585 0.088832 -0.503728 -0.607458 -0.532961 0.002955 0.008493 1.265296 0.503125 -0.042114 0.352093 0.351595 2.249403 -0.169863 -0.322248 -0.011684 -0.241207 1.212116 0.311457 1.945672 -0.190728 0.026939 -0.198006 -0.153250 -0.131689 -0.001359 -0.641189 1.884262 0.012558 -0.274937 0.176086 0.870606 -0.855075 0.396734 -0.067259 0.440278 -1.133399 0.733251 0.227674 0.154413 -0.458607 0.910384 -0.802730 -0.137008 -0.603738 -1.626469 -0.143218 0.297159 -0.639625 0.360312 -0.976355 0.137240 0.041905 -0.849228 0.056193 0.489740 -0.007389 0.240237 0.143467 0.254517 0.655883 0.576799 -0.001964 0.273452
2 -0.656149 -0.109307 1.647352 -0.959513 -0.297771 0.056660 0.226951 0.330582 0.399348 0.532745 0.652331 0.072216 0.311562 0.163043 -0.004325 -0.405234 -0.452881 1.650571 -0.078931 -0.908094 0.163385 1.596371 -0.151566 -0.310448 -0.066231 0.794127 -0.245336 -0.740936 1.400744 -0.310033 -0.093668 -1.126644 -0.530113 -0.201770 0.396559 1.204059 -1.558345 0.067848 -0.002348 0.196368 0.584011 1.239091 -0.065265 -0.146800 -0.220726 -0.509854 -0.318360 -0.561103 0.020154 -0.374478 -0.179679 0.989531 0.093495 -0.047454 -1.163807 -0.433434 0.269041 0.024017 -0.724679 -1.933034 -0.037789 -0.470409 -1.703977 -0.085963 0.593079 -0.352779 -1.741674 0.195162 0.323104 0.542879 1.157981 -0.083284 0.230696 -1.459255 0.228658 0.731863 0.104489 0.105611 0.706701 -0.138924 0.824931 0.273874 0.147718 -0.043527 -0.443652 -0.610892 -0.066671 -0.150478 0.505378 -0.284740 0.411615 -0.036933 -0.323960 -0.243311 -0.768586 0.242170 -0.134949 -0.576902 -0.497429 -0.121133 1.226231 0.536324 0.117027 -0.149568 -0.155516 0.026377 0.756274 0.142997 -0.140193 0.068591 -0.461162 -0.622970 -0.499855 -0.046046 -0.024469 1.241023 0.470857 -0.059971 0.316047 0.399706 2.226776 -0.150471 -0.350704 0.022273 -0.295158 1.234773 0.310962 1.921761 -0.167073 0.037463 -0.172769 -0.124187 -0.125368 -0.011449 -0.683430 1.860710 -0.040543 -0.227693 0.227441 0.842001 -0.815858 0.350598 -0.116322 0.405717 -1.109512 0.696085 0.212459 0.111550 -0.421728 0.946714 -0.766715 -0.112214 -0.616598 -1.602531 -0.121965 0.350735 -0.691564 0.341112 -0.952277 0.124304 0.089593 -0.824211 0.104994 0.466969 0.040126 0.197967 0.134057 0.214699 0.648782 0.538215 0.022509 0.232396
3 -0.636019 -0.109713 1.669528 -0.984953 -0.247875 0.020541 0.180357 0.356653 0.421110 0.562482 0.639438 0.114798 0.320100 0.183209 -0.050846 -0.449176 -0.401757 1.667776 -0.110800 -0.935488 0.182604 1.615232 -0.101294 -0.260206 -0.103610 0.783009 -0.196254 -0.753893 1.422955 -0.323742 -0.143269 -1.150471 -0.516728 -0.149166 0.416217 1.173728 -1.579434 0.115122 -0.049020 0.241268 0.617519 1.260202 -0.050920 -0.092894 -0.245546 -0.547543 -0.341796 -0.587510 0.007160 -0.412510 -0.168609 1.016041 0.133299 -0.020662 -1.187762 -0.417803 0.262678 -0.010337 -0.755574 -1.951569 0.003875 -0.468173 -1.724994 -0.061574 0.623736 -0.374501 -1.760318 0.219850 0.345495 0.580639 1.179256 -0.099281 0.253068 -1.479412 0.268810 0.681774 0.098859 0.123001 0.685261 -0.156852 0.805248 0.319156 0.169488 -0.014740 -0.471258 -0.569572 -0.112699 -0.170715 0.454103 -0.310101 0.436366 -0.037409 -0.364178 -0.228238 -0.784588 0.268007 -0.183852 -0.566199 -0.449495 -0.134941 1.248131 0.531937 0.131897 -0.169412 -0.121790 -0.009634 0.703585 0.143419 -0.088475 0.088719 -0.503852 -0.606027 -0.532490 0.003729 0.009017 1.263185 0.503366 -0.042039 0.352715 0.350057 2.243986 -0.170303 -0.320531 -0.012742 -0.239892 1.208294 0.309962 1.940809 -0.191349 0.027418 -0.198681 -0.153968 -0.130615 -0.002068 -0.639193 1.879703 0.013600 -0.275825 0.174941 0.869762 -0.854322 0.397208 -0.066096 0.440605 -1.131812 0.733031 0.228159 0.155366 -0.458872 0.908300 -0.801933 -0.137047 -0.602335 -1.622797 -0.143792 0.295814 -0.637644 0.360558 -0.975250 0.137412 0.040548 -0.847404 0.054800 0.489611 -0.008778 0.241202 0.143715 0.255233 0.653788 0.576814 -0.002346 0.274361
4 -0.628798 -0.109194 1.685750 -0.999075 -0.225749 0.004487 0.160083 0.368859 0.431177 0.576681 0.635845 0.133993 0.324349 0.192226 -0.071417 -0.469910 -0.379890 1.682238 -0.124461 -0.950220 0.191178 1.630030 -0.079237 -0.238055 -0.120998 0.781241 -0.174089 -0.763173 1.438205 -0.330223 -0.166090 -1.164435 -0.512671 -0.125056 0.426982 1.162362 -1.594836 0.136216 -0.069655 0.261721 0.634595 1.273545 -0.043320 -0.068634 -0.256428 -0.565295 -0.352610 -0.600178 0.000012 -0.430229 -0.164220 1.030662 0.151135 -0.008201 -1.202045 -0.412307 0.261371 -0.025374 -0.771960 -1.967100 0.022335 -0.470085 -1.740836 -0.050199 0.638605 -0.384815 -1.775445 0.230920 0.356421 0.599209 1.192396 -0.106691 0.263237 -1.493687 0.286686 0.660626 0.095441 0.130146 0.677505 -0.165080 0.799186 0.339946 0.179276 -0.001887 -0.484176 -0.552229 -0.133205 -0.179838 0.432204 -0.321638 0.447909 -0.037603 -0.382606 -0.221647 -0.795306 0.279485 -0.206484 -0.563614 -0.428417 -0.141256 1.261800 0.533222 0.138674 -0.178097 -0.107685 -0.025423 0.681565 0.143813 -0.065249 0.098703 -0.524263 -0.600158 -0.548993 0.026541 0.024435 1.277033 0.518738 -0.033432 0.369566 0.328406 2.260087 -0.179292 -0.308509 -0.028094 -0.215331 1.201245 0.311866 1.957039 -0.202232 0.021791 -0.210300 -0.167354 -0.134856 0.003609 -0.620758 1.895449 0.038053 -0.297757 0.151420 0.884472 -0.874007 0.419014 -0.043670 0.457004 -1.145010 0.751225 0.235023 0.175067 -0.476419 0.892967 -0.820111 -0.149068 -0.597737 -1.637944 -0.153500 0.271449 -0.614641 0.369677 -0.988081 0.143461 0.018966 -0.861393 0.032745 0.500817 -0.030265 0.260625 0.148024 0.273750 0.659549 0.595436 -0.013787 0.293276
5 -0.635142 -0.109172 1.671475 -0.986689 -0.244849 0.018275 0.177656 0.358196 0.422138 0.564184 0.639008 0.117385 0.320615 0.184218 -0.053407 -0.451767 -0.398837 1.669578 -0.112656 -0.937294 0.183573 1.617064 -0.098504 -0.257188 -0.106111 0.782990 -0.193153 -0.755365 1.424899 -0.324446 -0.146247 -1.152179 -0.516287 -0.145856 0.418042 1.171487 -1.581326 0.117730 -0.051586 0.243888 0.619799 1.261797 -0.049351 -0.089760 -0.246647 -0.549720 -0.343052 -0.589008 0.005636 -0.414728 -0.168173 1.017847 0.135730 -0.018769 -1.189510 -0.417220 0.262768 -0.012362 -0.757745 -1.953231 0.006406 -0.469035 -1.726826 -0.059740 0.625590 -0.375826 -1.762096 0.221191 0.347093 0.583057 1.180887 -0.100197 0.254343 -1.481136 0.270991 0.678557 0.097972 0.123528 0.684275 -0.157927 0.804464 0.321733 0.170816 -0.012980 -0.472863 -0.566766 -0.115269 -0.171795 0.451102 -0.311563 0.437743 -0.037399 -0.366505 -0.227016 -0.786483 0.269230 -0.186839 -0.566007 -0.446389 -0.135592 1.249780 0.532802 0.132657 -0.170290 -0.119940 -0.011850 0.700370 0.143483 -0.085403 0.090471 -0.506425 -0.605343 -0.534820 0.006807 0.011330 1.264840 0.505262 -0.040571 0.354904 0.347010 2.245571 -0.171473 -0.318834 -0.014834 -0.236709 1.207423 0.310824 1.942672 -0.192786 0.026140 -0.200269 -0.155829 -0.131796 -0.000681 -0.636335 1.881464 0.016658 -0.278633 0.171798 0.871580 -0.856684 0.399998 -0.063183 0.442630 -1.133428 0.735178 0.228809 0.157854 -0.461014 0.905918 -0.804201 -0.138985 -0.601887 -1.624631 -0.144968 0.292570 -0.634345 0.361679 -0.976854 0.138077 0.037837 -0.849537 0.052066 0.491073 -0.011429 0.243586 0.144160 0.257611 0.655245 0.579087 -0.004061 0.276707
6 -0.638068 -0.110126 1.668669 -0.982842 -0.253120 0.024655 0.185306 0.353961 0.419166 0.559712 0.641023 0.110299 0.319189 0.181260 -0.046219 -0.444924 -0.407210 1.667493 -0.106980 -0.933152 0.180691 1.614675 -0.106341 -0.265504 -0.099500 0.784404 -0.201357 -0.752827 1.421682 -0.322450 -0.138406 -1.148558 -0.518300 -0.154395 0.413965 1.178097 -1.578524 0.110456 -0.044389 0.236799 0.614440 1.258752 -0.052848 -0.098127 -0.243255 -0.543711 -0.339496 -0.584925 0.008943 -0.408858 -0.169536 1.013761 0.128976 -0.023594 -1.185899 -0.419403 0.263319 -0.006488 -0.752872 -1.951588 -0.000679 -0.468122 -1.724395 -0.064415 0.620631 -0.372216 -1.759993 0.217298 0.342910 0.577129 1.177658 -0.097742 0.250676 -1.478431 0.264711 0.687760 0.099739 0.121571 0.687508 -0.154908 0.807658 0.314710 0.166998 -0.017743 -0.468389 -0.574840 -0.108108 -0.168695 0.459667 -0.307373 0.433873 -0.037355 -0.360068 -0.230327 -0.782908 0.265580 -0.179050 -0.567453 -0.454856 -0.133787 1.246602 0.532023 0.130524 -0.167590 -0.125624 -0.005417 0.709713 0.143358 -0.093672 0.086227 -0.499736 -0.607724 -0.529263 -0.001266 0.005137 1.261663 0.500259 -0.044271 0.348856 0.355514 2.244623 -0.168108 -0.324238 -0.008754 -0.245324 1.211795 0.309682 1.940768 -0.188627 0.028889 -0.195644 -0.150500 -0.129658 -0.003546 -0.644601 1.879622 0.008454 -0.270948 0.180229 0.867378 -0.850893 0.392655 -0.071124 0.437036 -1.130039 0.729582 0.226718 0.151002 -0.455184 0.912872 -0.798792 -0.134140 -0.603668 -1.622046 -0.141538 0.301358 -0.643668 0.358524 -0.973235 0.136241 0.045422 -0.845302 0.059776 0.487306 -0.003910 0.236907 0.142810 0.251121 0.652915 0.573093 0.000418 0.270113
7 -0.628889 -0.109279 1.689208 -1.001125 -0.224368 0.003458 0.158884 0.369988 0.432251 0.578138 0.636334 0.135357 0.324851 0.193003 -0.072878 -0.471842 -0.378760 1.685638 -0.125224 -0.952227 0.191904 1.633337 -0.077770 -0.236688 -0.122332 0.782094 -0.172591 -0.764884 1.441158 -0.330936 -0.167922 -1.166682 -0.513002 -0.123274 0.428134 1.162898 -1.598078 0.137782 -0.071125 0.263350 0.636499 1.275973 -0.042807 -0.066870 -0.257381 -0.566988 -0.353637 -0.601542 -0.000516 -0.431828 -0.164014 1.032749 0.152359 -0.007355 -1.204409 -0.412354 0.261616 -0.026309 -0.773981 -1.970947 0.023504 -0.470792 -1.744347 -0.049491 0.640168 -0.385810 -1.778986 0.231811 0.357430 0.601115 1.194670 -0.107355 0.264089 -1.496627 0.288083 0.659925 0.095232 0.130745 0.677602 -0.165751 0.799727 0.341701 0.179972 -0.001042 -0.485394 -0.551797 -0.134709 -0.180605 0.431132 -0.322587 0.449028 -0.037639 -0.384150 -0.221516 -0.796950 0.280497 -0.208326 -0.564102 -0.427331 -0.141890 1.264235 0.533947 0.139301 -0.178848 -0.106988 -0.026370 0.680802 0.143897 -0.063608 0.099433 -0.526239 -0.600303 -0.550697 0.028274 0.025503 1.279508 0.520228 -0.032864 0.370977 0.327220 2.264468 -0.179993 -0.308215 -0.029059 -0.213655 1.202398 0.312371 1.961013 -0.203028 0.021405 -0.211117 -0.168272 -0.135352 0.004039 -0.620247 1.899253 0.039925 -0.299499 0.149801 0.886384 -0.876419 0.420943 -0.042085 0.458558 -1.147171 0.753276 0.235653 0.176570 -0.478128 0.892808 -0.822325 -0.149982 -0.597944 -1.641212 -0.154252 0.269856 -0.613627 0.370562 -0.989963 0.144056 0.017491 -0.863414 0.031245 0.502029 -0.031750 0.262172 0.148425 0.275238 0.660686 0.597356 -0.014543 0.294797
8 -0.625806 -0.110234 1.670772 -0.991772 -0.227274 0.005854 0.160789 0.366305 0.429047 0.573205 0.631687 0.131909 0.322839 0.191024 -0.069880 -0.465578 -0.379754 1.666629 -0.124218 -0.943427 0.190059 1.615182 -0.080455 -0.239364 -0.118001 0.774882 -0.176434 -0.755026 1.425519 -0.328534 -0.162693 -1.155951 -0.509143 -0.128266 0.422089 1.158225 -1.580684 0.134262 -0.068111 0.258965 0.628652 1.263821 -0.046037 -0.071103 -0.255358 -0.561440 -0.350535 -0.596814 0.003019 -0.426953 -0.163620 1.023302 0.149385 -0.010163 -1.192992 -0.409841 0.258553 -0.024515 -0.765072 -1.950164 0.020997 -0.464235 -1.725605 -0.052020 0.634476 -0.382335 -1.759613 0.229530 0.353387 0.593979 1.183326 -0.105222 0.261652 -1.481075 0.284862 0.659608 0.097193 0.130217 0.674431 -0.163655 0.794087 0.336749 0.178105 -0.003028 -0.481483 -0.551112 -0.131344 -0.178530 0.431938 -0.319904 0.445478 -0.037552 -0.379772 -0.221724 -0.787136 0.278113 -0.202871 -0.559389 -0.429316 -0.140027 1.252125 0.526809 0.137463 -0.177235 -0.107157 -0.024482 0.680147 0.143307 -0.067526 0.095995 -0.519483 -0.597198 -0.543590 0.023378 0.022123 1.267202 0.515342 -0.035268 0.366841 0.329135 2.240629 -0.177967 -0.306654 -0.027138 -0.217185 1.192049 0.307204 1.939161 -0.200982 0.024258 -0.208959 -0.165823 -0.130971 0.000472 -0.619377 1.878562 0.035317 -0.294769 0.153577 0.878133 -0.866708 0.414896 -0.045681 0.453461 -1.136750 0.745673 0.234262 0.172902 -0.472473 0.890239 -0.813193 -0.146220 -0.594542 -1.623601 -0.152417 0.273173 -0.614208 0.367613 -0.981267 0.142202 0.020316 -0.852714 0.034030 0.497292 -0.028960 0.258385 0.147389 0.271118 0.652061 0.590566 -0.012184 0.290927
9 -0.634189 -0.110006 1.650846 -0.974825 -0.252808 0.024300 0.184298 0.351899 0.416705 0.556266 0.635741 0.109636 0.317775 0.180176 -0.045682 -0.441072 -0.405032 1.648901 -0.108428 -0.925784 0.179760 1.597066 -0.106307 -0.264961 -0.098041 0.777020 -0.201960 -0.744315 1.407094 -0.320643 -0.136019 -1.139139 -0.513857 -0.156167 0.410105 1.169918 -1.561853 0.109415 -0.043832 0.234976 0.608614 1.247590 -0.053951 -0.099468 -0.242065 -0.540395 -0.337576 -0.581624 0.010398 -0.406027 -0.168952 1.005808 0.128739 -0.024266 -1.175783 -0.416364 0.260404 -0.007094 -0.745759 -1.930626 -0.000312 -0.462843 -1.706017 -0.064720 0.616844 -0.370171 -1.740899 0.216411 0.340836 0.572139 1.167479 -0.096435 0.249646 -1.463605 0.263702 0.683299 0.100448 0.121152 0.683367 -0.154020 0.800912 0.312206 0.166769 -0.017896 -0.466186 -0.570244 -0.107237 -0.167661 0.457131 -0.306338 0.431701 -0.037277 -0.358077 -0.228733 -0.775169 0.264202 -0.176463 -0.562462 -0.453203 -0.132298 1.235541 0.526272 0.129292 -0.166625 -0.123546 -0.006344 0.705068 0.142851 -0.094558 0.085067 -0.495387 -0.604047 -0.524472 -0.003114 0.004605 1.250372 0.497114 -0.044736 0.347087 0.353953 2.220046 -0.167446 -0.320361 -0.009382 -0.245853 1.199901 0.305888 1.918955 -0.188301 0.029941 -0.195512 -0.150393 -0.126984 -0.005095 -0.639948 1.858911 0.006550 -0.269057 0.180898 0.860571 -0.843157 0.389264 -0.071878 0.434037 -1.120839 0.723880 0.225793 0.149753 -0.451632 0.907296 -0.791584 -0.132763 -0.600027 -1.605038 -0.140920 0.301468 -0.640391 0.356767 -0.965913 0.134877 0.045652 -0.836590 0.059952 0.484086 -0.003670 0.235418 0.142139 0.249401 0.646276 0.568423 0.000796 0.268594
10 -0.642718 -0.108257 1.670365 -0.981644 -0.259772 0.028819 0.191930 0.351164 0.416086 0.556204 0.644759 0.104922 0.318658 0.178414 -0.039336 -0.439650 -0.414890 1.670302 -0.102895 -0.931418 0.178048 1.616977 -0.113875 -0.272310 -0.095867 0.789230 -0.207442 -0.754944 1.422992 -0.320849 -0.132042 -1.148156 -0.521961 -0.161045 0.414285 1.182074 -1.580269 0.103561 -0.037479 0.230903 0.611710 1.259058 -0.052254 -0.105773 -0.239195 -0.539513 -0.336577 -0.582096 0.007963 -0.404045 -0.171968 1.012524 0.124049 -0.026168 -1.185678 -0.423220 0.266078 -0.002086 -0.750840 -1.953838 -0.005998 -0.472702 -1.726115 -0.066360 0.617737 -0.370147 -1.762375 0.214088 0.341586 0.573250 1.177896 -0.095888 0.248090 -1.479774 0.259100 0.694246 0.098721 0.117842 0.692265 -0.153051 0.812673 0.308723 0.164648 -0.021510 -0.465358 -0.579654 -0.101519 -0.166053 0.467218 -0.304430 0.431020 -0.037309 -0.355044 -0.231344 -0.785245 0.261624 -0.172963 -0.571196 -0.460740 -0.131767 1.246792 0.537432 0.128540 -0.164368 -0.130671 -0.001196 0.717141 0.143575 -0.100711 0.085681 -0.494923 -0.611934 -0.526894 -0.007462 0.002101 1.261800 0.496406 -0.045082 0.344591 0.362070 2.247422 -0.165963 -0.328921 -0.004415 -0.253378 1.219394 0.313623 1.943569 -0.185821 0.027836 -0.192901 -0.147340 -0.132285 -0.001756 -0.650327 1.881953 0.000613 -0.264771 0.187395 0.865385 -0.847546 0.387049 -0.078163 0.433222 -1.129794 0.725808 0.224150 0.144930 -0.451013 0.918804 -0.795931 -0.132707 -0.607805 -1.623882 -0.138657 0.309107 -0.651167 0.356523 -0.972467 0.134531 0.052768 -0.846038 0.067421 0.485528 0.003489 0.230857 0.141415 0.245939 0.657419 0.568950 0.002900 0.264480
11 -0.641176 -0.109437 1.660626 -0.976430 -0.261939 0.030749 0.193448 0.348819 0.414359 0.553375 0.642325 0.102582 0.317348 0.177167 -0.037493 -0.436069 -0.415906 1.660243 -0.101887 -0.926500 0.176851 1.607342 -0.115588 -0.274353 -0.092801 0.785131 -0.210211 -0.748982 1.414520 -0.319418 -0.128826 -1.142196 -0.519906 -0.164247 0.410064 1.180940 -1.571012 0.101487 -0.035620 0.228190 0.607110 1.252475 -0.055038 -0.108370 -0.238115 -0.536218 -0.334692 -0.579338 0.010963 -0.401198 -0.171714 1.007214 0.121909 -0.028334 -1.179363 -0.421826 0.264119 -0.000614 -0.745709 -1.943250 -0.007926 -0.468101 -1.716343 -0.068501 0.614328 -0.367890 -1.752271 0.212573 0.338755 0.569142 1.171625 -0.094446 0.246421 -1.471488 0.257127 0.695221 0.100413 0.117782 0.690742 -0.151521 0.809875 0.305857 0.163175 -0.022938 -0.462945 -0.580528 -0.099429 -0.164682 0.468217 -0.302610 0.428842 -0.037233 -0.352351 -0.232244 -0.778920 0.260275 -0.169575 -0.568530 -0.462739 -0.130660 1.240189 0.532442 0.127362 -0.163456 -0.131107 0.000502 0.717784 0.143169 -0.103265 0.082866 -0.491038 -0.610304 -0.522506 -0.010644 -0.000539 1.255145 0.493540 -0.047152 0.341930 0.363877 2.235540 -0.164455 -0.328541 -0.002851 -0.255615 1.214189 0.309765 1.932275 -0.184309 0.030321 -0.191198 -0.145433 -0.128834 -0.004851 -0.650990 1.871325 -0.002061 -0.261796 0.189891 0.860761 -0.842165 0.383400 -0.080468 0.430127 -1.123999 0.721559 0.223371 0.142671 -0.447684 0.918261 -0.790809 -0.129796 -0.605857 -1.614576 -0.137372 0.311357 -0.652366 0.354610 -0.967506 0.133362 0.054559 -0.839556 0.069111 0.482592 0.005220 0.228600 0.140756 0.243395 0.651438 0.565061 0.004746 0.262108
12 -0.633206 -0.109911 1.656551 -0.978818 -0.248188 0.020930 0.180149 0.354732 0.419122 0.559668 0.635646 0.113771 0.318848 0.182198 -0.050073 -0.445946 -0.400680 1.654333 -0.111209 -0.929817 0.181680 1.602444 -0.101671 -0.260378 -0.101896 0.777563 -0.197257 -0.747313 1.412187 -0.322225 -0.141087 -1.143282 -0.513552 -0.150912 0.412821 1.168551 -1.567248 0.113996 -0.048234 0.239486 0.612912 1.251848 -0.052242 -0.094234 -0.244496 -0.544608 -0.340089 -0.584707 0.008753 -0.410083 -0.168137 1.009897 0.132538 -0.021581 -1.180078 -0.415599 0.260472 -0.010221 -0.750081 -1.936587 0.003550 -0.463860 -1.711710 -0.062296 0.620480 -0.372598 -1.746547 0.218859 0.343414 0.576655 1.171557 -0.098127 0.251921 -1.468529 0.267604 0.679369 0.099650 0.122695 0.682304 -0.155866 0.800491 0.316918 0.168877 -0.015177 -0.469200 -0.567126 -0.111653 -0.169703 0.452817 -0.308909 0.434404 -0.037328 -0.362220 -0.227532 -0.778366 0.266781 -0.181505 -0.562535 -0.448968 -0.133774 1.239836 0.527227 0.130846 -0.168562 -0.120785 -0.009601 0.700995 0.143000 -0.089586 0.087289 -0.500254 -0.603319 -0.528533 0.001881 0.007942 1.254748 0.500722 -0.042867 0.350864 0.349592 2.226592 -0.169435 -0.318259 -0.012585 -0.240656 1.199919 0.306723 1.925171 -0.190659 0.028650 -0.198019 -0.153284 -0.128169 -0.003743 -0.636637 1.864884 0.011904 -0.273908 0.175892 0.864525 -0.848308 0.394255 -0.067084 0.437912 -1.124795 0.728469 0.227347 0.154045 -0.455810 0.904790 -0.796330 -0.135449 -0.599563 -1.610428 -0.143038 0.296353 -0.635960 0.358906 -0.969545 0.136290 0.041101 -0.840606 0.055281 0.486849 -0.008214 0.239690 0.143113 0.253520 0.648277 0.572972 -0.001656 0.272774
13 -0.637101 -0.109165 1.684414 -0.993059 -0.243056 0.017172 0.176538 0.360567 0.424537 0.567575 0.642203 0.119448 0.321857 0.185681 -0.055549 -0.456078 -0.398325 1.682839 -0.112729 -0.943306 0.184874 1.629719 -0.096586 -0.255530 -0.108586 0.787728 -0.190732 -0.761701 1.435645 -0.326097 -0.149888 -1.159486 -0.518910 -0.142517 0.421493 1.175861 -1.593420 0.120250 -0.053761 0.246909 0.625051 1.270125 -0.047963 -0.086675 -0.248310 -0.553421 -0.345202 -0.592209 0.004052 -0.418071 -0.168212 1.024266 0.137380 -0.017274 -1.197324 -0.418778 0.264593 -0.013224 -0.763766 -1.968139 0.007749 -0.472691 -1.740088 -0.058617 0.629320 -0.378005 -1.775738 0.222717 0.349343 0.587865 1.188572 -0.101676 0.255861 -1.491915 0.273155 0.679535 0.097192 0.124286 0.686358 -0.159198 0.808432 0.325177 0.171794 -0.011855 -0.475374 -0.568200 -0.117645 -0.173237 0.450815 -0.313218 0.440110 -0.037499 -0.369385 -0.227505 -0.792450 0.271085 -0.190595 -0.569103 -0.445526 -0.137071 1.258100 0.536724 0.134007 -0.171604 -0.120190 -0.012557 0.701399 0.143739 -0.082727 0.092074 -0.511053 -0.607282 -0.539340 0.010111 0.012995 1.273304 0.508588 -0.039472 0.357477 0.346058 2.262904 -0.172655 -0.320474 -0.015674 -0.234108 1.214715 0.313510 1.958217 -0.193912 0.024981 -0.201299 -0.156986 -0.133926 0.000833 -0.637686 1.896229 0.020135 -0.281837 0.169245 0.877222 -0.863528 0.404199 -0.060692 0.446001 -1.140496 0.740507 0.229904 0.160374 -0.464856 0.908238 -0.810501 -0.140885 -0.603901 -1.636920 -0.146194 0.290284 -0.634369 0.363554 -0.982662 0.139465 0.035777 -0.856424 0.049995 0.494107 -0.013506 0.246228 0.144941 0.260304 0.660103 0.583766 -0.005262 0.279314
14 -0.634939 -0.108310 1.709266 -1.009814 -0.226627 0.004783 0.161961 0.371614 0.433931 0.580911 0.643532 0.134630 0.326440 0.193312 -0.071284 -0.474565 -0.383508 1.706964 -0.122704 -0.960024 0.192155 1.653431 -0.080230 -0.239306 -0.123225 0.792168 -0.173690 -0.775502 1.457806 -0.332489 -0.168651 -1.177306 -0.519250 -0.123384 0.433186 1.172603 -1.616988 0.136753 -0.069530 0.263594 0.642293 1.288589 -0.040736 -0.067876 -0.257280 -0.569640 -0.354926 -0.604456 -0.003133 -0.433503 -0.165663 1.041482 0.151365 -0.007114 -1.215862 -0.417176 0.266016 -0.024532 -0.781415 -1.994416 0.021709 -0.478922 -1.764981 -0.049346 0.643762 -0.387676 -1.800628 0.231907 0.359808 0.605545 1.206268 -0.108272 0.264622 -1.513424 0.287501 0.666332 0.093702 0.129712 0.683940 -0.166374 0.808922 0.342660 0.179795 -0.001997 -0.487114 -0.557711 -0.133614 -0.180987 0.436215 -0.323051 0.450692 -0.037737 -0.384979 -0.223114 -0.807026 0.280693 -0.209382 -0.571087 -0.430620 -0.142805 1.276732 0.542989 0.140034 -0.178795 -0.110739 -0.024464 0.687878 0.144621 -0.064804 0.101165 -0.529699 -0.606015 -0.555621 0.028473 0.025641 1.292195 0.522588 -0.032121 0.371871 0.330732 2.291886 -0.180306 -0.313783 -0.027328 -0.215712 1.218106 0.318635 1.985643 -0.202782 0.019281 -0.210818 -0.167840 -0.139906 0.007103 -0.626689 1.922526 0.039449 -0.299880 0.151309 0.893446 -0.884174 0.423103 -0.043479 0.460971 -1.157564 0.758615 0.235801 0.176096 -0.480967 0.900691 -0.829626 -0.151613 -0.603689 -1.660491 -0.154134 0.272197 -0.619326 0.372082 -0.998149 0.145012 0.019611 -0.873805 0.033509 0.505312 -0.029660 0.261929 0.148725 0.275669 0.670503 0.601436 -0.014474 0.294793
15 -0.629315 -0.110285 1.685407 -0.998237 -0.228045 0.006508 0.162100 0.367759 0.430849 0.575839 0.636284 0.132078 0.323937 0.191662 -0.069875 -0.468362 -0.382109 1.681944 -0.122688 -0.949339 0.190573 1.629665 -0.080986 -0.240311 -0.118863 0.781230 -0.176385 -0.762009 1.437465 -0.329871 -0.164243 -1.163603 -0.513052 -0.127244 0.425175 1.165388 -1.594362 0.134665 -0.068124 0.260093 0.633254 1.272926 -0.045223 -0.070494 -0.256036 -0.563785 -0.351873 -0.599325 0.001892 -0.429021 -0.164269 1.029711 0.149230 -0.009843 -1.201229 -0.412596 0.261093 -0.023645 -0.770751 -1.967436 0.020291 -0.468723 -1.740709 -0.052007 0.637329 -0.383821 -1.775325 0.229985 0.354898 0.597856 1.191623 -0.106095 0.262261 -1.493230 0.285322 0.663877 0.096629 0.130297 0.678170 -0.164159 0.799991 0.338399 0.178063 -0.003175 -0.483064 -0.555387 -0.131631 -0.179133 0.434579 -0.320516 0.447040 -0.037600 -0.381060 -0.223253 -0.793495 0.278953 -0.204618 -0.563720 -0.431193 -0.141063 1.261150 0.531727 0.138275 -0.177763 -0.109240 -0.023341 0.684589 0.143724 -0.067265 0.096812 -0.522705 -0.600504 -0.547332 0.024469 0.022237 1.276407 0.517707 -0.035057 0.367996 0.330937 2.260922 -0.178266 -0.310196 -0.026251 -0.217272 1.202340 0.310435 1.957139 -0.201000 0.023447 -0.208782 -0.165576 -0.133195 0.001704 -0.623721 1.895616 0.036373 -0.295884 0.153506 0.883576 -0.872744 0.417299 -0.045526 0.455560 -1.144228 0.750016 0.234811 0.173540 -0.475020 0.895294 -0.818882 -0.147160 -0.597786 -1.637570 -0.152665 0.273615 -0.617499 0.368866 -0.987181 0.143144 0.020600 -0.859810 0.034398 0.499772 -0.028672 0.259223 0.147823 0.272187 0.657621 0.594031 -0.012266 0.291794
16 -0.623401 -0.109600 1.690897 -1.005352 -0.212985 -0.004660 0.148095 0.375463 0.436821 0.584283 0.632290 0.144869 0.326466 0.197431 -0.083453 -0.481130 -0.366688 1.686041 -0.132612 -0.957035 0.196129 1.634295 -0.066229 -0.225190 -0.130369 0.777944 -0.161606 -0.765958 1.443389 -0.333728 -0.178776 -1.170224 -0.508999 -0.111644 0.431587 1.154731 -1.599710 0.148440 -0.081730 0.273231 0.642971 1.278603 -0.040055 -0.054753 -0.262928 -0.574880 -0.358611 -0.606890 -0.002876 -0.439972 -0.161254 1.037198 0.161287 -0.001501 -1.207840 -0.408074 0.259464 -0.034149 -0.779629 -1.971339 0.032974 -0.468872 -1.745711 -0.044169 0.646333 -0.390282 -1.779667 0.237249 0.361924 0.608764 1.197490 -0.110747 0.268927 -1.498388 0.297041 0.647889 0.094291 0.134835 0.671788 -0.169600 0.793853 0.351579 0.184778 0.005472 -0.491190 -0.541815 -0.145083 -0.185026 0.418993 -0.328092 0.454218 -0.037724 -0.392894 -0.217970 -0.798776 0.286209 -0.218964 -0.560564 -0.416260 -0.144829 1.267056 0.531378 0.142491 -0.183286 -0.098969 -0.034557 0.668069 0.143892 -0.051980 0.103521 -0.535120 -0.595576 -0.557096 0.039226 0.032787 1.282364 0.527039 -0.029096 0.378895 0.315729 2.263968 -0.184308 -0.300708 -0.037014 -0.201080 1.193951 0.311027 1.961313 -0.208400 0.019607 -0.216845 -0.174871 -0.135677 0.005520 -0.609520 1.899775 0.052033 -0.310078 0.137955 0.891407 -0.883678 0.430899 -0.030750 0.465858 -1.150413 0.760590 0.239139 0.186348 -0.485862 0.883094 -0.828933 -0.155140 -0.593795 -1.642614 -0.159097 0.257333 -0.600838 0.374597 -0.993704 0.146820 0.006273 -0.866818 0.019732 0.506466 -0.042938 0.271773 0.150524 0.284129 0.660068 0.605232 -0.020020 0.304061
17 -0.627280 -0.109408 1.680330 -0.996616 -0.225303 0.004316 0.159435 0.368272 0.430572 0.575787 0.634017 0.134024 0.323831 0.192003 -0.071662 -0.469002 -0.378815 1.676494 -0.124905 -0.947997 0.190962 1.624604 -0.078761 -0.237498 -0.120621 0.778660 -0.173900 -0.760285 1.433668 -0.329686 -0.165769 -1.161459 -0.511113 -0.125120 0.425584 1.159856 -1.589709 0.136301 -0.069904 0.261514 0.632948 1.270036 -0.043884 -0.068495 -0.256281 -0.564362 -0.352114 -0.599249 0.000715 -0.429641 -0.163845 1.028188 0.151236 -0.008347 -1.198857 -0.411117 0.260278 -0.025662 -0.769879 -1.960772 0.022643 -0.467982 -1.735254 -0.050329 0.637464 -0.384182 -1.769599 0.230741 0.355652 0.597904 1.189166 -0.106344 0.262950 -1.489101 0.286643 0.659090 0.095819 0.130250 0.675910 -0.164788 0.796868 0.339502 0.179187 -0.001754 -0.483556 -0.550801 -0.133327 -0.179599 0.431017 -0.321362 0.447307 -0.037562 -0.382201 -0.221299 -0.792598 0.279263 -0.206092 -0.561840 -0.427677 -0.140908 1.258335 0.530893 0.138364 -0.177953 -0.106886 -0.025729 0.679854 0.143572 -0.065067 0.098181 -0.523167 -0.598713 -0.547575 0.026379 0.024255 1.273507 0.517961 -0.033683 0.369155 0.327618 2.252727 -0.179066 -0.307211 -0.028352 -0.214914 1.197266 0.310249 1.950426 -0.202150 0.022360 -0.210201 -0.167271 -0.133674 0.002791 -0.619175 1.889176 0.038033 -0.297475 0.151149 0.882452 -0.871757 0.418296 -0.043448 0.456143 -1.142095 0.749596 0.234828 0.175025 -0.475450 0.890973 -0.818013 -0.148543 -0.596268 -1.632712 -0.153388 0.270961 -0.613277 0.369133 -0.985752 0.143106 0.018569 -0.858575 0.032334 0.499816 -0.030640 0.260507 0.147860 0.273466 0.656960 0.594146 -0.013711 0.293083
18 -0.634844 -0.108623 1.701519 -1.004674 -0.230579 0.008089 0.165486 0.368427 0.431202 0.577100 0.642604 0.130677 0.324921 0.191201 -0.067373 -0.469541 -0.386884 1.699384 -0.119906 -0.954966 0.190095 1.645994 -0.084169 -0.243182 -0.119265 0.790232 -0.177832 -0.771065 1.450882 -0.330528 -0.163891 -1.171700 -0.518688 -0.128016 0.429624 1.172722 -1.609598 0.132604 -0.065622 0.259283 0.637402 1.282720 -0.042787 -0.072379 -0.254838 -0.564992 -0.352133 -0.600810 -0.001033 -0.429334 -0.166088 1.036182 0.147659 -0.009754 -1.210039 -0.417138 0.265332 -0.021538 -0.776299 -1.986181 0.018120 -0.476574 -1.757221 -0.051817 0.639477 -0.384792 -1.792814 0.229357 0.356633 0.600645 1.200651 -0.106453 0.262087 -1.506634 0.283659 0.669285 0.094658 0.128289 0.683895 -0.164300 0.808086 0.338038 0.177508 -0.004472 -0.483678 -0.560128 -0.129589 -0.178834 0.439503 -0.320229 0.447587 -0.037637 -0.380715 -0.224244 -0.802346 0.278064 -0.204585 -0.570009 -0.434115 -0.141228 1.270845 0.540533 0.138351 -0.176830 -0.113116 -0.021229 0.690837 0.144218 -0.069174 0.098546 -0.524581 -0.605713 -0.550983 0.023893 0.022192 1.286237 0.518662 -0.034156 0.367852 0.334384 2.282809 -0.178089 -0.315340 -0.024192 -0.220003 1.216183 0.316714 1.977085 -0.200270 0.020968 -0.208047 -0.164760 -0.137946 0.005175 -0.629110 1.914327 0.034762 -0.295130 0.155616 0.888608 -0.878185 0.418071 -0.047685 0.456676 -1.152159 0.753366 0.234092 0.172058 -0.476405 0.901916 -0.824086 -0.148561 -0.603079 -1.653102 -0.151947 0.276433 -0.622663 0.369503 -0.993278 0.143454 0.023532 -0.868497 0.037488 0.501952 -0.025704 0.257817 0.147627 0.271572 0.666851 0.596425 -0.012054 0.290659
19 -0.638758 -0.108583 1.672407 -0.985190 -0.251198 0.022721 0.183816 0.355389 0.419672 0.561037 0.641940 0.112150 0.319934 0.181798 -0.047390 -0.446864 -0.405861 1.671366 -0.108411 -0.935383 0.181263 1.618429 -0.105120 -0.263638 -0.101974 0.786384 -0.199116 -0.756032 1.425277 -0.323029 -0.140384 -1.151240 -0.519133 -0.152156 0.416978 1.176400 -1.582199 0.111701 -0.045561 0.238497 0.616858 1.261523 -0.050244 -0.096522 -0.243461 -0.545623 -0.340425 -0.586314 0.006239 -0.410378 -0.169911 1.016236 0.130814 -0.021762 -1.188712 -0.420113 0.264530 -0.007970 -0.755406 -1.955051 0.001139 -0.471345 -1.727937 -0.062404 0.622567 -0.373606 -1.763694 0.218233 0.345028 0.579276 1.180455 -0.098475 0.251780 -1.481731 0.265963 0.685428 0.098064 0.120969 0.688075 -0.155957 0.808551 0.316335 0.168269 -0.016591 -0.469855 -0.572402 -0.109438 -0.169421 0.458154 -0.308641 0.435050 -0.037378 -0.361770 -0.228839 -0.786846 0.266023 -0.181155 -0.568722 -0.452502 -0.134035 1.249399 0.535596 0.130978 -0.167761 -0.124691 -0.007319 0.707772 0.143569 -0.091856 0.088737 -0.501850 -0.608533 -0.531916 0.000915 0.007577 1.264443 0.501731 -0.042284 0.350677 0.353472 2.248141 -0.169216 -0.323420 -0.010385 -0.243812 1.213546 0.312641 1.944731 -0.189887 0.026546 -0.197204 -0.152289 -0.132511 -0.000712 -0.642489 1.883236 0.009888 -0.272871 0.178388 0.869486 -0.853375 0.394752 -0.069530 0.438859 -1.132638 0.731593 0.226823 0.152411 -0.457015 0.911761 -0.801251 -0.136594 -0.604821 -1.625656 -0.142331 0.299618 -0.641678 0.359639 -0.975608 0.136654 0.044239 -0.848917 0.058678 0.489017 -0.005020 0.238230 0.143029 0.252760 0.657084 0.575106 -0.001212 0.271589
20 -0.647445 -0.109336 1.657416 -0.970524 -0.275981 0.041093 0.206735 0.341756 0.408579 0.545489 0.646855 0.090638 0.315110 0.171662 -0.024481 -0.424304 -0.430643 1.658549 -0.092441 -0.919938 0.171559 1.605009 -0.129724 -0.288515 -0.082482 0.789524 -0.223825 -0.746726 1.410691 -0.315787 -0.115333 -1.136967 -0.524451 -0.178657 0.405145 1.190848 -1.567875 0.088343 -0.022582 0.215875 0.598624 1.248300 -0.058890 -0.123208 -0.231293 -0.526078 -0.328366 -0.572367 0.014369 -0.390904 -0.174900 1.000992 0.110651 -0.035776 -1.174231 -0.426729 0.266425 0.009249 -0.738181 -1.941604 -0.019773 -0.469632 -1.713545 -0.075362 0.606232 -0.362040 -1.750254 0.205739 0.332694 0.559289 1.167238 -0.090175 0.240232 -1.468262 0.245907 0.710032 0.101861 0.112892 0.697426 -0.146592 0.816571 0.293498 0.157022 -0.031069 -0.455442 -0.592937 -0.086625 -0.159143 0.483045 -0.295575 0.422158 -0.037129 -0.341285 -0.236780 -0.775694 0.253203 -0.156316 -0.572400 -0.476432 -0.127036 1.235793 0.534642 0.123378 -0.157998 -0.141097 0.010930 0.733350 0.143051 -0.117605 0.077350 -0.479719 -0.615642 -0.514070 -0.024244 -0.009952 1.250707 0.484839 -0.052109 0.331797 0.378062 2.234921 -0.158932 -0.337858 0.007252 -0.270956 1.223712 0.310698 1.930664 -0.177452 0.032990 -0.183799 -0.136932 -0.127811 -0.007231 -0.664184 1.869514 -0.016873 -0.248559 0.204480 0.854017 -0.832633 0.370887 -0.094432 0.420728 -1.119156 0.712068 0.219035 0.130519 -0.437759 0.929975 -0.782069 -0.122974 -0.610425 -1.611727 -0.131308 0.326695 -0.668012 0.349348 -0.962149 0.129911 0.068292 -0.834485 0.083186 0.476682 0.018915 0.216634 0.138132 0.232203 0.651125 0.554932 0.011716 0.250485
21 -0.638408 -0.109994 1.662129 -0.978642 -0.256408 0.027127 0.188241 0.351437 0.416766 0.556478 0.640456 0.107103 0.318050 0.179427 -0.042796 -0.440736 -0.410079 1.661067 -0.105009 -0.928998 0.178946 1.608402 -0.109809 -0.268729 -0.096494 0.783135 -0.204804 -0.749432 1.415983 -0.320802 -0.134338 -1.144067 -0.518031 -0.158398 0.411431 1.177781 -1.572348 0.106843 -0.040960 0.233159 0.610386 1.253980 -0.054144 -0.102151 -0.241029 -0.540042 -0.337177 -0.581994 0.010258 -0.405298 -0.170194 1.009501 0.126064 -0.025669 -1.181225 -0.419665 0.262972 -0.004198 -0.748625 -1.944404 -0.003502 -0.466770 -1.717753 -0.066242 0.617286 -0.369981 -1.753323 0.215226 0.340644 0.572997 1.173144 -0.096166 0.248699 -1.472784 0.261521 0.689845 0.100259 0.120023 0.687855 -0.153305 0.807190 0.310811 0.165324 -0.019849 -0.465704 -0.576309 -0.104636 -0.166882 0.462404 -0.305197 0.431373 -0.037297 -0.356607 -0.230947 -0.779541 0.263244 -0.174974 -0.566819 -0.457572 -0.132277 1.241807 0.530706 0.129013 -0.165772 -0.127477 -0.003087 0.711937 0.143047 -0.097436 0.084446 -0.495505 -0.607886 -0.525563 -0.005134 0.002641 1.256789 0.496954 -0.045614 0.345683 0.358416 2.236564 -0.166426 -0.325332 -0.006403 -0.249180 1.210441 0.308672 1.933372 -0.186750 0.029891 -0.193668 -0.148282 -0.128534 -0.004648 -0.646234 1.872488 0.004230 -0.267032 0.183962 0.863369 -0.845990 0.388457 -0.074776 0.433646 -1.125707 0.725305 0.225158 0.147542 -0.451502 0.913866 -0.794235 -0.131948 -0.603640 -1.615829 -0.139736 0.305070 -0.646330 0.356508 -0.969368 0.134829 0.048894 -0.841185 0.063307 0.484693 -0.000434 0.233405 0.141840 0.247729 0.650634 0.569014 0.002288 0.266676
22 -0.637829 -0.108728 1.670339 -0.984403 -0.250608 0.022333 0.183159 0.355413 0.419698 0.560957 0.640997 0.112494 0.319843 0.181978 -0.047889 -0.446827 -0.404993 1.669128 -0.108862 -0.934705 0.181438 1.616338 -0.104501 -0.263005 -0.102124 0.785142 -0.198645 -0.754999 1.423572 -0.323011 -0.140630 -1.150209 -0.518293 -0.151790 0.416564 1.175085 -1.580245 0.112122 -0.046064 0.238766 0.616444 1.260262 -0.050358 -0.096038 -0.243719 -0.545562 -0.340492 -0.586179 0.006411 -0.410452 -0.169565 1.015430 0.131167 -0.021586 -1.187588 -0.419402 0.263976 -0.008398 -0.754794 -1.952584 0.001598 -0.470444 -1.725801 -0.062229 0.622368 -0.373574 -1.761424 0.218429 0.344922 0.579022 1.179310 -0.098578 0.251908 -1.480007 0.266303 0.684398 0.098207 0.121317 0.687106 -0.156063 0.807308 0.316507 0.168446 -0.016262 -0.469844 -0.571497 -0.109874 -0.169586 0.457259 -0.308771 0.435065 -0.037380 -0.361931 -0.228537 -0.785846 0.266248 -0.181359 -0.567829 -0.451813 -0.134141 1.248161 0.534552 0.131096 -0.167996 -0.124053 -0.007761 0.706636 0.143512 -0.091373 0.088695 -0.501722 -0.607674 -0.531577 0.001232 0.007786 1.263183 0.501706 -0.042240 0.350814 0.352748 2.245212 -0.169357 -0.322610 -0.010808 -0.243198 1.211511 0.311954 1.942137 -0.190078 0.026698 -0.197408 -0.152529 -0.132064 -0.000956 -0.641481 1.880795 0.010310 -0.273139 0.177859 0.868891 -0.852750 0.394818 -0.069027 0.438834 -1.131634 0.731236 0.227000 0.152764 -0.456959 0.910577 -0.800660 -0.136596 -0.603983 -1.623652 -0.142552 0.298975 -0.640676 0.359642 -0.974858 0.136736 0.043656 -0.847924 0.058089 0.488822 -0.005584 0.238554 0.143120 0.252969 0.656044 0.574904 -0.001398 0.271879
23 -0.621662 -0.109125 1.699154 -1.011336 -0.205430 -0.010146 0.141358 0.379896 0.440419 0.589499 0.631987 0.151506 0.328094 0.200549 -0.090412 -0.488703 -0.359588 1.693869 -0.137003 -0.963113 0.199079 1.642071 -0.058828 -0.217663 -0.136664 0.778723 -0.153839 -0.770673 1.450871 -0.336096 -0.186912 -1.176406 -0.508437 -0.103072 0.436127 1.151731 -1.607528 0.155649 -0.088716 0.280429 0.649704 1.284817 -0.036925 -0.046325 -0.266584 -0.581360 -0.362477 -0.611603 -0.005920 -0.446333 -0.159969 1.043367 0.167403 0.002982 -1.214254 -0.406815 0.259675 -0.039176 -0.786321 -1.979737 0.039231 -0.470799 -1.753885 -0.040065 0.651931 -0.394083 -1.787730 0.241078 0.366071 0.615811 1.203518 -0.113439 0.272501 -1.505507 0.303141 0.641118 0.092725 0.137013 0.669881 -0.172536 0.792948 0.358935 0.188163 0.009861 -0.495859 -0.536308 -0.152094 -0.188211 0.411889 -0.332136 0.458383 -0.037796 -0.399399 -0.215764 -0.803977 0.290131 -0.227086 -0.560624 -0.409117 -0.147087 1.273380 0.533234 0.144898 -0.186199 -0.094556 -0.039850 0.661113 0.144066 -0.043932 0.107371 -0.542690 -0.594269 -0.563547 0.047348 0.038302 1.288766 0.532643 -0.025853 0.384870 0.308473 2.273057 -0.187460 -0.297231 -0.042157 -0.192662 1.193610 0.312709 1.970168 -0.212146 0.017183 -0.220839 -0.179488 -0.137964 0.008117 -0.603707 1.908251 0.060558 -0.317797 0.129822 0.897387 -0.891527 0.438825 -0.023038 0.471847 -1.156290 0.767566 0.241420 0.193150 -0.492313 0.878572 -0.836208 -0.159656 -0.592953 -1.650379 -0.162427 0.248999 -0.593348 0.377911 -0.999168 0.149008 -0.000997 -0.873161 0.012326 0.510779 -0.050162 0.278481 0.152006 0.290632 0.663575 0.612223 -0.024080 0.310623
24 -0.621716 -0.108829 1.708620 -1.017123 -0.200962 -0.013475 0.137516 0.383222 0.443311 0.593662 0.633207 0.155779 0.329555 0.202761 -0.094787 -0.494334 -0.355874 1.703235 -0.139473 -0.968798 0.201165 1.651182 -0.054368 -0.213268 -0.140924 0.781141 -0.149020 -0.775763 1.459116 -0.338081 -0.192454 -1.182701 -0.509269 -0.097510 0.440004 1.152013 -1.616461 0.160306 -0.093108 0.285306 0.655340 1.291520 -0.034692 -0.040949 -0.269153 -0.586265 -0.365401 -0.615451 -0.008204 -0.451000 -0.159409 1.049285 0.171289 0.005903 -1.220856 -0.406898 0.260574 -0.042163 -0.792254 -1.990021 0.043013 -0.473433 -1.763424 -0.037451 0.656446 -0.397038 -1.797367 0.243705 0.369267 0.621429 1.209880 -0.115416 0.275041 -1.513592 0.307200 0.638132 0.091599 0.138451 0.669898 -0.174617 0.794166 0.364088 0.190392 0.012571 -0.499404 -0.534066 -0.156599 -0.190457 0.408267 -0.334985 0.461594 -0.037873 -0.403972 -0.214781 -0.809244 0.292918 -0.232684 -0.561991 -0.405240 -0.148835 1.280129 0.535963 0.146691 -0.188244 -0.092329 -0.042962 0.658077 0.144362 -0.038859 0.110112 -0.548449 -0.594536 -0.568775 0.052714 0.041868 1.295608 0.536956 -0.023713 0.389089 0.304472 2.284607 -0.189635 -0.296023 -0.045223 -0.187520 1.196420 0.314810 1.980915 -0.214621 0.015386 -0.223451 -0.182451 -0.140114 0.010167 -0.601333 1.918505 0.066143 -0.323041 0.124780 0.902857 -0.898328 0.444552 -0.018195 0.476359 -1.162340 0.773348 0.243105 0.197641 -0.497220 0.877326 -0.842532 -0.162860 -0.593510 -1.659353 -0.164667 0.244005 -0.589685 0.380498 -1.004511 0.150695 -0.005456 -0.879310 0.007811 0.514342 -0.054615 0.282993 0.153120 0.295102 0.667571 0.617731 -0.026681 0.315076
25 -0.636197 -0.110221 1.670189 -0.984840 -0.248673 0.021519 0.181146 0.356117 0.420948 0.562235 0.639751 0.114065 0.319806 0.182900 -0.050379 -0.448757 -0.402582 1.668569 -0.109762 -0.935352 0.182239 1.615909 -0.101818 -0.261020 -0.102701 0.783193 -0.197009 -0.753601 1.423261 -0.323504 -0.142811 -1.150370 -0.517016 -0.149663 0.415446 1.175356 -1.579961 0.114689 -0.048560 0.240769 0.617268 1.260285 -0.051745 -0.093272 -0.245337 -0.546887 -0.341418 -0.587099 0.007992 -0.412199 -0.168558 1.015857 0.132473 -0.021292 -1.187716 -0.417935 0.262643 -0.009469 -0.755419 -1.952786 0.002994 -0.467571 -1.725829 -0.062367 0.623156 -0.373964 -1.761200 0.219359 0.344689 0.580408 1.179217 -0.098997 0.252505 -1.479817 0.268227 0.683298 0.099305 0.123023 0.685521 -0.156324 0.805791 0.318706 0.168801 -0.015205 -0.470701 -0.571204 -0.112201 -0.170341 0.455016 -0.309492 0.435906 -0.037365 -0.363564 -0.229106 -0.783929 0.267748 -0.183384 -0.566352 -0.450604 -0.134858 1.248209 0.531270 0.131684 -0.169217 -0.122614 -0.008523 0.704992 0.143331 -0.089040 0.087839 -0.503440 -0.606127 -0.532007 0.003142 0.007983 1.263297 0.503048 -0.042815 0.352013 0.351102 2.245693 -0.169698 -0.321510 -0.011797 -0.240322 1.209249 0.309286 1.941981 -0.190672 0.028162 -0.197797 -0.153008 -0.129870 -0.002950 -0.640677 1.880863 0.013322 -0.275166 0.175513 0.869637 -0.854085 0.396715 -0.066628 0.439945 -1.131707 0.732660 0.227971 0.154888 -0.458311 0.909362 -0.801738 -0.136173 -0.602275 -1.623424 -0.143336 0.296408 -0.638821 0.360065 -0.974993 0.137245 0.041024 -0.847033 0.055252 0.489131 -0.008292 0.240720 0.143564 0.254685 0.652912 0.576348 -0.001720 0.273779
26 -0.629036 -0.109794 1.663074 -0.985208 -0.236833 0.012721 0.169648 0.360827 0.424156 0.566635 0.633246 0.123488 0.320910 0.186828 -0.060591 -0.456146 -0.389280 1.659745 -0.118248 -0.936590 0.186067 1.608165 -0.090333 -0.248913 -0.110630 0.775841 -0.185886 -0.751113 1.418425 -0.325427 -0.152579 -1.149415 -0.510996 -0.138719 0.417852 1.162040 -1.573403 0.124694 -0.058807 0.249854 0.621028 1.257487 -0.048618 -0.081886 -0.250103 -0.553352 -0.345533 -0.590954 0.005375 -0.418903 -0.165747 1.016521 0.141609 -0.015333 -1.186310 -0.412414 0.259419 -0.017970 -0.757694 -1.942398 0.013008 -0.464176 -1.717939 -0.056612 0.627729 -0.377723 -1.752287 0.224525 0.348760 0.585596 1.177185 -0.101891 0.257095 -1.474290 0.276737 0.668177 0.098129 0.126455 0.677838 -0.160038 0.796665 0.327307 0.173885 -0.008642 -0.475635 -0.557869 -0.122129 -0.174367 0.441351 -0.314771 0.440183 -0.037462 -0.371470 -0.224110 -0.782948 0.272670 -0.192898 -0.560659 -0.438046 -0.136993 1.245667 0.527123 0.134297 -0.173037 -0.113374 -0.017739 0.689260 0.143078 -0.077730 0.092182 -0.510243 -0.599862 -0.536404 0.013458 0.015721 1.260634 0.508324 -0.038549 0.359336 0.338311 2.232329 -0.174010 -0.311769 -0.020465 -0.228050 1.195022 0.307185 1.931249 -0.196216 0.026037 -0.203921 -0.160049 -0.129915 -0.001157 -0.626722 1.870792 0.024285 -0.284971 0.163863 0.871336 -0.857593 0.405146 -0.055610 0.446019 -1.130570 0.737218 0.230865 0.164035 -0.464465 0.896378 -0.804865 -0.141376 -0.596743 -1.616392 -0.148040 0.283828 -0.623834 0.363469 -0.975338 0.139364 0.029997 -0.846784 0.043993 0.492293 -0.019256 0.249565 0.145342 0.262808 0.650403 0.582029 -0.007403 0.282381
27 -0.632968 -0.110092 1.668741 -0.985770 -0.242621 0.017253 0.175430 0.358568 0.422704 0.564659 0.637072 0.118828 0.320318 0.184902 -0.055624 -0.452934 -0.396022 1.666346 -0.113601 -0.936651 0.184141 1.614094 -0.095932 -0.254842 -0.106808 0.780305 -0.191182 -0.753180 1.422478 -0.324500 -0.148134 -1.150789 -0.514508 -0.143714 0.416878 1.169649 -1.578606 0.119897 -0.053833 0.245591 0.619762 1.260002 -0.050178 -0.087156 -0.247779 -0.550401 -0.343569 -0.589242 0.006668 -0.415822 -0.167175 1.016925 0.136980 -0.018283 -1.188019 -0.415454 0.261327 -0.013559 -0.757303 -1.950131 0.007926 -0.466249 -1.724067 -0.059556 0.625713 -0.375900 -1.759005 0.221945 0.346749 0.583529 1.179181 -0.100528 0.254769 -1.478699 0.272533 0.676163 0.098649 0.124694 0.682056 -0.158156 0.802012 0.323338 0.171216 -0.011939 -0.473254 -0.565087 -0.117335 -0.172379 0.448297 -0.312094 0.438122 -0.037407 -0.367676 -0.226907 -0.784082 0.270285 -0.188583 -0.564026 -0.444360 -0.136032 1.248056 0.529617 0.133043 -0.171144 -0.118325 -0.012875 0.697535 0.143095 -0.083090 0.089962 -0.507373 -0.603307 -0.534654 0.008713 0.011831 1.263114 0.505917 -0.040689 0.355750 0.344745 2.242083 -0.171782 -0.317211 -0.015939 -0.233816 1.203622 0.308450 1.939291 -0.193341 0.027118 -0.200668 -0.156359 -0.130023 -0.002068 -0.634179 1.878343 0.019294 -0.280325 0.169388 0.871116 -0.856766 0.401403 -0.060865 0.443223 -1.131987 0.735559 0.229362 0.159630 -0.461743 0.903388 -0.804108 -0.138757 -0.599778 -1.621871 -0.145656 0.289828 -0.631503 0.361775 -0.975767 0.138387 0.035356 -0.847782 0.049450 0.490918 -0.013924 0.245320 0.144432 0.258905 0.652104 0.579709 -0.004540 0.278216
28 -0.635125 -0.109700 1.674700 -0.988141 -0.243919 0.018076 0.176941 0.358737 0.422898 0.565137 0.639469 0.118110 0.320699 0.184702 -0.054536 -0.453220 -0.398106 1.672760 -0.112478 -0.938718 0.183939 1.620106 -0.097328 -0.256249 -0.106661 0.783592 -0.192094 -0.756313 1.427380 -0.324778 -0.147739 -1.153761 -0.516625 -0.144367 0.418269 1.172886 -1.584226 0.118975 -0.052743 0.245109 0.621158 1.263640 -0.049623 -0.088146 -0.247373 -0.550729 -0.343644 -0.589800 0.005928 -0.415865 -0.167866 1.019283 0.136222 -0.018490 -1.191240 -0.417173 0.262808 -0.012605 -0.759237 -1.957151 0.006895 -0.468882 -1.730196 -0.059750 0.626434 -0.376205 -1.765489 0.221646 0.347237 0.584451 1.182506 -0.100577 0.254644 -1.483667 0.271842 0.678686 0.098172 0.124071 0.684310 -0.158112 0.805106 0.323062 0.170906 -0.012562 -0.473444 -0.567319 -0.116413 -0.172212 0.450462 -0.311924 0.438310 -0.037420 -0.367432 -0.227532 -0.787091 0.269968 -0.188311 -0.566345 -0.445917 -0.136084 1.251638 0.532572 0.133038 -0.170819 -0.119877 -0.011877 0.700317 0.143321 -0.084093 0.090328 -0.507906 -0.605321 -0.535817 0.008175 0.011511 1.266759 0.506238 -0.040625 0.355582 0.346409 2.250320 -0.171624 -0.319251 -0.014994 -0.235148 1.208815 0.310493 1.946689 -0.192977 0.026498 -0.200273 -0.155885 -0.131459 -0.001138 -0.636632 1.885305 0.018441 -0.279828 0.170489 0.872960 -0.858629 0.401476 -0.061917 0.443506 -1.134916 0.736699 0.229159 0.158930 -0.462123 0.906231 -0.805907 -0.139021 -0.601783 -1.627613 -0.145323 0.291225 -0.633888 0.361991 -0.978010 0.138471 0.036635 -0.850769 0.050798 0.491656 -0.012644 0.244692 0.144375 0.258544 0.655188 0.580455 -0.004257 0.277683
29 -0.634313 -0.109479 1.661182 -0.980897 -0.248186 0.020820 0.180392 0.355327 0.419591 0.560464 0.637086 0.113981 0.319298 0.182446 -0.050040 -0.446813 -0.401248 1.659203 -0.110955 -0.931700 0.181907 1.607058 -0.101838 -0.260437 -0.102539 0.779743 -0.196941 -0.749914 1.416058 -0.322668 -0.141631 -1.145733 -0.514801 -0.150431 0.414328 1.169963 -1.571615 0.114064 -0.048212 0.239885 0.614465 1.254749 -0.051354 -0.094038 -0.244606 -0.545443 -0.340556 -0.585518 0.007737 -0.410689 -0.168413 1.011955 0.132686 -0.021152 -1.182706 -0.416539 0.261479 -0.010181 -0.751973 -1.941810 0.003568 -0.465965 -1.716394 -0.061859 0.621498 -0.373225 -1.751456 0.219106 0.344238 0.577883 1.174255 -0.098536 0.252259 -1.472401 0.267752 0.680083 0.099062 0.122500 0.683443 -0.156232 0.802260 0.317409 0.169098 -0.015081 -0.469787 -0.567746 -0.111744 -0.169991 0.453411 -0.309249 0.434964 -0.037366 -0.362680 -0.227528 -0.780997 0.266987 -0.182140 -0.564012 -0.449070 -0.134107 1.242709 0.529525 0.131168 -0.168683 -0.121303 -0.009585 0.701887 0.143170 -0.089402 0.088086 -0.501291 -0.604400 -0.529946 0.002406 0.008427 1.257668 0.501461 -0.042336 0.351352 0.349803 2.232584 -0.169741 -0.319145 -0.012557 -0.240662 1.203046 0.308434 1.930733 -0.190855 0.027817 -0.198237 -0.153522 -0.129549 -0.002624 -0.637380 1.870098 0.012150 -0.274334 0.175744 0.866261 -0.850197 0.395069 -0.066972 0.438705 -1.127211 0.729827 0.227471 0.154248 -0.456692 0.905937 -0.798138 -0.136219 -0.600724 -1.614854 -0.143238 0.296368 -0.636567 0.359426 -0.971503 0.136646 0.041204 -0.843250 0.055450 0.487788 -0.008078 0.239927 0.143271 0.253903 0.650869 0.574109 -0.001974 0.273079
30 -0.630824 -0.108808 1.683620 -0.996484 -0.230633 0.008048 0.164737 0.366207 0.428796 0.573603 0.637213 0.129735 0.323465 0.190111 -0.066658 -0.465399 -0.384997 1.680659 -0.121138 -0.947421 0.189144 1.628262 -0.084340 -0.242960 -0.117418 0.782599 -0.178767 -0.762181 1.436072 -0.328739 -0.161183 -1.161999 -0.514130 -0.130113 0.425362 1.164930 -1.592802 0.131354 -0.064895 0.257226 0.631330 1.271378 -0.044299 -0.073984 -0.253718 -0.561358 -0.350158 -0.597408 0.000830 -0.426365 -0.165381 1.027953 0.147153 -0.010676 -1.199616 -0.413977 0.262232 -0.021905 -0.768945 -1.965224 0.018191 -0.470851 -1.738771 -0.052408 0.635441 -0.382610 -1.773641 0.228370 0.354265 0.595438 1.190250 -0.105115 0.260939 -1.491696 0.282517 0.665377 0.095668 0.128101 0.679637 -0.163284 0.801220 0.335286 0.177097 -0.004723 -0.481314 -0.556060 -0.128525 -0.177754 0.437268 -0.319043 0.445328 -0.037551 -0.378480 -0.222941 -0.794143 0.276719 -0.201688 -0.564848 -0.432941 -0.139815 1.259576 0.534247 0.137141 -0.175939 -0.111169 -0.021830 0.686648 0.143735 -0.070350 0.097022 -0.519920 -0.601883 -0.545868 0.021717 0.021265 1.274764 0.515418 -0.034956 0.365846 0.333215 2.258287 -0.177282 -0.311584 -0.024554 -0.220798 1.204075 0.312493 1.955228 -0.199764 0.022386 -0.207664 -0.164350 -0.134843 0.003189 -0.624901 1.893577 0.032593 -0.292887 0.156566 0.881646 -0.870040 0.414351 -0.048672 0.453387 -1.142731 0.747347 0.233265 0.170613 -0.472574 0.896551 -0.816550 -0.146841 -0.599240 -1.635982 -0.151263 0.276840 -0.619820 0.367660 -0.985742 0.142116 0.023936 -0.859387 0.037887 0.498554 -0.025257 0.256178 0.146997 0.269624 0.659649 0.591436 -0.011444 0.288967
31 -0.623684 -0.110480 1.663918 -0.988928 -0.226088 0.005178 0.159401 0.365866 0.428494 0.572393 0.629190 0.132471 0.322292 0.190954 -0.070769 -0.464996 -0.377722 1.659364 -0.125235 -0.940916 0.190000 1.608334 -0.079234 -0.238090 -0.117957 0.771426 -0.175696 -0.751463 1.419920 -0.327981 -0.162869 -1.152486 -0.506982 -0.127795 0.420504 1.154706 -1.574239 0.134993 -0.068995 0.259218 0.626912 1.259588 -0.046605 -0.070305 -0.255436 -0.560806 -0.350161 -0.595911 0.003797 -0.426633 -0.163057 1.020514 0.149996 -0.010060 -1.189261 -0.408150 0.257059 -0.025325 -0.762748 -1.942146 0.021909 -0.461467 -1.718580 -0.051921 0.633425 -0.381765 -1.752230 0.229599 0.352684 0.592750 1.179459 -0.104919 0.261541 -1.475351 0.285281 0.656975 0.097606 0.130514 0.672204 -0.163494 0.790899 0.336777 0.178273 -0.002553 -0.481030 -0.548757 -0.132055 -0.178450 0.429803 -0.319866 0.444988 -0.037517 -0.379768 -0.221069 -0.783791 0.278111 -0.202919 -0.556982 -0.427773 -0.139683 1.247957 0.523750 0.137202 -0.177260 -0.105711 -0.025349 0.677307 0.143020 -0.066702 0.095544 -0.518650 -0.595207 -0.542159 0.023705 0.022298 1.262958 0.514710 -0.035380 0.366757 0.327551 2.231273 -0.177927 -0.304626 -0.027930 -0.216018 1.186640 0.305087 1.930749 -0.201192 0.024886 -0.209196 -0.166148 -0.129481 -0.000479 -0.616848 1.870634 0.035957 -0.295041 0.152651 0.875882 -0.864412 0.414539 -0.044830 0.452860 -1.133314 0.744135 0.234182 0.173382 -0.471748 0.887313 -0.811000 -0.145821 -0.592549 -1.617044 -0.152525 0.271932 -0.611817 0.367124 -0.978583 0.141858 0.019231 -0.849327 0.032838 0.496267 -0.030061 0.258740 0.147269 0.271263 0.648750 0.589462 -0.012376 0.291178
32 -0.628628 -0.109742 1.695573 -1.004635 -0.221795 0.001986 0.156714 0.371757 0.434137 0.580691 0.637030 0.137691 0.325502 0.194352 -0.075673 -0.475311 -0.376599 1.691972 -0.126052 -0.955685 0.193102 1.639441 -0.074904 -0.234158 -0.124408 0.783329 -0.169801 -0.767609 1.446428 -0.332072 -0.171401 -1.170445 -0.513444 -0.119766 0.429744 1.164202 -1.603970 0.140774 -0.073943 0.266334 0.639903 1.280133 -0.042244 -0.063286 -0.259130 -0.569721 -0.355332 -0.603720 -0.001073 -0.434731 -0.163366 1.036259 0.154323 -0.005940 -1.208403 -0.412162 0.261889 -0.027691 -0.777606 -1.978294 0.025413 -0.471474 -1.750912 -0.048458 0.642610 -0.387285 -1.785605 0.233248 0.358736 0.604590 1.198500 -0.108523 0.265343 -1.501899 0.290460 0.658943 0.095035 0.132004 0.677381 -0.166725 0.800520 0.344902 0.180887 0.000495 -0.487261 -0.551524 -0.137531 -0.181894 0.429120 -0.323993 0.450792 -0.037662 -0.386749 -0.221610 -0.799360 0.282320 -0.211798 -0.564747 -0.425452 -0.143118 1.268423 0.534544 0.140425 -0.180235 -0.105988 -0.027577 0.679600 0.143950 -0.060443 0.100322 -0.529758 -0.600141 -0.553596 0.031544 0.026990 1.283794 0.522838 -0.032182 0.373214 0.325169 2.273019 -0.180966 -0.308022 -0.030409 -0.210212 1.204363 0.312710 1.968579 -0.204133 0.021078 -0.212105 -0.169448 -0.135771 0.004342 -0.619664 1.906525 0.043742 -0.302580 0.146636 0.889739 -0.880656 0.424437 -0.039026 0.461038 -1.150772 0.756791 0.236749 0.179345 -0.480976 0.892484 -0.826235 -0.151233 -0.597819 -1.647210 -0.155473 0.266676 -0.611811 0.371852 -0.993020 0.145139 0.014602 -0.866769 0.028273 0.503898 -0.034625 0.264961 0.149103 0.277846 0.661946 0.600650 -0.015754 0.297428
33 -0.649955 -0.110093 1.636528 -0.956416 -0.290979 0.052116 0.220048 0.332164 0.400494 0.533972 0.646237 0.077092 0.311303 0.164940 -0.010318 -0.408102 -0.444343 1.638465 -0.083672 -0.905798 0.165197 1.585210 -0.144585 -0.303421 -0.069488 0.786316 -0.239424 -0.735322 1.392152 -0.310377 -0.098510 -1.122147 -0.524601 -0.196051 0.395129 1.194731 -1.548143 0.073562 -0.008359 0.200944 0.583714 1.232980 -0.065252 -0.140301 -0.223399 -0.512030 -0.319914 -0.561840 0.020655 -0.377358 -0.177344 0.986548 0.098193 -0.044871 -1.158813 -0.428558 0.265446 0.019362 -0.723033 -1.919735 -0.032337 -0.464654 -1.692730 -0.083620 0.593838 -0.353706 -1.729511 0.197629 0.323718 0.543929 1.152542 -0.084367 0.232586 -1.450318 0.233189 0.722482 0.104952 0.108147 0.700196 -0.140322 0.816854 0.278034 0.149978 -0.039934 -0.445286 -0.602887 -0.072263 -0.152321 0.496650 -0.286968 0.413011 -0.036918 -0.327578 -0.240811 -0.763447 0.244744 -0.139467 -0.571158 -0.490222 -0.122018 1.220308 0.529732 0.118110 -0.151691 -0.149651 0.021521 0.746158 0.142485 -0.133883 0.069387 -0.463416 -0.617326 -0.499977 -0.040875 -0.021173 1.234993 0.472658 -0.058684 0.319195 0.392201 2.210863 -0.152247 -0.344090 0.017593 -0.287812 1.221815 0.306558 1.907742 -0.169648 0.037942 -0.175507 -0.127435 -0.122772 -0.012644 -0.674715 1.847600 -0.034324 -0.232541 0.220839 0.840221 -0.814946 0.354139 -0.110054 0.407763 -1.104970 0.696515 0.213969 0.116491 -0.423774 0.937567 -0.765691 -0.113578 -0.611173 -1.592031 -0.124281 0.343291 -0.682138 0.342025 -0.949217 0.125067 0.082971 -0.819735 0.098107 0.467080 0.033528 0.202661 0.134842 0.218635 0.642604 0.539631 0.019939 0.236763
34 -0.639893 -0.109947 1.666874 -0.980783 -0.257308 0.027581 0.189216 0.351836 0.417316 0.557237 0.642188 0.106771 0.318536 0.179553 -0.042264 -0.441241 -0.411531 1.666106 -0.104427 -0.930918 0.179076 1.613158 -0.110622 -0.269715 -0.096479 0.785484 -0.205453 -0.751899 1.419914 -0.321313 -0.134223 -1.146660 -0.519503 -0.158831 0.412508 1.180506 -1.576833 0.106436 -0.040421 0.233032 0.611681 1.257075 -0.053878 -0.102734 -0.241115 -0.540610 -0.337548 -0.582768 0.009847 -0.405672 -0.170558 1.011624 0.125708 -0.025773 -1.183991 -0.420820 0.263943 -0.003675 -0.750331 -1.950022 -0.004114 -0.468565 -1.722663 -0.066360 0.618149 -0.370470 -1.758468 0.215252 0.341179 0.573985 1.175982 -0.096399 0.248855 -1.476821 0.261358 0.691860 0.100103 0.119998 0.689431 -0.153453 0.809397 0.310898 0.165257 -0.020148 -0.466149 -0.578138 -0.104213 -0.167002 0.463977 -0.305317 0.431846 -0.037323 -0.356734 -0.231484 -0.781807 0.263375 -0.174942 -0.568459 -0.458816 -0.132582 1.244855 0.532685 0.129256 -0.165874 -0.128409 -0.002521 0.714075 0.143344 -0.098042 0.084709 -0.496176 -0.609284 -0.526619 -0.005441 0.002469 1.259889 0.497558 -0.045643 0.345858 0.359637 2.243115 -0.166504 -0.326699 -0.005908 -0.250050 1.214126 0.310010 1.939186 -0.186668 0.029565 -0.193583 -0.148117 -0.129430 -0.004123 -0.648194 1.878023 0.003801 -0.266921 0.184668 0.865100 -0.847695 0.388752 -0.075376 0.434170 -1.128272 0.726511 0.225368 0.147306 -0.452109 0.916081 -0.795882 -0.132207 -0.605030 -1.620412 -0.139724 0.306022 -0.648163 0.356955 -0.971415 0.135119 0.049601 -0.843519 0.064069 0.485496 0.000259 0.233268 0.141994 0.247741 0.652815 0.569884 0.002435 0.266609
35 -0.628051 -0.109633 1.671420 -0.990780 -0.231228 0.008607 0.164665 0.364500 0.427363 0.571146 0.633528 0.128612 0.322397 0.189443 -0.065996 -0.462376 -0.384173 1.667851 -0.121527 -0.942160 0.188549 1.616124 -0.084693 -0.243377 -0.115484 0.777111 -0.180078 -0.755597 1.425807 -0.327588 -0.158958 -1.155269 -0.510956 -0.132159 0.421636 1.160903 -1.581296 0.130348 -0.064225 0.255510 0.626821 1.263598 -0.046290 -0.075400 -0.253211 -0.558726 -0.348808 -0.595019 0.003076 -0.424137 -0.164737 1.022197 0.146301 -0.011902 -1.192395 -0.411696 0.259788 -0.021752 -0.763621 -1.951278 0.017707 -0.466024 -1.726318 -0.053508 0.632487 -0.380919 -1.760664 0.227616 0.352149 0.591571 1.183022 -0.104155 0.260007 -1.481480 0.281585 0.663742 0.097026 0.128447 0.676771 -0.162428 0.796618 0.333230 0.176515 -0.005242 -0.479516 -0.554415 -0.127588 -0.177004 0.436327 -0.318025 0.443711 -0.037525 -0.376695 -0.222682 -0.787645 0.275972 -0.199276 -0.561155 -0.433004 -0.139013 1.251828 0.528920 0.136386 -0.175548 -0.110173 -0.021660 0.684668 0.143379 -0.071594 0.095132 -0.516502 -0.599190 -0.541833 0.019706 0.019883 1.266900 0.513051 -0.036172 0.364125 0.333119 2.242154 -0.176546 -0.309500 -0.024338 -0.221690 1.195886 0.308682 1.940505 -0.199142 0.024227 -0.207028 -0.163612 -0.131758 0.000806 -0.623036 1.879680 0.030946 -0.291042 0.157702 0.876769 -0.864443 0.411512 -0.049702 0.450980 -1.136189 0.743235 0.232919 0.169397 -0.469832 0.893693 -0.811236 -0.144899 -0.596415 -1.624297 -0.150730 0.277593 -0.618698 0.366294 -0.980432 0.141288 0.024422 -0.852504 0.038309 0.495984 -0.024804 0.254904 0.146644 0.267999 0.653596 0.587924 -0.010502 0.287611
36 -0.636989 -0.108387 1.702652 -1.004136 -0.234098 0.010570 0.168909 0.366953 0.429962 0.575503 0.644401 0.127821 0.324585 0.189913 -0.064114 -0.467019 -0.390819 1.701002 -0.117533 -0.954184 0.188862 1.647349 -0.087783 -0.246768 -0.117001 0.792315 -0.181136 -0.771645 1.451592 -0.329816 -0.160756 -1.171528 -0.520400 -0.131447 0.429076 1.175852 -1.610657 0.129366 -0.062356 0.256392 0.635971 1.282973 -0.043365 -0.076040 -0.253164 -0.562897 -0.350765 -0.599464 -0.000619 -0.427055 -0.167066 1.035589 0.144958 -0.011438 -1.209969 -0.418824 0.266355 -0.019098 -0.775247 -1.987948 0.015202 -0.477886 -1.758486 -0.053346 0.637964 -0.383633 -1.794368 0.227767 0.355533 0.598744 1.200771 -0.105525 0.260711 -1.507480 0.280961 0.673282 0.094766 0.126940 0.686159 -0.163230 0.810585 0.335198 0.176101 -0.006477 -0.482115 -0.563470 -0.126437 -0.177561 0.443479 -0.318660 0.446191 -0.037629 -0.378205 -0.225373 -0.802701 0.276376 -0.201544 -0.571651 -0.437593 -0.140415 1.271032 0.542122 0.137458 -0.175491 -0.115791 -0.018688 0.695115 0.144274 -0.072694 0.097535 -0.522248 -0.607609 -0.549519 0.020696 0.020094 1.286428 0.516838 -0.035153 0.365595 0.338024 2.285145 -0.176858 -0.318007 -0.021719 -0.223884 1.219973 0.317705 1.978989 -0.198684 0.021269 -0.206359 -0.162807 -0.138293 0.005066 -0.632730 1.916047 0.031139 -0.292052 0.159227 0.887703 -0.876686 0.415321 -0.051143 0.454733 -1.152056 0.751647 0.233050 0.169128 -0.474361 0.905403 -0.822738 -0.147214 -0.604817 -1.654262 -0.150513 0.280314 -0.626855 0.368439 -0.992850 0.142706 0.027022 -0.868385 0.041077 0.500922 -0.022225 0.254954 0.147027 0.268981 0.667931 0.594440 -0.010455 0.287922
37 -0.629757 -0.108306 1.696494 -1.004895 -0.222529 0.002036 0.157639 0.371630 0.433407 0.580170 0.638020 0.137128 0.325700 0.193884 -0.074344 -0.474498 -0.377801 1.693255 -0.125761 -0.955784 0.192720 1.640594 -0.076339 -0.234965 -0.124659 0.785075 -0.170263 -0.769383 1.447470 -0.331885 -0.170492 -1.170956 -0.514450 -0.120542 0.431298 1.163434 -1.604983 0.139405 -0.072610 0.265436 0.639986 1.280736 -0.040559 -0.064648 -0.258096 -0.569269 -0.354934 -0.603396 -0.002914 -0.433959 -0.164069 1.036557 0.153921 -0.005600 -1.208967 -0.413259 0.263099 -0.027347 -0.777849 -1.978910 0.024957 -0.474257 -1.751684 -0.047782 0.642519 -0.387355 -1.786589 0.232855 0.359412 0.604230 1.199206 -0.108469 0.265206 -1.502759 0.289463 0.658995 0.093807 0.130729 0.678448 -0.166827 0.801650 0.343839 0.180959 0.000131 -0.487009 -0.551045 -0.136339 -0.181587 0.430178 -0.323801 0.450495 -0.037669 -0.386067 -0.220781 -0.801665 0.281423 -0.211021 -0.566007 -0.425572 -0.142743 1.269029 0.537679 0.140183 -0.179480 -0.106728 -0.027534 0.680124 0.144147 -0.061482 0.101592 -0.529128 -0.601258 -0.554009 0.030868 0.027492 1.284344 0.522313 -0.031262 0.372846 0.325700 2.273438 -0.181018 -0.308555 -0.030149 -0.211670 1.206179 0.315297 1.969565 -0.204030 0.019420 -0.212216 -0.169566 -0.138045 0.006498 -0.619603 1.907294 0.042166 -0.301729 0.147671 0.889753 -0.880346 0.423711 -0.040178 0.460721 -1.151320 0.756296 0.236135 0.178314 -0.480501 0.892889 -0.826114 -0.152188 -0.599141 -1.648178 -0.155158 0.267870 -0.612455 0.371828 -0.993484 0.144938 0.016011 -0.868298 0.029837 0.504096 -0.033134 0.263844 0.148870 0.277122 0.665135 0.600160 -0.016003 0.296515
38 -0.629693 -0.108990 1.683923 -0.997306 -0.228451 0.006468 0.162648 0.367268 0.429741 0.574809 0.636357 0.131569 0.323769 0.191001 -0.068742 -0.467233 -0.382636 1.680743 -0.122626 -0.948355 0.190005 1.628446 -0.082072 -0.240784 -0.118924 0.781672 -0.176730 -0.762326 1.436498 -0.329317 -0.163245 -1.162690 -0.513270 -0.127923 0.425884 1.163466 -1.593113 0.133463 -0.066975 0.259106 0.632542 1.271915 -0.043911 -0.071654 -0.254868 -0.562932 -0.351143 -0.598444 0.000535 -0.427944 -0.164790 1.028811 0.148864 -0.009603 -1.200281 -0.413069 0.261722 -0.023439 -0.770004 -1.965348 0.020006 -0.470264 -1.739052 -0.051434 0.636643 -0.383464 -1.773797 0.229435 0.355095 0.596910 1.190805 -0.105777 0.261879 -1.492047 0.284287 0.663124 0.095581 0.129031 0.678453 -0.164028 0.800009 0.337231 0.178004 -0.003450 -0.482435 -0.554242 -0.130544 -0.178630 0.434926 -0.320094 0.446341 -0.037557 -0.380182 -0.222308 -0.794316 0.277878 -0.203679 -0.564066 -0.430874 -0.140423 1.260136 0.533523 0.137790 -0.176873 -0.109553 -0.023419 0.684242 0.143762 -0.068129 0.097691 -0.521656 -0.600896 -0.547049 0.023762 0.022630 1.275344 0.516737 -0.034329 0.367372 0.331050 2.258267 -0.178120 -0.310080 -0.026132 -0.218383 1.202339 0.312026 1.955294 -0.200797 0.022165 -0.208780 -0.165649 -0.134730 0.003305 -0.622938 1.893723 0.034951 -0.294930 0.154304 0.882613 -0.871480 0.416241 -0.046487 0.454846 -1.143365 0.748816 0.234015 0.172527 -0.474121 0.894716 -0.817839 -0.147745 -0.598349 -1.636263 -0.152212 0.274439 -0.617405 0.368445 -0.986462 0.142675 0.021748 -0.859924 0.035605 0.499390 -0.027448 0.258064 0.147419 0.271359 0.659286 0.593011 -0.012466 0.290785
39 -0.622906 -0.108686 1.714871 -1.020233 -0.200338 -0.014011 0.137188 0.384327 0.444370 0.595218 0.634885 0.156672 0.330185 0.203348 -0.095575 -0.496288 -0.355882 1.709728 -0.139611 -0.971709 0.201715 1.657363 -0.053728 -0.212748 -0.142079 0.783621 -0.148137 -0.778989 1.464400 -0.338864 -0.193933 -1.186322 -0.510656 -0.096205 0.441772 1.154156 -1.622365 0.161289 -0.093893 0.286527 0.657815 1.295650 -0.033914 -0.039828 -0.269792 -0.588013 -0.366356 -0.616951 -0.009081 -0.452473 -0.159577 1.052436 0.172019 0.006582 -1.224715 -0.407822 0.261577 -0.042534 -0.795125 -1.997220 0.043559 -0.475437 -1.769842 -0.036876 0.658247 -0.398085 -1.804013 0.244346 0.370443 0.623670 1.213706 -0.116034 0.275735 -1.518878 0.308102 0.638758 0.091123 0.138672 0.671146 -0.175201 0.796259 0.365575 0.190851 0.013034 -0.500593 -0.534814 -0.157497 -0.191055 0.408386 -0.335736 0.462683 -0.037896 -0.405259 -0.214953 -0.812308 0.293650 -0.234217 -0.563631 -0.405023 -0.149424 1.284236 0.538165 0.147249 -0.188751 -0.092484 -0.043323 0.658800 0.144573 -0.037868 0.110970 -0.550563 -0.595701 -0.570957 0.054009 0.042699 1.299788 0.538461 -0.023163 0.390280 0.304244 2.292941 -0.190188 -0.296800 -0.045640 -0.186663 1.200185 0.316323 1.988420 -0.215148 0.014685 -0.224002 -0.183073 -0.141327 0.011058 -0.602146 1.925649 0.067447 -0.324395 0.123860 0.905565 -0.901552 0.446354 -0.017286 0.477950 -1.165851 0.775854 0.243562 0.198662 -0.499004 0.878645 -0.845525 -0.163838 -0.594727 -1.665353 -0.165160 0.243254 -0.589975 0.381394 -1.007399 0.151267 -0.006146 -0.882723 0.007099 0.515813 -0.055321 0.284073 0.153431 0.296290 0.670202 0.619916 -0.027245 0.316179
40 -0.630175 -0.108805 1.684468 -0.997450 -0.228940 0.006765 0.163147 0.367168 0.429601 0.574685 0.636795 0.131208 0.323830 0.190857 -0.068251 -0.466932 -0.383265 1.681340 -0.122303 -0.948448 0.189865 1.629001 -0.082636 -0.241270 -0.118733 0.782258 -0.177121 -0.762718 1.436934 -0.329271 -0.162862 -1.162926 -0.513682 -0.128375 0.426108 1.163921 -1.593620 0.132974 -0.066492 0.258763 0.632513 1.272219 -0.043774 -0.072191 -0.254618 -0.562741 -0.351024 -0.598380 0.000343 -0.427689 -0.165012 1.028959 0.148545 -0.009746 -1.200545 -0.413466 0.262021 -0.023130 -0.770053 -1.965945 0.019641 -0.470852 -1.739580 -0.051547 0.636581 -0.383423 -1.774375 0.229276 0.355114 0.596754 1.191094 -0.105707 0.261771 -1.492491 0.283933 0.663654 0.095476 0.128736 0.678947 -0.163963 0.800563 0.336858 0.177909 -0.003732 -0.482329 -0.554621 -0.130105 -0.178504 0.435544 -0.319981 0.446248 -0.037586 -0.379899 -0.222384 -0.794789 0.277657 -0.203342 -0.564510 -0.431309 -0.140329 1.260436 0.534179 0.137700 -0.176672 -0.109983 -0.023129 0.684855 0.143789 -0.068612 0.097761 -0.521418 -0.601348 -0.547030 0.023391 0.022457 1.275636 0.516581 -0.034307 0.367152 0.331529 2.258951 -0.178032 -0.310530 -0.025809 -0.218970 1.203175 0.312530 1.955962 -0.200657 0.022010 -0.208635 -0.165453 -0.135071 0.003567 -0.623389 1.894312 0.034402 -0.294560 0.154811 0.882675 -0.871434 0.415960 -0.046978 0.454672 -1.143609 0.748695 0.233867 0.172125 -0.473922 0.895292 -0.817820 -0.147742 -0.598810 -1.636779 -0.152069 0.275015 -0.618003 0.368399 -0.986639 0.142610 0.022272 -0.860255 0.036179 0.499399 -0.026922 0.257679 0.147371 0.271035 0.659930 0.592827 -0.012315 0.290442
41 -0.625140 -0.109371 1.682039 -0.998889 -0.220368 0.000737 0.154829 0.370798 0.432632 0.578606 0.632580 0.138163 0.324670 0.193993 -0.076188 -0.473156 -0.373724 1.677696 -0.128042 -0.950473 0.192856 1.625994 -0.073846 -0.232523 -0.124289 0.777379 -0.169045 -0.761415 1.435461 -0.330994 -0.170562 -1.163523 -0.509659 -0.119992 0.427497 1.156515 -1.591332 0.140874 -0.074454 0.265862 0.636075 1.271798 -0.042389 -0.063252 -0.258687 -0.567952 -0.354381 -0.601731 -0.000651 -0.433267 -0.162713 1.030553 0.155119 -0.005683 -1.200918 -0.409482 0.259588 -0.029064 -0.772712 -1.962002 0.026746 -0.467751 -1.736818 -0.047884 0.640363 -0.386278 -1.770913 0.233171 0.357831 0.601435 1.190976 -0.107950 0.265142 -1.490682 0.290532 0.653962 0.095225 0.131936 0.673630 -0.166576 0.794696 0.343833 0.181356 0.001083 -0.486196 -0.546521 -0.137805 -0.181606 0.425899 -0.323847 0.449689 -0.037632 -0.386061 -0.219695 -0.794054 0.281778 -0.210820 -0.560654 -0.422843 -0.142277 1.260175 0.530427 0.139846 -0.179900 -0.103533 -0.029311 0.674488 0.143601 -0.060012 0.100213 -0.527204 -0.596906 -0.550655 0.031239 0.027578 1.275366 0.521059 -0.031850 0.372688 0.322659 2.253698 -0.181039 -0.304149 -0.031813 -0.209502 1.194276 0.310185 1.951712 -0.204542 0.021307 -0.212757 -0.170212 -0.134238 0.003818 -0.614613 1.890469 0.043261 -0.302124 0.146003 0.884981 -0.875288 0.422761 -0.038540 0.459489 -1.144025 0.753031 0.236363 0.179270 -0.478994 0.886968 -0.821253 -0.151009 -0.594745 -1.634252 -0.155564 0.265561 -0.607825 0.371011 -0.987806 0.144413 0.013774 -0.860670 0.027438 0.501968 -0.035408 0.264683 0.148826 0.277362 0.657417 0.597779 -0.016177 0.297146
42 -0.630004 -0.109592 1.669732 -0.988566 -0.235717 0.011907 0.168886 0.362094 0.425333 0.568447 0.634819 0.124789 0.321552 0.187520 -0.061810 -0.458506 -0.388796 1.666648 -0.118594 -0.939763 0.186709 1.614741 -0.089210 -0.247905 -0.112110 0.778264 -0.184491 -0.754486 1.424057 -0.326269 -0.154555 -1.153238 -0.512284 -0.136804 0.419838 1.163831 -1.579687 0.126124 -0.060020 0.251490 0.623884 1.261844 -0.047623 -0.080188 -0.250877 -0.555337 -0.346619 -0.592613 0.004302 -0.420738 -0.165805 1.019899 0.142699 -0.014343 -1.190373 -0.413196 0.260426 -0.018594 -0.760937 -1.950015 0.013929 -0.466219 -1.724759 -0.055754 0.629717 -0.378896 -1.759344 0.225307 0.350078 0.588267 1.181227 -0.102610 0.257903 -1.479902 0.277937 0.668348 0.097507 0.126758 0.678846 -0.160713 0.798592 0.329208 0.174470 -0.007861 -0.476996 -0.558258 -0.123444 -0.175079 0.440959 -0.315667 0.441411 -0.037453 -0.373078 -0.224138 -0.786238 0.273550 -0.194931 -0.562225 -0.437354 -0.137660 1.250001 0.529343 0.134936 -0.173647 -0.113275 -0.018340 0.689514 0.143301 -0.076213 0.093261 -0.512747 -0.600836 -0.538956 0.015268 0.016831 1.265059 0.510113 -0.037834 0.360803 0.337627 2.241127 -0.174658 -0.312311 -0.021128 -0.226611 1.198628 0.308742 1.939217 -0.196889 0.025166 -0.204611 -0.160863 -0.131254 -0.000107 -0.627146 1.878376 0.026150 -0.286726 0.162388 0.874335 -0.861109 0.407364 -0.054201 0.447815 -1.134275 0.739972 0.231385 0.165458 -0.466491 0.897274 -0.808185 -0.142609 -0.597798 -1.622775 -0.148656 0.282500 -0.623612 0.364455 -0.978408 0.140002 0.028841 -0.850515 0.042806 0.493918 -0.020403 0.251007 0.145687 0.264369 0.653131 0.584500 -0.008236 0.283812
43 -0.632165 -0.109186 1.679079 -0.992911 -0.235441 0.011587 0.169072 0.363346 0.426480 0.570301 0.637619 0.125524 0.322346 0.188022 -0.062265 -0.460795 -0.389540 1.676471 -0.118295 -0.943765 0.187164 1.624044 -0.089010 -0.247793 -0.113400 0.782343 -0.183759 -0.759346 1.431903 -0.327159 -0.156094 -1.158387 -0.514667 -0.135473 0.422372 1.167333 -1.588506 0.126864 -0.060471 0.252676 0.627195 1.267843 -0.046447 -0.079260 -0.251325 -0.557369 -0.347638 -0.594418 0.002955 -0.422374 -0.166283 1.024280 0.143220 -0.013620 -1.195897 -0.414904 0.262149 -0.018637 -0.764886 -1.960830 0.014159 -0.469530 -1.734355 -0.055143 0.631952 -0.380118 -1.769349 0.225851 0.351561 0.591129 1.186762 -0.103278 0.258565 -1.487754 0.278636 0.669904 0.096694 0.126632 0.681101 -0.161299 0.802139 0.330753 0.174828 -0.007563 -0.478335 -0.559853 -0.124083 -0.175623 0.441839 -0.316385 0.442621 -0.037474 -0.374386 -0.224541 -0.790852 0.274152 -0.196579 -0.564967 -0.437587 -0.138265 1.255948 0.533020 0.135492 -0.173992 -0.114043 -0.018368 0.691303 0.143579 -0.075432 0.094405 -0.515322 -0.602915 -0.541861 0.016579 0.017696 1.271119 0.511868 -0.037138 0.362037 0.337936 2.253700 -0.175160 -0.313946 -0.021242 -0.226090 1.204919 0.311282 1.950561 -0.197302 0.024070 -0.205033 -0.161364 -0.133238 0.001330 -0.628907 1.889127 0.027310 -0.288033 0.161702 0.878026 -0.865412 0.409400 -0.053546 0.449660 -1.139280 0.743159 0.231708 0.166319 -0.468599 0.899734 -0.812224 -0.143829 -0.599934 -1.631762 -0.149023 0.282109 -0.624739 0.365455 -0.982440 0.140610 0.028557 -0.855522 0.042518 0.495805 -0.020687 0.251945 0.145954 0.265541 0.657310 0.587199 -0.008789 0.284810
44 -0.630058 -0.110533 1.642774 -0.972356 -0.248702 0.021579 0.180065 0.352729 0.417294 0.556823 0.631624 0.112515 0.317559 0.181314 -0.049306 -0.442505 -0.399736 1.640007 -0.111319 -0.923865 0.180848 1.588823 -0.102065 -0.260704 -0.099845 0.771688 -0.198459 -0.740276 1.400670 -0.320778 -0.138800 -1.135724 -0.510157 -0.152872 0.408950 1.163769 -1.554253 0.112823 -0.047470 0.237636 0.608014 1.243002 -0.054058 -0.095608 -0.243679 -0.541454 -0.338429 -0.581852 0.010829 -0.407614 -0.167422 1.003436 0.131539 -0.022761 -1.172015 -0.413140 0.257985 -0.009922 -0.744242 -1.920839 0.002979 -0.458939 -1.697678 -0.063358 0.617023 -0.370605 -1.731923 0.217876 0.341034 0.572420 1.163393 -0.097061 0.250742 -1.456946 0.266384 0.677379 0.100838 0.122767 0.679041 -0.154830 0.795462 0.314540 0.168123 -0.015740 -0.467021 -0.565175 -0.110591 -0.168757 0.451727 -0.307631 0.432429 -0.037279 -0.360132 -0.227134 -0.771437 0.265740 -0.179033 -0.558578 -0.448780 -0.132823 1.231101 0.521799 0.129937 -0.167926 -0.119895 -0.009295 0.698669 0.142534 -0.090804 0.085446 -0.496414 -0.600274 -0.524181 -0.000133 0.006489 1.245826 0.498031 -0.044034 0.348867 0.349344 2.208381 -0.168495 -0.316149 -0.012208 -0.241428 1.191056 0.302914 1.908627 -0.189828 0.030344 -0.197138 -0.152302 -0.125185 -0.005955 -0.634417 1.849254 0.010221 -0.271886 0.176967 0.859006 -0.842036 0.391189 -0.068136 0.435052 -1.117401 0.723726 0.226728 0.152688 -0.452608 0.901397 -0.790435 -0.133471 -0.596384 -1.597240 -0.142325 0.296985 -0.634497 0.357227 -0.963533 0.135320 0.041621 -0.833187 0.055764 0.483929 -0.007695 0.238174 0.142628 0.251666 0.642001 0.568924 -0.000713 0.271139
45 -0.621401 -0.109222 1.692934 -1.007616 -0.207977 -0.008215 0.143539 0.377862 0.438600 0.586940 0.631051 0.148992 0.327180 0.199210 -0.087840 -0.485217 -0.361650 1.687673 -0.135533 -0.959482 0.197803 1.636061 -0.061415 -0.220140 -0.134156 0.777045 -0.156557 -0.767428 1.445465 -0.334845 -0.183637 -1.172305 -0.507779 -0.106272 0.433803 1.151100 -1.601643 0.152870 -0.086144 0.277546 0.646229 1.280408 -0.038151 -0.049448 -0.265002 -0.578271 -0.360678 -0.609192 -0.004664 -0.443522 -0.160240 1.039553 0.165127 0.001326 -1.209953 -0.406632 0.259075 -0.037432 -0.782606 -1.972878 0.037044 -0.469177 -1.747580 -0.041540 0.649091 -0.392266 -1.781334 0.239493 0.364119 0.612359 1.199361 -0.112270 0.270959 -1.500178 0.300707 0.642628 0.093334 0.136113 0.669625 -0.171282 0.791933 0.355792 0.186842 0.008312 -0.493666 -0.537377 -0.149443 -0.186861 0.413863 -0.330415 0.456402 -0.037749 -0.396620 -0.216240 -0.800692 0.288429 -0.223793 -0.559640 -0.411230 -0.146034 1.268962 0.531528 0.143819 -0.184948 -0.095813 -0.038045 0.662644 0.143859 -0.046862 0.105816 -0.539122 -0.593903 -0.560347 0.044234 0.036228 1.284276 0.530018 -0.027058 0.382323 0.310684 2.265294 -0.186146 -0.297808 -0.040357 -0.195606 1.191473 0.311458 1.963038 -0.210664 0.018172 -0.219261 -0.177702 -0.136730 0.006995 -0.604824 1.901430 0.057254 -0.314650 0.132710 0.893913 -0.887167 0.435367 -0.025840 0.469022 -1.152349 0.763868 0.240371 0.190490 -0.489243 0.878955 -0.832200 -0.157801 -0.592431 -1.644454 -0.161095 0.251837 -0.595271 0.376312 -0.995727 0.147991 0.001584 -0.869301 0.014978 0.508568 -0.047551 0.275783 0.151337 0.287943 0.661109 0.608744 -0.022590 0.307951
46 -0.626904 -0.109458 1.675346 -0.993722 -0.226992 0.005607 0.160867 0.366784 0.429200 0.573872 0.633125 0.132272 0.323136 0.191039 -0.069895 -0.466463 -0.380084 1.671517 -0.123953 -0.945189 0.190045 1.619786 -0.080504 -0.239144 -0.118853 0.777175 -0.175763 -0.757717 1.429380 -0.328730 -0.163441 -1.158248 -0.510450 -0.127352 0.423806 1.159055 -1.585001 0.134377 -0.068137 0.259466 0.630314 1.266555 -0.044764 -0.070659 -0.255139 -0.562120 -0.350788 -0.597424 0.001637 -0.427584 -0.163989 1.025230 0.149653 -0.009505 -1.195485 -0.410838 0.259722 -0.024502 -0.767025 -1.955243 0.021166 -0.466621 -1.730202 -0.051352 0.635349 -0.382828 -1.764464 0.229619 0.354212 0.595320 1.185891 -0.105494 0.261835 -1.484847 0.284928 0.659885 0.096253 0.129607 0.675528 -0.163889 0.795861 0.337257 0.178266 -0.002812 -0.481939 -0.551314 -0.131486 -0.178633 0.432220 -0.320128 0.445838 -0.037534 -0.380204 -0.221549 -0.789989 0.278036 -0.203734 -0.560931 -0.429000 -0.140124 1.254846 0.529453 0.137575 -0.177055 -0.107648 -0.024538 0.680668 0.143396 -0.067085 0.097055 -0.520559 -0.598278 -0.545171 0.024188 0.022824 1.269967 0.516015 -0.034518 0.367317 0.329040 2.246445 -0.178134 -0.307437 -0.027160 -0.216910 1.195287 0.309212 1.944684 -0.201114 0.023086 -0.209105 -0.166052 -0.132701 0.001959 -0.619725 1.883693 0.035722 -0.295245 0.153122 0.879775 -0.868473 0.415784 -0.045376 0.454097 -1.138999 0.746837 0.234061 0.173158 -0.473217 0.890969 -0.814983 -0.147199 -0.595726 -1.627981 -0.152453 0.272869 -0.614405 0.367935 -0.983068 0.142353 0.020328 -0.855551 0.034118 0.498148 -0.028861 0.258597 0.147369 0.271546 0.654952 0.591583 -0.012680 0.291191
47 -0.623031 -0.109180 1.702612 -1.012609 -0.206771 -0.009182 0.142745 0.379740 0.440487 0.589643 0.633474 0.150645 0.328249 0.200301 -0.089433 -0.488549 -0.361339 1.697679 -0.135983 -0.964198 0.198833 1.645606 -0.060054 -0.219109 -0.136025 0.780612 -0.155028 -0.772257 1.453662 -0.336209 -0.186212 -1.178048 -0.509734 -0.104038 0.436487 1.154454 -1.610786 0.154789 -0.087725 0.279730 0.650241 1.286913 -0.037084 -0.047378 -0.266275 -0.581242 -0.362354 -0.611727 -0.005863 -0.446106 -0.160367 1.044613 0.166513 0.002464 -1.216040 -0.407868 0.260450 -0.038209 -0.787222 -1.984064 0.038135 -0.471953 -1.757546 -0.040609 0.652078 -0.394023 -1.791624 0.240678 0.365992 0.616098 1.205383 -0.113314 0.272187 -1.508404 0.302420 0.643446 0.092746 0.136753 0.671355 -0.172287 0.794929 0.358448 0.187686 0.009218 -0.495717 -0.538468 -0.151181 -0.187949 0.413764 -0.331766 0.458296 -0.037791 -0.398909 -0.216522 -0.805280 0.289834 -0.226436 -0.561978 -0.410762 -0.147079 1.275423 0.534543 0.144811 -0.185962 -0.095808 -0.038766 0.663559 0.144251 -0.045042 0.107108 -0.542672 -0.595519 -0.563870 0.046456 0.037558 1.290866 0.532626 -0.026263 0.384402 0.310143 2.278246 -0.187123 -0.298809 -0.041185 -0.193954 1.196884 0.313503 1.974629 -0.211640 0.017238 -0.220266 -0.178822 -0.138360 0.008174 -0.605985 1.912512 0.059658 -0.317061 0.131015 0.898341 -0.892373 0.438429 -0.024128 0.471705 -1.157915 0.768002 0.241305 0.192401 -0.492234 0.880877 -0.837039 -0.159341 -0.594127 -1.653766 -0.162031 0.250392 -0.595522 0.377846 -1.000348 0.148984 0.000146 -0.874540 0.013469 0.510965 -0.049041 0.277786 0.151933 0.290085 0.664854 0.612372 -0.023558 0.309963
48 -0.621795 -0.109886 1.688437 -1.004699 -0.211040 -0.005881 0.146143 0.375876 0.437140 0.584711 0.630723 0.146313 0.326331 0.197878 -0.085234 -0.482144 -0.364261 1.683272 -0.133906 -0.956598 0.196548 1.631745 -0.064168 -0.223202 -0.131266 0.775902 -0.159930 -0.764449 1.441442 -0.333773 -0.180279 -1.169212 -0.507573 -0.109878 0.431131 1.152473 -1.597389 0.150196 -0.083505 0.274611 0.643076 1.277212 -0.040162 -0.052766 -0.263640 -0.575573 -0.359006 -0.607126 -0.002599 -0.440909 -0.160644 1.036579 0.162633 -0.000798 -1.206711 -0.406776 0.258492 -0.035403 -0.779391 -1.968371 0.034512 -0.467157 -1.743186 -0.043578 0.646595 -0.390489 -1.776921 0.237877 0.362026 0.609292 1.196233 -0.110943 0.269374 -1.496350 0.298348 0.645422 0.094442 0.135500 0.670106 -0.169882 0.791810 0.352922 0.185323 0.006504 -0.491661 -0.539794 -0.146738 -0.185458 0.416526 -0.328663 0.454579 -0.037681 -0.393989 -0.217432 -0.797358 0.286892 -0.220368 -0.559052 -0.414300 -0.144987 1.265701 0.529445 0.142697 -0.183812 -0.097363 -0.035826 0.665390 0.143735 -0.050103 0.103636 -0.535958 -0.594104 -0.557271 0.040769 0.033642 1.281008 0.527625 -0.028841 0.379804 0.313677 2.260464 -0.184697 -0.298952 -0.038278 -0.198880 1.190728 0.309660 1.958155 -0.209064 0.019845 -0.217525 -0.175719 -0.134822 0.005021 -0.607300 1.896851 0.053980 -0.311525 0.135995 0.891118 -0.883676 0.432017 -0.028892 0.466460 -1.149367 0.760882 0.239490 0.187828 -0.486506 0.880715 -0.828897 -0.155444 -0.592356 -1.640244 -0.159652 0.255145 -0.598285 0.374778 -0.992995 0.146937 0.004330 -0.865724 0.017664 0.506499 -0.044886 0.273172 0.150671 0.285342 0.658222 0.605776 -0.020722 0.305337
49 -0.620959 -0.109001 1.699811 -1.012036 -0.203947 -0.011194 0.140013 0.380637 0.440996 0.590352 0.631598 0.152716 0.328346 0.201133 -0.091714 -0.489863 -0.358125 1.694398 -0.137787 -0.963866 0.199616 1.642639 -0.057405 -0.216145 -0.137803 0.778470 -0.152269 -0.771217 1.451502 -0.336478 -0.188380 -1.177022 -0.508061 -0.101417 0.436875 1.150602 -1.608129 0.156932 -0.090037 0.281738 0.650730 1.285356 -0.036272 -0.044721 -0.267242 -0.582286 -0.363132 -0.612306 -0.006560 -0.447438 -0.159590 1.044065 0.168531 0.003883 -1.214883 -0.406349 0.259578 -0.040125 -0.787252 -1.980227 0.040418 -0.471004 -1.754480 -0.039233 0.652729 -0.394706 -1.788253 0.241766 0.366737 0.616911 1.204087 -0.113986 0.273128 -1.506065 0.304231 0.639602 0.092414 0.137453 0.669128 -0.173068 0.792324 0.360141 0.188779 0.010751 -0.496591 -0.535028 -0.153397 -0.188808 0.410394 -0.332837 0.459066 -0.037811 -0.400484 -0.215241 -0.804644 0.290840 -0.228567 -0.560350 -0.407618 -0.147550 1.273963 0.533367 0.145378 -0.186753 -0.093653 -0.040854 0.659530 0.144075 -0.042385 0.108130 -0.543837 -0.593678 -0.564550 0.048884 0.039332 1.289340 0.533588 -0.025214 0.385894 0.306971 2.273462 -0.188022 -0.296402 -0.043117 -0.191004 1.192819 0.312944 1.970729 -0.212807 0.016683 -0.221523 -0.180279 -0.138381 0.008664 -0.602311 1.908776 0.062106 -0.319131 0.128226 0.898159 -0.892490 0.440160 -0.021552 0.472741 -1.156878 0.768467 0.241843 0.194394 -0.493279 0.877271 -0.837162 -0.160511 -0.592464 -1.650950 -0.163066 0.247337 -0.591690 0.378457 -0.999794 0.149444 -0.002409 -0.873975 0.010947 0.511438 -0.051517 0.279682 0.152305 0.291754 0.664009 0.613201 -0.024875 0.311787
50 -0.643981 -0.108928 1.674371 -0.982823 -0.261109 0.030299 0.193363 0.350719 0.416165 0.556267 0.646281 0.103890 0.318470 0.178065 -0.038568 -0.439664 -0.416594 1.674604 -0.101246 -0.932433 0.177619 1.620955 -0.114834 -0.273717 -0.094797 0.790932 -0.208624 -0.755969 1.425963 -0.320748 -0.131605 -1.149675 -0.523283 -0.161728 0.413830 1.185898 -1.583908 0.102966 -0.036714 0.230343 0.612198 1.261137 -0.053280 -0.106356 -0.238972 -0.539239 -0.336299 -0.582058 0.008947 -0.403879 -0.172207 1.013645 0.122844 -0.027083 -1.187398 -0.424122 0.266595 -0.000735 -0.751714 -1.959138 -0.007377 -0.472838 -1.730438 -0.067522 0.617608 -0.369716 -1.766909 0.213500 0.340846 0.573594 1.179623 -0.095576 0.247448 -1.482921 0.258339 0.697192 0.099229 0.117744 0.693684 -0.152437 0.814846 0.308427 0.163735 -0.022325 -0.464949 -0.582702 -0.100784 -0.165616 0.469094 -0.303738 0.430692 -0.037278 -0.354459 -0.232828 -0.785672 0.261363 -0.172531 -0.572419 -0.462699 -0.131728 1.248826 0.537623 0.128313 -0.164115 -0.132249 0.000510 0.720013 0.143495 -0.101589 0.084582 -0.495040 -0.613021 -0.526930 -0.008177 0.000726 1.263928 0.496319 -0.046076 0.343842 0.363930 2.254044 -0.165223 -0.331020 -0.002961 -0.254181 1.223100 0.313389 1.948961 -0.184940 0.028735 -0.191740 -0.146068 -0.131696 -0.002763 -0.653264 1.887118 0.000297 -0.264072 0.188344 0.866299 -0.848617 0.386815 -0.079016 0.432855 -1.131253 0.726332 0.223920 0.144279 -0.450847 0.921513 -0.796867 -0.131645 -0.608657 -1.627706 -0.138044 0.310188 -0.653549 0.356102 -0.973362 0.134398 0.053639 -0.846980 0.068220 0.485381 0.004314 0.230273 0.141232 0.245345 0.657420 0.569132 0.003814 0.263797
51 -0.630958 -0.110184 1.647984 -0.974818 -0.248008 0.021036 0.179678 0.353595 0.418001 0.557993 0.632948 0.113316 0.318016 0.181728 -0.049944 -0.444064 -0.399584 1.645420 -0.111448 -0.926153 0.181227 1.593971 -0.101493 -0.260077 -0.100947 0.773755 -0.197483 -0.742998 1.405042 -0.321317 -0.140076 -1.138549 -0.511277 -0.151572 0.410574 1.164993 -1.559162 0.113606 -0.048111 0.238665 0.610066 1.246297 -0.053118 -0.094585 -0.244057 -0.542789 -0.339127 -0.582970 0.009810 -0.408764 -0.167576 1.005887 0.132203 -0.022029 -1.175034 -0.413887 0.258895 -0.010283 -0.746606 -1.926718 0.003533 -0.460828 -1.702961 -0.062680 0.618413 -0.371424 -1.737422 0.218362 0.342043 0.574245 1.166447 -0.097569 0.251272 -1.461298 0.267062 0.677535 0.100212 0.122753 0.679959 -0.155311 0.797088 0.315722 0.168522 -0.015262 -0.467925 -0.565407 -0.111330 -0.169210 0.451600 -0.308214 0.433235 -0.037283 -0.361137 -0.227074 -0.774157 0.266220 -0.180376 -0.559932 -0.448288 -0.133239 1.234364 0.523865 0.130347 -0.168227 -0.119980 -0.009672 0.698950 0.142665 -0.089864 0.086364 -0.498115 -0.601170 -0.526044 0.001100 0.007347 1.249163 0.499189 -0.043377 0.349814 0.348925 2.215148 -0.168940 -0.316677 -0.012602 -0.240591 1.194078 0.304415 1.914858 -0.190264 0.029506 -0.197594 -0.152855 -0.126464 -0.004911 -0.634718 1.855124 0.011319 -0.272972 0.176042 0.861153 -0.844540 0.392662 -0.067292 0.436277 -1.120157 0.725629 0.226966 0.153510 -0.453986 0.902117 -0.792809 -0.134449 -0.597363 -1.602214 -0.142705 0.296183 -0.634428 0.357895 -0.965789 0.135743 0.041025 -0.836132 0.055178 0.485104 -0.008260 0.239015 0.142825 0.252625 0.644435 0.570624 -0.001315 0.272006
52 -0.636574 -0.108779 1.669677 -0.984681 -0.248477 0.020860 0.181125 0.356238 0.420332 0.561829 0.639934 0.114178 0.320003 0.182683 -0.049798 -0.448309 -0.402617 1.668225 -0.110245 -0.935126 0.182111 1.615573 -0.102364 -0.260860 -0.103480 0.783933 -0.196664 -0.754674 1.423180 -0.323358 -0.142488 -1.150280 -0.517291 -0.149722 0.416905 1.173126 -1.579636 0.114032 -0.047976 0.240450 0.617273 1.260092 -0.049941 -0.093856 -0.244620 -0.546786 -0.341234 -0.586887 0.006100 -0.411743 -0.169018 1.015748 0.132747 -0.020567 -1.187605 -0.418422 0.263400 -0.009834 -0.755404 -1.951556 0.003331 -0.469720 -1.725069 -0.061295 0.623219 -0.374202 -1.760545 0.219327 0.345554 0.580124 1.179217 -0.099087 0.252669 -1.479509 0.267837 0.681923 0.098063 0.122006 0.685779 -0.156669 0.805838 0.318176 0.169259 -0.015083 -0.470710 -0.569427 -0.111716 -0.170294 0.454856 -0.309656 0.435818 -0.037383 -0.363375 -0.227815 -0.785664 0.267166 -0.183154 -0.566872 -0.449662 -0.134557 1.248024 0.533682 0.131571 -0.168714 -0.122492 -0.009260 0.704033 0.143460 -0.089277 0.089322 -0.503101 -0.606569 -0.532446 0.003138 0.009053 1.263051 0.502720 -0.041605 0.352097 0.350557 2.243863 -0.170056 -0.321044 -0.012264 -0.240879 1.209310 0.311427 1.941055 -0.190991 0.026457 -0.198388 -0.153690 -0.131922 -0.000813 -0.639274 1.879817 0.012465 -0.274945 0.175701 0.869391 -0.853640 0.396423 -0.066982 0.439962 -1.131657 0.732230 0.227535 0.154470 -0.458144 0.908465 -0.801455 -0.137405 -0.602977 -1.623001 -0.143360 0.296648 -0.638123 0.360201 -0.975063 0.137127 0.041609 -0.848015 0.055954 0.489384 -0.007627 0.240197 0.143427 0.254475 0.655452 0.576067 -0.002364 0.273449
53 -0.627491 -0.110832 1.641103 -0.972935 -0.244379 0.018544 0.175860 0.354527 0.418779 0.558757 0.629442 0.116019 0.317954 0.182858 -0.053321 -0.445601 -0.394904 1.637710 -0.114208 -0.924764 0.182318 1.586870 -0.097621 -0.256287 -0.102618 0.769126 -0.194401 -0.739463 1.399588 -0.321604 -0.142691 -1.135887 -0.508089 -0.148662 0.409576 1.159993 -1.552682 0.116811 -0.051497 0.241223 0.609727 1.242558 -0.053411 -0.091093 -0.245699 -0.544037 -0.340085 -0.583503 0.010383 -0.410422 -0.166273 1.004134 0.134856 -0.020745 -1.172060 -0.411107 0.256720 -0.012907 -0.745461 -1.918353 0.006561 -0.457267 -1.695846 -0.061557 0.618880 -0.372008 -1.729704 0.219816 0.342360 0.574722 1.163136 -0.098147 0.252417 -1.455669 0.269711 0.672457 0.100745 0.124345 0.676331 -0.156108 0.792441 0.318038 0.169844 -0.013346 -0.468945 -0.561067 -0.114483 -0.170282 0.446847 -0.309563 0.434130 -0.037301 -0.363237 -0.225801 -0.770902 0.267787 -0.182807 -0.556574 -0.444508 -0.133759 1.230763 0.519806 0.130974 -0.169513 -0.116633 -0.012416 0.693393 0.142414 -0.086460 0.086646 -0.499284 -0.598005 -0.525934 0.003812 0.009043 1.245459 0.500260 -0.042826 0.351657 0.344852 2.205164 -0.169977 -0.312908 -0.015231 -0.236635 1.186428 0.301645 1.905947 -0.191774 0.030038 -0.199200 -0.154674 -0.124695 -0.005893 -0.629955 1.846820 0.014699 -0.275719 0.172527 0.860046 -0.843895 0.394614 -0.063880 0.437437 -1.117455 0.725846 0.227948 0.156298 -0.455118 0.897164 -0.792078 -0.135078 -0.594292 -1.595542 -0.144056 0.292211 -0.629328 0.358508 -0.964005 0.136185 0.037321 -0.833223 0.051340 0.485177 -0.012002 0.241705 0.143339 0.254850 0.640598 0.571357 -0.002632 0.274511
54 -0.624947 -0.109207 1.707977 -1.014286 -0.208446 -0.007684 0.144652 0.379415 0.440439 0.589631 0.635747 0.149338 0.328259 0.199906 -0.088040 -0.488309 -0.363768 1.703446 -0.134005 -0.965596 0.198368 1.650968 -0.061708 -0.220822 -0.135234 0.783572 -0.156237 -0.774687 1.457801 -0.336188 -0.185513 -1.180244 -0.511776 -0.104926 0.437056 1.158252 -1.615718 0.153519 -0.086358 0.278896 0.651063 1.289781 -0.037195 -0.048499 -0.265727 -0.580881 -0.362085 -0.611787 -0.005923 -0.445719 -0.160891 1.046228 0.165100 0.001774 -1.218511 -0.409420 0.261713 -0.036671 -0.788547 -1.990636 0.036500 -0.473830 -1.763124 -0.041410 0.652121 -0.393820 -1.797500 0.240030 0.365740 0.616449 1.207914 -0.113208 0.271629 -1.512664 0.301271 0.646633 0.092646 0.136151 0.673397 -0.171866 0.797969 0.357707 0.186862 0.008228 -0.495335 -0.541482 -0.149937 -0.187529 0.416283 -0.331092 0.458023 -0.037802 -0.398094 -0.217681 -0.807298 0.289326 -0.225840 -0.564084 -0.412805 -0.147101 1.278274 0.536643 0.144670 -0.185505 -0.097882 -0.037006 0.666852 0.144221 -0.046314 0.106740 -0.542658 -0.597247 -0.564314 0.045636 0.036515 1.293762 0.532468 -0.026705 0.383606 0.312230 2.286180 -0.186522 -0.301410 -0.039566 -0.195356 1.202057 0.314822 1.981541 -0.210753 0.017248 -0.219165 -0.177574 -0.139098 0.008356 -0.609006 1.918990 0.058691 -0.316069 0.132356 0.899545 -0.893670 0.438094 -0.025436 0.471359 -1.160068 0.768563 0.240900 0.191317 -0.492053 0.883953 -0.838239 -0.158861 -0.595721 -1.658823 -0.161403 0.251961 -0.598289 0.377603 -1.001822 0.148975 0.001652 -0.876701 0.015071 0.511153 -0.047514 0.276780 0.151760 0.289193 0.666881 0.612541 -0.022783 0.308966
55 -0.648431 -0.110468 1.627898 -0.952183 -0.291906 0.052941 0.220560 0.330639 0.399096 0.531850 0.644004 0.075818 0.310419 0.164134 -0.009275 -0.405514 -0.444386 1.629519 -0.083423 -0.901851 0.164439 1.576687 -0.145447 -0.304235 -0.067793 0.782911 -0.240791 -0.730804 1.384892 -0.309301 -0.096501 -1.117293 -0.522745 -0.197944 0.392497 1.192264 -1.540001 0.072286 -0.007315 0.199277 0.580286 1.227372 -0.066600 -0.141834 -0.222581 -0.509747 -0.318616 -0.559814 0.022154 -0.375360 -0.177136 0.982327 0.097120 -0.045973 -1.153650 -0.427320 0.264000 0.019929 -0.719070 -1.909935 -0.033165 -0.461641 -1.683942 -0.084622 0.591421 -0.352236 -1.720393 0.196747 0.322017 0.540857 1.147337 -0.083459 0.231610 -1.443045 0.231981 0.721839 0.105783 0.107907 0.698618 -0.139470 0.814121 0.276076 0.149291 -0.040687 -0.443671 -0.602144 -0.071059 -0.151479 0.496599 -0.285921 0.411522 -0.036898 -0.325856 -0.240768 -0.759003 0.243782 -0.137351 -0.568920 -0.490693 -0.121189 1.214746 0.526457 0.117314 -0.151018 -0.149499 0.022100 0.745358 0.142163 -0.135278 0.067976 -0.460604 -0.615814 -0.496906 -0.042726 -0.022458 1.229321 0.470600 -0.059609 0.317556 0.392643 2.199592 -0.151447 -0.343161 0.018221 -0.288994 1.216834 0.304210 1.897449 -0.168891 0.039162 -0.174708 -0.126527 -0.120821 -0.014180 -0.673873 1.837852 -0.036030 -0.230757 0.222170 0.836528 -0.810744 0.351726 -0.111330 0.405662 -1.100225 0.693261 0.213360 0.115118 -0.421427 0.936063 -0.761705 -0.112033 -0.609542 -1.583780 -0.123575 0.344383 -0.681908 0.340771 -0.945296 0.124256 0.083906 -0.814906 0.099007 0.465037 0.034430 0.201218 0.134403 0.217021 0.638685 0.536764 0.020849 0.235275
56 -0.632837 -0.108669 1.682328 -0.994599 -0.235233 0.011226 0.169047 0.364064 0.427020 0.571100 0.638619 0.125878 0.322904 0.188457 -0.062368 -0.461508 -0.389819 1.679848 -0.118310 -0.945315 0.187588 1.627275 -0.089026 -0.247609 -0.114188 0.784001 -0.183249 -0.761611 1.434703 -0.327715 -0.156665 -1.160342 -0.515533 -0.134989 0.423972 1.167857 -1.591590 0.126990 -0.060594 0.253161 0.628535 1.270027 -0.045355 -0.079013 -0.251597 -0.558173 -0.348238 -0.595256 0.001715 -0.422991 -0.166410 1.025971 0.143579 -0.013011 -1.197966 -0.415560 0.262990 -0.018860 -0.766456 -1.964295 0.014417 -0.471592 -1.737577 -0.054476 0.632950 -0.380887 -1.772692 0.226288 0.352535 0.592156 1.188867 -0.103869 0.259109 -1.490523 0.278935 0.670031 0.096075 0.126610 0.681774 -0.161874 0.803258 0.331201 0.175285 -0.007322 -0.479009 -0.559845 -0.124311 -0.176099 0.442124 -0.316918 0.443310 -0.037551 -0.374931 -0.224188 -0.793296 0.274520 -0.197249 -0.566085 -0.437343 -0.138751 1.258147 0.535216 0.135989 -0.174293 -0.114269 -0.018678 0.691588 0.143799 -0.075132 0.095449 -0.516180 -0.603615 -0.543154 0.017185 0.018400 1.273307 0.512633 -0.036407 0.362665 0.337789 2.257516 -0.175693 -0.314417 -0.021465 -0.225994 1.206889 0.313048 1.954294 -0.197701 0.023058 -0.205505 -0.161827 -0.134743 0.002682 -0.629003 1.892603 0.027550 -0.288575 0.161441 0.879457 -0.866889 0.410217 -0.053313 0.450481 -1.141221 0.744287 0.232013 0.166634 -0.469443 0.900261 -0.813658 -0.144829 -0.600772 -1.634840 -0.149448 0.281977 -0.624874 0.366144 -0.984113 0.141124 0.028488 -0.857795 0.042575 0.496776 -0.020718 0.252281 0.146253 0.265992 0.659873 0.588174 -0.009275 0.285237
57 -0.631926 -0.109889 1.669600 -0.987355 -0.239828 0.014818 0.172723 0.360332 0.424094 0.566511 0.636281 0.121401 0.321102 0.186213 -0.058211 -0.455419 -0.393132 1.666899 -0.115999 -0.938336 0.185463 1.614802 -0.093196 -0.252054 -0.109189 0.779672 -0.188509 -0.754148 1.423593 -0.325525 -0.150761 -1.152310 -0.513666 -0.141041 0.418393 1.167434 -1.579522 0.122502 -0.056413 0.248090 0.621671 1.261294 -0.049025 -0.084441 -0.249304 -0.552825 -0.345122 -0.590997 0.005561 -0.418011 -0.166643 1.018601 0.139508 -0.016596 -1.189496 -0.414624 0.261003 -0.015852 -0.759053 -1.950524 0.010522 -0.466531 -1.724796 -0.057869 0.627777 -0.377465 -1.759595 0.223578 0.348491 0.585650 1.180545 -0.101573 0.256359 -1.479689 0.274995 0.672995 0.098204 0.125761 0.680920 -0.159470 0.800734 0.325893 0.172813 -0.010202 -0.475133 -0.562241 -0.119908 -0.173722 0.445395 -0.313857 0.439817 -0.037470 -0.370144 -0.225657 -0.785383 0.271880 -0.191182 -0.563424 -0.441549 -0.136886 1.249372 0.529824 0.134031 -0.172412 -0.116069 -0.015420 0.694310 0.143323 -0.080334 0.091518 -0.509791 -0.602478 -0.536652 0.011354 0.014118 1.264430 0.507899 -0.039391 0.358122 0.341843 2.242098 -0.173253 -0.315058 -0.018344 -0.231047 1.201704 0.308818 1.939674 -0.195062 0.026201 -0.202641 -0.158550 -0.130709 -0.001092 -0.631320 1.878774 0.021992 -0.283114 0.166621 0.872788 -0.858920 0.403985 -0.058166 0.445506 -1.133450 0.737766 0.230474 0.162127 -0.464055 0.901082 -0.806099 -0.140567 -0.599188 -1.622705 -0.147124 0.286975 -0.628388 0.363224 -0.977350 0.139245 0.032695 -0.849246 0.046747 0.492490 -0.016594 0.247820 0.145118 0.261319 0.652964 0.582017 -0.006155 0.280741
58 -0.634926 -0.108338 1.684909 -0.994994 -0.237968 0.013070 0.171789 0.363174 0.426270 0.570193 0.640564 0.123768 0.322827 0.187562 -0.059841 -0.459906 -0.393097 1.682899 -0.116420 -0.945447 0.186735 1.630029 -0.091887 -0.250419 -0.112700 0.786450 -0.185703 -0.763085 1.436700 -0.327362 -0.154447 -1.161177 -0.517335 -0.137473 0.424135 1.170839 -1.594028 0.124515 -0.058062 0.251083 0.628037 1.271338 -0.045467 -0.081785 -0.250363 -0.556890 -0.347378 -0.594559 0.001651 -0.421490 -0.167271 1.026328 0.141571 -0.014145 -1.198947 -0.417225 0.264169 -0.016974 -0.766371 -1.967588 0.012175 -0.473413 -1.740288 -0.055480 0.632199 -0.380258 -1.775702 0.225159 0.352031 0.591177 1.190007 -0.103314 0.258196 -1.492625 0.276932 0.673428 0.095942 0.125522 0.683964 -0.161195 0.805873 0.329201 0.174288 -0.008826 -0.478052 -0.562693 -0.121911 -0.175230 0.445449 -0.315846 0.442469 -0.037549 -0.373194 -0.225065 -0.794578 0.273306 -0.195137 -0.567922 -0.440103 -0.138260 1.259405 0.537333 0.135431 -0.173319 -0.116506 -0.016738 0.695261 0.143924 -0.077793 0.094983 -0.514783 -0.605499 -0.542578 0.014897 0.016985 1.274577 0.511530 -0.036984 0.361146 0.340697 2.261523 -0.174869 -0.316786 -0.019576 -0.229018 1.211018 0.314465 1.957803 -0.196562 0.022967 -0.204309 -0.160431 -0.135544 0.003020 -0.632113 1.895853 0.024831 -0.286376 0.164190 0.879428 -0.866467 0.408411 -0.055950 0.449305 -1.142090 0.743498 0.231277 0.164462 -0.468223 0.903409 -0.813323 -0.144101 -0.602561 -1.637368 -0.148419 0.285002 -0.628376 0.365549 -0.984562 0.140689 0.031229 -0.858717 0.045423 0.496365 -0.017975 0.250177 0.145854 0.264160 0.661710 0.587092 -0.008165 0.283259
59 -0.626282 -0.110282 1.657264 -0.983381 -0.234288 0.011034 0.166948 0.361287 0.424529 0.566918 0.630428 0.125284 0.320731 0.187541 -0.062912 -0.456965 -0.385871 1.653368 -0.120169 -0.935143 0.186760 1.602245 -0.087620 -0.246271 -0.111628 0.772099 -0.183812 -0.748105 1.413782 -0.325496 -0.154233 -1.146944 -0.508452 -0.136793 0.416830 1.158094 -1.567941 0.126875 -0.061128 0.251475 0.620413 1.254201 -0.048933 -0.079508 -0.251176 -0.553961 -0.346043 -0.591035 0.005919 -0.419844 -0.164737 1.014769 0.143370 -0.014498 -1.183580 -0.410224 0.257694 -0.019776 -0.756457 -1.935447 0.015083 -0.461275 -1.711968 -0.055869 0.627739 -0.377932 -1.745875 0.225442 0.348760 0.585609 1.174237 -0.102218 0.257766 -1.469517 0.278457 0.664421 0.098554 0.127594 0.674962 -0.160506 0.792958 0.328752 0.174721 -0.007307 -0.476123 -0.554667 -0.124252 -0.175038 0.437890 -0.315567 0.440606 -0.037457 -0.372744 -0.223150 -0.780114 0.273666 -0.194395 -0.557958 -0.435336 -0.137290 1.242471 0.523824 0.134672 -0.173893 -0.110961 -0.019609 0.685159 0.142883 -0.075423 0.092228 -0.510765 -0.597333 -0.535994 0.015203 0.016789 1.257370 0.508829 -0.038258 0.360418 0.335431 2.224087 -0.174646 -0.308962 -0.022267 -0.225299 1.188931 0.304930 1.923866 -0.197175 0.026515 -0.204948 -0.161242 -0.128451 -0.001994 -0.623214 1.863909 0.026566 -0.286718 0.161454 0.870133 -0.856651 0.406246 -0.053285 0.446589 -1.128087 0.736986 0.231502 0.165882 -0.464994 0.892584 -0.803898 -0.141656 -0.594275 -1.610797 -0.148918 0.281051 -0.620111 0.363721 -0.973591 0.139602 0.027428 -0.844180 0.041297 0.492071 -0.021847 0.251307 0.145649 0.264216 0.647189 0.582227 -0.008276 0.283976
60 -0.626212 -0.110217 1.666332 -0.988979 -0.229894 0.007725 0.163093 0.364565 0.427471 0.571022 0.631425 0.129517 0.322158 0.189779 -0.067315 -0.462550 -0.382093 1.662291 -0.122802 -0.940652 0.188890 1.610945 -0.083127 -0.241960 -0.115729 0.774124 -0.179191 -0.752747 1.421670 -0.327494 -0.159612 -1.152994 -0.509054 -0.131441 0.420323 1.158432 -1.576510 0.131568 -0.065535 0.256253 0.625797 1.260682 -0.047053 -0.074238 -0.253854 -0.558879 -0.348967 -0.594844 0.004025 -0.424422 -0.164121 1.020472 0.147227 -0.011745 -1.189900 -0.410136 0.258340 -0.022807 -0.762126 -1.945344 0.018848 -0.463359 -1.721124 -0.053417 0.632194 -0.380828 -1.755121 0.228087 0.351825 0.591052 1.180356 -0.104131 0.260300 -1.477297 0.282568 0.661479 0.097671 0.129232 0.674867 -0.162557 0.793924 0.333901 0.176932 -0.004617 -0.479648 -0.552489 -0.128750 -0.177286 0.434227 -0.318404 0.443799 -0.037530 -0.377293 -0.222257 -0.784853 0.276521 -0.199791 -0.559053 -0.431597 -0.139025 1.248961 0.525958 0.136454 -0.176024 -0.108575 -0.022743 0.682123 0.143193 -0.070456 0.094684 -0.516434 -0.597470 -0.540968 0.020373 0.020221 1.263982 0.513060 -0.036322 0.364584 0.331510 2.235219 -0.176814 -0.307570 -0.025389 -0.220249 1.191284 0.306536 1.934146 -0.199657 0.025037 -0.207582 -0.164233 -0.130152 -0.000358 -0.620903 1.873754 0.032079 -0.291884 0.156523 0.875440 -0.863288 0.411814 -0.048505 0.451095 -1.133913 0.742712 0.233283 0.170350 -0.469879 0.891339 -0.810022 -0.144622 -0.594675 -1.619414 -0.151168 0.276150 -0.616509 0.366285 -0.978740 0.141263 0.022965 -0.849869 0.036726 0.495518 -0.026329 0.255830 0.146772 0.268653 0.650553 0.587691 -0.010768 0.288439
61 -0.620627 -0.108385 1.715226 -1.021595 -0.195923 -0.017150 0.133112 0.386346 0.445871 0.597342 0.633276 0.160180 0.330793 0.205001 -0.099381 -0.499481 -0.351310 1.709645 -0.142208 -0.973278 0.203275 1.657484 -0.049510 -0.208269 -0.145283 0.782161 -0.143717 -0.779705 1.465014 -0.339836 -0.197982 -1.187369 -0.509131 -0.091671 0.443482 1.150226 -1.622701 0.165050 -0.097736 0.290160 0.660204 1.296326 -0.032264 -0.035294 -0.271683 -0.590696 -0.368141 -0.618752 -0.010632 -0.455359 -0.158485 1.053842 0.175326 0.009059 -1.225727 -0.406199 0.260965 -0.045474 -0.797170 -1.996852 0.047129 -0.475375 -1.769990 -0.034537 0.660373 -0.399749 -1.803909 0.246354 0.372245 0.626369 1.214528 -0.117474 0.277537 -1.519251 0.311252 0.633790 0.090365 0.139970 0.668705 -0.176743 0.793860 0.369005 0.192705 0.015552 -0.502606 -0.530557 -0.161260 -0.192746 0.403721 -0.337754 0.464522 -0.037952 -0.408337 -0.213235 -0.813441 0.295650 -0.238230 -0.562351 -0.400463 -0.150596 1.285017 0.537871 0.148526 -0.190328 -0.089572 -0.046449 0.653652 0.144546 -0.033461 0.112955 -0.553650 -0.593753 -0.573402 0.058262 0.045680 1.300546 0.540871 -0.021364 0.393135 0.299684 2.292043 -0.191865 -0.293979 -0.048608 -0.181909 1.196806 0.316489 1.988150 -0.217140 0.013459 -0.226136 -0.185548 -0.142121 0.012339 -0.597615 1.925401 0.071849 -0.328228 0.119319 0.907232 -0.903934 0.449989 -0.013038 0.480513 -1.166814 0.778244 0.244754 0.202196 -0.501703 0.874480 -0.847763 -0.166120 -0.593075 -1.665574 -0.167017 0.238443 -0.584808 0.382870 -1.008612 0.152396 -0.010264 -0.884230 0.002968 0.517456 -0.059346 0.287480 0.154231 0.299457 0.670689 0.622596 -0.029495 0.319488
62 -0.644890 -0.108378 1.660682 -0.974453 -0.268616 0.035274 0.199940 0.345794 0.411485 0.549791 0.645241 0.097029 0.316634 0.174520 -0.030911 -0.430542 -0.423299 1.661234 -0.097557 -0.924094 0.174353 1.607928 -0.122776 -0.281136 -0.088569 0.788621 -0.216455 -0.749673 1.414255 -0.317834 -0.122401 -1.140752 -0.522797 -0.171026 0.409247 1.185088 -1.571115 0.094835 -0.029026 0.222288 0.603764 1.251628 -0.055453 -0.115773 -0.234501 -0.531656 -0.331787 -0.576281 0.011049 -0.396338 -0.173626 1.005120 0.116765 -0.031288 -1.178025 -0.424883 0.266109 0.003925 -0.742946 -1.943891 -0.013407 -0.471017 -1.716489 -0.070979 0.610957 -0.365537 -1.752933 0.209395 0.336740 0.564847 1.170719 -0.092634 0.243721 -1.471378 0.251621 0.701934 0.100154 0.114802 0.694606 -0.149519 0.813888 0.299838 0.160599 -0.026711 -0.459654 -0.585799 -0.093055 -0.162132 0.475566 -0.299510 0.425877 -0.037205 -0.347172 -0.233696 -0.779546 0.256663 -0.163365 -0.571339 -0.468891 -0.128912 1.239242 0.535917 0.125542 -0.160621 -0.136042 0.005074 0.725167 0.143310 -0.110225 0.081458 -0.485863 -0.613601 -0.519370 -0.016978 -0.004235 1.254148 0.489577 -0.048624 0.337387 0.370516 2.236622 -0.162153 -0.333113 0.001727 -0.263346 1.220121 0.312214 1.933221 -0.181306 0.030242 -0.188108 -0.141856 -0.130146 -0.004259 -0.656906 1.871984 -0.009585 -0.255520 0.196971 0.858187 -0.838135 0.377593 -0.087343 0.425972 -1.122745 0.717343 0.221137 0.136720 -0.443206 0.923915 -0.787255 -0.127606 -0.608970 -1.614786 -0.134573 0.318916 -0.659815 0.352437 -0.965895 0.131806 0.061532 -0.838852 0.076362 0.480356 0.012236 0.222690 0.139513 0.238109 0.653920 0.560519 0.007571 0.256503
63 -0.628180 -0.108809 1.690267 -1.002197 -0.222137 0.001810 0.156905 0.371059 0.432900 0.579271 0.635938 0.137201 0.325196 0.193704 -0.074698 -0.473605 -0.376597 1.686572 -0.126533 -0.953361 0.192569 1.634312 -0.075764 -0.234449 -0.124150 0.781990 -0.170287 -0.765841 1.442271 -0.331378 -0.170055 -1.167708 -0.512626 -0.120863 0.429452 1.161019 -1.599106 0.139617 -0.072957 0.265222 0.638038 1.276873 -0.041597 -0.064606 -0.258110 -0.568465 -0.354492 -0.602531 -0.001696 -0.433355 -0.163697 1.033875 0.154098 -0.005963 -1.205458 -0.411897 0.261664 -0.027775 -0.775410 -1.971702 0.025341 -0.471434 -1.745294 -0.048140 0.641414 -0.386721 -1.779877 0.232760 0.358557 0.602743 1.195626 -0.108010 0.264984 -1.497560 0.289607 0.657431 0.094540 0.131041 0.676804 -0.166519 0.799043 0.343484 0.180936 0.000218 -0.486488 -0.549594 -0.136543 -0.181366 0.428890 -0.323622 0.449963 -0.037645 -0.385766 -0.220559 -0.798254 0.281327 -0.210473 -0.563903 -0.424969 -0.142329 1.265186 0.534588 0.139825 -0.179431 -0.105651 -0.027988 0.678323 0.143903 -0.061375 0.100745 -0.527997 -0.599743 -0.552301 0.030520 0.027201 1.280451 0.521519 -0.031739 0.372508 0.324931 2.265081 -0.180828 -0.306951 -0.030564 -0.211329 1.201573 0.313043 1.961928 -0.204056 0.020423 -0.212248 -0.169600 -0.136261 0.005125 -0.618002 1.900094 0.042102 -0.301490 0.147506 0.887540 -0.877961 0.422910 -0.039978 0.459942 -1.148131 0.754683 0.236061 0.178327 -0.479586 0.890920 -0.823813 -0.151402 -0.597565 -1.642192 -0.155094 0.267474 -0.611103 0.371322 -0.990956 0.144515 0.015539 -0.864842 0.029291 0.503023 -0.033648 0.263842 0.148731 0.276896 0.661741 0.598879 -0.015797 0.296442
64 -0.633783 -0.109499 1.662024 -0.981783 -0.246908 0.019776 0.179172 0.356214 0.420392 0.561432 0.636825 0.115123 0.319698 0.183181 -0.051263 -0.447989 -0.400013 1.659844 -0.111833 -0.932621 0.182612 1.607766 -0.100557 -0.259105 -0.103651 0.779604 -0.195583 -0.750583 1.416842 -0.323245 -0.142961 -1.146587 -0.514503 -0.149077 0.415101 1.169206 -1.572399 0.115259 -0.049453 0.241140 0.615491 1.255530 -0.050847 -0.092669 -0.245456 -0.546545 -0.341390 -0.586451 0.007214 -0.411801 -0.168061 1.012850 0.133793 -0.020367 -1.183567 -0.416159 0.261375 -0.011163 -0.752938 -1.942486 0.004692 -0.466213 -1.717162 -0.061119 0.622501 -0.374026 -1.752130 0.219925 0.345044 0.578947 1.175052 -0.099181 0.253055 -1.473161 0.268932 0.678838 0.098917 0.123135 0.682875 -0.156897 0.801787 0.318599 0.169816 -0.014282 -0.470692 -0.566663 -0.112988 -0.170717 0.452168 -0.310091 0.435844 -0.037419 -0.363836 -0.227069 -0.781755 0.267869 -0.183481 -0.563832 -0.447840 -0.134702 1.243529 0.529702 0.131777 -0.169403 -0.120395 -0.010641 0.700546 0.143235 -0.088047 0.088796 -0.502453 -0.603968 -0.530929 0.003768 0.009435 1.258469 0.502489 -0.041746 0.352475 0.348476 2.233169 -0.170448 -0.318358 -0.013559 -0.239272 1.202398 0.308674 1.931432 -0.191620 0.027427 -0.199062 -0.154404 -0.129902 -0.002183 -0.636190 1.870765 0.013505 -0.275663 0.174381 0.867157 -0.851320 0.396398 -0.065643 0.439780 -1.128044 0.730928 0.228087 0.155447 -0.457816 0.904961 -0.799176 -0.137051 -0.600390 -1.615578 -0.143997 0.294969 -0.635196 0.360182 -0.972362 0.137210 0.039910 -0.844112 0.054216 0.488607 -0.009345 0.241156 0.143684 0.255017 0.651398 0.575228 -0.002687 0.274306
65 -0.632445 -0.110553 1.671948 -0.988282 -0.240476 0.015588 0.173348 0.360294 0.424510 0.566938 0.637058 0.121024 0.321138 0.186259 -0.058111 -0.455696 -0.393956 1.669331 -0.115174 -0.939201 0.185446 1.617081 -0.093444 -0.252713 -0.108621 0.780466 -0.189057 -0.754688 1.425327 -0.325713 -0.150795 -1.153403 -0.514300 -0.141258 0.418113 1.169915 -1.581636 0.122491 -0.056321 0.248082 0.622193 1.262650 -0.049808 -0.084477 -0.249548 -0.552882 -0.345238 -0.591291 0.006309 -0.418302 -0.166597 1.019497 0.139024 -0.017070 -1.190692 -0.414974 0.261148 -0.015208 -0.759777 -1.953664 0.009887 -0.466343 -1.727355 -0.058555 0.627933 -0.377422 -1.762208 0.223456 0.348131 0.586155 1.181698 -0.101562 0.256190 -1.481568 0.274905 0.674805 0.098724 0.126114 0.681546 -0.159236 0.801826 0.326027 0.172402 -0.010509 -0.475150 -0.564171 -0.119819 -0.173680 0.446367 -0.313669 0.439916 -0.037465 -0.370110 -0.226643 -0.785528 0.272085 -0.191225 -0.563991 -0.442720 -0.137113 1.250726 0.529586 0.134114 -0.172577 -0.116811 -0.014527 0.695966 0.143352 -0.080589 0.090836 -0.510104 -0.602915 -0.536829 0.011146 0.013312 1.265823 0.508219 -0.040074 0.357968 0.342830 2.246003 -0.172955 -0.316173 -0.017623 -0.231231 1.203539 0.308415 1.942772 -0.194693 0.026908 -0.202079 -0.157881 -0.130128 -0.001908 -0.633092 1.881791 0.022154 -0.283014 0.166943 0.873594 -0.859752 0.404157 -0.058378 0.445495 -1.134504 0.738323 0.230652 0.162087 -0.464187 0.902651 -0.806866 -0.139973 -0.599474 -1.624922 -0.146975 0.287384 -0.629729 0.363208 -0.978104 0.139370 0.032850 -0.849790 0.046891 0.492596 -0.016474 0.247846 0.145193 0.261269 0.652708 0.582341 -0.005676 0.280679
66 -0.628443 -0.111325 1.636527 -0.969922 -0.248512 0.021462 0.179450 0.352325 0.417149 0.556230 0.629618 0.112552 0.317232 0.181358 -0.049740 -0.441706 -0.398767 1.633302 -0.112001 -0.921724 0.180918 1.582529 -0.101510 -0.260399 -0.099208 0.768634 -0.198698 -0.736884 1.395505 -0.320556 -0.138397 -1.132808 -0.508364 -0.153393 0.407106 1.162015 -1.548367 0.113100 -0.047893 0.237492 0.606220 1.239362 -0.055318 -0.095603 -0.244015 -0.540785 -0.338231 -0.581260 0.012230 -0.407237 -0.166913 1.001077 0.131692 -0.023214 -1.168841 -0.411753 0.256514 -0.010290 -0.741975 -1.913732 0.003255 -0.456045 -1.691353 -0.063850 0.616109 -0.370157 -1.725209 0.217923 0.340231 0.571097 1.160051 -0.096784 0.250678 -1.451808 0.266671 0.676330 0.101821 0.123481 0.677393 -0.154634 0.792929 0.314266 0.168134 -0.015690 -0.466674 -0.564263 -0.110869 -0.168714 0.450769 -0.307575 0.432142 -0.037279 -0.359972 -0.227111 -0.768022 0.265936 -0.178513 -0.556506 -0.448566 -0.132696 1.227530 0.518592 0.129817 -0.168171 -0.118908 -0.009648 0.697295 0.142414 -0.090778 0.084499 -0.495367 -0.598723 -0.522536 -0.000589 0.006025 1.242158 0.497497 -0.044699 0.348667 0.348843 2.200143 -0.168407 -0.314743 -0.012553 -0.241180 1.186491 0.300541 1.900959 -0.189891 0.031532 -0.197199 -0.152283 -0.123252 -0.007525 -0.633289 1.842110 0.010209 -0.271766 0.176945 0.857037 -0.839890 0.390521 -0.067985 0.434423 -1.114521 0.722357 0.226978 0.152815 -0.451853 0.899839 -0.788339 -0.132628 -0.594741 -1.591242 -0.142407 0.296762 -0.633540 0.356948 -0.961314 0.135135 0.041107 -0.829763 0.055202 0.483031 -0.008290 0.238311 0.142677 0.251540 0.638549 0.567799 -0.000417 0.271192
67 -0.645121 -0.110792 1.602513 -0.939464 -0.296556 0.056143 0.223872 0.325576 0.394239 0.524780 0.638299 0.070725 0.307904 0.161082 -0.004198 -0.396315 -0.446687 1.603574 -0.082111 -0.889806 0.161662 1.551879 -0.150229 -0.308623 -0.062026 0.774148 -0.246610 -0.718396 1.363692 -0.305938 -0.088566 -1.102925 -0.518126 -0.205611 0.385270 1.185375 -1.516204 0.066461 -0.002199 0.192595 0.569472 1.210953 -0.069935 -0.148828 -0.219099 -0.501912 -0.314132 -0.553209 0.025796 -0.368179 -0.177186 0.969597 0.092847 -0.049663 -1.138357 -0.424688 0.260583 0.022537 -0.706852 -1.881005 -0.036890 -0.454504 -1.658046 -0.087670 0.583663 -0.347608 -1.693725 0.193384 0.317063 0.530757 1.132158 -0.080430 0.228259 -1.421816 0.226966 0.721496 0.107711 0.106304 0.695146 -0.136687 0.807148 0.268517 0.146874 -0.043719 -0.438265 -0.600856 -0.065570 -0.148411 0.498570 -0.282218 0.406544 -0.036791 -0.319471 -0.240481 -0.746997 0.239901 -0.129190 -0.563295 -0.493660 -0.118300 1.198408 0.518809 0.114582 -0.148272 -0.150098 0.024540 0.744884 0.141561 -0.141540 0.064162 -0.450853 -0.612459 -0.487384 -0.050124 -0.026698 1.212635 0.463588 -0.062304 0.311772 0.395736 2.166153 -0.148764 -0.341206 0.020882 -0.295098 1.203708 0.298868 1.867197 -0.166123 0.041967 -0.172000 -0.123399 -0.116325 -0.017635 -0.672677 1.809138 -0.043666 -0.223704 0.228278 0.825143 -0.797142 0.342863 -0.117209 0.398534 -1.086283 0.682501 0.211077 0.109366 -0.413385 0.932947 -0.749031 -0.107561 -0.605916 -1.559640 -0.120853 0.350005 -0.683290 0.336810 -0.933732 0.121518 0.088858 -0.801067 0.104006 0.458750 0.039345 0.195268 0.132835 0.210911 0.629014 0.527099 0.023941 0.229387
68 -0.633798 -0.109851 1.654353 -0.977258 -0.250502 0.022436 0.182217 0.353653 0.418226 0.558242 0.635877 0.111762 0.318617 0.181504 -0.047860 -0.443595 -0.402989 1.652200 -0.109936 -0.928196 0.181036 1.600354 -0.104064 -0.262641 -0.100228 0.777641 -0.199499 -0.746442 1.410193 -0.321758 -0.138590 -1.141687 -0.513842 -0.153601 0.411980 1.169222 -1.565165 0.111643 -0.046035 0.237332 0.611030 1.250234 -0.052770 -0.096948 -0.243544 -0.542785 -0.339169 -0.583532 0.009173 -0.408184 -0.168518 1.008266 0.130757 -0.022754 -1.178414 -0.416102 0.260603 -0.008827 -0.748240 -1.934167 0.001713 -0.463998 -1.709447 -0.063285 0.619036 -0.371762 -1.744300 0.217926 0.342538 0.574527 1.170037 -0.097622 0.251123 -1.466650 0.265818 0.681303 0.099956 0.122107 0.682934 -0.155291 0.800841 0.314599 0.168111 -0.016476 -0.467997 -0.568540 -0.109485 -0.168997 0.455102 -0.307933 0.433414 -0.037383 -0.360318 -0.227921 -0.777486 0.265776 -0.179062 -0.562735 -0.451032 -0.133355 1.238209 0.527397 0.130393 -0.167870 -0.122141 -0.008199 0.703026 0.143028 -0.092089 0.086548 -0.497949 -0.603811 -0.526777 -0.000527 0.006545 1.253061 0.499167 -0.043516 0.349220 0.351703 2.223822 -0.168783 -0.319331 -0.011144 -0.243384 1.200101 0.306884 1.922677 -0.189729 0.028992 -0.197065 -0.152093 -0.128046 -0.003965 -0.638167 1.862440 0.009109 -0.271607 0.178437 0.862895 -0.846037 0.391936 -0.069490 0.436304 -1.123322 0.726477 0.226856 0.151952 -0.454017 0.906123 -0.794226 -0.134461 -0.599990 -1.608308 -0.142287 0.298996 -0.638199 0.358226 -0.968219 0.135908 0.043399 -0.839154 0.057738 0.485846 -0.005902 0.237665 0.142861 0.251545 0.648103 0.570954 -0.000575 0.270861
69 -0.646971 -0.108989 1.640717 -0.961107 -0.282088 0.045189 0.211859 0.336967 0.403935 0.539062 0.644347 0.084748 0.313064 0.168340 -0.018049 -0.415626 -0.435476 1.641879 -0.089754 -0.910753 0.168502 1.588911 -0.136201 -0.294478 -0.076781 0.785253 -0.230500 -0.738728 1.396555 -0.312753 -0.107038 -1.126645 -0.522658 -0.186816 0.399942 1.187893 -1.552242 0.081381 -0.016116 0.208680 0.589844 1.236996 -0.061245 -0.131302 -0.227226 -0.518744 -0.323984 -0.566520 0.016800 -0.383828 -0.175863 0.991452 0.105503 -0.039550 -1.163331 -0.426371 0.265039 0.012989 -0.728726 -1.922761 -0.024692 -0.466198 -1.696494 -0.078453 0.599491 -0.357848 -1.732965 0.202006 0.328495 0.550555 1.156705 -0.087257 0.236735 -1.454207 0.240046 0.712717 0.102958 0.110361 0.696892 -0.143790 0.813716 0.285684 0.154246 -0.034755 -0.450319 -0.594286 -0.080012 -0.155874 0.487586 -0.291672 0.417434 -0.037023 -0.334631 -0.237184 -0.767989 0.248877 -0.147977 -0.569905 -0.481120 -0.124202 1.224451 0.531137 0.120640 -0.154785 -0.143617 0.014540 0.736278 0.142694 -0.124964 0.074200 -0.470829 -0.614943 -0.506281 -0.032068 -0.014357 1.239150 0.478286 -0.054520 0.325857 0.383078 2.213273 -0.156071 -0.338450 0.011013 -0.278587 1.217645 0.308262 1.911135 -0.174256 0.034770 -0.180622 -0.133292 -0.125436 -0.009226 -0.665924 1.850827 -0.025502 -0.240903 0.211756 0.845203 -0.821603 0.362229 -0.101489 0.414048 -1.109238 0.702878 0.216408 0.123920 -0.430316 0.930315 -0.771919 -0.119028 -0.609477 -1.595910 -0.128171 0.333870 -0.672230 0.345671 -0.953644 0.127282 0.074819 -0.824945 0.089874 0.471441 0.025470 0.209941 0.136457 0.225698 0.645816 0.546366 0.015021 0.243990
70 -0.646540 -0.107293 1.684068 -0.987780 -0.260593 0.029130 0.193407 0.352614 0.417365 0.558356 0.649443 0.104968 0.319889 0.178869 -0.038734 -0.441925 -0.417422 1.684860 -0.101647 -0.936962 0.178463 1.630716 -0.114999 -0.273395 -0.097097 0.796002 -0.207474 -0.762526 1.434487 -0.322045 -0.133096 -1.155584 -0.526022 -0.160458 0.418251 1.187720 -1.593222 0.103330 -0.036881 0.231555 0.616030 1.267783 -0.050263 -0.105872 -0.239312 -0.541750 -0.337712 -0.584311 0.005601 -0.405534 -0.172987 1.018707 0.123905 -0.025497 -1.193665 -0.426331 0.269108 -0.001391 -0.756235 -1.969663 -0.006624 -0.478623 -1.740153 -0.065713 0.620539 -0.371718 -1.777092 0.214475 0.343639 0.576629 1.185977 -0.096778 0.248765 -1.491294 0.259107 0.697601 0.097341 0.117185 0.696245 -0.153797 0.818569 0.309817 0.164902 -0.021757 -0.466837 -0.582728 -0.101263 -0.166592 0.469949 -0.305090 0.432426 -0.037402 -0.356041 -0.231924 -0.792607 0.261984 -0.174241 -0.575849 -0.462106 -0.132548 1.255447 0.543981 0.129247 -0.164515 -0.132774 -0.000502 0.721014 0.144100 -0.100903 0.087422 -0.497711 -0.615594 -0.530705 -0.006690 0.002836 1.270578 0.498324 -0.044081 0.345634 0.363683 2.265771 -0.166519 -0.332229 -0.003770 -0.254156 1.229591 0.318306 1.960255 -0.186020 0.025899 -0.193137 -0.147563 -0.135876 0.000924 -0.653799 1.897701 0.000820 -0.265582 0.187773 0.870439 -0.853173 0.389023 -0.078535 0.435299 -1.137058 0.729780 0.224386 0.145074 -0.453365 0.923409 -0.801236 -0.134380 -0.611582 -1.637069 -0.138891 0.310017 -0.654141 0.357813 -0.978274 0.135366 0.053688 -0.853545 0.068436 0.488064 0.004410 0.231113 0.141737 0.246674 0.664643 0.572129 0.002489 0.264922
71 -0.634762 -0.109275 1.663054 -0.981802 -0.248144 0.020675 0.180444 0.355678 0.419873 0.560847 0.637690 0.114111 0.319554 0.182645 -0.050046 -0.447190 -0.401477 1.661130 -0.110917 -0.932523 0.182099 1.608903 -0.101897 -0.260398 -0.102917 0.780687 -0.196731 -0.751117 1.417636 -0.322942 -0.141893 -1.146801 -0.515322 -0.150219 0.415088 1.170438 -1.573382 0.114085 -0.048227 0.240102 0.615149 1.255968 -0.050890 -0.093956 -0.244736 -0.545865 -0.340851 -0.585963 0.007199 -0.410981 -0.168512 1.012859 0.132814 -0.020915 -1.183846 -0.416934 0.261926 -0.010248 -0.752787 -1.943843 0.003636 -0.466990 -1.718256 -0.061597 0.622021 -0.373603 -1.753385 0.219301 0.344712 0.578397 1.175412 -0.098810 0.252516 -1.473977 0.267890 0.680290 0.098794 0.122477 0.683896 -0.156493 0.802975 0.317623 0.169285 -0.015017 -0.470124 -0.567881 -0.111818 -0.170204 0.453640 -0.309489 0.435304 -0.037400 -0.362938 -0.227442 -0.782236 0.267159 -0.182448 -0.564652 -0.449045 -0.134337 1.243933 0.530635 0.131395 -0.168815 -0.121465 -0.009694 0.702159 0.143249 -0.089293 0.088535 -0.501742 -0.604845 -0.530582 0.002682 0.008747 1.258890 0.501828 -0.042016 0.351654 0.349799 2.234862 -0.169979 -0.319458 -0.012635 -0.240663 1.204290 0.309286 1.932908 -0.191023 0.027379 -0.198439 -0.153714 -0.130251 -0.002036 -0.637556 1.872123 0.012239 -0.274581 0.175657 0.867004 -0.851026 0.395479 -0.066894 0.439133 -1.128268 0.730454 0.227601 0.154370 -0.457145 0.906346 -0.798914 -0.136655 -0.601220 -1.616612 -0.143417 0.296352 -0.636743 0.359765 -0.972392 0.136887 0.041221 -0.844432 0.055535 0.488283 -0.008040 0.240082 0.143401 0.254100 0.652145 0.574641 -0.002157 0.273281
72 -0.639750 -0.109978 1.658652 -0.975946 -0.260481 0.029866 0.191921 0.349363 0.415002 0.553855 0.641055 0.103594 0.317421 0.177918 -0.038934 -0.436804 -0.414122 1.657784 -0.102735 -0.926189 0.177535 1.605138 -0.113962 -0.272750 -0.093478 0.783425 -0.208836 -0.747784 1.412802 -0.319746 -0.130031 -1.141399 -0.518719 -0.163003 0.409662 1.179449 -1.569059 0.102825 -0.037098 0.229378 0.607120 1.251332 -0.055355 -0.106812 -0.239126 -0.536872 -0.335341 -0.579814 0.011346 -0.401971 -0.171036 1.006731 0.122888 -0.027895 -1.178475 -0.420689 0.263218 -0.001627 -0.745445 -1.940769 -0.006789 -0.466681 -1.714242 -0.068193 0.614694 -0.368292 -1.749889 0.213362 0.338902 0.569388 1.170597 -0.094952 0.247056 -1.469784 0.258329 0.693456 0.100848 0.118746 0.689271 -0.152009 0.808167 0.306881 0.163755 -0.022222 -0.463488 -0.579092 -0.100825 -0.165360 0.466414 -0.303280 0.429426 -0.037317 -0.353276 -0.231919 -0.777738 0.261241 -0.170722 -0.567280 -0.461324 -0.131213 1.239117 0.530747 0.127896 -0.164279 -0.129911 -0.000478 0.715722 0.142989 -0.101793 0.082846 -0.491640 -0.608995 -0.522478 -0.009367 0.000051 1.254025 0.494128 -0.046972 0.342730 0.362239 2.232568 -0.165009 -0.327318 -0.003793 -0.253875 1.211403 0.308601 1.929602 -0.184954 0.030743 -0.191807 -0.146060 -0.127994 -0.005431 -0.649245 1.868805 -0.000516 -0.263017 0.188387 0.860533 -0.842248 0.384422 -0.078975 0.430774 -1.123201 0.721939 0.224012 0.143871 -0.448360 0.916496 -0.790734 -0.129951 -0.604563 -1.612515 -0.138130 0.309660 -0.650408 0.355056 -0.967016 0.133842 0.052941 -0.838581 0.067519 0.482786 0.003595 0.229841 0.141159 0.244302 0.649924 0.565581 0.004316 0.263268
73 -0.634577 -0.110307 1.653380 -0.976172 -0.252381 0.023974 0.183939 0.352523 0.417426 0.557083 0.636313 0.110149 0.318085 0.180632 -0.046316 -0.442145 -0.404794 1.651367 -0.108649 -0.927074 0.180179 1.599461 -0.105728 -0.264532 -0.098569 0.777770 -0.201473 -0.745376 1.409168 -0.321098 -0.136860 -1.140699 -0.514279 -0.155512 0.410549 1.171118 -1.564201 0.110135 -0.044474 0.235747 0.609640 1.249326 -0.054046 -0.098742 -0.242673 -0.541423 -0.338194 -0.582490 0.010472 -0.406836 -0.168915 1.007193 0.129173 -0.024103 -1.177444 -0.416575 0.260545 -0.007420 -0.746915 -1.933577 0.000059 -0.463121 -1.708620 -0.064670 0.617804 -0.370724 -1.743526 0.216893 0.341314 0.573128 1.169060 -0.096775 0.250103 -1.465734 0.264417 0.683528 0.100594 0.121570 0.683793 -0.154352 0.801651 0.313121 0.167061 -0.017678 -0.466888 -0.570609 -0.107913 -0.168080 0.456970 -0.306833 0.432367 -0.037334 -0.358872 -0.228996 -0.776015 0.264826 -0.177296 -0.562942 -0.453079 -0.132685 1.237271 0.526571 0.129647 -0.167086 -0.123391 -0.006636 0.705227 0.142856 -0.093920 0.085152 -0.496502 -0.604418 -0.525298 -0.002395 0.004935 1.252131 0.497916 -0.044649 0.347788 0.353688 2.223505 -0.167790 -0.320551 -0.009718 -0.245210 1.201204 0.305989 1.921947 -0.188664 0.030064 -0.195857 -0.150748 -0.126974 -0.005229 -0.640251 1.861777 0.007415 -0.269910 0.180311 0.861756 -0.844782 0.390278 -0.071240 0.434971 -1.122335 0.725243 0.226195 0.150431 -0.452673 0.907871 -0.792976 -0.132979 -0.600374 -1.607415 -0.141303 0.300921 -0.640362 0.357284 -0.967158 0.135230 0.045050 -0.837728 0.059320 0.484789 -0.004322 0.236196 0.142385 0.250093 0.646770 0.569614 0.000640 0.269368
74 -0.641059 -0.108700 1.662632 -0.977861 -0.260479 0.029439 0.192229 0.349885 0.414987 0.554425 0.642531 0.103882 0.317919 0.177845 -0.038554 -0.437373 -0.414743 1.662239 -0.102820 -0.927893 0.177518 1.609312 -0.114478 -0.272899 -0.094408 0.785905 -0.208539 -0.750811 1.416435 -0.320004 -0.130298 -1.143720 -0.520072 -0.162633 0.411877 1.179645 -1.572959 0.102539 -0.036700 0.229497 0.608657 1.254007 -0.053493 -0.107026 -0.238657 -0.537502 -0.335537 -0.580354 0.009341 -0.402353 -0.171612 1.008675 0.123193 -0.027074 -1.180940 -0.421893 0.264629 -0.001709 -0.747291 -1.945022 -0.006623 -0.469816 -1.718220 -0.067172 0.615604 -0.368908 -1.754176 0.213417 0.340089 0.570540 1.173194 -0.095212 0.247318 -1.473258 0.258173 0.693543 0.099535 0.117890 0.690555 -0.152384 0.809905 0.307046 0.164108 -0.022018 -0.463977 -0.578879 -0.100575 -0.165437 0.466985 -0.303577 0.429791 -0.037294 -0.353575 -0.231251 -0.781148 0.260942 -0.171121 -0.568973 -0.461057 -0.131192 1.241759 0.534243 0.127980 -0.163962 -0.130336 -0.000795 0.716249 0.143335 -0.101839 0.084423 -0.492425 -0.610313 -0.524143 -0.009032 0.001017 1.256693 0.494669 -0.045915 0.343202 0.362336 2.237242 -0.165343 -0.327867 -0.003989 -0.254299 1.214461 0.311364 1.934303 -0.185223 0.028968 -0.192265 -0.146617 -0.130433 -0.003186 -0.649421 1.873179 -0.000820 -0.263218 0.188443 0.862104 -0.843688 0.384912 -0.079157 0.431398 -1.125497 0.722875 0.223791 0.143826 -0.448968 0.917193 -0.792311 -0.131359 -0.606093 -1.616471 -0.138164 0.309931 -0.650796 0.355496 -0.968938 0.133943 0.053437 -0.841626 0.068085 0.483740 0.004165 0.229708 0.141128 0.244582 0.653716 0.566398 0.003639 0.263288
75 -0.638030 -0.109036 1.661054 -0.978662 -0.255316 0.025812 0.187216 0.352047 0.416779 0.556749 0.639979 0.108065 0.318400 0.179707 -0.043323 -0.441092 -0.408991 1.659912 -0.106273 -0.929051 0.179292 1.607377 -0.109189 -0.267619 -0.097749 0.782941 -0.203665 -0.749961 1.415444 -0.321010 -0.134927 -1.144005 -0.517642 -0.157581 0.412685 1.175137 -1.571467 0.107279 -0.041485 0.233765 0.610762 1.253664 -0.052671 -0.101647 -0.241079 -0.540605 -0.337532 -0.582348 0.008757 -0.405691 -0.170242 1.009570 0.127149 -0.024639 -1.181088 -0.419493 0.263157 -0.005278 -0.748839 -1.942501 -0.002345 -0.467920 -1.716428 -0.064979 0.617849 -0.370605 -1.751956 0.215743 0.341705 0.573323 1.173041 -0.096536 0.249331 -1.472062 0.262137 0.687679 0.099388 0.119782 0.687352 -0.153935 0.806359 0.311224 0.166171 -0.019132 -0.466285 -0.573968 -0.105203 -0.167279 0.461159 -0.305889 0.431837 -0.037319 -0.357269 -0.229637 -0.780656 0.263395 -0.175619 -0.566637 -0.455946 -0.132333 1.241518 0.531957 0.129242 -0.165873 -0.126449 -0.004518 0.709973 0.143200 -0.096659 0.085887 -0.495877 -0.607638 -0.526291 -0.004304 0.004097 1.256441 0.497336 -0.044437 0.346524 0.356975 2.233910 -0.167133 -0.324009 -0.007599 -0.248595 1.209069 0.309930 1.931596 -0.187552 0.028556 -0.194733 -0.149465 -0.129914 -0.003054 -0.644097 1.870717 0.004502 -0.267760 0.183135 0.863433 -0.845952 0.388992 -0.074076 0.434264 -1.125672 0.725438 0.225260 0.148115 -0.451987 0.912146 -0.794323 -0.133311 -0.603641 -1.614827 -0.140246 0.304231 -0.644639 0.357046 -0.969579 0.134999 0.048324 -0.841820 0.062835 0.485260 -0.000937 0.233914 0.141985 0.248376 0.652164 0.569339 0.001325 0.267312
76 -0.630572 -0.108502 1.690518 -1.000987 -0.226758 0.005018 0.161334 0.369081 0.431248 0.577007 0.637864 0.133379 0.324764 0.192108 -0.070365 -0.469967 -0.381657 1.687390 -0.123512 -0.951867 0.191057 1.634864 -0.080539 -0.239132 -0.121103 0.784177 -0.174658 -0.766159 1.442181 -0.330476 -0.165726 -1.166855 -0.514491 -0.125566 0.428594 1.164441 -1.599341 0.135243 -0.068619 0.261282 0.635771 1.276459 -0.042325 -0.069562 -0.255988 -0.565495 -0.352698 -0.600618 -0.001189 -0.430167 -0.164824 1.032570 0.150533 -0.008151 -1.204677 -0.413821 0.262806 -0.024653 -0.773563 -1.972518 0.021531 -0.472948 -1.745662 -0.050068 0.639217 -0.385180 -1.780560 0.230726 0.357071 0.599866 1.195119 -0.106896 0.263232 -1.497659 0.286017 0.662369 0.094724 0.129440 0.679330 -0.165207 0.801718 0.339528 0.179163 -0.002374 -0.484338 -0.553631 -0.132335 -0.179783 0.433990 -0.321574 0.448097 -0.037656 -0.382333 -0.221817 -0.798329 0.279163 -0.206263 -0.565678 -0.429423 -0.141370 1.264698 0.536393 0.138767 -0.177792 -0.109012 -0.024754 0.683605 0.144010 -0.066101 0.099450 -0.524573 -0.601846 -0.550061 0.026174 0.024456 1.279941 0.518958 -0.033008 0.369450 0.329601 2.266322 -0.179307 -0.310173 -0.027385 -0.216520 1.205510 0.314230 1.962862 -0.202015 0.020789 -0.210101 -0.167084 -0.136674 0.005032 -0.622384 1.900864 0.037149 -0.297301 0.152338 0.885920 -0.875420 0.419050 -0.044598 0.457241 -1.147407 0.752034 0.234814 0.174388 -0.476695 0.895036 -0.821512 -0.149648 -0.599491 -1.642511 -0.153318 0.272621 -0.616389 0.369950 -0.989959 0.143635 0.020147 -0.864166 0.034068 0.501538 -0.029042 0.259984 0.148026 0.273360 0.662894 0.595952 -0.013722 0.292765
77 -0.627410 -0.109856 1.665512 -0.987614 -0.232774 0.009735 0.165869 0.363122 0.426150 0.569244 0.632330 0.126978 0.321738 0.188657 -0.064408 -0.459845 -0.385208 1.661791 -0.120814 -0.939126 0.187815 1.610322 -0.086242 -0.244826 -0.113780 0.775169 -0.181838 -0.752612 1.420752 -0.326745 -0.156690 -1.151730 -0.510002 -0.134407 0.419689 1.159768 -1.575715 0.128559 -0.062641 0.253580 0.623987 1.259639 -0.047334 -0.077471 -0.252312 -0.556581 -0.347634 -0.593308 0.004166 -0.422119 -0.164768 1.018996 0.144875 -0.013071 -1.188652 -0.411181 0.259000 -0.020803 -0.760492 -1.944610 0.016402 -0.464293 -1.720290 -0.054531 0.630428 -0.379678 -1.754456 0.226672 0.350758 0.588832 1.179326 -0.103406 0.259071 -1.476475 0.280091 0.664237 0.097646 0.128062 0.676111 -0.161664 0.795195 0.331062 0.175744 -0.006247 -0.478022 -0.554631 -0.125921 -0.176190 0.437289 -0.316951 0.442385 -0.037523 -0.374841 -0.222850 -0.784637 0.274958 -0.196959 -0.559934 -0.434184 -0.138349 1.247887 0.527056 0.135720 -0.174850 -0.110667 -0.020702 0.685099 0.143179 -0.073496 0.093950 -0.513853 -0.598504 -0.539251 0.017582 0.018535 1.262871 0.511137 -0.037011 0.362435 0.334294 2.234504 -0.175775 -0.309418 -0.023350 -0.223554 1.193130 0.307341 1.933528 -0.198267 0.025106 -0.206119 -0.162547 -0.130542 -0.000228 -0.623231 1.873031 0.028734 -0.288976 0.159574 0.873869 -0.861011 0.409079 -0.051490 0.449049 -1.132768 0.740469 0.232334 0.167666 -0.467687 0.893377 -0.807989 -0.143538 -0.595623 -1.618625 -0.149967 0.279360 -0.619540 0.365247 -0.977541 0.140646 0.025982 -0.849044 0.039920 0.494339 -0.023249 0.253171 0.146258 0.266179 0.651193 0.585378 -0.009486 0.285899
78 -0.630465 -0.109493 1.694996 -1.003253 -0.225397 0.004485 0.160149 0.370059 0.432641 0.578655 0.638393 0.134653 0.325007 0.192953 -0.072211 -0.472292 -0.380488 1.691765 -0.123719 -0.954106 0.191772 1.639076 -0.078666 -0.237763 -0.121984 0.784805 -0.173207 -0.767440 1.445692 -0.331188 -0.167921 -1.169304 -0.514801 -0.123471 0.428840 1.166556 -1.603414 0.137257 -0.070479 0.263168 0.637825 1.279254 -0.042916 -0.067217 -0.257312 -0.567212 -0.353763 -0.602045 -0.000551 -0.432062 -0.164309 1.034818 0.151499 -0.007739 -1.207304 -0.413617 0.262692 -0.025244 -0.775784 -1.977996 0.022425 -0.472401 -1.750376 -0.050042 0.640686 -0.385931 -1.785276 0.231543 0.357443 0.602070 1.197590 -0.107494 0.263867 -1.501289 0.287577 0.662614 0.095204 0.130584 0.679302 -0.165578 0.802463 0.341670 0.179429 -0.001608 -0.485442 -0.554473 -0.134164 -0.180511 0.432987 -0.322283 0.449162 -0.037649 -0.383949 -0.222595 -0.799032 0.280462 -0.208403 -0.565986 -0.428859 -0.142183 1.267501 0.535718 0.139426 -0.178783 -0.108551 -0.025073 0.683517 0.143916 -0.064166 0.099201 -0.526881 -0.601734 -0.551585 0.028099 0.024830 1.282835 0.520614 -0.033204 0.370726 0.328720 2.272921 -0.179668 -0.310394 -0.027931 -0.214279 1.207154 0.313437 1.968358 -0.202476 0.021454 -0.210365 -0.167422 -0.135940 0.004123 -0.622863 1.906194 0.039774 -0.299205 0.150426 0.888070 -0.878330 0.421276 -0.042673 0.458748 -1.149730 0.754445 0.235590 0.176164 -0.478530 0.895477 -0.824089 -0.149742 -0.599255 -1.646679 -0.153959 0.270681 -0.615780 0.370630 -0.991835 0.144282 0.018255 -0.865822 0.032070 0.502550 -0.030971 0.261852 0.148435 0.274968 0.662520 0.598135 -0.014064 0.294455
79 -0.630399 -0.109784 1.660501 -0.982800 -0.241000 0.015677 0.173499 0.358659 0.422378 0.564061 0.634021 0.119872 0.320233 0.185269 -0.056672 -0.452276 -0.393482 1.657564 -0.115667 -0.934034 0.184599 1.605889 -0.094554 -0.253110 -0.107476 0.776404 -0.190027 -0.749829 1.415987 -0.324360 -0.148275 -1.147070 -0.511836 -0.143277 0.416132 1.164134 -1.570979 0.120662 -0.054876 0.245988 0.617982 1.255313 -0.049788 -0.086508 -0.248144 -0.550113 -0.343626 -0.588675 0.006425 -0.415588 -0.166526 1.014000 0.138259 -0.017552 -1.183913 -0.413502 0.259807 -0.015180 -0.754832 -1.939978 0.009536 -0.464245 -1.715438 -0.058576 0.625070 -0.375932 -1.749953 0.222540 0.346899 0.582184 1.175042 -0.100689 0.255304 -1.472035 0.273366 0.672159 0.098633 0.125199 0.679301 -0.158658 0.797884 0.323377 0.172139 -0.011009 -0.473282 -0.561103 -0.118234 -0.172793 0.445573 -0.312681 0.438129 -0.037445 -0.368023 -0.225190 -0.781390 0.270603 -0.188636 -0.561290 -0.441977 -0.135985 1.243429 0.527320 0.133201 -0.171532 -0.116074 -0.014825 0.693449 0.143091 -0.082138 0.090528 -0.506453 -0.600988 -0.533474 0.009179 0.012956 1.258361 0.505508 -0.040011 0.356216 0.342396 2.229816 -0.172470 -0.314100 -0.017619 -0.232755 1.196530 0.307208 1.928744 -0.194235 0.026846 -0.201841 -0.157639 -0.129465 -0.001888 -0.630192 1.868348 0.019621 -0.280856 0.168328 0.868762 -0.854063 0.401083 -0.059870 0.443071 -1.128383 0.733934 0.229704 0.160316 -0.461288 0.899294 -0.801609 -0.139322 -0.597672 -1.614010 -0.146337 0.288467 -0.628205 0.361905 -0.973185 0.138405 0.034117 -0.844533 0.048227 0.490344 -0.015138 0.245895 0.144629 0.259331 0.649842 0.578651 -0.005352 0.278835
80 -0.635264 -0.110097 1.658231 -0.978602 -0.251534 0.023366 0.183358 0.353446 0.418250 0.558397 0.637428 0.111109 0.318569 0.181135 -0.047201 -0.443838 -0.404399 1.656389 -0.108923 -0.929368 0.180644 1.604248 -0.104904 -0.263765 -0.099666 0.779513 -0.200417 -0.747809 1.413264 -0.321693 -0.138295 -1.143441 -0.515195 -0.154101 0.412037 1.172290 -1.568776 0.111174 -0.045360 0.236940 0.611711 1.252475 -0.053256 -0.097504 -0.243214 -0.542860 -0.338976 -0.583676 0.009624 -0.408153 -0.168966 1.009621 0.129985 -0.023345 -1.180354 -0.417139 0.261278 -0.007898 -0.749269 -1.939092 0.000763 -0.464656 -1.713570 -0.064007 0.619241 -0.371576 -1.748657 0.217474 0.342286 0.575057 1.171981 -0.097301 0.250695 -1.469816 0.265282 0.683548 0.100101 0.121749 0.684508 -0.154858 0.803004 0.314497 0.167518 -0.017089 -0.467876 -0.570775 -0.108876 -0.168606 0.456630 -0.307505 0.433257 -0.037339 -0.360032 -0.228957 -0.778453 0.265454 -0.178782 -0.564069 -0.452500 -0.133156 1.240391 0.528229 0.130107 -0.167515 -0.123304 -0.007100 0.705328 0.143021 -0.092801 0.085990 -0.498309 -0.605120 -0.527165 -0.001057 0.005772 1.255328 0.499211 -0.044076 0.348846 0.353143 2.229858 -0.168277 -0.320913 -0.010213 -0.244154 1.203745 0.307183 1.927740 -0.189176 0.029379 -0.196379 -0.151366 -0.128000 -0.004388 -0.640457 1.867275 0.008758 -0.271175 0.179217 0.863938 -0.847290 0.391878 -0.070204 0.436266 -1.125003 0.727207 0.226560 0.151461 -0.454124 0.908450 -0.795361 -0.133917 -0.601150 -1.612071 -0.141768 0.299935 -0.640129 0.357997 -0.969372 0.135689 0.044202 -0.840463 0.058452 0.485967 -0.005157 0.237234 0.142640 0.251222 0.648811 0.571383 0.000001 0.270404
81 -0.620640 -0.109748 1.688779 -1.005766 -0.208331 -0.007980 0.143567 0.377350 0.438275 0.586204 0.629869 0.148603 0.326878 0.199038 -0.087646 -0.484282 -0.361472 1.683206 -0.135794 -0.957790 0.197664 1.631861 -0.061549 -0.220409 -0.133396 0.775131 -0.157212 -0.764977 1.441948 -0.334541 -0.182824 -1.170143 -0.506726 -0.107188 0.432330 1.150216 -1.597718 0.152583 -0.085942 0.276985 0.644645 1.277868 -0.039191 -0.050038 -0.264979 -0.577550 -0.360319 -0.608563 -0.003529 -0.442822 -0.160084 1.037717 0.164854 0.000713 -1.207613 -0.405899 0.258121 -0.037404 -0.780750 -1.968169 0.036858 -0.467215 -1.743344 -0.042137 0.648237 -0.391764 -1.776887 0.239312 0.363392 0.611040 1.196983 -0.111885 0.270721 -1.496732 0.300530 0.642334 0.094076 0.136375 0.668850 -0.170993 0.790485 0.355188 0.186682 0.008035 -0.493204 -0.537058 -0.149160 -0.186634 0.413671 -0.330169 0.455982 -0.037761 -0.396131 -0.216358 -0.798239 0.288303 -0.222905 -0.558375 -0.411525 -0.145750 1.266422 0.529385 0.143551 -0.184897 -0.095416 -0.038003 0.662178 0.143739 -0.047386 0.104939 -0.538035 -0.593143 -0.558888 0.043418 0.035632 1.281700 0.529292 -0.027655 0.381834 0.310802 2.259877 -0.185927 -0.297091 -0.040308 -0.196038 1.188748 0.309836 1.957980 -0.210523 0.019123 -0.219117 -0.177482 -0.135314 0.005786 -0.604424 1.896677 0.056649 -0.314079 0.133240 0.892331 -0.885408 0.434435 -0.026256 0.468331 -1.150240 0.762657 0.240360 0.190105 -0.488434 0.878317 -0.830460 -0.156958 -0.591588 -1.640460 -0.160949 0.252255 -0.595130 0.375945 -0.994030 0.147694 0.001756 -0.866777 0.015109 0.507754 -0.047445 0.275446 0.151256 0.287447 0.658712 0.607679 -0.022129 0.307592
82 -0.626755 -0.108762 1.691280 -1.003530 -0.219103 -0.000354 0.154095 0.372590 0.434160 0.580957 0.635025 0.139691 0.325692 0.194956 -0.077437 -0.476071 -0.373501 1.687283 -0.128339 -0.954816 0.193754 1.635134 -0.072776 -0.231376 -0.126401 0.781206 -0.167248 -0.766604 1.443316 -0.332194 -0.172988 -1.168890 -0.511716 -0.117680 0.430677 1.158844 -1.600058 0.142355 -0.075717 0.267863 0.639943 1.277868 -0.040592 -0.061376 -0.259594 -0.570564 -0.355880 -0.604011 -0.002637 -0.435539 -0.162934 1.035244 0.156429 -0.004286 -1.206640 -0.410855 0.261278 -0.029820 -0.777134 -1.972395 0.027815 -0.471400 -1.746207 -0.046587 0.643121 -0.388000 -1.780630 0.234242 0.359881 0.604861 1.196665 -0.109073 0.266324 -1.498472 0.291932 0.654276 0.094123 0.132105 0.675288 -0.167641 0.797653 0.346058 0.182242 0.001972 -0.488046 -0.546959 -0.139256 -0.182624 0.425766 -0.325108 0.451399 -0.037686 -0.388065 -0.219528 -0.799214 0.282874 -0.213374 -0.563169 -0.421969 -0.143249 1.266245 0.534395 0.140799 -0.180657 -0.103658 -0.030131 0.675009 0.143914 -0.058268 0.102045 -0.530391 -0.598531 -0.554171 0.033530 0.029241 1.281509 0.523382 -0.030573 0.374622 0.321867 2.265590 -0.182044 -0.305127 -0.032632 -0.207987 1.199686 0.313103 1.962677 -0.205483 0.019695 -0.213765 -0.171343 -0.136720 0.005863 -0.615159 1.900836 0.045301 -0.304294 0.144330 0.889030 -0.880037 0.425625 -0.036968 0.461929 -1.149241 0.756698 0.237017 0.180895 -0.481698 0.888359 -0.825725 -0.152954 -0.596536 -1.643074 -0.156445 0.264131 -0.607723 0.372474 -0.992154 0.145387 0.012612 -0.866160 0.026339 0.504326 -0.036534 0.266357 0.149347 0.279228 0.662129 0.601032 -0.017328 0.298884
83 -0.636370 -0.109538 1.653259 -0.975003 -0.255737 0.026219 0.187225 0.350922 0.415809 0.555128 0.637712 0.107308 0.317690 0.179226 -0.042848 -0.439148 -0.408531 1.651734 -0.106456 -0.925676 0.178856 1.599624 -0.109470 -0.267925 -0.096490 0.779533 -0.204539 -0.745766 1.408894 -0.320227 -0.133495 -1.139725 -0.515702 -0.158919 0.410306 1.172660 -1.564116 0.106594 -0.041006 0.232646 0.607867 1.248690 -0.053954 -0.102583 -0.240689 -0.538911 -0.336625 -0.580799 0.010200 -0.404230 -0.169894 1.005906 0.126562 -0.025463 -1.176505 -0.418118 0.261647 -0.005129 -0.745429 -1.933601 -0.002699 -0.464884 -1.708475 -0.065729 0.615948 -0.369494 -1.743667 0.215220 0.340334 0.570829 1.168423 -0.095870 0.248698 -1.465525 0.261490 0.686683 0.100244 0.119906 0.685636 -0.153349 0.803544 0.309884 0.165768 -0.019533 -0.465112 -0.572961 -0.104562 -0.166748 0.460621 -0.305207 0.430765 -0.037303 -0.356104 -0.229506 -0.776530 0.262856 -0.174067 -0.564356 -0.456025 -0.131758 1.236574 0.528627 0.128700 -0.165551 -0.125890 -0.004361 0.708767 0.142941 -0.097488 0.084660 -0.493687 -0.606017 -0.523701 -0.005609 0.003183 1.251413 0.495782 -0.045220 0.345395 0.356952 2.223633 -0.166624 -0.322766 -0.007405 -0.249201 1.204020 0.307532 1.922203 -0.187123 0.029739 -0.194291 -0.148950 -0.127959 -0.004583 -0.642956 1.861847 0.003427 -0.266571 0.183904 0.860297 -0.842414 0.387181 -0.074780 0.432704 -1.121497 0.722821 0.224966 0.147294 -0.450216 0.910420 -0.790941 -0.132041 -0.601927 -1.607359 -0.139853 0.304756 -0.643976 0.356136 -0.966180 0.134418 0.048687 -0.837440 0.063153 0.483600 -0.000608 0.233055 0.141718 0.247303 0.648343 0.567092 0.001965 0.266398
84 -0.628884 -0.109144 1.679239 -0.995070 -0.228936 0.006794 0.162866 0.366584 0.429095 0.573747 0.635142 0.130935 0.323419 0.190690 -0.068177 -0.465814 -0.382659 1.675773 -0.122640 -0.946267 0.189721 1.623752 -0.082553 -0.241154 -0.118131 0.779845 -0.177386 -0.759943 1.432531 -0.328852 -0.162148 -1.160088 -0.512252 -0.128986 0.424635 1.161932 -1.588677 0.132736 -0.066423 0.258260 0.630705 1.268898 -0.044526 -0.072545 -0.254531 -0.561782 -0.350578 -0.597507 0.001202 -0.426897 -0.164688 1.026559 0.148389 -0.010129 -1.197495 -0.412413 0.260947 -0.023261 -0.767866 -1.959871 0.019657 -0.468817 -1.734199 -0.051879 0.635468 -0.382835 -1.768738 0.229098 0.354352 0.595223 1.188024 -0.105400 0.261517 -1.488101 0.283745 0.662638 0.096023 0.128956 0.677601 -0.163715 0.798471 0.336165 0.177798 -0.003821 -0.481710 -0.553614 -0.129925 -0.178302 0.434862 -0.319697 0.445697 -0.037587 -0.379332 -0.222164 -0.792100 0.277475 -0.202555 -0.562872 -0.431054 -0.140066 1.257141 0.531921 0.137464 -0.176606 -0.109370 -0.023277 0.683666 0.143608 -0.068881 0.097089 -0.520125 -0.600107 -0.545431 0.022805 0.022078 1.272280 0.515709 -0.034689 0.366615 0.331179 2.251880 -0.177845 -0.309451 -0.025914 -0.219079 1.199480 0.310940 1.949567 -0.200537 0.022721 -0.208519 -0.165299 -0.133818 0.002631 -0.622258 1.888256 0.033928 -0.294005 0.155028 0.880656 -0.869169 0.414978 -0.047165 0.453811 -1.140849 0.747079 0.233792 0.171804 -0.472923 0.893801 -0.815652 -0.147064 -0.597530 -1.631728 -0.151973 0.275052 -0.617192 0.367941 -0.984432 0.142337 0.022244 -0.857396 0.036151 0.498426 -0.026957 0.257348 0.147279 0.270521 0.657416 0.591484 -0.012041 0.290078
85 -0.627584 -0.111888 1.614621 -0.957102 -0.257129 0.028097 0.186781 0.345255 0.410809 0.547554 0.626330 0.104068 0.313854 0.176709 -0.041207 -0.430062 -0.405632 1.611501 -0.107114 -0.909270 0.176502 1.561410 -0.110131 -0.268894 -0.090491 0.762633 -0.208225 -0.725545 1.376619 -0.316088 -0.127346 -1.118824 -0.506034 -0.164511 0.398764 1.160326 -1.527712 0.103903 -0.039294 0.227704 0.594256 1.224117 -0.059926 -0.106198 -0.238593 -0.530520 -0.331961 -0.572854 0.017014 -0.397732 -0.167941 0.988116 0.124015 -0.029050 -1.154156 -0.411039 0.254418 -0.004369 -0.729136 -1.889714 -0.004114 -0.449851 -1.669194 -0.069013 0.606461 -0.363764 -1.702772 0.212488 0.333404 0.559320 1.145659 -0.092603 0.245317 -1.433083 0.258470 0.681231 0.103975 0.120370 0.676552 -0.150252 0.789479 0.303802 0.163522 -0.020967 -0.459103 -0.567708 -0.102000 -0.164008 0.457402 -0.301636 0.425221 -0.036987 -0.350640 -0.228857 -0.756183 0.260050 -0.167248 -0.552977 -0.455814 -0.128935 1.212269 0.512209 0.125976 -0.163832 -0.123235 -0.003472 0.702308 0.141745 -0.100790 0.078864 -0.483401 -0.597481 -0.511473 -0.011338 -0.001204 1.226607 0.488592 -0.049198 0.339973 0.356382 2.173144 -0.163865 -0.316793 -0.006458 -0.251156 1.179220 0.295653 1.875958 -0.184838 0.035257 -0.191840 -0.146272 -0.118564 -0.011872 -0.637055 1.818191 -0.000800 -0.261352 0.186882 0.845100 -0.825381 0.378932 -0.077544 0.424940 -1.100992 0.710064 0.223253 0.143885 -0.441543 0.901361 -0.774837 -0.126050 -0.592869 -1.570427 -0.137761 0.306471 -0.640076 0.351286 -0.949490 0.131505 0.049768 -0.816131 0.063943 0.475295 0.000323 0.229215 0.140188 0.242452 0.629373 0.556213 0.004724 0.262157
86 -0.640157 -0.108762 1.662761 -0.978553 -0.258472 0.027956 0.190302 0.350874 0.415792 0.555494 0.641825 0.105583 0.318210 0.178618 -0.040417 -0.439006 -0.412608 1.662075 -0.104203 -0.928693 0.178258 1.609277 -0.112446 -0.270840 -0.095864 0.785158 -0.206586 -0.750918 1.416682 -0.320489 -0.132208 -1.144294 -0.519373 -0.160603 0.412471 1.178165 -1.573080 0.104407 -0.038571 0.231262 0.609751 1.254386 -0.053043 -0.104918 -0.239633 -0.538921 -0.336426 -0.581342 0.008959 -0.403789 -0.171177 1.009420 0.124810 -0.026067 -1.181491 -0.421165 0.264231 -0.003139 -0.748214 -1.944844 -0.004915 -0.469445 -1.718257 -0.066256 0.616725 -0.369725 -1.754069 0.214396 0.340917 0.571846 1.173619 -0.095781 0.248205 -1.473425 0.259803 0.691368 0.099403 0.118574 0.689588 -0.153068 0.808881 0.308789 0.164993 -0.020895 -0.465047 -0.577033 -0.102415 -0.166210 0.464817 -0.304591 0.430736 -0.037317 -0.355153 -0.230632 -0.781423 0.261950 -0.173000 -0.568347 -0.459092 -0.131668 1.242177 0.533770 0.128509 -0.164721 -0.128865 -0.002314 0.713938 0.143301 -0.099787 0.085142 -0.493983 -0.609537 -0.525237 -0.007093 0.002344 1.257105 0.495869 -0.045233 0.344652 0.360259 2.236853 -0.166121 -0.326471 -0.005447 -0.252101 1.212937 0.311103 1.934098 -0.186215 0.028681 -0.193327 -0.147821 -0.130456 -0.002966 -0.647442 1.873010 0.001276 -0.265109 0.186359 0.862933 -0.844939 0.386683 -0.077155 0.432708 -1.126016 0.724163 0.224385 0.145553 -0.450348 0.915462 -0.793433 -0.132270 -0.605416 -1.616528 -0.139023 0.307731 -0.648500 0.356236 -0.969568 0.134397 0.051459 -0.842155 0.066075 0.484543 0.002187 0.231429 0.141491 0.246162 0.653582 0.567785 0.002687 0.264960
87 -0.625144 -0.108907 1.693130 -1.005630 -0.215131 -0.003230 0.150355 0.374716 0.435998 0.583424 0.634009 0.143125 0.326395 0.196612 -0.081216 -0.479644 -0.369427 1.688689 -0.130896 -0.957077 0.195328 1.636684 -0.068709 -0.227352 -0.129374 0.780300 -0.163321 -0.767605 1.445124 -0.333345 -0.177003 -1.170856 -0.510648 -0.113454 0.432201 1.156592 -1.601801 0.146190 -0.079510 0.271519 0.642672 1.279615 -0.039559 -0.057019 -0.261667 -0.573613 -0.357815 -0.606214 -0.003565 -0.438670 -0.162021 1.037425 0.159640 -0.002174 -1.208616 -0.409588 0.260730 -0.032571 -0.779648 -1.973975 0.031153 -0.471115 -1.747965 -0.044692 0.645623 -0.389779 -1.782177 0.236252 0.361664 0.607947 1.198416 -0.110369 0.268150 -1.500143 0.295226 0.650390 0.093771 0.133594 0.673576 -0.169078 0.796100 0.349740 0.183986 0.004285 -0.490315 -0.543778 -0.142998 -0.184272 0.421685 -0.327173 0.453445 -0.037724 -0.391345 -0.218419 -0.800436 0.285020 -0.217339 -0.562303 -0.418218 -0.144399 1.268061 0.533920 0.142019 -0.182306 -0.100940 -0.032999 0.670869 0.143949 -0.054098 0.103590 -0.533855 -0.597169 -0.556795 0.037540 0.031879 1.283341 0.526066 -0.029208 0.377615 0.317919 2.267089 -0.183634 -0.302718 -0.035432 -0.203529 1.197584 0.312910 1.964273 -0.207439 0.018996 -0.215834 -0.173702 -0.137024 0.006479 -0.611708 1.902428 0.049689 -0.308192 0.140105 0.891315 -0.883163 0.429417 -0.032905 0.464748 -1.151085 0.759711 0.238336 0.184460 -0.484711 0.885355 -0.828592 -0.154898 -0.595373 -1.644741 -0.158217 0.259720 -0.603470 0.374078 -0.994049 0.146466 0.008630 -0.867997 0.022285 0.506178 -0.040505 0.269899 0.150153 0.282524 0.662419 0.604162 -0.019287 0.302314
88 -0.642189 -0.108722 1.657480 -0.974042 -0.265013 0.032745 0.196345 0.347066 0.412527 0.551022 0.642757 0.099809 0.316815 0.175771 -0.034183 -0.432644 -0.419045 1.657405 -0.100082 -0.924007 0.175552 1.604492 -0.119075 -0.277420 -0.090660 0.785565 -0.213164 -0.748027 1.411803 -0.318379 -0.125309 -1.139791 -0.520493 -0.167759 0.409241 1.181071 -1.568093 0.098013 -0.032312 0.225025 0.604491 1.250051 -0.055127 -0.112188 -0.236158 -0.533405 -0.333000 -0.577285 0.010927 -0.398319 -0.172499 1.004754 0.119431 -0.029720 -1.176884 -0.422752 0.264647 0.001387 -0.743135 -1.939698 -0.010437 -0.468922 -1.713087 -0.069547 0.612050 -0.366479 -1.749138 0.210948 0.337566 0.566143 1.169377 -0.093479 0.245021 -1.468786 0.254279 0.697418 0.100237 0.116236 0.691762 -0.150522 0.810516 0.302431 0.161993 -0.024715 -0.460985 -0.581957 -0.096182 -0.163358 0.471237 -0.300994 0.427071 -0.037227 -0.349479 -0.232440 -0.778146 0.258305 -0.166148 -0.569028 -0.465202 -0.129645 1.237744 0.533454 0.126368 -0.161954 -0.133088 0.002420 0.720307 0.143161 -0.106742 0.082240 -0.487714 -0.611176 -0.520215 -0.013938 -0.002223 1.252621 0.491068 -0.047724 0.339456 0.366644 2.231453 -0.163341 -0.329985 -0.000837 -0.259431 1.214817 0.310623 1.928780 -0.182871 0.030191 -0.189778 -0.143787 -0.129335 -0.004474 -0.652730 1.867852 -0.006097 -0.258424 0.193369 0.858284 -0.838768 0.379999 -0.083895 0.427616 -1.121747 0.718445 0.222155 0.139559 -0.444898 0.919748 -0.787765 -0.128717 -0.606694 -1.611625 -0.136005 0.314966 -0.655184 0.353330 -0.965443 0.132473 0.057978 -0.837849 0.072711 0.481018 0.008699 0.225458 0.140092 0.240515 0.651873 0.562003 0.006049 0.259137
89 -0.631066 -0.109588 1.663753 -0.984442 -0.240532 0.015263 0.173193 0.359291 0.422896 0.564914 0.634901 0.120475 0.320584 0.185558 -0.057160 -0.453366 -0.393349 1.660885 -0.115877 -0.935579 0.184866 1.609071 -0.094127 -0.252668 -0.108232 0.777730 -0.189383 -0.751514 1.418737 -0.324740 -0.149167 -1.148962 -0.512575 -0.142435 0.417194 1.165001 -1.574040 0.121250 -0.055368 0.246750 0.619347 1.257454 -0.049241 -0.085819 -0.248436 -0.551086 -0.344138 -0.589515 0.005826 -0.416435 -0.166679 1.015666 0.138791 -0.017090 -1.185927 -0.414018 0.260364 -0.015488 -0.756378 -1.943617 0.009976 -0.465409 -1.718723 -0.058168 0.626078 -0.376532 -1.753348 0.222914 0.347613 0.583431 1.177040 -0.100990 0.255713 -1.474773 0.273927 0.672236 0.098294 0.125193 0.679981 -0.158987 0.798964 0.324236 0.172468 -0.010699 -0.473984 -0.561212 -0.118798 -0.173105 0.445456 -0.313158 0.438742 -0.037461 -0.368795 -0.225186 -0.783122 0.270968 -0.189579 -0.562170 -0.441664 -0.136224 1.245558 0.528604 0.133447 -0.171738 -0.116048 -0.015164 0.693594 0.143175 -0.081484 0.091125 -0.507636 -0.601649 -0.534719 0.010014 0.013545 1.260527 0.506358 -0.039591 0.356953 0.342082 2.233991 -0.172796 -0.314369 -0.017952 -0.232191 1.198451 0.308126 1.932577 -0.194601 0.026362 -0.202224 -0.158067 -0.130221 -0.001284 -0.630350 1.871962 0.020368 -0.281668 0.167704 0.870209 -0.855751 0.402131 -0.059274 0.443947 -1.130219 0.735254 0.229884 0.160932 -0.462258 0.899810 -0.803204 -0.139971 -0.598381 -1.617108 -0.146617 0.287937 -0.628143 0.362405 -0.974717 0.138655 0.033664 -0.846410 0.047786 0.491176 -0.015589 0.246544 0.144775 0.260046 0.651374 0.579822 -0.005744 0.279505
90 -0.633381 -0.107908 1.698079 -1.003966 -0.228506 0.006076 0.163388 0.369290 0.431448 0.577517 0.641001 0.132334 0.325264 0.191851 -0.068811 -0.470193 -0.384475 1.695558 -0.121972 -0.954442 0.190799 1.642513 -0.082494 -0.241019 -0.120937 0.788527 -0.175869 -0.770377 1.448421 -0.330832 -0.165107 -1.170645 -0.517275 -0.126508 0.430478 1.168527 -1.606476 0.133871 -0.067068 0.260546 0.637492 1.281079 -0.041484 -0.070987 -0.255408 -0.565844 -0.352775 -0.601284 -0.002291 -0.430098 -0.165726 1.035546 0.149451 -0.008423 -1.208803 -0.416092 0.264793 -0.023379 -0.775971 -1.981391 0.020108 -0.476569 -1.753430 -0.050290 0.640108 -0.385577 -1.788778 0.230320 0.357749 0.600910 1.199361 -0.107018 0.263075 -1.503962 0.285020 0.665627 0.094030 0.128574 0.682259 -0.165190 0.805759 0.339005 0.178758 -0.003253 -0.484525 -0.556481 -0.131007 -0.179575 0.436908 -0.321322 0.448308 -0.037691 -0.381909 -0.222554 -0.802330 0.278704 -0.205804 -0.568743 -0.431435 -0.141474 1.269268 0.540458 0.138798 -0.177351 -0.111099 -0.023460 0.687221 0.144282 -0.067508 0.100003 -0.525135 -0.604471 -0.551501 0.025405 0.024094 1.284564 0.519275 -0.032843 0.369170 0.331780 2.276706 -0.179128 -0.312876 -0.026142 -0.218377 1.212304 0.317076 1.972243 -0.201517 0.019867 -0.209587 -0.166458 -0.138715 0.006408 -0.625526 1.909675 0.035876 -0.296562 0.153869 0.888179 -0.877762 0.419055 -0.046077 0.457580 -1.151140 0.753433 0.234526 0.173359 -0.477148 0.898706 -0.823753 -0.150037 -0.602115 -1.649786 -0.152889 0.274533 -0.619494 0.370233 -0.992816 0.143789 0.021945 -0.868056 0.035986 0.502489 -0.027229 0.259051 0.147960 0.272765 0.667117 0.596844 -0.013340 0.291979
91 -0.636895 -0.108602 1.672713 -0.986398 -0.247471 0.020064 0.180311 0.357118 0.421058 0.562907 0.640545 0.115188 0.320423 0.183211 -0.050760 -0.449762 -0.401906 1.671265 -0.110778 -0.936780 0.182608 1.618513 -0.101411 -0.259873 -0.104600 0.784970 -0.195511 -0.756349 1.425801 -0.323876 -0.143850 -1.152209 -0.517776 -0.148384 0.418098 1.173487 -1.582500 0.115082 -0.048946 0.241638 0.618844 1.262184 -0.049258 -0.092626 -0.245193 -0.548093 -0.341982 -0.587937 0.005380 -0.412907 -0.169002 1.017511 0.133665 -0.019839 -1.189644 -0.418683 0.263825 -0.010514 -0.757104 -1.954869 0.004198 -0.470768 -1.728120 -0.060633 0.624472 -0.375005 -1.763656 0.219971 0.346469 0.581620 1.181196 -0.099587 0.253318 -1.482085 0.268791 0.681368 0.097686 0.122228 0.686096 -0.157209 0.806536 0.319439 0.169823 -0.014486 -0.471651 -0.569005 -0.112743 -0.170842 0.454163 -0.310384 0.436660 -0.037415 -0.364517 -0.227595 -0.787400 0.267815 -0.184548 -0.567521 -0.448798 -0.134974 1.250124 0.534811 0.132006 -0.169161 -0.122089 -0.009993 0.703509 0.143534 -0.088102 0.090109 -0.504623 -0.606926 -0.533907 0.004459 0.009984 1.265175 0.503830 -0.040991 0.353171 0.349678 2.247604 -0.170612 -0.320947 -0.012971 -0.239739 1.210657 0.312273 1.944542 -0.191608 0.025883 -0.199047 -0.154429 -0.132697 -0.000123 -0.638856 1.883116 0.013751 -0.276233 0.174546 0.870957 -0.855590 0.397898 -0.065879 0.441165 -1.133516 0.733837 0.227901 0.155514 -0.459452 0.908446 -0.803258 -0.138288 -0.603413 -1.625878 -0.143894 0.295540 -0.637409 0.360894 -0.976671 0.137546 0.040644 -0.849937 0.054991 0.490392 -0.008593 0.241263 0.143692 0.255560 0.656916 0.577560 -0.003005 0.274523
92 -0.637403 -0.108465 1.675511 -0.987853 -0.247055 0.019694 0.180032 0.357707 0.421579 0.563699 0.641290 0.115722 0.320755 0.183524 -0.051216 -0.450721 -0.401796 1.674126 -0.110937 -0.938153 0.182899 1.621255 -0.101017 -0.259475 -0.105271 0.786109 -0.194926 -0.757874 1.428175 -0.324268 -0.144657 -1.153880 -0.518397 -0.147632 0.419055 1.174251 -1.585135 0.115608 -0.049407 0.242330 0.620067 1.264050 -0.048768 -0.091993 -0.245518 -0.548946 -0.342482 -0.588710 0.004833 -0.413689 -0.169075 1.018986 0.134136 -0.019413 -1.191420 -0.419097 0.264309 -0.010789 -0.758483 -1.958003 0.004582 -0.471805 -1.730955 -0.060255 0.625373 -0.375571 -1.766572 0.220333 0.347114 0.582732 1.182948 -0.099920 0.253717 -1.484447 0.269311 0.681463 0.097403 0.122313 0.686618 -0.157537 0.807437 0.320195 0.170123 -0.014191 -0.472285 -0.569137 -0.113263 -0.171167 0.454077 -0.310822 0.437239 -0.037431 -0.365211 -0.227585 -0.788938 0.268198 -0.185401 -0.568272 -0.448532 -0.135268 1.251995 0.535941 0.132294 -0.169414 -0.122067 -0.010291 0.703643 0.143628 -0.087508 0.090653 -0.505659 -0.607435 -0.535012 0.005211 0.010505 1.267064 0.504616 -0.040623 0.353842 0.349397 2.251189 -0.170932 -0.321192 -0.013266 -0.239220 1.212273 0.313091 1.947831 -0.191937 0.025446 -0.199391 -0.154801 -0.133382 0.000425 -0.639007 1.886228 0.014437 -0.276971 0.173981 0.872239 -0.857077 0.398846 -0.065333 0.441951 -1.135138 0.735007 0.228127 0.156085 -0.460323 0.908875 -0.804664 -0.138882 -0.603966 -1.628536 -0.144184 0.295055 -0.637354 0.361380 -0.978038 0.137837 0.040215 -0.851595 0.054590 0.491152 -0.009015 0.241862 0.143865 0.256204 0.658282 0.578598 -0.003361 0.275137
93 -0.632274 -0.108894 1.675727 -0.990896 -0.237107 0.012669 0.170551 0.362272 0.425396 0.568766 0.637336 0.123925 0.321986 0.187299 -0.060439 -0.458561 -0.391080 1.673148 -0.117398 -0.941754 0.186496 1.620827 -0.090892 -0.249403 -0.112082 0.781844 -0.185410 -0.758036 1.429033 -0.326535 -0.153967 -1.156214 -0.514536 -0.137592 0.421559 1.166728 -1.585358 0.124877 -0.058656 0.250818 0.625225 1.265491 -0.046666 -0.081454 -0.250309 -0.555561 -0.346654 -0.593090 0.003117 -0.420569 -0.166573 1.022216 0.141833 -0.014458 -1.193614 -0.415069 0.262121 -0.017614 -0.762825 -1.956942 0.012809 -0.469460 -1.730872 -0.055771 0.630410 -0.379241 -1.765836 0.224981 0.350741 0.589003 1.184597 -0.102753 0.257800 -1.484903 0.277050 0.670754 0.096762 0.125925 0.681194 -0.160763 0.801803 0.328656 0.174211 -0.008552 -0.477120 -0.560267 -0.122272 -0.174923 0.443289 -0.315479 0.441557 -0.037494 -0.372663 -0.224522 -0.789701 0.273101 -0.194489 -0.564742 -0.438823 -0.137728 1.253604 0.532969 0.134970 -0.173235 -0.114944 -0.017397 0.692269 0.143531 -0.077405 0.093928 -0.513095 -0.602972 -0.540135 0.014632 0.016696 1.268699 0.510286 -0.037507 0.360554 0.339299 2.249168 -0.174575 -0.314416 -0.020185 -0.228209 1.204042 0.311364 1.946610 -0.196528 0.024163 -0.204271 -0.160447 -0.133213 0.001338 -0.629437 1.885283 0.024953 -0.286048 0.163665 0.876070 -0.862864 0.407278 -0.055465 0.448066 -1.137222 0.740980 0.231100 0.164531 -0.466803 0.900050 -0.809887 -0.143098 -0.599976 -1.628544 -0.148331 0.284087 -0.625994 0.364700 -0.980673 0.140136 0.030400 -0.853761 0.044491 0.494705 -0.018810 0.250148 0.145630 0.263812 0.656908 0.585131 -0.008018 0.283104
94 -0.635452 -0.108036 1.691180 -0.998609 -0.235773 0.011328 0.169978 0.365080 0.427892 0.572529 0.641738 0.125967 0.323734 0.188759 -0.061973 -0.463021 -0.391495 1.689169 -0.117621 -0.948940 0.187870 1.636101 -0.089771 -0.248267 -0.115091 0.788486 -0.183219 -0.766568 1.442126 -0.328525 -0.157373 -1.165212 -0.518240 -0.134601 0.426621 1.171510 -1.599951 0.126819 -0.060206 0.253645 0.631364 1.275701 -0.044054 -0.079109 -0.251686 -0.559691 -0.349027 -0.596821 0.000161 -0.424010 -0.167148 1.030028 0.143574 -0.012572 -1.203200 -0.417661 0.264993 -0.018482 -0.769958 -1.974426 0.014072 -0.475514 -1.746596 -0.054042 0.634873 -0.381999 -1.782122 0.226580 0.353981 0.594365 1.194138 -0.104437 0.259627 -1.497965 0.279034 0.672188 0.095190 0.126142 0.684480 -0.162389 0.807184 0.331930 0.175516 -0.007493 -0.480079 -0.561758 -0.124164 -0.176457 0.443894 -0.317428 0.444306 -0.037611 -0.375665 -0.224569 -0.798161 0.274772 -0.198120 -0.569176 -0.438230 -0.139229 1.263789 0.539577 0.136429 -0.174372 -0.115557 -0.018350 0.694058 0.144112 -0.075242 0.096642 -0.518024 -0.606112 -0.545664 0.017728 0.018983 1.279007 0.513930 -0.035703 0.363470 0.338770 2.269229 -0.176099 -0.316477 -0.021143 -0.226529 1.213605 0.316152 1.964981 -0.197907 0.021780 -0.205754 -0.162045 -0.137120 0.004433 -0.631166 1.902664 0.027633 -0.289161 0.161680 0.882738 -0.870572 0.411566 -0.053539 0.451896 -1.145982 0.746916 0.232155 0.166750 -0.471034 0.903252 -0.817120 -0.145983 -0.603345 -1.643309 -0.149617 0.282578 -0.626784 0.367071 -0.987946 0.141647 0.029090 -0.862709 0.043288 0.498517 -0.020113 0.252512 0.146464 0.266518 0.664684 0.590282 -0.009554 0.285605
95 -0.634552 -0.108964 1.671384 -0.987062 -0.243627 0.017260 0.176509 0.358903 0.422624 0.564790 0.638564 0.118355 0.320931 0.184808 -0.054388 -0.452564 -0.397608 1.669278 -0.113507 -0.937717 0.184142 1.616870 -0.097426 -0.255911 -0.107149 0.782642 -0.191877 -0.755708 1.424932 -0.324824 -0.147300 -1.152472 -0.515866 -0.144718 0.418744 1.170120 -1.581240 0.118655 -0.052593 0.244890 0.620412 1.261939 -0.048698 -0.088653 -0.247244 -0.550554 -0.343677 -0.589630 0.004972 -0.415480 -0.167903 1.018240 0.136705 -0.018016 -1.189783 -0.416817 0.262638 -0.013309 -0.758247 -1.952744 0.007464 -0.469322 -1.726599 -0.058978 0.626312 -0.376458 -1.761768 0.221894 0.347814 0.583681 1.181109 -0.100738 0.255023 -1.481100 0.271921 0.676975 0.097702 0.123890 0.683627 -0.158540 0.803751 0.322602 0.171520 -0.012297 -0.473549 -0.565285 -0.116278 -0.172404 0.449822 -0.312294 0.438400 -0.037476 -0.367395 -0.226347 -0.787036 0.269877 -0.187905 -0.565699 -0.445013 -0.136014 1.249961 0.533037 0.133132 -0.170811 -0.119061 -0.012921 0.698767 0.143487 -0.084243 0.091239 -0.507218 -0.604862 -0.535502 0.007979 0.012347 1.264988 0.505952 -0.039864 0.355798 0.345634 2.244772 -0.172133 -0.317950 -0.015792 -0.235527 1.206334 0.311178 1.942232 -0.193498 0.025623 -0.201065 -0.156692 -0.132266 -0.000054 -0.634805 1.881008 0.017690 -0.279710 0.170614 0.872005 -0.857312 0.401007 -0.062066 0.443469 -1.133714 0.735859 0.229229 0.158791 -0.461846 0.904665 -0.804760 -0.139804 -0.601531 -1.624474 -0.145640 0.291323 -0.632806 0.362268 -0.977259 0.138510 0.036764 -0.850035 0.051051 0.491671 -0.012472 0.244527 0.144484 0.258460 0.655766 0.579847 -0.004751 0.277674
96 -0.640354 -0.109064 1.678843 -0.987765 -0.251873 0.023524 0.184715 0.355738 0.420408 0.561928 0.644025 0.111817 0.320186 0.181972 -0.047215 -0.447908 -0.407197 1.678057 -0.107207 -0.937720 0.181344 1.624739 -0.105520 -0.264366 -0.101850 0.789052 -0.199463 -0.758624 1.430346 -0.323460 -0.140861 -1.154358 -0.520900 -0.151990 0.417636 1.180456 -1.588136 0.111732 -0.045402 0.238770 0.618537 1.265324 -0.050606 -0.096374 -0.243755 -0.546410 -0.340841 -0.587203 0.006490 -0.411030 -0.170151 1.018788 0.130283 -0.022103 -1.192117 -0.421293 0.265459 -0.007185 -0.757582 -1.962900 0.000385 -0.472612 -1.734653 -0.062984 0.623519 -0.373945 -1.770656 0.218236 0.345179 0.580663 1.183830 -0.098697 0.251781 -1.486958 0.265927 0.687985 0.098242 0.121099 0.689812 -0.155916 0.811340 0.316887 0.167899 -0.016996 -0.470259 -0.575070 -0.109376 -0.169524 0.459663 -0.308608 0.435494 -0.037409 -0.362047 -0.230044 -0.788883 0.266338 -0.181676 -0.570562 -0.453849 -0.134447 1.253169 0.536997 0.131221 -0.167949 -0.125974 -0.006270 0.710293 0.143572 -0.091983 0.088392 -0.503065 -0.609981 -0.533078 0.001127 0.007037 1.268302 0.502490 -0.042674 0.350803 0.354692 2.257567 -0.169057 -0.325455 -0.009533 -0.243957 1.218389 0.313349 1.952826 -0.189567 0.026858 -0.196679 -0.151687 -0.132755 -0.000975 -0.645064 1.890929 0.010327 -0.273105 0.178610 0.871613 -0.855979 0.395606 -0.069674 0.439525 -1.135657 0.733406 0.226980 0.152457 -0.457935 0.914512 -0.803568 -0.136342 -0.606123 -1.631742 -0.142242 0.300025 -0.643600 0.359918 -0.977872 0.136983 0.044524 -0.851489 0.058949 0.489784 -0.004779 0.238405 0.143140 0.252928 0.658612 0.576472 -0.000805 0.271719
97 -0.630097 -0.109858 1.664207 -0.985400 -0.238475 0.013761 0.171188 0.360398 0.423938 0.566223 0.634200 0.122293 0.320940 0.186464 -0.059230 -0.455245 -0.391148 1.661068 -0.117321 -0.936650 0.185738 1.609365 -0.091915 -0.250586 -0.109688 0.776949 -0.187433 -0.751699 1.419272 -0.325380 -0.151242 -1.149827 -0.511846 -0.140322 0.417738 1.163896 -1.574478 0.123349 -0.057436 0.248672 0.620640 1.258135 -0.048960 -0.083534 -0.249638 -0.552705 -0.345182 -0.590687 0.005621 -0.418101 -0.166139 1.016687 0.140499 -0.016086 -1.186772 -0.413215 0.259895 -0.016967 -0.757527 -1.943920 0.011740 -0.464847 -1.719154 -0.057291 0.627371 -0.377451 -1.753629 0.223996 0.348464 0.584984 1.177736 -0.101639 0.256689 -1.475253 0.275743 0.670243 0.098305 0.126152 0.678968 -0.159722 0.797952 0.326212 0.173376 -0.009490 -0.475194 -0.559622 -0.120821 -0.173985 0.443281 -0.314256 0.439839 -0.037474 -0.370560 -0.224692 -0.783357 0.272179 -0.191601 -0.561510 -0.439797 -0.136843 1.246278 0.527907 0.134096 -0.172689 -0.114508 -0.016690 0.691413 0.143210 -0.079312 0.091747 -0.509421 -0.600808 -0.535945 0.012028 0.014827 1.261250 0.507773 -0.039036 0.358545 0.340043 2.234191 -0.173629 -0.312985 -0.019464 -0.229847 1.196965 0.307652 1.932793 -0.195643 0.026231 -0.203331 -0.159311 -0.130053 -0.001271 -0.628593 1.872252 0.022707 -0.283745 0.165519 0.871299 -0.857300 0.404090 -0.057132 0.445433 -1.131014 0.736819 0.230670 0.162858 -0.463841 0.898232 -0.804594 -0.140842 -0.597618 -1.617502 -0.147566 0.285641 -0.625938 0.363258 -0.975586 0.139220 0.031503 -0.847018 0.045559 0.492090 -0.017772 0.248471 0.145222 0.261815 0.651053 0.581448 -0.006702 0.281359
98 -0.637302 -0.107710 1.694251 -0.999404 -0.237705 0.012703 0.172001 0.364502 0.427378 0.572032 0.643526 0.124516 0.323709 0.188074 -0.060196 -0.462165 -0.393932 1.692683 -0.116154 -0.949506 0.187208 1.639314 -0.091809 -0.250305 -0.114110 0.790785 -0.184940 -0.768145 1.444590 -0.328273 -0.155971 -1.166437 -0.519879 -0.136219 0.426988 1.174161 -1.602856 0.125150 -0.058418 0.252265 0.631396 1.277386 -0.044021 -0.080967 -0.250740 -0.558998 -0.348431 -0.596440 -0.000001 -0.423079 -0.167891 1.030818 0.142148 -0.013338 -1.204582 -0.419119 0.266076 -0.017065 -0.770386 -1.978256 0.012458 -0.477182 -1.749817 -0.054743 0.634542 -0.381593 -1.785635 0.225754 0.353708 0.594015 1.195629 -0.104008 0.258948 -1.500485 0.277595 0.674820 0.094969 0.125213 0.686420 -0.161884 0.809582 0.330698 0.174777 -0.008587 -0.479479 -0.564032 -0.122493 -0.175803 0.446388 -0.316669 0.443746 -0.037603 -0.374532 -0.225281 -0.799602 0.273865 -0.196797 -0.570869 -0.440243 -0.138829 1.265419 0.541517 0.135984 -0.173599 -0.117341 -0.016867 0.696952 0.144213 -0.077067 0.096381 -0.517355 -0.607795 -0.545597 0.016226 0.017992 1.280676 0.513281 -0.036071 0.362443 0.340940 2.273858 -0.175481 -0.318472 -0.019714 -0.228625 1.217485 0.317439 1.969043 -0.197076 0.021614 -0.204869 -0.161043 -0.137891 0.004806 -0.633679 1.906465 0.025863 -0.287722 0.163584 0.883169 -0.870831 0.410498 -0.055377 0.451220 -1.147199 0.746736 0.231551 0.165261 -0.470362 0.905901 -0.817397 -0.145536 -0.604957 -1.646328 -0.148830 0.284708 -0.629463 0.366649 -0.988715 0.141300 0.031048 -0.863977 0.045269 0.498366 -0.018175 0.251053 0.146130 0.265318 0.666442 0.589826 -0.008791 0.284230
99 -0.627031 -0.109751 1.670347 -0.990861 -0.229621 0.007377 0.163046 0.365257 0.427991 0.571857 0.632599 0.129923 0.322627 0.190130 -0.067475 -0.463434 -0.382350 1.666431 -0.122751 -0.942371 0.189214 1.614897 -0.083060 -0.241689 -0.116573 0.775999 -0.178552 -0.755159 1.425021 -0.327979 -0.160331 -1.155161 -0.510075 -0.130715 0.421889 1.159240 -1.580280 0.131776 -0.065718 0.256841 0.627317 1.263203 -0.046039 -0.073823 -0.254069 -0.559722 -0.349524 -0.595715 0.002880 -0.425135 -0.164295 1.022321 0.147594 -0.011149 -1.192217 -0.410881 0.259239 -0.022983 -0.763898 -1.949715 0.019107 -0.465393 -1.725116 -0.052805 0.633229 -0.381549 -1.759270 0.228457 0.352747 0.592265 1.182733 -0.104645 0.260768 -1.480640 0.282905 0.661738 0.097048 0.129120 0.675687 -0.163027 0.795310 0.334472 0.177292 -0.004355 -0.480321 -0.552648 -0.129041 -0.177679 0.434463 -0.318873 0.444451 -0.037574 -0.377882 -0.222074 -0.787384 0.276838 -0.200615 -0.560308 -0.431355 -0.139435 1.251478 0.528150 0.136859 -0.176238 -0.108835 -0.022983 0.682515 0.143334 -0.070020 0.095642 -0.517470 -0.598292 -0.542381 0.021141 0.020924 1.266519 0.513876 -0.035642 0.365235 0.331345 2.240146 -0.177236 -0.308126 -0.025580 -0.219988 1.193776 0.308232 1.938846 -0.199990 0.024102 -0.207947 -0.164615 -0.131584 0.000866 -0.621132 1.878121 0.032484 -0.292474 0.156102 0.877027 -0.864985 0.412754 -0.048145 0.451928 -1.136060 0.743970 0.233476 0.170726 -0.470790 0.891970 -0.811675 -0.145557 -0.595605 -1.623190 -0.151499 0.275866 -0.616664 0.366900 -0.980531 0.141693 0.022827 -0.852354 0.036716 0.496504 -0.026403 0.256244 0.146993 0.269167 0.653087 0.588786 -0.011232 0.288922
100 -0.632011 -0.108514 1.687825 -0.998632 -0.230590 0.007705 0.164842 0.367030 0.429502 0.574560 0.638600 0.130101 0.324068 0.190532 -0.066774 -0.466435 -0.385472 1.684982 -0.121274 -0.949394 0.189572 1.632406 -0.084399 -0.242965 -0.118195 0.784637 -0.178497 -0.764673 1.439672 -0.329366 -0.161771 -1.164572 -0.515294 -0.129773 0.426848 1.166405 -1.596800 0.131568 -0.065013 0.257753 0.632858 1.274276 -0.043570 -0.073828 -0.254071 -0.562540 -0.350851 -0.598508 -0.000027 -0.427105 -0.165694 1.030152 0.147512 -0.010295 -1.202344 -0.414893 0.263105 -0.022120 -0.770776 -1.969901 0.018392 -0.472776 -1.743010 -0.051998 0.636762 -0.383466 -1.778037 0.228838 0.355307 0.596677 1.192975 -0.105586 0.261529 -1.495307 0.282964 0.665967 0.095266 0.128107 0.680855 -0.163821 0.802913 0.335957 0.177539 -0.004625 -0.482192 -0.556523 -0.128771 -0.178200 0.437793 -0.319645 0.446153 -0.037628 -0.379210 -0.222908 -0.796648 0.277153 -0.202345 -0.566241 -0.433046 -0.140215 1.262456 0.536376 0.137557 -0.176242 -0.111409 -0.022139 0.687384 0.143939 -0.070145 0.097809 -0.521105 -0.603040 -0.547278 0.022225 0.021902 1.277664 0.516316 -0.034415 0.366619 0.333315 2.263590 -0.177805 -0.312207 -0.024819 -0.220849 1.206923 0.314042 1.960137 -0.200207 0.021688 -0.208202 -0.164881 -0.136049 0.004139 -0.625508 1.898205 0.032846 -0.293552 0.156445 0.883429 -0.872128 0.415318 -0.048509 0.454505 -1.145250 0.748992 0.233592 0.170971 -0.473747 0.897756 -0.818449 -0.147651 -0.600476 -1.639999 -0.151643 0.276890 -0.620368 0.368432 -0.987855 0.142550 0.023932 -0.861873 0.037937 0.499683 -0.025286 0.256636 0.147262 0.270189 0.662111 0.592823 -0.011769 0.289529
101 -0.626002 -0.109024 1.687762 -1.001940 -0.219263 -0.000256 0.154034 0.372183 0.433830 0.580311 0.633983 0.139415 0.325444 0.194830 -0.077278 -0.475246 -0.373257 1.683524 -0.128547 -0.953355 0.193651 1.631596 -0.072858 -0.231460 -0.125904 0.779637 -0.167601 -0.764716 1.440351 -0.331930 -0.172371 -1.167010 -0.510809 -0.118291 0.429652 1.157689 -1.596736 0.142089 -0.075558 0.267424 0.638665 1.275667 -0.041178 -0.061792 -0.259527 -0.569903 -0.355576 -0.603438 -0.001988 -0.434942 -0.162767 1.033647 0.156251 -0.004634 -1.204614 -0.410215 0.260564 -0.029850 -0.775616 -1.968317 0.027735 -0.470034 -1.742586 -0.046894 0.642375 -0.387606 -1.776838 0.234106 0.359360 0.603760 1.194628 -0.108836 0.266149 -1.495535 0.291755 0.653770 0.094554 0.132253 0.674506 -0.167463 0.796338 0.345511 0.182157 0.001826 -0.487632 -0.546418 -0.139032 -0.182470 0.425480 -0.324912 0.451034 -0.037697 -0.387634 -0.219436 -0.797391 0.282738 -0.212710 -0.562120 -0.421979 -0.143054 1.264056 0.532885 0.140624 -0.180602 -0.103308 -0.030176 0.674390 0.143814 -0.058611 0.101535 -0.529451 -0.597801 -0.553034 0.032979 0.028903 1.279278 0.522762 -0.030888 0.374221 0.321790 2.260844 -0.181911 -0.304468 -0.032643 -0.208255 1.197297 0.312027 1.958364 -0.205389 0.020234 -0.213679 -0.171211 -0.135833 0.005172 -0.614552 1.896754 0.044819 -0.303830 0.144654 0.887668 -0.878484 0.424872 -0.037242 0.461329 -1.147418 0.755597 0.236979 0.180584 -0.480992 0.887547 -0.824228 -0.152438 -0.595774 -1.639678 -0.156361 0.264352 -0.607377 0.372179 -0.990698 0.145189 0.012723 -0.864199 0.026453 0.503669 -0.036442 0.266059 0.149290 0.278811 0.660440 0.600092 -0.017069 0.298575
102 -0.620862 -0.110399 1.667496 -0.992804 -0.218930 -0.000092 0.152731 0.369774 0.431742 0.576779 0.627482 0.138598 0.323669 0.193995 -0.077386 -0.471302 -0.370497 1.662196 -0.129806 -0.945046 0.192902 1.611407 -0.072105 -0.230852 -0.123492 0.770110 -0.168542 -0.753757 1.423433 -0.330106 -0.170009 -1.156148 -0.505187 -0.120240 0.423708 1.150244 -1.577632 0.141680 -0.075648 0.265702 0.631893 1.262880 -0.044249 -0.062627 -0.259084 -0.566299 -0.353680 -0.599873 0.001581 -0.432138 -0.161466 1.024525 0.155760 -0.006073 -1.192950 -0.406012 0.256316 -0.030317 -0.767383 -1.945115 0.027925 -0.461668 -1.721934 -0.048239 0.637992 -0.385084 -1.755241 0.233271 0.356142 0.598237 1.182788 -0.107414 0.264921 -1.478574 0.291078 0.649747 0.096660 0.133038 0.669183 -0.166255 0.788189 0.343238 0.181542 0.001612 -0.485125 -0.542703 -0.138644 -0.181507 0.422534 -0.323649 0.448709 -0.037622 -0.385591 -0.218743 -0.786620 0.281923 -0.209995 -0.555639 -0.420830 -0.141834 1.251375 0.523654 0.139507 -0.180215 -0.100916 -0.030617 0.669728 0.143130 -0.059289 0.098723 -0.524806 -0.592858 -0.547027 0.030927 0.027282 1.266394 0.519488 -0.032587 0.372130 0.320369 2.234005 -0.180949 -0.300351 -0.033006 -0.208164 1.183024 0.305416 1.933853 -0.204788 0.023165 -0.213051 -0.170529 -0.130643 0.001254 -0.610381 1.873669 0.043632 -0.301984 0.145131 0.880039 -0.870048 0.421318 -0.037639 0.457992 -1.136777 0.749537 0.236544 0.179663 -0.477184 0.881794 -0.816174 -0.149648 -0.590633 -1.620283 -0.155804 0.264092 -0.604071 0.370116 -0.982136 0.143915 0.012242 -0.853058 0.025767 0.499725 -0.037003 0.264959 0.148769 0.277094 0.650108 0.595087 -0.016051 0.297251
103 -0.636628 -0.108674 1.672426 -0.986457 -0.247001 0.019700 0.179820 0.357358 0.421272 0.563156 0.640287 0.115601 0.320502 0.183417 -0.051228 -0.450116 -0.401363 1.670853 -0.111172 -0.936880 0.182807 1.618166 -0.100905 -0.259372 -0.104917 0.784638 -0.195069 -0.756180 1.425588 -0.324002 -0.144278 -1.152214 -0.517524 -0.147956 0.418149 1.173076 -1.582224 0.115541 -0.049417 0.242064 0.619011 1.262101 -0.049239 -0.092144 -0.245469 -0.548424 -0.342212 -0.588185 0.005380 -0.413243 -0.168885 1.017586 0.134074 -0.019635 -1.189626 -0.418452 0.263645 -0.010890 -0.757205 -1.954445 0.004630 -0.470526 -1.727794 -0.060455 0.624726 -0.375206 -1.763268 0.220232 0.346646 0.581861 1.181139 -0.099713 0.253556 -1.481865 0.269223 0.680809 0.097735 0.122442 0.685812 -0.157379 0.806174 0.319850 0.170062 -0.014224 -0.471926 -0.568514 -0.113204 -0.171041 0.453609 -0.310659 0.436907 -0.037429 -0.364908 -0.227456 -0.787294 0.268093 -0.184968 -0.567272 -0.448341 -0.135087 1.250053 0.534525 0.132134 -0.169371 -0.121673 -0.010394 0.702895 0.143521 -0.087623 0.090230 -0.504947 -0.606691 -0.534081 0.004891 0.010277 1.265097 0.504111 -0.040863 0.353534 0.349161 2.247062 -0.170815 -0.320529 -0.013348 -0.239225 1.210051 0.312084 1.944078 -0.191876 0.025898 -0.199331 -0.154732 -0.132583 -0.000173 -0.638322 1.882683 0.014230 -0.276688 0.174066 0.871071 -0.855785 0.398296 -0.065401 0.441468 -1.133512 0.734093 0.228077 0.155936 -0.459760 0.907982 -0.803420 -0.138463 -0.603198 -1.625576 -0.144125 0.295027 -0.636830 0.361089 -0.976732 0.137652 0.040147 -0.849882 0.054492 0.490564 -0.009099 0.241698 0.143798 0.255940 0.656709 0.577845 -0.003209 0.274947
104 -0.636539 -0.110230 1.635939 -0.964604 -0.264219 0.032524 0.194507 0.344877 0.410655 0.547653 0.635733 0.099360 0.315123 0.175201 -0.034759 -0.428859 -0.415682 1.634601 -0.101773 -0.915478 0.175059 1.582960 -0.117811 -0.276288 -0.088501 0.775335 -0.213686 -0.736538 1.393865 -0.316694 -0.123287 -1.128517 -0.514391 -0.169402 0.403200 1.172902 -1.547778 0.098012 -0.032881 0.223687 0.597621 1.236623 -0.058255 -0.112604 -0.236058 -0.530006 -0.331346 -0.573906 0.014566 -0.395772 -0.170994 0.995366 0.119338 -0.030992 -1.164752 -0.418144 0.260058 0.000503 -0.734664 -1.914901 -0.009810 -0.460085 -1.691092 -0.070747 0.607801 -0.364146 -1.726062 0.210415 0.334473 0.560617 1.156990 -0.092227 0.244070 -1.450791 0.254048 0.692687 0.102492 0.117341 0.685906 -0.149519 0.801648 0.300447 0.161655 -0.024684 -0.458712 -0.577592 -0.096248 -0.162641 0.467677 -0.300028 0.424989 -0.037191 -0.347775 -0.231549 -0.766909 0.257823 -0.163762 -0.562049 -0.463560 -0.128594 1.224464 0.523665 0.125432 -0.161848 -0.130191 0.001520 0.714840 0.142451 -0.106980 0.079509 -0.483179 -0.605772 -0.514145 -0.015633 -0.003580 1.239092 0.488000 -0.049315 0.337702 0.364635 2.202679 -0.162623 -0.325299 -0.001612 -0.258851 1.199283 0.303659 1.902561 -0.182563 0.033210 -0.189463 -0.143405 -0.123906 -0.008517 -0.647825 1.843160 -0.006888 -0.256993 0.193409 0.850459 -0.830187 0.376739 -0.083838 0.424494 -1.110691 0.712415 0.221966 0.139037 -0.441284 0.913296 -0.779540 -0.126054 -0.601113 -1.590960 -0.135740 0.314213 -0.651170 0.351479 -0.956645 0.131355 0.056979 -0.826220 0.071538 0.477162 0.007608 0.224776 0.139733 0.239111 0.641051 0.557087 0.006893 0.258222
105 -0.639518 -0.109183 1.654447 -0.973787 -0.261379 0.030245 0.192693 0.348393 0.413683 0.552397 0.640296 0.102672 0.317037 0.177077 -0.037595 -0.434913 -0.414732 1.653735 -0.102655 -0.924088 0.176804 1.601211 -0.115253 -0.273691 -0.092717 0.782479 -0.209899 -0.746310 1.409498 -0.318982 -0.128327 -1.138997 -0.518189 -0.164468 0.409182 1.177318 -1.565232 0.101364 -0.035732 0.227873 0.605325 1.248639 -0.054945 -0.108491 -0.237928 -0.535305 -0.334288 -0.578400 0.010960 -0.400432 -0.171365 1.004562 0.122169 -0.028179 -1.175905 -0.420610 0.263134 -0.001180 -0.743453 -1.935760 -0.007411 -0.466666 -1.709885 -0.068180 0.613253 -0.367465 -1.745542 0.212564 0.338381 0.567590 1.168177 -0.094311 0.246362 -1.466355 0.257050 0.692979 0.100432 0.117777 0.688964 -0.151536 0.807178 0.305200 0.163416 -0.022699 -0.462414 -0.578233 -0.099439 -0.164625 0.466884 -0.302548 0.428351 -0.037254 -0.351919 -0.231271 -0.776688 0.260051 -0.169033 -0.566706 -0.461571 -0.130400 1.236402 0.530808 0.127212 -0.163362 -0.130108 -0.000227 0.715505 0.143043 -0.103185 0.082934 -0.489722 -0.608780 -0.521135 -0.010855 -0.000280 1.251263 0.492687 -0.046912 0.341606 0.362795 2.226611 -0.164550 -0.326883 -0.003405 -0.255427 1.209530 0.308868 1.924554 -0.184483 0.030280 -0.191480 -0.145741 -0.128351 -0.004861 -0.648670 1.863954 -0.002443 -0.261464 0.189716 0.858558 -0.839593 0.382537 -0.080364 0.429362 -1.120902 0.719731 0.223255 0.142522 -0.446701 0.915727 -0.788436 -0.129774 -0.604434 -1.608645 -0.137478 0.310969 -0.650606 0.354273 -0.965125 0.133152 0.054299 -0.836864 0.068897 0.481729 0.005003 0.228353 0.140704 0.243047 0.649660 0.563639 0.004541 0.261879
106 -0.632810 -0.109347 1.665526 -0.984499 -0.243065 0.017005 0.175697 0.358362 0.422123 0.563946 0.636470 0.118482 0.320436 0.184689 -0.054821 -0.451745 -0.396290 1.663069 -0.114156 -0.935418 0.184039 1.611009 -0.096750 -0.255266 -0.106740 0.779653 -0.191707 -0.752477 1.420057 -0.324341 -0.147016 -1.149354 -0.514040 -0.144806 0.417105 1.167531 -1.575716 0.118946 -0.053021 0.244749 0.618650 1.258252 -0.049476 -0.088415 -0.247273 -0.549755 -0.343260 -0.588725 0.005921 -0.414937 -0.167422 1.015673 0.136897 -0.018202 -1.186423 -0.415403 0.261299 -0.013739 -0.756023 -1.945978 0.007891 -0.466764 -1.720609 -0.059157 0.625208 -0.375839 -1.755492 0.221823 0.347002 0.582337 1.177699 -0.100413 0.254801 -1.476196 0.272032 0.675274 0.098253 0.124224 0.681815 -0.158297 0.801099 0.322305 0.171501 -0.012093 -0.472990 -0.563758 -0.116554 -0.172254 0.448435 -0.312099 0.437863 -0.037450 -0.367097 -0.225992 -0.783912 0.269807 -0.187511 -0.563635 -0.444203 -0.135721 1.246299 0.530197 0.132884 -0.170820 -0.118045 -0.013350 0.696864 0.143273 -0.083981 0.090564 -0.506177 -0.603209 -0.533969 0.007809 0.012146 1.261283 0.505212 -0.040212 0.355445 0.344753 2.236917 -0.171979 -0.316429 -0.016192 -0.234990 1.201787 0.309169 1.935098 -0.193505 0.026403 -0.201068 -0.156729 -0.130748 -0.001140 -0.633123 1.874288 0.017812 -0.279540 0.170272 0.869928 -0.855055 0.400311 -0.061736 0.442720 -1.130656 0.734301 0.229185 0.158879 -0.460977 0.902537 -0.802611 -0.139172 -0.599845 -1.618865 -0.145630 0.290733 -0.631296 0.361760 -0.974827 0.138199 0.036191 -0.846874 0.050395 0.490636 -0.013061 0.244546 0.144379 0.258280 0.652666 0.578636 -0.004673 0.277610
107 -0.641041 -0.109525 1.642501 -0.965805 -0.269841 0.036378 0.200187 0.343046 0.409121 0.545892 0.639986 0.095054 0.314948 0.173305 -0.029563 -0.425742 -0.422480 1.642174 -0.097815 -0.916089 0.173240 1.589848 -0.123687 -0.282072 -0.085476 0.780725 -0.218671 -0.739892 1.398921 -0.315950 -0.118810 -1.130625 -0.518312 -0.174340 0.403647 1.179364 -1.553949 0.092968 -0.027673 0.219462 0.596879 1.239939 -0.058447 -0.118217 -0.233465 -0.527438 -0.329561 -0.572532 0.014403 -0.392769 -0.172824 0.996410 0.115202 -0.033290 -1.167190 -0.421716 0.262618 0.004447 -0.734857 -1.923131 -0.014439 -0.464007 -1.697926 -0.072796 0.606339 -0.362844 -1.733601 0.208045 0.333438 0.558864 1.159856 -0.091044 0.242131 -1.456106 0.249915 0.699871 0.102144 0.115023 0.690623 -0.148064 0.807367 0.296448 0.159543 -0.027730 -0.456766 -0.583649 -0.091323 -0.160805 0.474549 -0.297785 0.423256 -0.037161 -0.344227 -0.233457 -0.769895 0.255284 -0.159519 -0.566058 -0.469290 -0.127543 1.227616 0.528213 0.124236 -0.159784 -0.134884 0.005619 0.722615 0.142710 -0.112395 0.078553 -0.480505 -0.609836 -0.513191 -0.020234 -0.006501 1.242331 0.485819 -0.050510 0.334572 0.370694 2.212650 -0.160859 -0.330324 0.002346 -0.265014 1.208433 0.306685 1.911338 -0.180173 0.032991 -0.186921 -0.140484 -0.125626 -0.007796 -0.654437 1.851293 -0.012394 -0.252454 0.198984 0.850740 -0.829594 0.373105 -0.089209 0.422108 -1.112890 0.710965 0.220386 0.134587 -0.438845 0.919976 -0.779159 -0.124569 -0.604981 -1.597353 -0.133560 0.320382 -0.658511 0.350220 -0.957852 0.130416 0.062621 -0.828569 0.077388 0.476383 0.013282 0.220474 0.138864 0.235393 0.645049 0.555014 0.009153 0.254169
108 -0.634374 -0.109180 1.665644 -0.983656 -0.245988 0.019077 0.178505 0.357012 0.420974 0.562441 0.637693 0.116061 0.320065 0.183558 -0.052084 -0.449457 -0.399462 1.663561 -0.112228 -0.934400 0.182961 1.611323 -0.099749 -0.258234 -0.104756 0.781003 -0.194497 -0.752527 1.419957 -0.323658 -0.144284 -1.148737 -0.515232 -0.147739 0.416416 1.169771 -1.575823 0.116205 -0.050275 0.242242 0.617171 1.257922 -0.050048 -0.091516 -0.245827 -0.547822 -0.342016 -0.587427 0.006379 -0.412898 -0.168183 1.014775 0.134618 -0.019647 -1.185857 -0.416633 0.261993 -0.011715 -0.754800 -1.946499 0.005459 -0.467543 -1.720819 -0.060459 0.623736 -0.374752 -1.755910 0.220438 0.345949 0.580515 1.177298 -0.099573 0.253584 -1.476208 0.269726 0.678430 0.098395 0.123111 0.683465 -0.157343 0.802837 0.319816 0.170287 -0.013762 -0.471557 -0.566373 -0.113883 -0.171134 0.451625 -0.310712 0.436576 -0.037429 -0.364894 -0.226883 -0.783783 0.268333 -0.184843 -0.564737 -0.447046 -0.134980 1.245916 0.531175 0.132081 -0.169666 -0.120177 -0.011245 0.700234 0.143295 -0.086956 0.089626 -0.504016 -0.604574 -0.532502 0.005049 0.010342 1.260897 0.503530 -0.041102 0.353457 0.347730 2.237760 -0.170899 -0.318469 -0.014142 -0.238235 1.204362 0.309752 1.935689 -0.192142 0.026737 -0.199622 -0.155067 -0.130863 -0.001354 -0.635957 1.874781 0.014718 -0.276865 0.173307 0.868839 -0.853415 0.397840 -0.064649 0.440931 -1.130110 0.732577 0.228277 0.156376 -0.459084 0.905169 -0.801128 -0.137951 -0.601073 -1.619040 -0.144391 0.293961 -0.634650 0.360769 -0.974095 0.137511 0.039104 -0.846334 0.053385 0.489599 -0.010154 0.242085 0.143841 0.256034 0.653172 0.576744 -0.003310 0.275246
109 -0.644206 -0.110057 1.625164 -0.953688 -0.284158 0.046784 0.212996 0.334406 0.401854 0.535517 0.640320 0.082313 0.311718 0.167174 -0.016108 -0.410899 -0.435913 1.625653 -0.089391 -0.903842 0.167438 1.573494 -0.137932 -0.296314 -0.073510 0.778998 -0.233383 -0.730553 1.383438 -0.311179 -0.103159 -1.118102 -0.519243 -0.190739 0.395061 1.184095 -1.537565 0.078985 -0.014173 0.205576 0.583621 1.227096 -0.064059 -0.134410 -0.226160 -0.514743 -0.321942 -0.563188 0.019843 -0.380314 -0.175359 0.984026 0.103496 -0.041744 -1.154198 -0.424077 0.262265 0.014028 -0.721566 -1.905145 -0.026346 -0.460534 -1.680675 -0.080467 0.595329 -0.355430 -1.716496 0.200611 0.325497 0.544977 1.147513 -0.085814 0.235203 -1.441187 0.238026 0.712180 0.104859 0.110469 0.694066 -0.142420 0.808755 0.282096 0.153100 -0.036181 -0.447622 -0.593491 -0.077780 -0.154588 0.487927 -0.289963 0.415056 -0.037034 -0.331593 -0.237316 -0.759823 0.247503 -0.143904 -0.565801 -0.482547 -0.123029 1.214626 0.524919 0.119485 -0.153954 -0.143319 0.015624 0.735352 0.142280 -0.127798 0.071453 -0.465675 -0.612198 -0.500625 -0.035759 -0.016888 1.229118 0.474775 -0.056440 0.323007 0.384277 2.192971 -0.154802 -0.336808 0.012159 -0.281115 1.208462 0.303770 1.892492 -0.172989 0.037289 -0.179295 -0.131672 -0.121600 -0.012343 -0.664904 1.833227 -0.028857 -0.237601 0.214532 0.838712 -0.814037 0.357774 -0.104024 0.410401 -1.100928 0.697147 0.215752 0.121416 -0.426199 0.928058 -0.764725 -0.116099 -0.606497 -1.581018 -0.127106 0.336267 -0.672374 0.343719 -0.946839 0.126089 0.076622 -0.816077 0.091672 0.467932 0.027190 0.207411 0.135915 0.222776 0.638526 0.541253 0.016824 0.241403
110 -0.636132 -0.110155 1.639579 -0.967080 -0.261688 0.030610 0.192232 0.346589 0.412133 0.549689 0.635855 0.101682 0.315836 0.176422 -0.037187 -0.431645 -0.413375 1.638051 -0.103328 -0.917955 0.176219 1.586380 -0.115279 -0.273750 -0.090744 0.775892 -0.211032 -0.738515 1.397072 -0.317695 -0.126151 -1.131114 -0.514368 -0.166478 0.404929 1.172313 -1.551206 0.100535 -0.035324 0.226263 0.600184 1.239313 -0.057210 -0.109721 -0.237497 -0.532470 -0.332873 -0.575807 0.013523 -0.398123 -0.170568 0.997892 0.121492 -0.029454 -1.167449 -0.417834 0.260200 -0.001266 -0.737267 -1.918686 -0.007650 -0.460937 -1.694700 -0.069351 0.610001 -0.365649 -1.729643 0.211870 0.336066 0.563246 1.159569 -0.093272 0.245454 -1.453922 0.256293 0.690608 0.102027 0.118236 0.685456 -0.150649 0.801610 0.303105 0.162915 -0.023170 -0.460529 -0.575914 -0.098721 -0.163871 0.465385 -0.301573 0.426644 -0.037245 -0.350166 -0.230879 -0.769027 0.259356 -0.166637 -0.562269 -0.461252 -0.129515 1.227180 0.524494 0.126393 -0.163002 -0.128690 -0.000339 0.712680 0.142558 -0.104216 0.080869 -0.485983 -0.605507 -0.516558 -0.012799 -0.001642 1.241845 0.490142 -0.048191 0.339920 0.362227 2.206823 -0.163828 -0.324206 -0.003422 -0.256010 1.199594 0.304360 1.906514 -0.183954 0.032401 -0.190941 -0.145072 -0.124740 -0.007626 -0.646036 1.846932 -0.003942 -0.259751 0.190639 0.852865 -0.833248 0.379627 -0.081173 0.426779 -1.113190 0.715134 0.222913 0.141451 -0.443738 0.912046 -0.782365 -0.127670 -0.601009 -1.594370 -0.137007 0.311414 -0.648796 0.352819 -0.958933 0.132241 0.054466 -0.828755 0.069008 0.478874 0.005106 0.227213 0.140351 0.241452 0.642528 0.559749 0.005498 0.260628
111 -0.638095 -0.109430 1.654024 -0.974526 -0.258815 0.028318 0.190153 0.349736 0.414885 0.553821 0.639131 0.104848 0.317497 0.178254 -0.040060 -0.436937 -0.411918 1.652861 -0.104540 -0.924992 0.177942 1.600559 -0.112583 -0.271052 -0.094514 0.781141 -0.207463 -0.746163 1.409324 -0.319748 -0.130706 -1.139524 -0.517035 -0.162029 0.409797 1.175295 -1.564836 0.103806 -0.038211 0.230132 0.606560 1.248847 -0.054519 -0.105830 -0.239415 -0.537160 -0.335567 -0.579729 0.010616 -0.402267 -0.170659 1.005362 0.124269 -0.026927 -1.176362 -0.419463 0.262418 -0.003108 -0.744443 -1.934852 -0.005184 -0.465907 -1.709337 -0.067037 0.614703 -0.368593 -1.744755 0.213964 0.339442 0.569120 1.168472 -0.095172 0.247630 -1.466116 0.259247 0.690123 0.100445 0.118959 0.687464 -0.152539 0.805500 0.307428 0.164653 -0.021229 -0.463848 -0.575806 -0.101862 -0.165776 0.464058 -0.303957 0.429680 -0.037320 -0.353978 -0.230429 -0.776737 0.261552 -0.171357 -0.565642 -0.459080 -0.131187 1.236663 0.529843 0.128060 -0.164565 -0.128088 -0.002255 0.712425 0.143055 -0.100590 0.083777 -0.491623 -0.607543 -0.522372 -0.008454 0.001375 1.251508 0.494255 -0.046099 0.343499 0.360108 2.225286 -0.165684 -0.324941 -0.005350 -0.252637 1.206916 0.308299 1.923527 -0.185848 0.030056 -0.192949 -0.147359 -0.128174 -0.004731 -0.646039 1.863039 0.000222 -0.263909 0.187096 0.859511 -0.841040 0.384761 -0.077798 0.431099 -1.121379 0.721343 0.224251 0.144782 -0.448496 0.913386 -0.789693 -0.130888 -0.603331 -1.608150 -0.138746 0.308182 -0.647615 0.355347 -0.965822 0.133892 0.051685 -0.837212 0.066248 0.482763 0.002372 0.230628 0.141308 0.245083 0.649172 0.565383 0.003339 0.264097
112 -0.636414 -0.108827 1.669007 -0.984468 -0.248364 0.020701 0.180957 0.356325 0.420404 0.561820 0.639714 0.114262 0.320050 0.182796 -0.049893 -0.448275 -0.402440 1.667423 -0.110456 -0.934940 0.182227 1.614850 -0.102254 -0.260700 -0.103568 0.783626 -0.196560 -0.754394 1.422621 -0.323417 -0.142505 -1.150016 -0.517088 -0.149736 0.416839 1.172767 -1.578996 0.114089 -0.048079 0.240525 0.617111 1.259732 -0.049985 -0.093829 -0.244751 -0.546848 -0.341331 -0.586958 0.006143 -0.411745 -0.168971 1.015545 0.132872 -0.020551 -1.187311 -0.418279 0.263246 -0.010013 -0.755178 -1.950680 0.003477 -0.469536 -1.724334 -0.061263 0.623261 -0.374290 -1.759745 0.219460 0.345626 0.579979 1.178902 -0.099154 0.252805 -1.478959 0.267989 0.681620 0.098150 0.122119 0.685605 -0.156777 0.805533 0.318198 0.169400 -0.015042 -0.470805 -0.569098 -0.111819 -0.170400 0.454657 -0.309792 0.435919 -0.037416 -0.363462 -0.227706 -0.785437 0.267291 -0.183170 -0.566663 -0.449499 -0.134613 1.247675 0.533469 0.131642 -0.168821 -0.122276 -0.009479 0.703694 0.143433 -0.089205 0.089344 -0.503047 -0.606424 -0.532320 0.003191 0.009168 1.262681 0.502729 -0.041542 0.352208 0.350341 2.242789 -0.170186 -0.320779 -0.012443 -0.240814 1.208735 0.311300 1.940134 -0.191133 0.026507 -0.198552 -0.153836 -0.131820 -0.000869 -0.638922 1.878927 0.012469 -0.275037 0.175633 0.869208 -0.853484 0.396452 -0.066896 0.440040 -1.131405 0.732183 0.227633 0.154542 -0.458193 0.908187 -0.801267 -0.137439 -0.602845 -1.622317 -0.143490 0.296559 -0.637863 0.360309 -0.974903 0.137188 0.041495 -0.847725 0.055871 0.489410 -0.007748 0.240304 0.143499 0.254524 0.655265 0.576046 -0.002398 0.273573
113 -0.633502 -0.108893 1.675696 -0.990351 -0.239399 0.014182 0.172664 0.361402 0.424733 0.567794 0.638268 0.122135 0.321847 0.186586 -0.058413 -0.456865 -0.393546 1.673280 -0.116091 -0.941086 0.185826 1.620880 -0.093163 -0.251683 -0.110598 0.782819 -0.187581 -0.758019 1.428848 -0.326182 -0.151885 -1.155838 -0.515419 -0.139948 0.421058 1.168576 -1.585316 0.122825 -0.056630 0.248993 0.624120 1.265284 -0.047216 -0.083879 -0.249407 -0.554231 -0.345888 -0.592335 0.003558 -0.419137 -0.167144 1.021638 0.140198 -0.015594 -1.193258 -0.416002 0.262576 -0.016175 -0.761899 -1.957136 0.011018 -0.469993 -1.730875 -0.056804 0.629468 -0.378590 -1.765946 0.224080 0.350062 0.587644 1.184349 -0.102197 0.257049 -1.484845 0.275478 0.673242 0.097030 0.125261 0.682493 -0.160152 0.803099 0.326823 0.173423 -0.009819 -0.476228 -0.562286 -0.120316 -0.174200 0.445775 -0.314606 0.440788 -0.037513 -0.371130 -0.225241 -0.789590 0.272171 -0.192473 -0.565559 -0.441103 -0.137274 1.253363 0.533630 0.134468 -0.172515 -0.116458 -0.015917 0.694869 0.143590 -0.079695 0.093214 -0.511488 -0.604050 -0.539025 0.012505 0.015345 1.268439 0.509166 -0.038206 0.359212 0.341578 2.249525 -0.173887 -0.315874 -0.018724 -0.230755 1.205841 0.311746 1.946799 -0.195632 0.024517 -0.203324 -0.159284 -0.133202 0.001072 -0.631602 1.885412 0.022545 -0.284101 0.166032 0.875330 -0.861658 0.405473 -0.057681 0.446843 -1.136909 0.739781 0.230589 0.162702 -0.465483 0.902148 -0.808786 -0.142195 -0.600952 -1.628524 -0.147527 0.286627 -0.628626 0.364145 -0.980257 0.139715 0.032573 -0.853302 0.046770 0.494064 -0.016656 0.248409 0.145339 0.262188 0.657270 0.583773 -0.006966 0.281457
114 -0.632874 -0.108507 1.685602 -0.996750 -0.233482 0.009769 0.167500 0.365460 0.428191 0.572680 0.639019 0.127564 0.323554 0.189406 -0.064034 -0.463644 -0.388344 1.683006 -0.119492 -0.947428 0.188508 1.630388 -0.087333 -0.245866 -0.115955 0.784853 -0.181384 -0.763549 1.437612 -0.328561 -0.158729 -1.162698 -0.515781 -0.132973 0.425543 1.167684 -1.594701 0.128739 -0.062268 0.255028 0.630594 1.272478 -0.044426 -0.077064 -0.252665 -0.560190 -0.349465 -0.596834 0.000754 -0.424733 -0.166229 1.028195 0.145168 -0.011864 -1.200420 -0.415583 0.263302 -0.020179 -0.768605 -1.967709 0.015978 -0.472680 -1.740822 -0.053391 0.634807 -0.382156 -1.775944 0.227424 0.353942 0.594182 1.191221 -0.104702 0.260243 -1.493367 0.280589 0.668642 0.095641 0.127202 0.681783 -0.162820 0.803611 0.333161 0.176307 -0.006283 -0.480493 -0.558675 -0.126043 -0.177065 0.440667 -0.318158 0.444660 -0.037615 -0.376758 -0.223644 -0.795357 0.275670 -0.199331 -0.566563 -0.435743 -0.139463 1.260618 0.536357 0.136747 -0.175154 -0.113251 -0.020116 0.690193 0.143922 -0.073224 0.096616 -0.518361 -0.603742 -0.545116 0.019214 0.019949 1.275795 0.514279 -0.035452 0.364399 0.336120 2.261254 -0.176698 -0.313750 -0.022836 -0.224120 1.207703 0.313951 1.957869 -0.198810 0.022294 -0.206730 -0.163177 -0.135653 0.003574 -0.627816 1.896001 0.029565 -0.290640 0.159558 0.881466 -0.869476 0.412413 -0.051485 0.452363 -1.143490 0.746555 0.232742 0.168352 -0.471435 0.899655 -0.816004 -0.146173 -0.601038 -1.637923 -0.150430 0.280111 -0.623330 0.367285 -0.986164 0.141834 0.026799 -0.860083 0.040884 0.498237 -0.022420 0.254046 0.146741 0.267724 0.661537 0.590345 -0.010322 0.287022
115 -0.637643 -0.108827 1.668319 -0.983583 -0.250957 0.022362 0.183317 0.355323 0.419627 0.560592 0.640551 0.112189 0.319897 0.182038 -0.047558 -0.446206 -0.405161 1.666892 -0.109084 -0.933931 0.181532 1.614269 -0.104853 -0.263287 -0.101858 0.784440 -0.199085 -0.754128 1.421896 -0.323024 -0.140001 -1.149284 -0.517889 -0.152573 0.416160 1.174521 -1.578353 0.111704 -0.045741 0.238350 0.615609 1.259134 -0.050629 -0.096698 -0.243767 -0.545305 -0.340463 -0.586020 0.006669 -0.409968 -0.169574 1.014627 0.131003 -0.021865 -1.186570 -0.419202 0.263639 -0.008459 -0.753849 -1.950116 0.001469 -0.469993 -1.723662 -0.062416 0.622119 -0.373541 -1.759172 0.218481 0.344853 0.578192 1.178292 -0.098557 0.251993 -1.478376 0.266185 0.684225 0.098491 0.121440 0.686906 -0.156148 0.806707 0.316017 0.168567 -0.016495 -0.469754 -0.571156 -0.109551 -0.169629 0.457402 -0.308822 0.435028 -0.037459 -0.361661 -0.228384 -0.785071 0.266261 -0.180720 -0.567389 -0.452009 -0.134125 1.247035 0.534047 0.131116 -0.168061 -0.123887 -0.007901 0.706434 0.143509 -0.091888 0.088518 -0.501062 -0.607498 -0.530866 0.000661 0.007662 1.262011 0.501330 -0.042309 0.350633 0.352863 2.242248 -0.169481 -0.322264 -0.010866 -0.243793 1.210253 0.311640 1.939527 -0.190164 0.026925 -0.197564 -0.152604 -0.131745 -0.001181 -0.641164 1.878299 0.009613 -0.272764 0.178404 0.868126 -0.851890 0.394264 -0.069479 0.438642 -1.130759 0.730689 0.227112 0.152402 -0.456646 0.910371 -0.799761 -0.136394 -0.603819 -1.621680 -0.142640 0.299498 -0.640723 0.359693 -0.974210 0.136745 0.043996 -0.846894 0.058479 0.488610 -0.005281 0.238270 0.143201 0.252605 0.655499 0.574402 -0.001200 0.271662
116 -0.641909 -0.109511 1.642498 -0.965399 -0.271485 0.037458 0.201708 0.342439 0.408657 0.545154 0.640640 0.093737 0.314865 0.172839 -0.028076 -0.424497 -0.424253 1.642280 -0.096878 -0.915587 0.172807 1.589899 -0.125345 -0.283709 -0.084422 0.781419 -0.220238 -0.739907 1.398797 -0.315719 -0.117272 -1.130342 -0.518928 -0.176086 0.403305 1.180624 -1.553938 0.091460 -0.026187 0.218114 0.596041 1.239791 -0.058814 -0.120002 -0.232847 -0.526511 -0.329036 -0.571987 0.014687 -0.391673 -0.173225 0.995976 0.114004 -0.034106 -1.166918 -0.422375 0.262945 0.005460 -0.734160 -1.923268 -0.015730 -0.464437 -1.697933 -0.073518 0.605675 -0.362398 -1.733692 0.207434 0.332980 0.557815 1.159675 -0.090692 0.241624 -1.456079 0.248766 0.701598 0.102327 0.114572 0.691540 -0.147680 0.808269 0.295103 0.159012 -0.028657 -0.456126 -0.585029 -0.089891 -0.160330 0.476335 -0.297179 0.422718 -0.037192 -0.343104 -0.233911 -0.769849 0.254642 -0.158022 -0.566640 -0.470895 -0.127257 1.227437 0.528730 0.123921 -0.159305 -0.135976 0.006660 0.724436 0.142751 -0.114075 0.078057 -0.479327 -0.610601 -0.512361 -0.021783 -0.007448 1.242141 0.484970 -0.050969 0.333585 0.372314 2.212890 -0.160418 -0.331374 0.003385 -0.266882 1.209682 0.307008 1.911484 -0.179554 0.033221 -0.186277 -0.139687 -0.125657 -0.007942 -0.655932 1.851385 -0.014164 -0.251037 0.200719 0.850184 -0.828740 0.371784 -0.090832 0.421267 -1.112659 0.710124 0.220051 0.133235 -0.437922 0.921464 -0.778344 -0.123934 -0.605683 -1.597350 -0.133026 0.322232 -0.660376 0.349850 -0.957545 0.130159 0.064212 -0.828244 0.079051 0.475930 0.014852 0.219194 0.138680 0.234191 0.645366 0.554057 0.009906 0.252968
117 -0.640048 -0.109797 1.638502 -0.963993 -0.269956 0.036504 0.200100 0.342567 0.408737 0.545146 0.638750 0.094727 0.314649 0.173190 -0.029414 -0.424808 -0.422151 1.637982 -0.097948 -0.914424 0.173146 1.585877 -0.123736 -0.282137 -0.084913 0.778922 -0.219023 -0.737851 1.395581 -0.315651 -0.118160 -1.128491 -0.517241 -0.174957 0.402511 1.177991 -1.550183 0.092698 -0.027524 0.218965 0.595460 1.237431 -0.059031 -0.118603 -0.233399 -0.526659 -0.329208 -0.571813 0.015059 -0.392090 -0.172549 0.994596 0.114961 -0.033632 -1.164898 -0.420924 0.261821 0.004440 -0.733174 -1.918551 -0.014550 -0.462504 -1.693851 -0.073092 0.605446 -0.362367 -1.729343 0.207883 0.332819 0.557634 1.157540 -0.090842 0.241907 -1.452770 0.249667 0.699254 0.102571 0.115232 0.689601 -0.147878 0.805803 0.295828 0.159415 -0.027861 -0.456232 -0.583050 -0.091086 -0.160658 0.474199 -0.297518 0.422804 -0.037170 -0.343704 -0.233305 -0.767853 0.255138 -0.158801 -0.564836 -0.469225 -0.127394 1.225134 0.526535 0.124098 -0.159761 -0.134537 0.005618 0.721883 0.142610 -0.112732 0.078004 -0.479444 -0.608884 -0.511923 -0.020815 -0.006887 1.239797 0.485103 -0.050847 0.334068 0.370584 2.207331 -0.160707 -0.329641 0.002367 -0.265228 1.205676 0.305510 1.906499 -0.180023 0.033537 -0.186777 -0.140304 -0.124692 -0.008492 -0.653755 1.846735 -0.012845 -0.251944 0.199291 0.849194 -0.827867 0.372267 -0.089479 0.421419 -1.110811 0.709716 0.220364 0.134256 -0.438045 0.918983 -0.777491 -0.124005 -0.603997 -1.593522 -0.133479 0.320553 -0.658058 0.349854 -0.956182 0.130253 0.062706 -0.826386 0.077455 0.475610 0.013351 0.220119 0.138813 0.234912 0.643168 0.553955 0.009413 0.253792
118 -0.637634 -0.108106 1.685009 -0.993698 -0.242881 0.016397 0.176441 0.361113 0.424545 0.567807 0.642636 0.119783 0.322371 0.185840 -0.055296 -0.456143 -0.398429 1.683516 -0.113420 -0.943860 0.185115 1.630404 -0.096911 -0.255378 -0.109489 0.788717 -0.190400 -0.763221 1.436480 -0.326396 -0.149861 -1.160288 -0.519325 -0.142531 0.423091 1.174611 -1.594126 0.119945 -0.053505 0.246953 0.625574 1.270876 -0.046440 -0.087074 -0.248133 -0.553886 -0.345498 -0.592630 0.002408 -0.418146 -0.168575 1.024967 0.137879 -0.016570 -1.198127 -0.419317 0.265300 -0.013753 -0.764332 -1.968247 0.008207 -0.474789 -1.740494 -0.057636 0.629976 -0.378656 -1.776219 0.223032 0.350482 0.588117 1.189443 -0.102019 0.256380 -1.492614 0.273253 0.678653 0.096271 0.123801 0.686816 -0.159778 0.808779 0.325101 0.172454 -0.011628 -0.475882 -0.566942 -0.117502 -0.173516 0.450815 -0.313747 0.440546 -0.037562 -0.369668 -0.226488 -0.794470 0.271026 -0.190665 -0.569786 -0.444881 -0.137128 1.258858 0.539045 0.134214 -0.171546 -0.119938 -0.013431 0.700831 0.144002 -0.082808 0.093493 -0.511232 -0.607877 -0.540153 0.010257 0.014092 1.274005 0.508839 -0.038398 0.358012 0.345627 2.262614 -0.173265 -0.320073 -0.016318 -0.234557 1.215206 0.315508 1.958539 -0.194476 0.023532 -0.202133 -0.157855 -0.135756 0.002680 -0.636746 1.896433 0.019569 -0.282019 0.169341 0.877689 -0.863851 0.404365 -0.060841 0.446542 -1.141323 0.740804 0.229934 0.160331 -0.465253 0.907881 -0.810906 -0.142156 -0.604730 -1.637541 -0.146520 0.290494 -0.633992 0.364127 -0.983517 0.139655 0.036090 -0.857840 0.050442 0.494817 -0.013150 0.246176 0.145073 0.260484 0.662700 0.584084 -0.005907 0.279459
119 -0.631026 -0.109666 1.664485 -0.985139 -0.239926 0.014691 0.172573 0.359867 0.423442 0.565560 0.634931 0.121134 0.320882 0.185987 -0.057837 -0.454139 -0.392780 1.661468 -0.116464 -0.936287 0.185290 1.609698 -0.093461 -0.252030 -0.108845 0.777816 -0.188759 -0.751945 1.419412 -0.325132 -0.149895 -1.149702 -0.512545 -0.141815 0.417650 1.164943 -1.574736 0.121939 -0.056049 0.247477 0.619998 1.258153 -0.049076 -0.085146 -0.248965 -0.551880 -0.344679 -0.590202 0.005649 -0.417122 -0.166592 1.016403 0.139450 -0.016734 -1.186674 -0.413946 0.260338 -0.016056 -0.757025 -1.944301 0.010606 -0.465560 -1.719418 -0.057842 0.626814 -0.377071 -1.753991 0.223421 0.348145 0.584111 1.177728 -0.101306 0.256226 -1.475452 0.274668 0.671722 0.098309 0.125559 0.679932 -0.159380 0.798934 0.324987 0.172923 -0.010322 -0.474632 -0.560751 -0.119500 -0.173523 0.444896 -0.313720 0.439345 -0.037503 -0.369551 -0.225023 -0.783634 0.271513 -0.190315 -0.562204 -0.441150 -0.136522 1.246270 0.528742 0.133765 -0.172155 -0.115544 -0.015786 0.693025 0.143237 -0.080803 0.091473 -0.508402 -0.601643 -0.535336 0.010704 0.014084 1.261231 0.507022 -0.039311 0.357682 0.341455 2.234680 -0.173233 -0.313977 -0.018535 -0.231541 1.198378 0.308242 1.933244 -0.195098 0.026241 -0.202772 -0.158623 -0.130344 -0.001151 -0.629860 1.872608 0.021078 -0.282477 0.167055 0.870880 -0.856598 0.402942 -0.058597 0.444683 -1.130934 0.736079 0.230268 0.161617 -0.463014 0.899572 -0.803952 -0.140411 -0.598419 -1.617768 -0.147056 0.287298 -0.627578 0.362922 -0.975416 0.138947 0.032986 -0.846991 0.047126 0.491740 -0.016293 0.247285 0.145020 0.260733 0.651720 0.580605 -0.006091 0.280257
120 -0.636585 -0.109806 1.647398 -0.971487 -0.258899 0.028486 0.189926 0.348863 0.414092 0.552562 0.637156 0.104428 0.316887 0.177870 -0.039888 -0.435486 -0.411264 1.645907 -0.104797 -0.922212 0.177585 1.593969 -0.112564 -0.271030 -0.093645 0.778225 -0.207905 -0.742674 1.403790 -0.319083 -0.129786 -1.135957 -0.515353 -0.162809 0.407893 1.172990 -1.558585 0.103454 -0.038037 0.229427 0.604287 1.244640 -0.055485 -0.106302 -0.239117 -0.535826 -0.334847 -0.578489 0.011726 -0.401238 -0.170325 1.002340 0.123969 -0.027466 -1.172548 -0.418237 0.261144 -0.003114 -0.741695 -1.927259 -0.005283 -0.463355 -1.702578 -0.067539 0.613180 -0.367706 -1.737690 0.213576 0.338356 0.567218 1.164587 -0.094639 0.247142 -1.460555 0.258864 0.689016 0.101086 0.119051 0.685895 -0.152065 0.803041 0.306498 0.164366 -0.021420 -0.462939 -0.574744 -0.101545 -0.165357 0.463327 -0.303449 0.428829 -0.037290 -0.353169 -0.230262 -0.773314 0.261143 -0.170339 -0.563674 -0.458871 -0.130708 1.232506 0.527048 0.127611 -0.164304 -0.127475 -0.002270 0.711125 0.142810 -0.100989 0.082866 -0.489963 -0.606080 -0.520354 -0.009263 0.000773 1.247265 0.493085 -0.046664 0.342711 0.359815 2.216509 -0.165279 -0.323754 -0.005331 -0.252814 1.202561 0.306295 1.915526 -0.185554 0.030963 -0.192639 -0.147011 -0.126592 -0.005938 -0.644836 1.855486 -0.000385 -0.263140 0.187433 0.856937 -0.838177 0.383468 -0.078114 0.429871 -1.117880 0.719231 0.223990 0.144310 -0.447114 0.911674 -0.786980 -0.129950 -0.601794 -1.601796 -0.138453 0.308299 -0.646743 0.354605 -0.962994 0.133404 0.051740 -0.833612 0.066270 0.481431 0.002410 0.230100 0.141080 0.244373 0.645980 0.563604 0.003747 0.263505
121 -0.637814 -0.110073 1.638600 -0.965578 -0.265327 0.033173 0.195636 0.344834 0.410667 0.547700 0.637015 0.098659 0.315332 0.175018 -0.033822 -0.428611 -0.417175 1.637432 -0.101078 -0.916286 0.174886 1.585622 -0.118952 -0.277415 -0.088147 0.777015 -0.214576 -0.737927 1.396001 -0.316802 -0.122623 -1.129790 -0.515526 -0.170276 0.403743 1.174749 -1.550275 0.097132 -0.031948 0.223088 0.597988 1.238234 -0.058145 -0.113642 -0.235746 -0.529927 -0.331286 -0.574084 0.014338 -0.395489 -0.171447 0.996320 0.118680 -0.031345 -1.166134 -0.419131 0.260794 0.001183 -0.735305 -1.918024 -0.010630 -0.461398 -1.693799 -0.071063 0.607999 -0.364220 -1.728938 0.210157 0.334618 0.560703 1.158453 -0.092165 0.243933 -1.453009 0.253464 0.694343 0.102385 0.116961 0.687238 -0.149430 0.803309 0.299924 0.161424 -0.025246 -0.458688 -0.578971 -0.095416 -0.162467 0.469199 -0.299850 0.424994 -0.037225 -0.347376 -0.231970 -0.768259 0.257548 -0.163178 -0.563268 -0.464771 -0.128552 1.226036 0.525144 0.125362 -0.161598 -0.131157 0.002207 0.716629 0.142571 -0.107959 0.079539 -0.483066 -0.606953 -0.514414 -0.016355 -0.003974 1.240687 0.487940 -0.049410 0.337399 0.365861 2.206339 -0.162475 -0.326466 -0.000933 -0.260066 1.201940 0.304677 1.905847 -0.182282 0.033027 -0.189167 -0.143010 -0.124538 -0.008163 -0.649338 1.846224 -0.007869 -0.256356 0.194456 0.851142 -0.830757 0.376384 -0.084811 0.424420 -1.111971 0.712699 0.221825 0.138325 -0.441218 0.915042 -0.780095 -0.126002 -0.602275 -1.593502 -0.135483 0.315443 -0.652818 0.351542 -0.957611 0.131339 0.058037 -0.827451 0.072676 0.477420 0.008660 0.224151 0.139693 0.238607 0.642553 0.557151 0.007251 0.257679
122 -0.622967 -0.109384 1.686936 -1.003286 -0.213698 -0.004212 0.148644 0.374693 0.435951 0.583059 0.631490 0.144015 0.326107 0.196949 -0.082486 -0.479515 -0.367132 1.681929 -0.132333 -0.955056 0.195680 1.630383 -0.067134 -0.225801 -0.129616 0.776795 -0.162356 -0.764240 1.440045 -0.333171 -0.177482 -1.167888 -0.508393 -0.112821 0.430769 1.153237 -1.595971 0.147307 -0.080779 0.272141 0.641253 1.275939 -0.040224 -0.055953 -0.262262 -0.573549 -0.357894 -0.605834 -0.002703 -0.438718 -0.161339 1.035112 0.160601 -0.001959 -1.205367 -0.407788 0.259107 -0.033751 -0.777681 -1.966620 0.032397 -0.468270 -1.741563 -0.044482 0.645094 -0.389615 -1.775391 0.236734 0.361294 0.607045 1.195058 -0.110351 0.268449 -1.495020 0.296149 0.647608 0.094374 0.134363 0.671300 -0.169251 0.792831 0.350210 0.184483 0.004963 -0.490327 -0.541279 -0.144106 -0.184567 0.419310 -0.327549 0.453433 -0.037742 -0.391800 -0.217715 -0.797298 0.285516 -0.217682 -0.559846 -0.416539 -0.144377 1.264422 0.530728 0.142081 -0.182768 -0.099147 -0.034243 0.667814 0.143743 -0.052994 0.103214 -0.533456 -0.595143 -0.555637 0.038143 0.032301 1.279650 0.525853 -0.029242 0.377968 0.316075 2.258427 -0.183960 -0.300433 -0.036590 -0.202119 1.192001 0.310692 1.956489 -0.208006 0.019724 -0.216468 -0.174409 -0.135415 0.005416 -0.609009 1.895106 0.050647 -0.308890 0.138928 0.889524 -0.881404 0.429477 -0.031733 0.464686 -1.148165 0.758757 0.238681 0.185313 -0.484521 0.882423 -0.826826 -0.154664 -0.593369 -1.638771 -0.158703 0.258238 -0.600901 0.374020 -0.991857 0.146423 0.007180 -0.864875 0.020740 0.505538 -0.041999 0.270717 0.150285 0.283051 0.659146 0.603595 -0.019617 0.303052
123 -0.635532 -0.110199 1.640489 -0.968026 -0.260108 0.029457 0.190749 0.347479 0.412909 0.550729 0.635503 0.103066 0.316160 0.177117 -0.038704 -0.433116 -0.411772 1.638800 -0.104356 -0.918959 0.176882 1.587177 -0.113661 -0.272162 -0.091951 0.775608 -0.209477 -0.739021 1.397953 -0.318196 -0.127770 -1.132025 -0.513983 -0.164804 0.405609 1.171489 -1.552071 0.102082 -0.036846 0.227739 0.601342 1.240147 -0.056763 -0.107985 -0.238354 -0.533754 -0.333686 -0.576737 0.013111 -0.399405 -0.170212 0.998875 0.122788 -0.028594 -1.168368 -0.417364 0.260016 -0.002374 -0.738360 -1.919517 -0.006310 -0.460911 -1.695582 -0.068575 0.611066 -0.366403 -1.730451 0.212704 0.336827 0.564535 1.160398 -0.093820 0.246217 -1.454747 0.257624 0.689084 0.101872 0.118849 0.684822 -0.151259 0.801050 0.304608 0.163641 -0.022243 -0.461478 -0.574669 -0.100227 -0.164563 0.463791 -0.302434 0.427507 -0.037268 -0.351510 -0.230422 -0.769631 0.260246 -0.168237 -0.561978 -0.459768 -0.130004 1.228039 0.524397 0.126913 -0.163691 -0.127622 -0.001494 0.711069 0.142599 -0.102556 0.081523 -0.487419 -0.605009 -0.517671 -0.011196 -0.000573 1.242714 0.491260 -0.047625 0.341144 0.360672 2.207647 -0.164500 -0.323282 -0.004546 -0.254248 1.198847 0.304356 1.907356 -0.184762 0.032089 -0.191801 -0.146046 -0.124915 -0.007329 -0.644699 1.847769 -0.002182 -0.261339 0.188966 0.853873 -0.834596 0.381178 -0.079557 0.427964 -1.114050 0.716420 0.223475 0.142892 -0.444998 0.910919 -0.783599 -0.128484 -0.600597 -1.595212 -0.137745 0.309674 -0.647137 0.353503 -0.959797 0.132704 0.052878 -0.829599 0.067385 0.479666 0.003516 0.228643 0.140696 0.242794 0.642756 0.561067 0.004699 0.262019
124 -0.628497 -0.109189 1.679508 -0.995552 -0.227994 0.006034 0.161948 0.367177 0.429611 0.574362 0.634868 0.131764 0.323662 0.191175 -0.069074 -0.466641 -0.381690 1.675865 -0.123348 -0.946791 0.190190 1.623916 -0.081599 -0.240173 -0.118896 0.779587 -0.176442 -0.760171 1.432820 -0.329203 -0.163075 -1.160537 -0.511960 -0.128057 0.425043 1.161308 -1.588927 0.133625 -0.067330 0.259146 0.631308 1.269260 -0.044270 -0.071571 -0.255114 -0.562578 -0.351131 -0.598124 0.000955 -0.427639 -0.164469 1.027067 0.149198 -0.009624 -1.197936 -0.412099 0.260783 -0.023999 -0.768402 -1.959978 0.020497 -0.468784 -1.734408 -0.051408 0.636146 -0.383355 -1.768868 0.229672 0.354873 0.595889 1.188405 -0.105781 0.262061 -1.488371 0.284602 0.661636 0.095978 0.129377 0.677185 -0.164154 0.798039 0.337029 0.178314 -0.003277 -0.482339 -0.552738 -0.130829 -0.178781 0.433885 -0.320293 0.446284 -0.037627 -0.380160 -0.221841 -0.792408 0.278076 -0.203475 -0.562641 -0.430137 -0.140404 1.257524 0.531836 0.137828 -0.177079 -0.108650 -0.024074 0.682594 0.143620 -0.067912 0.097506 -0.520928 -0.599785 -0.546024 0.023749 0.022778 1.272654 0.516375 -0.034305 0.367401 0.330184 2.251878 -0.178330 -0.308794 -0.026666 -0.218072 1.198824 0.310937 1.949663 -0.201097 0.022545 -0.209126 -0.165955 -0.133913 0.002810 -0.621317 1.888352 0.034902 -0.294964 0.154057 0.881172 -0.869899 0.415894 -0.046212 0.454567 -1.141277 0.747827 0.234189 0.172657 -0.473705 0.893046 -0.816293 -0.147578 -0.597269 -1.631934 -0.152491 0.274039 -0.616135 0.368432 -0.984904 0.142665 0.021299 -0.857791 0.035217 0.498939 -0.027906 0.258227 0.147537 0.271314 0.657548 0.592255 -0.012519 0.290954
125 -0.630048 -0.108679 1.687939 -0.999793 -0.226914 0.005087 0.161333 0.368779 0.430995 0.576480 0.637128 0.133126 0.324577 0.192017 -0.070180 -0.469311 -0.381539 1.684631 -0.123642 -0.950758 0.190986 1.632267 -0.080666 -0.239224 -0.120749 0.783075 -0.174937 -0.764837 1.440003 -0.330286 -0.165218 -1.165461 -0.513853 -0.126063 0.427859 1.163576 -1.596906 0.134967 -0.068437 0.260908 0.634794 1.274833 -0.042731 -0.069937 -0.255925 -0.564989 -0.352471 -0.600189 -0.000744 -0.429670 -0.164711 1.031369 0.150361 -0.008422 -1.203180 -0.413378 0.262310 -0.024663 -0.772411 -1.969507 0.021433 -0.472017 -1.742996 -0.050290 0.638661 -0.384897 -1.777767 0.230619 0.356709 0.598992 1.193617 -0.106741 0.263110 -1.495501 0.285851 0.662015 0.095023 0.129533 0.678781 -0.165092 0.800790 0.339060 0.179096 -0.002516 -0.484017 -0.553232 -0.132109 -0.179672 0.433832 -0.321417 0.447820 -0.037667 -0.381975 -0.221733 -0.797033 0.279047 -0.205720 -0.564941 -0.429448 -0.141240 1.263085 0.535368 0.138651 -0.177747 -0.108779 -0.024788 0.683170 0.143922 -0.066406 0.099089 -0.523835 -0.601333 -0.549193 0.025733 0.024229 1.278290 0.518455 -0.033215 0.369133 0.329561 2.262808 -0.179222 -0.309709 -0.027390 -0.216783 1.203821 0.313501 1.959690 -0.201937 0.021156 -0.210040 -0.166985 -0.136076 0.004565 -0.621936 1.897851 0.036716 -0.296914 0.152628 0.884870 -0.874263 0.418457 -0.044853 0.456798 -1.146058 0.751208 0.234777 0.174102 -0.476171 0.894451 -0.820379 -0.149276 -0.598957 -1.640007 -0.153254 0.272834 -0.616159 0.369742 -0.988878 0.143505 0.020296 -0.862739 0.034234 0.501058 -0.028901 0.259718 0.147983 0.273000 0.661736 0.595245 -0.013517 0.292502
126 -0.642563 -0.108946 1.654391 -0.972215 -0.267030 0.034069 0.198026 0.346008 0.411701 0.549653 0.642622 0.098094 0.316496 0.175091 -0.032379 -0.430540 -0.420853 1.654239 -0.099200 -0.922191 0.174929 1.601453 -0.121014 -0.279366 -0.089014 0.785004 -0.215265 -0.746371 1.409077 -0.317864 -0.123056 -1.137861 -0.520432 -0.170252 0.407938 1.181592 -1.565169 0.096098 -0.030509 0.223141 0.602459 1.247976 -0.056094 -0.114554 -0.235371 -0.531774 -0.332118 -0.576174 0.011859 -0.396606 -0.172835 1.002902 0.117932 -0.030966 -1.174842 -0.422971 0.264397 0.002529 -0.741046 -1.936304 -0.011972 -0.468176 -1.709935 -0.070669 0.610648 -0.365611 -1.745927 0.210107 0.336567 0.564050 1.167410 -0.092821 0.244267 -1.466185 0.252837 0.698994 0.100839 0.115818 0.692170 -0.149884 0.810444 0.300458 0.161291 -0.025901 -0.459903 -0.583119 -0.094381 -0.162645 0.473029 -0.300123 0.426132 -0.037261 -0.347852 -0.232935 -0.776474 0.257435 -0.163905 -0.568791 -0.467071 -0.129105 1.235649 0.532690 0.125810 -0.161324 -0.134028 0.003581 0.721885 0.143119 -0.108930 0.081206 -0.485586 -0.611447 -0.518306 -0.016172 -0.003621 1.250475 0.489600 -0.048560 0.338006 0.368442 2.227610 -0.162682 -0.330616 0.000344 -0.261767 1.214217 0.310006 1.925178 -0.182070 0.030958 -0.188948 -0.142739 -0.128551 -0.005294 -0.653963 1.864401 -0.008498 -0.256433 0.195609 0.856492 -0.836461 0.377868 -0.085962 0.426121 -1.119915 0.716536 0.221710 0.137782 -0.443226 0.920786 -0.785568 -0.127523 -0.606855 -1.608656 -0.135288 0.317255 -0.657036 0.352629 -0.963845 0.131961 0.059863 -0.835764 0.074676 0.479927 0.010543 0.223769 0.139810 0.238815 0.650710 0.560098 0.007143 0.257519
127 -0.642910 -0.108689 1.658849 -0.974647 -0.265526 0.032997 0.196841 0.347165 0.412658 0.551150 0.643453 0.099545 0.316996 0.175772 -0.033798 -0.432646 -0.419762 1.658795 -0.099848 -0.924534 0.175561 1.605823 -0.119581 -0.277926 -0.090563 0.786448 -0.213576 -0.748755 1.412919 -0.318526 -0.125063 -1.140578 -0.521094 -0.168199 0.409580 1.182086 -1.569380 0.097661 -0.031930 0.224834 0.604747 1.250964 -0.055103 -0.112665 -0.236120 -0.533549 -0.333092 -0.577544 0.010836 -0.398271 -0.172755 1.005383 0.119206 -0.029890 -1.177723 -0.423281 0.265014 0.001630 -0.743531 -1.941262 -0.010757 -0.469602 -1.714461 -0.069701 0.612319 -0.366643 -1.750570 0.210932 0.337754 0.566257 1.170220 -0.093493 0.245077 -1.469948 0.254123 0.698208 0.100241 0.116114 0.692511 -0.150568 0.811402 0.302290 0.161984 -0.024996 -0.461127 -0.582593 -0.095864 -0.163356 0.471973 -0.301039 0.427215 -0.037266 -0.349428 -0.232641 -0.778898 0.258283 -0.165944 -0.569679 -0.465792 -0.129670 1.238646 0.534221 0.126386 -0.161911 -0.133506 0.002651 0.721149 0.143227 -0.107178 0.082286 -0.487779 -0.611847 -0.520420 -0.014235 -0.002354 1.253522 0.491144 -0.047736 0.339448 0.367191 2.233266 -0.163372 -0.330533 -0.000587 -0.260008 1.216171 0.311144 1.930402 -0.182845 0.030127 -0.189761 -0.143699 -0.129638 -0.004324 -0.653434 1.869364 -0.006520 -0.258255 0.193864 0.858734 -0.839234 0.379966 -0.084323 0.427742 -1.122526 0.718777 0.222169 0.139293 -0.445021 0.920689 -0.788164 -0.128743 -0.607359 -1.612911 -0.135968 0.315558 -0.655983 0.353494 -0.966069 0.132516 0.058432 -0.838528 0.073210 0.481268 0.009121 0.225264 0.140127 0.240369 0.652689 0.562197 0.006210 0.258994
128 -0.653346 -0.107543 1.689629 -0.987096 -0.271477 0.037084 0.203919 0.348369 0.414347 0.554118 0.655402 0.096300 0.318946 0.175290 -0.029233 -0.434985 -0.429643 1.691750 -0.094079 -0.935507 0.174989 1.636746 -0.125678 -0.284432 -0.089930 0.802680 -0.217676 -0.764473 1.438141 -0.320254 -0.123998 -1.156140 -0.531557 -0.170777 0.416119 1.199516 -1.598319 0.093988 -0.027364 0.223204 0.612249 1.269835 -0.053081 -0.116569 -0.234900 -0.535919 -0.333979 -0.580860 0.007925 -0.399176 -0.175787 1.017848 0.115603 -0.031029 -1.194609 -0.431524 0.272062 0.006243 -0.753758 -1.977824 -0.015702 -0.481855 -1.746269 -0.071009 0.616430 -0.368387 -1.784058 0.209856 0.340084 0.571493 1.187410 -0.094074 0.244719 -1.495548 0.251340 0.711049 0.098444 0.113820 0.703501 -0.150522 0.826903 0.301807 0.160469 -0.027968 -0.462441 -0.594381 -0.092088 -0.162935 0.482431 -0.300442 0.428592 -0.037392 -0.348835 -0.236301 -0.793466 0.257450 -0.165400 -0.581082 -0.473470 -0.130454 1.257290 0.547949 0.126776 -0.160927 -0.141159 0.007680 0.735052 0.144229 -0.111407 0.083564 -0.491314 -0.621567 -0.526463 -0.016217 -0.004105 1.272478 0.493327 -0.047788 0.339013 0.375207 2.276356 -0.162738 -0.340999 0.004045 -0.265632 1.242329 0.320401 1.968714 -0.181142 0.027800 -0.187781 -0.141303 -0.135924 -0.000618 -0.666068 1.905544 -0.009508 -0.256641 0.198630 0.868547 -0.849779 0.381280 -0.088779 0.429811 -1.137771 0.725538 0.221657 0.136556 -0.447729 0.935219 -0.798069 -0.129698 -0.616912 -1.642505 -0.134663 0.321717 -0.667672 0.354821 -0.977747 0.133354 0.063927 -0.853494 0.078935 0.485211 0.014522 0.222938 0.140114 0.239139 0.667110 0.566860 0.007733 0.257034
129 -0.634332 -0.110795 1.665515 -0.983538 -0.247187 0.020285 0.179356 0.356671 0.421547 0.562574 0.637713 0.115239 0.319950 0.183678 -0.051910 -0.449194 -0.400437 1.663271 -0.111384 -0.934327 0.183025 1.611051 -0.100103 -0.259389 -0.103331 0.780378 -0.195865 -0.751282 1.419500 -0.323858 -0.143691 -1.148616 -0.515127 -0.148864 0.414674 1.172775 -1.575563 0.116072 -0.050101 0.241829 0.616612 1.257851 -0.052221 -0.092016 -0.246433 -0.547488 -0.342071 -0.587484 0.008582 -0.412833 -0.167845 1.014631 0.133739 -0.020881 -1.185731 -0.416376 0.261257 -0.010875 -0.754301 -1.947097 0.004428 -0.465402 -1.720965 -0.061983 0.623397 -0.374396 -1.755928 0.220264 0.344887 0.580170 1.177058 -0.099389 0.253290 -1.476053 0.269626 0.680862 0.099938 0.124178 0.683577 -0.156893 0.803059 0.319621 0.169636 -0.014384 -0.471324 -0.569001 -0.113630 -0.171054 0.452852 -0.310346 0.436534 -0.037451 -0.364562 -0.228446 -0.781775 0.268764 -0.184168 -0.564361 -0.449036 -0.135277 1.245843 0.528774 0.132166 -0.170117 -0.120769 -0.010029 0.702245 0.143280 -0.087729 0.087810 -0.503654 -0.604421 -0.531508 0.004058 0.008707 1.260845 0.503501 -0.042665 0.352947 0.349243 2.238864 -0.170420 -0.319378 -0.013199 -0.238815 1.204508 0.307588 1.935862 -0.191584 0.028708 -0.198809 -0.154032 -0.128642 -0.003735 -0.638255 1.875144 0.014537 -0.276361 0.174195 0.868744 -0.853315 0.397388 -0.065235 0.440545 -1.129975 0.732574 0.228772 0.156116 -0.458810 0.906926 -0.800878 -0.136340 -0.600621 -1.618864 -0.144211 0.294870 -0.636483 0.360596 -0.973873 0.137620 0.039358 -0.844897 0.053572 0.489169 -0.010024 0.241998 0.144010 0.255644 0.650567 0.576507 -0.002218 0.275018
130 -0.630078 -0.108945 1.682937 -0.996836 -0.229384 0.006843 0.163400 0.367132 0.429635 0.574415 0.636524 0.130866 0.323921 0.190960 -0.067871 -0.466343 -0.383613 1.679591 -0.122407 -0.947856 0.189995 1.627399 -0.083064 -0.241618 -0.118483 0.781805 -0.177563 -0.762141 1.435625 -0.329372 -0.162252 -1.162236 -0.513430 -0.129140 0.425830 1.163629 -1.592171 0.132491 -0.066125 0.258363 0.631836 1.271370 -0.044015 -0.072872 -0.254716 -0.562479 -0.351061 -0.598334 0.000543 -0.427280 -0.165004 1.028342 0.148341 -0.010017 -1.199784 -0.413356 0.261797 -0.023118 -0.769294 -1.964031 0.019431 -0.470608 -1.737929 -0.051731 0.636401 -0.383465 -1.772612 0.229333 0.355099 0.596038 1.190338 -0.105763 0.261890 -1.491249 0.283816 0.663752 0.095754 0.128918 0.678837 -0.164072 0.800177 0.336350 0.178002 -0.003973 -0.482283 -0.554523 -0.129749 -0.178580 0.435863 -0.320034 0.446280 -0.037655 -0.379639 -0.222316 -0.794266 0.277718 -0.202742 -0.564237 -0.431654 -0.140411 1.259603 0.533888 0.137792 -0.176787 -0.109925 -0.023187 0.684893 0.143803 -0.069154 0.097623 -0.520799 -0.601249 -0.546430 0.022840 0.022321 1.274746 0.516293 -0.034384 0.367008 0.331750 2.256623 -0.178161 -0.310336 -0.025798 -0.219610 1.202296 0.312363 1.953929 -0.200714 0.022194 -0.208747 -0.165458 -0.134869 0.003395 -0.623277 1.892353 0.033682 -0.294171 0.155385 0.882065 -0.870701 0.415463 -0.047455 0.454498 -1.142973 0.748230 0.234029 0.171752 -0.473650 0.895256 -0.817061 -0.147583 -0.598717 -1.635230 -0.152166 0.275591 -0.618237 0.368526 -0.986186 0.142700 0.022662 -0.859480 0.036674 0.499289 -0.026548 0.257406 0.147491 0.270673 0.659634 0.592379 -0.012104 0.290235
131 -0.650633 -0.110814 1.624907 -0.949545 -0.297574 0.056728 0.225632 0.328174 0.397277 0.528952 0.645308 0.071214 0.309847 0.162361 -0.004292 -0.400768 -0.450112 1.626810 -0.080369 -0.899023 0.162793 1.573936 -0.150955 -0.309868 -0.063709 0.783844 -0.246418 -0.729194 1.382015 -0.308261 -0.090946 -1.114845 -0.524033 -0.204185 0.390272 1.195940 -1.537166 0.067169 -0.002322 0.194457 0.576521 1.225078 -0.068551 -0.148001 -0.220436 -0.506017 -0.316526 -0.557458 0.023910 -0.371380 -0.178267 0.979612 0.092937 -0.049068 -1.151134 -0.428930 0.264425 0.023417 -0.715559 -1.907160 -0.037626 -0.461588 -1.681025 -0.087437 0.588496 -0.350287 -1.717607 0.194458 0.319854 0.536641 1.145060 -0.081966 0.229623 -1.440496 0.228015 0.727528 0.106870 0.106597 0.700984 -0.137847 0.816079 0.271224 0.147252 -0.043875 -0.441110 -0.606759 -0.066156 -0.149642 0.502395 -0.283587 0.409331 -0.036947 -0.321766 -0.242482 -0.757033 0.241486 -0.131872 -0.569922 -0.496270 -0.120022 1.212379 0.526569 0.116029 -0.149335 -0.152887 0.025715 0.751213 0.142246 -0.141111 0.065677 -0.455965 -0.617675 -0.493213 -0.048385 -0.026096 1.226882 0.467346 -0.061674 0.313910 0.398164 2.196727 -0.149666 -0.346199 0.021769 -0.295334 1.219129 0.304037 1.894428 -0.166591 0.040590 -0.172296 -0.123576 -0.119894 -0.015554 -0.678773 1.834926 -0.042157 -0.225669 0.228175 0.833602 -0.806642 0.346716 -0.116913 0.402250 -1.097964 0.689532 0.212183 0.110457 -0.417706 0.940526 -0.757846 -0.109297 -0.611109 -1.580966 -0.121578 0.350693 -0.688041 0.339153 -0.943063 0.123142 0.089219 -0.812061 0.104516 0.462887 0.039663 0.196769 0.133676 0.212739 0.637902 0.532772 0.023656 0.231023
132 -0.639471 -0.109784 1.656592 -0.975221 -0.260442 0.029541 0.191756 0.349311 0.414792 0.553578 0.640489 0.103666 0.317433 0.177849 -0.038857 -0.436455 -0.413859 1.655666 -0.103333 -0.925523 0.177535 1.603148 -0.114013 -0.272724 -0.093520 0.782683 -0.208978 -0.747059 1.411266 -0.319670 -0.129676 -1.140570 -0.518223 -0.163356 0.409507 1.178269 -1.567212 0.102703 -0.036998 0.229156 0.606538 1.250283 -0.055241 -0.107159 -0.239013 -0.536748 -0.335239 -0.579609 0.011266 -0.401697 -0.171085 1.006048 0.123067 -0.027851 -1.177543 -0.420437 0.262954 -0.001931 -0.744724 -1.938247 -0.006570 -0.466376 -1.712099 -0.068013 0.614519 -0.368264 -1.747689 0.213382 0.338994 0.568894 1.169682 -0.094837 0.247119 -1.468203 0.258340 0.692739 0.100801 0.118683 0.688948 -0.152069 0.807406 0.306654 0.163948 -0.022159 -0.463455 -0.578258 -0.100711 -0.165324 0.466113 -0.303357 0.429351 -0.037313 -0.353209 -0.231491 -0.777183 0.261118 -0.170342 -0.566781 -0.461062 -0.131021 1.238055 0.530449 0.127792 -0.164205 -0.129436 -0.000931 0.715066 0.143067 -0.101985 0.082990 -0.491239 -0.608750 -0.522108 -0.009677 0.000279 1.252940 0.493870 -0.046839 0.342743 0.362010 2.229503 -0.165131 -0.326586 -0.004169 -0.254153 1.209986 0.308462 1.926969 -0.185138 0.030615 -0.192130 -0.146410 -0.127963 -0.005312 -0.648535 1.866325 -0.000933 -0.262878 0.188576 0.859902 -0.841481 0.384032 -0.079141 0.430677 -1.122401 0.721455 0.223997 0.143758 -0.448144 0.915838 -0.790031 -0.130068 -0.604376 -1.610621 -0.138162 0.309822 -0.650011 0.355053 -0.966447 0.133700 0.053045 -0.837790 0.067597 0.482621 0.003679 0.229716 0.141122 0.244228 0.649587 0.565213 0.004207 0.263203
133 -0.638595 -0.110041 1.639020 -0.965341 -0.266871 0.034223 0.197109 0.344255 0.410251 0.547045 0.637706 0.097405 0.315235 0.174584 -0.032413 -0.427481 -0.418897 1.638044 -0.100070 -0.915939 0.174481 1.586133 -0.120521 -0.278977 -0.087170 0.777821 -0.216016 -0.738216 1.396235 -0.316613 -0.121220 -1.129683 -0.516174 -0.171822 0.403517 1.176030 -1.550670 0.095704 -0.030538 0.221813 0.597344 1.238315 -0.058392 -0.115262 -0.235160 -0.529019 -0.330789 -0.573557 0.014500 -0.394498 -0.171763 0.996032 0.117508 -0.032052 -1.166057 -0.419765 0.261197 0.002204 -0.734829 -1.918688 -0.011900 -0.461965 -1.694268 -0.071677 0.607364 -0.363794 -1.729515 0.209544 0.334188 0.559837 1.158483 -0.091894 0.243424 -1.453328 0.252329 0.696096 0.102472 0.116572 0.688067 -0.149064 0.804251 0.298658 0.160857 -0.026073 -0.458041 -0.580428 -0.094050 -0.162025 0.470946 -0.299213 0.424466 -0.037228 -0.346288 -0.232408 -0.768415 0.256935 -0.161812 -0.563902 -0.466306 -0.128358 1.226092 0.525799 0.125118 -0.161170 -0.132275 0.003278 0.718472 0.142641 -0.109513 0.079123 -0.482001 -0.607637 -0.513748 -0.017771 -0.004865 1.240738 0.487173 -0.049837 0.336439 0.367439 2.207196 -0.162032 -0.327574 0.000104 -0.261782 1.203365 0.305104 1.906552 -0.181629 0.033145 -0.188485 -0.142198 -0.124705 -0.008191 -0.650889 1.846862 -0.009475 -0.255006 0.196049 0.850737 -0.830055 0.375167 -0.086320 0.423615 -1.111914 0.711947 0.221522 0.137059 -0.440359 0.916479 -0.779452 -0.125452 -0.602902 -1.593914 -0.134960 0.317146 -0.654644 0.351182 -0.957434 0.131154 0.059542 -0.827375 0.074254 0.477016 0.010172 0.222929 0.139521 0.237477 0.643032 0.556290 0.007926 0.256518
134 -0.648742 -0.109142 1.635625 -0.957280 -0.287857 0.049123 0.217022 0.334030 0.401535 0.535438 0.645063 0.079812 0.312188 0.166261 -0.012703 -0.410117 -0.441120 1.637054 -0.086584 -0.906788 0.166563 1.584121 -0.141969 -0.300198 -0.072389 0.785417 -0.236298 -0.736129 1.391908 -0.311305 -0.100957 -1.122821 -0.523491 -0.193388 0.397241 1.190408 -1.547431 0.075833 -0.010763 0.203363 0.585187 1.233192 -0.063183 -0.137840 -0.224662 -0.514302 -0.321428 -0.563456 0.018583 -0.379184 -0.176976 0.987516 0.101029 -0.042767 -1.159367 -0.427691 0.265232 0.016616 -0.724193 -1.917509 -0.029327 -0.465719 -1.691393 -0.081314 0.595819 -0.355443 -1.727961 0.199408 0.325932 0.545479 1.153029 -0.085528 0.234417 -1.449844 0.235607 0.717903 0.103963 0.108741 0.698785 -0.141944 0.814935 0.280219 0.152020 -0.038086 -0.447206 -0.598353 -0.074712 -0.153757 0.493224 -0.288981 0.414714 -0.037053 -0.329970 -0.238648 -0.765147 0.246149 -0.141955 -0.570391 -0.486522 -0.122740 1.220572 0.530788 0.119092 -0.152778 -0.147003 0.018270 0.741672 0.142659 -0.131110 0.071767 -0.465389 -0.616391 -0.501853 -0.038108 -0.018161 1.235184 0.474348 -0.056598 0.321682 0.388545 2.207524 -0.154064 -0.341220 0.014717 -0.285183 1.218704 0.307838 1.905624 -0.171722 0.036189 -0.177981 -0.130134 -0.124377 -0.010600 -0.670296 1.845490 -0.032113 -0.235267 0.218015 0.841224 -0.816295 0.356525 -0.107390 0.409997 -1.105645 0.698148 0.214902 0.118810 -0.425883 0.934089 -0.766949 -0.116069 -0.610644 -1.591088 -0.125936 0.340354 -0.678052 0.343623 -0.950283 0.125907 0.080437 -0.821048 0.095684 0.468700 0.031039 0.204978 0.135536 0.220912 0.644406 0.541530 0.017937 0.239227
135 -0.631848 -0.110757 1.649184 -0.975341 -0.249106 0.021683 0.180601 0.353623 0.418370 0.558076 0.633728 0.112640 0.318210 0.181812 -0.049335 -0.443885 -0.400818 1.646529 -0.111001 -0.926597 0.181318 1.595058 -0.102311 -0.261140 -0.100344 0.774487 -0.198564 -0.743327 1.405910 -0.321585 -0.139419 -1.139318 -0.511895 -0.152705 0.410256 1.167192 -1.560253 0.113034 -0.047504 0.238188 0.609958 1.247189 -0.053952 -0.095520 -0.244263 -0.542904 -0.339286 -0.583312 0.010575 -0.408542 -0.167797 1.006455 0.131589 -0.022772 -1.175857 -0.414416 0.258992 -0.009770 -0.746663 -1.928309 0.002770 -0.460783 -1.704238 -0.063464 0.618648 -0.371528 -1.738697 0.218331 0.341947 0.574026 1.167214 -0.097534 0.251302 -1.462332 0.266855 0.679263 0.100843 0.123018 0.680932 -0.155269 0.798165 0.315394 0.168341 -0.015908 -0.468039 -0.566981 -0.110778 -0.169216 0.452945 -0.308182 0.433420 -0.037367 -0.360933 -0.227828 -0.774173 0.266373 -0.179716 -0.560509 -0.449717 -0.133373 1.235243 0.523851 0.130417 -0.168370 -0.120595 -0.009093 0.700591 0.142702 -0.090790 0.085716 -0.497971 -0.601951 -0.525755 0.000257 0.006671 1.250033 0.499158 -0.043932 0.349629 0.350104 2.217112 -0.168888 -0.317537 -0.012077 -0.241650 1.195591 0.304192 1.916332 -0.190100 0.030203 -0.197398 -0.152491 -0.125953 -0.005658 -0.636277 1.856559 0.010566 -0.272547 0.177091 0.861464 -0.845013 0.392362 -0.068125 0.436376 -1.120911 0.726031 0.227191 0.153010 -0.454092 0.903863 -0.793062 -0.133853 -0.598027 -1.603305 -0.142642 0.297342 -0.636020 0.358081 -0.966359 0.135848 0.041762 -0.836207 0.055939 0.485248 -0.007628 0.238708 0.142943 0.252232 0.644385 0.570778 -0.000673 0.271745
136 -0.636259 -0.110583 1.630463 -0.961699 -0.266231 0.033909 0.196103 0.343517 0.409572 0.545852 0.634871 0.097484 0.314585 0.174422 -0.032915 -0.426232 -0.417252 1.628978 -0.100882 -0.912678 0.174339 1.577579 -0.119720 -0.278201 -0.086564 0.773747 -0.215887 -0.733770 1.389163 -0.315970 -0.120760 -1.125331 -0.513716 -0.172097 0.401268 1.172578 -1.542603 0.095978 -0.031039 0.221570 0.594826 1.233038 -0.059494 -0.115069 -0.235193 -0.527858 -0.330225 -0.572333 0.015811 -0.393724 -0.171127 0.992449 0.117703 -0.032382 -1.161379 -0.417878 0.259379 0.001671 -0.731638 -1.908804 -0.011408 -0.458505 -1.685534 -0.072003 0.605832 -0.362966 -1.720327 0.209437 0.333086 0.557876 1.153642 -0.091461 0.243142 -1.446186 0.252451 0.693888 0.103279 0.117014 0.685640 -0.148734 0.800663 0.298128 0.160825 -0.025907 -0.457272 -0.578430 -0.094349 -0.161813 0.469221 -0.298948 0.423744 -0.037212 -0.345843 -0.231969 -0.764066 0.256835 -0.161205 -0.561106 -0.465322 -0.127974 1.220902 0.521972 0.124787 -0.161174 -0.130956 0.002714 0.715965 0.142329 -0.109264 0.078194 -0.480457 -0.605415 -0.511547 -0.018105 -0.005180 1.235430 0.486134 -0.050335 0.335961 0.366314 2.195711 -0.161823 -0.325567 -0.000400 -0.261177 1.197126 0.302393 1.896108 -0.181623 0.034235 -0.188481 -0.142193 -0.122644 -0.009684 -0.648655 1.837034 -0.009436 -0.254747 0.195716 0.847750 -0.826882 0.374180 -0.085979 0.422553 -1.107620 0.709748 0.221463 0.137117 -0.439124 0.913668 -0.776407 -0.124562 -0.600620 -1.585705 -0.134939 0.316481 -0.652685 0.350517 -0.954045 0.130745 0.058852 -0.822905 0.073490 0.475604 0.009447 0.222904 0.139398 0.237158 0.638824 0.554545 0.008108 0.256389
137 -0.647533 -0.108989 1.642491 -0.962163 -0.282196 0.044985 0.211930 0.337538 0.404524 0.539646 0.644983 0.084897 0.313530 0.168763 -0.018083 -0.416060 -0.435829 1.643542 -0.089941 -0.911730 0.168930 1.590565 -0.136300 -0.294539 -0.077159 0.786147 -0.230452 -0.739863 1.398041 -0.313274 -0.107223 -1.127887 -0.523162 -0.186895 0.400691 1.188670 -1.553909 0.081415 -0.016165 0.208949 0.590502 1.238336 -0.061000 -0.131396 -0.227652 -0.519416 -0.324541 -0.567291 0.016452 -0.384211 -0.175972 0.992529 0.105717 -0.039424 -1.164621 -0.426784 0.265376 0.012790 -0.729516 -1.924610 -0.024583 -0.467119 -1.698215 -0.078298 0.600287 -0.358473 -1.734693 0.202427 0.329142 0.551040 1.157986 -0.087648 0.237246 -1.455759 0.240410 0.713089 0.102951 0.110615 0.697470 -0.144233 0.814442 0.285966 0.154629 -0.034747 -0.450933 -0.594503 -0.080141 -0.156282 0.487961 -0.292167 0.418071 -0.037120 -0.335069 -0.237160 -0.769187 0.249328 -0.148215 -0.570533 -0.481315 -0.124589 1.225794 0.532113 0.121029 -0.155157 -0.143654 0.014273 0.736659 0.142833 -0.124977 0.074592 -0.471328 -0.615498 -0.506876 -0.031913 -0.014036 1.240474 0.478822 -0.054249 0.326363 0.383155 2.215281 -0.156521 -0.338673 0.010808 -0.278785 1.218732 0.309002 1.913040 -0.174627 0.034522 -0.181057 -0.133648 -0.125958 -0.008832 -0.666175 1.852602 -0.025548 -0.241244 0.211844 0.846066 -0.822559 0.362704 -0.101486 0.414716 -1.110479 0.703727 0.216810 0.124090 -0.430976 0.930967 -0.772744 -0.119449 -0.610082 -1.597529 -0.128555 0.334060 -0.672594 0.346298 -0.954750 0.127677 0.074842 -0.826038 0.090003 0.472140 0.025467 0.210239 0.136758 0.225974 0.647037 0.547060 0.014904 0.244372
138 -0.644076 -0.109098 1.678233 -0.985471 -0.259518 0.028762 0.191847 0.352488 0.417898 0.558284 0.646811 0.105621 0.319440 0.179418 -0.040342 -0.442000 -0.415320 1.678201 -0.102592 -0.935022 0.178942 1.624549 -0.113131 -0.272078 -0.096625 0.791900 -0.206866 -0.758230 1.429317 -0.322040 -0.133698 -1.152572 -0.523574 -0.159915 0.415515 1.186366 -1.587551 0.104792 -0.038508 0.232365 0.614486 1.264157 -0.052569 -0.104494 -0.240554 -0.541626 -0.337976 -0.584164 0.008149 -0.405898 -0.171902 1.016351 0.124527 -0.026000 -1.190392 -0.424144 0.266829 -0.002190 -0.754130 -1.963190 -0.005800 -0.473951 -1.734261 -0.066513 0.619909 -0.371384 -1.770684 0.214977 0.342522 0.575805 1.182511 -0.096729 0.248956 -1.486321 0.260338 0.696228 0.099106 0.118874 0.693776 -0.153677 0.815316 0.310552 0.164981 -0.021263 -0.466833 -0.581896 -0.102655 -0.166936 0.467893 -0.305316 0.432517 -0.037415 -0.356565 -0.232430 -0.787934 0.263003 -0.174656 -0.572975 -0.461425 -0.132848 1.251868 0.538730 0.129446 -0.165436 -0.131129 -0.001063 0.718942 0.143735 -0.099740 0.085723 -0.497422 -0.613209 -0.529023 -0.006181 0.002298 1.266972 0.498345 -0.045191 0.345891 0.362407 2.258451 -0.166531 -0.330369 -0.004472 -0.252441 1.224010 0.314251 1.953093 -0.186283 0.028159 -0.193215 -0.147585 -0.132478 -0.002048 -0.652379 1.891069 0.002281 -0.266312 0.186573 0.868716 -0.851602 0.389219 -0.077182 0.435131 -1.134084 0.729048 0.225131 0.146154 -0.453231 0.921295 -0.799535 -0.133031 -0.608981 -1.631288 -0.139360 0.308485 -0.652330 0.357691 -0.975949 0.135475 0.051879 -0.849479 0.066535 0.487224 0.002521 0.232315 0.142024 0.247248 0.659205 0.571654 0.002807 0.265896
139 -0.644757 -0.107702 1.679481 -0.986324 -0.259079 0.027892 0.191633 0.353043 0.417742 0.558505 0.647457 0.106106 0.319904 0.179475 -0.040142 -0.442245 -0.415282 1.679632 -0.103205 -0.935768 0.179072 1.625924 -0.113361 -0.271692 -0.097783 0.793299 -0.206205 -0.760204 1.430735 -0.322225 -0.133937 -1.153641 -0.524215 -0.159534 0.417517 1.184855 -1.588882 0.104572 -0.038306 0.232554 0.615313 1.265218 -0.050599 -0.104634 -0.240173 -0.542161 -0.338196 -0.584547 0.006055 -0.406043 -0.172370 1.017285 0.125134 -0.025049 -1.191501 -0.424857 0.267823 -0.002745 -0.755040 -1.963981 -0.005207 -0.476604 -1.735311 -0.065274 0.620627 -0.372035 -1.771867 0.215241 0.343791 0.576304 1.183686 -0.097058 0.249427 -1.487525 0.260377 0.695034 0.097815 0.118058 0.694361 -0.154256 0.815920 0.310600 0.165656 -0.020950 -0.467329 -0.580347 -0.102585 -0.167155 0.467711 -0.305822 0.432890 -0.037456 -0.356908 -0.231222 -0.790544 0.262784 -0.175011 -0.573933 -0.460415 -0.132800 1.252943 0.541677 0.129572 -0.165196 -0.130970 -0.001982 0.718156 0.143956 -0.099580 0.087466 -0.497817 -0.613957 -0.530177 -0.005714 0.003628 1.267996 0.498625 -0.043838 0.346470 0.361736 2.258946 -0.167124 -0.330076 -0.005131 -0.252640 1.225033 0.316757 1.954233 -0.186848 0.026314 -0.194051 -0.148510 -0.134804 0.000276 -0.651198 1.892006 0.001942 -0.266645 0.186404 0.869384 -0.852204 0.389606 -0.077155 0.435722 -1.135153 0.729476 0.224950 0.146186 -0.453696 0.920795 -0.800229 -0.134583 -0.610003 -1.632543 -0.139624 0.308425 -0.651681 0.358203 -0.976978 0.135593 0.052113 -0.851459 0.066891 0.488007 0.002817 0.232272 0.142056 0.247525 0.662448 0.572118 0.001970 0.266043
140 -0.648236 -0.110098 1.614797 -0.945216 -0.296659 0.055738 0.224432 0.327418 0.395919 0.527205 0.642153 0.071429 0.309270 0.161966 -0.004315 -0.398886 -0.448223 1.616251 -0.081833 -0.895054 0.162510 1.563971 -0.150539 -0.308817 -0.063731 0.779775 -0.245935 -0.725016 1.373917 -0.307393 -0.090052 -1.109688 -0.521396 -0.204545 0.389023 1.189750 -1.527774 0.066855 -0.002339 0.193843 0.573622 1.218868 -0.068129 -0.148351 -0.219807 -0.504533 -0.315692 -0.555836 0.023655 -0.370044 -0.177941 0.975320 0.093443 -0.048739 -1.145563 -0.427163 0.263009 0.022439 -0.711882 -1.894844 -0.036719 -0.459565 -1.670446 -0.086759 0.586752 -0.349546 -1.706633 0.194295 0.319381 0.534125 1.139504 -0.081543 0.229441 -1.432152 0.227792 0.723683 0.106631 0.106197 0.698362 -0.137781 0.811900 0.270099 0.147640 -0.043495 -0.440220 -0.602748 -0.066029 -0.149349 0.500201 -0.283422 0.408406 -0.036924 -0.321046 -0.240742 -0.753652 0.240821 -0.130906 -0.567130 -0.494258 -0.119296 1.206237 0.524347 0.115541 -0.148880 -0.151186 0.024364 0.747407 0.142041 -0.141059 0.065995 -0.453830 -0.615474 -0.491092 -0.048792 -0.025453 1.220585 0.465836 -0.061125 0.313415 0.396359 2.182020 -0.149754 -0.343344 0.020729 -0.295186 1.211886 0.302877 1.881783 -0.166883 0.040243 -0.172844 -0.124222 -0.119418 -0.015285 -0.674846 1.822843 -0.042972 -0.225079 0.227958 0.829952 -0.802438 0.345224 -0.116851 0.400987 -1.092952 0.686506 0.211725 0.110114 -0.416068 0.936347 -0.754000 -0.109436 -0.609096 -1.571315 -0.121573 0.350149 -0.685125 0.338511 -0.939203 0.122552 0.088977 -0.807845 0.104317 0.461477 0.039489 0.196243 0.133405 0.212168 0.635386 0.530438 0.023231 0.230558
141 -0.644993 -0.108740 1.680154 -0.986212 -0.260166 0.029127 0.192577 0.352495 0.417827 0.558314 0.647764 0.105204 0.319616 0.179279 -0.039685 -0.441850 -0.416301 1.680304 -0.102105 -0.935643 0.178813 1.626515 -0.113921 -0.272763 -0.096533 0.793246 -0.207335 -0.759459 1.430930 -0.322098 -0.133325 -1.153545 -0.524441 -0.160397 0.416200 1.187340 -1.589378 0.104174 -0.037855 0.231989 0.614863 1.265334 -0.052146 -0.105154 -0.240243 -0.541597 -0.337925 -0.584269 0.007628 -0.405711 -0.172261 1.017100 0.124142 -0.026070 -1.191448 -0.424910 0.267508 -0.001765 -0.754711 -1.965370 -0.006284 -0.475276 -1.736200 -0.066527 0.620084 -0.371481 -1.772759 0.214808 0.342760 0.575941 1.183616 -0.096732 0.248886 -1.487931 0.259887 0.697130 0.098790 0.118449 0.694720 -0.153680 0.816513 0.310195 0.164889 -0.021601 -0.466826 -0.582588 -0.102086 -0.166830 0.468878 -0.305224 0.432518 -0.037442 -0.356308 -0.232511 -0.789255 0.262745 -0.174354 -0.573945 -0.462042 -0.132807 1.253033 0.540209 0.129406 -0.165200 -0.131836 -0.000666 0.720007 0.143840 -0.100343 0.086021 -0.497389 -0.614076 -0.529384 -0.006562 0.002194 1.268140 0.498315 -0.045040 0.345715 0.363119 2.260959 -0.166486 -0.331196 -0.004040 -0.253230 1.225953 0.315357 1.955446 -0.186131 0.027717 -0.193079 -0.147396 -0.133304 -0.001403 -0.653212 1.893249 0.001634 -0.265936 0.187220 0.869256 -0.852062 0.389050 -0.077816 0.435113 -1.135053 0.729263 0.224967 0.145676 -0.453203 0.922366 -0.800001 -0.133231 -0.609879 -1.633143 -0.139200 0.309259 -0.653305 0.357756 -0.976701 0.135475 0.052610 -0.850623 0.067328 0.487468 0.003256 0.231852 0.141983 0.246928 0.660732 0.571731 0.002913 0.265502
142 -0.635483 -0.109210 1.666108 -0.983592 -0.247830 0.020137 0.180168 0.356612 0.420760 0.561902 0.638595 0.114704 0.320190 0.183263 -0.050503 -0.448259 -0.401524 1.664075 -0.111343 -0.934211 0.182709 1.611796 -0.101579 -0.260043 -0.103759 0.782018 -0.196203 -0.752930 1.420230 -0.323664 -0.142670 -1.148870 -0.516040 -0.149715 0.416318 1.171414 -1.576256 0.114586 -0.048701 0.240892 0.616486 1.258200 -0.050385 -0.093515 -0.245387 -0.547090 -0.341710 -0.587181 0.006580 -0.411885 -0.168630 1.014696 0.133430 -0.020491 -1.186011 -0.417466 0.262435 -0.010730 -0.754303 -1.947102 0.004118 -0.468311 -1.721270 -0.061182 0.623348 -0.374554 -1.756430 0.219978 0.345729 0.579545 1.177535 -0.099376 0.253284 -1.476617 0.268670 0.680453 0.098640 0.122804 0.684633 -0.157134 0.804016 0.318462 0.169893 -0.014753 -0.471141 -0.567949 -0.112396 -0.170818 0.453716 -0.310287 0.436290 -0.037504 -0.363875 -0.227360 -0.784134 0.267869 -0.183294 -0.565555 -0.448893 -0.134867 1.246172 0.532048 0.131934 -0.169351 -0.121322 -0.010266 0.702342 0.143416 -0.088798 0.089239 -0.502905 -0.605571 -0.531805 0.003400 0.009448 1.261120 0.502850 -0.041512 0.352627 0.349515 2.238473 -0.170636 -0.319632 -0.013139 -0.240365 1.205974 0.310343 1.936289 -0.191649 0.026915 -0.199140 -0.154372 -0.131062 -0.001392 -0.637661 1.875299 0.012755 -0.275478 0.175246 0.868542 -0.852812 0.396588 -0.066413 0.440301 -1.130302 0.731984 0.228137 0.154998 -0.458353 0.907012 -0.800519 -0.137433 -0.602023 -1.619449 -0.144003 0.296067 -0.636820 0.360667 -0.974183 0.137425 0.040823 -0.846322 0.055239 0.489403 -0.008468 0.240846 0.143797 0.254856 0.653936 0.575967 -0.002538 0.274128
143 -0.642541 -0.110472 1.621276 -0.952654 -0.282616 0.045573 0.211253 0.334962 0.402390 0.535878 0.638558 0.083500 0.311833 0.167888 -0.017606 -0.411459 -0.433838 1.621237 -0.090846 -0.903053 0.168151 1.569451 -0.136245 -0.294654 -0.074252 0.776620 -0.232120 -0.728700 1.380341 -0.311489 -0.104171 -1.116688 -0.517618 -0.189749 0.394546 1.181667 -1.533911 0.080355 -0.015680 0.206680 0.583223 1.225075 -0.064311 -0.133052 -0.227135 -0.515391 -0.322556 -0.563578 0.020196 -0.380994 -0.174723 0.983073 0.104739 -0.041240 -1.152598 -0.422713 0.261123 0.012697 -0.720766 -1.900364 -0.024938 -0.458786 -1.676618 -0.079992 0.595633 -0.355863 -1.712086 0.201456 0.325763 0.544937 1.145740 -0.086209 0.235938 -1.438047 0.239347 0.709796 0.105288 0.111436 0.692324 -0.142969 0.806382 0.283057 0.153883 -0.035367 -0.448226 -0.591359 -0.079191 -0.155253 0.485823 -0.290762 0.415647 -0.037102 -0.332593 -0.236642 -0.758144 0.248419 -0.144830 -0.564106 -0.480910 -0.123417 1.212681 0.522905 0.119932 -0.154749 -0.141649 0.014196 0.732707 0.142207 -0.126408 0.071570 -0.466045 -0.610682 -0.500369 -0.034698 -0.016087 1.227091 0.475261 -0.056177 0.323935 0.382413 2.187214 -0.155484 -0.334908 0.010833 -0.279534 1.204398 0.302421 1.887374 -0.173843 0.037627 -0.180243 -0.132655 -0.120685 -0.012872 -0.662571 1.828439 -0.027543 -0.238846 0.213129 0.838036 -0.813565 0.358581 -0.102592 0.411040 -1.099517 0.697219 0.216428 0.122645 -0.426767 0.925758 -0.764150 -0.116389 -0.605041 -1.577214 -0.127914 0.334653 -0.670063 0.344216 -0.945949 0.126444 0.074985 -0.814427 0.090021 0.468041 0.025506 0.208660 0.136300 0.223752 0.636668 0.541551 0.016268 0.242609
144 -0.636132 -0.108626 1.679384 -0.991308 -0.242711 0.016265 0.175914 0.360693 0.424267 0.567069 0.640763 0.119709 0.322057 0.185862 -0.055493 -0.455173 -0.397572 1.677419 -0.114013 -0.941707 0.185156 1.624694 -0.096559 -0.255058 -0.108970 0.785962 -0.190526 -0.760169 1.431738 -0.326125 -0.149316 -1.157382 -0.517670 -0.143045 0.421530 1.172513 -1.588795 0.119959 -0.053712 0.246675 0.623780 1.267411 -0.047350 -0.087234 -0.248322 -0.553107 -0.345250 -0.591962 0.003429 -0.417562 -0.168138 1.022560 0.137942 -0.016917 -1.194976 -0.418066 0.264014 -0.014096 -0.762109 -1.961675 0.008436 -0.472424 -1.734690 -0.057960 0.629016 -0.378218 -1.770090 0.223055 0.349789 0.586663 1.186249 -0.101812 0.256311 -1.487921 0.273366 0.677452 0.097006 0.124300 0.685257 -0.159649 0.806379 0.324620 0.172503 -0.011590 -0.475464 -0.565773 -0.117588 -0.173481 0.449891 -0.313667 0.440204 -0.037589 -0.369335 -0.226265 -0.791530 0.271106 -0.190045 -0.567910 -0.444517 -0.136997 1.255425 0.536390 0.134109 -0.171700 -0.119056 -0.013792 0.699382 0.143844 -0.082881 0.092786 -0.510058 -0.606445 -0.538553 0.009817 0.013781 1.270503 0.508166 -0.038808 0.357697 0.345071 2.254929 -0.173224 -0.318726 -0.016626 -0.234457 1.210933 0.313633 1.951567 -0.194534 0.024405 -0.202195 -0.157856 -0.134255 0.001541 -0.635401 1.889845 0.019303 -0.281695 0.169376 0.875708 -0.861601 0.403563 -0.060805 0.445848 -1.138503 0.739301 0.230076 0.160251 -0.464413 0.906196 -0.808739 -0.141493 -0.603261 -1.632081 -0.146610 0.290339 -0.632965 0.363841 -0.981320 0.139496 0.035780 -0.854763 0.050150 0.493946 -0.013482 0.246122 0.145109 0.260177 0.659852 0.582858 -0.005685 0.279364
145 -0.641303 -0.108560 1.666855 -0.980513 -0.258786 0.027960 0.190741 0.351508 0.416423 0.556289 0.643239 0.105606 0.318757 0.178975 -0.040240 -0.439692 -0.413458 1.666311 -0.103952 -0.930470 0.178606 1.613318 -0.112822 -0.271183 -0.096308 0.787198 -0.206614 -0.753307 1.420103 -0.321071 -0.132487 -1.146647 -0.520574 -0.160576 0.413780 1.179914 -1.576940 0.104302 -0.038407 0.231505 0.611066 1.257095 -0.052456 -0.105056 -0.239909 -0.539741 -0.336996 -0.582254 0.008221 -0.404301 -0.171434 1.011392 0.124829 -0.025865 -1.183999 -0.422091 0.265110 -0.003043 -0.749850 -1.949471 -0.005066 -0.471330 -1.722402 -0.066040 0.617766 -0.370423 -1.758370 0.214709 0.341723 0.572832 1.176150 -0.096237 0.248637 -1.476895 0.259959 0.692427 0.099096 0.118604 0.690782 -0.153491 0.810616 0.309120 0.165241 -0.020967 -0.465690 -0.577934 -0.102371 -0.166573 0.465729 -0.304992 0.431400 -0.037397 -0.355564 -0.230764 -0.783762 0.262291 -0.173362 -0.569754 -0.459577 -0.132110 1.244877 0.535819 0.128925 -0.164988 -0.129414 -0.002249 0.715113 0.143506 -0.099903 0.085745 -0.494825 -0.610644 -0.526391 -0.006887 0.002648 1.259817 0.496578 -0.044872 0.345124 0.360736 2.242139 -0.166495 -0.327399 -0.005364 -0.252450 1.215857 0.312600 1.938951 -0.186435 0.028102 -0.193585 -0.148021 -0.131579 -0.002125 -0.648439 1.877578 0.001230 -0.265414 0.186556 0.864531 -0.846695 0.387337 -0.077297 0.433512 -1.128339 0.725486 0.224689 0.145627 -0.451209 0.916897 -0.795050 -0.132865 -0.606576 -1.620414 -0.139295 0.308107 -0.649452 0.356880 -0.971485 0.134848 0.051737 -0.844454 0.066450 0.485496 0.002459 0.231603 0.141754 0.246423 0.655923 0.568840 0.002553 0.265225
146 -0.636769 -0.108780 1.671899 -0.986264 -0.247610 0.019900 0.180281 0.357374 0.421391 0.563023 0.640347 0.115167 0.320675 0.183542 -0.050734 -0.449603 -0.401995 1.670205 -0.111081 -0.936665 0.182954 1.617591 -0.101495 -0.259917 -0.104647 0.784659 -0.195621 -0.756143 1.425110 -0.324189 -0.143652 -1.152028 -0.517558 -0.148772 0.418101 1.173301 -1.581722 0.114966 -0.048936 0.241622 0.618606 1.261873 -0.049383 -0.092914 -0.245566 -0.548228 -0.342300 -0.588239 0.005452 -0.412893 -0.168914 1.017376 0.133760 -0.019905 -1.189408 -0.418552 0.263630 -0.010737 -0.756808 -1.953740 0.004269 -0.470678 -1.727195 -0.060645 0.624671 -0.375312 -1.762616 0.220274 0.346705 0.581345 1.180950 -0.099838 0.253674 -1.481467 0.269027 0.681308 0.097944 0.122614 0.685962 -0.157508 0.806207 0.319335 0.170110 -0.014514 -0.471916 -0.568803 -0.112751 -0.171139 0.454244 -0.310697 0.436996 -0.037503 -0.364628 -0.227482 -0.787251 0.268163 -0.184368 -0.567324 -0.448909 -0.135254 1.249833 0.534661 0.132291 -0.169505 -0.121850 -0.010287 0.703368 0.143598 -0.088274 0.090157 -0.504443 -0.606819 -0.533698 0.004292 0.010087 1.264833 0.503926 -0.040939 0.353374 0.349633 2.246150 -0.170940 -0.320661 -0.013195 -0.240011 1.209913 0.312221 1.943308 -0.191878 0.025982 -0.199376 -0.154663 -0.132603 -0.000188 -0.638618 1.881928 0.013447 -0.276251 0.174761 0.870807 -0.855376 0.397843 -0.065992 0.441360 -1.133377 0.733833 0.228273 0.155506 -0.459576 0.908361 -0.802988 -0.138358 -0.603334 -1.625008 -0.144212 0.295768 -0.637417 0.361269 -0.976668 0.137819 0.040676 -0.849607 0.055135 0.490585 -0.008575 0.241368 0.143949 0.255552 0.656878 0.577543 -0.002978 0.274691
147 -0.637894 -0.109225 1.659233 -0.977924 -0.255713 0.025944 0.187414 0.351922 0.416728 0.556438 0.639596 0.107755 0.318426 0.179730 -0.043026 -0.440535 -0.409202 1.657891 -0.106418 -0.928362 0.179343 1.605506 -0.109518 -0.267957 -0.097391 0.782274 -0.204166 -0.749042 1.413915 -0.321008 -0.134336 -1.143169 -0.517290 -0.158350 0.412197 1.174860 -1.569755 0.106918 -0.041192 0.233373 0.609991 1.252646 -0.053074 -0.102258 -0.241129 -0.540345 -0.337482 -0.582199 0.009156 -0.405269 -0.170255 1.008851 0.126958 -0.024975 -1.180166 -0.419317 0.262813 -0.005262 -0.747977 -1.940339 -0.002522 -0.467347 -1.714523 -0.065261 0.617591 -0.370529 -1.749945 0.215753 0.341548 0.572588 1.172109 -0.096455 0.249360 -1.470588 0.262018 0.687698 0.099745 0.119924 0.687215 -0.153946 0.805858 0.310794 0.166222 -0.019383 -0.466184 -0.573852 -0.104906 -0.167276 0.461363 -0.305898 0.431782 -0.037381 -0.357014 -0.229623 -0.779815 0.263404 -0.175016 -0.566226 -0.456272 -0.132289 1.240499 0.531321 0.129219 -0.165922 -0.126350 -0.004541 0.709943 0.143202 -0.097165 0.085594 -0.495275 -0.607500 -0.525605 -0.004884 0.003847 1.255387 0.497004 -0.044625 0.346325 0.357194 2.231350 -0.167181 -0.323767 -0.007567 -0.249159 1.207973 0.309480 1.929275 -0.187581 0.028905 -0.194801 -0.149447 -0.129456 -0.003440 -0.643988 1.868513 0.003886 -0.267397 0.183679 0.862762 -0.845167 0.388472 -0.074517 0.434039 -1.124878 0.724938 0.225360 0.147781 -0.451662 0.912105 -0.793508 -0.133011 -0.603492 -1.613054 -0.140280 0.304761 -0.644822 0.357054 -0.968980 0.134968 0.048637 -0.840799 0.063179 0.485025 -0.000671 0.233654 0.142044 0.248040 0.651470 0.568863 0.001576 0.267094
148 -0.634080 -0.108701 1.680344 -0.992974 -0.238250 0.013201 0.171749 0.362693 0.425889 0.569379 0.639282 0.123394 0.322560 0.187426 -0.059599 -0.458839 -0.392858 1.677971 -0.116746 -0.943592 0.186634 1.625408 -0.092052 -0.250586 -0.112048 0.784469 -0.186237 -0.760616 1.432854 -0.327058 -0.153599 -1.158803 -0.516212 -0.138389 0.422818 1.169463 -1.589717 0.124138 -0.057823 0.250506 0.626358 1.268530 -0.046284 -0.082422 -0.250310 -0.556110 -0.347032 -0.593901 0.002540 -0.420709 -0.167119 1.024316 0.141351 -0.014653 -1.196378 -0.416467 0.263246 -0.017034 -0.764388 -1.962265 0.012067 -0.471659 -1.735570 -0.055930 0.631313 -0.379806 -1.770749 0.225027 0.351408 0.589719 1.187412 -0.102997 0.258025 -1.488826 0.276738 0.672823 0.096562 0.125712 0.683084 -0.160998 0.804254 0.328492 0.174233 -0.009077 -0.477592 -0.562002 -0.121602 -0.175053 0.445152 -0.315660 0.442062 -0.037585 -0.372672 -0.224966 -0.792241 0.273165 -0.194234 -0.566615 -0.440196 -0.137996 1.256611 0.535402 0.135203 -0.173261 -0.116051 -0.016832 0.694510 0.143796 -0.078308 0.094306 -0.513571 -0.604674 -0.541087 0.014123 0.016540 1.271723 0.510746 -0.037394 0.360671 0.340641 2.255315 -0.174744 -0.315942 -0.019606 -0.229472 1.207982 0.313079 1.952160 -0.196496 0.023714 -0.204265 -0.160302 -0.134363 0.002082 -0.631354 1.890505 0.024123 -0.285786 0.164703 0.877691 -0.864503 0.407441 -0.056370 0.448590 -1.139789 0.742138 0.231255 0.164036 -0.467355 0.902489 -0.811397 -0.143422 -0.601694 -1.632950 -0.148339 0.285394 -0.628011 0.365233 -0.982742 0.140432 0.031422 -0.856171 0.045626 0.495566 -0.017828 0.249797 0.145802 0.263617 0.659559 0.585916 -0.007793 0.282881
149 -0.627614 -0.109012 1.686664 -1.000611 -0.222863 0.002070 0.157321 0.370749 0.432713 0.578542 0.635078 0.136497 0.325200 0.193769 -0.074004 -0.472297 -0.377030 1.682662 -0.126589 -0.951855 0.192677 1.630662 -0.076484 -0.235053 -0.123504 0.780700 -0.171101 -0.764314 1.439218 -0.331363 -0.168856 -1.165872 -0.511867 -0.122232 0.428681 1.160004 -1.595708 0.138732 -0.072282 0.264356 0.636518 1.274712 -0.042043 -0.065787 -0.258139 -0.567672 -0.354337 -0.602061 -0.001287 -0.432419 -0.163560 1.032260 0.153614 -0.006449 -1.203460 -0.411445 0.261098 -0.027666 -0.773700 -1.967373 0.024915 -0.470657 -1.741509 -0.048476 0.640705 -0.386525 -1.775898 0.232718 0.358244 0.601210 1.193666 -0.108023 0.264991 -1.494597 0.289194 0.657357 0.095004 0.131318 0.676212 -0.166581 0.797880 0.342416 0.180969 -0.000184 -0.486104 -0.549253 -0.135846 -0.181391 0.429282 -0.323516 0.449745 -0.037750 -0.385064 -0.220345 -0.796830 0.281281 -0.209267 -0.563075 -0.425441 -0.142394 1.263047 0.533667 0.139905 -0.179545 -0.105560 -0.027952 0.678164 0.143916 -0.062353 0.100388 -0.526613 -0.599202 -0.550957 0.029446 0.026798 1.278225 0.520760 -0.031950 0.371973 0.325287 2.259905 -0.180914 -0.306527 -0.030425 -0.212391 1.199289 0.312498 1.957367 -0.204004 0.020789 -0.212264 -0.169462 -0.135749 0.004768 -0.617632 1.895733 0.040829 -0.300616 0.148506 0.886075 -0.876159 0.421770 -0.040847 0.459320 -1.146406 0.753423 0.236246 0.177574 -0.478774 0.890487 -0.822040 -0.150979 -0.597038 -1.638654 -0.155167 0.268427 -0.611317 0.371287 -0.989635 0.144586 0.016217 -0.862980 0.030101 0.502504 -0.032983 0.263185 0.148871 0.276094 0.660736 0.597727 -0.015407 0.295869
150 -0.646888 -0.108183 1.662623 -0.974795 -0.271302 0.036866 0.202501 0.345182 0.411035 0.549046 0.647004 0.095047 0.316776 0.173918 -0.028511 -0.428965 -0.426469 1.663409 -0.096051 -0.924198 0.173804 1.609931 -0.125543 -0.283814 -0.087236 0.790785 -0.218854 -0.750943 1.415723 -0.317735 -0.120182 -1.141502 -0.524400 -0.173672 0.409439 1.187842 -1.572940 0.092429 -0.026633 0.220348 0.603148 1.252729 -0.055659 -0.118616 -0.233610 -0.530630 -0.331235 -0.575909 0.011048 -0.394932 -0.174439 1.005444 0.114973 -0.032422 -1.178877 -0.426426 0.267096 0.005509 -0.742682 -1.946264 -0.015442 -0.472710 -1.718459 -0.071953 0.610474 -0.365208 -1.755099 0.208580 0.336489 0.563745 1.171701 -0.092273 0.243152 -1.472997 0.249944 0.705087 0.100228 0.114013 0.696693 -0.149112 0.816212 0.297918 0.159912 -0.028178 -0.459010 -0.588311 -0.090812 -0.161534 0.478769 -0.298780 0.425374 -0.037282 -0.345669 -0.234451 -0.780705 0.255781 -0.161261 -0.572992 -0.471578 -0.128619 1.240303 0.537861 0.125202 -0.159937 -0.137963 0.006642 0.728532 0.143461 -0.112863 0.081065 -0.484473 -0.615412 -0.518706 -0.019246 -0.005462 1.255184 0.488636 -0.049106 0.336155 0.373216 2.239442 -0.161642 -0.335139 0.003311 -0.266418 1.223596 0.313545 1.935724 -0.180475 0.030238 -0.187273 -0.140760 -0.130837 -0.003993 -0.659656 1.874262 -0.012382 -0.253502 0.199734 0.858103 -0.837678 0.375896 -0.089916 0.425074 -1.123551 0.716685 0.220702 0.134676 -0.442211 0.926902 -0.786814 -0.126984 -0.610712 -1.616627 -0.133846 0.321959 -0.663137 0.352183 -0.966393 0.131573 0.064148 -0.839533 0.079154 0.480160 0.014827 0.220810 0.139323 0.236404 0.655687 0.559555 0.008642 0.254799
151 -0.643710 -0.108258 1.670272 -0.981363 -0.261607 0.029826 0.193559 0.350752 0.415830 0.555601 0.645494 0.103549 0.318799 0.178132 -0.037735 -0.438318 -0.416892 1.670215 -0.102095 -0.931030 0.177811 1.616890 -0.115717 -0.274099 -0.094862 0.790027 -0.209155 -0.755133 1.422814 -0.320837 -0.130345 -1.148027 -0.522627 -0.163101 0.414128 1.183429 -1.580177 0.101894 -0.035890 0.229508 0.610853 1.259016 -0.052583 -0.107847 -0.238752 -0.538712 -0.336259 -0.581792 0.008157 -0.402959 -0.172397 1.012226 0.122874 -0.027014 -1.185547 -0.423965 0.266424 -0.001156 -0.750126 -1.953749 -0.007307 -0.473374 -1.725977 -0.067072 0.617281 -0.369937 -1.762277 0.213650 0.341361 0.572118 1.177850 -0.095696 0.247810 -1.479730 0.258047 0.696098 0.098987 0.117538 0.693309 -0.152864 0.813626 0.307283 0.164302 -0.022501 -0.464920 -0.581033 -0.100012 -0.165752 0.469237 -0.304031 0.430721 -0.037405 -0.353985 -0.231739 -0.785417 0.261161 -0.171333 -0.571866 -0.462515 -0.131645 1.246730 0.538192 0.128396 -0.164059 -0.131727 -0.000301 0.719079 0.143692 -0.102590 0.085311 -0.493676 -0.612829 -0.526063 -0.009168 0.001235 1.261696 0.495666 -0.045461 0.343743 0.363788 2.247298 -0.165731 -0.329936 -0.003471 -0.255554 1.220592 0.314167 1.943453 -0.185366 0.028014 -0.192469 -0.146690 -0.132449 -0.001779 -0.651839 1.881785 -0.001453 -0.263334 0.189367 0.864900 -0.846705 0.385699 -0.079957 0.432541 -1.129737 0.725053 0.224023 0.143519 -0.450204 0.920466 -0.795106 -0.132192 -0.608664 -1.623758 -0.138303 0.311238 -0.653218 0.356419 -0.972374 0.134443 0.054499 -0.845787 0.069300 0.485282 0.005191 0.229589 0.141391 0.244711 0.658064 0.568039 0.003667 0.263346
152 -0.638422 -0.108987 1.663615 -0.980233 -0.254736 0.025184 0.186704 0.352935 0.417611 0.557747 0.640571 0.108782 0.318954 0.180343 -0.043983 -0.442217 -0.408673 1.662399 -0.106792 -0.930553 0.179919 1.609819 -0.108610 -0.267040 -0.098617 0.783873 -0.202975 -0.751463 1.417660 -0.321669 -0.135834 -1.145786 -0.518083 -0.156887 0.413753 1.175704 -1.573893 0.107994 -0.042156 0.234637 0.612005 1.255572 -0.052183 -0.100958 -0.241765 -0.541834 -0.338354 -0.583431 0.008195 -0.406601 -0.170237 1.011186 0.127856 -0.024139 -1.182943 -0.419778 0.263498 -0.005872 -0.750228 -1.945243 -0.001712 -0.468918 -1.718975 -0.064495 0.619075 -0.371471 -1.754530 0.216442 0.342626 0.574443 1.174855 -0.097101 0.250068 -1.474295 0.262973 0.687456 0.099227 0.120184 0.687755 -0.154572 0.807004 0.312180 0.166788 -0.018744 -0.467232 -0.573754 -0.105945 -0.167911 0.460885 -0.306665 0.432752 -0.037411 -0.358240 -0.229440 -0.782228 0.264129 -0.176559 -0.567246 -0.455503 -0.132861 1.243425 0.533005 0.129786 -0.166451 -0.126140 -0.005176 0.709770 0.143354 -0.095958 0.086546 -0.497066 -0.608061 -0.527444 -0.003455 0.004835 1.258355 0.498315 -0.043933 0.347475 0.356453 2.236942 -0.167793 -0.323980 -0.008203 -0.248013 1.210164 0.310734 1.934435 -0.188192 0.028132 -0.195450 -0.150186 -0.130570 -0.002484 -0.643912 1.873408 0.005273 -0.268766 0.182498 0.864829 -0.847636 0.390138 -0.073395 0.435425 -1.127416 0.726905 0.225808 0.148877 -0.453187 0.912435 -0.795820 -0.134059 -0.604147 -1.617238 -0.140863 0.303665 -0.644353 0.357864 -0.971125 0.135529 0.047700 -0.843442 0.062246 0.486257 -0.001597 0.234763 0.142367 0.249212 0.653566 0.570654 0.000866 0.268217
153 -0.637278 -0.108343 1.680938 -0.991437 -0.244248 0.017411 0.177530 0.360032 0.423655 0.566393 0.641864 0.118426 0.321890 0.185223 -0.053982 -0.454193 -0.399426 1.679359 -0.112765 -0.941677 0.184538 1.626412 -0.098227 -0.256685 -0.108055 0.787387 -0.191931 -0.761035 1.432953 -0.325778 -0.148021 -1.157761 -0.518711 -0.144399 0.421576 1.174128 -1.590273 0.118499 -0.052191 0.245387 0.623455 1.268108 -0.047337 -0.088788 -0.247446 -0.552230 -0.344594 -0.591342 0.003335 -0.416582 -0.168625 1.022658 0.136677 -0.017554 -1.195452 -0.419012 0.264740 -0.012905 -0.762038 -1.963724 0.007071 -0.473491 -1.736360 -0.058520 0.628409 -0.377690 -1.771978 0.222269 0.349368 0.586059 1.186835 -0.101422 0.255623 -1.489161 0.272037 0.679361 0.096807 0.123535 0.686462 -0.159155 0.807885 0.323402 0.171801 -0.012464 -0.474725 -0.567422 -0.116129 -0.172870 0.451776 -0.312882 0.439529 -0.037560 -0.368191 -0.226744 -0.792242 0.270245 -0.188793 -0.568967 -0.446033 -0.136630 1.256083 0.537641 0.133701 -0.171013 -0.120453 -0.012541 0.701493 0.143887 -0.084412 0.092494 -0.509200 -0.607474 -0.538191 0.008495 0.012913 1.271185 0.507385 -0.039145 0.356650 0.346765 2.257462 -0.172628 -0.320189 -0.015428 -0.236147 1.213410 0.314473 1.953784 -0.193744 0.024287 -0.201357 -0.156946 -0.134773 0.001804 -0.637219 1.891908 0.017775 -0.280332 0.170932 0.875606 -0.861300 0.402433 -0.062343 0.445035 -1.138895 0.738732 0.229508 0.158924 -0.463589 0.907942 -0.808504 -0.141026 -0.604232 -1.633644 -0.145897 0.292030 -0.634940 0.363317 -0.981438 0.139164 0.037405 -0.855302 0.051788 0.493563 -0.011845 0.244779 0.144783 0.259031 0.660886 0.582145 -0.005047 0.278076
154 -0.644026 -0.109482 1.638680 -0.961916 -0.277375 0.041641 0.207139 0.339313 0.406027 0.541466 0.641814 0.088671 0.313837 0.170483 -0.022545 -0.419062 -0.430177 1.638966 -0.093280 -0.911911 0.170579 1.586472 -0.131297 -0.289615 -0.079959 0.782250 -0.226088 -0.737894 1.395203 -0.314080 -0.111234 -1.126968 -0.520202 -0.182487 0.400787 1.183664 -1.550332 0.085791 -0.020639 0.212698 0.591703 1.236606 -0.060568 -0.126511 -0.229939 -0.521922 -0.326240 -0.568750 0.016290 -0.387010 -0.174472 0.992375 0.109316 -0.037308 -1.163479 -0.424013 0.263496 0.009416 -0.730048 -1.919631 -0.020606 -0.464414 -1.694201 -0.076392 0.601898 -0.359797 -1.730176 0.204545 0.330295 0.553007 1.156544 -0.088805 0.239017 -1.452723 0.244019 0.707217 0.103069 0.112591 0.693794 -0.145601 0.810128 0.289591 0.156503 -0.032065 -0.452804 -0.589576 -0.084404 -0.157963 0.482259 -0.294199 0.419752 -0.037150 -0.338270 -0.235544 -0.767515 0.251596 -0.152053 -0.567577 -0.476463 -0.125621 1.224171 0.528925 0.122177 -0.156998 -0.139776 0.010771 0.730341 0.142694 -0.120271 0.075648 -0.474005 -0.612359 -0.508198 -0.027804 -0.011379 1.238818 0.480968 -0.053080 0.329206 0.378063 2.209124 -0.158132 -0.334642 0.007411 -0.273502 1.211964 0.306929 1.907715 -0.176738 0.034459 -0.183305 -0.136244 -0.124900 -0.009116 -0.660819 1.847701 -0.020734 -0.245259 0.207005 0.846484 -0.823734 0.366078 -0.096833 0.417046 -1.109485 0.705457 0.218239 0.127989 -0.433386 0.925647 -0.773727 -0.120961 -0.607138 -1.593799 -0.130496 0.328771 -0.666541 0.347551 -0.954428 0.128612 0.070028 -0.824957 0.085019 0.473128 0.020648 0.214025 0.137563 0.229308 0.644430 0.549253 0.012854 0.247965
155 -0.628794 -0.109275 1.678629 -0.994960 -0.229089 0.006696 0.162892 0.366771 0.429347 0.573800 0.634999 0.130868 0.323618 0.190953 -0.068101 -0.465651 -0.382779 1.674990 -0.122848 -0.946165 0.190001 1.623068 -0.082677 -0.241244 -0.118139 0.779625 -0.177531 -0.759819 1.432015 -0.329103 -0.161931 -1.159952 -0.512090 -0.129363 0.424640 1.161801 -1.588101 0.132594 -0.066357 0.258186 0.630486 1.268672 -0.044612 -0.072838 -0.254817 -0.561876 -0.350819 -0.597719 0.001244 -0.426826 -0.164619 1.026450 0.148416 -0.010197 -1.197316 -0.412319 0.260809 -0.023410 -0.767616 -1.959028 0.019669 -0.468786 -1.733508 -0.051889 0.635609 -0.383068 -1.767966 0.229327 0.354536 0.594959 1.187846 -0.105609 0.261788 -1.487647 0.283878 0.662625 0.096215 0.129265 0.677504 -0.163961 0.798227 0.336037 0.178016 -0.003870 -0.481893 -0.553484 -0.129875 -0.178539 0.434984 -0.319923 0.445944 -0.037659 -0.379376 -0.222057 -0.792003 0.277737 -0.202345 -0.562734 -0.431178 -0.140299 1.256926 0.531843 0.137701 -0.176882 -0.109220 -0.023479 0.683603 0.143668 -0.069083 0.097121 -0.519946 -0.600031 -0.545241 0.022613 0.022140 1.272028 0.515739 -0.034646 0.366731 0.331195 2.250789 -0.178110 -0.309265 -0.026062 -0.219362 1.198928 0.310933 1.948646 -0.200734 0.022783 -0.208770 -0.165478 -0.133772 0.002605 -0.622112 1.887369 0.033631 -0.293971 0.155264 0.880523 -0.868999 0.414884 -0.047318 0.453959 -1.140748 0.747071 0.234091 0.171743 -0.473009 0.893774 -0.815423 -0.147111 -0.597480 -1.631079 -0.152220 0.275297 -0.617253 0.368231 -0.984429 0.142567 0.022331 -0.857144 0.036316 0.498565 -0.026888 0.257374 0.147483 0.270469 0.657427 0.591461 -0.012005 0.290160
156 -0.630414 -0.110633 1.642167 -0.972189 -0.249358 0.021743 0.180531 0.352800 0.417424 0.556699 0.631774 0.112106 0.317784 0.181430 -0.048791 -0.442030 -0.400406 1.639195 -0.111363 -0.923678 0.180994 1.588121 -0.102697 -0.261273 -0.099603 0.771770 -0.199076 -0.740152 1.400137 -0.320968 -0.138146 -1.135602 -0.510265 -0.153807 0.408912 1.164084 -1.553677 0.112243 -0.046967 0.237216 0.607571 1.242796 -0.054266 -0.096473 -0.243772 -0.541387 -0.338551 -0.582008 0.010964 -0.407259 -0.167584 1.003294 0.131284 -0.023094 -1.171854 -0.413350 0.257969 -0.009832 -0.743801 -1.919984 0.002666 -0.459091 -1.696962 -0.063609 0.617084 -0.370774 -1.731136 0.217966 0.341172 0.571869 1.163231 -0.097119 0.250922 -1.456499 0.266251 0.677851 0.101107 0.122859 0.679403 -0.154981 0.795613 0.314065 0.168258 -0.016106 -0.467123 -0.565380 -0.110140 -0.168850 0.452387 -0.307768 0.432589 -0.037379 -0.359934 -0.227172 -0.771398 0.265817 -0.178411 -0.558698 -0.449387 -0.132900 1.230898 0.521960 0.130031 -0.168019 -0.120025 -0.009286 0.699127 0.142588 -0.091510 0.085365 -0.495953 -0.600603 -0.523785 -0.000773 0.006329 1.245575 0.497860 -0.044087 0.348792 0.349812 2.207283 -0.168667 -0.316236 -0.012116 -0.242313 1.191000 0.303052 1.907689 -0.189924 0.030486 -0.197295 -0.152325 -0.125155 -0.006031 -0.634665 1.848323 0.009358 -0.271502 0.177743 0.858759 -0.841704 0.390770 -0.068778 0.435039 -1.117319 0.723565 0.226901 0.152246 -0.452496 0.901909 -0.790030 -0.133363 -0.596721 -1.596581 -0.142428 0.297823 -0.635121 0.357469 -0.963531 0.135423 0.042192 -0.832879 0.056442 0.484012 -0.007170 0.237869 0.142771 0.251307 0.642196 0.568691 -0.000449 0.270931
157 -0.643121 -0.108054 1.675155 -0.984665 -0.258071 0.027231 0.190436 0.352986 0.417695 0.558278 0.645643 0.106728 0.319672 0.179685 -0.041055 -0.442128 -0.413665 1.674943 -0.104141 -0.934339 0.179282 1.621541 -0.112229 -0.270600 -0.097920 0.790797 -0.205493 -0.757847 1.427173 -0.322084 -0.134300 -1.151513 -0.522599 -0.159002 0.416485 1.182499 -1.584800 0.105365 -0.039220 0.233001 0.614356 1.262611 -0.051060 -0.103826 -0.240571 -0.542006 -0.338217 -0.584229 0.006656 -0.406126 -0.171827 1.015620 0.125788 -0.024870 -1.189179 -0.423540 0.266671 -0.003521 -0.753684 -1.958881 -0.004364 -0.474564 -1.730859 -0.065119 0.620176 -0.371871 -1.767149 0.215530 0.343463 0.575726 1.181302 -0.097047 0.249581 -1.483933 0.261007 0.693157 0.098226 0.118622 0.692658 -0.154322 0.813571 0.310912 0.165937 -0.020420 -0.467278 -0.578693 -0.103372 -0.167333 0.466039 -0.306024 0.432838 -0.037447 -0.357191 -0.230778 -0.788299 0.263114 -0.175286 -0.572167 -0.459256 -0.132804 1.250367 0.539377 0.129616 -0.165514 -0.129728 -0.002784 0.716067 0.143823 -0.098765 0.087190 -0.497510 -0.612433 -0.529379 -0.005264 0.003882 1.265385 0.498502 -0.043909 0.346687 0.360467 2.252950 -0.167285 -0.328483 -0.005899 -0.251586 1.221076 0.315159 1.948834 -0.187180 0.026823 -0.194404 -0.148920 -0.133661 -0.000479 -0.649373 1.886937 0.002656 -0.267096 0.185522 0.868126 -0.850879 0.389627 -0.076292 0.435583 -1.133066 0.728709 0.225185 0.146807 -0.453488 0.918676 -0.798967 -0.134404 -0.608487 -1.628379 -0.139930 0.307331 -0.649890 0.358110 -0.975402 0.135564 0.051062 -0.849261 0.065790 0.487520 0.001766 0.232850 0.142142 0.247893 0.660083 0.571638 0.001729 0.266548
158 -0.632918 -0.109391 1.667818 -0.986112 -0.242037 0.016032 0.174715 0.359468 0.423166 0.565187 0.636820 0.119597 0.321039 0.185512 -0.055933 -0.453199 -0.395470 1.665158 -0.115014 -0.937002 0.184842 1.613115 -0.095679 -0.254190 -0.107918 0.780280 -0.190553 -0.753839 1.422053 -0.325121 -0.148357 -1.151116 -0.514250 -0.143644 0.418220 1.167710 -1.577873 0.120088 -0.054148 0.246045 0.620075 1.260054 -0.048975 -0.087231 -0.248221 -0.551245 -0.344295 -0.590049 0.005360 -0.416197 -0.167283 1.017335 0.137995 -0.017496 -1.188241 -0.415457 0.261482 -0.014670 -0.757520 -1.948315 0.008923 -0.467531 -1.722845 -0.058497 0.626648 -0.376892 -1.757684 0.222748 0.348076 0.583712 1.179437 -0.101105 0.255753 -1.478206 0.273286 0.674566 0.098138 0.124844 0.681914 -0.159074 0.801406 0.323637 0.172311 -0.011440 -0.474184 -0.563125 -0.117740 -0.173062 0.447637 -0.313110 0.439003 -0.037539 -0.368434 -0.225697 -0.785382 0.270801 -0.188885 -0.564011 -0.443340 -0.136371 1.248124 0.530971 0.133552 -0.171595 -0.117348 -0.014366 0.696096 0.143403 -0.082793 0.091338 -0.507662 -0.603374 -0.535296 0.009105 0.013163 1.263099 0.506472 -0.039602 0.356749 0.343730 2.239430 -0.172804 -0.316009 -0.017142 -0.233882 1.202336 0.309784 1.937495 -0.194371 0.025991 -0.202017 -0.157693 -0.131303 -0.000629 -0.632447 1.876561 0.019060 -0.280974 0.169138 0.871414 -0.856887 0.401850 -0.060570 0.444128 -1.132374 0.735973 0.229891 0.160057 -0.462443 0.902350 -0.804246 -0.140088 -0.600104 -1.620966 -0.146446 0.289642 -0.630459 0.362758 -0.976414 0.138836 0.035076 -0.848451 0.049344 0.491794 -0.014200 0.245825 0.144856 0.259482 0.653868 0.580191 -0.005325 0.278926
159 -0.642094 -0.109133 1.652202 -0.971153 -0.267285 0.034305 0.198147 0.345639 0.411423 0.549152 0.641989 0.097763 0.316296 0.174952 -0.032146 -0.429891 -0.420852 1.651957 -0.099154 -0.921202 0.174803 1.599283 -0.121206 -0.279597 -0.088531 0.784032 -0.215660 -0.745147 1.407216 -0.317648 -0.122522 -1.136617 -0.519886 -0.170787 0.407198 1.181021 -1.563102 0.095809 -0.030274 0.222710 0.601565 1.246561 -0.056524 -0.114947 -0.235258 -0.531218 -0.331837 -0.575686 0.012330 -0.396105 -0.172721 1.001825 0.117653 -0.031272 -1.173508 -0.422583 0.263960 0.002663 -0.740028 -1.933843 -0.012188 -0.467286 -1.707714 -0.070951 0.610044 -0.365256 -1.743620 0.209926 0.336112 0.563259 1.166085 -0.092632 0.244050 -1.464349 0.252560 0.698879 0.101130 0.115892 0.691693 -0.149700 0.809659 0.299982 0.161130 -0.026075 -0.459511 -0.582990 -0.094098 -0.162485 0.473020 -0.299880 0.425792 -0.037263 -0.347426 -0.232942 -0.775249 0.257271 -0.163334 -0.568146 -0.467244 -0.128964 1.234234 0.531698 0.125669 -0.161245 -0.133964 0.003743 0.721711 0.143068 -0.109303 0.080782 -0.484867 -0.610987 -0.517489 -0.016680 -0.004001 1.249044 0.489098 -0.048852 0.337585 0.368590 2.224783 -0.162511 -0.330363 0.000506 -0.262075 1.212800 0.309293 1.922568 -0.181893 0.031350 -0.188757 -0.142514 -0.127947 -0.005780 -0.653799 1.861942 -0.008916 -0.255977 0.195969 0.855577 -0.835387 0.377238 -0.086288 0.425610 -1.118710 0.715731 0.221650 0.137450 -0.442649 0.920420 -0.784540 -0.127083 -0.606363 -1.606564 -0.135158 0.317550 -0.657018 0.352346 -0.962852 0.131812 0.060073 -0.834465 0.074867 0.479407 0.010737 0.223428 0.139745 0.238416 0.649574 0.559386 0.007392 0.257162
160 -0.635547 -0.108397 1.683807 -0.994228 -0.239399 0.013926 0.173025 0.362634 0.425846 0.569420 0.640864 0.122621 0.322748 0.187183 -0.058548 -0.458657 -0.394533 1.681750 -0.115808 -0.944638 0.186398 1.628931 -0.093317 -0.251797 -0.111748 0.786629 -0.187115 -0.762572 1.435686 -0.327147 -0.152982 -1.160458 -0.517629 -0.139175 0.423618 1.171564 -1.592983 0.123167 -0.056773 0.249865 0.626961 1.270595 -0.045942 -0.083454 -0.249875 -0.556035 -0.346926 -0.594055 0.002063 -0.420420 -0.167619 1.025563 0.140582 -0.014941 -1.198192 -0.417653 0.264248 -0.016214 -0.765336 -1.966360 0.011125 -0.473444 -1.739130 -0.056171 0.631546 -0.379869 -1.774539 0.224683 0.351609 0.589962 1.189298 -0.102970 0.257819 -1.491700 0.275999 0.674677 0.096248 0.125184 0.684612 -0.160891 0.806306 0.327943 0.173912 -0.009677 -0.477508 -0.563596 -0.120666 -0.174835 0.446871 -0.315385 0.442010 -0.037601 -0.372211 -0.225389 -0.794081 0.272782 -0.193699 -0.568154 -0.441445 -0.137968 1.258648 0.537414 0.135134 -0.172928 -0.117261 -0.015996 0.696554 0.143920 -0.079314 0.094469 -0.513559 -0.606034 -0.541568 0.013444 0.016175 1.273781 0.510679 -0.037403 0.360306 0.341984 2.260130 -0.174547 -0.317419 -0.018796 -0.230715 1.211394 0.314484 1.956501 -0.196112 0.023308 -0.203866 -0.159825 -0.135344 0.002716 -0.633106 1.894570 0.023158 -0.285123 0.165771 0.878582 -0.865373 0.407144 -0.057401 0.448535 -1.141425 0.742568 0.231018 0.163255 -0.467337 0.904462 -0.812235 -0.143472 -0.603041 -1.636280 -0.148005 0.286658 -0.629824 0.365256 -0.983957 0.140434 0.032604 -0.857896 0.046877 0.495886 -0.016641 0.249067 0.145714 0.263068 0.661593 0.586095 -0.007463 0.282233
161 -0.639003 -0.108646 1.670733 -0.984404 -0.252182 0.023114 0.184566 0.355174 0.419520 0.560504 0.641891 0.111377 0.320031 0.181742 -0.046490 -0.445827 -0.406791 1.669480 -0.108259 -0.934591 0.181245 1.616692 -0.106127 -0.264515 -0.101415 0.786173 -0.200067 -0.755442 1.423825 -0.323039 -0.139243 -1.150425 -0.519095 -0.153537 0.416642 1.176419 -1.580613 0.110685 -0.044678 0.237649 0.615865 1.260563 -0.050549 -0.097845 -0.243323 -0.545075 -0.340291 -0.586096 0.006468 -0.409580 -0.170088 1.015453 0.130237 -0.022294 -1.187826 -0.420259 0.264421 -0.007662 -0.754363 -1.952968 0.000532 -0.471318 -1.726121 -0.062811 0.622193 -0.373522 -1.761785 0.218111 0.344912 0.578161 1.179594 -0.098406 0.251759 -1.480368 0.265471 0.685994 0.098376 0.120926 0.688319 -0.155963 0.808461 0.315358 0.168242 -0.017162 -0.469625 -0.572627 -0.108594 -0.169345 0.459048 -0.308539 0.434921 -0.037480 -0.361146 -0.228866 -0.786346 0.265855 -0.180047 -0.568659 -0.453324 -0.133987 1.248447 0.535563 0.130946 -0.167685 -0.124970 -0.007101 0.708334 0.143583 -0.092974 0.088496 -0.500818 -0.608745 -0.531029 -0.000155 0.007181 1.263424 0.501150 -0.042445 0.350229 0.354186 2.245618 -0.169232 -0.323533 -0.010071 -0.245113 1.213035 0.312667 1.942537 -0.189786 0.026759 -0.197160 -0.152084 -0.132379 -0.000855 -0.642761 1.881093 0.008516 -0.272017 0.179561 0.868657 -0.852328 0.393809 -0.070568 0.438426 -1.131894 0.730831 0.226849 0.151570 -0.456440 0.912190 -0.800188 -0.136270 -0.605031 -1.623970 -0.142271 0.300838 -0.642476 0.359661 -0.975041 0.136640 0.045182 -0.848022 0.059758 0.488777 -0.004104 0.237519 0.143091 0.251986 0.656984 0.574324 -0.000765 0.270988
162 -0.627434 -0.109318 1.681189 -0.997481 -0.224911 0.003634 0.158985 0.369106 0.431307 0.576485 0.634211 0.134539 0.324434 0.192691 -0.072063 -0.469582 -0.378569 1.677091 -0.125593 -0.948830 0.191660 1.625299 -0.078439 -0.237026 -0.121382 0.779046 -0.173396 -0.761182 1.434464 -0.330342 -0.166230 -1.162421 -0.511211 -0.124914 0.426477 1.159667 -1.590526 0.136656 -0.070332 0.262099 0.633558 1.270945 -0.043414 -0.068270 -0.256966 -0.565310 -0.352910 -0.600186 0.000145 -0.430183 -0.163819 1.029094 0.151860 -0.007949 -1.199819 -0.411218 0.260400 -0.026340 -0.770518 -1.961358 0.023230 -0.468807 -1.735964 -0.049862 0.638459 -0.385044 -1.770235 0.231487 0.356576 0.598367 1.190096 -0.106951 0.263773 -1.489933 0.287381 0.658559 0.095761 0.130690 0.676043 -0.165524 0.796951 0.340027 0.179932 -0.001483 -0.484419 -0.550124 -0.133828 -0.180283 0.430764 -0.322192 0.448190 -0.037717 -0.382946 -0.220869 -0.793691 0.279986 -0.206601 -0.562098 -0.427229 -0.141448 1.259260 0.531723 0.138951 -0.178564 -0.106420 -0.026558 0.679328 0.143711 -0.064694 0.098864 -0.523792 -0.598919 -0.548213 0.026886 0.025010 1.274389 0.518650 -0.033103 0.369987 0.327053 2.253132 -0.179847 -0.306845 -0.029040 -0.214724 1.197258 0.310996 1.951035 -0.202876 0.021942 -0.211054 -0.168067 -0.134279 0.003401 -0.618533 1.889704 0.038258 -0.298187 0.150843 0.883191 -0.872648 0.419022 -0.043059 0.457107 -1.143069 0.750522 0.235437 0.175514 -0.476355 0.890871 -0.818738 -0.149269 -0.596591 -1.633432 -0.154098 0.270708 -0.612859 0.370001 -0.986737 0.143672 0.018183 -0.859457 0.032070 0.500667 -0.031058 0.261133 0.148316 0.274015 0.658140 0.594986 -0.014101 0.293823
163 -0.639776 -0.109101 1.657477 -0.975754 -0.260213 0.029140 0.191635 0.349646 0.414803 0.553790 0.640845 0.103918 0.317723 0.177962 -0.038786 -0.436586 -0.413865 1.656592 -0.103564 -0.925997 0.177665 1.604049 -0.114106 -0.272487 -0.094117 0.783443 -0.208559 -0.748128 1.412130 -0.319831 -0.129859 -1.141175 -0.518572 -0.163101 0.410608 1.177554 -1.568089 0.102603 -0.036942 0.229324 0.607049 1.250917 -0.054213 -0.107168 -0.238906 -0.537012 -0.335428 -0.579885 0.010153 -0.401841 -0.171272 1.006584 0.123384 -0.027329 -1.178169 -0.420795 0.263477 -0.002199 -0.745289 -1.938892 -0.006266 -0.467814 -1.712855 -0.067370 0.614918 -0.368657 -1.748502 0.213577 0.339657 0.569211 1.170365 -0.095093 0.247412 -1.468986 0.258400 0.692187 0.100165 0.118340 0.689209 -0.152413 0.807722 0.306696 0.164324 -0.021970 -0.463753 -0.577513 -0.100727 -0.165510 0.466034 -0.303669 0.429616 -0.037354 -0.353408 -0.230896 -0.778638 0.261100 -0.170611 -0.567302 -0.460555 -0.131101 1.238698 0.532002 0.127942 -0.164162 -0.129404 -0.001357 0.714695 0.143185 -0.101850 0.083918 -0.491457 -0.609099 -0.522755 -0.009353 0.000935 1.253558 0.494104 -0.046128 0.343066 0.361653 2.230018 -0.165472 -0.326508 -0.004453 -0.254198 1.210519 0.309810 1.927816 -0.185444 0.029664 -0.192539 -0.146837 -0.129191 -0.004088 -0.647935 1.867030 -0.001058 -0.263068 0.188435 0.860345 -0.841799 0.384298 -0.079073 0.430977 -1.123025 0.721685 0.223976 0.143812 -0.448387 0.915587 -0.790421 -0.130897 -0.604873 -1.611453 -0.138368 0.309748 -0.649687 0.355381 -0.967049 0.133851 0.053109 -0.838919 0.067774 0.483081 0.003794 0.229745 0.141209 0.244387 0.651343 0.565452 0.003765 0.263324
164 -0.642278 -0.108747 1.659917 -0.975746 -0.263882 0.031697 0.195278 0.348237 0.413617 0.552336 0.643108 0.101004 0.317451 0.176642 -0.035383 -0.434194 -0.418130 1.659635 -0.100992 -0.925682 0.176398 1.606736 -0.117910 -0.276242 -0.091927 0.786214 -0.211903 -0.749473 1.413927 -0.319189 -0.126757 -1.141650 -0.520699 -0.166484 0.410428 1.181212 -1.570384 0.099246 -0.033530 0.226418 0.606009 1.251957 -0.054570 -0.110897 -0.237155 -0.534988 -0.334091 -0.578671 0.010310 -0.399660 -0.172344 1.006509 0.120602 -0.028953 -1.178804 -0.422794 0.264832 0.000389 -0.744724 -1.942185 -0.009324 -0.469735 -1.715465 -0.068833 0.613572 -0.367585 -1.751475 0.211932 0.338701 0.567606 1.171214 -0.094216 0.246024 -1.470918 0.255611 0.696612 0.100095 0.116876 0.691840 -0.151346 0.810816 0.303859 0.162857 -0.024005 -0.462243 -0.581243 -0.097459 -0.164217 0.470347 -0.302067 0.428271 -0.037326 -0.350899 -0.232110 -0.779701 0.259355 -0.167631 -0.569412 -0.464232 -0.130331 1.239671 0.534272 0.127075 -0.162770 -0.132336 0.001331 0.719446 0.143290 -0.105449 0.083074 -0.489302 -0.611330 -0.521629 -0.012531 -0.001127 1.254542 0.492405 -0.047057 0.340837 0.365524 2.234130 -0.164214 -0.329526 -0.001854 -0.258211 1.215373 0.311282 1.931340 -0.183793 0.029740 -0.190782 -0.144816 -0.129932 -0.003909 -0.651972 1.870277 -0.004742 -0.259957 0.192128 0.859858 -0.840717 0.381643 -0.082628 0.429112 -1.123558 0.720216 0.222893 0.140823 -0.446458 0.919505 -0.789508 -0.129698 -0.606951 -1.613866 -0.136875 0.313766 -0.654242 0.354373 -0.967114 0.133145 0.056771 -0.839524 0.071563 0.482240 0.007468 0.226823 0.140596 0.241797 0.653144 0.563656 0.005341 0.260540
165 -0.648685 -0.108921 1.640749 -0.960394 -0.285319 0.047234 0.214848 0.335853 0.403087 0.537679 0.645663 0.082187 0.312969 0.167480 -0.015120 -0.413193 -0.438993 1.642132 -0.087966 -0.909844 0.167714 1.589060 -0.139482 -0.297698 -0.074789 0.786693 -0.233559 -0.738934 1.396376 -0.312377 -0.104021 -1.126192 -0.523892 -0.190257 0.399403 1.190330 -1.552270 0.078395 -0.013191 0.206048 0.588262 1.236792 -0.061864 -0.134841 -0.226056 -0.516972 -0.323021 -0.565527 0.017238 -0.381720 -0.176640 0.990688 0.103189 -0.041100 -1.162903 -0.427689 0.265727 0.014933 -0.727421 -1.923039 -0.027204 -0.467207 -1.696543 -0.079797 0.598268 -0.357059 -1.733170 0.200856 0.327706 0.548536 1.156451 -0.086641 0.235816 -1.454213 0.237829 0.716105 0.103275 0.109514 0.698698 -0.143109 0.815507 0.283038 0.153260 -0.036549 -0.449127 -0.596967 -0.077198 -0.155001 0.491133 -0.290539 0.416453 -0.037091 -0.332467 -0.238018 -0.768061 0.247664 -0.145048 -0.571096 -0.484262 -0.123709 1.224197 0.532328 0.120090 -0.153898 -0.145733 0.016508 0.739856 0.142811 -0.128271 0.073337 -0.468533 -0.616460 -0.504724 -0.035104 -0.016126 1.238860 0.476682 -0.055354 0.323993 0.386245 2.213714 -0.155277 -0.340484 0.012986 -0.282296 1.220127 0.309045 1.911431 -0.173091 0.035119 -0.179435 -0.131797 -0.125635 -0.009379 -0.668838 1.851020 -0.029022 -0.238149 0.215177 0.844168 -0.819973 0.359665 -0.104684 0.412466 -1.108888 0.701275 0.215811 0.121283 -0.428567 0.933232 -0.770372 -0.117886 -0.610886 -1.595942 -0.127179 0.337529 -0.675900 0.345033 -0.953151 0.126845 0.077960 -0.824425 0.093180 0.470642 0.028579 0.207453 0.136141 0.223364 0.646647 0.544533 0.016454 0.241672
166 -0.636935 -0.109490 1.656089 -0.976692 -0.255364 0.025654 0.186885 0.351848 0.416699 0.556147 0.638461 0.107912 0.318323 0.179889 -0.043343 -0.440187 -0.408469 1.654461 -0.106940 -0.927270 0.179516 1.602308 -0.109098 -0.267532 -0.097317 0.780666 -0.204007 -0.747445 1.411309 -0.320961 -0.134242 -1.141653 -0.516273 -0.158438 0.411468 1.173438 -1.566791 0.107131 -0.041514 0.233409 0.609116 1.250783 -0.053457 -0.102129 -0.241388 -0.540134 -0.337493 -0.581964 0.009600 -0.405084 -0.169946 1.007627 0.127190 -0.025021 -1.178509 -0.418529 0.262069 -0.005662 -0.746852 -1.936608 -0.002177 -0.466084 -1.711267 -0.065280 0.617233 -0.370431 -1.746491 0.215929 0.341329 0.571902 1.170411 -0.096471 0.249480 -1.467992 0.262274 0.686702 0.100105 0.120318 0.686213 -0.154028 0.804375 0.310722 0.166404 -0.019229 -0.466103 -0.572905 -0.105161 -0.167405 0.460597 -0.306012 0.431741 -0.037412 -0.357024 -0.229341 -0.778294 0.263603 -0.174868 -0.565116 -0.455793 -0.132327 1.238660 0.529889 0.129283 -0.166148 -0.125674 -0.004975 0.708811 0.143129 -0.096983 0.085347 -0.494806 -0.606601 -0.524854 -0.004912 0.003889 1.253503 0.496761 -0.044712 0.346335 0.356612 2.226943 -0.167322 -0.322842 -0.007951 -0.248877 1.205373 0.308500 1.925320 -0.187772 0.029288 -0.195027 -0.149657 -0.128712 -0.003953 -0.642945 1.864781 0.003960 -0.267459 0.183478 0.861761 -0.844109 0.388239 -0.074281 0.433875 -1.123402 0.724303 0.225558 0.147931 -0.451411 0.910940 -0.792449 -0.132808 -0.602600 -1.610001 -0.140486 0.304435 -0.643948 0.357036 -0.967867 0.134992 0.048248 -0.839194 0.062790 0.484672 -0.001080 0.233816 0.142140 0.248052 0.649990 0.568391 0.001559 0.267243
167 -0.639563 -0.108441 1.673825 -0.985916 -0.251864 0.022839 0.184431 0.355705 0.419978 0.561215 0.642720 0.111783 0.320350 0.182023 -0.046805 -0.446715 -0.406816 1.672737 -0.108282 -0.935996 0.181511 1.619781 -0.105878 -0.264264 -0.102020 0.787464 -0.199606 -0.757172 1.426460 -0.323410 -0.139929 -1.152190 -0.519794 -0.152899 0.417648 1.177274 -1.583544 0.111088 -0.044993 0.238191 0.617083 1.262586 -0.049976 -0.097340 -0.243574 -0.545881 -0.340733 -0.586770 0.005835 -0.410234 -0.170170 1.016980 0.130568 -0.021886 -1.189709 -0.420734 0.264995 -0.007833 -0.755787 -1.956493 0.000787 -0.472530 -1.729286 -0.062424 0.623040 -0.374033 -1.765081 0.218411 0.345536 0.579223 1.181480 -0.098752 0.252092 -1.482983 0.265827 0.686207 0.098009 0.120965 0.688900 -0.156284 0.809475 0.316009 0.168481 -0.016923 -0.470162 -0.572882 -0.108967 -0.169646 0.459120 -0.308888 0.435421 -0.037496 -0.361712 -0.228825 -0.788029 0.266162 -0.180765 -0.569509 -0.453135 -0.134292 1.250460 0.536885 0.131243 -0.167908 -0.125095 -0.007281 0.708637 0.143705 -0.092520 0.089051 -0.501798 -0.609305 -0.532133 0.000475 0.007651 1.265470 0.501836 -0.042068 0.350766 0.354053 2.249671 -0.169527 -0.323940 -0.010262 -0.244736 1.214896 0.313633 1.946252 -0.190036 0.026239 -0.197436 -0.152406 -0.133193 -0.000187 -0.643074 1.884617 0.009088 -0.272627 0.179131 0.869966 -0.853862 0.394644 -0.070167 0.439178 -1.133610 0.731998 0.227046 0.152009 -0.457273 0.912755 -0.801627 -0.136854 -0.605642 -1.626948 -0.142518 0.300489 -0.642572 0.360092 -0.976453 0.136946 0.044910 -0.849814 0.059481 0.489499 -0.004372 0.237964 0.143242 0.252514 0.658530 0.575349 -0.001098 0.271457
168 -0.638713 -0.107921 1.688654 -0.995411 -0.243104 0.016403 0.176786 0.361626 0.425032 0.568499 0.643930 0.119862 0.322782 0.186059 -0.055189 -0.456809 -0.399127 1.687271 -0.113188 -0.945420 0.185318 1.633985 -0.097179 -0.255608 -0.109900 0.790554 -0.190346 -0.765254 1.439509 -0.326821 -0.150204 -1.162349 -0.520438 -0.142368 0.424210 1.176190 -1.597548 0.119912 -0.053410 0.247241 0.626779 1.273243 -0.045958 -0.087087 -0.248293 -0.554582 -0.345933 -0.593417 0.001806 -0.418656 -0.168858 1.026700 0.137937 -0.016392 -1.200333 -0.420174 0.266094 -0.013651 -0.765802 -1.972372 0.008107 -0.476388 -1.744180 -0.057474 0.630868 -0.379217 -1.780038 0.223246 0.351141 0.589063 1.191650 -0.102320 0.256695 -1.495674 0.273409 0.679577 0.095989 0.123711 0.687933 -0.160057 0.810392 0.325453 0.172620 -0.011685 -0.476434 -0.567741 -0.117514 -0.173746 0.451546 -0.314060 0.441080 -0.037608 -0.370062 -0.226679 -0.796489 0.271252 -0.191090 -0.571058 -0.445275 -0.137406 1.261222 0.540806 0.134469 -0.171673 -0.120420 -0.013353 0.701843 0.144131 -0.082815 0.093993 -0.512033 -0.608908 -0.541208 0.010533 0.014354 1.276380 0.509477 -0.038105 0.358449 0.345996 2.267358 -0.173505 -0.320890 -0.016231 -0.234752 1.217915 0.316764 1.962873 -0.194636 0.023057 -0.202302 -0.157980 -0.136694 0.003350 -0.637614 1.900502 0.019629 -0.282334 0.169414 0.879098 -0.865412 0.405007 -0.060885 0.447200 -1.143344 0.741957 0.230088 0.160443 -0.465983 0.909132 -0.812365 -0.142654 -0.605792 -1.640986 -0.146675 0.290725 -0.634781 0.364622 -0.985173 0.139944 0.036276 -0.859869 0.050715 0.495626 -0.012966 0.246371 0.145232 0.260761 0.664686 0.585007 -0.006021 0.279715
169 -0.638304 -0.109521 1.651608 -0.973125 -0.260204 0.029189 0.191315 0.348988 0.414258 0.552793 0.638983 0.103635 0.317262 0.177770 -0.038756 -0.435381 -0.413168 1.650380 -0.103935 -0.923601 0.177498 1.598182 -0.113969 -0.272375 -0.093410 0.780711 -0.208882 -0.745004 1.407214 -0.319366 -0.129099 -1.138042 -0.516957 -0.163765 0.408921 1.175436 -1.562550 0.102400 -0.036911 0.228787 0.605067 1.247229 -0.055106 -0.107516 -0.238825 -0.535953 -0.334929 -0.578909 0.011172 -0.401016 -0.170887 1.003945 0.123219 -0.027765 -1.174800 -0.419595 0.262251 -0.002331 -0.742883 -1.932134 -0.006250 -0.465454 -1.706852 -0.067768 0.613676 -0.367982 -1.742213 0.213368 0.338771 0.567567 1.166957 -0.094733 0.247108 -1.464078 0.258212 0.691111 0.100808 0.118623 0.687685 -0.152108 0.805373 0.305969 0.164175 -0.022053 -0.463061 -0.576482 -0.100565 -0.165274 0.465277 -0.303340 0.428998 -0.037346 -0.352799 -0.230701 -0.775569 0.260909 -0.169761 -0.565446 -0.460307 -0.130808 1.235044 0.529387 0.127674 -0.164101 -0.128718 -0.001495 0.713419 0.143005 -0.102126 0.083124 -0.490053 -0.607685 -0.520990 -0.010011 0.000467 1.249836 0.493174 -0.046614 0.342475 0.361297 2.222172 -0.165236 -0.325318 -0.004560 -0.254283 1.206377 0.307949 1.920674 -0.185292 0.030508 -0.192385 -0.146644 -0.127719 -0.005201 -0.646762 1.860294 -0.001521 -0.262482 0.188658 0.858132 -0.839306 0.383226 -0.079255 0.430017 -1.119969 0.719907 0.223910 0.143502 -0.447282 0.913967 -0.788048 -0.130106 -0.603406 -1.605814 -0.138247 0.309772 -0.648816 0.354851 -0.964607 0.133539 0.053034 -0.835700 0.067678 0.481984 0.003707 0.229409 0.141106 0.243851 0.648432 0.563972 0.004079 0.262938
170 -0.631440 -0.108983 1.679794 -0.994233 -0.233381 0.009690 0.167040 0.364966 0.427810 0.571831 0.637166 0.127417 0.323196 0.189348 -0.064131 -0.462566 -0.387557 1.676710 -0.120037 -0.945149 0.188469 1.624490 -0.087078 -0.245601 -0.115386 0.782110 -0.181566 -0.760403 1.432707 -0.328213 -0.158096 -1.159663 -0.514158 -0.133565 0.423942 1.165542 -1.589192 0.128649 -0.062376 0.254669 0.628693 1.268866 -0.045343 -0.077322 -0.252749 -0.559315 -0.349134 -0.596086 0.001781 -0.424046 -0.165854 1.025667 0.145169 -0.012260 -1.197140 -0.414381 0.262035 -0.020467 -0.766263 -1.960906 0.016149 -0.470325 -1.734814 -0.053759 0.633760 -0.381654 -1.769608 0.227380 0.353201 0.592614 1.187892 -0.104423 0.260113 -1.488504 0.280613 0.667447 0.096362 0.127581 0.680288 -0.162635 0.801247 0.332577 0.176316 -0.006317 -0.480007 -0.557483 -0.126037 -0.176955 0.439794 -0.318024 0.444239 -0.037641 -0.376339 -0.223429 -0.792362 0.275651 -0.198629 -0.564708 -0.435414 -0.139244 1.257041 0.533729 0.136560 -0.175208 -0.112424 -0.020432 0.688761 0.143727 -0.073379 0.095886 -0.517083 -0.602369 -0.543427 0.018703 0.019599 1.272142 0.513504 -0.035866 0.364009 0.335603 2.253307 -0.176601 -0.312432 -0.023086 -0.224109 1.203460 0.312095 1.950673 -0.198824 0.023168 -0.206744 -0.163123 -0.134157 0.002434 -0.626458 1.889183 0.029186 -0.290226 0.159674 0.879361 -0.867100 0.411520 -0.051536 0.451574 -1.140540 0.744935 0.232788 0.168174 -0.470493 0.897985 -0.813716 -0.145469 -0.599623 -1.632276 -0.150451 0.280037 -0.622334 0.366932 -0.983852 0.141599 0.026586 -0.856917 0.040697 0.497299 -0.022655 0.253894 0.146726 0.267327 0.658681 0.589008 -0.010055 0.286835
171 -0.642578 -0.108103 1.675167 -0.984964 -0.257071 0.026512 0.189482 0.353464 0.418103 0.558795 0.645239 0.107544 0.319808 0.180092 -0.041976 -0.442896 -0.412599 1.674818 -0.104777 -0.934693 0.179667 1.621477 -0.111217 -0.269572 -0.098623 0.790371 -0.204508 -0.757894 1.427239 -0.322334 -0.135238 -1.151735 -0.522206 -0.157982 0.416757 1.181719 -1.584805 0.106276 -0.040149 0.233862 0.614874 1.262740 -0.050833 -0.102767 -0.241077 -0.542656 -0.338660 -0.584688 0.006460 -0.406824 -0.171554 1.015930 0.126558 -0.024362 -1.189389 -0.423125 0.266452 -0.004212 -0.754113 -1.958742 -0.003541 -0.474358 -1.730830 -0.064659 0.620686 -0.372262 -1.767044 0.216015 0.343844 0.576344 1.181457 -0.097370 0.250013 -1.483962 0.261796 0.692084 0.098164 0.119010 0.692084 -0.154668 0.812990 0.311742 0.166358 -0.019848 -0.467772 -0.577797 -0.104277 -0.167735 0.464961 -0.306505 0.433292 -0.037459 -0.357937 -0.230466 -0.788396 0.263631 -0.176208 -0.571810 -0.458273 -0.133090 1.250520 0.539104 0.129919 -0.165925 -0.129010 -0.003507 0.714915 0.143807 -0.097743 0.087539 -0.498240 -0.611959 -0.529888 -0.004300 0.004522 1.265533 0.499083 -0.043578 0.347373 0.359436 2.252698 -0.167669 -0.327799 -0.006601 -0.250475 1.220230 0.315012 1.948683 -0.187648 0.026680 -0.194898 -0.149483 -0.133670 -0.000365 -0.648389 1.886808 0.003702 -0.268004 0.184475 0.868497 -0.851442 0.390480 -0.075292 0.436199 -1.133267 0.729295 0.225505 0.147656 -0.454142 0.917759 -0.799476 -0.134844 -0.608063 -1.628353 -0.140369 0.306220 -0.648734 0.358468 -0.975666 0.135830 0.050074 -0.849486 0.064795 0.487895 0.000790 0.233691 0.142341 0.248649 0.659981 0.572283 0.001257 0.267360
172 -0.631013 -0.109138 1.675680 -0.991828 -0.234676 0.010760 0.168124 0.363715 0.426711 0.570276 0.636347 0.126042 0.322557 0.188557 -0.062806 -0.460573 -0.388470 1.672607 -0.119253 -0.942827 0.187713 1.620512 -0.088361 -0.246867 -0.113908 0.780748 -0.183037 -0.758150 1.429147 -0.327413 -0.156286 -1.156973 -0.513530 -0.135273 0.422338 1.164921 -1.585302 0.127207 -0.061045 0.253058 0.626546 1.265960 -0.046191 -0.078934 -0.251863 -0.557481 -0.348037 -0.594570 0.002688 -0.422420 -0.165904 1.023203 0.143903 -0.013220 -1.194314 -0.414049 0.261500 -0.019523 -0.763930 -1.956404 0.014975 -0.468961 -1.730671 -0.054632 0.631991 -0.380496 -1.765393 0.226448 0.351927 0.590557 1.185143 -0.103703 0.259165 -1.484980 0.279259 0.668090 0.096785 0.127143 0.679859 -0.161853 0.800328 0.330837 0.175510 -0.007133 -0.478657 -0.557959 -0.124629 -0.176150 0.440664 -0.316973 0.443008 -0.037591 -0.374742 -0.223701 -0.790028 0.274676 -0.196776 -0.563853 -0.436471 -0.138607 1.254129 0.532275 0.135905 -0.174504 -0.113000 -0.019424 0.689380 0.143567 -0.074918 0.094848 -0.515006 -0.601891 -0.541441 0.016983 0.018374 1.269197 0.511927 -0.036644 0.362504 0.336718 2.248235 -0.175791 -0.312583 -0.022108 -0.225580 1.201722 0.311009 1.945974 -0.197943 0.023884 -0.205795 -0.162085 -0.133176 0.001570 -0.626928 1.884715 0.027475 -0.288466 0.161169 0.877162 -0.864431 0.409521 -0.052998 0.449886 -1.137940 0.742697 0.232174 0.166735 -0.468673 0.897914 -0.811247 -0.144282 -0.599038 -1.628371 -0.149667 0.281457 -0.623190 0.365906 -0.981585 0.140969 0.027895 -0.854330 0.042002 0.495877 -0.021330 0.252409 0.146306 0.265821 0.656744 0.586942 -0.009202 0.285334
173 -0.644860 -0.109871 1.653262 -0.969949 -0.272833 0.038572 0.203370 0.343223 0.409910 0.546760 0.644292 0.093199 0.315592 0.173184 -0.027494 -0.426078 -0.426779 1.653531 -0.095232 -0.919700 0.173062 1.600526 -0.126393 -0.285183 -0.084415 0.786238 -0.221025 -0.744779 1.407463 -0.316635 -0.117749 -1.135840 -0.522028 -0.176213 0.405063 1.186954 -1.563968 0.091194 -0.025620 0.218367 0.598946 1.246413 -0.058821 -0.120286 -0.233253 -0.527930 -0.329846 -0.573640 0.014445 -0.392696 -0.173817 1.000495 0.113255 -0.034459 -1.172858 -0.424614 0.264784 0.006609 -0.737939 -1.936162 -0.016913 -0.467450 -1.709092 -0.074111 0.607499 -0.363254 -1.745304 0.207542 0.333720 0.560131 1.165649 -0.091171 0.241849 -1.464981 0.248656 0.705736 0.102299 0.114647 0.694709 -0.147859 0.813033 0.295815 0.158683 -0.029296 -0.457010 -0.589104 -0.089536 -0.160605 0.479126 -0.297347 0.423655 -0.037266 -0.343583 -0.235482 -0.774087 0.255120 -0.158623 -0.569984 -0.473178 -0.127961 1.233988 0.532053 0.124417 -0.159610 -0.138043 0.008095 0.728667 0.143009 -0.114636 0.078067 -0.481232 -0.613335 -0.514561 -0.021716 -0.008014 1.248825 0.486316 -0.051258 0.333953 0.374461 2.228166 -0.160423 -0.334585 0.004593 -0.267716 1.217806 0.309052 1.924828 -0.179255 0.033143 -0.185786 -0.139050 -0.126827 -0.007602 -0.660045 1.864055 -0.014025 -0.251292 0.201472 0.853920 -0.832978 0.373023 -0.091421 0.422513 -1.118033 0.713121 0.220407 0.133139 -0.439484 0.926102 -0.782205 -0.124029 -0.608287 -1.607602 -0.132999 0.323382 -0.663762 0.350602 -0.961708 0.130782 0.065049 -0.833036 0.079931 0.477492 0.015630 0.219316 0.138953 0.234438 0.649032 0.556308 0.010367 0.253120
174 -0.638352 -0.109075 1.662036 -0.979380 -0.255272 0.025528 0.187117 0.352559 0.417294 0.557217 0.640314 0.108279 0.318792 0.180118 -0.043469 -0.441479 -0.409080 1.660745 -0.106596 -0.929729 0.179712 1.608247 -0.109132 -0.267530 -0.098113 0.783408 -0.203550 -0.750650 1.416291 -0.321454 -0.135127 -1.144845 -0.517881 -0.157620 0.413209 1.175519 -1.572396 0.107420 -0.041643 0.234054 0.611196 1.254521 -0.052523 -0.101646 -0.241514 -0.541237 -0.338037 -0.582998 0.008539 -0.406015 -0.170292 1.010324 0.127428 -0.024520 -1.181946 -0.419701 0.263299 -0.005581 -0.749342 -1.943444 -0.002125 -0.468465 -1.717348 -0.064829 0.618527 -0.371148 -1.752848 0.216174 0.342257 0.573649 1.173873 -0.096876 0.249821 -1.472958 0.262546 0.687719 0.099441 0.120070 0.687680 -0.154357 0.806707 0.311530 0.166574 -0.019078 -0.466842 -0.573899 -0.105419 -0.167675 0.461264 -0.306376 0.432406 -0.037415 -0.357709 -0.229535 -0.781417 0.263843 -0.175847 -0.566967 -0.455950 -0.132664 1.242378 0.532525 0.129589 -0.166247 -0.126306 -0.004892 0.710008 0.143299 -0.096580 0.086192 -0.496297 -0.607966 -0.526701 -0.004124 0.004431 1.257280 0.497776 -0.044191 0.347008 0.356866 2.234873 -0.167579 -0.323990 -0.007906 -0.248652 1.209520 0.310376 1.932545 -0.187951 0.028412 -0.195203 -0.149877 -0.130217 -0.002810 -0.644054 1.871597 0.004547 -0.268142 0.183120 0.864029 -0.846678 0.389422 -0.073977 0.434887 -1.126512 0.726141 0.225648 0.148339 -0.452585 0.912472 -0.794906 -0.133656 -0.604017 -1.615703 -0.140640 0.304274 -0.644715 0.357600 -0.970362 0.135341 0.048217 -0.842487 0.062795 0.485823 -0.001085 0.234250 0.142262 0.248670 0.652937 0.569936 0.001194 0.267720
175 -0.646920 -0.108603 1.654008 -0.969574 -0.275515 0.039990 0.206082 0.342196 0.408526 0.545316 0.645946 0.091094 0.315508 0.171978 -0.024498 -0.423827 -0.429987 1.654806 -0.093790 -0.919073 0.171976 1.601588 -0.129669 -0.287937 -0.083255 0.788575 -0.223391 -0.746209 1.408181 -0.316015 -0.115062 -1.135828 -0.523669 -0.178926 0.405824 1.187890 -1.564794 0.088159 -0.022608 0.215887 0.597974 1.246671 -0.057886 -0.123622 -0.231389 -0.526218 -0.328654 -0.572517 0.013310 -0.390686 -0.174958 1.000112 0.111396 -0.035202 -1.172915 -0.426376 0.266226 0.008259 -0.737251 -1.936910 -0.018950 -0.470196 -1.709768 -0.074469 0.606429 -0.362576 -1.746292 0.206246 0.333571 0.558587 1.165943 -0.090490 0.240901 -1.465645 0.246290 0.708022 0.101427 0.112829 0.696771 -0.147250 0.815166 0.293220 0.157908 -0.030731 -0.455856 -0.590540 -0.086693 -0.159542 0.482219 -0.296247 0.422542 -0.037238 -0.341530 -0.235459 -0.775820 0.253348 -0.156095 -0.571761 -0.475320 -0.127085 1.234203 0.535236 0.123616 -0.158164 -0.140031 0.009526 0.731475 0.143204 -0.117592 0.078446 -0.479210 -0.615240 -0.513875 -0.024239 -0.008829 1.248995 0.484748 -0.051156 0.332333 0.376994 2.228943 -0.159701 -0.336312 0.006157 -0.271229 1.221052 0.311507 1.925904 -0.178251 0.032048 -0.184914 -0.138034 -0.128711 -0.006050 -0.661986 1.864896 -0.017543 -0.248717 0.204464 0.853166 -0.831523 0.370674 -0.094411 0.421008 -1.118103 0.711489 0.219271 0.130561 -0.437776 0.928264 -0.781051 -0.123966 -0.610260 -1.608429 -0.131856 0.326657 -0.666672 0.349912 -0.961593 0.130086 0.068251 -0.833849 0.083323 0.476956 0.018898 0.216718 0.138371 0.232318 0.651927 0.554570 0.011111 0.250764
176 -0.634324 -0.110116 1.646835 -0.972693 -0.254691 0.025365 0.185813 0.350994 0.415946 0.554819 0.635344 0.107962 0.317572 0.179697 -0.043870 -0.438789 -0.406695 1.644668 -0.107760 -0.923682 0.179343 1.593061 -0.108236 -0.266709 -0.096604 0.776192 -0.203878 -0.742572 1.403627 -0.320247 -0.133711 -1.136853 -0.513569 -0.158726 0.408960 1.169684 -1.558058 0.107406 -0.042039 0.233106 0.606355 1.245015 -0.054688 -0.101914 -0.241416 -0.538787 -0.336846 -0.580579 0.011063 -0.404214 -0.169211 1.003662 0.127356 -0.025391 -1.173352 -0.416435 0.260077 -0.006192 -0.743366 -1.925942 -0.001687 -0.462259 -1.701825 -0.065646 0.615490 -0.369481 -1.736565 0.215772 0.340062 0.569753 1.165106 -0.095997 0.249127 -1.460248 0.262361 0.684363 0.100993 0.120833 0.683503 -0.153634 0.800432 0.310107 0.166310 -0.019036 -0.465203 -0.570806 -0.105458 -0.167153 0.458732 -0.305662 0.430906 -0.037377 -0.356481 -0.228894 -0.773505 0.263476 -0.174176 -0.562038 -0.454760 -0.131924 1.232981 0.525649 0.128925 -0.166154 -0.124269 -0.005515 0.706130 0.142792 -0.096725 0.084288 -0.493078 -0.604114 -0.522425 -0.005294 0.003490 1.247705 0.495596 -0.045301 0.345753 0.355427 2.214562 -0.167050 -0.320680 -0.008446 -0.248213 1.198560 0.305490 1.914051 -0.187707 0.030501 -0.194951 -0.149585 -0.126430 -0.005621 -0.640570 1.854177 0.004000 -0.267114 0.183115 0.858480 -0.840581 0.387112 -0.073919 0.432645 -1.118676 0.721837 0.225490 0.147967 -0.450002 0.907854 -0.789081 -0.131795 -0.600041 -1.601115 -0.140433 0.303706 -0.641849 0.356269 -0.964121 0.134549 0.047509 -0.834298 0.061976 0.483084 -0.001841 0.233756 0.141995 0.247668 0.645328 0.566431 0.001773 0.267057
177 -0.637513 -0.109728 1.648841 -0.971938 -0.259984 0.029080 0.190971 0.348776 0.414085 0.552393 0.638047 0.103655 0.317058 0.177775 -0.038920 -0.434979 -0.412630 1.647423 -0.104200 -0.922534 0.177511 1.595400 -0.113703 -0.272101 -0.093228 0.779371 -0.208825 -0.743571 1.404910 -0.319202 -0.128946 -1.136620 -0.516138 -0.163872 0.408197 1.174280 -1.559939 0.102484 -0.037076 0.228706 0.604231 1.245510 -0.055467 -0.107453 -0.238898 -0.535605 -0.334790 -0.578543 0.011595 -0.400741 -0.170651 1.002773 0.123282 -0.027870 -1.173269 -0.418957 0.261657 -0.002527 -0.741838 -1.928916 -0.006083 -0.464342 -1.704013 -0.067856 0.613201 -0.367751 -1.739220 0.213374 0.338439 0.566895 1.165379 -0.094647 0.247062 -1.461761 0.258263 0.690368 0.101086 0.118835 0.686859 -0.152054 0.804178 0.305796 0.164191 -0.022000 -0.462830 -0.575802 -0.100667 -0.165256 0.464709 -0.303277 0.428797 -0.037347 -0.352663 -0.230525 -0.774173 0.260928 -0.169555 -0.564526 -0.459974 -0.130743 1.233355 0.528145 0.127622 -0.164163 -0.128283 -0.001695 0.712567 0.142902 -0.102046 0.082825 -0.489546 -0.606930 -0.520258 -0.010109 0.000381 1.248106 0.492823 -0.046757 0.342327 0.360904 2.218421 -0.165219 -0.324664 -0.004736 -0.254085 1.204303 0.307075 1.917274 -0.185314 0.030861 -0.192415 -0.146667 -0.127060 -0.005684 -0.645994 1.857088 -0.001502 -0.262412 0.188553 0.857151 -0.838298 0.382920 -0.079141 0.429711 -1.118572 0.719226 0.223942 0.143517 -0.446914 0.913027 -0.787045 -0.129828 -0.602637 -1.603134 -0.138285 0.309548 -0.648158 0.354683 -0.963506 0.133463 0.052803 -0.834251 0.067432 0.481546 0.003459 0.229408 0.141096 0.243744 0.647086 0.563438 0.004135 0.262907
178 -0.657144 -0.107832 1.671652 -0.973991 -0.287238 0.048437 0.218110 0.338836 0.406173 0.542588 0.656113 0.082254 0.315325 0.168385 -0.014192 -0.418623 -0.444588 1.674709 -0.084751 -0.922181 0.168448 1.619827 -0.141546 -0.300064 -0.077003 0.801371 -0.233686 -0.754823 1.421939 -0.314903 -0.106742 -1.142617 -0.532915 -0.188622 0.407029 1.204565 -1.581309 0.078350 -0.012282 0.207835 0.597858 1.256166 -0.058868 -0.134472 -0.226591 -0.521858 -0.325482 -0.570549 0.013503 -0.385379 -0.178737 1.004363 0.102692 -0.040200 -1.180615 -0.434401 0.271998 0.016830 -0.739370 -1.959139 -0.028839 -0.478692 -1.728309 -0.079250 0.604328 -0.360231 -1.766345 0.201545 0.331505 0.556287 1.174245 -0.088299 0.237028 -1.479977 0.238107 0.724603 0.101090 0.108456 0.707569 -0.144272 0.828870 0.285874 0.153326 -0.037244 -0.452327 -0.605113 -0.076993 -0.155976 0.497210 -0.291741 0.419476 -0.037212 -0.334816 -0.240458 -0.783047 0.248651 -0.148226 -0.581186 -0.487955 -0.125375 1.243433 0.545082 0.121449 -0.154284 -0.150532 0.018669 0.749136 0.143680 -0.128374 0.076022 -0.475009 -0.624456 -0.512851 -0.033189 -0.015281 1.258397 0.481092 -0.054059 0.326254 0.390111 2.255941 -0.156012 -0.348195 0.014832 -0.283428 1.243221 0.317764 1.949273 -0.173179 0.032151 -0.179346 -0.131608 -0.132016 -0.005182 -0.677522 1.886792 -0.027822 -0.240125 0.215702 0.855423 -0.832744 0.364356 -0.105132 0.416885 -1.124896 0.710302 0.216311 0.121896 -0.433788 0.944067 -0.782324 -0.120601 -0.618901 -1.625516 -0.127433 0.339193 -0.682934 0.347617 -0.965814 0.128508 0.079549 -0.840349 0.094951 0.475997 0.030132 0.208421 0.136745 0.225157 0.660706 0.551709 0.016073 0.242877
179 -0.639094 -0.108401 1.675377 -0.987044 -0.250278 0.021749 0.183019 0.356558 0.420691 0.562236 0.642564 0.113133 0.320626 0.182651 -0.048270 -0.448256 -0.405289 1.674217 -0.109142 -0.937153 0.182101 1.621245 -0.104303 -0.262694 -0.103257 0.787486 -0.198007 -0.758002 1.427864 -0.323860 -0.141608 -1.153335 -0.519594 -0.151108 0.418453 1.176625 -1.585012 0.112608 -0.046461 0.239659 0.618402 1.263738 -0.049411 -0.095550 -0.244329 -0.547161 -0.341488 -0.587662 0.005304 -0.411512 -0.169852 1.018139 0.131793 -0.020990 -1.190898 -0.420388 0.264971 -0.008844 -0.757090 -1.958102 0.002059 -0.472752 -1.730840 -0.061616 0.624108 -0.374745 -1.766611 0.219168 0.346293 0.580630 1.182590 -0.099287 0.252777 -1.484313 0.267058 0.684793 0.097725 0.121453 0.688398 -0.156849 0.809181 0.317522 0.169125 -0.016013 -0.471053 -0.571772 -0.110426 -0.170281 0.457601 -0.309662 0.436217 -0.037500 -0.363012 -0.228397 -0.788915 0.266961 -0.182426 -0.569421 -0.451649 -0.134755 1.251632 0.537071 0.131728 -0.168513 -0.124183 -0.008320 0.707170 0.143724 -0.090837 0.089752 -0.503325 -0.608926 -0.533384 0.002145 0.008723 1.266665 0.502939 -0.041463 0.351933 0.352550 2.251431 -0.170132 -0.323218 -0.011288 -0.242937 1.214679 0.313824 1.947940 -0.190759 0.025819 -0.198197 -0.153305 -0.133543 0.000240 -0.641881 1.886246 0.010907 -0.274200 0.177423 0.871116 -0.855415 0.396246 -0.068551 0.440357 -1.134692 0.733379 0.227509 0.153415 -0.458555 0.911759 -0.803055 -0.137701 -0.605347 -1.628413 -0.143180 0.298719 -0.640989 0.360709 -0.977456 0.137385 0.043372 -0.850977 0.057894 0.490303 -0.005901 0.239337 0.143530 0.253835 0.659032 0.576746 -0.001909 0.272782
180 -0.638939 -0.109381 1.657121 -0.976328 -0.258558 0.027813 0.189917 0.350669 0.415771 0.554863 0.640124 0.105423 0.318128 0.178850 -0.040477 -0.438005 -0.412042 1.655805 -0.104955 -0.926691 0.178529 1.603464 -0.112315 -0.270729 -0.095343 0.782553 -0.206967 -0.747953 1.411934 -0.320463 -0.131466 -1.141620 -0.517832 -0.161572 0.411028 1.176378 -1.567741 0.104269 -0.038646 0.230919 0.607891 1.251096 -0.054061 -0.105434 -0.240048 -0.538393 -0.336423 -0.580988 0.010038 -0.403161 -0.170841 1.007221 0.124879 -0.026547 -1.178556 -0.420071 0.262960 -0.003567 -0.745957 -1.938134 -0.004723 -0.467251 -1.712372 -0.066670 0.616053 -0.369557 -1.747810 0.214631 0.340467 0.570256 1.170612 -0.095699 0.248402 -1.468779 0.260025 0.690359 0.100321 0.119239 0.688322 -0.153163 0.806657 0.308256 0.165260 -0.021020 -0.464891 -0.575914 -0.102414 -0.166363 0.464195 -0.304765 0.430677 -0.037425 -0.354924 -0.230394 -0.778663 0.262245 -0.172195 -0.566616 -0.458998 -0.131676 1.238923 0.531293 0.128559 -0.165064 -0.127982 -0.002809 0.712669 0.143199 -0.100132 0.084458 -0.492784 -0.608376 -0.523586 -0.007754 0.002052 1.253753 0.495270 -0.045607 0.344485 0.359858 2.228928 -0.166330 -0.325158 -0.005823 -0.252392 1.208743 0.309365 1.926931 -0.186477 0.029627 -0.193649 -0.147996 -0.128968 -0.004132 -0.646180 1.866221 0.000696 -0.264802 0.186733 0.861053 -0.842847 0.385882 -0.077354 0.432263 -1.123437 0.722893 0.224755 0.145380 -0.449699 0.914150 -0.791300 -0.131645 -0.604234 -1.610999 -0.139308 0.307953 -0.647763 0.356262 -0.967633 0.134395 0.051329 -0.839116 0.066010 0.483898 0.001976 0.231383 0.141687 0.245828 0.650995 0.566713 0.002996 0.264935
181 -0.645237 -0.107446 1.685382 -0.989748 -0.257144 0.026298 0.190030 0.354870 0.419344 0.560723 0.648573 0.108082 0.320826 0.180676 -0.042054 -0.445077 -0.413923 1.685523 -0.104291 -0.939067 0.180217 1.631634 -0.111491 -0.269788 -0.099982 0.795238 -0.203976 -0.763560 1.435832 -0.323408 -0.136570 -1.157458 -0.525069 -0.156996 0.419895 1.185554 -1.594455 0.106623 -0.040233 0.234881 0.618406 1.269348 -0.049265 -0.102266 -0.241487 -0.544765 -0.339807 -0.586714 0.004625 -0.408368 -0.172217 1.020774 0.126949 -0.023596 -1.195517 -0.425271 0.268607 -0.004130 -0.758390 -1.970402 -0.003505 -0.478671 -1.741240 -0.063931 0.623153 -0.373728 -1.777894 0.216616 0.345662 0.579231 1.187604 -0.098202 0.250827 -1.492562 0.262321 0.694007 0.097143 0.118741 0.694836 -0.155445 0.817146 0.313065 0.166834 -0.019729 -0.469249 -0.579567 -0.104619 -0.168376 0.466407 -0.307335 0.434672 -0.037533 -0.359181 -0.230747 -0.793979 0.264225 -0.177706 -0.575131 -0.458781 -0.133817 1.257096 0.543863 0.130606 -0.166273 -0.130129 -0.003464 0.717157 0.144177 -0.097313 0.089043 -0.500772 -0.614522 -0.533038 -0.003167 0.005470 1.272184 0.500882 -0.042638 0.348632 0.360038 2.266151 -0.168338 -0.329839 -0.006567 -0.250458 1.227435 0.318422 1.960963 -0.188121 0.025183 -0.195425 -0.150016 -0.136337 0.001650 -0.650401 1.898392 0.004427 -0.269178 0.184184 0.872500 -0.856011 0.392494 -0.075003 0.438158 -1.138852 0.732662 0.225874 0.148262 -0.456324 0.920731 -0.803748 -0.136363 -0.610737 -1.638123 -0.140808 0.306298 -0.650329 0.359710 -0.980206 0.136592 0.050201 -0.855227 0.065015 0.490069 0.000909 0.234410 0.142699 0.249672 0.665352 0.575076 0.000692 0.268209
182 -0.651682 -0.108814 1.638590 -0.957488 -0.292046 0.051944 0.221118 0.332652 0.400439 0.533959 0.647705 0.076560 0.312069 0.164985 -0.008885 -0.407506 -0.446008 1.640582 -0.083823 -0.906637 0.165352 1.587288 -0.146284 -0.304449 -0.069996 0.788636 -0.240106 -0.737770 1.394097 -0.310791 -0.097451 -1.123601 -0.525937 -0.197364 0.397184 1.194687 -1.550213 0.072061 -0.006943 0.200154 0.584078 1.234601 -0.063607 -0.142139 -0.222920 -0.512271 -0.320155 -0.562365 0.018748 -0.376787 -0.178202 0.987660 0.097976 -0.044609 -1.160316 -0.430004 0.266762 0.019412 -0.723651 -1.921368 -0.032711 -0.468025 -1.694501 -0.082956 0.594566 -0.354470 -1.731450 0.197767 0.325062 0.543687 1.154217 -0.084692 0.233085 -1.452232 0.232619 0.722924 0.103988 0.107269 0.701874 -0.140947 0.818496 0.277097 0.150564 -0.040407 -0.445742 -0.602518 -0.071081 -0.152496 0.498172 -0.287406 0.413455 -0.037083 -0.327296 -0.239969 -0.766553 0.244410 -0.138599 -0.572851 -0.490736 -0.122033 1.221901 0.533472 0.118284 -0.151407 -0.150256 0.021160 0.747048 0.142823 -0.135221 0.070883 -0.463051 -0.619028 -0.500648 -0.041702 -0.020413 1.236517 0.472571 -0.057573 0.319337 0.392906 2.212269 -0.152867 -0.344610 0.017550 -0.289823 1.224187 0.309613 1.909726 -0.170049 0.036290 -0.176216 -0.128024 -0.125251 -0.010372 -0.674817 1.849257 -0.036333 -0.231870 0.222270 0.840856 -0.815285 0.353646 -0.111429 0.408139 -1.106501 0.696742 0.213892 0.115479 -0.423921 0.938669 -0.766047 -0.114807 -0.613131 -1.593968 -0.124455 0.344995 -0.683267 0.342747 -0.950615 0.125278 0.084563 -0.821869 0.099987 0.467963 0.035144 0.201789 0.134994 0.218063 0.646657 0.539705 0.019706 0.236229
183 -0.662831 -0.108669 1.641514 -0.952536 -0.312529 0.066827 0.240747 0.323430 0.393135 0.524095 0.656708 0.059730 0.309495 0.157382 0.009694 -0.392338 -0.468277 1.646004 -0.069956 -0.900459 0.158038 1.591392 -0.166771 -0.325215 -0.055856 0.798337 -0.259664 -0.738213 1.394886 -0.306315 -0.078952 -1.120358 -0.534567 -0.217559 0.391788 1.212685 -1.552815 0.053553 0.011689 0.183172 0.574364 1.233555 -0.068750 -0.163165 -0.213486 -0.499316 -0.311850 -0.553886 0.023117 -0.363209 -0.183318 0.982326 0.081993 -0.055134 -1.157515 -0.438611 0.271391 0.033767 -0.715850 -1.927858 -0.049862 -0.472524 -1.698259 -0.092758 0.584744 -0.346999 -1.736639 0.188280 0.317399 0.531687 1.152452 -0.078896 0.224655 -1.453971 0.216989 0.746235 0.105788 0.100212 0.713725 -0.134184 0.831348 0.260445 0.141873 -0.052142 -0.436056 -0.622336 -0.052950 -0.144845 0.520725 -0.277805 0.404825 -0.036945 -0.312364 -0.247232 -0.765271 0.234706 -0.120511 -0.580737 -0.511312 -0.117197 1.220483 0.539246 0.112877 -0.143798 -0.165381 0.036355 0.771566 0.142886 -0.155641 0.063449 -0.448737 -0.628710 -0.490617 -0.060660 -0.033610 1.235128 0.461416 -0.064518 0.305688 0.414094 2.221754 -0.145203 -0.359525 0.032169 -0.311947 1.243379 0.312594 1.916576 -0.160427 0.039710 -0.165816 -0.116036 -0.124896 -0.013214 -0.695900 1.855376 -0.057050 -0.213683 0.243179 0.834122 -0.805068 0.337084 -0.131356 0.396060 -1.103680 0.685716 0.207939 0.098493 -0.411300 0.958218 -0.756696 -0.105604 -0.621675 -1.597113 -0.115895 0.367266 -0.707380 0.335979 -0.946234 0.120684 0.104392 -0.818318 0.120283 0.460943 0.054854 0.185220 0.131400 0.202774 0.649143 0.527279 0.029611 0.220206
184 -0.640722 -0.109767 1.641675 -0.965890 -0.269550 0.035852 0.199719 0.343635 0.409768 0.546302 0.639629 0.095406 0.315367 0.173952 -0.029964 -0.425975 -0.422115 1.640991 -0.098489 -0.916215 0.173900 1.588854 -0.123328 -0.281674 -0.085872 0.780236 -0.218392 -0.739753 1.398266 -0.316494 -0.119016 -1.130663 -0.517918 -0.174406 0.403829 1.178902 -1.553167 0.093278 -0.028095 0.219852 0.596866 1.239771 -0.058494 -0.118095 -0.234207 -0.528039 -0.330212 -0.573177 0.014396 -0.393069 -0.172620 0.996530 0.115677 -0.033150 -1.167160 -0.421413 0.262306 0.003833 -0.734764 -1.921885 -0.013965 -0.463874 -1.696958 -0.072606 0.606919 -0.363455 -1.732465 0.208699 0.333963 0.558831 1.159769 -0.091532 0.242818 -1.455520 0.250583 0.699303 0.102441 0.115697 0.690286 -0.148653 0.806784 0.296762 0.160143 -0.027538 -0.457380 -0.582995 -0.091766 -0.161407 0.474191 -0.298448 0.423936 -0.037299 -0.344759 -0.233151 -0.769854 0.256001 -0.159727 -0.565721 -0.468981 -0.128048 1.227479 0.527981 0.124763 -0.160440 -0.134291 0.004908 0.721936 0.142793 -0.112155 0.078779 -0.480701 -0.609572 -0.513212 -0.020002 -0.006071 1.242132 0.486223 -0.050267 0.335164 0.370180 2.210989 -0.161504 -0.329728 0.001741 -0.264862 1.207255 0.306609 1.909955 -0.180768 0.033048 -0.187615 -0.141092 -0.125539 -0.007804 -0.653726 1.849974 -0.012259 -0.252959 0.198804 0.850823 -0.829780 0.373491 -0.088907 0.422749 -1.112957 0.711394 0.221033 0.134976 -0.439408 0.919580 -0.779183 -0.124871 -0.604779 -1.596447 -0.134202 0.320188 -0.658028 0.350901 -0.958090 0.130912 0.062211 -0.828361 0.077081 0.476850 0.012826 0.221002 0.139298 0.235757 0.645051 0.555422 0.008973 0.254772
185 -0.640885 -0.110728 1.620438 -0.953336 -0.279699 0.043381 0.208366 0.336444 0.403690 0.537411 0.637185 0.085949 0.312313 0.169186 -0.020378 -0.413683 -0.430633 1.619879 -0.092959 -0.903936 0.169403 1.568360 -0.133230 -0.291638 -0.076287 0.775036 -0.229339 -0.728444 1.379860 -0.312311 -0.106856 -1.117130 -0.516277 -0.186979 0.395211 1.179237 -1.533123 0.083086 -0.018469 0.209222 0.584537 1.225091 -0.063813 -0.130040 -0.228772 -0.517416 -0.323959 -0.565024 0.019790 -0.383030 -0.173922 0.983846 0.107106 -0.039824 -1.152959 -0.421389 0.260302 0.010521 -0.721769 -1.898910 -0.022422 -0.457900 -1.675629 -0.078695 0.597205 -0.357104 -1.710802 0.203009 0.326938 0.546588 1.145884 -0.087162 0.237348 -1.437469 0.241803 0.706490 0.105285 0.112727 0.690571 -0.144080 0.804417 0.285525 0.155263 -0.033720 -0.449803 -0.588538 -0.081914 -0.156523 0.482596 -0.292325 0.417103 -0.037172 -0.334890 -0.235668 -0.758105 0.250072 -0.147451 -0.562856 -0.478045 -0.124277 1.212778 0.521792 0.120862 -0.156069 -0.139358 0.011892 0.729141 0.142189 -0.123466 0.072531 -0.468124 -0.609235 -0.501700 -0.031978 -0.014203 1.227147 0.476976 -0.055242 0.326056 0.379326 2.185218 -0.156743 -0.332678 0.008632 -0.276358 1.201322 0.301767 1.885774 -0.175367 0.037356 -0.181886 -0.134463 -0.120494 -0.012713 -0.659507 1.826985 -0.024539 -0.241600 0.210154 0.838973 -0.815093 0.361072 -0.099689 0.412947 -1.099892 0.698947 0.217507 0.125180 -0.428739 0.923007 -0.765462 -0.117647 -0.603741 -1.576298 -0.129320 0.331478 -0.666607 0.345395 -0.946607 0.127253 0.072034 -0.814698 0.087040 0.469163 0.022534 0.211206 0.136959 0.226025 0.636071 0.543445 0.014913 0.245086
186 -0.642995 -0.109579 1.641195 -0.964220 -0.274124 0.039170 0.204083 0.341372 0.407847 0.543789 0.641320 0.091574 0.314667 0.172092 -0.025685 -0.422255 -0.426980 1.641072 -0.095461 -0.914303 0.172122 1.588685 -0.127986 -0.286312 -0.082619 0.781996 -0.222811 -0.739354 1.397532 -0.315303 -0.114659 -1.129272 -0.519594 -0.179042 0.402463 1.182204 -1.552703 0.088987 -0.023798 0.215855 0.594303 1.238784 -0.059557 -0.122948 -0.231880 -0.524831 -0.328136 -0.570962 0.015310 -0.389768 -0.173775 0.994766 0.112064 -0.035492 -1.165820 -0.423191 0.263237 0.007038 -0.732556 -1.921977 -0.017792 -0.464707 -1.696618 -0.074735 0.604396 -0.361595 -1.732431 0.206442 0.332116 0.555797 1.158691 -0.090101 0.240799 -1.454963 0.246908 0.704154 0.102751 0.113946 0.692690 -0.147046 0.809238 0.292791 0.158158 -0.030165 -0.454994 -0.587028 -0.087565 -0.159559 0.479076 -0.296170 0.421774 -0.037244 -0.341206 -0.234578 -0.769196 0.253612 -0.155457 -0.567210 -0.473426 -0.126788 1.226406 0.529091 0.123407 -0.158566 -0.137582 0.008268 0.727092 0.142790 -0.116829 0.077141 -0.477148 -0.611533 -0.510684 -0.024398 -0.009028 1.241059 0.483444 -0.051781 0.331925 0.374827 2.211503 -0.159706 -0.332814 0.005003 -0.269910 1.210826 0.307200 1.910114 -0.178556 0.033729 -0.185252 -0.138394 -0.125459 -0.008361 -0.658078 1.850025 -0.017107 -0.248677 0.203560 0.848838 -0.826884 0.369477 -0.093477 0.419760 -1.111683 0.708440 0.219542 0.131015 -0.436250 0.923521 -0.776560 -0.122795 -0.606508 -1.596088 -0.132180 0.325217 -0.663193 0.349205 -0.956587 0.129730 0.066750 -0.827085 0.081718 0.475024 0.017352 0.217090 0.138393 0.232167 0.645360 0.552244 0.011168 0.250985
187 -0.635085 -0.109670 1.657928 -0.979032 -0.250820 0.022323 0.182576 0.354345 0.418860 0.558968 0.637257 0.111840 0.319186 0.181867 -0.047668 -0.444244 -0.403799 1.655719 -0.109934 -0.929803 0.181402 1.603772 -0.104453 -0.262905 -0.100744 0.779558 -0.199516 -0.748507 1.413151 -0.322335 -0.138811 -1.143838 -0.515008 -0.153695 0.413226 1.170774 -1.568519 0.111505 -0.045861 0.237605 0.612157 1.252659 -0.052289 -0.097195 -0.243840 -0.543687 -0.339781 -0.584554 0.008540 -0.408640 -0.168906 1.010079 0.130895 -0.022621 -1.180693 -0.417065 0.261402 -0.008878 -0.749635 -1.938035 0.001680 -0.465757 -1.712964 -0.063115 0.620155 -0.372541 -1.747913 0.218316 0.343435 0.575337 1.172316 -0.098009 0.251664 -1.469680 0.266095 0.682158 0.099752 0.122073 0.684246 -0.155758 0.802524 0.314923 0.168492 -0.016614 -0.468769 -0.569137 -0.109459 -0.169367 0.455915 -0.308468 0.434161 -0.037490 -0.360816 -0.228013 -0.779662 0.266138 -0.179381 -0.564088 -0.451472 -0.133692 1.240624 0.529335 0.130737 -0.168103 -0.122519 -0.008343 0.703969 0.143162 -0.092236 0.087139 -0.498736 -0.605042 -0.527796 -0.000338 0.006944 1.255470 0.499833 -0.043102 0.349809 0.352038 2.228182 -0.169239 -0.320033 -0.011209 -0.243818 1.202777 0.308291 1.926743 -0.190094 0.028503 -0.197495 -0.152431 -0.129053 -0.003242 -0.638867 1.866210 0.008932 -0.271959 0.178684 0.864316 -0.847664 0.392594 -0.069650 0.437171 -1.125449 0.727775 0.227135 0.152008 -0.454904 0.907471 -0.795661 -0.135056 -0.601278 -1.611617 -0.142601 0.299423 -0.639027 0.358961 -0.970013 0.136284 0.043689 -0.841204 0.058164 0.486835 -0.005647 0.237890 0.143119 0.251822 0.650335 0.571989 -0.000678 0.271207
188 -0.641284 -0.110166 1.633425 -0.960769 -0.274430 0.039468 0.203948 0.340421 0.407087 0.542431 0.639045 0.090994 0.314079 0.171754 -0.025435 -0.420523 -0.426403 1.632883 -0.095766 -0.911157 0.171822 1.580940 -0.128074 -0.286498 -0.081463 0.778564 -0.223572 -0.735231 1.391045 -0.314666 -0.113450 -1.125221 -0.517628 -0.180244 0.400180 1.179866 -1.545375 0.088528 -0.023545 0.214969 0.591611 1.233966 -0.060862 -0.123688 -0.231686 -0.523342 -0.327410 -0.569636 0.016766 -0.388576 -0.173368 0.991346 0.111655 -0.036241 -1.161464 -0.421772 0.261684 0.007066 -0.729333 -1.913113 -0.018000 -0.461640 -1.688711 -0.075450 0.602703 -0.360644 -1.724146 0.206071 0.330861 0.553538 1.154242 -0.089534 0.240313 -1.448488 0.246495 0.703145 0.103682 0.114243 0.690932 -0.146557 0.806391 0.291678 0.157871 -0.030467 -0.454020 -0.586040 -0.087149 -0.159159 0.478454 -0.295659 0.420903 -0.037247 -0.340277 -0.234476 -0.765130 0.253275 -0.154135 -0.564911 -0.473461 -0.126335 1.221642 0.525706 0.122980 -0.158401 -0.136911 0.008303 0.725837 0.142579 -0.117477 0.075973 -0.475171 -0.609876 -0.508265 -0.025540 -0.009874 1.236193 0.482148 -0.052557 0.331020 0.374707 2.201249 -0.159305 -0.331510 0.005078 -0.270334 1.205684 0.304764 1.900705 -0.178255 0.034943 -0.184935 -0.137984 -0.123464 -0.009921 -0.656930 1.841172 -0.017956 -0.247739 0.204173 0.845922 -0.823574 0.367912 -0.093995 0.418388 -1.107717 0.706050 0.219411 0.130427 -0.434677 0.921813 -0.773402 -0.121614 -0.604757 -1.588648 -0.131922 0.325599 -0.662464 0.348456 -0.953410 0.129255 0.066895 -0.822802 0.081824 0.473531 0.017445 0.216470 0.138231 0.231313 0.641543 0.550194 0.011740 0.250303
189 -0.637220 -0.109713 1.650326 -0.973071 -0.258731 0.028099 0.189819 0.349643 0.414846 0.553395 0.638000 0.104802 0.317441 0.178428 -0.040132 -0.436305 -0.411454 1.648790 -0.105034 -0.923678 0.178139 1.596777 -0.112443 -0.270844 -0.094329 0.779500 -0.207535 -0.744440 1.406249 -0.319732 -0.130318 -1.137792 -0.516026 -0.162495 0.409014 1.173866 -1.561344 0.103727 -0.038296 0.229963 0.605413 1.246689 -0.054970 -0.106067 -0.239664 -0.536824 -0.335578 -0.579485 0.011097 -0.401881 -0.170403 1.003932 0.124363 -0.027114 -1.174473 -0.418731 0.261657 -0.003449 -0.743020 -1.930409 -0.004992 -0.464685 -1.705473 -0.067160 0.614282 -0.368517 -1.740647 0.214138 0.339240 0.568116 1.166523 -0.095200 0.247790 -1.463068 0.259401 0.689266 0.100896 0.119351 0.686544 -0.152656 0.804009 0.307085 0.164859 -0.021243 -0.463743 -0.574891 -0.101897 -0.165911 0.463547 -0.304080 0.429644 -0.037388 -0.353847 -0.230146 -0.775112 0.261735 -0.170928 -0.564534 -0.458814 -0.131239 1.234549 0.528459 0.128142 -0.164792 -0.127477 -0.002672 0.711418 0.142973 -0.100704 0.083497 -0.490874 -0.606718 -0.521380 -0.008751 0.001351 1.249311 0.493873 -0.046198 0.343434 0.359687 2.220008 -0.165865 -0.324037 -0.005679 -0.252710 1.204183 0.307369 1.918823 -0.186041 0.030481 -0.193200 -0.147537 -0.127430 -0.005258 -0.645028 1.858574 -0.000088 -0.263772 0.187211 0.858263 -0.839716 0.384308 -0.077837 0.430852 -1.119701 0.720525 0.224473 0.144713 -0.448123 0.912329 -0.788344 -0.130628 -0.602511 -1.604523 -0.138964 0.308185 -0.646938 0.355382 -0.964570 0.133941 0.051550 -0.835366 0.066174 0.482386 0.002208 0.230621 0.141441 0.244894 0.647730 0.564717 0.003442 0.264112
190 -0.646740 -0.109762 1.629071 -0.954796 -0.287033 0.048512 0.215826 0.333917 0.401533 0.534962 0.642721 0.080248 0.311975 0.166604 -0.013531 -0.409547 -0.439495 1.629892 -0.087656 -0.904618 0.166917 1.577446 -0.140933 -0.299208 -0.072258 0.782063 -0.235863 -0.732757 1.386491 -0.311210 -0.100966 -1.119761 -0.521396 -0.193399 0.395702 1.187625 -1.541239 0.076457 -0.011604 0.203617 0.583494 1.229349 -0.064061 -0.137360 -0.225253 -0.513942 -0.321490 -0.563049 0.019594 -0.378984 -0.176321 0.985084 0.101599 -0.042850 -1.156026 -0.426045 0.263658 0.015767 -0.721962 -1.909781 -0.028540 -0.462974 -1.684636 -0.081400 0.595141 -0.355256 -1.720765 0.199802 0.325452 0.544224 1.149536 -0.085540 0.234677 -1.444427 0.236259 0.715850 0.104772 0.109583 0.696709 -0.142084 0.811887 0.280238 0.152398 -0.037729 -0.447105 -0.596461 -0.075409 -0.154027 0.491550 -0.289259 0.414678 -0.037116 -0.330125 -0.238167 -0.761923 0.246624 -0.141855 -0.568078 -0.485494 -0.122817 1.216807 0.527686 0.119212 -0.153264 -0.145581 0.017372 0.739301 0.142486 -0.130558 0.071214 -0.464568 -0.614515 -0.500382 -0.038010 -0.018097 1.231310 0.473984 -0.056830 0.321808 0.387268 2.198429 -0.154331 -0.339324 0.013912 -0.284386 1.213339 0.305680 1.897396 -0.172134 0.037076 -0.178433 -0.130544 -0.122718 -0.011784 -0.668166 1.837750 -0.031722 -0.235571 0.217436 0.839246 -0.814243 0.356232 -0.106735 0.409704 -1.102641 0.696945 0.215319 0.119284 -0.425437 0.931701 -0.764893 -0.115624 -0.608758 -1.584726 -0.126371 0.339514 -0.676176 0.343593 -0.948035 0.125945 0.079452 -0.817718 0.094693 0.468007 0.029999 0.205470 0.135741 0.221073 0.641198 0.540647 0.017894 0.239662
191 -0.664924 -0.107996 1.627326 -0.943146 -0.322440 0.073584 0.249622 0.317206 0.387314 0.516214 0.656506 0.050847 0.307203 0.152733 0.019610 -0.381215 -0.477502 1.632461 -0.064656 -0.890987 0.153714 1.578057 -0.177157 -0.335084 -0.047854 0.796866 -0.269845 -0.731528 1.382602 -0.302656 -0.067440 -1.110548 -0.534932 -0.229270 0.386375 1.213550 -1.539551 0.043168 0.021651 0.172980 0.564508 1.223350 -0.071523 -0.175121 -0.207667 -0.489938 -0.306122 -0.546816 0.025761 -0.353895 -0.185378 0.972741 0.073993 -0.060596 -1.147278 -0.440291 0.271367 0.040160 -0.705825 -1.912419 -0.057920 -0.471004 -1.683902 -0.097374 0.576642 -0.341721 -1.722421 0.182884 0.312212 0.521312 1.142813 -0.075077 0.219751 -1.441923 0.208276 0.753502 0.106862 0.096236 0.715898 -0.130304 0.831641 0.249741 0.137612 -0.057921 -0.429408 -0.627550 -0.042987 -0.140271 0.529721 -0.272284 0.398750 -0.036816 -0.303150 -0.248886 -0.758626 0.228627 -0.109077 -0.580383 -0.519835 -0.113588 1.210158 0.537996 0.109267 -0.139195 -0.170909 0.042738 0.779414 0.142677 -0.166734 0.059400 -0.437639 -0.630304 -0.481666 -0.071802 -0.040185 1.224610 0.453139 -0.067920 0.297458 0.423137 2.204357 -0.141074 -0.363216 0.038612 -0.323744 1.242217 0.311618 1.900671 -0.155556 0.041613 -0.160858 -0.110338 -0.123222 -0.015075 -0.701836 1.840042 -0.069474 -0.202831 0.254297 0.824856 -0.792932 0.325683 -0.142093 0.387482 -1.094339 0.675043 0.204253 0.088829 -0.401881 0.962644 -0.745611 -0.100404 -0.622865 -1.583795 -0.111251 0.378623 -0.716338 0.331292 -0.937826 0.117344 0.114680 -0.809373 0.130845 0.454842 0.065166 0.175530 0.129120 0.193623 0.645622 0.516885 0.034545 0.210856
192 -0.650055 -0.108260 1.656458 -0.969376 -0.280301 0.043234 0.210734 0.340479 0.407135 0.543429 0.648684 0.087317 0.315265 0.170444 -0.020107 -0.420639 -0.435471 1.657887 -0.090657 -0.918501 0.170523 1.604295 -0.134596 -0.292795 -0.080401 0.791852 -0.227804 -0.747624 1.409916 -0.315316 -0.110929 -1.136217 -0.526228 -0.183561 0.405495 1.192433 -1.567098 0.083798 -0.018211 0.212107 0.596393 1.247687 -0.058480 -0.128590 -0.229327 -0.523694 -0.327072 -0.571062 0.013632 -0.387792 -0.176309 0.999847 0.107854 -0.037372 -1.173465 -0.428844 0.267810 0.011464 -0.736252 -1.940265 -0.022838 -0.472487 -1.712378 -0.076400 0.604760 -0.361317 -1.749301 0.204291 0.332414 0.556278 1.166754 -0.089451 0.239286 -1.467592 0.242798 0.713594 0.101514 0.111140 0.700067 -0.146029 0.818889 0.289517 0.156182 -0.033404 -0.454026 -0.595153 -0.082489 -0.158023 0.487766 -0.294345 0.420953 -0.037258 -0.338345 -0.236933 -0.776951 0.251274 -0.152113 -0.574298 -0.480090 -0.126198 1.235137 0.537931 0.122618 -0.156541 -0.143672 0.012836 0.737433 0.143360 -0.122341 0.077316 -0.476304 -0.618035 -0.512222 -0.028462 -0.011481 1.249921 0.482535 -0.052347 0.329524 0.381937 2.233151 -0.158258 -0.340027 0.009401 -0.276547 1.226728 0.313267 1.929481 -0.176276 0.032265 -0.182837 -0.135569 -0.129513 -0.005935 -0.666992 1.868159 -0.022438 -0.244722 0.209365 0.852373 -0.829970 0.367193 -0.099072 0.418700 -1.118584 0.709577 0.218060 0.126685 -0.435331 0.933243 -0.779646 -0.122396 -0.612873 -1.610836 -0.130100 0.331966 -0.672499 0.348780 -0.961562 0.129286 0.072979 -0.834292 0.088237 0.475908 0.023601 0.212982 0.137701 0.228958 0.654061 0.552230 0.013181 0.247236
193 -0.631989 -0.110200 1.651764 -0.977239 -0.247691 0.020182 0.179291 0.355077 0.419452 0.559502 0.634122 0.114114 0.319082 0.182814 -0.050521 -0.445456 -0.399734 1.648860 -0.112301 -0.928436 0.182321 1.597439 -0.101150 -0.259645 -0.102149 0.775439 -0.196880 -0.745355 1.408250 -0.322534 -0.140969 -1.141340 -0.512165 -0.151231 0.412293 1.166244 -1.562721 0.114200 -0.048719 0.239713 0.611727 1.249245 -0.052518 -0.094242 -0.245210 -0.544659 -0.340543 -0.584890 0.009019 -0.409945 -0.167750 1.008379 0.133126 -0.021518 -1.177915 -0.414596 0.259486 -0.011129 -0.748502 -1.930556 0.004262 -0.462631 -1.706592 -0.062125 0.620439 -0.372975 -1.741030 0.219529 0.343653 0.575607 1.169277 -0.098499 0.252604 -1.464628 0.268295 0.677685 0.100182 0.123435 0.681004 -0.156432 0.798376 0.316821 0.169602 -0.014963 -0.469550 -0.565301 -0.112106 -0.170268 0.451778 -0.309566 0.434847 -0.037499 -0.362522 -0.226848 -0.776737 0.267435 -0.181371 -0.561098 -0.448165 -0.134126 1.237319 0.525767 0.131267 -0.169191 -0.119620 -0.010698 0.699094 0.142938 -0.089353 0.087365 -0.499621 -0.602211 -0.527588 0.001935 0.008400 1.252084 0.500634 -0.042619 0.351300 0.348512 2.219262 -0.170114 -0.316727 -0.013468 -0.240445 1.195978 0.305872 1.918802 -0.191357 0.028940 -0.198850 -0.153986 -0.127525 -0.004067 -0.634674 1.858799 0.011771 -0.274227 0.175688 0.863205 -0.846934 0.394150 -0.066757 0.438087 -1.122930 0.727818 0.227955 0.154335 -0.455786 0.903062 -0.794866 -0.135571 -0.598537 -1.605651 -0.143744 0.296014 -0.634568 0.359427 -0.968306 0.136653 0.040546 -0.838556 0.054896 0.486804 -0.008812 0.240120 0.143540 0.253654 0.646942 0.572508 -0.001811 0.273281
194 -0.643259 -0.109938 1.633020 -0.959260 -0.278420 0.042338 0.207779 0.338431 0.405363 0.540173 0.640536 0.087612 0.313444 0.170113 -0.021633 -0.417207 -0.430682 1.632969 -0.093073 -0.909428 0.170249 1.580805 -0.132194 -0.290525 -0.078673 0.780164 -0.227372 -0.734989 1.390402 -0.313604 -0.109621 -1.123956 -0.519118 -0.184256 0.399047 1.182624 -1.544975 0.084691 -0.019735 0.211446 0.589354 1.233064 -0.061693 -0.127952 -0.229604 -0.520469 -0.325571 -0.567664 0.017456 -0.385643 -0.174374 0.989741 0.108466 -0.038256 -1.160254 -0.423340 0.262546 0.009879 -0.727375 -1.913166 -0.021368 -0.462499 -1.688406 -0.077262 0.600458 -0.359013 -1.724109 0.204075 0.329270 0.550833 1.153269 -0.088313 0.238539 -1.447991 0.243239 0.707344 0.103880 0.112657 0.693011 -0.145158 0.808551 0.288127 0.156121 -0.032765 -0.451894 -0.589505 -0.083425 -0.157534 0.482728 -0.293637 0.418983 -0.037197 -0.337115 -0.235683 -0.764641 0.251145 -0.150391 -0.566247 -0.477292 -0.125245 1.220672 0.526823 0.121802 -0.156733 -0.139807 0.011231 0.730305 0.142546 -0.121567 0.074608 -0.472008 -0.611578 -0.506045 -0.029357 -0.012394 1.235213 0.479672 -0.053814 0.328165 0.378728 2.201648 -0.157728 -0.334209 0.007925 -0.274755 1.208868 0.305403 1.900850 -0.176299 0.035446 -0.182850 -0.135610 -0.123518 -0.010293 -0.660662 1.841199 -0.022251 -0.243947 0.208318 0.844117 -0.820983 0.364373 -0.098001 0.415738 -1.106561 0.703398 0.218064 0.126916 -0.431884 0.925170 -0.771062 -0.119849 -0.606263 -1.588323 -0.130142 0.329979 -0.666928 0.346960 -0.952056 0.128234 0.070909 -0.821736 0.085958 0.471933 0.021475 0.213006 0.137428 0.228119 0.641956 0.547363 0.013642 0.246957
195 -0.642423 -0.109729 1.639774 -0.963764 -0.273594 0.038806 0.203495 0.341481 0.407943 0.543859 0.640716 0.091961 0.314629 0.172244 -0.026193 -0.422406 -0.426264 1.639455 -0.095870 -0.913941 0.172259 1.587197 -0.127398 -0.285715 -0.082834 0.781163 -0.222334 -0.738606 1.396360 -0.315311 -0.115036 -1.128670 -0.519054 -0.178615 0.402200 1.181391 -1.551341 0.089446 -0.024316 0.216250 0.594136 1.237965 -0.059696 -0.122428 -0.232124 -0.524933 -0.328258 -0.571020 0.015492 -0.390002 -0.173572 0.994334 0.112456 -0.035348 -1.165163 -0.422727 0.262834 0.006650 -0.732222 -1.920251 -0.017344 -0.464015 -1.695135 -0.074635 0.604397 -0.361652 -1.730815 0.206649 0.332102 0.555771 1.157959 -0.090156 0.240958 -1.453771 0.247324 0.703376 0.102907 0.114181 0.692090 -0.147128 0.808448 0.293092 0.158342 -0.029904 -0.455126 -0.586350 -0.088044 -0.159695 0.478331 -0.296365 0.421889 -0.037253 -0.341500 -0.234440 -0.768498 0.253845 -0.155816 -0.566618 -0.472869 -0.126840 1.225622 0.528309 0.123469 -0.158740 -0.137049 0.007857 0.726203 0.142704 -0.116312 0.077117 -0.477236 -0.611003 -0.510549 -0.023993 -0.008811 1.240243 0.483576 -0.051739 0.332195 0.374183 2.209460 -0.159828 -0.332194 0.004616 -0.269297 1.209484 0.306653 1.908280 -0.178772 0.033901 -0.185463 -0.138616 -0.125072 -0.008623 -0.657298 1.848294 -0.016622 -0.249069 0.203024 0.848522 -0.826622 0.369740 -0.092954 0.419858 -1.111076 0.708350 0.219666 0.131426 -0.436345 0.922699 -0.776300 -0.122824 -0.605979 -1.594679 -0.132369 0.324607 -0.662382 0.349273 -0.956164 0.129766 0.066176 -0.826432 0.081153 0.474985 0.016777 0.217503 0.138465 0.232472 0.644589 0.552244 0.011016 0.251364
196 -0.655151 -0.109780 1.608284 -0.937369 -0.312932 0.067247 0.239610 0.319254 0.389045 0.517698 0.646647 0.057648 0.306765 0.155606 0.010923 -0.384709 -0.465017 1.611264 -0.071740 -0.886518 0.156482 1.558469 -0.167051 -0.325169 -0.051880 0.783863 -0.261872 -0.721403 1.367309 -0.303174 -0.073874 -1.102461 -0.525991 -0.221813 0.383139 1.199602 -1.521592 0.051363 0.012941 0.179278 0.562927 1.212574 -0.072477 -0.166114 -0.211864 -0.492643 -0.308335 -0.547612 0.027507 -0.357708 -0.181696 0.967138 0.080644 -0.057340 -1.138304 -0.432509 0.265291 0.033401 -0.702094 -1.889387 -0.050148 -0.460973 -1.664213 -0.094489 0.577208 -0.342842 -1.701187 0.186508 0.312569 0.521914 1.133148 -0.076537 0.222481 -1.426236 0.214874 0.739879 0.108332 0.100529 0.705688 -0.132255 0.818618 0.255408 0.140868 -0.052871 -0.431576 -0.615923 -0.051019 -0.142984 0.517013 -0.275485 0.400678 -0.036840 -0.308149 -0.245413 -0.749189 0.232575 -0.114988 -0.570948 -0.509800 -0.114931 1.199669 0.526518 0.110876 -0.142551 -0.162079 0.035757 0.764519 0.141968 -0.157988 0.059814 -0.440104 -0.621354 -0.480735 -0.064971 -0.036001 1.213924 0.455415 -0.066635 0.301752 0.412444 2.176945 -0.143627 -0.353104 0.031884 -0.313423 1.220930 0.303811 1.876227 -0.159273 0.043200 -0.164792 -0.114888 -0.118187 -0.017898 -0.689061 1.817214 -0.060829 -0.209528 0.245172 0.821232 -0.790299 0.330195 -0.133289 0.390021 -1.086239 0.674852 0.206770 0.095835 -0.404317 0.949013 -0.742831 -0.101710 -0.614171 -1.565348 -0.114700 0.368203 -0.702715 0.332544 -0.932233 0.118459 0.105072 -0.800860 0.120844 0.454491 0.055519 0.182234 0.130400 0.199056 0.634642 0.518194 0.031191 0.217053
197 -0.647261 -0.109803 1.626928 -0.953251 -0.289053 0.049921 0.217638 0.332791 0.400588 0.533575 0.642862 0.078476 0.311592 0.165806 -0.011626 -0.407512 -0.441436 1.627860 -0.086506 -0.903038 0.166169 1.575432 -0.142965 -0.301214 -0.070658 0.781974 -0.237909 -0.731671 1.384566 -0.310618 -0.098780 -1.118188 -0.521603 -0.195711 0.394643 1.188340 -1.539217 0.074472 -0.009694 0.201688 0.581730 1.227756 -0.064760 -0.139665 -0.224277 -0.512251 -0.320499 -0.561839 0.020251 -0.377271 -0.176690 0.983499 0.099983 -0.043997 -1.154396 -0.426440 0.263678 0.017076 -0.720215 -1.907549 -0.030195 -0.462684 -1.682493 -0.082419 0.593710 -0.354311 -1.718651 0.198819 0.324455 0.542333 1.148006 -0.084880 0.233783 -1.442588 0.234627 0.717603 0.105114 0.108969 0.697267 -0.141371 0.812185 0.278242 0.151555 -0.038906 -0.445903 -0.597838 -0.073505 -0.153220 0.493482 -0.288229 0.413614 -0.037112 -0.328399 -0.238668 -0.760737 0.245586 -0.139682 -0.568145 -0.487358 -0.122248 1.215192 0.527435 0.118613 -0.152498 -0.146767 0.018720 0.741126 0.142450 -0.132732 0.070312 -0.462547 -0.614923 -0.498715 -0.040169 -0.019474 1.229661 0.472496 -0.057590 0.320252 0.389174 2.195975 -0.153558 -0.340256 0.015244 -0.286692 1.213514 0.305440 1.895065 -0.171181 0.037592 -0.177438 -0.129376 -0.122291 -0.012302 -0.669643 1.835503 -0.034067 -0.233518 0.219636 0.837676 -0.812192 0.354132 -0.108826 0.408162 -1.101150 0.695119 0.214724 0.117443 -0.423759 0.932899 -0.762982 -0.114528 -0.609063 -1.582702 -0.125525 0.341776 -0.678159 0.342776 -0.946656 0.125406 0.081443 -0.816160 0.096742 0.466929 0.031980 0.203661 0.135371 0.219328 0.640534 0.538813 0.018936 0.237913
198 -0.656406 -0.108632 1.633616 -0.951930 -0.303355 0.059889 0.231629 0.327006 0.395702 0.527363 0.650716 0.067008 0.310356 0.160606 0.001672 -0.397623 -0.457638 1.636646 -0.076910 -0.900619 0.161214 1.583026 -0.157735 -0.315814 -0.061755 0.791310 -0.251220 -0.735118 1.389174 -0.307900 -0.086179 -1.118462 -0.529025 -0.209439 0.393043 1.201427 -1.545513 0.061312 0.003647 0.190030 0.576561 1.230036 -0.066674 -0.154517 -0.217459 -0.504023 -0.315078 -0.556670 0.021469 -0.368222 -0.180784 0.981889 0.089125 -0.050598 -1.155136 -0.433648 0.268272 0.026968 -0.716735 -1.917056 -0.042005 -0.468888 -1.689721 -0.088328 0.587941 -0.349843 -1.727186 0.192397 0.320349 0.535141 1.149641 -0.081228 0.228299 -1.447783 0.223697 0.734112 0.105227 0.103410 0.706883 -0.137142 0.823012 0.266882 0.145904 -0.046914 -0.439767 -0.611601 -0.060673 -0.148107 0.509826 -0.281934 0.408123 -0.037029 -0.318365 -0.243180 -0.763307 0.238728 -0.127498 -0.575393 -0.501536 -0.119025 1.217157 0.534855 0.115072 -0.147063 -0.157737 0.028997 0.758857 0.142799 -0.147001 0.066580 -0.453464 -0.623040 -0.493384 -0.052995 -0.027728 1.231692 0.465339 -0.061419 0.311274 0.404057 2.208116 -0.148656 -0.351279 0.025231 -0.302526 1.230171 0.310173 1.905293 -0.164808 0.038380 -0.170691 -0.121596 -0.124329 -0.012236 -0.684623 1.844823 -0.048771 -0.221091 0.234261 0.834710 -0.806756 0.343181 -0.122859 0.400539 -1.101717 0.688608 0.210513 0.105584 -0.415759 0.947401 -0.758189 -0.109438 -0.616585 -1.589404 -0.119721 0.357565 -0.695450 0.338646 -0.945703 0.122456 0.095722 -0.816841 0.111448 0.463108 0.046249 0.192085 0.132937 0.208972 0.646015 0.531169 0.025236 0.226880
199 -0.659573 -0.108372 1.632651 -0.949506 -0.309818 0.064516 0.237770 0.323842 0.393014 0.523834 0.653043 0.061613 0.309398 0.158004 0.007704 -0.392335 -0.464496 1.636447 -0.072699 -0.897867 0.158730 1.582499 -0.164310 -0.322354 -0.057185 0.793716 -0.257457 -0.734504 1.387922 -0.306244 -0.080014 -1.116431 -0.531339 -0.216013 0.391111 1.206011 -1.544590 0.055244 0.009700 0.184400 0.572899 1.228520 -0.068176 -0.161397 -0.214202 -0.499488 -0.312176 -0.553568 0.022756 -0.363582 -0.182402 0.979346 0.084056 -0.053901 -1.153169 -0.436125 0.269545 0.031452 -0.713541 -1.916833 -0.047384 -0.470033 -1.688945 -0.091328 0.584389 -0.347250 -1.726814 0.189241 0.317773 0.530820 1.148022 -0.079228 0.225487 -1.446776 0.218555 0.740922 0.105690 0.100968 0.710233 -0.134895 0.826394 0.261256 0.143137 -0.050614 -0.436429 -0.617242 -0.054754 -0.145520 0.516712 -0.278757 0.405106 -0.036961 -0.313370 -0.245180 -0.762312 0.235386 -0.121461 -0.577441 -0.507803 -0.117265 1.215533 0.536389 0.113178 -0.144443 -0.162320 0.033674 0.766086 0.142800 -0.153606 0.064291 -0.448411 -0.625772 -0.489781 -0.059216 -0.031866 1.230051 0.461439 -0.063546 0.306746 0.410589 2.208408 -0.146146 -0.355554 0.029777 -0.309670 1.235049 0.310991 1.905137 -0.161720 0.039344 -0.167401 -0.117823 -0.124204 -0.013019 -0.690707 1.844539 -0.055655 -0.215057 0.240984 0.831846 -0.802593 0.337504 -0.129310 0.396328 -1.099851 0.684397 0.208440 0.100009 -0.411302 0.952905 -0.754426 -0.106528 -0.618990 -1.588620 -0.116896 0.364677 -0.702708 0.336287 -0.943549 0.120804 0.102120 -0.814944 0.118005 0.460548 0.052633 0.186588 0.131685 0.203913 0.646419 0.526648 0.028329 0.221569
