1 1 1
2 1 1
3 3 1
4 2 1
6 0 1
6 1 1
6 2 1
6 6 1
7 2 1
7 4 1
8 2 1
8 5 1
8 7 1
9 4 1
9 6 1
10 1 1
10 7 1
10 8 1
10 9 1
11 1 1
11 2 1
11 9 1
12 2 1
12 7 1
12 8 1
12 9 1
13 5 1
13 6 1
13 8 1
13 12 1
14 5 1
14 6 1
14 9 1
14 14 1
15 2 1
15 5 1
15 8 1
15 9 1
16 5 1
16 6 1
16 7 1
16 9 1
16 12 1
16 13 1
17 8 1
18 3 1
18 8 1
18 17 1
19 0 1
19 6 1
19 8 1
19 14 1
19 15 1
19 17 1
19 19 1
20 5 1
20 6 1
21 1 1
21 2 1
21 11 1
21 12 1
21 16 1
21 21 1
22 2 1
22 6 1
22 11 1
22 12 1
22 20 1
23 2 1
23 8 1
23 19 1
24 0 1
24 2 1
24 5 1
24 7 1
24 9 1
24 10 1
24 11 1
24 12 1
24 17 1
24 21 1
24 24 1
25 2 1
25 6 1
25 7 1
25 9 1
25 10 1
25 17 1
25 18 1
25 20 1
25 24 1
25 25 1
26 0 1
26 2 1
26 5 1
26 8 1
26 10 1
26 16 1
26 22 1
26 25 1
27 0 1
27 4 1
27 12 1
27 17 1
27 20 1
27 26 1
28 1 1
28 6 1
28 17 1
29 6 1
29 9 1
29 16 1
29 19 1
29 25 1
29 26 1
30 1 1
30 2 1
30 3 1
30 8 1
30 9 1
30 11 1
30 14 1
30 17 1
30 18 1
30 27 1
31 3 1
31 4 1
31 6 1
31 9 1
31 16 1
31 21 1
31 22 1
31 23 1
31 27 1
31 28 1
32 0 1
32 13 1
32 14 1
32 27 1
32 31 1
33 4 1
33 5 1
33 11 1
33 14 1
33 15 1
33 18 1
33 19 1
33 30 1
33 32 1
34 0 1
34 1 1
34 2 1
34 3 1
34 4 1
34 6 1
34 7 1
34 9 1
34 11 1
34 17 1
34 30 1
34 31 1
34 32 1
35 1 1
35 6 1
35 7 1
35 8 1
35 11 1
35 19 1
35 20 1
35 22 1
35 27 1
35 33 1
36 1 1
36 6 1
36 10 1
36 12 1
36 14 1
36 16 1
36 19 1
36 22 1
36 25 1
36 29 1
36 32 1
36 34 1
36 36 1
37 9 1
37 10 1
37 13 1
37 16 1
37 20 1
37 29 1
37 30 1
37 36 1
38 1 1
38 12 1
38 15 1
38 17 1
38 19 1
38 29 1
38 32 1
38 35 1
38 36 1
38 38 1
39 2 1
39 5 1
39 6 1
39 7 1
39 9 1
39 13 1
39 24 1
39 27 1
40 0 1
40 12 1
40 13 1
40 14 1
40 19 1
40 27 1
41 4 1
41 6 1
41 9 1
41 20 1
41 25 1
41 27 1
41 28 1
41 29 1
41 35 1
41 41 1
42 25 1
42 28 1
42 32 1
42 38 1
42 42 1
43 1 1
43 5 1
43 8 1
43 13 1
43 15 1
43 16 1
43 17 1
43 25 1
43 27 1
43 28 1
43 32 1
43 38 1
43 39 1
44 8 1
44 10 1
44 19 1
44 25 1
44 35 1
44 36 1
44 37 1
45 1 1
45 8 1
45 12 1
45 20 1
45 21 1
45 22 1
45 23 1
45 27 1
45 30 1
45 34 1
45 36 1
45 37 1
45 38 1
46 0 1
46 3 1
46 7 1
46 12 1
46 13 1
46 19 1
46 28 1
46 46 1
47 0 1
47 2 1
47 3 1
47 4 1
47 8 1
47 9 1
47 13 1
47 18 1
47 29 1
47 30 1
47 33 1
47 40 1
47 44 1
48 0 1
48 2 1
48 6 1
48 11 1
48 12 1
48 19 1
48 24 1
48 25 1
48 26 1
48 35 1
48 40 1
48 42 1
48 44 1
49 1 1
49 6 1
49 7 1
49 15 1
49 18 1
49 28 1
49 29 1
49 34 1
49 35 1
49 39 1
49 43 1
49 44 1
49 49 1
50 0 1
50 1 1
50 11 1
50 12 1
50 14 1
50 15 1
50 16 1
50 23 1
50 27 1
50 33 1
50 37 1
50 38 1
50 42 1
50 43 1
50 44 1
51 0 1
51 2 1
51 5 1
51 7 1
51 10 1
51 11 1
51 19 1
51 21 1
51 24 1
51 26 1
51 32 1
51 38 1
51 40 1
51 41 1
51 43 1
51 44 1
51 47 1
51 51 1
52 2 1
52 3 1
52 6 1
52 9 1
52 14 1
52 16 1
52 18 1
52 25 1
52 30 1
52 32 1
52 41 1
52 43 1
52 45 1
52 47 1
52 50 1
52 52 1
53 5 1
53 11 1
53 14 1
53 21 1
53 23 1
53 27 1
53 33 1
53 36 1
53 41 1
53 43 1
53 47 1
53 52 1
54 15 1
54 19 1
54 25 1
54 32 1
54 41 1
54 45 1
54 50 1
55 5 1
55 7 1
55 17 1
55 19 1
55 20 1
55 32 1
55 36 1
55 37 1
55 38 1
55 39 1
55 50 1
55 52 1
56 4 1
56 7 1
56 15 1
56 19 1
56 24 1
56 25 1
56 36 1
56 39 1
56 41 1
56 42 1
56 47 1
56 49 1
56 50 1
56 53 1
56 54 1
57 5 1
57 6 1
57 8 1
57 11 1
57 14 1
57 16 1
57 18 1
57 22 1
57 23 1
57 30 1
57 32 1
57 41 1
57 43 1
57 46 1
57 52 1
57 55 1
58 0 1
58 5 1
58 18 1
58 19 1
58 23 1
58 28 1
58 29 1
58 35 1
58 41 1
58 46 1
58 54 1
59 0 1
59 3 1
59 11 1
59 22 1
59 26 1
59 30 1
59 31 1
59 45 1
59 46 1
59 49 1
59 50 1
59 51 1
59 54 1
59 55 1
59 57 1
59 59 1
60 8 1
60 15 1
60 18 1
60 20 1
60 21 1
60 22 1
60 25 1
60 26 1
60 31 1
60 39 1
60 41 1
60 45 1
60 46 1
60 53 1
60 54 1
60 55 1
60 58 1
60 59 1
61 1 1
61 3 1
61 5 1
61 7 1
61 19 1
61 22 1
61 33 1
61 34 1
61 43 1
61 46 1
61 48 1
61 49 1
61 51 1
61 52 1
61 57 1
61 58 1
61 59 1
61 61 1
62 2 1
62 9 1
62 21 1
62 28 1
62 29 1
62 39 1
62 41 1
62 44 1
62 45 1
62 48 1
62 56 1
63 0 1
63 3 1
63 5 1
63 7 1
63 10 1
63 14 1
63 25 1
63 26 1
63 27 1
63 32 1
63 42 1
63 43 1
63 44 1
63 57 1
63 58 1
64 5 1
64 14 1
64 16 1
64 17 1
64 18 1
64 21 1
64 22 1
64 27 1
64 29 1
64 38 1
65 8 1
65 12 1
65 17 1
65 20 1
65 24 1
65 25 1
65 27 1
65 28 1
65 30 1
65 31 1
65 32 1
65 42 1
65 44 1
65 45 1
65 47 1
65 53 1
65 54 1
65 59 1
65 62 1
65 64 1
66 4 1
66 14 1
66 15 1
66 16 1
66 22 1
66 24 1
66 26 1
66 27 1
66 32 1
66 39 1
66 41 1
66 43 1
66 44 1
66 53 1
66 56 1
66 61 1
66 63 1
66 66 1
67 2 1
67 3 1
67 8 1
67 14 1
67 21 1
67 23 1
67 25 1
67 27 1
67 35 1
67 37 1
67 38 1
67 44 1
67 47 1
67 48 1
67 55 1
67 58 1
67 61 1
67 65 1
68 5 1
68 8 1
68 11 1
68 14 1
68 16 1
68 17 1
68 22 1
68 23 1
68 26 1
68 29 1
68 39 1
68 44 1
68 55 1
68 56 1
68 58 1
69 8 1
69 10 1
69 11 1
69 19 1
69 24 1
69 30 1
69 32 1
69 33 1
69 34 1
69 36 1
69 37 1
69 54 1
69 57 1
69 69 1
70 5 1
70 6 1
70 8 1
70 10 1
70 12 1
70 17 1
70 22 1
70 26 1
70 30 1
70 31 1
70 33 1
70 34 1
70 41 1
70 45 1
70 51 1
70 57 1
70 61 1
70 62 1
70 64 1
70 70 1
71 0 1
71 4 1
71 5 1
71 14 1
71 21 1
71 22 1
71 24 1
71 27 1
71 32 1
71 36 1
71 37 1
71 38 1
71 42 1
71 52 1
71 56 1
71 63 1
71 65 1
72 4 1
72 7 1
72 10 1
72 12 1
72 13 1
72 26 1
72 34 1
72 36 1
72 37 1
72 48 1
72 52 1
72 55 1
72 57 1
72 58 1
72 61 1
72 67 1
72 70 1
72 72 1
73 0 1
73 6 1
73 8 1
73 12 1
73 19 1
73 26 1
73 32 1
73 33 1
73 39 1
73 44 1
73 45 1
73 48 1
73 49 1
73 60 1
73 62 1
73 66 1
74 9 1
74 18 1
74 19 1
74 27 1
74 28 1
74 29 1
74 39 1
74 41 1
74 50 1
74 51 1
74 59 1
74 63 1
74 67 1
74 74 1
75 0 1
75 2 1
75 3 1
75 7 1
75 11 1
75 15 1
75 19 1
75 21 1
75 28 1
75 33 1
75 40 1
75 41 1
75 42 1
75 44 1
75 50 1
75 53 1
75 62 1
75 67 1
75 71 1
76 2 1
76 3 1
76 4 1
76 9 1
76 10 1
76 14 1
76 19 1
76 23 1
76 24 1
76 29 1
76 30 1
76 37 1
76 38 1
76 40 1
76 44 1
76 45 1
76 48 1
76 49 1
76 51 1
76 62 1
76 75 1
77 0 1
77 7 1
77 8 1
77 10 1
77 18 1
77 19 1
77 20 1
77 21 1
77 32 1
77 37 1
77 39 1
77 42 1
77 44 1
77 49 1
77 58 1
77 60 1
77 71 1
78 1 1
78 2 1
78 6 1
78 7 1
78 19 1
78 20 1
78 26 1
78 27 1
78 33 1
78 48 1
78 50 1
78 51 1
78 55 1
78 63 1
78 67 1
78 68 1
78 69 1
79 6 1
79 7 1
79 10 1
79 20 1
79 21 1
79 23 1
79 26 1
79 27 1
79 37 1
79 38 1
79 44 1
79 50 1
79 59 1
79 62 1
79 65 1
79 66 1
79 68 1
79 71 1
79 77 1
80 6 1
80 7 1
80 13 1
80 14 1
80 18 1
80 27 1
80 32 1
80 34 1
80 36 1
80 42 1
80 47 1
80 52 1
80 53 1
80 54 1
80 59 1
80 60 1
80 63 1
80 65 1
80 67 1
80 72 1
81 1 1
81 4 1
81 8 1
81 9 1
81 10 1
81 16 1
81 21 1
81 28 1
81 36 1
81 37 1
81 38 1
81 39 1
81 44 1
81 51 1
81 53 1
81 56 1
81 64 1
81 66 1
81 68 1
81 71 1
81 75 1
81 78 1
81 81 1
82 3 1
82 4 1
82 20 1
82 22 1
82 32 1
82 36 1
82 39 1
82 43 1
82 44 1
82 46 1
82 49 1
82 50 1
82 60 1
82 69 1
82 81 1
82 82 1
83 1 1
83 11 1
83 14 1
83 15 1
83 16 1
83 18 1
83 29 1
83 35 1
83 37 1
83 44 1
83 45 1
83 48 1
83 56 1
83 60 1
83 61 1
83 63 1
83 64 1
83 69 1
83 70 1
83 75 1
84 0 1
84 12 1
84 13 1
84 19 1
84 21 1
84 26 1
84 29 1
84 36 1
84 44 1
84 45 1
84 46 1
84 51 1
84 52 1
84 54 1
84 56 1
84 58 1
84 61 1
84 63 1
84 74 1
84 83 1
85 2 1
85 6 1
85 7 1
85 16 1
85 17 1
85 20 1
85 26 1
85 27 1
85 31 1
85 41 1
85 43 1
85 44 1
85 49 1
85 55 1
85 64 1
85 67 1
85 76 1
85 79 1
85 83 1
86 1 1
86 4 1
86 7 1
86 18 1
86 22 1
86 24 1
86 25 1
86 38 1
86 40 1
86 46 1
86 47 1
86 48 1
86 53 1
86 54 1
86 56 1
86 59 1
86 64 1
86 65 1
86 67 1
86 74 1
86 76 1
86 82 1
87 7 1
87 20 1
87 30 1
87 34 1
87 45 1
87 46 1
87 49 1
87 57 1
87 59 1
87 62 1
87 74 1
87 76 1
87 77 1
87 79 1
88 2 1
88 3 1
88 8 1
88 10 1
88 16 1
88 19 1
88 21 1
88 22 1
88 28 1
88 33 1
88 35 1
88 38 1
88 39 1
88 41 1
88 54 1
88 60 1
88 61 1
88 77 1
88 85 1
89 8 1
89 14 1
89 16 1
89 24 1
89 26 1
89 29 1
89 30 1
89 37 1
89 39 1
89 43 1
89 46 1
89 48 1
89 53 1
89 54 1
89 69 1
89 70 1
89 75 1
89 76 1
89 82 1
90 1 1
90 5 1
90 11 1
90 20 1
90 29 1
90 35 1
90 37 1
90 42 1
90 44 1
90 50 1
90 57 1
90 60 1
90 61 1
90 63 1
90 64 1
90 75 1
90 78 1
90 89 1
91 1 1
91 3 1
91 7 1
91 16 1
91 18 1
91 20 1
91 23 1
91 28 1
91 29 1
91 30 1
91 37 1
91 43 1
91 47 1
91 48 1
91 51 1
91 54 1
91 62 1
91 70 1
91 77 1
91 78 1
91 80 1
91 82 1
91 85 1
91 87 1
91 88 1
91 89 1
91 91 1
92 0 1
92 5 1
92 9 1
92 10 1
92 11 1
92 12 1
92 16 1
92 19 1
92 23 1
92 25 1
92 32 1
92 35 1
92 38 1
92 39 1
92 41 1
92 53 1
92 54 1
92 59 1
92 82 1
92 84 1
93 1 1
93 5 1
93 7 1
93 9 1
93 17 1
93 25 1
93 27 1
93 28 1
93 30 1
93 31 1
93 37 1
93 41 1
93 45 1
93 46 1
93 53 1
93 58 1
93 64 1
93 70 1
93 71 1
93 76 1
93 81 1
93 85 1
93 89 1
93 91 1
93 93 1
94 3 1
94 7 1
94 9 1
94 13 1
94 17 1
94 18 1
94 21 1
94 23 1
94 24 1
94 25 1
94 27 1
94 28 1
94 36 1
94 37 1
94 38 1
94 39 1
94 43 1
94 58 1
94 68 1
94 69 1
94 74 1
94 76 1
94 85 1
94 86 1
94 88 1
94 94 1
95 2 1
95 6 1
95 7 1
95 8 1
95 9 1
95 10 1
95 13 1
95 20 1
95 26 1
95 28 1
95 30 1
95 31 1
95 36 1
95 40 1
95 42 1
95 49 1
95 51 1
95 53 1
95 54 1
95 61 1
95 77 1
95 82 1
95 86 1
95 89 1
95 90 1
95 94 1
95 95 1
96 0 1
96 8 1
96 10 1
96 17 1
96 28 1
96 30 1
96 31 1
96 38 1
96 39 1
96 40 1
96 41 1
96 47 1
96 49 1
96 54 1
96 58 1
96 61 1
96 62 1
96 67 1
96 68 1
96 72 1
96 74 1
96 76 1
96 78 1
96 79 1
96 81 1
96 93 1
96 95 1
97 4 1
97 9 1
97 10 1
97 12 1
97 18 1
97 21 1
97 26 1
97 28 1
97 30 1
97 35 1
97 37 1
97 38 1
97 41 1
97 42 1
97 45 1
97 47 1
97 65 1
97 68 1
97 77 1
97 84 1
97 87 1
97 95 1
97 96 1
98 6 1
98 9 1
98 12 1
98 13 1
98 14 1
98 16 1
98 18 1
98 21 1
98 28 1
98 34 1
98 36 1
98 37 1
98 39 1
98 46 1
98 50 1
98 52 1
98 58 1
98 60 1
98 64 1
98 66 1
98 71 1
98 72 1
98 73 1
98 74 1
98 79 1
98 81 1
98 82 1
98 84 1
98 86 1
98 92 1
99 0 1
99 1 1
99 12 1
99 13 1
99 16 1
99 18 1
99 24 1
99 29 1
99 35 1
99 37 1
99 40 1
99 44 1
99 45 1
99 55 1
99 57 1
99 59 1
99 62 1
99 68 1
99 76 1
99 78 1
99 79 1
99 81 1
99 92 1
99 95 1
99 97 1
100 1 1
100 5 1
100 9 1
100 20 1
100 21 1
100 23 1
100 26 1
100 34 1
100 35 1
100 39 1
100 48 1
100 49 1
100 52 1
100 53 1
100 58 1
100 59 1
100 62 1
100 69 1
100 72 1
100 78 1
100 79 1
100 81 1
100 87 1
100 93 1
100 95 1
100 98 1
100 99 1
101 4 1
101 6 1
101 8 1
101 10 1
101 13 1
101 17 1
101 26 1
101 38 1
101 39 1
101 43 1
101 50 1
101 51 1
101 55 1
101 68 1
101 74 1
101 81 1
101 87 1
101 89 1
102 7 1
102 9 1
102 23 1
102 27 1
102 29 1
102 33 1
102 35 1
102 36 1
102 40 1
102 41 1
102 54 1
102 58 1
102 60 1
102 61 1
102 64 1
102 65 1
102 69 1
102 79 1
102 85 1
102 97 1
102 101 1
103 1 1
103 5 1
103 6 1
103 11 1
103 13 1
103 25 1
103 26 1
103 28 1
103 30 1
103 34 1
103 45 1
103 48 1
103 49 1
103 53 1
103 56 1
103 72 1
103 74 1
103 79 1
103 88 1
103 94 1
103 97 1
103 98 1
103 101 1
104 0 1
104 7 1
104 14 1
104 22 1
104 23 1
104 29 1
104 31 1
104 36 1
104 39 1
104 51 1
104 53 1
104 54 1
104 57 1
104 58 1
104 60 1
104 68 1
104 74 1
104 75 1
104 79 1
104 80 1
104 85 1
104 88 1
104 94 1
105 0 1
105 6 1
105 10 1
105 16 1
105 20 1
105 27 1
105 30 1
105 32 1
105 37 1
105 57 1
105 58 1
105 60 1
105 63 1
105 64 1
105 65 1
105 70 1
105 71 1
105 72 1
105 77 1
105 78 1
105 79 1
105 81 1
105 83 1
105 84 1
105 87 1
105 96 1
105 101 1
105 103 1
105 104 1
106 2 1
106 5 1
106 8 1
106 26 1
106 30 1
106 34 1
106 37 1
106 39 1
106 45 1
106 54 1
106 55 1
106 56 1
106 70 1
106 75 1
106 77 1
106 86 1
106 89 1
106 93 1
106 97 1
106 98 1
107 1 1
107 2 1
107 4 1
107 8 1
107 14 1
107 20 1
107 27 1
107 30 1
107 31 1
107 39 1
107 41 1
107 42 1
107 52 1
107 53 1
107 56 1
107 57 1
107 58 1
107 64 1
107 79 1
107 82 1
107 93 1
107 95 1
107 96 1
107 101 1
107 103 1
107 106 1
108 13 1
108 14 1
108 16 1
108 19 1
108 29 1
108 36 1
108 37 1
108 40 1
108 47 1
108 49 1
108 54 1
108 60 1
108 61 1
108 63 1
108 78 1
108 83 1
108 97 1
108 100 1
109 10 1
109 11 1
109 13 1
109 15 1
109 17 1
109 20 1
109 21 1
109 41 1
109 42 1
109 67 1
109 68 1
109 74 1
109 77 1
109 78 1
109 80 1
109 82 1
109 83 1
109 93 1
109 96 1
109 99 1
109 100 1
110 2 1
110 5 1
110 20 1
110 22 1
110 25 1
110 28 1
110 29 1
110 36 1
110 39 1
110 40 1
110 49 1
110 51 1
110 54 1
110 59 1
110 61 1
110 65 1
110 66 1
110 72 1
110 79 1
110 83 1
110 91 1
110 95 1
110 103 1
110 108 1
110 109 1
111 6 1
111 7 1
111 8 1
111 10 1
111 11 1
111 14 1
111 15 1
111 20 1
111 22 1
111 23 1
111 24 1
111 26 1
111 29 1
111 32 1
111 36 1
111 37 1
111 43 1
111 46 1
111 50 1
111 55 1
111 57 1
111 58 1
111 59 1
111 64 1
111 65 1
111 67 1
111 68 1
111 69 1
111 77 1
111 81 1
111 93 1
111 98 1
111 100 1
111 101 1
111 102 1
111 104 1
111 105 1
111 108 1
111 111 1
112 2 1
112 14 1
112 15 1
112 26 1
112 29 1
112 30 1
112 41 1
112 45 1
112 46 1
112 48 1
112 50 1
112 59 1
112 63 1
112 73 1
112 77 1
112 80 1
112 81 1
112 83 1
112 89 1
112 99 1
112 101 1
112 102 1
112 103 1
112 109 1
113 5 1
113 6 1
113 7 1
113 13 1
113 22 1
113 24 1
113 25 1
113 26 1
113 28 1
113 30 1
113 31 1
113 36 1
113 41 1
113 45 1
113 46 1
113 47 1
113 48 1
113 67 1
113 69 1
113 71 1
113 73 1
113 77 1
113 81 1
113 86 1
113 87 1
113 88 1
113 94 1
113 96 1
113 101 1
113 104 1
113 106 1
113 108 1
113 111 1
113 113 1
114 2 1
114 8 1
114 11 1
114 30 1
114 32 1
114 36 1
114 42 1
114 46 1
114 47 1
114 48 1
114 50 1
114 53 1
114 54 1
114 62 1
114 64 1
114 65 1
114 70 1
114 76 1
114 77 1
114 78 1
114 81 1
114 85 1
114 88 1
114 89 1
114 92 1
114 93 1
114 95 1
114 96 1
114 97 1
114 100 1
114 101 1
114 111 1
115 0 1
115 1 1
115 2 1
115 3 1
115 5 1
115 6 1
115 16 1
115 17 1
115 19 1
115 33 1
115 37 1
115 42 1
115 49 1
115 50 1
115 65 1
115 67 1
115 70 1
115 71 1
115 73 1
115 75 1
115 78 1
115 84 1
115 89 1
115 90 1
115 91 1
115 93 1
115 96 1
115 101 1
115 103 1
115 104 1
115 107 1
115 112 1
116 2 1
116 5 1
116 8 1
116 10 1
116 12 1
116 14 1
116 17 1
116 27 1
116 30 1
116 37 1
116 45 1
116 55 1
116 58 1
116 60 1
116 63 1
116 64 1
116 67 1
116 71 1
116 79 1
116 81 1
116 82 1
116 84 1
116 87 1
116 88 1
116 91 1
116 92 1
116 93 1
116 94 1
116 105 1
116 107 1
116 108 1
116 113 1
116 114 1
117 1 1
117 6 1
117 9 1
117 15 1
117 22 1
117 26 1
117 27 1
117 28 1
117 42 1
117 60 1
117 61 1
117 68 1
117 70 1
117 72 1
117 73 1
117 77 1
117 88 1
117 94 1
117 99 1
117 100 1
117 102 1
117 104 1
117 105 1
117 108 1
117 109 1
117 112 1
117 116 1
117 117 1
118 3 1
118 4 1
118 6 1
118 8 1
118 9 1
118 14 1
118 18 1
118 26 1
118 30 1
118 32 1
118 33 1
118 38 1
118 41 1
118 43 1
118 45 1
118 46 1
118 47 1
118 48 1
118 50 1
118 52 1
118 54 1
118 62 1
118 67 1
118 76 1
118 80 1
118 81 1
118 86 1
118 88 1
118 89 1
118 95 1
118 97 1
118 103 1
118 105 1
118 110 1
119 1 1
119 4 1
119 9 1
119 13 1
119 15 1
119 19 1
119 20 1
119 23 1
119 24 1
119 27 1
119 28 1
119 30 1
119 32 1
119 39 1
119 48 1
119 49 1
119 50 1
119 54 1
119 58 1
119 63 1
119 77 1
119 81 1
119 84 1
119 95 1
119 96 1
119 101 1
119 102 1
120 1 1
120 2 1
120 10 1
120 12 1
120 13 1
120 18 1
120 20 1
120 24 1
120 25 1
120 27 1
120 35 1
120 40 1
120 41 1
120 53 1
120 64 1
120 80 1
120 85 1
120 88 1
120 89 1
120 92 1
120 95 1
120 99 1
120 118 1
121 9 1
121 11 1
121 15 1
121 17 1
121 22 1
121 23 1
121 38 1
121 39 1
121 40 1
121 43 1
121 48 1
121 49 1
121 50 1
121 53 1
121 54 1
121 65 1
121 67 1
121 69 1
121 73 1
121 87 1
121 88 1
121 89 1
121 94 1
121 95 1
121 97 1
121 98 1
121 101 1
121 103 1
121 111 1
121 114 1
121 115 1
121 118 1
122 5 1
122 8 1
122 16 1
122 18 1
122 20 1
122 21 1
122 24 1
122 25 1
122 34 1
122 35 1
122 40 1
122 43 1
122 44 1
122 49 1
122 53 1
122 54 1
122 55 1
122 58 1
122 61 1
122 64 1
122 70 1
122 71 1
122 72 1
122 75 1
122 77 1
122 82 1
122 88 1
122 100 1
122 102 1
122 108 1
122 110 1
122 116 1
122 117 1
123 0 1
123 5 1
123 6 1
123 9 1
123 10 1
123 12 1
123 13 1
123 17 1
123 23 1
123 25 1
123 30 1
123 36 1
123 37 1
123 40 1
123 45 1
123 46 1
123 52 1
123 58 1
123 61 1
123 63 1
123 69 1
123 75 1
123 78 1
123 85 1
123 86 1
123 96 1
123 106 1
123 107 1
123 109 1
123 111 1
123 117 1
123 122 1
123 123 1
124 0 1
124 4 1
124 5 1
124 9 1
124 14 1
124 15 1
124 22 1
124 23 1
124 25 1
124 26 1
124 27 1
124 32 1
124 42 1
124 55 1
124 57 1
124 59 1
124 64 1
124 68 1
124 72 1
124 76 1
124 79 1
124 83 1
124 86 1
124 87 1
124 91 1
124 92 1
124 103 1
124 108 1
124 116 1
124 121 1
124 122 1
125 0 1
125 3 1
125 15 1
125 27 1
125 32 1
125 33 1
125 34 1
125 44 1
125 47 1
125 48 1
125 49 1
125 53 1
125 54 1
125 59 1
125 62 1
125 73 1
125 84 1
125 86 1
125 90 1
125 91 1
125 92 1
125 93 1
125 97 1
125 99 1
125 103 1
125 104 1
125 111 1
125 112 1
125 123 1
125 124 1
126 4 1
126 8 1
126 9 1
126 22 1
126 28 1
126 29 1
126 30 1
126 32 1
126 36 1
126 40 1
126 45 1
126 46 1
126 51 1
126 56 1
126 57 1
126 59 1
126 62 1
126 64 1
126 70 1
126 71 1
126 74 1
126 81 1
126 86 1
126 89 1
126 90 1
126 91 1
126 101 1
126 114 1
126 118 1
126 120 1
126 121 1
126 123 1
127 0 1
127 2 1
127 6 1
127 7 1
127 11 1
127 13 1
127 16 1
127 17 1
127 20 1
127 24 1
127 25 1
127 29 1
127 33 1
127 41 1
127 49 1
127 63 1
127 66 1
127 71 1
127 74 1
127 75 1
127 85 1
127 97 1
127 99 1
127 100 1
127 101 1
127 105 1
127 107 1
127 116 1
127 118 1
127 119 1
127 121 1
127 123 1
127 125 1
128 4 1
128 6 1
128 12 1
128 13 1
128 15 1
128 23 1
128 24 1
128 25 1
128 26 1
128 28 1
128 30 1
128 31 1
128 33 1
128 37 1
128 40 1
128 42 1
128 44 1
128 49 1
128 60 1
128 66 1
128 71 1
128 73 1
128 75 1
128 77 1
128 78 1
128 82 1
128 83 1
128 90 1
128 96 1
128 100 1
128 104 1
128 105 1
128 107 1
128 112 1
128 117 1
128 122 1
128 123 1
129 4 1
129 6 1
129 17 1
129 19 1
129 21 1
129 23 1
129 30 1
129 32 1
129 37 1
129 49 1
129 53 1
129 61 1
129 67 1
129 68 1
129 70 1
129 71 1
129 73 1
129 75 1
129 80 1
129 87 1
129 93 1
129 95 1
129 97 1
129 101 1
129 114 1
129 129 1
130 1 1
130 12 1
130 20 1
130 25 1
130 28 1
130 36 1
130 41 1
130 45 1
130 46 1
130 47 1
130 51 1
130 53 1
130 54 1
130 56 1
130 59 1
130 65 1
130 67 1
130 70 1
130 71 1
130 75 1
130 82 1
130 88 1
130 96 1
130 104 1
130 116 1
130 118 1
130 119 1
130 128 1
131 2 1
131 6 1
131 7 1
131 9 1
131 10 1
131 15 1
131 17 1
131 19 1
131 21 1
131 29 1
131 36 1
131 39 1
131 44 1
131 58 1
131 66 1
131 68 1
131 74 1
131 75 1
131 77 1
131 78 1
131 79 1
131 82 1
131 84 1
131 88 1
131 91 1
131 94 1
131 99 1
131 102 1
131 103 1
131 105 1
131 106 1
131 110 1
131 116 1
131 123 1
132 2 1
132 3 1
132 5 1
132 7 1
132 10 1
132 22 1
132 23 1
132 26 1
132 30 1
132 36 1
132 42 1
132 43 1
132 44 1
132 45 1
132 48 1
132 58 1
132 63 1
132 76 1
132 81 1
132 85 1
132 87 1
132 88 1
132 90 1
132 96 1
132 99 1
132 102 1
132 118 1
132 121 1
132 122 1
132 123 1
132 125 1
132 127 1
132 132 1
133 2 1
133 10 1
133 14 1
133 16 1
133 18 1
133 19 1
133 21 1
133 22 1
133 23 1
133 32 1
133 46 1
133 48 1
133 49 1
133 52 1
133 56 1
133 61 1
133 63 1
133 64 1
133 66 1
133 68 1
133 72 1
133 77 1
133 83 1
133 90 1
133 97 1
133 102 1
133 111 1
133 113 1
133 120 1
133 121 1
133 128 1
133 132 1
134 1 1
134 2 1
134 8 1
134 9 1
134 19 1
134 21 1
134 29 1
134 37 1
134 42 1
134 55 1
134 60 1
134 69 1
134 72 1
134 77 1
134 80 1
134 89 1
134 90 1
134 100 1
134 104 1
134 106 1
134 109 1
134 110 1
134 120 1
134 124 1
134 134 1
135 2 1
135 4 1
135 5 1
135 7 1
135 10 1
135 19 1
135 22 1
135 23 1
135 25 1
135 27 1
135 30 1
135 31 1
135 40 1
135 44 1
135 46 1
135 50 1
135 51 1
135 58 1
135 68 1
135 69 1
135 71 1
135 75 1
135 76 1
135 81 1
135 82 1
135 86 1
135 90 1
135 94 1
135 98 1
135 103 1
135 117 1
135 124 1
135 132 1
135 133 1
136 13 1
136 15 1
136 16 1
136 21 1
136 35 1
136 36 1
136 37 1
136 39 1
136 48 1
136 49 1
136 50 1
136 52 1
136 53 1
136 54 1
136 56 1
136 68 1
136 69 1
136 77 1
136 90 1
136 91 1
136 92 1
136 94 1
136 101 1
136 103 1
136 108 1
136 113 1
136 119 1
136 128 1
136 130 1
136 136 1
137 5 1
137 9 1
137 12 1
137 26 1
137 30 1
137 31 1
137 39 1
137 43 1
137 48 1
137 50 1
137 53 1
137 57 1
137 60 1
137 69 1
137 76 1
137 81 1
137 82 1
137 85 1
137 87 1
137 89 1
137 90 1
137 92 1
137 93 1
137 95 1
137 97 1
137 99 1
137 101 1
137 102 1
137 107 1
137 113 1
137 115 1
137 116 1
137 122 1
137 123 1
137 125 1
137 126 1
137 129 1
138 3 1
138 4 1
138 8 1
138 13 1
138 15 1
138 16 1
138 19 1
138 22 1
138 29 1
138 34 1
138 35 1
138 37 1
138 38 1
138 49 1
138 53 1
138 60 1
138 67 1
138 80 1
138 97 1
138 99 1
138 102 1
138 105 1
138 110 1
138 111 1
138 114 1
138 115 1
138 123 1
138 124 1
138 127 1
138 128 1
138 133 1
138 135 1
139 7 1
139 12 1
139 30 1
139 35 1
139 38 1
139 40 1
139 43 1
139 47 1
139 50 1
139 54 1
139 57 1
139 62 1
139 67 1
139 70 1
139 90 1
139 102 1
139 104 1
139 108 1
139 112 1
139 120 1
139 124 1
139 125 1
139 127 1
139 135 1
139 136 1
140 5 1
140 13 1
140 18 1
140 20 1
140 22 1
140 26 1
140 27 1
140 32 1
140 40 1
140 48 1
140 55 1
140 64 1
140 65 1
140 67 1
140 72 1
140 83 1
140 85 1
140 86 1
140 106 1
140 115 1
140 120 1
140 122 1
140 125 1
140 131 1
140 140 1
141 3 1
141 10 1
141 15 1
141 21 1
141 23 1
141 24 1
141 28 1
141 30 1
141 32 1
141 37 1
141 38 1
141 39 1
141 42 1
141 43 1
141 48 1
141 57 1
141 58 1
141 63 1
141 64 1
141 71 1
141 72 1
141 76 1
141 78 1
141 79 1
141 82 1
141 93 1
141 96 1
141 107 1
141 112 1
141 117 1
141 128 1
141 129 1
141 133 1
141 134 1
141 140 1
142 7 1
142 12 1
142 16 1
142 17 1
142 27 1
142 28 1
142 33 1
142 35 1
142 37 1
142 39 1
142 40 1
142 41 1
142 45 1
142 47 1
142 48 1
142 49 1
142 53 1
142 63 1
142 67 1
142 70 1
142 73 1
142 83 1
142 84 1
142 86 1
142 89 1
142 91 1
142 92 1
142 93 1
142 97 1
142 102 1
142 105 1
142 125 1
142 136 1
142 138 1
143 8 1
143 16 1
143 17 1
143 23 1
143 26 1
143 30 1
143 34 1
143 39 1
143 40 1
143 48 1
143 55 1
143 60 1
143 63 1
143 68 1
143 70 1
143 76 1
143 85 1
143 87 1
143 90 1
143 103 1
143 105 1
143 106 1
143 124 1
143 127 1
143 135 1
143 136 1
143 141 1
143 143 1
144 0 1
144 17 1
144 21 1
144 23 1
144 27 1
144 32 1
144 34 1
144 46 1
144 52 1
144 59 1
144 61 1
144 65 1
144 69 1
144 79 1
144 80 1
144 81 1
144 83 1
144 86 1
144 88 1
144 105 1
144 112 1
144 117 1
144 125 1
144 126 1
144 128 1
144 130 1
144 131 1
144 132 1
144 133 1
144 136 1
144 139 1
145 2 1
145 4 1
145 5 1
145 6 1
145 16 1
145 19 1
145 21 1
145 22 1
145 23 1
145 25 1
145 27 1
145 28 1
145 29 1
145 30 1
145 31 1
145 35 1
145 36 1
145 43 1
145 45 1
145 47 1
145 56 1
145 58 1
145 59 1
145 63 1
145 64 1
145 67 1
145 69 1
145 73 1
145 75 1
145 80 1
145 84 1
145 86 1
145 90 1
145 93 1
145 94 1
145 104 1
145 107 1
145 108 1
145 109 1
145 128 1
145 132 1
145 133 1
145 134 1
145 139 1
145 144 1
145 145 1
146 11 1
146 12 1
146 29 1
146 38 1
146 44 1
146 46 1
146 48 1
146 49 1
146 51 1
146 54 1
146 58 1
146 61 1
146 66 1
146 70 1
146 71 1
146 76 1
146 80 1
146 90 1
146 92 1
146 93 1
146 96 1
146 98 1
146 103 1
146 106 1
146 109 1
146 110 1
146 112 1
146 114 1
146 119 1
146 123 1
146 124 1
146 125 1
146 142 1
146 144 1
147 0 1
147 7 1
147 8 1
147 12 1
147 16 1
147 17 1
147 18 1
147 20 1
147 21 1
147 27 1
147 28 1
147 31 1
147 36 1
147 51 1
147 56 1
147 62 1
147 65 1
147 75 1
147 89 1
147 90 1
147 93 1
147 94 1
147 96 1
147 97 1
147 101 1
147 102 1
147 104 1
147 107 1
147 112 1
147 116 1
147 119 1
147 122 1
147 127 1
147 139 1
147 142 1
148 1 1
148 3 1
148 6 1
148 8 1
148 23 1
148 25 1
148 27 1
148 29 1
148 32 1
148 34 1
148 36 1
148 42 1
148 46 1
148 49 1
148 53 1
148 59 1
148 60 1
148 61 1
148 66 1
148 79 1
148 89 1
148 90 1
148 94 1
148 99 1
148 103 1
148 107 1
148 109 1
148 110 1
148 115 1
148 117 1
148 119 1
148 125 1
148 137 1
148 142 1
148 143 1
148 144 1
149 0 1
149 4 1
149 12 1
149 16 1
149 18 1
149 19 1
149 30 1
149 36 1
149 45 1
149 48 1
149 58 1
149 66 1
149 68 1
149 80 1
149 93 1
149 97 1
149 99 1
149 104 1
149 110 1
149 129 1
149 130 1
149 131 1
149 132 1
149 134 1
149 136 1
149 139 1
149 141 1
149 143 1
149 144 1
149 145 1
150 2 1
150 3 1
150 10 1
150 14 1
150 21 1
150 35 1
150 50 1
150 55 1
150 59 1
150 64 1
150 82 1
150 102 1
150 104 1
150 105 1
150 129 1
150 132 1
150 134 1
150 144 1
150 149 1
151 0 1
151 3 1
151 5 1
151 8 1
151 10 1
151 11 1
151 19 1
151 21 1
151 26 1
151 29 1
151 34 1
151 37 1
151 39 1
151 44 1
151 45 1
151 47 1
151 52 1
151 55 1
151 61 1
151 71 1
151 72 1
151 77 1
151 78 1
151 80 1
151 82 1
151 89 1
151 90 1
151 95 1
151 102 1
151 104 1
151 111 1
151 112 1
151 118 1
151 122 1
151 124 1
151 131 1
151 133 1
151 140 1
151 142 1
151 143 1
151 144 1
152 5 1
152 7 1
152 12 1
152 14 1
152 20 1
152 21 1
152 23 1
152 25 1
152 31 1
152 32 1
152 40 1
152 48 1
152 54 1
152 55 1
152 61 1
152 65 1
152 71 1
152 78 1
152 80 1
152 96 1
152 98 1
152 99 1
152 101 1
152 104 1
152 123 1
152 125 1
152 133 1
152 135 1
152 139 1
152 141 1
152 142 1
152 152 1
153 6 1
153 7 1
153 9 1
153 11 1
153 12 1
153 17 1
153 20 1
153 35 1
153 36 1
153 38 1
153 40 1
153 42 1
153 45 1
153 52 1
153 54 1
153 56 1
153 61 1
153 62 1
153 63 1
153 67 1
153 69 1
153 70 1
153 71 1
153 74 1
153 76 1
153 78 1
153 80 1
153 82 1
153 83 1
153 93 1
153 97 1
153 100 1
153 103 1
153 111 1
153 114 1
153 118 1
153 121 1
153 128 1
153 131 1
153 140 1
153 143 1
153 146 1
153 150 1
153 151 1
154 0 1
154 2 1
154 4 1
154 5 1
154 6 1
154 10 1
154 11 1
154 13 1
154 15 1
154 16 1
154 25 1
154 29 1
154 31 1
154 32 1
154 34 1
154 36 1
154 59 1
154 69 1
154 70 1
154 80 1
154 81 1
154 87 1
154 90 1
154 100 1
154 101 1
154 102 1
154 104 1
154 109 1
154 110 1
154 118 1
154 119 1
154 122 1
154 140 1
154 145 1
155 5 1
155 21 1
155 23 1
155 27 1
155 34 1
155 40 1
155 41 1
155 46 1
155 49 1
155 52 1
155 58 1
155 62 1
155 63 1
155 68 1
155 69 1
155 75 1
155 82 1
155 86 1
155 91 1
155 97 1
155 105 1
155 107 1
155 114 1
155 118 1
155 130 1
155 133 1
155 136 1
155 139 1
155 141 1
155 152 1
155 155 1
156 1 1
156 7 1
156 11 1
156 13 1
156 24 1
156 28 1
156 44 1
156 45 1
156 47 1
156 48 1
156 54 1
156 60 1
156 62 1
156 63 1
156 65 1
156 67 1
156 73 1
156 76 1
156 78 1
156 80 1
156 83 1
156 84 1
156 86 1
156 92 1
156 94 1
156 95 1
156 96 1
156 101 1
156 114 1
156 118 1
156 121 1
156 132 1
156 133 1
156 139 1
156 141 1
156 146 1
156 147 1
156 148 1
156 152 1
156 154 1
156 155 1
157 5 1
157 7 1
157 14 1
157 16 1
157 18 1
157 25 1
157 30 1
157 33 1
157 36 1
157 37 1
157 41 1
157 54 1
157 56 1
157 62 1
157 72 1
157 73 1
157 75 1
157 76 1
157 77 1
157 79 1
157 81 1
157 84 1
157 90 1
157 93 1
157 95 1
157 97 1
157 101 1
157 102 1
157 103 1
157 116 1
157 117 1
157 118 1
157 122 1
157 126 1
157 127 1
157 129 1
157 150 1
157 152 1
157 153 1
157 155 1
157 156 1
158 2 1
158 6 1
158 22 1
158 29 1
158 30 1
158 45 1
158 46 1
158 51 1
158 52 1
158 60 1
158 66 1
158 68 1
158 71 1
158 72 1
158 79 1
158 80 1
158 82 1
158 83 1
158 85 1
158 87 1
158 90 1
158 92 1
158 98 1
158 105 1
158 107 1
158 109 1
158 110 1
158 113 1
158 120 1
158 122 1
158 128 1
158 129 1
158 132 1
158 135 1
158 137 1
158 138 1
158 141 1
158 145 1
158 147 1
158 149 1
159 2 1
159 8 1
159 10 1
159 19 1
159 43 1
159 48 1
159 51 1
159 56 1
159 58 1
159 59 1
159 60 1
159 61 1
159 64 1
159 68 1
159 72 1
159 74 1
159 75 1
159 78 1
159 81 1
159 92 1
159 93 1
159 94 1
159 97 1
159 101 1
159 103 1
159 105 1
159 110 1
159 113 1
159 115 1
159 126 1
159 131 1
159 146 1
159 147 1
159 151 1
159 154 1
159 159 1
160 13 1
160 15 1
160 16 1
160 18 1
160 21 1
160 22 1
160 27 1
160 39 1
160 43 1
160 47 1
160 52 1
160 56 1
160 61 1
160 64 1
160 73 1
160 83 1
160 84 1
160 108 1
160 110 1
160 122 1
160 123 1
160 124 1
160 136 1
160 138 1
160 144 1
160 151 1
160 155 1
160 156 1
160 158 1
161 1 1
161 3 1
161 12 1
161 14 1
161 19 1
161 20 1
161 23 1
161 24 1
161 26 1
161 27 1
161 30 1
161 38 1
161 40 1
161 41 1
161 42 1
161 48 1
161 53 1
161 56 1
161 57 1
161 67 1
161 72 1
161 73 1
161 74 1
161 81 1
161 84 1
161 85 1
161 86 1
161 90 1
161 95 1
161 98 1
161 99 1
161 101 1
161 113 1
161 115 1
161 118 1
161 120 1
161 125 1
161 129 1
161 130 1
161 131 1
161 134 1
161 135 1
161 136 1
161 145 1
161 149 1
161 155 1
162 7 1
162 12 1
162 15 1
162 17 1
162 24 1
162 30 1
162 34 1
162 41 1
162 44 1
162 45 1
162 46 1
162 47 1
162 54 1
162 56 1
162 59 1
162 63 1
162 73 1
162 74 1
162 75 1
162 84 1
162 87 1
162 89 1
162 91 1
162 93 1
162 100 1
162 104 1
162 110 1
162 111 1
162 113 1
162 117 1
162 121 1
162 125 1
162 129 1
162 132 1
162 133 1
162 146 1
162 153 1
162 156 1
162 161 1
162 162 1
163 4 1
163 10 1
163 13 1
163 24 1
163 26 1
163 28 1
163 42 1
163 45 1
163 46 1
163 56 1
163 63 1
163 64 1
163 65 1
163 79 1
163 83 1
163 89 1
163 96 1
163 97 1
163 117 1
163 123 1
163 125 1
163 127 1
163 129 1
163 130 1
163 134 1
163 141 1
163 147 1
163 149 1
163 153 1
163 158 1
163 160 1
163 161 1
164 0 1
164 2 1
164 3 1
164 4 1
164 6 1
164 22 1
164 23 1
164 25 1
164 37 1
164 46 1
164 48 1
164 63 1
164 70 1
164 71 1
164 75 1
164 79 1
164 80 1
164 83 1
164 86 1
164 89 1
164 102 1
164 103 1
164 109 1
164 117 1
164 123 1
164 124 1
164 127 1
164 131 1
164 132 1
164 134 1
164 143 1
164 148 1
164 154 1
164 155 1
164 157 1
164 163 1
165 13 1
165 24 1
165 25 1
165 28 1
165 32 1
165 33 1
165 35 1
165 41 1
165 47 1
165 49 1
165 51 1
165 55 1
165 56 1
165 60 1
165 70 1
165 73 1
165 76 1
165 77 1
165 81 1
165 82 1
165 84 1
165 86 1
165 90 1
165 91 1
165 94 1
165 96 1
165 105 1
165 106 1
165 108 1
165 114 1
165 115 1
165 120 1
165 125 1
165 131 1
165 132 1
165 133 1
165 139 1
165 140 1
165 141 1
165 150 1
165 152 1
165 153 1
165 156 1
165 157 1
165 163 1
165 165 1
166 0 1
166 9 1
166 13 1
166 14 1
166 21 1
166 22 1
166 24 1
166 30 1
166 42 1
166 49 1
166 52 1
166 57 1
166 58 1
166 60 1
166 61 1
166 63 1
166 69 1
166 74 1
166 76 1
166 82 1
166 85 1
166 89 1
166 100 1
166 102 1
166 104 1
166 105 1
166 106 1
166 108 1
166 111 1
166 116 1
166 120 1
166 123 1
166 128 1
166 131 1
166 132 1
166 133 1
166 137 1
166 138 1
166 139 1
166 141 1
166 142 1
166 144 1
166 150 1
166 152 1
166 153 1
166 160 1
167 1 1
167 13 1
167 16 1
167 19 1
167 20 1
167 21 1
167 23 1
167 24 1
167 25 1
167 32 1
167 33 1
167 36 1
167 37 1
167 53 1
167 54 1
167 56 1
167 61 1
167 66 1
167 70 1
167 75 1
167 76 1
167 78 1
167 80 1
167 82 1
167 83 1
167 84 1
167 90 1
167 97 1
167 101 1
167 102 1
167 103 1
167 105 1
167 108 1
167 111 1
167 121 1
167 122 1
167 125 1
167 127 1
167 128 1
167 135 1
167 141 1
167 148 1
167 153 1
167 154 1
167 163 1
167 164 1
167 166 1
168 1 1
168 3 1
168 4 1
168 8 1
168 11 1
168 12 1
168 15 1
168 21 1
168 24 1
168 25 1
168 26 1
168 29 1
168 36 1
168 39 1
168 41 1
168 44 1
168 47 1
168 57 1
168 58 1
168 59 1
168 60 1
168 64 1
168 66 1
168 75 1
168 80 1
168 85 1
168 86 1
168 87 1
168 97 1
168 99 1
168 101 1
168 109 1
168 113 1
168 116 1
168 120 1
168 137 1
168 144 1
168 149 1
168 154 1
168 155 1
168 160 1
168 163 1
168 164 1
169 2 1
169 3 1
169 18 1
169 24 1
169 28 1
169 30 1
169 32 1
169 35 1
169 38 1
169 45 1
169 54 1
169 56 1
169 59 1
169 62 1
169 65 1
169 72 1
169 74 1
169 78 1
169 80 1
169 83 1
169 86 1
169 90 1
169 103 1
169 105 1
169 107 1
169 112 1
169 114 1
169 117 1
169 118 1
169 120 1
169 121 1
169 125 1
169 128 1
169 129 1
169 133 1
169 136 1
169 141 1
169 144 1
169 147 1
169 153 1
169 156 1
169 158 1
169 160 1
169 163 1
169 164 1
169 168 1
169 169 1
170 0 1
170 3 1
170 14 1
170 18 1
170 23 1
170 24 1
170 30 1
170 37 1
170 45 1
170 47 1
170 48 1
170 53 1
170 63 1
170 65 1
170 66 1
170 74 1
170 75 1
170 76 1
170 77 1
170 83 1
170 90 1
170 91 1
170 92 1
170 93 1
170 94 1
170 97 1
170 101 1
170 102 1
170 104 1
170 106 1
170 107 1
170 108 1
170 110 1
170 111 1
170 115 1
170 116 1
170 117 1
170 119 1
170 120 1
170 126 1
170 129 1
170 130 1
170 139 1
170 145 1
170 151 1
170 153 1
170 165 1
170 168 1
170 169 1
170 170 1
171 2 1
171 4 1
171 12 1
171 16 1
171 20 1
171 21 1
171 27 1
171 29 1
171 34 1
171 58 1
171 59 1
171 60 1
171 65 1
171 68 1
171 72 1
171 75 1
171 77 1
171 79 1
171 80 1
171 81 1
171 83 1
171 90 1
171 91 1
171 93 1
171 99 1
171 104 1
171 108 1
171 112 1
171 114 1
171 119 1
171 122 1
171 123 1
171 128 1
171 135 1
171 144 1
171 161 1
171 168 1
172 10 1
172 14 1
172 18 1
172 31 1
172 34 1
172 36 1
172 39 1
172 43 1
172 48 1
172 63 1
172 69 1
172 78 1
172 80 1
172 96 1
172 101 1
172 103 1
172 109 1
172 113 1
172 115 1
172 120 1
172 125 1
172 129 1
172 130 1
172 136 1
172 137 1
172 141 1
172 143 1
172 149 1
172 151 1
172 154 1
172 157 1
172 159 1
172 162 1
172 165 1
172 167 1
172 168 1
172 171 1
172 172 1
173 0 1
173 2 1
173 3 1
173 6 1
173 10 1
173 11 1
173 15 1
173 17 1
173 26 1
173 27 1
173 30 1
173 31 1
173 47 1
173 56 1
173 69 1
173 71 1
173 74 1
173 89 1
173 93 1
173 94 1
173 102 1
173 103 1
173 111 1
173 112 1
173 114 1
173 116 1
173 122 1
173 126 1
173 127 1
173 132 1
173 144 1
173 148 1
173 155 1
173 161 1
173 163 1
173 164 1
173 165 1
174 7 1
174 8 1
174 13 1
174 18 1
174 23 1
174 27 1
174 30 1
174 35 1
174 38 1
174 54 1
174 56 1
174 66 1
174 67 1
174 70 1
174 76 1
174 79 1
174 83 1
174 87 1
174 94 1
174 98 1
174 103 1
174 104 1
174 108 1
174 116 1
174 119 1
174 121 1
174 129 1
174 133 1
174 134 1
174 137 1
174 139 1
174 142 1
174 149 1
174 151 1
174 155 1
174 159 1
174 163 1
174 165 1
174 166 1
174 174 1
175 4 1
175 6 1
175 13 1
175 15 1
175 16 1
175 27 1
175 29 1
175 30 1
175 37 1
175 46 1
175 47 1
175 49 1
175 50 1
175 61 1
175 62 1
175 67 1
175 69 1
175 74 1
175 75 1
175 79 1
175 80 1
175 84 1
175 86 1
175 89 1
175 99 1
175 108 1
175 110 1
175 117 1
175 123 1
175 124 1
175 125 1
175 126 1
175 128 1
175 141 1
175 154 1
175 156 1
175 160 1
175 166 1
176 4 1
176 6 1
176 7 1
176 8 1
176 20 1
176 29 1
176 37 1
176 38 1
176 41 1
176 48 1
176 49 1
176 50 1
176 52 1
176 55 1
176 59 1
176 63 1
176 67 1
176 72 1
176 73 1
176 76 1
176 81 1
176 94 1
176 96 1
176 97 1
176 101 1
176 103 1
176 105 1
176 107 1
176 112 1
176 114 1
176 117 1
176 125 1
176 126 1
176 137 1
176 144 1
176 146 1
176 159 1
176 170 1
177 3 1
177 5 1
177 10 1
177 12 1
177 13 1
177 14 1
177 18 1
177 19 1
177 21 1
177 23 1
177 26 1
177 28 1
177 34 1
177 35 1
177 37 1
177 40 1
177 44 1
177 49 1
177 51 1
177 61 1
177 66 1
177 67 1
177 68 1
177 70 1
177 72 1
177 73 1
177 76 1
177 77 1
177 79 1
177 87 1
177 90 1
177 95 1
177 102 1
177 108 1
177 110 1
177 114 1
177 122 1
177 128 1
177 133 1
177 144 1
177 148 1
177 149 1
177 151 1
177 153 1
177 155 1
177 159 1
177 160 1
177 161 1
177 162 1
177 167 1
177 169 1
177 170 1
177 172 1
177 175 1
178 3 1
178 5 1
178 9 1
178 19 1
178 21 1
178 22 1
178 28 1
178 32 1
178 39 1
178 42 1
178 45 1
178 49 1
178 55 1
178 59 1
178 62 1
178 68 1
178 75 1
178 78 1
178 80 1
178 90 1
178 106 1
178 114 1
178 119 1
178 120 1
178 128 1
178 138 1
178 139 1
178 159 1
178 167 1
179 2 1
179 8 1
179 13 1
179 14 1
179 19 1
179 25 1
179 28 1
179 29 1
179 30 1
179 33 1
179 34 1
179 35 1
179 37 1
179 40 1
179 42 1
179 58 1
179 60 1
179 63 1
179 66 1
179 74 1
179 75 1
179 84 1
179 85 1
179 87 1
179 88 1
179 122 1
179 125 1
179 129 1
179 130 1
179 138 1
179 142 1
179 149 1
179 150 1
179 154 1
179 161 1
179 165 1
179 171 1
179 174 1
179 175 1
179 177 1
180 3 1
180 4 1
180 6 1
180 10 1
180 11 1
180 19 1
180 26 1
180 28 1
180 30 1
180 35 1
180 36 1
180 40 1
180 42 1
180 44 1
180 47 1
180 52 1
180 62 1
180 63 1
180 77 1
180 78 1
180 79 1
180 83 1
180 84 1
180 99 1
180 101 1
180 102 1
180 119 1
180 121 1
180 124 1
180 128 1
180 134 1
180 140 1
180 141 1
180 144 1
180 145 1
180 146 1
180 148 1
180 149 1
180 151 1
180 155 1
180 159 1
180 166 1
180 167 1
180 169 1
180 170 1
180 172 1
180 173 1
180 174 1
180 178 1
181 0 1
181 5 1
181 7 1
181 14 1
181 15 1
181 18 1
181 22 1
181 26 1
181 29 1
181 31 1
181 32 1
181 34 1
181 38 1
181 40 1
181 42 1
181 49 1
181 57 1
181 58 1
181 59 1
181 60 1
181 62 1
181 66 1
181 68 1
181 71 1
181 74 1
181 82 1
181 83 1
181 86 1
181 87 1
181 88 1
181 89 1
181 92 1
181 93 1
181 95 1
181 99 1
181 100 1
181 104 1
181 105 1
181 108 1
181 112 1
181 117 1
181 120 1
181 131 1
181 143 1
181 153 1
181 159 1
181 160 1
181 162 1
181 169 1
181 171 1
181 173 1
181 175 1
181 177 1
182 0 1
182 11 1
182 16 1
182 17 1
182 23 1
182 27 1
182 29 1
182 33 1
182 41 1
182 43 1
182 50 1
182 52 1
182 55 1
182 56 1
182 57 1
182 59 1
182 61 1
182 63 1
182 67 1
182 69 1
182 71 1
182 72 1
182 82 1
182 93 1
182 96 1
182 100 1
182 102 1
182 124 1
182 127 1
182 128 1
182 141 1
182 145 1
182 146 1
182 147 1
182 156 1
182 162 1
182 163 1
182 164 1
182 169 1
182 181 1
183 8 1
183 16 1
183 17 1
183 27 1
183 30 1
183 34 1
183 37 1
183 46 1
183 53 1
183 64 1
183 65 1
183 75 1
183 80 1
183 85 1
183 87 1
183 91 1
183 92 1
183 94 1
183 95 1
183 100 1
183 102 1
183 103 1
183 107 1
183 109 1
183 113 1
183 117 1
183 119 1
183 120 1
183 121 1
183 126 1
183 127 1
183 128 1
183 136 1
183 137 1
183 141 1
183 150 1
183 156 1
183 157 1
183 162 1
183 167 1
183 175 1
183 183 1
184 0 1
184 4 1
184 6 1
184 10 1
184 11 1
184 14 1
184 19 1
184 20 1
184 26 1
184 32 1
184 40 1
184 42 1
184 44 1
184 53 1
184 54 1
184 58 1
184 60 1
184 68 1
184 73 1
184 75 1
184 77 1
184 82 1
184 84 1
184 89 1
184 92 1
184 99 1
184 101 1
184 103 1
184 105 1
184 106 1
184 108 1
184 109 1
184 110 1
184 122 1
184 127 1
184 132 1
184 135 1
184 139 1
184 142 1
184 147 1
184 150 1
184 152 1
184 159 1
184 161 1
184 172 1
184 180 1
184 181 1
184 183 1
184 184 1
185 3 1
185 11 1
185 18 1
185 19 1
185 22 1
185 24 1
185 31 1
185 39 1
185 44 1
185 46 1
185 50 1
185 53 1
185 57 1
185 63 1
185 64 1
185 65 1
185 81 1
185 83 1
185 86 1
185 88 1
185 93 1
185 94 1
185 97 1
185 101 1
185 103 1
185 113 1
185 122 1
185 129 1
185 142 1
185 143 1
185 145 1
185 146 1
185 149 1
185 152 1
185 154 1
185 158 1
185 159 1
185 167 1
185 168 1
185 177 1
185 179 1
185 185 1
186 8 1
186 19 1
186 26 1
186 30 1
186 32 1
186 35 1
186 36 1
186 38 1
186 40 1
186 41 1
186 42 1
186 43 1
186 45 1
186 47 1
186 53 1
186 59 1
186 62 1
186 73 1
186 74 1
186 82 1
186 86 1
186 89 1
186 91 1
186 96 1
186 97 1
186 98 1
186 101 1
186 106 1
186 113 1
186 115 1
186 123 1
186 125 1
186 131 1
186 132 1
186 141 1
186 144 1
186 145 1
186 150 1
186 153 1
186 157 1
186 159 1
186 168 1
186 173 1
186 175 1
186 182 1
187 0 1
187 8 1
187 17 1
187 21 1
187 29 1
187 37 1
187 39 1
187 40 1
187 41 1
187 46 1
187 59 1
187 62 1
187 64 1
187 69 1
187 80 1
187 84 1
187 88 1
187 90 1
187 94 1
187 102 1
187 113 1
187 116 1
187 120 1
187 121 1
187 125 1
187 128 1
187 137 1
187 141 1
187 143 1
187 145 1
187 148 1
187 159 1
187 161 1
187 169 1
187 174 1
187 177 1
187 178 1
187 184 1
187 185 1
187 186 1
188 0 1
188 1 1
188 6 1
188 12 1
188 14 1
188 21 1
188 24 1
188 30 1
188 36 1
188 38 1
188 40 1
188 45 1
188 47 1
188 53 1
188 54 1
188 55 1
188 62 1
188 75 1
188 76 1
188 79 1
188 81 1
188 82 1
188 83 1
188 85 1
188 87 1
188 94 1
188 98 1
188 103 1
188 104 1
188 105 1
188 114 1
188 116 1
188 117 1
188 120 1
188 125 1
188 135 1
188 136 1
188 137 1
188 139 1
188 142 1
188 144 1
188 145 1
188 146 1
188 153 1
188 156 1
188 157 1
188 161 1
188 162 1
188 165 1
188 169 1
188 170 1
188 171 1
188 174 1
188 175 1
188 176 1
188 186 1
188 187 1
189 2 1
189 5 1
189 9 1
189 14 1
189 28 1
189 35 1
189 36 1
189 42 1
189 43 1
189 48 1
189 49 1
189 58 1
189 59 1
189 64 1
189 68 1
189 71 1
189 72 1
189 77 1
189 83 1
189 86 1
189 88 1
189 95 1
189 98 1
189 100 1
189 103 1
189 108 1
189 110 1
189 113 1
189 115 1
189 119 1
189 120 1
189 123 1
189 131 1
189 132 1
189 157 1
189 159 1
189 160 1
189 165 1
189 166 1
189 170 1
189 172 1
189 173 1
189 175 1
189 188 1
190 5 1
190 6 1
190 11 1
190 20 1
190 22 1
190 26 1
190 31 1
190 35 1
190 44 1
190 46 1
190 49 1
190 52 1
190 54 1
190 56 1
190 57 1
190 63 1
190 72 1
190 74 1
190 75 1
190 87 1
190 88 1
190 90 1
190 92 1
190 100 1
190 102 1
190 103 1
190 111 1
190 119 1
190 120 1
190 125 1
190 131 1
190 133 1
190 134 1
190 151 1
190 156 1
190 165 1
190 166 1
190 167 1
190 168 1
190 169 1
190 173 1
190 175 1
190 177 1
190 180 1
190 183 1
190 186 1
190 189 1
191 12 1
191 18 1
191 21 1
191 22 1
191 24 1
191 32 1
191 45 1
191 47 1
191 51 1
191 54 1
191 57 1
191 66 1
191 70 1
191 73 1
191 84 1
191 88 1
191 90 1
191 92 1
191 93 1
191 97 1
191 99 1
191 105 1
191 106 1
191 113 1
191 120 1
191 128 1
191 130 1
191 131 1
191 132 1
191 135 1
191 136 1
191 147 1
191 148 1
191 153 1
191 161 1
191 162 1
191 163 1
191 165 1
191 168 1
191 169 1
191 170 1
191 184 1
191 185 1
192 4 1
192 5 1
192 10 1
192 13 1
192 15 1
192 17 1
192 23 1
192 45 1
192 47 1
192 48 1
192 50 1
192 55 1
192 58 1
192 63 1
192 68 1
192 69 1
192 84 1
192 92 1
192 101 1
192 114 1
192 118 1
192 119 1
192 120 1
192 122 1
192 123 1
192 128 1
192 129 1
192 134 1
192 137 1
192 140 1
192 145 1
192 147 1
192 154 1
192 168 1
192 172 1
192 173 1
192 187 1
192 188 1
192 189 1
192 192 1
193 0 1
193 7 1
193 11 1
193 12 1
193 20 1
193 22 1
193 34 1
193 35 1
193 48 1
193 51 1
193 56 1
193 61 1
193 62 1
193 64 1
193 65 1
193 71 1
193 73 1
193 78 1
193 85 1
193 86 1
193 88 1
193 91 1
193 92 1
193 93 1
193 95 1
193 106 1
193 110 1
193 114 1
193 116 1
193 117 1
193 118 1
193 121 1
193 137 1
193 140 1
193 141 1
193 144 1
193 146 1
193 151 1
193 153 1
193 160 1
193 161 1
193 162 1
193 165 1
193 167 1
193 169 1
193 175 1
193 177 1
193 181 1
193 193 1
194 0 1
194 3 1
194 5 1
194 6 1
194 14 1
194 15 1
194 17 1
194 23 1
194 24 1
194 29 1
194 56 1
194 61 1
194 63 1
194 77 1
194 84 1
194 85 1
194 92 1
194 98 1
194 100 1
194 105 1
194 108 1
194 109 1
194 111 1
194 112 1
194 120 1
194 123 1
194 125 1
194 126 1
194 129 1
194 133 1
194 142 1
194 143 1
194 146 1
194 147 1
194 149 1
194 163 1
194 171 1
194 179 1
194 184 1
194 188 1
194 190 1
195 1 1
195 4 1
195 6 1
195 12 1
195 15 1
195 20 1
195 22 1
195 23 1
195 27 1
195 29 1
195 30 1
195 36 1
195 37 1
195 39 1
195 40 1
195 42 1
195 46 1
195 49 1
195 55 1
195 61 1
195 64 1
195 66 1
195 67 1
195 68 1
195 72 1
195 81 1
195 82 1
195 91 1
195 92 1
195 100 1
195 108 1
195 124 1
195 127 1
195 133 1
195 134 1
195 137 1
195 138 1
195 139 1
195 141 1
195 147 1
195 148 1
195 151 1
195 152 1
195 158 1
195 161 1
195 163 1
195 170 1
195 173 1
195 174 1
195 175 1
195 179 1
195 182 1
195 185 1
195 188 1
196 1 1
196 2 1
196 4 1
196 6 1
196 9 1
196 11 1
196 15 1
196 18 1
196 20 1
196 27 1
196 33 1
196 41 1
196 42 1
196 45 1
196 46 1
196 53 1
196 55 1
196 64 1
196 65 1
196 69 1
196 73 1
196 76 1
196 79 1
196 88 1
196 90 1
196 92 1
196 94 1
196 97 1
196 101 1
196 102 1
196 115 1
196 116 1
196 118 1
196 121 1
196 127 1
196 128 1
196 129 1
196 130 1
196 132 1
196 136 1
196 146 1
196 147 1
196 149 1
196 159 1
196 161 1
196 163 1
196 167 1
196 176 1
196 180 1
196 181 1
197 6 1
197 7 1
197 8 1
197 14 1
197 17 1
197 21 1
197 26 1
197 29 1
197 35 1
197 37 1
197 39 1
197 47 1
197 49 1
197 53 1
197 54 1
197 55 1
197 72 1
197 75 1
197 84 1
197 86 1
197 87 1
197 92 1
197 93 1
197 95 1
197 98 1
197 102 1
197 103 1
197 106 1
197 108 1
197 115 1
197 116 1
197 117 1
197 119 1
197 124 1
197 127 1
197 137 1
197 141 1
197 150 1
197 153 1
197 159 1
197 172 1
197 178 1
197 183 1
197 191 1
197 196 1
197 197 1
198 0 1
198 9 1
198 11 1
198 16 1
198 18 1
198 27 1
198 32 1
198 33 1
198 35 1
198 38 1
198 39 1
198 41 1
198 46 1
198 50 1
198 53 1
198 59 1
198 70 1
198 75 1
198 76 1
198 77 1
198 87 1
198 93 1
198 94 1
198 96 1
198 104 1
198 116 1
198 118 1
198 119 1
198 123 1
198 124 1
198 131 1
198 133 1
198 136 1
198 138 1
198 139 1
198 148 1
198 154 1
198 157 1
198 163 1
198 164 1
198 165 1
198 175 1
198 176 1
198 177 1
198 179 1
198 185 1
198 187 1
198 188 1
198 189 1
198 190 1
198 192 1
198 195 1
199 6 1
199 7 1
199 8 1
199 11 1
199 19 1
199 25 1
199 28 1
199 30 1
199 34 1
199 35 1
199 41 1
199 44 1
199 59 1
199 64 1
199 72 1
199 75 1
199 76 1
199 80 1
199 95 1
199 97 1
199 101 1
199 103 1
199 104 1
199 107 1
199 108 1
199 109 1
199 116 1
199 117 1
199 118 1
199 120 1
199 126 1
199 128 1
199 137 1
199 141 1
199 151 1
199 153 1
199 154 1
199 159 1
199 162 1
199 163 1
199 172 1
199 173 1
199 175 1
199 178 1
199 179 1
199 188 1
199 189 1
199 191 1
0 0 2
2 1 2
5 2 2
5 3 2
6 2 2
7 1 2
7 7 2
8 4 2
8 5 2
8 8 2
9 0 2
9 2 2
9 7 2
9 8 2
10 4 2
10 5 2
10 6 2
10 7 2
11 0 2
11 1 2
11 3 2
11 5 2
11 8 2
12 2 2
12 4 2
12 5 2
12 6 2
12 7 2
12 10 2
13 3 2
13 4 2
13 13 2
14 1 2
14 3 2
14 9 2
14 11 2
14 12 2
14 13 2
14 14 2
15 3 2
15 5 2
15 9 2
15 13 2
15 14 2
16 0 2
16 2 2
16 3 2
16 6 2
16 8 2
16 12 2
17 2 2
17 3 2
17 5 2
17 8 2
17 10 2
17 12 2
17 13 2
18 3 2
18 4 2
18 6 2
18 16 2
19 2 2
19 4 2
19 5 2
19 9 2
19 12 2
19 16 2
19 18 2
20 5 2
20 15 2
20 18 2
20 19 2
21 2 2
21 4 2
21 7 2
21 15 2
21 16 2
22 3 2
22 5 2
22 6 2
22 13 2
22 14 2
22 15 2
22 19 2
22 21 2
23 3 2
23 7 2
23 13 2
23 16 2
23 19 2
23 22 2
23 23 2
24 1 2
24 4 2
24 8 2
24 10 2
24 12 2
24 13 2
24 19 2
24 21 2
24 24 2
25 3 2
25 5 2
25 6 2
25 9 2
25 14 2
25 15 2
25 16 2
25 20 2
25 21 2
25 25 2
26 2 2
26 5 2
26 8 2
26 9 2
26 13 2
26 15 2
26 18 2
26 20 2
26 21 2
26 23 2
26 24 2
26 25 2
27 0 2
27 4 2
27 27 2
28 4 2
28 6 2
28 12 2
28 13 2
28 21 2
28 27 2
29 3 2
29 6 2
29 9 2
29 13 2
29 15 2
29 19 2
29 20 2
29 23 2
29 28 2
29 29 2
30 2 2
30 7 2
30 11 2
30 13 2
30 16 2
30 18 2
30 22 2
30 28 2
31 1 2
31 7 2
31 10 2
31 12 2
31 13 2
31 15 2
31 16 2
31 17 2
31 19 2
31 22 2
31 23 2
31 24 2
31 27 2
32 1 2
32 6 2
32 14 2
32 16 2
32 19 2
32 23 2
32 25 2
32 27 2
32 29 2
33 4 2
33 8 2
33 19 2
33 21 2
33 28 2
34 1 2
34 13 2
34 15 2
34 22 2
34 25 2
34 33 2
34 34 2
35 0 2
35 1 2
35 2 2
35 4 2
35 5 2
35 12 2
35 13 2
35 14 2
35 15 2
35 18 2
35 19 2
35 20 2
35 21 2
35 28 2
35 29 2
35 34 2
35 35 2
36 5 2
36 6 2
36 9 2
36 14 2
36 15 2
36 21 2
36 22 2
36 23 2
36 26 2
36 28 2
36 29 2
36 32 2
36 33 2
36 36 2
37 0 2
37 2 2
37 6 2
37 7 2
37 9 2
37 10 2
37 11 2
37 13 2
37 14 2
37 19 2
37 24 2
37 27 2
37 31 2
37 37 2
38 1 2
38 3 2
38 4 2
38 5 2
38 6 2
38 10 2
38 12 2
38 13 2
38 15 2
38 20 2
38 22 2
38 26 2
38 27 2
38 31 2
38 33 2
38 35 2
38 37 2
39 0 2
39 5 2
39 6 2
39 11 2
39 13 2
39 16 2
39 20 2
39 22 2
39 23 2
39 25 2
39 26 2
39 29 2
39 33 2
39 39 2
40 13 2
40 17 2
40 19 2
40 20 2
40 21 2
40 25 2
40 28 2
40 32 2
40 36 2
40 38 2
41 3 2
41 4 2
41 8 2
41 12 2
41 19 2
41 30 2
41 31 2
41 35 2
41 40 2
42 0 2
42 3 2
42 14 2
42 15 2
42 16 2
42 17 2
42 22 2
42 24 2
42 27 2
42 30 2
42 31 2
42 37 2
42 39 2
43 3 2
43 6 2
43 7 2
43 21 2
43 28 2
43 31 2
43 36 2
44 0 2
44 5 2
44 6 2
44 13 2
44 19 2
44 23 2
44 24 2
44 25 2
44 29 2
44 32 2
44 38 2
44 39 2
45 0 2
45 2 2
45 5 2
45 6 2
45 16 2
45 26 2
45 27 2
45 30 2
45 32 2
45 35 2
45 36 2
45 39 2
45 40 2
45 41 2
45 42 2
46 1 2
46 4 2
46 5 2
46 6 2
46 12 2
46 14 2
46 17 2
46 19 2
46 23 2
46 28 2
46 29 2
46 39 2
47 2 2
47 7 2
47 10 2
47 13 2
47 14 2
47 15 2
47 17 2
47 18 2
47 19 2
47 21 2
47 22 2
47 24 2
47 27 2
47 29 2
47 30 2
47 31 2
47 39 2
47 40 2
47 44 2
48 2 2
48 7 2
48 10 2
48 16 2
48 29 2
48 31 2
48 32 2
48 33 2
48 34 2
48 35 2
48 44 2
49 1 2
49 5 2
49 10 2
49 11 2
49 14 2
49 16 2
49 19 2
49 20 2
49 21 2
49 23 2
49 24 2
49 35 2
49 46 2
50 6 2
50 11 2
50 16 2
50 17 2
50 21 2
50 22 2
50 23 2
50 26 2
50 29 2
50 32 2
50 33 2
50 35 2
50 49 2
50 50 2
51 0 2
51 4 2
51 6 2
51 7 2
51 8 2
51 13 2
51 17 2
51 20 2
51 21 2
51 22 2
51 23 2
51 27 2
51 32 2
51 34 2
51 37 2
51 38 2
51 39 2
51 40 2
51 45 2
51 48 2
51 49 2
52 2 2
52 9 2
52 10 2
52 15 2
52 19 2
52 20 2
52 26 2
52 28 2
52 29 2
52 41 2
52 42 2
52 45 2
52 52 2
53 4 2
53 6 2
53 12 2
53 16 2
53 17 2
53 27 2
53 37 2
53 38 2
53 47 2
53 52 2
54 1 2
54 5 2
54 7 2
54 9 2
54 14 2
54 18 2
54 20 2
54 21 2
54 24 2
54 29 2
54 31 2
54 36 2
54 37 2
54 38 2
54 45 2
54 49 2
54 51 2
55 4 2
55 5 2
55 10 2
55 13 2
55 19 2
55 29 2
55 31 2
55 33 2
55 37 2
55 39 2
55 45 2
55 47 2
56 3 2
56 4 2
56 15 2
56 18 2
56 20 2
56 21 2
56 25 2
56 26 2
56 27 2
56 37 2
56 40 2
56 42 2
56 45 2
56 50 2
56 51 2
56 54 2
56 56 2
57 0 2
57 2 2
57 3 2
57 4 2
57 13 2
57 14 2
57 16 2
57 18 2
57 27 2
57 30 2
57 36 2
57 37 2
57 38 2
57 49 2
57 56 2
58 4 2
58 6 2
58 8 2
58 10 2
58 11 2
58 21 2
58 24 2
58 25 2
58 27 2
58 28 2
58 29 2
58 35 2
58 40 2
58 43 2
58 46 2
58 49 2
58 51 2
58 55 2
58 58 2
59 6 2
59 9 2
59 22 2
59 23 2
59 26 2
59 27 2
59 28 2
59 29 2
59 31 2
59 38 2
59 39 2
59 43 2
59 47 2
59 51 2
59 54 2
59 57 2
59 58 2
60 1 2
60 3 2
60 4 2
60 7 2
60 9 2
60 13 2
60 17 2
60 18 2
60 19 2
60 22 2
60 32 2
60 35 2
60 41 2
60 44 2
60 46 2
60 54 2
61 0 2
61 4 2
61 9 2
61 13 2
61 21 2
61 26 2
61 27 2
61 28 2
61 31 2
61 32 2
61 34 2
61 54 2
61 55 2
61 58 2
61 59 2
61 61 2
62 2 2
62 7 2
62 13 2
62 15 2
62 19 2
62 22 2
62 27 2
62 28 2
62 30 2
62 42 2
62 43 2
62 45 2
62 56 2
62 57 2
62 59 2
63 1 2
63 3 2
63 5 2
63 7 2
63 9 2
63 10 2
63 17 2
63 20 2
63 25 2
63 31 2
63 33 2
63 37 2
63 43 2
63 46 2
63 48 2
63 55 2
63 58 2
63 62 2
64 6 2
64 10 2
64 22 2
64 25 2
64 26 2
64 30 2
64 32 2
64 35 2
64 36 2
64 37 2
64 44 2
64 45 2
64 46 2
64 48 2
64 56 2
64 61 2
64 63 2
64 64 2
65 3 2
65 4 2
65 10 2
65 15 2
65 18 2
65 19 2
65 21 2
65 24 2
65 25 2
65 27 2
65 28 2
65 30 2
65 35 2
65 36 2
65 39 2
65 40 2
65 41 2
65 44 2
65 45 2
65 48 2
65 49 2
65 56 2
65 57 2
65 58 2
65 62 2
65 63 2
66 2 2
66 6 2
66 7 2
66 9 2
66 12 2
66 15 2
66 16 2
66 18 2
66 20 2
66 24 2
66 25 2
66 29 2
66 30 2
66 35 2
66 36 2
66 37 2
66 42 2
66 48 2
66 49 2
66 51 2
66 56 2
66 63 2
66 65 2
67 0 2
67 6 2
67 7 2
67 10 2
67 26 2
67 32 2
67 34 2
67 36 2
67 37 2
67 38 2
67 40 2
67 41 2
67 45 2
67 48 2
67 49 2
67 59 2
67 60 2
68 4 2
68 9 2
68 20 2
68 23 2
68 24 2
68 36 2
68 42 2
68 47 2
68 49 2
68 51 2
68 54 2
68 55 2
68 57 2
68 64 2
68 65 2
68 67 2
68 68 2
69 1 2
69 3 2
69 5 2
69 9 2
69 12 2
69 21 2
69 23 2
69 36 2
69 42 2
69 46 2
69 50 2
69 52 2
69 55 2
70 0 2
70 2 2
70 4 2
70 10 2
70 13 2
70 17 2
70 20 2
70 23 2
70 27 2
70 35 2
70 36 2
70 39 2
70 42 2
70 48 2
70 49 2
70 50 2
70 55 2
70 57 2
70 62 2
70 65 2
70 67 2
70 69 2
70 70 2
71 2 2
71 4 2
71 5 2
71 12 2
71 18 2
71 19 2
71 21 2
71 26 2
71 27 2
71 30 2
71 31 2
71 35 2
71 37 2
71 39 2
71 45 2
71 54 2
71 57 2
71 58 2
71 59 2
71 60 2
71 63 2
71 68 2
72 4 2
72 14 2
72 17 2
72 24 2
72 27 2
72 30 2
72 32 2
72 40 2
72 51 2
72 53 2
72 66 2
72 72 2
73 7 2
73 13 2
73 14 2
73 15 2
73 21 2
73 34 2
73 35 2
73 36 2
73 42 2
73 44 2
73 46 2
73 58 2
73 59 2
73 62 2
73 63 2
73 68 2
73 69 2
73 70 2
73 71 2
73 73 2
74 1 2
74 3 2
74 5 2
74 6 2
74 7 2
74 9 2
74 16 2
74 25 2
74 27 2
74 28 2
74 32 2
74 38 2
74 48 2
74 49 2
74 53 2
74 56 2
74 59 2
74 62 2
74 64 2
75 0 2
75 3 2
75 7 2
75 12 2
75 14 2
75 16 2
75 17 2
75 25 2
75 28 2
75 29 2
75 35 2
75 37 2
75 39 2
75 42 2
75 44 2
75 47 2
75 59 2
75 62 2
75 64 2
75 66 2
75 67 2
75 70 2
76 0 2
76 3 2
76 4 2
76 5 2
76 6 2
76 8 2
76 14 2
76 17 2
76 19 2
76 20 2
76 23 2
76 24 2
76 26 2
76 28 2
76 32 2
76 34 2
76 36 2
76 37 2
76 41 2
76 45 2
76 50 2
76 51 2
76 53 2
76 55 2
76 65 2
76 66 2
77 9 2
77 12 2
77 13 2
77 14 2
77 21 2
77 23 2
77 27 2
77 31 2
77 38 2
77 42 2
77 54 2
77 59 2
77 64 2
77 66 2
77 68 2
77 71 2
77 75 2
78 5 2
78 6 2
78 8 2
78 10 2
78 11 2
78 15 2
78 22 2
78 24 2
78 25 2
78 27 2
78 33 2
78 39 2
78 41 2
78 42 2
78 43 2
78 45 2
78 47 2
78 55 2
78 57 2
78 60 2
78 63 2
78 64 2
78 67 2
78 71 2
78 73 2
78 74 2
79 5 2
79 7 2
79 9 2
79 14 2
79 15 2
79 20 2
79 21 2
79 23 2
79 24 2
79 29 2
79 30 2
79 37 2
79 38 2
79 41 2
79 42 2
79 48 2
79 49 2
79 51 2
79 56 2
79 59 2
79 62 2
79 63 2
79 64 2
79 66 2
79 68 2
79 70 2
79 75 2
79 76 2
80 3 2
80 7 2
80 10 2
80 12 2
80 13 2
80 16 2
80 24 2
80 27 2
80 28 2
80 36 2
80 39 2
80 45 2
80 48 2
80 53 2
80 55 2
80 57 2
80 62 2
80 64 2
80 71 2
80 72 2
80 73 2
81 3 2
81 7 2
81 9 2
81 14 2
81 15 2
81 20 2
81 22 2
81 24 2
81 29 2
81 32 2
81 36 2
81 41 2
81 52 2
81 56 2
81 58 2
81 59 2
81 62 2
81 63 2
81 64 2
81 65 2
81 66 2
81 69 2
81 71 2
81 74 2
81 75 2
81 76 2
81 77 2
81 81 2
82 2 2
82 7 2
82 11 2
82 13 2
82 17 2
82 21 2
82 22 2
82 28 2
82 38 2
82 39 2
82 40 2
82 41 2
82 42 2
82 45 2
82 47 2
82 54 2
82 57 2
82 59 2
82 64 2
82 69 2
82 71 2
82 74 2
82 79 2
82 81 2
83 2 2
83 4 2
83 9 2
83 12 2
83 13 2
83 20 2
83 24 2
83 27 2
83 28 2
83 29 2
83 31 2
83 35 2
83 43 2
83 44 2
83 58 2
83 59 2
83 66 2
83 67 2
83 76 2
83 82 2
83 83 2
84 1 2
84 2 2
84 9 2
84 12 2
84 15 2
84 21 2
84 24 2
84 27 2
84 28 2
84 32 2
84 35 2
84 45 2
84 46 2
84 48 2
84 49 2
84 53 2
84 54 2
84 57 2
84 58 2
84 60 2
84 62 2
84 65 2
84 66 2
84 69 2
84 71 2
84 72 2
84 78 2
84 80 2
84 81 2
84 82 2
85 8 2
85 9 2
85 12 2
85 13 2
85 14 2
85 17 2
85 18 2
85 21 2
85 23 2
85 24 2
85 26 2
85 29 2
85 37 2
85 40 2
85 47 2
85 48 2
85 50 2
85 52 2
85 53 2
85 59 2
85 61 2
85 63 2
85 73 2
85 74 2
85 77 2
85 79 2
85 80 2
85 85 2
86 8 2
86 9 2
86 11 2
86 15 2
86 18 2
86 22 2
86 24 2
86 26 2
86 28 2
86 29 2
86 34 2
86 35 2
86 38 2
86 45 2
86 49 2
86 54 2
86 56 2
86 60 2
86 62 2
86 66 2
86 67 2
86 72 2
86 78 2
86 79 2
86 80 2
86 84 2
86 85 2
87 9 2
87 14 2
87 22 2
87 23 2
87 26 2
87 27 2
87 36 2
87 41 2
87 42 2
87 47 2
87 49 2
87 53 2
87 55 2
87 56 2
87 59 2
87 60 2
87 61 2
87 64 2
87 66 2
87 67 2
87 68 2
87 75 2
87 77 2
87 81 2
88 0 2
88 2 2
88 3 2
88 5 2
88 6 2
88 7 2
88 10 2
88 14 2
88 18 2
88 23 2
88 24 2
88 26 2
88 33 2
88 34 2
88 35 2
88 40 2
88 45 2
88 60 2
88 71 2
88 72 2
88 75 2
88 76 2
88 81 2
88 82 2
88 85 2
88 87 2
89 2 2
89 3 2
89 4 2
89 6 2
89 7 2
89 9 2
89 15 2
89 17 2
89 20 2
89 21 2
89 22 2
89 24 2
89 30 2
89 32 2
89 33 2
89 35 2
89 39 2
89 41 2
89 42 2
89 43 2
89 48 2
89 51 2
89 52 2
89 54 2
89 57 2
89 60 2
89 61 2
89 64 2
89 66 2
89 70 2
89 72 2
89 74 2
89 79 2
89 83 2
89 85 2
89 89 2
90 5 2
90 6 2
90 12 2
90 18 2
90 30 2
90 31 2
90 39 2
90 45 2
90 47 2
90 48 2
90 56 2
90 58 2
90 59 2
90 62 2
90 66 2
90 74 2
90 75 2
90 77 2
90 81 2
90 89 2
91 3 2
91 4 2
91 7 2
91 19 2
91 24 2
91 25 2
91 27 2
91 28 2
91 29 2
91 35 2
91 37 2
91 44 2
91 47 2
91 53 2
91 54 2
91 56 2
91 62 2
91 65 2
91 67 2
91 71 2
91 76 2
91 78 2
91 85 2
91 86 2
91 87 2
91 89 2
91 90 2
91 91 2
92 3 2
92 4 2
92 6 2
92 12 2
92 13 2
92 16 2
92 28 2
92 29 2
92 31 2
92 38 2
92 39 2
92 42 2
92 44 2
92 45 2
92 47 2
92 48 2
92 51 2
92 52 2
92 53 2
92 56 2
92 62 2
92 70 2
92 71 2
92 72 2
92 73 2
92 74 2
92 75 2
92 83 2
92 87 2
92 91 2
93 3 2
93 7 2
93 8 2
93 14 2
93 17 2
93 18 2
93 22 2
93 23 2
93 24 2
93 32 2
93 35 2
93 37 2
93 49 2
93 51 2
93 52 2
93 67 2
93 68 2
93 69 2
93 70 2
93 72 2
93 75 2
93 84 2
93 85 2
93 90 2
94 3 2
94 4 2
94 12 2
94 15 2
94 21 2
94 24 2
94 26 2
94 27 2
94 28 2
94 38 2
94 44 2
94 45 2
94 46 2
94 48 2
94 49 2
94 51 2
94 54 2
94 59 2
94 61 2
94 62 2
94 64 2
94 71 2
94 73 2
94 74 2
94 76 2
94 77 2
94 79 2
94 83 2
94 85 2
94 88 2
94 89 2
94 90 2
95 3 2
95 7 2
95 13 2
95 14 2
95 21 2
95 31 2
95 45 2
95 46 2
95 47 2
95 51 2
95 54 2
95 56 2
95 63 2
95 65 2
95 66 2
95 71 2
95 77 2
95 79 2
95 81 2
95 82 2
95 88 2
95 90 2
96 1 2
96 6 2
96 9 2
96 12 2
96 14 2
96 16 2
96 17 2
96 20 2
96 25 2
96 26 2
96 27 2
96 29 2
96 31 2
96 41 2
96 45 2
96 53 2
96 54 2
96 57 2
96 58 2
96 67 2
96 68 2
96 69 2
96 72 2
96 80 2
96 82 2
96 85 2
96 86 2
96 87 2
96 91 2
96 93 2
97 0 2
97 8 2
97 18 2
97 19 2
97 23 2
97 24 2
97 28 2
97 38 2
97 39 2
97 40 2
97 41 2
97 42 2
97 45 2
97 47 2
97 49 2
97 52 2
97 55 2
97 73 2
97 75 2
97 80 2
97 86 2
97 88 2
97 92 2
98 1 2
98 4 2
98 10 2
98 12 2
98 19 2
98 20 2
98 25 2
98 35 2
98 37 2
98 38 2
98 40 2
98 41 2
98 51 2
98 54 2
98 55 2
98 63 2
98 65 2
98 67 2
98 76 2
98 78 2
98 79 2
98 80 2
98 82 2
98 83 2
98 84 2
98 89 2
98 91 2
99 8 2
99 10 2
99 13 2
99 14 2
99 18 2
99 22 2
99 26 2
99 45 2
99 46 2
99 49 2
99 50 2
99 52 2
99 53 2
99 54 2
99 57 2
99 63 2
99 67 2
99 69 2
99 72 2
99 84 2
99 93 2
99 94 2
99 96 2
99 99 2
100 1 2
100 3 2
100 5 2
100 14 2
100 17 2
100 24 2
100 25 2
100 35 2
100 38 2
100 49 2
100 52 2
100 53 2
100 55 2
100 56 2
100 57 2
100 58 2
100 60 2
100 63 2
100 64 2
100 66 2
100 67 2
100 68 2
100 76 2
100 80 2
100 82 2
100 88 2
100 90 2
100 93 2
100 95 2
100 100 2
101 0 2
101 3 2
101 4 2
101 14 2
101 18 2
101 19 2
101 22 2
101 27 2
101 30 2
101 43 2
101 48 2
101 51 2
101 53 2
101 57 2
101 61 2
101 65 2
101 67 2
101 71 2
101 73 2
101 77 2
101 78 2
101 90 2
101 93 2
101 95 2
101 98 2
102 2 2
102 3 2
102 6 2
102 8 2
102 11 2
102 14 2
102 16 2
102 20 2
102 22 2
102 25 2
102 29 2
102 34 2
102 36 2
102 37 2
102 50 2
102 53 2
102 62 2
102 64 2
102 66 2
102 76 2
102 86 2
102 89 2
102 91 2
102 97 2
103 1 2
103 5 2
103 6 2
103 7 2
103 9 2
103 10 2
103 14 2
103 24 2
103 26 2
103 27 2
103 29 2
103 30 2
103 39 2
103 42 2
103 46 2
103 49 2
103 54 2
103 56 2
103 61 2
103 63 2
103 72 2
103 84 2
103 87 2
103 90 2
103 91 2
103 95 2
103 96 2
103 97 2
103 98 2
103 103 2
104 1 2
104 3 2
104 6 2
104 9 2
104 11 2
104 22 2
104 23 2
104 25 2
104 33 2
104 34 2
104 38 2
104 47 2
104 49 2
104 54 2
104 56 2
104 61 2
104 62 2
104 64 2
104 67 2
104 69 2
104 72 2
104 74 2
104 82 2
104 91 2
104 97 2
105 2 2
105 5 2
105 8 2
105 9 2
105 13 2
105 17 2
105 19 2
105 23 2
105 27 2
105 28 2
105 29 2
105 37 2
105 38 2
105 39 2
105 41 2
105 42 2
105 44 2
105 45 2
105 47 2
105 58 2
105 59 2
105 60 2
105 61 2
105 62 2
105 72 2
105 77 2
105 84 2
105 86 2
105 91 2
105 92 2
105 93 2
105 99 2
105 100 2
105 105 2
106 1 2
106 2 2
106 3 2
106 7 2
106 8 2
106 9 2
106 11 2
106 16 2
106 23 2
106 29 2
106 44 2
106 45 2
106 50 2
106 51 2
106 56 2
106 59 2
106 64 2
106 65 2
106 68 2
106 69 2
106 73 2
106 81 2
106 83 2
106 84 2
106 85 2
106 87 2
106 88 2
106 90 2
106 91 2
106 100 2
106 101 2
107 4 2
107 5 2
107 6 2
107 11 2
107 14 2
107 16 2
107 23 2
107 25 2
107 31 2
107 33 2
107 34 2
107 38 2
107 39 2
107 44 2
107 45 2
107 48 2
107 49 2
107 52 2
107 55 2
107 59 2
107 60 2
107 68 2
107 75 2
107 78 2
107 79 2
107 80 2
107 85 2
107 90 2
107 106 2
107 107 2
108 2 2
108 6 2
108 8 2
108 10 2
108 14 2
108 16 2
108 19 2
108 21 2
108 22 2
108 34 2
108 37 2
108 38 2
108 39 2
108 40 2
108 43 2
108 44 2
108 46 2
108 48 2
108 54 2
108 59 2
108 66 2
108 70 2
108 73 2
108 75 2
108 76 2
108 77 2
108 87 2
108 98 2
108 101 2
108 102 2
108 103 2
108 104 2
108 105 2
108 106 2
109 0 2
109 15 2
109 26 2
109 28 2
109 31 2
109 33 2
109 34 2
109 35 2
109 36 2
109 45 2
109 46 2
109 47 2
109 58 2
109 61 2
109 67 2
109 69 2
109 70 2
109 73 2
109 75 2
109 77 2
109 78 2
109 79 2
109 85 2
109 86 2
109 88 2
109 92 2
109 96 2
109 99 2
109 100 2
109 106 2
109 107 2
110 0 2
110 1 2
110 7 2
110 9 2
110 10 2
110 17 2
110 22 2
110 31 2
110 37 2
110 41 2
110 51 2
110 52 2
110 54 2
110 60 2
110 65 2
110 66 2
110 76 2
110 78 2
110 90 2
110 93 2
110 98 2
110 104 2
111 3 2
111 7 2
111 8 2
111 10 2
111 12 2
111 14 2
111 16 2
111 17 2
111 18 2
111 27 2
111 28 2
111 30 2
111 31 2
111 32 2
111 37 2
111 38 2
111 51 2
111 52 2
111 55 2
111 59 2
111 63 2
111 65 2
111 66 2
111 67 2
111 72 2
111 74 2
111 76 2
111 77 2
111 79 2
111 82 2
111 93 2
111 94 2
111 95 2
111 109 2
112 1 2
112 2 2
112 4 2
112 13 2
112 14 2
112 18 2
112 24 2
112 25 2
112 28 2
112 30 2
112 31 2
112 33 2
112 36 2
112 38 2
112 41 2
112 43 2
112 45 2
112 50 2
112 51 2
112 57 2
112 62 2
112 65 2
112 66 2
112 70 2
112 73 2
112 76 2
112 82 2
112 84 2
112 92 2
112 96 2
112 97 2
112 100 2
112 101 2
112 104 2
112 108 2
112 109 2
113 3 2
113 5 2
113 10 2
113 13 2
113 17 2
113 18 2
113 20 2
113 26 2
113 33 2
113 34 2
113 36 2
113 37 2
113 42 2
113 43 2
113 47 2
113 51 2
113 56 2
113 59 2
113 60 2
113 61 2
113 62 2
113 66 2
113 70 2
113 72 2
113 73 2
113 76 2
113 81 2
113 86 2
113 100 2
113 110 2
113 112 2
114 0 2
114 4 2
114 13 2
114 17 2
114 20 2
114 21 2
114 23 2
114 24 2
114 26 2
114 27 2
114 29 2
114 30 2
114 31 2
114 37 2
114 40 2
114 44 2
114 53 2
114 58 2
114 68 2
114 71 2
114 72 2
114 75 2
114 88 2
114 98 2
114 101 2
114 106 2
114 108 2
114 109 2
115 4 2
115 5 2
115 8 2
115 13 2
115 28 2
115 30 2
115 33 2
115 41 2
115 42 2
115 47 2
115 51 2
115 57 2
115 65 2
115 67 2
115 73 2
115 76 2
115 80 2
115 81 2
115 84 2
115 88 2
115 89 2
115 91 2
115 99 2
115 103 2
115 105 2
115 106 2
115 108 2
115 109 2
115 114 2
115 115 2
116 5 2
116 11 2
116 12 2
116 13 2
116 22 2
116 26 2
116 28 2
116 30 2
116 32 2
116 33 2
116 37 2
116 39 2
116 40 2
116 43 2
116 45 2
116 46 2
116 61 2
116 68 2
116 71 2
116 74 2
116 75 2
116 77 2
116 81 2
116 84 2
116 85 2
116 90 2
116 93 2
116 95 2
116 96 2
116 104 2
116 106 2
116 111 2
116 112 2
116 114 2
116 116 2
117 0 2
117 9 2
117 16 2
117 17 2
117 20 2
117 22 2
117 23 2
117 24 2
117 27 2
117 31 2
117 32 2
117 33 2
117 35 2
117 36 2
117 40 2
117 49 2
117 53 2
117 56 2
117 60 2
117 63 2
117 67 2
117 70 2
117 71 2
117 77 2
117 78 2
117 82 2
117 84 2
117 86 2
117 87 2
117 88 2
117 90 2
117 94 2
117 98 2
117 101 2
117 104 2
117 110 2
117 112 2
117 113 2
118 2 2
118 4 2
118 8 2
118 9 2
118 10 2
118 13 2
118 14 2
118 17 2
118 18 2
118 25 2
118 29 2
118 33 2
118 39 2
118 41 2
118 42 2
118 45 2
118 48 2
118 52 2
118 54 2
118 56 2
118 63 2
118 64 2
118 65 2
118 68 2
118 72 2
118 73 2
118 76 2
118 80 2
118 81 2
118 82 2
118 92 2
118 94 2
118 95 2
118 107 2
118 108 2
118 109 2
118 111 2
118 112 2
118 114 2
118 115 2
118 118 2
119 2 2
119 9 2
119 12 2
119 14 2
119 16 2
119 19 2
119 24 2
119 28 2
119 29 2
119 35 2
119 44 2
119 50 2
119 53 2
119 62 2
119 63 2
119 64 2
119 68 2
119 70 2
119 77 2
119 82 2
119 85 2
119 89 2
119 92 2
119 93 2
119 100 2
119 105 2
119 106 2
119 114 2
119 117 2
119 119 2
120 16 2
120 17 2
120 19 2
120 25 2
120 27 2
120 30 2
120 33 2
120 40 2
120 45 2
120 47 2
120 49 2
120 54 2
120 58 2
120 60 2
120 63 2
120 66 2
120 72 2
120 73 2
120 74 2
120 84 2
120 100 2
120 103 2
120 108 2
120 110 2
120 111 2
120 116 2
120 117 2
121 2 2
121 5 2
121 6 2
121 17 2
121 21 2
121 24 2
121 29 2
121 30 2
121 32 2
121 33 2
121 35 2
121 39 2
121 40 2
121 42 2
121 45 2
121 47 2
121 59 2
121 60 2
121 65 2
121 67 2
121 68 2
121 71 2
121 72 2
121 74 2
121 76 2
121 79 2
121 82 2
121 87 2
121 97 2
121 106 2
121 107 2
121 108 2
121 109 2
121 113 2
121 115 2
121 120 2
122 1 2
122 4 2
122 7 2
122 15 2
122 20 2
122 32 2
122 33 2
122 37 2
122 40 2
122 41 2
122 44 2
122 54 2
122 56 2
122 57 2
122 59 2
122 60 2
122 61 2
122 64 2
122 67 2
122 69 2
122 73 2
122 75 2
122 76 2
122 78 2
122 81 2
122 87 2
122 92 2
122 97 2
122 111 2
122 114 2
123 3 2
123 4 2
123 5 2
123 6 2
123 8 2
123 14 2
123 16 2
123 19 2
123 24 2
123 25 2
123 28 2
123 31 2
123 34 2
123 42 2
123 49 2
123 50 2
123 58 2
123 59 2
123 62 2
123 79 2
123 96 2
123 97 2
123 98 2
123 101 2
123 104 2
123 108 2
123 109 2
123 110 2
123 112 2
123 113 2
123 120 2
123 123 2
124 6 2
124 8 2
124 12 2
124 19 2
124 20 2
124 22 2
124 25 2
124 28 2
124 29 2
124 35 2
124 36 2
124 38 2
124 46 2
124 53 2
124 56 2
124 57 2
124 58 2
124 62 2
124 64 2
124 67 2
124 68 2
124 74 2
124 76 2
124 77 2
124 87 2
124 89 2
124 94 2
124 97 2
124 98 2
124 99 2
124 102 2
124 103 2
124 108 2
124 111 2
124 113 2
124 117 2
124 120 2
124 121 2
124 123 2
125 2 2
125 9 2
125 15 2
125 22 2
125 27 2
125 32 2
125 38 2
125 42 2
125 46 2
125 47 2
125 52 2
125 53 2
125 64 2
125 71 2
125 76 2
125 79 2
125 85 2
125 89 2
125 90 2
125 91 2
125 94 2
125 95 2
125 97 2
125 99 2
125 103 2
125 104 2
125 108 2
125 112 2
125 117 2
125 119 2
125 121 2
125 122 2
125 123 2
125 124 2
126 5 2
126 8 2
126 10 2
126 13 2
126 18 2
126 19 2
126 21 2
126 30 2
126 36 2
126 37 2
126 39 2
126 41 2
126 43 2
126 58 2
126 59 2
126 64 2
126 65 2
126 68 2
126 69 2
126 71 2
126 77 2
126 87 2
126 91 2
126 98 2
126 99 2
126 100 2
126 104 2
126 105 2
126 106 2
126 108 2
126 109 2
126 110 2
126 114 2
126 117 2
126 121 2
126 124 2
127 5 2
127 6 2
127 7 2
127 8 2
127 9 2
127 11 2
127 16 2
127 18 2
127 20 2
127 22 2
127 32 2
127 36 2
127 38 2
127 42 2
127 44 2
127 45 2
127 49 2
127 53 2
127 54 2
127 58 2
127 66 2
127 70 2
127 82 2
127 84 2
127 87 2
127 90 2
127 92 2
127 94 2
127 101 2
127 102 2
127 103 2
127 105 2
127 106 2
127 108 2
127 114 2
127 115 2
127 118 2
127 122 2
127 125 2
127 126 2
128 2 2
128 5 2
128 8 2
128 16 2
128 28 2
128 33 2
128 36 2
128 37 2
128 39 2
128 41 2
128 44 2
128 46 2
128 47 2
128 50 2
128 52 2
128 61 2
128 65 2
128 69 2
128 70 2
128 71 2
128 75 2
128 77 2
128 79 2
128 85 2
128 87 2
128 88 2
128 92 2
128 96 2
128 98 2
128 103 2
128 106 2
128 108 2
128 109 2
128 111 2
128 113 2
128 116 2
128 117 2
128 123 2
128 124 2
128 125 2
128 127 2
129 0 2
129 4 2
129 5 2
129 7 2
129 9 2
129 10 2
129 14 2
129 15 2
129 17 2
129 20 2
129 31 2
129 35 2
129 36 2
129 39 2
129 40 2
129 45 2
129 48 2
129 51 2
129 52 2
129 58 2
129 61 2
129 68 2
129 70 2
129 72 2
129 76 2
129 78 2
129 85 2
129 88 2
129 89 2
129 90 2
129 96 2
129 99 2
129 106 2
129 108 2
129 114 2
129 120 2
129 128 2
129 129 2
130 0 2
130 1 2
130 2 2
130 10 2
130 13 2
130 14 2
130 16 2
130 27 2
130 28 2
130 31 2
130 32 2
130 36 2
130 39 2
130 48 2
130 49 2
130 55 2
130 62 2
130 63 2
130 65 2
130 66 2
130 67 2
130 77 2
130 78 2
130 79 2
130 82 2
130 86 2
130 88 2
130 93 2
130 98 2
130 106 2
130 108 2
130 110 2
130 117 2
130 121 2
130 123 2
130 125 2
130 126 2
130 130 2
131 7 2
131 14 2
131 15 2
131 17 2
131 20 2
131 21 2
131 22 2
131 31 2
131 32 2
131 33 2
131 35 2
131 36 2
131 37 2
131 39 2
131 58 2
131 61 2
131 66 2
131 69 2
131 72 2
131 74 2
131 75 2
131 81 2
131 84 2
131 87 2
131 89 2
131 90 2
131 93 2
131 99 2
131 108 2
131 109 2
131 114 2
131 119 2
131 121 2
131 123 2
132 2 2
132 3 2
132 5 2
132 7 2
132 9 2
132 10 2
132 15 2
132 27 2
132 32 2
132 34 2
132 35 2
132 36 2
132 37 2
132 38 2
132 39 2
132 40 2
132 42 2
132 46 2
132 52 2
132 56 2
132 57 2
132 58 2
132 62 2
132 64 2
132 67 2
132 68 2
132 75 2
132 77 2
132 84 2
132 86 2
132 92 2
132 93 2
132 95 2
132 99 2
132 103 2
132 106 2
132 109 2
132 112 2
132 113 2
132 116 2
132 117 2
132 124 2
132 125 2
132 128 2
132 129 2
132 132 2
133 0 2
133 2 2
133 6 2
133 8 2
133 13 2
133 15 2
133 17 2
133 19 2
133 20 2
133 28 2
133 30 2
133 31 2
133 32 2
133 35 2
133 45 2
133 46 2
133 51 2
133 52 2
133 54 2
133 56 2
133 62 2
133 69 2
133 73 2
133 74 2
133 75 2
133 78 2
133 80 2
133 81 2
133 83 2
133 84 2
133 85 2
133 86 2
133 94 2
133 106 2
133 115 2
133 116 2
133 121 2
133 123 2
133 129 2
133 130 2
133 132 2
133 133 2
134 4 2
134 11 2
134 13 2
134 20 2
134 22 2
134 23 2
134 32 2
134 33 2
134 34 2
134 35 2
134 41 2
134 42 2
134 52 2
134 54 2
134 55 2
134 63 2
134 73 2
134 80 2
134 83 2
134 86 2
134 90 2
134 104 2
134 108 2
134 123 2
134 131 2
134 132 2
134 133 2
134 134 2
135 0 2
135 4 2
135 5 2
135 8 2
135 10 2
135 11 2
135 17 2
135 18 2
135 21 2
135 25 2
135 26 2
135 28 2
135 29 2
135 30 2
135 31 2
135 32 2
135 36 2
135 37 2
135 40 2
135 41 2
135 43 2
135 54 2
135 56 2
135 58 2
135 60 2
135 62 2
135 65 2
135 71 2
135 77 2
135 80 2
135 81 2
135 86 2
135 88 2
135 97 2
135 98 2
135 111 2
135 113 2
135 114 2
135 115 2
135 116 2
135 118 2
135 119 2
135 125 2
135 126 2
135 127 2
135 129 2
135 132 2
136 4 2
136 7 2
136 10 2
136 14 2
136 19 2
136 20 2
136 21 2
136 33 2
136 35 2
136 36 2
136 37 2
136 43 2
136 44 2
136 47 2
136 51 2
136 53 2
136 59 2
136 60 2
136 67 2
136 72 2
136 74 2
136 80 2
136 81 2
136 86 2
136 95 2
136 96 2
136 98 2
136 103 2
136 104 2
136 108 2
136 113 2
136 116 2
136 117 2
136 118 2
136 121 2
136 123 2
136 127 2
136 128 2
136 133 2
136 134 2
137 0 2
137 3 2
137 4 2
137 12 2
137 18 2
137 24 2
137 27 2
137 28 2
137 33 2
137 38 2
137 39 2
137 40 2
137 41 2
137 43 2
137 47 2
137 49 2
137 50 2
137 52 2
137 57 2
137 58 2
137 59 2
137 64 2
137 73 2
137 74 2
137 76 2
137 83 2
137 87 2
137 90 2
137 93 2
137 98 2
137 102 2
137 103 2
137 105 2
137 109 2
137 110 2
137 118 2
137 120 2
137 124 2
137 125 2
137 129 2
137 134 2
138 0 2
138 8 2
138 9 2
138 11 2
138 12 2
138 13 2
138 14 2
138 19 2
138 21 2
138 24 2
138 25 2
138 28 2
138 36 2
138 38 2
138 42 2
138 44 2
138 47 2
138 51 2
138 54 2
138 55 2
138 60 2
138 61 2
138 64 2
138 68 2
138 72 2
138 73 2
138 76 2
138 77 2
138 79 2
138 80 2
138 85 2
138 89 2
138 90 2
138 91 2
138 97 2
138 103 2
138 104 2
138 108 2
138 109 2
138 110 2
138 111 2
138 117 2
138 118 2
138 120 2
138 121 2
138 126 2
138 129 2
138 131 2
138 133 2
138 137 2
139 0 2
139 2 2
139 3 2
139 6 2
139 9 2
139 11 2
139 16 2
139 18 2
139 19 2
139 20 2
139 25 2
139 30 2
139 34 2
139 36 2
139 38 2
139 39 2
139 44 2
139 50 2
139 55 2
139 57 2
139 64 2
139 66 2
139 71 2
139 76 2
139 80 2
139 81 2
139 82 2
139 87 2
139 93 2
139 99 2
139 101 2
139 104 2
139 106 2
139 109 2
139 112 2
139 114 2
139 123 2
139 126 2
139 127 2
139 131 2
140 1 2
140 2 2
140 6 2
140 11 2
140 15 2
140 22 2
140 25 2
140 41 2
140 50 2
140 52 2
140 60 2
140 62 2
140 64 2
140 67 2
140 80 2
140 88 2
140 94 2
140 99 2
140 100 2
140 101 2
140 105 2
140 121 2
140 122 2
140 124 2
140 125 2
140 129 2
140 140 2
141 3 2
141 9 2
141 11 2
141 13 2
141 21 2
141 22 2
141 24 2
141 26 2
141 33 2
141 45 2
141 48 2
141 53 2
141 56 2
141 59 2
141 61 2
141 66 2
141 75 2
141 77 2
141 80 2
141 87 2
141 95 2
141 96 2
141 101 2
141 104 2
141 105 2
141 106 2
141 109 2
141 114 2
141 115 2
141 122 2
141 129 2
141 130 2
141 131 2
141 133 2
141 134 2
141 136 2
141 140 2
142 0 2
142 1 2
142 2 2
142 3 2
142 8 2
142 12 2
142 13 2
142 19 2
142 22 2
142 25 2
142 32 2
142 33 2
142 36 2
142 37 2
142 38 2
142 41 2
142 42 2
142 52 2
142 54 2
142 58 2
142 61 2
142 62 2
142 65 2
142 76 2
142 83 2
142 88 2
142 90 2
142 94 2
142 95 2
142 102 2
142 104 2
142 105 2
142 106 2
142 110 2
142 111 2
142 113 2
142 116 2
142 117 2
142 123 2
142 125 2
142 130 2
142 131 2
142 134 2
142 135 2
142 136 2
142 138 2
143 12 2
143 13 2
143 15 2
143 22 2
143 27 2
143 29 2
143 45 2
143 54 2
143 61 2
143 64 2
143 65 2
143 67 2
143 75 2
143 78 2
143 81 2
143 82 2
143 86 2
143 90 2
143 93 2
143 95 2
143 97 2
143 99 2
143 103 2
143 105 2
143 106 2
143 107 2
143 108 2
143 115 2
143 116 2
143 118 2
143 120 2
143 123 2
144 0 2
144 2 2
144 3 2
144 5 2
144 9 2
144 10 2
144 18 2
144 22 2
144 26 2
144 27 2
144 29 2
144 32 2
144 38 2
144 40 2
144 43 2
144 45 2
144 46 2
144 47 2
144 48 2
144 49 2
144 52 2
144 58 2
144 59 2
144 60 2
144 64 2
144 65 2
144 72 2
144 75 2
144 76 2
144 81 2
144 85 2
144 89 2
144 93 2
144 97 2
144 101 2
144 105 2
144 111 2
144 115 2
144 118 2
144 120 2
144 121 2
144 122 2
144 126 2
144 128 2
144 131 2
144 133 2
144 134 2
144 137 2
144 139 2
144 140 2
144 144 2
145 0 2
145 2 2
145 5 2
145 6 2
145 8 2
145 10 2
145 13 2
145 18 2
145 21 2
145 28 2
145 33 2
145 35 2
145 37 2
145 40 2
145 41 2
145 42 2
145 43 2
145 45 2
145 47 2
145 52 2
145 53 2
145 54 2
145 58 2
145 59 2
145 62 2
145 64 2
145 65 2
145 68 2
145 69 2
145 71 2
145 75 2
145 76 2
145 79 2
145 84 2
145 85 2
145 86 2
145 89 2
145 90 2
145 93 2
145 97 2
145 98 2
145 103 2
145 107 2
145 109 2
145 117 2
145 118 2
145 119 2
145 120 2
145 130 2
145 132 2
145 133 2
145 138 2
145 141 2
145 142 2
145 145 2
146 1 2
146 2 2
146 3 2
146 4 2
146 9 2
146 11 2
146 13 2
146 15 2
146 17 2
146 19 2
146 21 2
146 25 2
146 27 2
146 29 2
146 31 2
146 34 2
146 37 2
146 39 2
146 41 2
146 42 2
146 43 2
146 45 2
146 47 2
146 49 2
146 51 2
146 54 2
146 58 2
146 66 2
146 68 2
146 71 2
146 72 2
146 77 2
146 88 2
146 89 2
146 94 2
146 95 2
146 97 2
146 98 2
146 100 2
146 107 2
146 109 2
146 110 2
146 114 2
146 115 2
146 116 2
146 118 2
146 120 2
146 124 2
146 125 2
146 130 2
146 132 2
146 135 2
146 136 2
146 142 2
146 145 2
146 146 2
147 0 2
147 4 2
147 9 2
147 13 2
147 15 2
147 26 2
147 37 2
147 47 2
147 50 2
147 63 2
147 64 2
147 65 2
147 67 2
147 71 2
147 76 2
147 83 2
147 85 2
147 88 2
147 91 2
147 92 2
147 93 2
147 94 2
147 95 2
147 98 2
147 102 2
147 104 2
147 105 2
147 110 2
147 113 2
147 118 2
147 120 2
147 122 2
147 123 2
147 127 2
147 130 2
147 131 2
147 137 2
147 139 2
147 141 2
147 143 2
147 147 2
148 1 2
148 2 2
148 8 2
148 12 2
148 15 2
148 23 2
148 25 2
148 27 2
148 29 2
148 49 2
148 50 2
148 52 2
148 53 2
148 57 2
148 74 2
148 75 2
148 77 2
148 84 2
148 85 2
148 88 2
148 94 2
148 101 2
148 104 2
148 106 2
148 110 2
148 113 2
148 116 2
148 119 2
148 120 2
148 121 2
148 124 2
148 129 2
148 130 2
148 131 2
148 133 2
148 135 2
148 136 2
148 139 2
148 147 2
148 148 2
149 0 2
149 2 2
149 5 2
149 6 2
149 17 2
149 22 2
149 23 2
149 25 2
149 30 2
149 34 2
149 35 2
149 50 2
149 53 2
149 54 2
149 57 2
149 58 2
149 59 2
149 64 2
149 65 2
149 68 2
149 69 2
149 72 2
149 74 2
149 81 2
149 83 2
149 86 2
149 88 2
149 92 2
149 95 2
149 96 2
149 101 2
149 102 2
149 108 2
149 113 2
149 116 2
149 117 2
149 126 2
149 129 2
149 135 2
149 144 2
149 146 2
149 147 2
149 148 2
150 8 2
150 11 2
150 15 2
150 17 2
150 20 2
150 23 2
150 24 2
150 26 2
150 28 2
150 29 2
150 34 2
150 50 2
150 52 2
150 53 2
150 60 2
150 64 2
150 65 2
150 69 2
150 76 2
150 81 2
150 85 2
150 87 2
150 89 2
150 91 2
150 96 2
150 100 2
150 101 2
150 104 2
150 113 2
150 116 2
150 121 2
150 122 2
150 124 2
150 131 2
150 134 2
150 140 2
150 143 2
151 2 2
151 6 2
151 9 2
151 10 2
151 12 2
151 16 2
151 18 2
151 20 2
151 31 2
151 32 2
151 35 2
151 37 2
151 45 2
151 49 2
151 53 2
151 55 2
151 58 2
151 67 2
151 70 2
151 80 2
151 86 2
151 89 2
151 90 2
151 91 2
151 95 2
151 101 2
151 102 2
151 105 2
151 106 2
151 108 2
151 115 2
151 118 2
151 119 2
151 121 2
151 126 2
151 127 2
151 128 2
151 134 2
151 139 2
151 141 2
151 144 2
151 150 2
152 2 2
152 4 2
152 10 2
152 11 2
152 17 2
152 20 2
152 33 2
152 34 2
152 35 2
152 37 2
152 40 2
152 42 2
152 48 2
152 56 2
152 58 2
152 61 2
152 65 2
152 69 2
152 72 2
152 82 2
152 85 2
152 88 2
152 90 2
152 91 2
152 93 2
152 94 2
152 96 2
152 98 2
152 99 2
152 100 2
152 102 2
152 104 2
152 108 2
152 110 2
152 112 2
152 113 2
152 117 2
152 128 2
152 133 2
152 138 2
152 141 2
152 142 2
152 143 2
152 144 2
152 145 2
152 147 2
152 148 2
152 149 2
152 151 2
153 4 2
153 13 2
153 20 2
153 25 2
153 26 2
153 28 2
153 31 2
153 36 2
153 37 2
153 38 2
153 45 2
153 46 2
153 52 2
153 64 2
153 65 2
153 67 2
153 77 2
153 79 2
153 81 2
153 82 2
153 83 2
153 88 2
153 90 2
153 91 2
153 93 2
153 97 2
153 98 2
153 105 2
153 109 2
153 113 2
153 118 2
153 121 2
153 123 2
153 126 2
153 127 2
153 133 2
153 138 2
153 143 2
153 146 2
153 149 2
153 150 2
153 152 2
154 3 2
154 14 2
154 15 2
154 17 2
154 28 2
154 40 2
154 46 2
154 48 2
154 50 2
154 52 2
154 55 2
154 58 2
154 60 2
154 62 2
154 63 2
154 67 2
154 69 2
154 81 2
154 83 2
154 84 2
154 101 2
154 103 2
154 108 2
154 112 2
154 118 2
154 122 2
154 126 2
154 128 2
154 129 2
154 132 2
154 140 2
154 144 2
154 145 2
154 148 2
154 152 2
155 4 2
155 6 2
155 8 2
155 13 2
155 18 2
155 22 2
155 25 2
155 28 2
155 32 2
155 41 2
155 47 2
155 56 2
155 58 2
155 62 2
155 66 2
155 73 2
155 74 2
155 75 2
155 76 2
155 79 2
155 88 2
155 94 2
155 97 2
155 103 2
155 105 2
155 108 2
155 110 2
155 111 2
155 121 2
155 125 2
155 127 2
155 130 2
155 142 2
155 145 2
155 151 2
155 154 2
156 5 2
156 7 2
156 9 2
156 19 2
156 21 2
156 23 2
156 26 2
156 27 2
156 31 2
156 35 2
156 38 2
156 39 2
156 43 2
156 53 2
156 56 2
156 57 2
156 60 2
156 61 2
156 64 2
156 67 2
156 70 2
156 72 2
156 74 2
156 78 2
156 80 2
156 84 2
156 88 2
156 89 2
156 92 2
156 94 2
156 99 2
156 104 2
156 107 2
156 108 2
156 117 2
156 119 2
156 122 2
156 126 2
156 127 2
156 142 2
156 145 2
156 148 2
156 149 2
156 152 2
156 153 2
156 155 2
156 156 2
157 0 2
157 2 2
157 4 2
157 11 2
157 12 2
157 13 2
157 17 2
157 18 2
157 20 2
157 26 2
157 28 2
157 32 2
157 35 2
157 37 2
157 40 2
157 42 2
157 53 2
157 61 2
157 64 2
157 67 2
157 69 2
157 70 2
157 71 2
157 72 2
157 81 2
157 85 2
157 87 2
157 90 2
157 93 2
157 94 2
157 97 2
157 99 2
157 111 2
157 116 2
157 122 2
157 124 2
157 126 2
157 128 2
157 129 2
157 133 2
157 142 2
157 148 2
157 152 2
157 154 2
158 9 2
158 21 2
158 23 2
158 25 2
158 26 2
158 31 2
158 39 2
158 41 2
158 45 2
158 46 2
158 48 2
158 49 2
158 59 2
158 64 2
158 66 2
158 75 2
158 82 2
158 84 2
158 91 2
158 92 2
158 94 2
158 96 2
158 97 2
158 98 2
158 110 2
158 111 2
158 115 2
158 123 2
158 127 2
158 128 2
158 131 2
158 132 2
158 135 2
158 137 2
158 138 2
158 141 2
158 143 2
158 146 2
158 148 2
158 149 2
158 151 2
159 0 2
159 3 2
159 6 2
159 13 2
159 15 2
159 18 2
159 19 2
159 22 2
159 24 2
159 36 2
159 37 2
159 39 2
159 40 2
159 45 2
159 55 2
159 68 2
159 76 2
159 82 2
159 84 2
159 86 2
159 91 2
159 92 2
159 93 2
159 105 2
159 120 2
159 122 2
159 126 2
159 127 2
159 128 2
159 130 2
159 133 2
159 141 2
159 145 2
159 147 2
159 153 2
159 154 2
159 159 2
160 0 2
160 6 2
160 7 2
160 18 2
160 21 2
160 25 2
160 26 2
160 27 2
160 33 2
160 35 2
160 48 2
160 52 2
160 53 2
160 56 2
160 57 2
160 58 2
160 59 2
160 60 2
160 62 2
160 68 2
160 69 2
160 71 2
160 72 2
160 77 2
160 87 2
160 93 2
160 95 2
160 102 2
160 104 2
160 108 2
160 116 2
160 118 2
160 119 2
160 124 2
160 127 2
160 128 2
160 133 2
160 134 2
160 135 2
160 138 2
160 141 2
160 144 2
160 150 2
160 157 2
160 160 2
161 0 2
161 3 2
161 9 2
161 12 2
161 16 2
161 17 2
161 18 2
161 19 2
161 28 2
161 30 2
161 33 2
161 40 2
161 44 2
161 45 2
161 47 2
161 48 2
161 49 2
161 53 2
161 55 2
161 64 2
161 68 2
161 72 2
161 75 2
161 78 2
161 79 2
161 84 2
161 85 2
161 86 2
161 87 2
161 89 2
161 94 2
161 95 2
161 97 2
161 102 2
161 103 2
161 110 2
161 117 2
161 121 2
161 123 2
161 124 2
161 126 2
161 127 2
161 133 2
161 135 2
161 136 2
161 146 2
161 147 2
161 149 2
161 154 2
161 157 2
162 0 2
162 1 2
162 3 2
162 5 2
162 13 2
162 24 2
162 33 2
162 35 2
162 39 2
162 49 2
162 54 2
162 57 2
162 58 2
162 66 2
162 74 2
162 86 2
162 95 2
162 96 2
162 98 2
162 99 2
162 101 2
162 108 2
162 109 2
162 117 2
162 118 2
162 122 2
162 125 2
162 133 2
162 137 2
162 141 2
162 149 2
162 162 2
163 7 2
163 10 2
163 12 2
163 24 2
163 25 2
163 27 2
163 31 2
163 33 2
163 37 2
163 40 2
163 43 2
163 45 2
163 46 2
163 48 2
163 61 2
163 62 2
163 64 2
163 66 2
163 67 2
163 72 2
163 76 2
163 77 2
163 78 2
163 79 2
163 80 2
163 83 2
163 87 2
163 91 2
163 93 2
163 101 2
163 102 2
163 103 2
163 107 2
163 109 2
163 110 2
163 111 2
163 112 2
163 113 2
163 115 2
163 120 2
163 123 2
163 124 2
163 125 2
163 130 2
163 131 2
163 133 2
163 138 2
163 146 2
163 147 2
163 148 2
163 153 2
164 6 2
164 20 2
164 22 2
164 24 2
164 29 2
164 35 2
164 36 2
164 37 2
164 41 2
164 45 2
164 48 2
164 51 2
164 53 2
164 54 2
164 56 2
164 57 2
164 63 2
164 68 2
164 74 2
164 76 2
164 79 2
164 84 2
164 85 2
164 87 2
164 88 2
164 89 2
164 91 2
164 100 2
164 103 2
164 104 2
164 109 2
164 113 2
164 117 2
164 118 2
164 123 2
164 124 2
164 125 2
164 128 2
164 130 2
164 132 2
164 136 2
164 137 2
164 138 2
164 141 2
164 143 2
164 145 2
164 151 2
164 158 2
165 0 2
165 1 2
165 3 2
165 5 2
165 8 2
165 9 2
165 10 2
165 18 2
165 20 2
165 31 2
165 32 2
165 33 2
165 36 2
165 38 2
165 40 2
165 41 2
165 42 2
165 47 2
165 48 2
165 54 2
165 59 2
165 63 2
165 68 2
165 72 2
165 74 2
165 75 2
165 78 2
165 80 2
165 82 2
165 90 2
165 99 2
165 100 2
165 103 2
165 109 2
165 110 2
165 114 2
165 115 2
165 116 2
165 121 2
165 122 2
165 125 2
165 129 2
165 131 2
165 132 2
165 134 2
165 137 2
165 146 2
165 153 2
165 155 2
165 156 2
165 161 2
165 162 2
165 165 2
166 0 2
166 3 2
166 4 2
166 5 2
166 7 2
166 9 2
166 11 2
166 14 2
166 16 2
166 19 2
166 21 2
166 25 2
166 26 2
166 29 2
166 31 2
166 35 2
166 36 2
166 37 2
166 39 2
166 43 2
166 44 2
166 45 2
166 53 2
166 61 2
166 63 2
166 64 2
166 65 2
166 68 2
166 71 2
166 76 2
166 79 2
166 87 2
166 91 2
166 93 2
166 99 2
166 100 2
166 102 2
166 103 2
166 117 2
166 119 2
166 129 2
166 131 2
166 142 2
166 143 2
166 145 2
166 147 2
166 152 2
166 154 2
166 155 2
166 157 2
166 158 2
166 161 2
166 162 2
167 6 2
167 9 2
167 10 2
167 15 2
167 18 2
167 19 2
167 20 2
167 21 2
167 22 2
167 24 2
167 35 2
167 38 2
167 44 2
167 48 2
167 52 2
167 54 2
167 55 2
167 57 2
167 58 2
167 59 2
167 66 2
167 68 2
167 69 2
167 71 2
167 74 2
167 80 2
167 82 2
167 84 2
167 85 2
167 91 2
167 94 2
167 96 2
167 98 2
167 104 2
167 108 2
167 109 2
167 110 2
167 112 2
167 113 2
167 114 2
167 116 2
167 117 2
167 119 2
167 121 2
167 124 2
167 127 2
167 129 2
167 131 2
167 137 2
167 138 2
167 144 2
167 146 2
167 147 2
167 149 2
167 150 2
167 151 2
167 152 2
167 154 2
168 2 2
168 6 2
168 13 2
168 19 2
168 20 2
168 24 2
168 25 2
168 26 2
168 29 2
168 31 2
168 32 2
168 38 2
168 39 2
168 46 2
168 48 2
168 54 2
168 58 2
168 61 2
168 62 2
168 66 2
168 67 2
168 83 2
168 88 2
168 92 2
168 94 2
168 98 2
168 101 2
168 102 2
168 103 2
168 109 2
168 110 2
168 115 2
168 136 2
168 138 2
168 145 2
168 146 2
168 148 2
168 151 2
168 152 2
168 155 2
168 156 2
168 157 2
168 160 2
168 161 2
168 162 2
168 164 2
168 165 2
168 168 2
169 1 2
169 16 2
169 19 2
169 22 2
169 30 2
169 33 2
169 35 2
169 45 2
169 46 2
169 47 2
169 51 2
169 53 2
169 55 2
169 58 2
169 62 2
169 65 2
169 66 2
169 67 2
169 68 2
169 69 2
169 72 2
169 73 2
169 78 2
169 80 2
169 84 2
169 86 2
169 89 2
169 90 2
169 95 2
169 101 2
169 103 2
169 107 2
169 109 2
169 111 2
169 114 2
169 115 2
169 116 2
169 120 2
169 121 2
169 124 2
169 135 2
169 137 2
169 138 2
169 143 2
169 144 2
169 155 2
169 157 2
169 162 2
169 163 2
169 167 2
170 4 2
170 11 2
170 15 2
170 16 2
170 25 2
170 28 2
170 31 2
170 32 2
170 35 2
170 42 2
170 45 2
170 46 2
170 47 2
170 51 2
170 54 2
170 63 2
170 65 2
170 73 2
170 81 2
170 82 2
170 85 2
170 88 2
170 90 2
170 96 2
170 97 2
170 99 2
170 100 2
170 101 2
170 102 2
170 103 2
170 106 2
170 108 2
170 109 2
170 113 2
170 118 2
170 121 2
170 123 2
170 124 2
170 136 2
170 140 2
170 144 2
170 146 2
170 147 2
170 148 2
170 151 2
170 159 2
170 160 2
170 162 2
170 164 2
170 169 2
171 3 2
171 4 2
171 7 2
171 8 2
171 13 2
171 14 2
171 16 2
171 18 2
171 21 2
171 30 2
171 44 2
171 45 2
171 48 2
171 51 2
171 52 2
171 61 2
171 68 2
171 73 2
171 75 2
171 77 2
171 78 2
171 84 2
171 86 2
171 89 2
171 90 2
171 91 2
171 92 2
171 96 2
171 98 2
171 99 2
171 108 2
171 109 2
171 114 2
171 117 2
171 120 2
171 123 2
171 136 2
171 137 2
171 139 2
171 147 2
171 151 2
171 156 2
171 157 2
171 158 2
171 160 2
171 164 2
171 167 2
171 170 2
172 0 2
172 3 2
172 4 2
172 5 2
172 12 2
172 13 2
172 14 2
172 26 2
172 29 2
172 31 2
172 35 2
172 36 2
172 40 2
172 41 2
172 47 2
172 51 2
172 54 2
172 55 2
172 56 2
172 58 2
172 60 2
172 61 2
172 64 2
172 70 2
172 71 2
172 76 2
172 79 2
172 87 2
172 89 2
172 91 2
172 92 2
172 98 2
172 102 2
172 105 2
172 115 2
172 127 2
172 131 2
172 135 2
172 138 2
172 141 2
172 143 2
172 144 2
172 152 2
172 154 2
172 155 2
172 161 2
172 163 2
172 164 2
172 165 2
172 166 2
172 170 2
173 0 2
173 1 2
173 6 2
173 8 2
173 12 2
173 14 2
173 16 2
173 17 2
173 23 2
173 28 2
173 30 2
173 37 2
173 49 2
173 50 2
173 58 2
173 65 2
173 66 2
173 71 2
173 77 2
173 78 2
173 79 2
173 84 2
173 85 2
173 88 2
173 91 2
173 97 2
173 105 2
173 106 2
173 107 2
173 116 2
173 128 2
173 129 2
173 130 2
173 135 2
173 137 2
173 138 2
173 141 2
173 146 2
173 147 2
173 148 2
173 157 2
173 159 2
173 160 2
173 161 2
173 162 2
173 168 2
173 171 2
173 172 2
174 3 2
174 9 2
174 13 2
174 14 2
174 20 2
174 21 2
174 25 2
174 30 2
174 32 2
174 33 2
174 38 2
174 39 2
174 40 2
174 44 2
174 45 2
174 46 2
174 48 2
174 50 2
174 52 2
174 57 2
174 61 2
174 62 2
174 63 2
174 76 2
174 77 2
174 78 2
174 81 2
174 83 2
174 84 2
174 89 2
174 90 2
174 92 2
174 94 2
174 98 2
174 106 2
174 108 2
174 113 2
174 116 2
174 118 2
174 119 2
174 123 2
174 131 2
174 134 2
174 136 2
174 138 2
174 141 2
174 145 2
174 146 2
174 147 2
174 149 2
174 150 2
174 153 2
174 157 2
174 158 2
174 167 2
174 173 2
175 5 2
175 6 2
175 7 2
175 11 2
175 17 2
175 18 2
175 21 2
175 22 2
175 25 2
175 32 2
175 36 2
175 37 2
175 44 2
175 46 2
175 51 2
175 52 2
175 53 2
175 59 2
175 60 2
175 62 2
175 63 2
175 64 2
175 69 2
175 70 2
175 84 2
175 85 2
175 90 2
175 91 2
175 98 2
175 100 2
175 107 2
175 108 2
175 111 2
175 112 2
175 123 2
175 125 2
175 126 2
175 127 2
175 132 2
175 133 2
175 138 2
175 145 2
175 152 2
175 155 2
175 167 2
175 174 2
175 175 2
176 3 2
176 5 2
176 6 2
176 11 2
176 12 2
176 16 2
176 23 2
176 25 2
176 29 2
176 34 2
176 40 2
176 49 2
176 58 2
176 59 2
176 60 2
176 70 2
176 73 2
176 74 2
176 75 2
176 76 2
176 77 2
176 78 2
176 80 2
176 83 2
176 85 2
176 86 2
176 87 2
176 88 2
176 96 2
176 100 2
176 107 2
176 113 2
176 114 2
176 116 2
176 117 2
176 121 2
176 131 2
176 135 2
176 136 2
176 139 2
176 141 2
176 149 2
176 155 2
176 157 2
176 159 2
176 166 2
176 170 2
176 171 2
177 0 2
177 4 2
177 7 2
177 8 2
177 15 2
177 16 2
177 19 2
177 22 2
177 36 2
177 40 2
177 42 2
177 48 2
177 51 2
177 57 2
177 65 2
177 70 2
177 71 2
177 74 2
177 75 2
177 80 2
177 83 2
177 90 2
177 92 2
177 97 2
177 98 2
177 103 2
177 104 2
177 108 2
177 109 2
177 112 2
177 113 2
177 115 2
177 117 2
177 125 2
177 128 2
177 136 2
177 140 2
177 141 2
177 142 2
177 143 2
177 146 2
177 159 2
177 163 2
177 167 2
177 174 2
177 176 2
178 0 2
178 1 2
178 2 2
178 3 2
178 4 2
178 7 2
178 12 2
178 13 2
178 23 2
178 29 2
178 30 2
178 34 2
178 37 2
178 43 2
178 50 2
178 61 2
178 70 2
178 76 2
178 79 2
178 82 2
178 84 2
178 85 2
178 92 2
178 100 2
178 103 2
178 107 2
178 112 2
178 113 2
178 122 2
178 125 2
178 131 2
178 132 2
178 139 2
178 141 2
178 142 2
178 148 2
178 150 2
178 151 2
178 152 2
178 153 2
178 156 2
178 158 2
178 162 2
178 163 2
178 169 2
178 171 2
178 172 2
178 174 2
178 175 2
178 178 2
179 0 2
179 7 2
179 10 2
179 12 2
179 17 2
179 19 2
179 24 2
179 30 2
179 35 2
179 37 2
179 38 2
179 39 2
179 53 2
179 54 2
179 56 2
179 58 2
179 60 2
179 61 2
179 65 2
179 67 2
179 74 2
179 75 2
179 78 2
179 79 2
179 81 2
179 83 2
179 87 2
179 97 2
179 101 2
179 109 2
179 115 2
179 119 2
179 123 2
179 125 2
179 126 2
179 128 2
179 130 2
179 132 2
179 136 2
179 139 2
179 141 2
179 143 2
179 144 2
179 145 2
179 146 2
179 147 2
179 148 2
179 157 2
179 158 2
179 160 2
179 161 2
179 164 2
179 166 2
179 167 2
179 170 2
179 173 2
179 178 2
180 2 2
180 9 2
180 19 2
180 22 2
180 24 2
180 25 2
180 27 2
180 29 2
180 32 2
180 35 2
180 38 2
180 41 2
180 44 2
180 49 2
180 59 2
180 62 2
180 64 2
180 68 2
180 77 2
180 78 2
180 79 2
180 83 2
180 84 2
180 90 2
180 92 2
180 94 2
180 97 2
180 100 2
180 103 2
180 104 2
180 106 2
180 110 2
180 117 2
180 119 2
180 121 2
180 127 2
180 141 2
180 144 2
180 145 2
180 147 2
180 148 2
180 150 2
180 153 2
180 156 2
180 165 2
180 167 2
180 172 2
180 173 2
180 174 2
180 177 2
181 0 2
181 1 2
181 2 2
181 6 2
181 8 2
181 24 2
181 26 2
181 28 2
181 34 2
181 36 2
181 37 2
181 40 2
181 41 2
181 44 2
181 47 2
181 48 2
181 49 2
181 51 2
181 54 2
181 60 2
181 70 2
181 71 2
181 72 2
181 75 2
181 77 2
181 81 2
181 85 2
181 88 2
181 93 2
181 101 2
181 103 2
181 104 2
181 105 2
181 106 2
181 107 2
181 109 2
181 116 2
181 117 2
181 119 2
181 121 2
181 123 2
181 128 2
181 129 2
181 130 2
181 131 2
181 132 2
181 135 2
181 138 2
181 141 2
181 149 2
181 151 2
181 162 2
181 163 2
181 164 2
181 167 2
181 168 2
181 172 2
181 176 2
181 179 2
182 4 2
182 5 2
182 6 2
182 7 2
182 9 2
182 10 2
182 11 2
182 12 2
182 14 2
182 16 2
182 23 2
182 31 2
182 32 2
182 35 2
182 40 2
182 42 2
182 43 2
182 46 2
182 51 2
182 58 2
182 59 2
182 64 2
182 68 2
182 69 2
182 71 2
182 73 2
182 74 2
182 80 2
182 83 2
182 92 2
182 99 2
182 103 2
182 104 2
182 108 2
182 110 2
182 112 2
182 123 2
182 129 2
182 131 2
182 138 2
182 139 2
182 141 2
182 145 2
182 153 2
182 170 2
182 172 2
182 182 2
183 0 2
183 1 2
183 5 2
183 6 2
183 14 2
183 34 2
183 36 2
183 38 2
183 40 2
183 42 2
183 43 2
183 46 2
183 47 2
183 48 2
183 51 2
183 60 2
183 62 2
183 63 2
183 72 2
183 73 2
183 74 2
183 77 2
183 78 2
183 83 2
183 86 2
183 89 2
183 94 2
183 103 2
183 105 2
183 108 2
183 109 2
183 110 2
183 111 2
183 116 2
183 121 2
183 125 2
183 131 2
183 135 2
183 138 2
183 142 2
183 143 2
183 146 2
183 149 2
183 153 2
183 163 2
183 166 2
183 176 2
183 179 2
183 180 2
184 5 2
184 11 2
184 14 2
184 16 2
184 19 2
184 21 2
184 24 2
184 26 2
184 27 2
184 32 2
184 37 2
184 39 2
184 41 2
184 47 2
184 48 2
184 51 2
184 53 2
184 54 2
184 58 2
184 60 2
184 61 2
184 63 2
184 64 2
184 66 2
184 75 2
184 80 2
184 82 2
184 83 2
184 84 2
184 85 2
184 86 2
184 89 2
184 92 2
184 98 2
184 102 2
184 106 2
184 109 2
184 110 2
184 113 2
184 114 2
184 118 2
184 121 2
184 125 2
184 127 2
184 131 2
184 135 2
184 142 2
184 143 2
184 145 2
184 160 2
184 162 2
184 163 2
184 168 2
184 170 2
184 173 2
184 174 2
184 178 2
184 179 2
184 182 2
185 2 2
185 7 2
185 12 2
185 13 2
185 14 2
185 15 2
185 16 2
185 20 2
185 21 2
185 23 2
185 42 2
185 44 2
185 46 2
185 53 2
185 55 2
185 60 2
185 63 2
185 68 2
185 69 2
185 75 2
185 79 2
185 83 2
185 92 2
185 93 2
185 95 2
185 97 2
185 98 2
185 103 2
185 105 2
185 107 2
185 109 2
185 111 2
185 112 2
185 121 2
185 126 2
185 128 2
185 131 2
185 136 2
185 138 2
185 139 2
185 144 2
185 147 2
185 151 2
185 157 2
185 159 2
185 160 2
185 166 2
185 173 2
185 176 2
185 177 2
185 178 2
185 179 2
185 180 2
186 3 2
186 9 2
186 16 2
186 17 2
186 18 2
186 26 2
186 29 2
186 32 2
186 35 2
186 38 2
186 42 2
186 46 2
186 50 2
186 51 2
186 53 2
186 54 2
186 56 2
186 57 2
186 63 2
186 67 2
186 73 2
186 74 2
186 82 2
186 86 2
186 90 2
186 99 2
186 102 2
186 105 2
186 106 2
186 107 2
186 108 2
186 112 2
186 113 2
186 118 2
186 122 2
186 124 2
186 125 2
186 129 2
186 133 2
186 135 2
186 140 2
186 152 2
186 153 2
186 157 2
186 158 2
186 163 2
186 167 2
186 176 2
187 0 2
187 5 2
187 6 2
187 7 2
187 8 2
187 9 2
187 11 2
187 15 2
187 22 2
187 26 2
187 27 2
187 30 2
187 31 2
187 32 2
187 39 2
187 40 2
187 41 2
187 45 2
187 52 2
187 53 2
187 56 2
187 58 2
187 63 2
187 68 2
187 69 2
187 74 2
187 80 2
187 83 2
187 85 2
187 88 2
187 89 2
187 91 2
187 95 2
187 96 2
187 97 2
187 98 2
187 100 2
187 102 2
187 104 2
187 105 2
187 108 2
187 113 2
187 115 2
187 117 2
187 124 2
187 127 2
187 130 2
187 136 2
187 137 2
187 141 2
187 145 2
187 148 2
187 175 2
187 176 2
187 179 2
187 180 2
187 183 2
187 185 2
187 187 2
188 2 2
188 6 2
188 7 2
188 10 2
188 11 2
188 15 2
188 16 2
188 25 2
188 26 2
188 27 2
188 42 2
188 46 2
188 47 2
188 49 2
188 51 2
188 59 2
188 72 2
188 73 2
188 77 2
188 84 2
188 85 2
188 90 2
188 93 2
188 97 2
188 103 2
188 107 2
188 108 2
188 115 2
188 118 2
188 120 2
188 125 2
188 128 2
188 130 2
188 136 2
188 140 2
188 144 2
188 146 2
188 147 2
188 148 2
188 153 2
188 157 2
188 159 2
188 161 2
188 162 2
188 170 2
188 171 2
188 176 2
188 177 2
188 179 2
188 180 2
188 182 2
188 185 2
189 4 2
189 5 2
189 8 2
189 11 2
189 15 2
189 16 2
189 18 2
189 22 2
189 23 2
189 33 2
189 40 2
189 41 2
189 45 2
189 46 2
189 47 2
189 49 2
189 52 2
189 55 2
189 56 2
189 61 2
189 65 2
189 66 2
189 74 2
189 75 2
189 78 2
189 83 2
189 88 2
189 89 2
189 91 2
189 92 2
189 94 2
189 95 2
189 100 2
189 101 2
189 102 2
189 104 2
189 105 2
189 111 2
189 122 2
189 123 2
189 124 2
189 126 2
189 128 2
189 131 2
189 132 2
189 133 2
189 140 2
189 141 2
189 142 2
189 146 2
189 151 2
189 159 2
189 163 2
189 166 2
189 167 2
189 171 2
189 173 2
189 174 2
189 180 2
189 184 2
189 185 2
190 3 2
190 4 2
190 7 2
190 9 2
190 22 2
190 25 2
190 36 2
190 38 2
190 39 2
190 45 2
190 48 2
190 60 2
190 65 2
190 77 2
190 93 2
190 96 2
190 97 2
190 102 2
190 107 2
190 109 2
190 121 2
190 131 2
190 133 2
190 135 2
190 136 2
190 138 2
190 152 2
190 157 2
190 159 2
190 163 2
190 173 2
190 174 2
190 176 2
190 177 2
190 178 2
190 180 2
190 183 2
190 184 2
190 187 2
190 189 2
191 8 2
191 9 2
191 14 2
191 18 2
191 20 2
191 21 2
191 25 2
191 26 2
191 33 2
191 37 2
191 47 2
191 54 2
191 57 2
191 62 2
191 65 2
191 67 2
191 70 2
191 71 2
191 76 2
191 77 2
191 87 2
191 89 2
191 91 2
191 93 2
191 94 2
191 108 2
191 110 2
191 115 2
191 119 2
191 120 2
191 121 2
191 151 2
191 152 2
191 155 2
191 157 2
191 158 2
191 160 2
191 161 2
191 164 2
191 174 2
191 175 2
191 178 2
191 182 2
192 0 2
192 3 2
192 6 2
192 8 2
192 12 2
192 15 2
192 17 2
192 26 2
192 29 2
192 39 2
192 41 2
192 55 2
192 57 2
192 58 2
192 62 2
192 63 2
192 66 2
192 79 2
192 83 2
192 89 2
192 98 2
192 101 2
192 111 2
192 114 2
192 116 2
192 124 2
192 126 2
192 127 2
192 128 2
192 134 2
192 141 2
192 143 2
192 145 2
192 148 2
192 165 2
192 177 2
192 182 2
192 183 2
192 189 2
192 190 2
193 2 2
193 4 2
193 7 2
193 8 2
193 13 2
193 18 2
193 21 2
193 22 2
193 27 2
193 31 2
193 34 2
193 38 2
193 39 2
193 43 2
193 45 2
193 48 2
193 57 2
193 59 2
193 65 2
193 66 2
193 71 2
193 73 2
193 74 2
193 79 2
193 80 2
193 85 2
193 90 2
193 92 2
193 97 2
193 98 2
193 100 2
193 102 2
193 104 2
193 106 2
193 110 2
193 113 2
193 129 2
193 131 2
193 132 2
193 139 2
193 143 2
193 158 2
193 161 2
193 165 2
193 166 2
193 167 2
193 180 2
193 182 2
193 186 2
193 189 2
193 190 2
194 0 2
194 1 2
194 5 2
194 6 2
194 9 2
194 11 2
194 22 2
194 35 2
194 37 2
194 48 2
194 52 2
194 57 2
194 58 2
194 69 2
194 70 2
194 72 2
194 74 2
194 75 2
194 79 2
194 80 2
194 81 2
194 83 2
194 84 2
194 87 2
194 89 2
194 94 2
194 96 2
194 109 2
194 114 2
194 120 2
194 122 2
194 124 2
194 126 2
194 129 2
194 135 2
194 136 2
194 137 2
194 138 2
194 142 2
194 148 2
194 152 2
194 153 2
194 156 2
194 159 2
194 164 2
194 169 2
194 171 2
194 178 2
194 179 2
194 184 2
194 188 2
194 191 2
195 0 2
195 3 2
195 12 2
195 14 2
195 24 2
195 29 2
195 35 2
195 36 2
195 37 2
195 38 2
195 39 2
195 44 2
195 47 2
195 51 2
195 52 2
195 57 2
195 60 2
195 64 2
195 65 2
195 68 2
195 70 2
195 82 2
195 84 2
195 89 2
195 95 2
195 97 2
195 100 2
195 101 2
195 104 2
195 115 2
195 120 2
195 122 2
195 127 2
195 129 2
195 130 2
195 135 2
195 139 2
195 147 2
195 148 2
195 149 2
195 157 2
195 163 2
195 166 2
195 167 2
195 169 2
195 173 2
195 175 2
195 176 2
195 177 2
195 181 2
195 183 2
195 184 2
195 185 2
195 190 2
195 191 2
195 192 2
195 195 2
196 2 2
196 4 2
196 5 2
196 13 2
196 20 2
196 21 2
196 22 2
196 25 2
196 33 2
196 38 2
196 40 2
196 43 2
196 44 2
196 48 2
196 49 2
196 50 2
196 54 2
196 55 2
196 56 2
196 57 2
196 59 2
196 65 2
196 69 2
196 71 2
196 73 2
196 78 2
196 79 2
196 84 2
196 85 2
196 86 2
196 89 2
196 90 2
196 94 2
196 100 2
196 102 2
196 103 2
196 110 2
196 111 2
196 113 2
196 116 2
196 118 2
196 124 2
196 133 2
196 134 2
196 135 2
196 136 2
196 138 2
196 142 2
196 154 2
196 155 2
196 163 2
196 164 2
196 169 2
196 171 2
196 173 2
196 180 2
196 182 2
196 184 2
196 186 2
196 188 2
196 189 2
196 190 2
196 191 2
196 194 2
197 10 2
197 15 2
197 18 2
197 19 2
197 23 2
197 27 2
197 28 2
197 53 2
197 55 2
197 56 2
197 58 2
197 67 2
197 68 2
197 70 2
197 71 2
197 75 2
197 76 2
197 78 2
197 79 2
197 82 2
197 87 2
197 94 2
197 97 2
197 99 2
197 102 2
197 110 2
197 113 2
197 114 2
197 116 2
197 120 2
197 127 2
197 132 2
197 135 2
197 139 2
197 141 2
197 142 2
197 147 2
197 148 2
197 150 2
197 158 2
197 162 2
197 164 2
197 170 2
197 171 2
197 174 2
197 177 2
197 183 2
197 185 2
197 190 2
197 192 2
197 195 2
198 12 2
198 13 2
198 15 2
198 22 2
198 23 2
198 34 2
198 39 2
198 50 2
198 60 2
198 62 2
198 64 2
198 68 2
198 72 2
198 81 2
198 87 2
198 91 2
198 92 2
198 96 2
198 98 2
198 99 2
198 100 2
198 101 2
198 105 2
198 111 2
198 112 2
198 118 2
198 120 2
198 121 2
198 124 2
198 127 2
198 128 2
198 140 2
198 141 2
198 142 2
198 143 2
198 144 2
198 145 2
198 147 2
198 159 2
198 161 2
198 164 2
198 171 2
198 172 2
198 173 2
198 175 2
198 180 2
198 182 2
198 185 2
198 189 2
198 190 2
198 192 2
198 195 2
199 0 2
199 6 2
199 10 2
199 14 2
199 16 2
199 18 2
199 24 2
199 25 2
199 35 2
199 36 2
199 39 2
199 41 2
199 48 2
199 49 2
199 52 2
199 53 2
199 55 2
199 56 2
199 58 2
199 59 2
199 62 2
199 70 2
199 72 2
199 73 2
199 74 2
199 78 2
199 83 2
199 88 2
199 89 2
199 90 2
199 91 2
199 93 2
199 97 2
199 100 2
199 115 2
199 116 2
199 119 2
199 126 2
199 128 2
199 134 2
199 135 2
199 137 2
199 140 2
199 146 2
199 150 2
199 152 2
199 158 2
199 160 2
199 174 2
199 175 2
199 176 2
199 178 2
199 190 2
199 191 2
199 195 2
199 196 2
199 198 2
1 1 3
2 1 3
3 2 3
4 2 3
5 2 3
5 4 3
6 1 3
6 4 3
7 2 3
7 7 3
8 2 3
9 3 3
9 4 3
10 2 3
10 5 3
11 5 3
11 11 3
12 0 3
12 1 3
12 8 3
13 0 3
13 1 3
13 4 3
13 5 3
13 7 3
13 13 3
14 0 3
14 13 3
15 10 3
15 13 3
15 14 3
16 6 3
16 10 3
16 12 3
16 13 3
17 1 3
17 2 3
17 3 3
17 5 3
17 8 3
17 9 3
17 12 3
18 0 3
18 1 3
18 7 3
18 8 3
18 15 3
18 18 3
19 6 3
19 12 3
19 13 3
19 15 3
19 16 3
20 3 3
20 9 3
20 12 3
21 0 3
21 1 3
21 2 3
21 3 3
21 5 3
21 13 3
21 19 3
22 0 3
22 3 3
22 4 3
22 6 3
22 10 3
22 13 3
22 14 3
23 10 3
23 11 3
23 15 3
23 19 3
24 1 3
24 3 3
24 9 3
24 11 3
24 13 3
25 11 3
25 12 3
25 17 3
25 19 3
25 20 3
26 3 3
26 6 3
26 12 3
26 19 3
26 26 3
27 0 3
27 9 3
27 12 3
27 15 3
27 17 3
27 21 3
28 4 3
28 6 3
28 7 3
28 8 3
28 14 3
28 16 3
28 19 3
28 21 3
28 24 3
29 6 3
29 7 3
29 10 3
29 14 3
29 15 3
29 18 3
29 22 3
29 26 3
30 2 3
30 12 3
30 13 3
30 17 3
30 21 3
30 25 3
30 27 3
30 30 3
31 2 3
31 6 3
31 10 3
31 12 3
31 22 3
32 0 3
32 5 3
32 10 3
32 21 3
32 25 3
32 27 3
32 29 3
33 2 3
33 4 3
33 8 3
33 12 3
33 13 3
33 22 3
33 24 3
33 27 3
34 2 3
34 11 3
34 12 3
34 15 3
34 18 3
34 24 3
34 25 3
34 30 3
34 33 3
35 5 3
35 7 3
35 8 3
35 19 3
35 23 3
35 27 3
36 4 3
36 8 3
36 10 3
36 16 3
36 17 3
36 21 3
36 22 3
36 29 3
36 32 3
36 35 3
37 0 3
37 5 3
37 11 3
37 14 3
37 22 3
37 27 3
37 32 3
37 37 3
38 1 3
38 7 3
38 14 3
38 24 3
38 25 3
38 33 3
38 35 3
38 36 3
39 1 3
39 2 3
39 5 3
39 6 3
39 11 3
39 14 3
39 24 3
39 26 3
39 28 3
39 29 3
39 31 3
39 34 3
40 4 3
40 5 3
40 13 3
40 18 3
40 24 3
40 26 3
40 34 3
40 35 3
40 36 3
40 39 3
41 3 3
41 23 3
41 25 3
41 27 3
41 33 3
41 34 3
41 39 3
42 1 3
42 5 3
42 8 3
42 12 3
42 23 3
42 25 3
42 28 3
42 32 3
42 38 3
43 6 3
43 7 3
43 10 3
43 11 3
43 12 3
43 14 3
43 17 3
43 18 3
43 20 3
43 22 3
43 24 3
43 27 3
43 36 3
43 39 3
44 12 3
44 16 3
44 20 3
44 21 3
44 28 3
44 33 3
44 36 3
44 40 3
44 41 3
44 44 3
45 9 3
45 11 3
45 12 3
45 16 3
45 25 3
45 27 3
45 28 3
45 29 3
45 33 3
45 36 3
45 43 3
45 44 3
46 3 3
46 4 3
46 10 3
46 13 3
46 14 3
46 15 3
46 19 3
46 20 3
46 22 3
46 29 3
46 31 3
46 32 3
46 36 3
46 42 3
46 44 3
47 5 3
47 9 3
47 15 3
47 16 3
47 18 3
47 19 3
47 23 3
47 27 3
47 42 3
47 45 3
47 47 3
48 2 3
48 7 3
48 11 3
48 14 3
48 16 3
48 17 3
48 23 3
48 25 3
48 27 3
48 30 3
48 34 3
48 35 3
48 36 3
48 38 3
48 39 3
48 45 3
48 47 3
49 6 3
49 12 3
49 20 3
49 21 3
49 23 3
49 27 3
49 32 3
49 34 3
49 40 3
49 42 3
50 1 3
50 2 3
50 14 3
50 18 3
50 27 3
50 37 3
50 39 3
50 42 3
50 44 3
50 46 3
50 48 3
50 49 3
51 0 3
51 2 3
51 6 3
51 7 3
51 8 3
51 12 3
51 15 3
51 21 3
51 24 3
51 25 3
51 26 3
51 29 3
51 31 3
51 36 3
51 38 3
51 45 3
51 47 3
52 1 3
52 8 3
52 11 3
52 16 3
52 17 3
52 24 3
52 30 3
52 34 3
52 38 3
52 39 3
52 41 3
52 46 3
52 48 3
52 49 3
52 52 3
53 8 3
53 9 3
53 16 3
53 17 3
53 24 3
53 28 3
53 29 3
53 33 3
53 36 3
53 40 3
53 41 3
53 43 3
53 50 3
54 1 3
54 9 3
54 18 3
54 19 3
54 21 3
54 22 3
54 25 3
54 26 3
54 33 3
54 34 3
54 38 3
54 41 3
54 43 3
54 50 3
55 0 3
55 4 3
55 5 3
55 7 3
55 8 3
55 9 3
55 14 3
55 16 3
55 18 3
55 20 3
55 28 3
55 33 3
55 34 3
55 37 3
55 38 3
55 39 3
55 42 3
55 43 3
55 49 3
56 2 3
56 9 3
56 11 3
56 12 3
56 16 3
56 17 3
56 20 3
56 23 3
56 25 3
56 29 3
56 32 3
56 37 3
56 42 3
56 43 3
56 56 3
57 0 3
57 4 3
57 10 3
57 15 3
57 16 3
57 17 3
57 20 3
57 31 3
57 36 3
57 43 3
57 51 3
57 57 3
58 0 3
58 1 3
58 4 3
58 6 3
58 9 3
58 11 3
58 15 3
58 23 3
58 25 3
58 29 3
58 34 3
58 41 3
58 47 3
58 48 3
58 53 3
58 55 3
58 57 3
59 7 3
59 9 3
59 10 3
59 19 3
59 27 3
59 29 3
59 40 3
59 47 3
59 58 3
60 2 3
60 5 3
60 9 3
60 11 3
60 15 3
60 17 3
60 21 3
60 26 3
60 37 3
60 38 3
60 39 3
60 51 3
60 58 3
60 60 3
61 0 3
61 1 3
61 3 3
61 7 3
61 16 3
61 18 3
61 31 3
61 32 3
61 33 3
61 35 3
61 36 3
61 44 3
61 46 3
61 49 3
61 54 3
61 55 3
61 57 3
61 58 3
62 6 3
62 8 3
62 13 3
62 23 3
62 24 3
62 27 3
62 33 3
62 36 3
62 37 3
62 44 3
62 48 3
62 49 3
62 62 3
63 9 3
63 13 3
63 16 3
63 23 3
63 29 3
63 30 3
63 33 3
63 36 3
63 40 3
63 58 3
63 59 3
63 63 3
64 1 3
64 6 3
64 10 3
64 11 3
64 12 3
64 16 3
64 19 3
64 21 3
64 27 3
64 28 3
64 30 3
64 32 3
64 33 3
64 37 3
64 42 3
64 46 3
64 47 3
64 49 3
64 50 3
64 52 3
64 58 3
64 59 3
64 61 3
64 64 3
65 1 3
65 3 3
65 7 3
65 8 3
65 9 3
65 10 3
65 14 3
65 16 3
65 17 3
65 20 3
65 26 3
65 31 3
65 35 3
65 38 3
65 39 3
65 42 3
65 43 3
65 48 3
65 51 3
65 54 3
65 55 3
65 64 3
66 1 3
66 3 3
66 4 3
66 13 3
66 16 3
66 18 3
66 21 3
66 22 3
66 26 3
66 31 3
66 35 3
66 36 3
66 37 3
66 44 3
66 55 3
66 56 3
66 60 3
66 62 3
67 5 3
67 8 3
67 11 3
67 19 3
67 20 3
67 22 3
67 24 3
67 27 3
67 29 3
67 30 3
67 33 3
67 36 3
67 43 3
67 44 3
67 45 3
67 48 3
67 52 3
67 64 3
67 66 3
67 67 3
68 7 3
68 12 3
68 16 3
68 32 3
68 37 3
68 42 3
68 47 3
68 49 3
68 52 3
68 56 3
68 58 3
68 59 3
68 60 3
69 11 3
69 27 3
69 28 3
69 30 3
69 37 3
69 50 3
69 65 3
69 68 3
70 0 3
70 3 3
70 8 3
70 10 3
70 19 3
70 22 3
70 25 3
70 29 3
70 32 3
70 45 3
70 48 3
70 52 3
70 53 3
70 54 3
70 56 3
70 60 3
70 67 3
70 69 3
71 3 3
71 13 3
71 14 3
71 15 3
71 16 3
71 20 3
71 22 3
71 23 3
71 27 3
71 29 3
71 31 3
71 42 3
71 61 3
71 64 3
71 68 3
72 1 3
72 2 3
72 4 3
72 7 3
72 13 3
72 15 3
72 16 3
72 18 3
72 19 3
72 26 3
72 28 3
72 36 3
72 37 3
72 42 3
72 44 3
72 46 3
72 49 3
72 51 3
72 55 3
72 57 3
72 59 3
72 61 3
72 63 3
72 65 3
72 66 3
73 0 3
73 5 3
73 10 3
73 12 3
73 17 3
73 23 3
73 33 3
73 34 3
73 35 3
73 40 3
73 43 3
73 46 3
73 55 3
73 69 3
74 7 3
74 9 3
74 12 3
74 16 3
74 25 3
74 27 3
74 33 3
74 37 3
74 38 3
74 45 3
74 47 3
74 50 3
74 54 3
74 69 3
74 71 3
74 73 3
75 19 3
75 21 3
75 22 3
75 25 3
75 30 3
75 31 3
75 34 3
75 36 3
75 40 3
75 42 3
75 43 3
75 65 3
75 66 3
75 67 3
76 1 3
76 7 3
76 9 3
76 11 3
76 12 3
76 17 3
76 18 3
76 38 3
76 39 3
76 43 3
76 45 3
76 47 3
76 48 3
76 49 3
76 52 3
76 53 3
76 63 3
76 64 3
76 73 3
77 0 3
77 4 3
77 5 3
77 7 3
77 8 3
77 12 3
77 21 3
77 27 3
77 34 3
77 36 3
77 37 3
77 40 3
77 44 3
77 50 3
77 56 3
77 60 3
77 65 3
77 69 3
77 72 3
78 5 3
78 10 3
78 17 3
78 22 3
78 23 3
78 30 3
78 31 3
78 32 3
78 35 3
78 36 3
78 44 3
78 45 3
78 54 3
78 57 3
78 58 3
78 68 3
78 75 3
79 4 3
79 5 3
79 10 3
79 16 3
79 18 3
79 21 3
79 22 3
79 26 3
79 29 3
79 31 3
79 33 3
79 36 3
79 42 3
79 46 3
79 53 3
79 55 3
79 57 3
79 59 3
79 74 3
79 77 3
80 2 3
80 3 3
80 5 3
80 9 3
80 26 3
80 30 3
80 34 3
80 39 3
80 42 3
80 45 3
80 50 3
80 52 3
80 65 3
80 67 3
80 68 3
80 69 3
80 73 3
80 74 3
80 75 3
80 80 3
81 1 3
81 2 3
81 3 3
81 7 3
81 10 3
81 22 3
81 26 3
81 28 3
81 29 3
81 30 3
81 32 3
81 34 3
81 37 3
81 39 3
81 41 3
81 44 3
81 47 3
81 50 3
81 55 3
81 62 3
81 66 3
81 69 3
81 72 3
81 78 3
81 80 3
82 0 3
82 3 3
82 13 3
82 14 3
82 15 3
82 16 3
82 22 3
82 41 3
82 42 3
82 43 3
82 46 3
82 52 3
82 53 3
82 55 3
82 64 3
82 72 3
82 76 3
83 4 3
83 7 3
83 9 3
83 10 3
83 13 3
83 17 3
83 18 3
83 31 3
83 35 3
83 39 3
83 41 3
83 44 3
83 51 3
83 52 3
83 59 3
83 61 3
83 63 3
83 65 3
83 67 3
83 79 3
83 80 3
84 2 3
84 20 3
84 23 3
84 25 3
84 26 3
84 34 3
84 37 3
84 38 3
84 45 3
84 46 3
84 57 3
84 58 3
84 60 3
84 61 3
84 63 3
84 66 3
84 67 3
84 71 3
84 79 3
85 0 3
85 1 3
85 6 3
85 15 3
85 16 3
85 17 3
85 19 3
85 21 3
85 22 3
85 26 3
85 28 3
85 31 3
85 40 3
85 45 3
85 46 3
85 56 3
85 57 3
85 58 3
85 59 3
85 60 3
85 61 3
85 64 3
85 65 3
85 70 3
85 71 3
85 82 3
85 85 3
86 1 3
86 3 3
86 6 3
86 19 3
86 27 3
86 29 3
86 30 3
86 35 3
86 38 3
86 43 3
86 50 3
86 52 3
86 53 3
86 54 3
86 55 3
86 67 3
86 72 3
86 75 3
86 78 3
86 81 3
86 82 3
87 0 3
87 1 3
87 2 3
87 3 3
87 8 3
87 10 3
87 11 3
87 13 3
87 20 3
87 22 3
87 24 3
87 29 3
87 30 3
87 32 3
87 38 3
87 40 3
87 42 3
87 43 3
87 48 3
87 63 3
87 66 3
87 67 3
87 70 3
87 74 3
87 77 3
87 81 3
87 84 3
88 3 3
88 5 3
88 18 3
88 19 3
88 22 3
88 23 3
88 27 3
88 35 3
88 36 3
88 44 3
88 45 3
88 47 3
88 48 3
88 50 3
88 51 3
88 53 3
88 54 3
88 55 3
88 57 3
88 58 3
88 68 3
88 70 3
88 71 3
88 75 3
88 83 3
89 5 3
89 6 3
89 14 3
89 18 3
89 22 3
89 26 3
89 33 3
89 36 3
89 37 3
89 41 3
89 44 3
89 46 3
89 47 3
89 50 3
89 54 3
89 55 3
89 57 3
89 59 3
89 61 3
89 62 3
89 64 3
89 65 3
89 67 3
89 79 3
89 80 3
89 81 3
89 86 3
89 88 3
89 89 3
90 0 3
90 2 3
90 18 3
90 20 3
90 21 3
90 23 3
90 24 3
90 29 3
90 31 3
90 38 3
90 40 3
90 44 3
90 46 3
90 54 3
90 64 3
90 66 3
90 67 3
90 72 3
90 74 3
90 75 3
90 82 3
90 86 3
90 87 3
90 90 3
91 0 3
91 2 3
91 3 3
91 19 3
91 20 3
91 37 3
91 38 3
91 39 3
91 42 3
91 44 3
91 49 3
91 58 3
91 67 3
91 69 3
91 70 3
91 71 3
91 74 3
91 76 3
91 86 3
91 89 3
92 4 3
92 8 3
92 9 3
92 12 3
92 13 3
92 28 3
92 34 3
92 35 3
92 40 3
92 41 3
92 48 3
92 49 3
92 53 3
92 54 3
92 55 3
92 59 3
92 62 3
92 67 3
92 75 3
92 76 3
92 77 3
92 85 3
92 87 3
92 90 3
92 91 3
93 4 3
93 12 3
93 16 3
93 17 3
93 20 3
93 23 3
93 26 3
93 28 3
93 29 3
93 36 3
93 38 3
93 41 3
93 44 3
93 45 3
93 47 3
93 50 3
93 51 3
93 55 3
93 60 3
93 63 3
93 65 3
93 70 3
93 73 3
93 83 3
93 88 3
93 89 3
94 2 3
94 5 3
94 7 3
94 11 3
94 12 3
94 13 3
94 18 3
94 25 3
94 28 3
94 30 3
94 37 3
94 38 3
94 52 3
94 61 3
94 66 3
94 71 3
94 73 3
94 76 3
94 77 3
94 84 3
94 87 3
94 89 3
94 90 3
94 93 3
95 5 3
95 6 3
95 7 3
95 8 3
95 9 3
95 11 3
95 19 3
95 20 3
95 23 3
95 25 3
95 27 3
95 28 3
95 33 3
95 38 3
95 39 3
95 42 3
95 43 3
95 44 3
95 45 3
95 48 3
95 49 3
95 52 3
95 53 3
95 55 3
95 64 3
95 66 3
95 67 3
95 71 3
95 72 3
95 77 3
95 87 3
95 89 3
95 94 3
95 95 3
96 1 3
96 2 3
96 3 3
96 7 3
96 16 3
96 19 3
96 35 3
96 39 3
96 48 3
96 53 3
96 54 3
96 62 3
96 67 3
96 72 3
96 74 3
96 81 3
96 82 3
96 92 3
96 93 3
96 94 3
96 95 3
96 96 3
97 2 3
97 3 3
97 7 3
97 8 3
97 9 3
97 11 3
97 17 3
97 32 3
97 34 3
97 35 3
97 47 3
97 51 3
97 52 3
97 53 3
97 55 3
97 58 3
97 66 3
97 67 3
97 73 3
97 74 3
97 75 3
97 76 3
97 85 3
97 89 3
97 93 3
97 96 3
98 0 3
98 2 3
98 6 3
98 9 3
98 13 3
98 18 3
98 19 3
98 21 3
98 25 3
98 29 3
98 49 3
98 50 3
98 56 3
98 62 3
98 64 3
98 65 3
98 69 3
98 71 3
98 72 3
98 76 3
98 78 3
98 79 3
98 84 3
98 94 3
98 95 3
98 97 3
99 2 3
99 4 3
99 10 3
99 11 3
99 16 3
99 17 3
99 19 3
99 25 3
99 29 3
99 32 3
99 34 3
99 37 3
99 38 3
99 44 3
99 49 3
99 50 3
99 58 3
99 60 3
99 65 3
99 72 3
99 78 3
99 79 3
99 86 3
99 88 3
99 89 3
99 90 3
99 94 3
99 97 3
99 98 3
100 2 3
100 3 3
100 4 3
100 6 3
100 9 3
100 26 3
100 31 3
100 32 3
100 33 3
100 38 3
100 42 3
100 49 3
100 50 3
100 56 3
100 58 3
100 63 3
100 65 3
100 72 3
100 93 3
100 96 3
100 97 3
101 0 3
101 2 3
101 6 3
101 12 3
101 14 3
101 17 3
101 24 3
101 27 3
101 32 3
101 43 3
101 51 3
101 52 3
101 53 3
101 55 3
101 56 3
101 62 3
101 67 3
101 72 3
101 74 3
101 85 3
101 86 3
101 89 3
101 90 3
101 91 3
101 93 3
101 96 3
102 1 3
102 5 3
102 13 3
102 17 3
102 20 3
102 23 3
102 25 3
102 31 3
102 34 3
102 38 3
102 42 3
102 46 3
102 49 3
102 50 3
102 52 3
102 56 3
102 64 3
102 69 3
102 71 3
102 72 3
102 73 3
102 77 3
102 84 3
102 87 3
102 98 3
102 99 3
102 100 3
103 2 3
103 6 3
103 7 3
103 8 3
103 9 3
103 11 3
103 14 3
103 20 3
103 21 3
103 29 3
103 31 3
103 37 3
103 39 3
103 41 3
103 47 3
103 52 3
103 70 3
103 73 3
103 76 3
103 78 3
103 82 3
103 83 3
103 86 3
103 94 3
103 96 3
103 98 3
104 4 3
104 9 3
104 12 3
104 15 3
104 17 3
104 18 3
104 20 3
104 23 3
104 30 3
104 31 3
104 36 3
104 43 3
104 46 3
104 48 3
104 55 3
104 64 3
104 68 3
104 80 3
104 83 3
104 86 3
104 88 3
104 91 3
104 98 3
104 103 3
105 0 3
105 3 3
105 5 3
105 9 3
105 12 3
105 13 3
105 26 3
105 29 3
105 30 3
105 42 3
105 44 3
105 50 3
105 54 3
105 56 3
105 57 3
105 58 3
105 59 3
105 64 3
105 70 3
105 71 3
105 73 3
105 74 3
105 75 3
105 82 3
105 83 3
105 85 3
105 94 3
105 95 3
105 96 3
105 99 3
105 102 3
105 103 3
106 7 3
106 8 3
106 9 3
106 24 3
106 30 3
106 35 3
106 38 3
106 42 3
106 43 3
106 45 3
106 48 3
106 51 3
106 56 3
106 63 3
106 70 3
106 81 3
106 86 3
106 87 3
106 92 3
106 95 3
106 96 3
106 97 3
106 99 3
106 106 3
107 1 3
107 9 3
107 14 3
107 15 3
107 19 3
107 23 3
107 24 3
107 28 3
107 30 3
107 35 3
107 37 3
107 38 3
107 57 3
107 59 3
107 65 3
107 69 3
107 71 3
107 73 3
107 75 3
107 77 3
107 79 3
107 80 3
107 85 3
107 86 3
107 88 3
107 91 3
107 93 3
107 101 3
107 106 3
108 13 3
108 18 3
108 19 3
108 21 3
108 26 3
108 36 3
108 38 3
108 42 3
108 50 3
108 51 3
108 53 3
108 57 3
108 63 3
108 68 3
108 78 3
108 86 3
108 93 3
108 99 3
108 104 3
108 105 3
109 0 3
109 4 3
109 6 3
109 8 3
109 12 3
109 13 3
109 25 3
109 30 3
109 40 3
109 52 3
109 56 3
109 57 3
109 59 3
109 61 3
109 66 3
109 67 3
109 69 3
109 70 3
109 75 3
109 79 3
109 80 3
109 81 3
109 90 3
109 95 3
109 99 3
109 103 3
110 8 3
110 12 3
110 15 3
110 17 3
110 19 3
110 21 3
110 33 3
110 39 3
110 44 3
110 52 3
110 56 3
110 59 3
110 64 3
110 69 3
110 72 3
110 78 3
110 98 3
110 100 3
110 101 3
110 105 3
111 2 3
111 5 3
111 12 3
111 13 3
111 18 3
111 21 3
111 23 3
111 25 3
111 36 3
111 39 3
111 46 3
111 47 3
111 48 3
111 49 3
111 51 3
111 64 3
111 68 3
111 70 3
111 81 3
111 102 3
111 106 3
112 0 3
112 4 3
112 8 3
112 14 3
112 24 3
112 25 3
112 26 3
112 27 3
112 34 3
112 37 3
112 40 3
112 41 3
112 42 3
112 45 3
112 53 3
112 62 3
112 73 3
112 74 3
112 75 3
112 76 3
112 84 3
112 90 3
112 92 3
112 95 3
112 96 3
112 98 3
112 107 3
112 109 3
113 11 3
113 12 3
113 15 3
113 17 3
113 23 3
113 24 3
113 27 3
113 28 3
113 31 3
113 36 3
113 44 3
113 52 3
113 57 3
113 62 3
113 69 3
113 71 3
113 72 3
113 81 3
113 87 3
113 91 3
113 94 3
113 100 3
113 101 3
113 103 3
113 106 3
113 109 3
113 111 3
113 112 3
114 1 3
114 4 3
114 13 3
114 20 3
114 23 3
114 24 3
114 28 3
114 32 3
114 34 3
114 37 3
114 40 3
114 44 3
114 51 3
114 52 3
114 54 3
114 58 3
114 61 3
114 67 3
114 68 3
114 69 3
114 75 3
114 76 3
114 84 3
114 86 3
114 91 3
114 92 3
114 94 3
114 97 3
114 100 3
114 110 3
114 112 3
115 5 3
115 6 3
115 8 3
115 11 3
115 16 3
115 30 3
115 34 3
115 39 3
115 40 3
115 44 3
115 45 3
115 46 3
115 47 3
115 48 3
115 54 3
115 61 3
115 65 3
115 70 3
115 71 3
115 74 3
115 75 3
115 76 3
115 80 3
115 82 3
115 83 3
115 85 3
115 87 3
115 94 3
115 95 3
115 104 3
115 105 3
115 106 3
115 112 3
115 115 3
116 0 3
116 1 3
116 7 3
116 11 3
116 15 3
116 19 3
116 20 3
116 22 3
116 23 3
116 24 3
116 28 3
116 30 3
116 33 3
116 36 3
116 38 3
116 39 3
116 42 3
116 47 3
116 50 3
116 51 3
116 54 3
116 57 3
116 61 3
116 62 3
116 63 3
116 68 3
116 69 3
116 74 3
116 76 3
116 77 3
116 81 3
116 83 3
116 85 3
116 88 3
116 90 3
116 92 3
116 94 3
116 97 3
116 99 3
116 100 3
116 103 3
117 2 3
117 5 3
117 14 3
117 15 3
117 17 3
117 18 3
117 19 3
117 22 3
117 24 3
117 26 3
117 35 3
117 37 3
117 39 3
117 40 3
117 41 3
117 50 3
117 54 3
117 55 3
117 56 3
117 57 3
117 61 3
117 64 3
117 66 3
117 70 3
117 72 3
117 75 3
117 84 3
117 90 3
117 91 3
117 94 3
117 100 3
117 105 3
117 108 3
117 110 3
118 0 3
118 1 3
118 6 3
118 8 3
118 17 3
118 18 3
118 24 3
118 25 3
118 26 3
118 28 3
118 29 3
118 39 3
118 42 3
118 43 3
118 48 3
118 50 3
118 56 3
118 58 3
118 62 3
118 68 3
118 72 3
118 74 3
118 75 3
118 80 3
118 100 3
118 103 3
118 106 3
118 112 3
118 115 3
119 2 3
119 7 3
119 8 3
119 11 3
119 17 3
119 24 3
119 28 3
119 35 3
119 41 3
119 51 3
119 53 3
119 55 3
119 66 3
119 68 3
119 70 3
119 72 3
119 74 3
119 75 3
119 76 3
119 92 3
119 100 3
119 101 3
119 103 3
119 107 3
119 110 3
119 119 3
120 4 3
120 7 3
120 12 3
120 13 3
120 16 3
120 17 3
120 25 3
120 28 3
120 30 3
120 31 3
120 35 3
120 36 3
120 38 3
120 39 3
120 40 3
120 45 3
120 54 3
120 60 3
120 65 3
120 79 3
120 81 3
120 86 3
120 91 3
120 98 3
120 100 3
120 101 3
120 103 3
120 105 3
120 106 3
120 107 3
120 113 3
120 120 3
121 2 3
121 7 3
121 25 3
121 26 3
121 27 3
121 32 3
121 34 3
121 36 3
121 38 3
121 41 3
121 45 3
121 47 3
121 48 3
121 52 3
121 54 3
121 55 3
121 58 3
121 69 3
121 72 3
121 73 3
121 74 3
121 83 3
121 87 3
121 88 3
121 89 3
121 92 3
121 101 3
121 105 3
121 110 3
121 113 3
121 114 3
121 117 3
121 119 3
121 121 3
122 0 3
122 4 3
122 6 3
122 7 3
122 10 3
122 13 3
122 16 3
122 17 3
122 20 3
122 21 3
122 33 3
122 48 3
122 51 3
122 52 3
122 53 3
122 54 3
122 56 3
122 58 3
122 80 3
122 86 3
122 87 3
122 88 3
122 92 3
122 94 3
122 102 3
122 104 3
122 122 3
123 0 3
123 4 3
123 10 3
123 18 3
123 20 3
123 22 3
123 33 3
123 42 3
123 45 3
123 55 3
123 59 3
123 63 3
123 66 3
123 72 3
123 74 3
123 78 3
123 93 3
123 95 3
123 101 3
123 103 3
123 105 3
123 108 3
123 109 3
123 112 3
123 122 3
124 2 3
124 5 3
124 12 3
124 20 3
124 23 3
124 26 3
124 34 3
124 40 3
124 42 3
124 46 3
124 59 3
124 61 3
124 65 3
124 69 3
124 80 3
124 83 3
124 84 3
124 89 3
124 91 3
124 98 3
124 100 3
124 102 3
124 106 3
124 107 3
124 109 3
124 112 3
124 120 3
124 122 3
125 1 3
125 2 3
125 7 3
125 12 3
125 21 3
125 25 3
125 26 3
125 29 3
125 40 3
125 42 3
125 43 3
125 50 3
125 52 3
125 53 3
125 64 3
125 66 3
125 70 3
125 72 3
125 76 3
125 78 3
125 80 3
125 98 3
125 99 3
125 104 3
125 111 3
125 113 3
125 115 3
125 119 3
126 0 3
126 2 3
126 3 3
126 8 3
126 9 3
126 11 3
126 20 3
126 23 3
126 24 3
126 29 3
126 30 3
126 32 3
126 35 3
126 36 3
126 43 3
126 44 3
126 50 3
126 52 3
126 57 3
126 64 3
126 66 3
126 68 3
126 72 3
126 76 3
126 77 3
126 78 3
126 86 3
126 93 3
126 100 3
126 103 3
126 108 3
126 115 3
126 122 3
126 124 3
127 7 3
127 8 3
127 17 3
127 19 3
127 20 3
127 24 3
127 25 3
127 26 3
127 29 3
127 32 3
127 34 3
127 35 3
127 41 3
127 47 3
127 50 3
127 52 3
127 54 3
127 61 3
127 64 3
127 67 3
127 69 3
127 71 3
127 73 3
127 75 3
127 76 3
127 79 3
127 81 3
127 89 3
127 90 3
127 92 3
127 97 3
127 105 3
127 111 3
127 118 3
127 120 3
127 121 3
127 125 3
127 127 3
128 6 3
128 9 3
128 12 3
128 22 3
128 24 3
128 26 3
128 29 3
128 33 3
128 36 3
128 38 3
128 43 3
128 48 3
128 52 3
128 54 3
128 58 3
128 61 3
128 66 3
128 75 3
128 92 3
128 93 3
128 95 3
128 96 3
128 104 3
128 105 3
128 107 3
128 109 3
128 114 3
128 117 3
128 125 3
128 126 3
128 128 3
129 4 3
129 6 3
129 7 3
129 8 3
129 10 3
129 21 3
129 24 3
129 27 3
129 34 3
129 35 3
129 38 3
129 39 3
129 40 3
129 41 3
129 46 3
129 47 3
129 49 3
129 50 3
129 63 3
129 65 3
129 71 3
129 72 3
129 79 3
129 83 3
129 86 3
129 88 3
129 91 3
129 98 3
129 100 3
129 101 3
129 104 3
129 110 3
129 111 3
129 112 3
129 115 3
129 116 3
129 117 3
129 121 3
129 123 3
129 129 3
130 0 3
130 6 3
130 7 3
130 12 3
130 24 3
130 25 3
130 33 3
130 34 3
130 35 3
130 40 3
130 46 3
130 51 3
130 53 3
130 57 3
130 68 3
130 70 3
130 73 3
130 78 3
130 87 3
130 88 3
130 93 3
130 97 3
130 101 3
130 104 3
130 106 3
130 120 3
130 127 3
131 5 3
131 6 3
131 19 3
131 21 3
131 35 3
131 36 3
131 37 3
131 41 3
131 42 3
131 43 3
131 44 3
131 45 3
131 47 3
131 56 3
131 59 3
131 61 3
131 65 3
131 66 3
131 68 3
131 69 3
131 71 3
131 75 3
131 77 3
131 82 3
131 83 3
131 88 3
131 93 3
131 94 3
131 97 3
131 99 3
131 105 3
131 112 3
131 117 3
131 125 3
131 130 3
132 0 3
132 1 3
132 4 3
132 21 3
132 23 3
132 24 3
132 29 3
132 30 3
132 36 3
132 39 3
132 44 3
132 46 3
132 56 3
132 63 3
132 66 3
132 80 3
132 83 3
132 88 3
132 105 3
132 106 3
132 114 3
132 118 3
132 119 3
132 124 3
132 127 3
132 129 3
132 130 3
133 4 3
133 6 3
133 7 3
133 12 3
133 13 3
133 22 3
133 25 3
133 26 3
133 29 3
133 31 3
133 33 3
133 40 3
133 45 3
133 47 3
133 55 3
133 56 3
133 64 3
133 68 3
133 82 3
133 95 3
133 98 3
133 108 3
133 111 3
133 113 3
133 116 3
133 119 3
133 120 3
133 125 3
133 131 3
133 133 3
134 1 3
134 3 3
134 5 3
134 6 3
134 9 3
134 11 3
134 16 3
134 17 3
134 22 3
134 37 3
134 40 3
134 42 3
134 47 3
134 48 3
134 53 3
134 61 3
134 64 3
134 66 3
134 67 3
134 69 3
134 81 3
134 85 3
134 87 3
134 91 3
134 95 3
134 97 3
134 107 3
134 110 3
134 116 3
134 121 3
134 125 3
134 128 3
135 14 3
135 21 3
135 37 3
135 40 3
135 44 3
135 50 3
135 51 3
135 54 3
135 55 3
135 57 3
135 64 3
135 65 3
135 66 3
135 67 3
135 68 3
135 72 3
135 73 3
135 75 3
135 78 3
135 80 3
135 81 3
135 83 3
135 84 3
135 91 3
135 94 3
135 98 3
135 103 3
135 107 3
135 110 3
135 114 3
135 133 3
136 5 3
136 6 3
136 8 3
136 11 3
136 14 3
136 19 3
136 20 3
136 24 3
136 27 3
136 28 3
136 33 3
136 35 3
136 41 3
136 47 3
136 51 3
136 52 3
136 53 3
136 54 3
136 65 3
136 71 3
136 76 3
136 77 3
136 79 3
136 81 3
136 82 3
136 87 3
136 89 3
136 91 3
136 92 3
136 93 3
136 99 3
136 102 3
136 104 3
136 107 3
136 114 3
136 120 3
136 131 3
136 135 3
137 7 3
137 8 3
137 9 3
137 13 3
137 17 3
137 24 3
137 29 3
137 30 3
137 31 3
137 34 3
137 35 3
137 38 3
137 50 3
137 51 3
137 56 3
137 65 3
137 74 3
137 77 3
137 83 3
137 85 3
137 86 3
137 92 3
137 93 3
137 94 3
137 99 3
137 112 3
137 118 3
137 126 3
137 127 3
137 129 3
137 134 3
137 135 3
137 137 3
138 1 3
138 5 3
138 11 3
138 12 3
138 13 3
138 16 3
138 21 3
138 22 3
138 24 3
138 29 3
138 54 3
138 61 3
138 62 3
138 63 3
138 66 3
138 68 3
138 69 3
138 70 3
138 75 3
138 80 3
138 83 3
138 86 3
138 89 3
138 92 3
138 97 3
138 104 3
138 108 3
138 110 3
138 123 3
138 128 3
138 129 3
138 132 3
138 135 3
138 138 3
139 3 3
139 4 3
139 9 3
139 15 3
139 16 3
139 17 3
139 20 3
139 21 3
139 22 3
139 27 3
139 30 3
139 32 3
139 34 3
139 35 3
139 43 3
139 51 3
139 58 3
139 62 3
139 65 3
139 67 3
139 70 3
139 73 3
139 86 3
139 89 3
139 91 3
139 92 3
139 94 3
139 95 3
139 96 3
139 99 3
139 107 3
139 109 3
139 118 3
139 123 3
139 124 3
139 135 3
139 137 3
140 0 3
140 1 3
140 2 3
140 7 3
140 12 3
140 13 3
140 17 3
140 22 3
140 25 3
140 26 3
140 27 3
140 28 3
140 32 3
140 34 3
140 40 3
140 41 3
140 42 3
140 49 3
140 50 3
140 54 3
140 63 3
140 65 3
140 67 3
140 68 3
140 74 3
140 75 3
140 88 3
140 89 3
140 90 3
140 96 3
140 100 3
140 102 3
140 105 3
140 106 3
140 107 3
140 120 3
140 121 3
140 123 3
140 125 3
140 126 3
140 138 3
140 139 3
140 140 3
141 1 3
141 2 3
141 4 3
141 7 3
141 9 3
141 10 3
141 16 3
141 22 3
141 29 3
141 36 3
141 43 3
141 44 3
141 46 3
141 58 3
141 61 3
141 63 3
141 71 3
141 75 3
141 76 3
141 82 3
141 83 3
141 84 3
141 85 3
141 96 3
141 105 3
141 111 3
141 115 3
141 119 3
141 121 3
141 128 3
141 133 3
141 137 3
141 138 3
141 139 3
141 140 3
142 4 3
142 8 3
142 13 3
142 18 3
142 22 3
142 28 3
142 30 3
142 31 3
142 32 3
142 34 3
142 40 3
142 50 3
142 51 3
142 52 3
142 54 3
142 61 3
142 65 3
142 68 3
142 69 3
142 73 3
142 83 3
142 84 3
142 92 3
142 94 3
142 95 3
142 99 3
142 101 3
142 113 3
142 117 3
142 123 3
142 126 3
142 127 3
142 137 3
142 140 3
143 0 3
143 11 3
143 15 3
143 19 3
143 20 3
143 21 3
143 22 3
143 29 3
143 32 3
143 33 3
143 37 3
143 45 3
143 47 3
143 49 3
143 52 3
143 58 3
143 59 3
143 62 3
143 75 3
143 77 3
143 80 3
143 82 3
143 83 3
143 90 3
143 92 3
143 96 3
143 98 3
143 100 3
143 102 3
143 105 3
143 108 3
143 117 3
143 118 3
143 122 3
143 128 3
143 130 3
143 131 3
143 133 3
143 135 3
143 136 3
143 138 3
143 141 3
143 143 3
144 4 3
144 6 3
144 9 3
144 10 3
144 14 3
144 17 3
144 18 3
144 20 3
144 40 3
144 41 3
144 42 3
144 43 3
144 45 3
144 46 3
144 51 3
144 55 3
144 56 3
144 59 3
144 63 3
144 64 3
144 74 3
144 81 3
144 85 3
144 87 3
144 91 3
144 106 3
144 114 3
144 116 3
144 119 3
144 124 3
144 126 3
144 127 3
144 128 3
144 131 3
144 132 3
144 135 3
144 140 3
144 141 3
145 1 3
145 4 3
145 6 3
145 10 3
145 12 3
145 15 3
145 23 3
145 26 3
145 28 3
145 31 3
145 33 3
145 34 3
145 35 3
145 38 3
145 40 3
145 42 3
145 49 3
145 51 3
145 56 3
145 57 3
145 60 3
145 62 3
145 65 3
145 68 3
145 69 3
145 71 3
145 75 3
145 83 3
145 84 3
145 89 3
145 98 3
145 107 3
145 108 3
145 109 3
145 110 3
145 111 3
145 122 3
145 131 3
145 135 3
145 140 3
145 144 3
146 1 3
146 5 3
146 9 3
146 11 3
146 18 3
146 24 3
146 26 3
146 32 3
146 33 3
146 34 3
146 36 3
146 41 3
146 42 3
146 43 3
146 51 3
146 53 3
146 54 3
146 63 3
146 65 3
146 70 3
146 74 3
146 82 3
146 84 3
146 87 3
146 88 3
146 89 3
146 93 3
146 94 3
146 104 3
146 108 3
146 110 3
146 113 3
146 115 3
146 117 3
146 118 3
146 119 3
146 127 3
146 130 3
146 134 3
146 138 3
147 8 3
147 9 3
147 12 3
147 20 3
147 21 3
147 24 3
147 30 3
147 34 3
147 35 3
147 38 3
147 45 3
147 47 3
147 54 3
147 56 3
147 62 3
147 63 3
147 67 3
147 68 3
147 69 3
147 80 3
147 82 3
147 90 3
147 95 3
147 97 3
147 101 3
147 106 3
147 107 3
147 108 3
147 113 3
147 116 3
147 129 3
147 135 3
147 136 3
147 144 3
147 147 3
148 0 3
148 5 3
148 7 3
148 16 3
148 17 3
148 25 3
148 26 3
148 31 3
148 33 3
148 44 3
148 58 3
148 60 3
148 64 3
148 66 3
148 77 3
148 78 3
148 80 3
148 95 3
148 96 3
148 98 3
148 100 3
148 102 3
148 103 3
148 105 3
148 106 3
148 111 3
148 112 3
148 113 3
148 124 3
148 143 3
148 144 3
148 148 3
149 0 3
149 4 3
149 5 3
149 6 3
149 8 3
149 14 3
149 20 3
149 26 3
149 35 3
149 38 3
149 41 3
149 42 3
149 45 3
149 58 3
149 60 3
149 68 3
149 69 3
149 81 3
149 85 3
149 87 3
149 90 3
149 94 3
149 100 3
149 101 3
149 102 3
149 103 3
149 112 3
149 113 3
149 116 3
149 117 3
149 118 3
149 132 3
149 133 3
149 137 3
149 138 3
149 149 3
150 7 3
150 11 3
150 20 3
150 22 3
150 23 3
150 30 3
150 33 3
150 34 3
150 50 3
150 52 3
150 66 3
150 68 3
150 70 3
150 71 3
150 72 3
150 80 3
150 81 3
150 82 3
150 85 3
150 87 3
150 89 3
150 90 3
150 91 3
150 94 3
150 95 3
150 102 3
150 104 3
150 107 3
150 108 3
150 112 3
150 118 3
150 121 3
150 134 3
150 135 3
150 136 3
150 137 3
150 142 3
150 146 3
150 149 3
151 7 3
151 11 3
151 14 3
151 15 3
151 16 3
151 20 3
151 21 3
151 31 3
151 35 3
151 42 3
151 43 3
151 58 3
151 61 3
151 71 3
151 72 3
151 79 3
151 82 3
151 84 3
151 85 3
151 88 3
151 94 3
151 95 3
151 99 3
151 101 3
151 110 3
151 111 3
151 116 3
151 124 3
151 128 3
151 131 3
151 132 3
151 141 3
151 145 3
151 149 3
151 150 3
152 0 3
152 2 3
152 5 3
152 6 3
152 11 3
152 12 3
152 14 3
152 16 3
152 19 3
152 22 3
152 25 3
152 26 3
152 28 3
152 29 3
152 30 3
152 33 3
152 35 3
152 36 3
152 40 3
152 42 3
152 47 3
152 56 3
152 57 3
152 58 3
152 59 3
152 60 3
152 65 3
152 68 3
152 72 3
152 73 3
152 84 3
152 89 3
152 94 3
152 97 3
152 101 3
152 104 3
152 118 3
152 135 3
152 137 3
152 141 3
153 0 3
153 1 3
153 6 3
153 18 3
153 21 3
153 22 3
153 27 3
153 42 3
153 45 3
153 48 3
153 54 3
153 56 3
153 64 3
153 67 3
153 70 3
153 75 3
153 76 3
153 77 3
153 79 3
153 87 3
153 89 3
153 94 3
153 95 3
153 103 3
153 104 3
153 106 3
153 108 3
153 110 3
153 112 3
153 113 3
153 116 3
153 120 3
153 123 3
153 126 3
153 129 3
153 136 3
153 142 3
153 147 3
153 150 3
153 152 3
153 153 3
154 7 3
154 18 3
154 34 3
154 37 3
154 43 3
154 48 3
154 51 3
154 57 3
154 69 3
154 70 3
154 72 3
154 75 3
154 80 3
154 86 3
154 89 3
154 90 3
154 97 3
154 98 3
154 101 3
154 106 3
154 107 3
154 109 3
154 112 3
154 113 3
154 119 3
154 121 3
154 123 3
154 125 3
154 127 3
154 129 3
154 134 3
154 136 3
154 139 3
154 140 3
154 143 3
154 144 3
154 145 3
154 146 3
154 147 3
155 1 3
155 2 3
155 4 3
155 6 3
155 13 3
155 15 3
155 16 3
155 17 3
155 18 3
155 21 3
155 23 3
155 24 3
155 25 3
155 31 3
155 33 3
155 35 3
155 36 3
155 37 3
155 38 3
155 40 3
155 45 3
155 57 3
155 59 3
155 60 3
155 77 3
155 78 3
155 80 3
155 82 3
155 85 3
155 88 3
155 94 3
155 101 3
155 102 3
155 103 3
155 104 3
155 105 3
155 108 3
155 111 3
155 112 3
155 117 3
155 123 3
155 124 3
155 128 3
155 129 3
155 130 3
155 131 3
155 138 3
155 141 3
155 149 3
155 153 3
156 0 3
156 5 3
156 10 3
156 12 3
156 18 3
156 19 3
156 24 3
156 27 3
156 33 3
156 35 3
156 37 3
156 39 3
156 53 3
156 55 3
156 57 3
156 58 3
156 59 3
156 60 3
156 61 3
156 62 3
156 69 3
156 70 3
156 72 3
156 74 3
156 80 3
156 82 3
156 88 3
156 93 3
156 95 3
156 99 3
156 102 3
156 103 3
156 106 3
156 118 3
156 123 3
156 127 3
156 130 3
156 131 3
156 140 3
156 148 3
157 0 3
157 1 3
157 2 3
157 6 3
157 7 3
157 8 3
157 11 3
157 15 3
157 27 3
157 28 3
157 29 3
157 36 3
157 56 3
157 58 3
157 61 3
157 64 3
157 65 3
157 73 3
157 74 3
157 75 3
157 81 3
157 82 3
157 92 3
157 93 3
157 95 3
157 98 3
157 102 3
157 109 3
157 111 3
157 112 3
157 113 3
157 114 3
157 116 3
157 120 3
157 124 3
157 126 3
157 130 3
157 133 3
157 134 3
157 142 3
157 144 3
157 148 3
157 150 3
157 154 3
158 1 3
158 4 3
158 6 3
158 16 3
158 22 3
158 24 3
158 32 3
158 37 3
158 44 3
158 46 3
158 47 3
158 51 3
158 56 3
158 59 3
158 63 3
158 65 3
158 67 3
158 69 3
158 72 3
158 76 3
158 77 3
158 78 3
158 79 3
158 84 3
158 86 3
158 88 3
158 91 3
158 92 3
158 94 3
158 97 3
158 98 3
158 99 3
158 100 3
158 104 3
158 107 3
158 109 3
158 110 3
158 111 3
158 112 3
158 117 3
158 119 3
158 124 3
158 125 3
158 128 3
158 130 3
158 131 3
158 132 3
158 139 3
158 148 3
158 153 3
159 0 3
159 12 3
159 14 3
159 16 3
159 18 3
159 24 3
159 28 3
159 33 3
159 41 3
159 43 3
159 47 3
159 48 3
159 52 3
159 54 3
159 59 3
159 62 3
159 64 3
159 65 3
159 71 3
159 75 3
159 76 3
159 83 3
159 86 3
159 89 3
159 92 3
159 94 3
159 95 3
159 97 3
159 98 3
159 100 3
159 103 3
159 105 3
159 106 3
159 107 3
159 114 3
159 115 3
159 121 3
159 124 3
159 126 3
159 131 3
159 140 3
159 142 3
159 144 3
159 148 3
159 149 3
159 150 3
159 157 3
160 1 3
160 2 3
160 6 3
160 9 3
160 15 3
160 16 3
160 21 3
160 23 3
160 25 3
160 28 3
160 31 3
160 35 3
160 37 3
160 39 3
160 41 3
160 54 3
160 64 3
160 66 3
160 77 3
160 80 3
160 82 3
160 88 3
160 89 3
160 95 3
160 97 3
160 100 3
160 101 3
160 102 3
160 113 3
160 117 3
160 123 3
160 128 3
160 131 3
160 147 3
160 151 3
161 0 3
161 5 3
161 12 3
161 13 3
161 14 3
161 17 3
161 20 3
161 22 3
161 24 3
161 25 3
161 26 3
161 27 3
161 29 3
161 33 3
161 35 3
161 36 3
161 39 3
161 45 3
161 51 3
161 53 3
161 56 3
161 58 3
161 65 3
161 68 3
161 70 3
161 71 3
161 75 3
161 79 3
161 80 3
161 81 3
161 94 3
161 97 3
161 98 3
161 113 3
161 118 3
161 123 3
161 127 3
161 128 3
161 131 3
161 133 3
161 134 3
161 142 3
161 144 3
161 146 3
161 147 3
161 152 3
161 153 3
161 154 3
161 155 3
161 158 3
162 8 3
162 12 3
162 20 3
162 22 3
162 27 3
162 29 3
162 30 3
162 34 3
162 37 3
162 44 3
162 47 3
162 49 3
162 52 3
162 65 3
162 69 3
162 72 3
162 76 3
162 77 3
162 84 3
162 85 3
162 96 3
162 97 3
162 100 3
162 106 3
162 118 3
162 122 3
162 124 3
162 126 3
162 128 3
162 129 3
162 131 3
162 144 3
162 147 3
162 148 3
162 150 3
162 161 3
163 10 3
163 14 3
163 23 3
163 25 3
163 37 3
163 38 3
163 47 3
163 48 3
163 55 3
163 94 3
163 96 3
163 110 3
163 119 3
163 126 3
163 129 3
163 131 3
163 134 3
163 136 3
163 142 3
163 147 3
163 148 3
163 151 3
163 153 3
163 155 3
163 162 3
164 10 3
164 16 3
164 18 3
164 30 3
164 33 3
164 35 3
164 37 3
164 38 3
164 39 3
164 42 3
164 45 3
164 49 3
164 53 3
164 56 3
164 57 3
164 58 3
164 61 3
164 64 3
164 65 3
164 75 3
164 82 3
164 97 3
164 102 3
164 106 3
164 108 3
164 112 3
164 116 3
164 128 3
164 129 3
164 131 3
164 132 3
164 133 3
164 135 3
164 140 3
164 141 3
164 142 3
164 144 3
164 151 3
164 153 3
164 156 3
165 2 3
165 8 3
165 9 3
165 14 3
165 15 3
165 26 3
165 27 3
165 31 3
165 34 3
165 41 3
165 43 3
165 45 3
165 53 3
165 54 3
165 63 3
165 70 3
165 74 3
165 80 3
165 87 3
165 89 3
165 95 3
165 105 3
165 106 3
165 112 3
165 114 3
165 124 3
165 127 3
165 130 3
165 132 3
165 133 3
165 134 3
165 135 3
165 137 3
165 150 3
165 151 3
165 158 3
166 12 3
166 14 3
166 17 3
166 18 3
166 22 3
166 25 3
166 27 3
166 32 3
166 36 3
166 42 3
166 43 3
166 44 3
166 48 3
166 49 3
166 62 3
166 63 3
166 64 3
166 72 3
166 74 3
166 79 3
166 81 3
166 84 3
166 86 3
166 87 3
166 93 3
166 97 3
166 107 3
166 111 3
166 121 3
166 123 3
166 126 3
166 128 3
166 129 3
166 135 3
166 139 3
166 144 3
166 145 3
166 151 3
166 152 3
166 159 3
166 160 3
166 164 3
166 166 3
167 0 3
167 4 3
167 7 3
167 10 3
167 11 3
167 12 3
167 14 3
167 33 3
167 34 3
167 38 3
167 41 3
167 42 3
167 44 3
167 46 3
167 49 3
167 51 3
167 53 3
167 55 3
167 63 3
167 65 3
167 66 3
167 70 3
167 71 3
167 73 3
167 90 3
167 91 3
167 100 3
167 102 3
167 105 3
167 107 3
167 108 3
167 111 3
167 123 3
167 131 3
167 132 3
167 133 3
167 134 3
167 135 3
167 136 3
167 148 3
167 149 3
167 155 3
167 158 3
167 163 3
168 2 3
168 13 3
168 19 3
168 20 3
168 22 3
168 28 3
168 36 3
168 40 3
168 43 3
168 49 3
168 56 3
168 61 3
168 63 3
168 73 3
168 77 3
168 85 3
168 88 3
168 90 3
168 100 3
168 104 3
168 106 3
168 109 3
168 114 3
168 119 3
168 121 3
168 128 3
168 130 3
168 131 3
168 135 3
168 136 3
168 143 3
168 152 3
168 155 3
168 157 3
168 161 3
168 164 3
168 167 3
169 0 3
169 8 3
169 18 3
169 20 3
169 22 3
169 24 3
169 33 3
169 34 3
169 36 3
169 45 3
169 47 3
169 50 3
169 54 3
169 55 3
169 60 3
169 61 3
169 62 3
169 64 3
169 65 3
169 67 3
169 69 3
169 73 3
169 81 3
169 82 3
169 85 3
169 88 3
169 91 3
169 93 3
169 95 3
169 102 3
169 103 3
169 104 3
169 108 3
169 112 3
169 114 3
169 120 3
169 125 3
169 127 3
169 128 3
169 130 3
169 133 3
169 136 3
169 137 3
169 139 3
169 156 3
169 169 3
170 8 3
170 9 3
170 11 3
170 14 3
170 17 3
170 20 3
170 21 3
170 22 3
170 23 3
170 27 3
170 30 3
170 32 3
170 33 3
170 34 3
170 35 3
170 37 3
170 41 3
170 50 3
170 52 3
170 53 3
170 55 3
170 60 3
170 63 3
170 65 3
170 70 3
170 71 3
170 76 3
170 87 3
170 104 3
170 109 3
170 110 3
170 112 3
170 121 3
170 126 3
170 129 3
170 130 3
170 134 3
170 142 3
170 147 3
170 148 3
170 149 3
170 151 3
170 157 3
170 165 3
170 170 3
171 1 3
171 4 3
171 5 3
171 6 3
171 8 3
171 15 3
171 21 3
171 22 3
171 29 3
171 30 3
171 33 3
171 38 3
171 40 3
171 48 3
171 53 3
171 60 3
171 61 3
171 66 3
171 68 3
171 73 3
171 74 3
171 75 3
171 79 3
171 83 3
171 88 3
171 100 3
171 102 3
171 109 3
171 119 3
171 122 3
171 123 3
171 127 3
171 130 3
171 132 3
171 138 3
171 147 3
171 149 3
171 152 3
171 154 3
171 159 3
171 163 3
171 164 3
171 167 3
171 170 3
172 1 3
172 2 3
172 3 3
172 20 3
172 25 3
172 26 3
172 34 3
172 45 3
172 52 3
172 54 3
172 59 3
172 73 3
172 80 3
172 83 3
172 84 3
172 86 3
172 94 3
172 95 3
172 98 3
172 114 3
172 115 3
172 116 3
172 117 3
172 120 3
172 121 3
172 122 3
172 125 3
172 127 3
172 129 3
172 130 3
172 133 3
172 134 3
172 146 3
172 154 3
172 156 3
172 157 3
172 165 3
172 169 3
172 170 3
172 171 3
173 1 3
173 4 3
173 7 3
173 15 3
173 18 3
173 29 3
173 31 3
173 36 3
173 42 3
173 43 3
173 45 3
173 49 3
173 53 3
173 59 3
173 64 3
173 65 3
173 71 3
173 76 3
173 78 3
173 85 3
173 87 3
173 96 3
173 109 3
173 117 3
173 118 3
173 124 3
173 132 3
173 138 3
173 140 3
173 143 3
173 145 3
173 151 3
173 152 3
173 154 3
174 12 3
174 18 3
174 21 3
174 22 3
174 24 3
174 32 3
174 36 3
174 38 3
174 39 3
174 40 3
174 42 3
174 48 3
174 50 3
174 52 3
174 63 3
174 64 3
174 74 3
174 87 3
174 92 3
174 93 3
174 94 3
174 103 3
174 107 3
174 109 3
174 118 3
174 119 3
174 120 3
174 121 3
174 124 3
174 127 3
174 130 3
174 134 3
174 142 3
174 147 3
174 150 3
174 156 3
174 161 3
174 164 3
174 169 3
174 170 3
174 172 3
175 4 3
175 10 3
175 14 3
175 15 3
175 17 3
175 19 3
175 22 3
175 35 3
175 36 3
175 41 3
175 46 3
175 58 3
175 66 3
175 73 3
175 76 3
175 78 3
175 79 3
175 82 3
175 92 3
175 104 3
175 107 3
175 110 3
175 113 3
175 115 3
175 116 3
175 131 3
175 144 3
175 149 3
175 150 3
175 151 3
175 152 3
175 155 3
175 156 3
175 158 3
175 170 3
175 173 3
176 2 3
176 4 3
176 10 3
176 13 3
176 19 3
176 21 3
176 25 3
176 31 3
176 41 3
176 43 3
176 49 3
176 50 3
176 54 3
176 57 3
176 58 3
176 62 3
176 67 3
176 74 3
176 75 3
176 76 3
176 81 3
176 87 3
176 94 3
176 102 3
176 115 3
176 120 3
176 122 3
176 127 3
176 134 3
176 136 3
176 144 3
176 145 3
176 153 3
176 154 3
176 163 3
176 164 3
176 165 3
176 167 3
176 170 3
176 175 3
177 2 3
177 7 3
177 16 3
177 31 3
177 39 3
177 45 3
177 46 3
177 50 3
177 52 3
177 56 3
177 58 3
177 61 3
177 62 3
177 63 3
177 66 3
177 75 3
177 76 3
177 89 3
177 94 3
177 98 3
177 100 3
177 102 3
177 113 3
177 122 3
177 127 3
177 133 3
177 138 3
177 140 3
177 141 3
177 142 3
177 144 3
177 148 3
177 149 3
177 161 3
177 162 3
177 163 3
177 164 3
177 166 3
177 167 3
177 169 3
178 9 3
178 12 3
178 17 3
178 18 3
178 28 3
178 30 3
178 33 3
178 41 3
178 43 3
178 46 3
178 56 3
178 59 3
178 62 3
178 68 3
178 73 3
178 75 3
178 76 3
178 78 3
178 82 3
178 84 3
178 86 3
178 90 3
178 95 3
178 97 3
178 105 3
178 108 3
178 111 3
178 115 3
178 122 3
178 139 3
178 144 3
178 146 3
178 157 3
178 158 3
178 172 3
178 173 3
178 174 3
178 175 3
179 8 3
179 9 3
179 10 3
179 15 3
179 21 3
179 24 3
179 25 3
179 26 3
179 36 3
179 42 3
179 45 3
179 47 3
179 49 3
179 51 3
179 53 3
179 54 3
179 57 3
179 58 3
179 70 3
179 72 3
179 77 3
179 78 3
179 81 3
179 84 3
179 87 3
179 88 3
179 90 3
179 96 3
179 104 3
179 106 3
179 111 3
179 112 3
179 120 3
179 122 3
179 123 3
179 127 3
179 129 3
179 133 3
179 145 3
179 154 3
179 155 3
179 160 3
179 172 3
179 174 3
180 1 3
180 5 3
180 11 3
180 13 3
180 15 3
180 21 3
180 22 3
180 23 3
180 24 3
180 25 3
180 26 3
180 28 3
180 29 3
180 31 3
180 32 3
180 33 3
180 36 3
180 39 3
180 41 3
180 42 3
180 52 3
180 53 3
180 58 3
180 62 3
180 63 3
180 66 3
180 73 3
180 75 3
180 82 3
180 83 3
180 95 3
180 99 3
180 100 3
180 101 3
180 102 3
180 107 3
180 117 3
180 118 3
180 121 3
180 131 3
180 139 3
180 143 3
180 146 3
180 147 3
180 148 3
180 151 3
180 153 3
180 156 3
180 157 3
180 158 3
180 168 3
180 170 3
180 171 3
180 172 3
180 174 3
180 178 3
180 180 3
181 0 3
181 4 3
181 6 3
181 13 3
181 18 3
181 19 3
181 29 3
181 41 3
181 46 3
181 47 3
181 52 3
181 54 3
181 56 3
181 57 3
181 61 3
181 64 3
181 67 3
181 78 3
181 79 3
181 85 3
181 94 3
181 108 3
181 112 3
181 116 3
181 129 3
181 131 3
181 133 3
181 137 3
181 138 3
181 141 3
181 143 3
181 145 3
181 149 3
181 151 3
181 155 3
181 157 3
181 166 3
181 173 3
181 175 3
181 180 3
181 181 3
182 1 3
182 3 3
182 4 3
182 8 3
182 10 3
182 18 3
182 20 3
182 26 3
182 28 3
182 29 3
182 32 3
182 41 3
182 45 3
182 50 3
182 51 3
182 54 3
182 55 3
182 63 3
182 64 3
182 68 3
182 71 3
182 73 3
182 74 3
182 75 3
182 83 3
182 88 3
182 94 3
182 101 3
182 104 3
182 105 3
182 119 3
182 120 3
182 125 3
182 128 3
182 129 3
182 132 3
182 140 3
182 142 3
182 143 3
182 144 3
182 146 3
182 147 3
182 150 3
182 153 3
182 158 3
182 159 3
182 163 3
182 164 3
182 172 3
182 174 3
182 176 3
182 178 3
182 181 3
182 182 3
183 11 3
183 14 3
183 15 3
183 22 3
183 27 3
183 29 3
183 32 3
183 34 3
183 41 3
183 43 3
183 45 3
183 50 3
183 57 3
183 59 3
183 62 3
183 65 3
183 67 3
183 70 3
183 72 3
183 73 3
183 79 3
183 81 3
183 82 3
183 83 3
183 84 3
183 96 3
183 100 3
183 101 3
183 102 3
183 106 3
183 112 3
183 114 3
183 116 3
183 120 3
183 121 3
183 126 3
183 127 3
183 129 3
183 134 3
183 137 3
183 142 3
183 144 3
183 146 3
183 149 3
183 150 3
183 157 3
183 160 3
183 164 3
183 172 3
183 180 3
184 0 3
184 9 3
184 10 3
184 12 3
184 14 3
184 17 3
184 23 3
184 25 3
184 31 3
184 34 3
184 38 3
184 39 3
184 50 3
184 52 3
184 53 3
184 58 3
184 64 3
184 69 3
184 70 3
184 71 3
184 76 3
184 78 3
184 80 3
184 82 3
184 87 3
184 89 3
184 91 3
184 99 3
184 102 3
184 106 3
184 111 3
184 124 3
184 130 3
184 133 3
184 138 3
184 143 3
184 145 3
184 146 3
184 152 3
184 157 3
184 159 3
184 161 3
184 163 3
184 167 3
184 174 3
184 180 3
184 183 3
185 2 3
185 13 3
185 20 3
185 28 3
185 29 3
185 43 3
185 44 3
185 49 3
185 53 3
185 56 3
185 57 3
185 59 3
185 61 3
185 65 3
185 67 3
185 68 3
185 73 3
185 74 3
185 78 3
185 81 3
185 86 3
185 89 3
185 94 3
185 96 3
185 99 3
185 101 3
185 104 3
185 109 3
185 112 3
185 114 3
185 118 3
185 119 3
185 120 3
185 126 3
185 127 3
185 134 3
185 139 3
185 144 3
185 145 3
185 150 3
185 151 3
185 154 3
185 161 3
185 163 3
185 166 3
185 167 3
185 171 3
185 179 3
185 181 3
185 182 3
186 1 3
186 2 3
186 5 3
186 12 3
186 13 3
186 17 3
186 22 3
186 23 3
186 24 3
186 27 3
186 30 3
186 33 3
186 35 3
186 37 3
186 43 3
186 51 3
186 52 3
186 59 3
186 70 3
186 72 3
186 79 3
186 81 3
186 89 3
186 91 3
186 92 3
186 99 3
186 103 3
186 106 3
186 109 3
186 113 3
186 115 3
186 118 3
186 119 3
186 123 3
186 126 3
186 130 3
186 131 3
186 133 3
186 134 3
186 135 3
186 137 3
186 142 3
186 148 3
186 151 3
186 155 3
186 159 3
186 161 3
186 171 3
186 181 3
186 182 3
186 183 3
187 3 3
187 9 3
187 11 3
187 24 3
187 26 3
187 31 3
187 35 3
187 37 3
187 51 3
187 54 3
187 64 3
187 66 3
187 67 3
187 69 3
187 70 3
187 71 3
187 73 3
187 89 3
187 92 3
187 95 3
187 97 3
187 98 3
187 112 3
187 113 3
187 119 3
187 128 3
187 130 3
187 132 3
187 134 3
187 135 3
187 138 3
187 144 3
187 147 3
187 154 3
187 155 3
187 158 3
187 161 3
187 164 3
187 168 3
187 169 3
187 170 3
187 171 3
187 172 3
187 175 3
187 177 3
187 178 3
187 179 3
187 184 3
187 186 3
188 3 3
188 6 3
188 11 3
188 20 3
188 32 3
188 33 3
188 34 3
188 38 3
188 41 3
188 42 3
188 51 3
188 52 3
188 53 3
188 56 3
188 57 3
188 65 3
188 73 3
188 76 3
188 80 3
188 95 3
188 96 3
188 101 3
188 103 3
188 105 3
188 106 3
188 110 3
188 112 3
188 113 3
188 114 3
188 118 3
188 121 3
188 123 3
188 125 3
188 131 3
188 132 3
188 137 3
188 140 3
188 146 3
188 147 3
188 148 3
188 151 3
188 157 3
188 163 3
188 164 3
188 167 3
188 168 3
188 171 3
188 187 3
188 188 3
189 2 3
189 3 3
189 6 3
189 7 3
189 15 3
189 16 3
189 20 3
189 32 3
189 35 3
189 38 3
189 42 3
189 46 3
189 55 3
189 56 3
189 63 3
189 65 3
189 70 3
189 72 3
189 76 3
189 80 3
189 82 3
189 85 3
189 90 3
189 94 3
189 96 3
189 99 3
189 101 3
189 102 3
189 109 3
189 111 3
189 128 3
189 130 3
189 131 3
189 132 3
189 136 3
189 148 3
189 154 3
189 160 3
189 161 3
189 166 3
189 168 3
189 177 3
189 178 3
189 180 3
189 188 3
189 189 3
190 1 3
190 3 3
190 10 3
190 11 3
190 15 3
190 19 3
190 24 3
190 25 3
190 30 3
190 31 3
190 33 3
190 54 3
190 55 3
190 60 3
190 63 3
190 72 3
190 73 3
190 74 3
190 77 3
190 80 3
190 84 3
190 86 3
190 95 3
190 98 3
190 107 3
190 119 3
190 120 3
190 122 3
190 125 3
190 129 3
190 142 3
190 144 3
190 151 3
190 155 3
190 158 3
190 160 3
190 165 3
190 190 3
191 5 3
191 9 3
191 18 3
191 20 3
191 27 3
191 36 3
191 41 3
191 48 3
191 50 3
191 52 3
191 54 3
191 62 3
191 69 3
191 73 3
191 74 3
191 75 3
191 80 3
191 82 3
191 88 3
191 95 3
191 96 3
191 101 3
191 104 3
191 108 3
191 120 3
191 121 3
191 128 3
191 133 3
191 143 3
191 144 3
191 151 3
191 154 3
191 158 3
191 160 3
191 166 3
191 167 3
191 171 3
191 172 3
191 173 3
191 174 3
191 176 3
191 178 3
191 179 3
191 180 3
191 186 3
191 189 3
191 190 3
192 6 3
192 9 3
192 10 3
192 11 3
192 12 3
192 14 3
192 17 3
192 19 3
192 21 3
192 24 3
192 25 3
192 27 3
192 28 3
192 29 3
192 40 3
192 52 3
192 59 3
192 64 3
192 65 3
192 69 3
192 73 3
192 80 3
192 83 3
192 101 3
192 116 3
192 121 3
192 126 3
192 127 3
192 129 3
192 130 3
192 131 3
192 137 3
192 140 3
192 142 3
192 145 3
192 146 3
192 159 3
192 160 3
192 164 3
192 167 3
192 182 3
192 183 3
192 188 3
192 189 3
192 190 3
192 192 3
193 3 3
193 6 3
193 12 3
193 19 3
193 24 3
193 28 3
193 42 3
193 43 3
193 45 3
193 50 3
193 52 3
193 54 3
193 55 3
193 57 3
193 63 3
193 85 3
193 90 3
193 94 3
193 104 3
193 107 3
193 109 3
193 115 3
193 118 3
193 122 3
193 126 3
193 131 3
193 139 3
193 140 3
193 142 3
193 145 3
193 148 3
193 150 3
193 153 3
193 154 3
193 156 3
193 158 3
193 160 3
193 161 3
193 164 3
193 167 3
193 172 3
193 174 3
193 176 3
193 186 3
193 187 3
193 189 3
193 190 3
193 191 3
193 192 3
194 2 3
194 11 3
194 18 3
194 22 3
194 25 3
194 26 3
194 27 3
194 28 3
194 31 3
194 36 3
194 37 3
194 38 3
194 40 3
194 42 3
194 50 3
194 58 3
194 60 3
194 66 3
194 67 3
194 76 3
194 82 3
194 85 3
194 87 3
194 88 3
194 97 3
194 106 3
194 112 3
194 114 3
194 120 3
194 123 3
194 131 3
194 155 3
194 162 3
194 164 3
194 175 3
194 177 3
194 179 3
194 189 3
195 0 3
195 2 3
195 5 3
195 7 3
195 10 3
195 11 3
195 14 3
195 21 3
195 26 3
195 27 3
195 37 3
195 39 3
195 40 3
195 46 3
195 50 3
195 57 3
195 59 3
195 61 3
195 67 3
195 70 3
195 71 3
195 79 3
195 82 3
195 87 3
195 88 3
195 91 3
195 94 3
195 99 3
195 104 3
195 107 3
195 110 3
195 115 3
195 117 3
195 121 3
195 126 3
195 128 3
195 129 3
195 130 3
195 132 3
195 133 3
195 134 3
195 141 3
195 143 3
195 150 3
195 159 3
195 165 3
195 173 3
195 179 3
195 180 3
195 184 3
195 192 3
195 194 3
195 195 3
196 0 3
196 9 3
196 12 3
196 13 3
196 15 3
196 18 3
196 20 3
196 21 3
196 22 3
196 24 3
196 39 3
196 40 3
196 44 3
196 45 3
196 46 3
196 50 3
196 53 3
196 54 3
196 55 3
196 59 3
196 61 3
196 64 3
196 67 3
196 68 3
196 74 3
196 75 3
196 80 3
196 83 3
196 89 3
196 101 3
196 103 3
196 104 3
196 106 3
196 112 3
196 115 3
196 117 3
196 122 3
196 130 3
196 132 3
196 140 3
196 141 3
196 142 3
196 145 3
196 147 3
196 150 3
196 153 3
196 157 3
196 163 3
196 164 3
196 165 3
196 171 3
196 174 3
196 180 3
196 181 3
196 185 3
196 186 3
196 187 3
196 190 3
196 193 3
197 3 3
197 9 3
197 10 3
197 20 3
197 22 3
197 24 3
197 34 3
197 36 3
197 39 3
197 42 3
197 48 3
197 49 3
197 51 3
197 52 3
197 64 3
197 68 3
197 70 3
197 77 3
197 79 3
197 80 3
197 82 3
197 83 3
197 88 3
197 89 3
197 95 3
197 99 3
197 100 3
197 104 3
197 110 3
197 112 3
197 121 3
197 124 3
197 127 3
197 129 3
197 138 3
197 139 3
197 145 3
197 147 3
197 159 3
197 160 3
197 161 3
197 162 3
197 167 3
197 174 3
197 175 3
197 177 3
197 185 3
197 186 3
197 195 3
198 0 3
198 1 3
198 2 3
198 3 3
198 7 3
198 13 3
198 24 3
198 35 3
198 38 3
198 39 3
198 40 3
198 45 3
198 47 3
198 55 3
198 63 3
198 74 3
198 75 3
198 76 3
198 80 3
198 86 3
198 87 3
198 92 3
198 93 3
198 95 3
198 97 3
198 103 3
198 109 3
198 111 3
198 112 3
198 115 3
198 116 3
198 125 3
198 127 3
198 131 3
198 133 3
198 137 3
198 144 3
198 146 3
198 148 3
198 153 3
198 160 3
198 161 3
198 166 3
198 167 3
198 176 3
198 192 3
198 197 3
198 198 3
199 9 3
199 12 3
199 13 3
199 15 3
199 16 3
199 17 3
199 20 3
199 32 3
199 35 3
199 36 3
199 50 3
199 55 3
199 56 3
199 61 3
199 62 3
199 67 3
199 72 3
199 73 3
199 75 3
199 76 3
199 79 3
199 81 3
199 87 3
199 88 3
199 89 3
199 94 3
199 98 3
199 99 3
199 101 3
199 114 3
199 117 3
199 138 3
199 139 3
199 140 3
199 147 3
199 150 3
199 154 3
199 156 3
199 157 3
199 160 3
199 162 3
199 168 3
199 169 3
199 178 3
199 185 3
199 186 3
199 193 3
199 199 3
