0 0 1
1 1 1
3 3 1
4 0 1
4 4 1
5 0 1
5 2 1
5 4 1
6 0 1
6 2 1
6 4 1
6 5 1
7 0 1
7 1 1
7 2 1
7 3 1
7 5 1
8 2 1
8 8 1
9 2 1
9 7 1
9 9 1
10 0 1
10 5 1
10 7 1
11 8 1
11 11 1
12 3 1
12 6 1
12 7 1
12 9 1
13 0 1
13 1 1
13 10 1
13 13 1
14 0 1
14 10 1
15 0 1
15 3 1
15 4 1
15 5 1
15 7 1
15 10 1
15 13 1
15 15 1
16 2 1
16 4 1
16 5 1
16 6 1
16 10 1
16 14 1
16 15 1
16 16 1
17 6 1
17 8 1
17 12 1
17 17 1
18 2 1
18 3 1
18 7 1
18 8 1
18 9 1
18 12 1
18 14 1
18 16 1
18 17 1
19 1 1
19 5 1
19 6 1
19 10 1
19 11 1
19 12 1
19 13 1
19 14 1
20 3 1
20 4 1
20 7 1
20 8 1
20 11 1
20 18 1
20 20 1
21 6 1
21 8 1
21 10 1
21 15 1
21 18 1
21 20 1
21 21 1
22 0 1
22 2 1
22 3 1
22 10 1
22 15 1
22 16 1
22 19 1
22 22 1
23 1 1
23 2 1
23 4 1
23 6 1
23 7 1
23 8 1
23 19 1
23 20 1
23 21 1
24 3 1
24 12 1
24 16 1
24 18 1
24 23 1
24 24 1
25 1 1
25 2 1
25 3 1
25 8 1
25 12 1
25 17 1
25 20 1
25 23 1
25 25 1
26 4 1
26 6 1
26 9 1
26 13 1
26 16 1
26 21 1
26 24 1
26 26 1
27 2 1
27 5 1
27 6 1
27 8 1
27 9 1
27 12 1
27 14 1
27 17 1
27 25 1
27 26 1
27 27 1
28 0 1
28 2 1
28 7 1
28 8 1
28 9 1
28 11 1
28 12 1
28 14 1
28 15 1
28 17 1
28 24 1
28 25 1
28 26 1
28 27 1
28 28 1
29 5 1
29 13 1
29 14 1
29 17 1
29 24 1
29 26 1
29 29 1
30 2 1
30 3 1
30 7 1
30 8 1
30 12 1
30 23 1
30 25 1
30 30 1
31 0 1
31 4 1
31 5 1
31 7 1
31 8 1
31 9 1
31 10 1
31 11 1
31 14 1
31 15 1
31 19 1
31 21 1
31 22 1
31 23 1
31 26 1
31 28 1
31 29 1
31 30 1
31 31 1
32 0 1
32 6 1
32 10 1
32 14 1
32 15 1
32 19 1
32 22 1
32 32 1
33 5 1
33 6 1
33 8 1
33 9 1
33 19 1
33 22 1
33 33 1
34 2 1
34 5 1
34 7 1
34 14 1
34 15 1
34 22 1
34 25 1
34 30 1
34 31 1
34 33 1
34 34 1
35 2 1
35 3 1
35 5 1
35 9 1
35 11 1
35 12 1
35 20 1
35 22 1
35 24 1
35 25 1
35 28 1
36 0 1
36 5 1
36 6 1
36 10 1
36 12 1
36 16 1
36 17 1
36 23 1
36 26 1
36 29 1
36 30 1
36 32 1
37 0 1
37 2 1
37 5 1
37 7 1
37 10 1
37 12 1
37 13 1
37 19 1
37 21 1
37 24 1
37 32 1
37 34 1
37 35 1
37 36 1
37 37 1
38 0 1
38 1 1
38 3 1
38 4 1
38 7 1
38 8 1
38 9 1
38 11 1
38 20 1
38 21 1
38 23 1
38 24 1
38 26 1
38 27 1
38 28 1
38 30 1
38 31 1
38 33 1
38 38 1
39 0 1
39 3 1
39 7 1
39 8 1
39 9 1
39 12 1
39 24 1
39 28 1
39 30 1
39 35 1
40 2 1
40 4 1
40 10 1
40 15 1
40 19 1
40 24 1
40 26 1
40 29 1
40 31 1
40 32 1
40 34 1
40 35 1
40 36 1
40 37 1
40 39 1
40 40 1
41 3 1
41 16 1
41 17 1
41 26 1
41 28 1
41 30 1
41 36 1
41 37 1
41 38 1
41 40 1
42 1 1
42 7 1
42 13 1
42 15 1
42 17 1
42 21 1
42 22 1
42 26 1
42 31 1
42 39 1
42 40 1
42 42 1
43 0 1
43 1 1
43 4 1
43 5 1
43 10 1
43 21 1
43 24 1
43 25 1
43 28 1
43 29 1
43 30 1
43 33 1
43 42 1
44 4 1
44 8 1
44 12 1
44 18 1
44 23 1
44 26 1
44 31 1
44 33 1
44 35 1
44 39 1
44 42 1
45 1 1
45 7 1
45 18 1
45 20 1
45 27 1
45 28 1
45 32 1
45 33 1
45 39 1
45 42 1
46 0 1
46 4 1
46 5 1
46 7 1
46 13 1
46 14 1
46 15 1
46 16 1
46 18 1
46 22 1
46 23 1
46 27 1
46 31 1
46 32 1
46 33 1
46 36 1
46 40 1
46 44 1
47 2 1
47 7 1
47 9 1
47 11 1
47 19 1
47 21 1
47 22 1
47 30 1
47 31 1
47 32 1
47 39 1
47 43 1
47 45 1
47 47 1
48 2 1
48 3 1
48 4 1
48 9 1
48 15 1
48 18 1
48 20 1
48 22 1
48 24 1
48 25 1
48 28 1
48 32 1
48 33 1
48 41 1
48 48 1
49 1 1
49 2 1
49 3 1
49 4 1
49 6 1
49 15 1
49 17 1
49 19 1
49 21 1
49 24 1
49 28 1
49 29 1
49 31 1
49 36 1
49 39 1
49 43 1
49 44 1
49 45 1
50 1 1
50 3 1
50 7 1
50 17 1
50 21 1
50 37 1
50 39 1
50 42 1
50 43 1
50 49 1
50 50 1
51 6 1
51 8 1
51 10 1
51 16 1
51 19 1
51 22 1
51 23 1
51 24 1
51 27 1
51 28 1
51 30 1
51 35 1
51 39 1
51 41 1
51 42 1
51 43 1
51 45 1
51 47 1
51 48 1
51 51 1
52 4 1
52 7 1
52 10 1
52 21 1
52 27 1
52 32 1
52 34 1
52 40 1
52 41 1
52 43 1
52 48 1
52 50 1
52 51 1
53 3 1
53 5 1
53 8 1
53 10 1
53 12 1
53 25 1
53 26 1
53 30 1
53 33 1
53 35 1
53 38 1
53 42 1
53 45 1
53 46 1
53 47 1
53 51 1
54 2 1
54 11 1
54 12 1
54 13 1
54 15 1
54 21 1
54 25 1
54 26 1
54 30 1
54 32 1
54 34 1
54 35 1
54 41 1
54 45 1
54 47 1
54 53 1
54 54 1
55 1 1
55 3 1
55 11 1
55 25 1
55 28 1
55 31 1
55 39 1
55 43 1
55 47 1
55 50 1
55 52 1
55 54 1
55 55 1
56 2 1
56 5 1
56 8 1
56 10 1
56 12 1
56 13 1
56 14 1
56 19 1
56 21 1
56 22 1
56 29 1
56 34 1
56 35 1
56 36 1
56 37 1
56 38 1
56 42 1
56 44 1
56 46 1
56 47 1
57 5 1
57 9 1
57 10 1
57 15 1
57 16 1
57 20 1
57 21 1
57 29 1
57 32 1
57 34 1
57 36 1
57 41 1
57 42 1
57 43 1
57 47 1
57 49 1
57 57 1
58 0 1
58 2 1
58 4 1
58 6 1
58 8 1
58 13 1
58 19 1
58 22 1
58 23 1
58 24 1
58 31 1
58 33 1
58 39 1
58 41 1
58 42 1
58 49 1
58 56 1
58 57 1
58 58 1
59 0 1
59 2 1
59 4 1
59 9 1
59 12 1
59 20 1
59 21 1
59 23 1
59 26 1
59 31 1
59 32 1
59 38 1
59 40 1
59 41 1
59 46 1
59 50 1
59 57 1
59 58 1
60 5 1
60 11 1
60 13 1
60 15 1
60 16 1
60 19 1
60 22 1
60 30 1
60 31 1
60 35 1
60 37 1
60 40 1
60 46 1
60 49 1
60 56 1
61 4 1
61 5 1
61 8 1
61 12 1
61 16 1
61 19 1
61 21 1
61 22 1
61 27 1
61 42 1
61 43 1
61 44 1
61 45 1
61 46 1
61 47 1
61 49 1
61 52 1
61 55 1
61 56 1
61 57 1
61 60 1
62 2 1
62 3 1
62 9 1
62 11 1
62 12 1
62 17 1
62 20 1
62 23 1
62 24 1
62 27 1
62 28 1
62 34 1
62 35 1
62 39 1
62 46 1
62 53 1
62 55 1
62 57 1
62 62 1
63 0 1
63 2 1
63 4 1
63 5 1
63 10 1
63 13 1
63 25 1
63 26 1
63 27 1
63 30 1
63 32 1
63 34 1
63 36 1
63 37 1
63 39 1
63 46 1
63 48 1
63 49 1
63 51 1
63 57 1
63 58 1
63 61 1
64 6 1
64 7 1
64 8 1
64 10 1
64 13 1
64 14 1
64 15 1
64 18 1
64 19 1
64 22 1
64 25 1
64 26 1
64 28 1
64 30 1
64 31 1
64 46 1
64 49 1
64 50 1
64 60 1
64 62 1
64 63 1
65 8 1
65 12 1
65 16 1
65 17 1
65 20 1
65 22 1
65 24 1
65 26 1
65 30 1
65 35 1
65 40 1
65 42 1
65 46 1
65 60 1
65 64 1
65 65 1
66 0 1
66 4 1
66 10 1
66 12 1
66 13 1
66 14 1
66 15 1
66 16 1
66 17 1
66 19 1
66 21 1
66 23 1
66 26 1
66 32 1
66 36 1
66 40 1
66 49 1
66 57 1
66 58 1
66 60 1
66 66 1
67 1 1
67 2 1
67 4 1
67 7 1
67 10 1
67 12 1
67 18 1
67 20 1
67 24 1
67 25 1
67 27 1
67 28 1
67 32 1
67 33 1
67 36 1
67 38 1
67 39 1
67 40 1
67 41 1
67 45 1
67 47 1
67 48 1
67 51 1
67 53 1
67 58 1
67 62 1
67 67 1
68 3 1
68 5 1
68 8 1
68 9 1
68 10 1
68 13 1
68 15 1
68 18 1
68 29 1
68 34 1
68 35 1
68 36 1
68 40 1
68 42 1
68 46 1
68 47 1
68 49 1
68 55 1
68 56 1
68 59 1
68 60 1
68 61 1
68 64 1
68 66 1
68 67 1
68 68 1
69 9 1
69 10 1
69 17 1
69 24 1
69 27 1
69 32 1
69 33 1
69 37 1
69 43 1
69 44 1
69 46 1
69 49 1
69 55 1
69 61 1
69 66 1
69 68 1
70 8 1
70 12 1
70 17 1
70 21 1
70 22 1
70 24 1
70 25 1
70 27 1
70 28 1
70 30 1
70 35 1
70 39 1
70 40 1
70 41 1
70 42 1
70 48 1
70 51 1
70 56 1
70 65 1
70 66 1
70 70 1
71 0 1
71 4 1
71 6 1
71 12 1
71 13 1
71 15 1
71 16 1
71 31 1
71 32 1
71 35 1
71 36 1
71 40 1
71 45 1
71 46 1
71 49 1
71 50 1
71 53 1
71 55 1
71 60 1
71 61 1
71 66 1
71 68 1
72 4 1
72 5 1
72 6 1
72 10 1
72 14 1
72 19 1
72 21 1
72 28 1
72 29 1
72 31 1
72 32 1
72 36 1
72 40 1
72 47 1
72 52 1
72 53 1
72 59 1
72 60 1
72 61 1
72 63 1
72 64 1
72 69 1
72 71 1
73 0 1
73 1 1
73 2 1
73 3 1
73 7 1
73 8 1
73 9 1
73 13 1
73 17 1
73 18 1
73 20 1
73 24 1
73 25 1
73 27 1
73 34 1
73 35 1
73 36 1
73 43 1
73 47 1
73 48 1
73 52 1
73 53 1
73 63 1
73 65 1
73 66 1
73 67 1
73 70 1
74 2 1
74 6 1
74 14 1
74 16 1
74 18 1
74 22 1
74 23 1
74 24 1
74 26 1
74 27 1
74 31 1
74 33 1
74 39 1
74 45 1
74 49 1
74 50 1
74 51 1
74 53 1
74 54 1
74 56 1
74 58 1
74 62 1
74 65 1
74 67 1
74 70 1
75 1 1
75 2 1
75 9 1
75 12 1
75 15 1
75 16 1
75 20 1
75 27 1
75 28 1
75 30 1
75 31 1
75 33 1
75 41 1
75 42 1
75 45 1
75 46 1
75 47 1
75 49 1
75 52 1
75 53 1
75 56 1
75 58 1
75 60 1
75 62 1
75 72 1
75 73 1
75 74 1
75 75 1
76 7 1
76 9 1
76 10 1
76 14 1
76 16 1
76 17 1
76 21 1
76 23 1
76 25 1
76 27 1
76 28 1
76 29 1
76 35 1
76 39 1
76 48 1
76 51 1
76 53 1
76 58 1
76 62 1
76 65 1
76 66 1
76 67 1
76 68 1
76 70 1
76 75 1
76 76 1
77 0 1
77 4 1
77 5 1
77 9 1
77 16 1
77 19 1
77 21 1
77 23 1
77 32 1
77 37 1
77 42 1
77 43 1
77 44 1
77 47 1
77 48 1
77 49 1
77 51 1
77 52 1
77 56 1
77 57 1
77 61 1
77 66 1
77 67 1
77 68 1
77 70 1
78 0 1
78 5 1
78 6 1
78 12 1
78 15 1
78 21 1
78 22 1
78 29 1
78 34 1
78 42 1
78 44 1
78 45 1
78 46 1
78 49 1
78 50 1
78 56 1
78 57 1
78 58 1
78 59 1
78 61 1
78 63 1
78 66 1
78 73 1
78 78 1
79 0 1
79 5 1
79 6 1
79 8 1
79 10 1
79 19 1
79 20 1
79 24 1
79 25 1
79 28 1
79 34 1
79 38 1
79 53 1
79 61 1
79 64 1
79 66 1
79 71 1
79 72 1
79 76 1
79 77 1
80 7 1
80 8 1
80 12 1
80 17 1
80 19 1
80 20 1
80 22 1
80 23 1
80 25 1
80 26 1
80 29 1
80 30 1
80 32 1
80 37 1
80 47 1
80 48 1
80 54 1
80 55 1
80 60 1
80 64 1
80 65 1
80 69 1
80 70 1
80 73 1
80 74 1
80 75 1
80 78 1
80 80 1
81 2 1
81 3 1
81 7 1
81 8 1
81 15 1
81 16 1
81 17 1
81 20 1
81 22 1
81 26 1
81 28 1
81 32 1
81 33 1
81 38 1
81 39 1
81 42 1
81 43 1
81 47 1
81 48 1
81 49 1
81 51 1
81 53 1
81 57 1
81 61 1
81 64 1
81 65 1
81 67 1
81 70 1
81 74 1
81 75 1
81 78 1
81 79 1
82 1 1
82 5 1
82 6 1
82 13 1
82 14 1
82 19 1
82 20 1
82 22 1
82 23 1
82 24 1
82 25 1
82 27 1
82 28 1
82 34 1
82 36 1
82 39 1
82 40 1
82 42 1
82 44 1
82 49 1
82 51 1
82 56 1
82 58 1
82 62 1
82 63 1
82 64 1
82 70 1
82 71 1
82 76 1
82 77 1
82 78 1
82 81 1
83 3 1
83 4 1
83 9 1
83 13 1
83 18 1
83 19 1
83 22 1
83 25 1
83 28 1
83 29 1
83 31 1
83 33 1
83 34 1
83 36 1
83 39 1
83 40 1
83 42 1
83 52 1
83 53 1
83 54 1
83 56 1
83 59 1
83 60 1
83 61 1
83 63 1
83 73 1
83 74 1
83 76 1
83 79 1
83 80 1
83 81 1
83 83 1
84 5 1
84 6 1
84 7 1
84 10 1
84 15 1
84 19 1
84 21 1
84 28 1
84 32 1
84 40 1
84 41 1
84 42 1
84 44 1
84 45 1
84 46 1
84 48 1
84 49 1
84 53 1
84 57 1
84 59 1
84 62 1
84 63 1
84 66 1
84 71 1
84 79 1
84 83 1
85 0 1
85 5 1
85 6 1
85 9 1
85 14 1
85 15 1
85 18 1
85 21 1
85 25 1
85 32 1
85 33 1
85 36 1
85 37 1
85 40 1
85 42 1
85 43 1
85 44 1
85 45 1
85 47 1
85 55 1
85 56 1
85 57 1
85 60 1
85 62 1
85 69 1
85 72 1
85 75 1
85 76 1
85 78 1
85 79 1
85 82 1
86 2 1
86 3 1
86 10 1
86 17 1
86 20 1
86 28 1
86 30 1
86 34 1
86 35 1
86 39 1
86 41 1
86 45 1
86 47 1
86 51 1
86 53 1
86 55 1
86 58 1
86 62 1
86 64 1
86 67 1
86 74 1
86 75 1
86 79 1
86 80 1
86 81 1
86 82 1
86 86 1
87 3 1
87 5 1
87 7 1
87 8 1
87 9 1
87 14 1
87 18 1
87 24 1
87 28 1
87 33 1
87 36 1
87 38 1
87 40 1
87 45 1
87 51 1
87 53 1
87 54 1
87 55 1
87 65 1
87 69 1
87 70 1
87 75 1
87 76 1
87 77 1
87 80 1
87 84 1
87 85 1
88 1 1
88 2 1
88 3 1
88 8 1
88 16 1
88 18 1
88 19 1
88 21 1
88 24 1
88 25 1
88 30 1
88 33 1
88 34 1
88 36 1
88 38 1
88 40 1
88 44 1
88 47 1
88 48 1
88 50 1
88 52 1
88 54 1
88 55 1
88 61 1
88 67 1
88 74 1
88 76 1
88 78 1
88 80 1
88 87 1
89 7 1
89 8 1
89 9 1
89 10 1
89 12 1
89 14 1
89 18 1
89 24 1
89 27 1
89 28 1
89 35 1
89 39 1
89 41 1
89 46 1
89 47 1
89 48 1
89 49 1
89 50 1
89 52 1
89 53 1
89 61 1
89 62 1
89 65 1
89 67 1
89 73 1
89 75 1
89 84 1
89 86 1
89 89 1
90 4 1
90 11 1
90 13 1
90 15 1
90 16 1
90 19 1
90 21 1
90 22 1
90 26 1
90 34 1
90 36 1
90 37 1
90 40 1
90 44 1
90 47 1
90 48 1
90 49 1
90 53 1
90 55 1
90 56 1
90 57 1
90 59 1
90 63 1
90 64 1
90 66 1
90 67 1
90 71 1
90 74 1
90 75 1
90 78 1
90 79 1
90 85 1
90 86 1
90 90 1
91 6 1
91 8 1
91 9 1
91 13 1
91 17 1
91 18 1
91 20 1
91 27 1
91 28 1
91 37 1
91 38 1
91 39 1
91 41 1
91 42 1
91 44 1
91 45 1
91 51 1
91 52 1
91 53 1
91 54 1
91 62 1
91 63 1
91 67 1
91 70 1
91 73 1
91 74 1
91 75 1
91 76 1
91 85 1
91 86 1
91 87 1
91 89 1
91 91 1
92 0 1
92 2 1
92 3 1
92 5 1
92 7 1
92 10 1
92 12 1
92 16 1
92 17 1
92 18 1
92 21 1
92 28 1
92 30 1
92 32 1
92 35 1
92 37 1
92 38 1
92 39 1
92 43 1
92 53 1
92 54 1
92 59 1
92 65 1
92 74 1
92 80 1
92 81 1
92 89 1
92 92 1
93 0 1
93 4 1
93 7 1
93 9 1
93 10 1
93 11 1
93 12 1
93 17 1
93 18 1
93 25 1
93 26 1
93 27 1
93 28 1
93 30 1
93 39 1
93 40 1
93 42 1
93 47 1
93 49 1
93 51 1
93 54 1
93 67 1
93 73 1
93 76 1
93 79 1
93 80 1
93 86 1
93 89 1
93 90 1
93 93 1
94 7 1
94 8 1
94 12 1
94 14 1
94 17 1
94 18 1
94 19 1
94 23 1
94 25 1
94 26 1
94 33 1
94 34 1
94 45 1
94 46 1
94 50 1
94 54 1
94 56 1
94 57 1
94 58 1
94 65 1
94 67 1
94 69 1
94 70 1
94 75 1
94 81 1
94 85 1
94 86 1
94 87 1
94 88 1
94 91 1
94 93 1
94 94 1
95 0 1
95 7 1
95 8 1
95 9 1
95 12 1
95 16 1
95 20 1
95 22 1
95 28 1
95 30 1
95 35 1
95 41 1
95 42 1
95 47 1
95 51 1
95 53 1
95 56 1
95 60 1
95 63 1
95 65 1
95 67 1
95 68 1
95 69 1
95 74 1
95 75 1
95 79 1
95 81 1
95 83 1
95 88 1
95 89 1
95 92 1
95 94 1
95 95 1
96 3 1
96 7 1
96 8 1
96 12 1
96 14 1
96 15 1
96 16 1
96 23 1
96 27 1
96 30 1
96 34 1
96 36 1
96 37 1
96 39 1
96 42 1
96 51 1
96 55 1
96 57 1
96 59 1
96 60 1
96 73 1
96 75 1
96 76 1
96 81 1
96 83 1
96 87 1
96 89 1
96 94 1
96 95 1
97 1 1
97 2 1
97 5 1
97 7 1
97 8 1
97 9 1
97 10 1
97 12 1
97 18 1
97 20 1
97 24 1
97 28 1
97 29 1
97 30 1
97 31 1
97 41 1
97 42 1
97 45 1
97 46 1
97 48 1
97 55 1
97 57 1
97 61 1
97 62 1
97 65 1
97 67 1
97 70 1
97 73 1
97 74 1
97 75 1
97 78 1
97 80 1
97 83 1
97 85 1
97 87 1
97 89 1
97 92 1
97 93 1
97 95 1
97 96 1
97 97 1
98 2 1
98 4 1
98 5 1
98 6 1
98 10 1
98 12 1
98 16 1
98 19 1
98 21 1
98 22 1
98 23 1
98 24 1
98 26 1
98 32 1
98 34 1
98 35 1
98 37 1
98 40 1
98 41 1
98 42 1
98 44 1
98 49 1
98 50 1
98 53 1
98 56 1
98 57 1
98 58 1
98 59 1
98 61 1
98 62 1
98 65 1
98 66 1
98 77 1
98 78 1
98 79 1
98 82 1
98 84 1
98 85 1
98 86 1
98 88 1
98 90 1
98 96 1
99 4 1
99 5 1
99 6 1
99 8 1
99 10 1
99 14 1
99 15 1
99 16 1
99 17 1
99 19 1
99 21 1
99 26 1
99 29 1
99 31 1
99 36 1
99 37 1
99 38 1
99 40 1
99 42 1
99 44 1
99 46 1
99 49 1
99 54 1
99 57 1
99 61 1
99 63 1
99 66 1
99 70 1
99 71 1
99 72 1
99 76 1
99 77 1
99 80 1
99 83 1
99 85 1
99 90 1
99 92 1
99 94 1
99 96 1
99 97 1
99 98 1
99 99 1
100 0 1
100 5 1
100 6 1
100 7 1
100 13 1
100 14 1
100 15 1
100 16 1
100 24 1
100 26 1
100 28 1
100 31 1
100 33 1
100 35 1
100 36 1
100 42 1
100 44 1
100 45 1
100 56 1
100 59 1
100 60 1
100 61 1
100 63 1
100 64 1
100 68 1
100 71 1
100 72 1
100 77 1
100 79 1
100 85 1
100 86 1
100 90 1
100 93 1
100 94 1
100 99 1
100 100 1
101 0 1
101 2 1
101 7 1
101 11 1
101 12 1
101 16 1
101 17 1
101 24 1
101 25 1
101 31 1
101 37 1
101 38 1
101 40 1
101 48 1
101 53 1
101 57 1
101 62 1
101 65 1
101 67 1
101 73 1
101 74 1
101 76 1
101 79 1
101 83 1
101 85 1
101 93 1
101 94 1
101 96 1
102 0 1
102 4 1
102 10 1
102 13 1
102 22 1
102 27 1
102 31 1
102 36 1
102 42 1
102 57 1
102 59 1
102 61 1
102 62 1
102 63 1
102 64 1
102 66 1
102 68 1
102 70 1
102 71 1
102 77 1
102 83 1
102 84 1
102 85 1
102 87 1
102 88 1
102 95 1
102 99 1
102 102 1
103 2 1
103 3 1
103 4 1
103 17 1
103 18 1
103 21 1
103 25 1
103 26 1
103 27 1
103 28 1
103 29 1
103 39 1
103 40 1
103 41 1
103 42 1
103 47 1
103 48 1
103 57 1
103 65 1
103 66 1
103 67 1
103 72 1
103 74 1
103 76 1
103 80 1
103 84 1
103 87 1
103 88 1
103 92 1
103 94 1
103 95 1
103 98 1
103 100 1
103 102 1
104 7 1
104 10 1
104 11 1
104 14 1
104 20 1
104 25 1
104 28 1
104 29 1
104 35 1
104 40 1
104 42 1
104 43 1
104 46 1
104 50 1
104 52 1
104 57 1
104 69 1
104 77 1
104 78 1
104 81 1
104 89 1
104 91 1
104 93 1
104 95 1
104 96 1
104 97 1
104 102 1
104 104 1
105 0 1
105 1 1
105 2 1
105 3 1
105 4 1
105 5 1
105 7 1
105 8 1
105 12 1
105 13 1
105 14 1
105 16 1
105 22 1
105 23 1
105 26 1
105 29 1
105 31 1
105 32 1
105 48 1
105 50 1
105 55 1
105 56 1
105 57 1
105 60 1
105 71 1
105 72 1
105 76 1
105 78 1
105 79 1
105 84 1
105 86 1
105 96 1
105 98 1
105 99 1
105 100 1
105 102 1
105 103 1
106 2 1
106 7 1
106 8 1
106 9 1
106 12 1
106 16 1
106 17 1
106 18 1
106 19 1
106 20 1
106 24 1
106 27 1
106 30 1
106 33 1
106 35 1
106 38 1
106 39 1
106 41 1
106 42 1
106 44 1
106 46 1
106 47 1
106 55 1
106 65 1
106 69 1
106 71 1
106 73 1
106 75 1
106 76 1
106 82 1
106 86 1
106 88 1
106 90 1
106 92 1
106 93 1
106 94 1
106 95 1
106 97 1
106 101 1
106 103 1
106 106 1
107 2 1
107 3 1
107 17 1
107 18 1
107 21 1
107 24 1
107 27 1
107 28 1
107 29 1
107 34 1
107 35 1
107 41 1
107 47 1
107 48 1
107 51 1
107 53 1
107 54 1
107 62 1
107 65 1
107 69 1
107 74 1
107 75 1
107 80 1
107 85 1
107 86 1
107 87 1
107 91 1
107 92 1
107 94 1
107 95 1
107 97 1
107 101 1
107 106 1
107 107 1
108 0 1
108 4 1
108 6 1
108 8 1
108 9 1
108 10 1
108 12 1
108 13 1
108 15 1
108 16 1
108 18 1
108 20 1
108 23 1
108 26 1
108 29 1
108 32 1
108 37 1
108 40 1
108 42 1
108 44 1
108 49 1
108 56 1
108 59 1
108 60 1
108 63 1
108 64 1
108 65 1
108 68 1
108 75 1
108 77 1
108 78 1
108 82 1
108 83 1
108 84 1
108 85 1
108 92 1
108 96 1
108 98 1
108 102 1
108 108 1
109 4 1
109 5 1
109 10 1
109 14 1
109 17 1
109 21 1
109 23 1
109 29 1
109 32 1
109 36 1
109 37 1
109 39 1
109 40 1
109 42 1
109 46 1
109 49 1
109 55 1
109 56 1
109 58 1
109 66 1
109 68 1
109 69 1
109 72 1
109 77 1
109 78 1
109 83 1
109 90 1
109 99 1
109 100 1
109 102 1
109 106 1
109 108 1
109 109 1
110 4 1
110 5 1
110 8 1
110 10 1
110 13 1
110 15 1
110 16 1
110 18 1
110 19 1
110 23 1
110 27 1
110 29 1
110 30 1
110 32 1
110 35 1
110 37 1
110 40 1
110 44 1
110 54 1
110 58 1
110 59 1
110 60 1
110 61 1
110 63 1
110 67 1
110 71 1
110 78 1
110 97 1
110 102 1
110 105 1
111 4 1
111 7 1
111 8 1
111 10 1
111 14 1
111 16 1
111 19 1
111 26 1
111 27 1
111 28 1
111 31 1
111 32 1
111 33 1
111 36 1
111 37 1
111 41 1
111 42 1
111 43 1
111 44 1
111 45 1
111 47 1
111 49 1
111 56 1
111 59 1
111 60 1
111 61 1
111 63 1
111 64 1
111 68 1
111 73 1
111 78 1
111 79 1
111 82 1
111 84 1
111 86 1
111 88 1
111 90 1
111 93 1
111 98 1
111 99 1
111 100 1
111 102 1
111 105 1
111 108 1
111 110 1
111 111 1
112 1 1
112 21 1
112 23 1
112 25 1
112 43 1
112 47 1
112 48 1
112 59 1
112 62 1
112 82 1
112 89 1
112 93 1
112 95 1
112 99 1
112 100 1
112 103 1
112 112 1
113 3 1
113 6 1
113 7 1
113 8 1
113 17 1
113 18 1
113 21 1
113 23 1
113 24 1
113 25 1
113 27 1
113 28 1
113 34 1
113 35 1
113 38 1
113 45 1
113 47 1
113 48 1
113 51 1
113 53 1
113 62 1
113 67 1
113 73 1
113 80 1
113 83 1
113 87 1
113 94 1
113 96 1
113 100 1
113 102 1
113 107 1
113 113 1
114 2 1
114 3 1
114 4 1
114 7 1
114 10 1
114 17 1
114 18 1
114 19 1
114 20 1
114 21 1
114 24 1
114 25 1
114 30 1
114 32 1
114 33 1
114 35 1
114 39 1
114 41 1
114 42 1
114 45 1
114 47 1
114 52 1
114 61 1
114 62 1
114 63 1
114 65 1
114 66 1
114 75 1
114 81 1
114 86 1
114 87 1
114 88 1
114 91 1
114 93 1
114 96 1
114 97 1
114 99 1
114 101 1
114 105 1
114 106 1
114 111 1
114 112 1
114 114 1
115 2 1
115 6 1
115 9 1
115 12 1
115 17 1
115 20 1
115 23 1
115 24 1
115 34 1
115 35 1
115 37 1
115 46 1
115 47 1
115 50 1
115 57 1
115 58 1
115 59 1
115 65 1
115 67 1
115 73 1
115 75 1
115 77 1
115 79 1
115 80 1
115 83 1
115 87 1
115 88 1
115 96 1
115 97 1
115 102 1
115 106 1
115 108 1
115 109 1
115 110 1
116 0 1
116 1 1
116 2 1
116 12 1
116 17 1
116 25 1
116 27 1
116 28 1
116 29 1
116 35 1
116 38 1
116 39 1
116 41 1
116 45 1
116 47 1
116 54 1
116 67 1
116 68 1
116 69 1
116 72 1
116 73 1
116 74 1
116 76 1
116 81 1
116 86 1
116 88 1
116 91 1
116 94 1
116 95 1
116 96 1
116 97 1
116 98 1
116 101 1
116 102 1
116 110 1
116 113 1
116 116 1
117 3 1
117 6 1
117 7 1
117 11 1
117 14 1
117 15 1
117 16 1
117 17 1
117 19 1
117 23 1
117 25 1
117 26 1
117 27 1
117 30 1
117 31 1
117 34 1
117 37 1
117 38 1
117 40 1
117 45 1
117 46 1
117 63 1
117 64 1
117 68 1
117 72 1
117 82 1
117 83 1
117 85 1
117 87 1
117 90 1
117 93 1
117 98 1
117 99 1
117 101 1
117 102 1
117 104 1
117 107 1
117 108 1
117 113 1
117 114 1
118 7 1
118 8 1
118 9 1
118 12 1
118 14 1
118 16 1
118 17 1
118 18 1
118 20 1
118 21 1
118 27 1
118 30 1
118 32 1
118 34 1
118 35 1
118 37 1
118 38 1
118 41 1
118 43 1
118 44 1
118 45 1
118 47 1
118 48 1
118 55 1
118 56 1
118 59 1
118 61 1
118 65 1
118 67 1
118 71 1
118 74 1
118 76 1
118 78 1
118 80 1
118 81 1
118 82 1
118 84 1
118 85 1
118 86 1
118 88 1
118 89 1
118 90 1
118 93 1
118 96 1
118 98 1
118 101 1
118 103 1
118 107 1
118 108 1
118 109 1
118 112 1
118 113 1
118 115 1
119 2 1
119 4 1
119 9 1
119 12 1
119 16 1
119 18 1
119 23 1
119 25 1
119 32 1
119 36 1
119 38 1
119 44 1
119 45 1
119 48 1
119 51 1
119 62 1
119 65 1
119 67 1
119 70 1
119 74 1
119 75 1
119 76 1
119 77 1
119 79 1
119 86 1
119 90 1
119 91 1
119 92 1
119 93 1
119 94 1
119 95 1
119 96 1
119 97 1
119 102 1
119 105 1
119 114 1
119 117 1
119 119 1
120 1 1
120 3 1
120 8 1
120 10 1
120 13 1
120 15 1
120 18 1
120 33 1
120 36 1
120 39 1
120 42 1
120 47 1
120 48 1
120 51 1
120 54 1
120 55 1
120 59 1
120 60 1
120 62 1
120 63 1
120 65 1
120 70 1
120 73 1
120 75 1
120 83 1
120 86 1
120 89 1
120 94 1
120 95 1
120 97 1
120 99 1
120 101 1
120 107 1
120 109 1
120 111 1
120 117 1
120 119 1
121 7 1
121 9 1
121 12 1
121 17 1
121 18 1
121 21 1
121 25 1
121 38 1
121 39 1
121 40 1
121 41 1
121 43 1
121 45 1
121 47 1
121 48 1
121 49 1
121 51 1
121 53 1
121 54 1
121 56 1
121 57 1
121 62 1
121 65 1
121 68 1
121 69 1
121 72 1
121 73 1
121 74 1
121 76 1
121 78 1
121 81 1
121 85 1
121 86 1
121 87 1
121 88 1
121 93 1
121 97 1
121 101 1
121 105 1
121 107 1
121 110 1
121 112 1
121 113 1
121 115 1
121 118 1
121 120 1
121 121 1
122 6 1
122 10 1
122 14 1
122 15 1
122 16 1
122 21 1
122 29 1
122 31 1
122 32 1
122 35 1
122 36 1
122 37 1
122 40 1
122 42 1
122 44 1
122 46 1
122 49 1
122 57 1
122 59 1
122 60 1
122 61 1
122 64 1
122 69 1
122 77 1
122 81 1
122 82 1
122 83 1
122 85 1
122 87 1
122 90 1
122 99 1
122 100 1
122 102 1
122 105 1
122 107 1
122 108 1
122 109 1
122 111 1
122 117 1
122 122 1
123 1 1
123 4 1
123 15 1
123 16 1
123 20 1
123 22 1
123 23 1
123 31 1
123 32 1
123 34 1
123 35 1
123 37 1
123 46 1
123 56 1
123 58 1
123 60 1
123 61 1
123 68 1
123 76 1
123 77 1
123 80 1
123 82 1
123 83 1
123 84 1
123 95 1
123 99 1
123 104 1
123 105 1
123 108 1
123 114 1
123 115 1
123 117 1
123 118 1
123 122 1
124 13 1
124 14 1
124 18 1
124 21 1
124 22 1
124 26 1
124 28 1
124 29 1
124 30 1
124 31 1
124 37 1
124 40 1
124 41 1
124 46 1
124 50 1
124 51 1
124 57 1
124 58 1
124 60 1
124 66 1
124 68 1
124 70 1
124 76 1
124 78 1
124 80 1
124 84 1
124 90 1
124 100 1
124 103 1
124 105 1
124 106 1
124 108 1
124 110 1
124 111 1
124 112 1
124 122 1
124 124 1
125 2 1
125 3 1
125 5 1
125 6 1
125 9 1
125 12 1
125 14 1
125 18 1
125 19 1
125 21 1
125 22 1
125 26 1
125 27 1
125 28 1
125 30 1
125 33 1
125 36 1
125 38 1
125 39 1
125 45 1
125 49 1
125 54 1
125 57 1
125 61 1
125 62 1
125 65 1
125 67 1
125 69 1
125 70 1
125 73 1
125 74 1
125 75 1
125 77 1
125 79 1
125 81 1
125 87 1
125 89 1
125 91 1
125 94 1
125 96 1
125 97 1
125 100 1
125 101 1
125 106 1
125 111 1
125 112 1
125 113 1
125 114 1
125 115 1
125 119 1
125 121 1
125 124 1
126 2 1
126 3 1
126 6 1
126 12 1
126 17 1
126 20 1
126 21 1
126 25 1
126 28 1
126 30 1
126 31 1
126 41 1
126 45 1
126 47 1
126 56 1
126 62 1
126 66 1
126 67 1
126 74 1
126 83 1
126 85 1
126 87 1
126 92 1
126 94 1
126 96 1
126 100 1
126 101 1
126 108 1
126 110 1
126 112 1
126 113 1
126 115 1
126 116 1
126 118 1
126 119 1
126 120 1
126 122 1
126 126 1
127 0 1
127 3 1
127 7 1
127 8 1
127 9 1
127 10 1
127 17 1
127 20 1
127 23 1
127 25 1
127 30 1
127 38 1
127 41 1
127 44 1
127 47 1
127 48 1
127 50 1
127 52 1
127 53 1
127 54 1
127 65 1
127 67 1
127 71 1
127 73 1
127 76 1
127 81 1
127 86 1
127 87 1
127 90 1
127 92 1
127 93 1
127 94 1
127 97 1
127 103 1
127 105 1
127 107 1
127 113 1
127 114 1
127 118 1
127 120 1
127 121 1
127 125 1
127 126 1
128 0 1
128 2 1
128 3 1
128 5 1
128 6 1
128 9 1
128 10 1
128 15 1
128 18 1
128 20 1
128 23 1
128 26 1
128 28 1
128 30 1
128 31 1
128 36 1
128 37 1
128 38 1
128 43 1
128 44 1
128 45 1
128 46 1
128 51 1
128 57 1
128 60 1
128 68 1
128 69 1
128 72 1
128 75 1
128 77 1
128 78 1
128 80 1
128 82 1
128 85 1
128 86 1
128 90 1
128 91 1
128 92 1
128 96 1
128 97 1
128 98 1
128 99 1
128 100 1
128 110 1
128 114 1
128 122 1
128 123 1
128 127 1
128 128 1
129 6 1
129 7 1
129 8 1
129 9 1
129 23 1
129 24 1
129 26 1
129 35 1
129 38 1
129 39 1
129 40 1
129 41 1
129 47 1
129 48 1
129 51 1
129 58 1
129 62 1
129 65 1
129 70 1
129 73 1
129 76 1
129 77 1
129 79 1
129 81 1
129 85 1
129 86 1
129 89 1
129 91 1
129 92 1
129 93 1
129 94 1
129 95 1
129 96 1
129 98 1
129 102 1
129 109 1
129 110 1
129 111 1
129 115 1
129 119 1
129 122 1
129 127 1
129 128 1
130 2 1
130 3 1
130 5 1
130 7 1
130 8 1
130 10 1
130 12 1
130 14 1
130 17 1
130 19 1
130 23 1
130 24 1
130 27 1
130 31 1
130 33 1
130 35 1
130 38 1
130 39 1
130 40 1
130 43 1
130 45 1
130 47 1
130 48 1
130 50 1
130 52 1
130 53 1
130 54 1
130 60 1
130 61 1
130 62 1
130 67 1
130 68 1
130 70 1
130 71 1
130 73 1
130 74 1
130 75 1
130 78 1
130 80 1
130 85 1
130 88 1
130 92 1
130 93 1
130 94 1
130 95 1
130 96 1
130 97 1
130 101 1
130 105 1
130 113 1
130 114 1
130 119 1
130 121 1
130 126 1
130 127 1
130 129 1
131 0 1
131 2 1
131 4 1
131 5 1
131 12 1
131 13 1
131 15 1
131 16 1
131 29 1
131 31 1
131 33 1
131 35 1
131 37 1
131 40 1
131 41 1
131 44 1
131 46 1
131 49 1
131 55 1
131 58 1
131 59 1
131 63 1
131 64 1
131 66 1
131 67 1
131 68 1
131 72 1
131 77 1
131 78 1
131 80 1
131 82 1
131 83 1
131 84 1
131 85 1
131 89 1
131 92 1
131 99 1
131 100 1
131 102 1
131 109 1
131 110 1
131 113 1
131 114 1
131 115 1
131 118 1
131 124 1
131 128 1
132 0 1
132 3 1
132 4 1
132 5 1
132 6 1
132 14 1
132 20 1
132 22 1
132 28 1
132 31 1
132 32 1
132 36 1
132 37 1
132 42 1
132 44 1
132 45 1
132 46 1
132 49 1
132 61 1
132 62 1
132 69 1
132 71 1
132 72 1
132 76 1
132 81 1
132 82 1
132 90 1
132 96 1
132 98 1
132 100 1
132 104 1
132 108 1
132 110 1
132 115 1
132 117 1
132 118 1
132 122 1
132 124 1
132 128 1
132 131 1
133 0 1
133 6 1
133 13 1
133 14 1
133 15 1
133 22 1
133 23 1
133 24 1
133 26 1
133 32 1
133 40 1
133 42 1
133 52 1
133 54 1
133 56 1
133 57 1
133 58 1
133 59 1
133 60 1
133 74 1
133 77 1
133 79 1
133 81 1
133 84 1
133 86 1
133 90 1
133 99 1
133 100 1
133 101 1
133 103 1
133 106 1
133 110 1
133 111 1
133 113 1
133 114 1
133 116 1
133 118 1
133 122 1
133 123 1
133 124 1
133 127 1
133 128 1
133 129 1
133 130 1
133 131 1
134 1 1
134 2 1
134 4 1
134 6 1
134 8 1
134 13 1
134 21 1
134 22 1
134 23 1
134 25 1
134 28 1
134 30 1
134 38 1
134 43 1
134 44 1
134 49 1
134 59 1
134 60 1
134 72 1
134 73 1
134 82 1
134 83 1
134 85 1
134 88 1
134 92 1
134 103 1
134 105 1
134 110 1
134 112 1
134 115 1
134 118 1
134 119 1
134 120 1
134 126 1
134 131 1
134 134 1
135 1 1
135 6 1
135 7 1
135 8 1
135 10 1
135 12 1
135 15 1
135 17 1
135 18 1
135 19 1
135 20 1
135 26 1
135 35 1
135 36 1
135 37 1
135 49 1
135 50 1
135 56 1
135 57 1
135 64 1
135 65 1
135 66 1
135 72 1
135 73 1
135 75 1
135 76 1
135 79 1
135 82 1
135 83 1
135 84 1
135 85 1
135 90 1
135 105 1
135 109 1
135 110 1
135 119 1
135 122 1
135 127 1
135 129 1
135 135 1
136 2 1
136 9 1
136 15 1
136 17 1
136 18 1
136 22 1
136 23 1
136 24 1
136 25 1
136 27 1
136 30 1
136 33 1
136 38 1
136 39 1
136 42 1
136 45 1
136 58 1
136 60 1
136 62 1
136 65 1
136 66 1
136 67 1
136 74 1
136 80 1
136 81 1
136 82 1
136 83 1
136 84 1
136 86 1
136 94 1
136 95 1
136 96 1
136 98 1
136 99 1
136 104 1
136 107 1
136 110 1
136 117 1
136 120 1
136 123 1
136 125 1
136 132 1
137 0 1
137 2 1
137 3 1
137 8 1
137 9 1
137 14 1
137 15 1
137 18 1
137 19 1
137 20 1
137 22 1
137 23 1
137 25 1
137 29 1
137 35 1
137 43 1
137 45 1
137 47 1
137 48 1
137 62 1
137 63 1
137 67 1
137 70 1
137 80 1
137 82 1
137 84 1
137 87 1
137 89 1
137 90 1
137 91 1
137 96 1
137 102 1
137 103 1
137 104 1
137 107 1
137 110 1
137 113 1
137 114 1
137 125 1
137 126 1
137 129 1
137 130 1
137 136 1
137 137 1
138 0 1
138 3 1
138 4 1
138 5 1
138 6 1
138 10 1
138 14 1
138 17 1
138 21 1
138 22 1
138 23 1
138 26 1
138 28 1
138 32 1
138 34 1
138 35 1
138 40 1
138 44 1
138 45 1
138 47 1
138 57 1
138 58 1
138 59 1
138 61 1
138 63 1
138 65 1
138 70 1
138 71 1
138 72 1
138 77 1
138 78 1
138 82 1
138 84 1
138 85 1
138 86 1
138 87 1
138 90 1
138 92 1
138 94 1
138 95 1
138 96 1
138 99 1
138 100 1
138 107 1
138 111 1
138 116 1
138 117 1
138 118 1
138 121 1
138 122 1
138 123 1
138 128 1
138 131 1
138 134 1
139 1 1
139 3 1
139 11 1
139 13 1
139 15 1
139 17 1
139 23 1
139 24 1
139 35 1
139 36 1
139 41 1
139 43 1
139 44 1
139 45 1
139 52 1
139 59 1
139 68 1
139 81 1
139 93 1
139 94 1
139 97 1
139 100 1
139 103 1
139 104 1
139 117 1
139 122 1
139 124 1
139 135 1
139 137 1
139 138 1
139 139 1
140 0 1
140 1 1
140 4 1
140 9 1
140 11 1
140 15 1
140 16 1
140 33 1
140 39 1
140 40 1
140 44 1
140 51 1
140 56 1
140 57 1
140 78 1
140 79 1
140 82 1
140 91 1
140 92 1
140 95 1
140 97 1
140 104 1
140 109 1
140 111 1
140 123 1
140 131 1
140 134 1
140 136 1
140 139 1
140 140 1
141 2 1
141 5 1
141 9 1
141 10 1
141 11 1
141 14 1
141 15 1
141 18 1
141 19 1
141 21 1
141 27 1
141 33 1
141 35 1
141 37 1
141 38 1
141 39 1
141 46 1
141 49 1
141 52 1
141 57 1
141 59 1
141 60 1
141 61 1
141 64 1
141 71 1
141 73 1
141 74 1
141 78 1
141 80 1
141 82 1
141 84 1
141 90 1
141 91 1
141 95 1
141 98 1
141 99 1
141 100 1
141 101 1
141 103 1
141 111 1
141 117 1
141 120 1
141 129 1
141 131 1
141 132 1
141 136 1
141 139 1
142 1 1
142 6 1
142 8 1
142 9 1
142 12 1
142 15 1
142 18 1
142 20 1
142 30 1
142 35 1
142 38 1
142 46 1
142 47 1
142 51 1
142 52 1
142 60 1
142 62 1
142 63 1
142 65 1
142 66 1
142 70 1
142 71 1
142 74 1
142 75 1
142 76 1
142 87 1
142 88 1
142 89 1
142 93 1
142 96 1
142 97 1
142 107 1
142 113 1
142 115 1
142 116 1
142 118 1
142 119 1
142 120 1
142 121 1
142 125 1
142 127 1
142 132 1
142 136 1
142 137 1
142 140 1
142 141 1
143 4 1
143 5 1
143 13 1
143 14 1
143 21 1
143 30 1
143 32 1
143 40 1
143 44 1
143 48 1
143 54 1
143 55 1
143 57 1
143 58 1
143 59 1
143 61 1
143 63 1
143 66 1
143 67 1
143 71 1
143 77 1
143 78 1
143 82 1
143 83 1
143 84 1
143 90 1
143 91 1
143 94 1
143 98 1
143 99 1
143 100 1
143 104 1
143 105 1
143 108 1
143 109 1
143 110 1
143 114 1
143 118 1
143 123 1
143 124 1
143 125 1
143 126 1
143 132 1
143 133 1
143 135 1
143 138 1
143 139 1
143 143 1
144 5 1
144 9 1
144 10 1
144 14 1
144 15 1
144 17 1
144 21 1
144 22 1
144 25 1
144 29 1
144 32 1
144 37 1
144 42 1
144 46 1
144 48 1
144 51 1
144 58 1
144 60 1
144 63 1
144 65 1
144 66 1
144 68 1
144 70 1
144 71 1
144 73 1
144 77 1
144 78 1
144 79 1
144 80 1
144 84 1
144 85 1
144 87 1
144 90 1
144 98 1
144 100 1
144 101 1
144 105 1
144 108 1
144 109 1
144 110 1
144 111 1
144 112 1
144 114 1
144 121 1
144 122 1
144 124 1
144 128 1
144 131 1
144 133 1
144 143 1
144 144 1
145 0 1
145 3 1
145 10 1
145 11 1
145 12 1
145 15 1
145 16 1
145 17 1
145 19 1
145 21 1
145 22 1
145 23 1
145 25 1
145 26 1
145 31 1
145 40 1
145 46 1
145 51 1
145 54 1
145 58 1
145 59 1
145 60 1
145 63 1
145 64 1
145 66 1
145 80 1
145 81 1
145 82 1
145 90 1
145 93 1
145 98 1
145 100 1
145 103 1
145 104 1
145 108 1
145 109 1
145 110 1
145 121 1
145 122 1
145 131 1
145 132 1
145 136 1
145 138 1
145 140 1
145 143 1
145 145 1
146 2 1
146 3 1
146 9 1
146 12 1
146 17 1
146 24 1
146 27 1
146 30 1
146 33 1
146 44 1
146 46 1
146 48 1
146 53 1
146 58 1
146 60 1
146 65 1
146 67 1
146 69 1
146 71 1
146 73 1
146 75 1
146 80 1
146 81 1
146 82 1
146 88 1
146 90 1
146 92 1
146 94 1
146 96 1
146 97 1
146 98 1
146 99 1
146 100 1
146 101 1
146 103 1
146 106 1
146 114 1
146 115 1
146 119 1
146 123 1
146 126 1
146 127 1
146 132 1
146 134 1
146 136 1
146 139 1
147 3 1
147 7 1
147 14 1
147 15 1
147 17 1
147 18 1
147 19 1
147 21 1
147 24 1
147 27 1
147 30 1
147 35 1
147 38 1
147 41 1
147 45 1
147 46 1
147 48 1
147 53 1
147 54 1
147 58 1
147 62 1
147 67 1
147 70 1
147 78 1
147 81 1
147 88 1
147 89 1
147 91 1
147 93 1
147 96 1
147 97 1
147 101 1
147 103 1
147 104 1
147 106 1
147 107 1
147 108 1
147 109 1
147 115 1
147 126 1
147 129 1
147 130 1
147 134 1
147 136 1
147 137 1
147 138 1
147 143 1
147 147 1
148 0 1
148 5 1
148 6 1
148 8 1
148 19 1
148 21 1
148 23 1
148 26 1
148 28 1
148 29 1
148 32 1
148 34 1
148 36 1
148 37 1
148 44 1
148 48 1
148 58 1
148 60 1
148 61 1
148 64 1
148 71 1
148 72 1
148 77 1
148 78 1
148 84 1
148 90 1
148 98 1
148 105 1
148 108 1
148 110 1
148 111 1
148 114 1
148 121 1
148 132 1
148 134 1
148 135 1
148 148 1
149 0 1
149 3 1
149 4 1
149 5 1
149 10 1
149 11 1
149 16 1
149 17 1
149 19 1
149 21 1
149 23 1
149 28 1
149 29 1
149 31 1
149 32 1
149 33 1
149 34 1
149 36 1
149 37 1
149 39 1
149 41 1
149 42 1
149 44 1
149 49 1
149 53 1
149 57 1
149 59 1
149 64 1
149 66 1
149 72 1
149 77 1
149 78 1
149 79 1
149 89 1
149 90 1
149 93 1
149 94 1
149 99 1
149 100 1
149 101 1
149 105 1
149 107 1
149 109 1
149 110 1
149 111 1
149 115 1
149 117 1
149 120 1
149 127 1
149 128 1
149 130 1
149 131 1
149 133 1
149 134 1
149 135 1
149 137 1
149 138 1
149 141 1
149 143 1
149 144 1
149 145 1
150 11 1
150 12 1
150 20 1
150 28 1
150 29 1
150 31 1
150 32 1
150 33 1
150 34 1
150 37 1
150 42 1
150 45 1
150 48 1
150 53 1
150 55 1
150 62 1
150 66 1
150 68 1
150 69 1
150 77 1
150 80 1
150 81 1
150 85 1
150 88 1
150 89 1
150 90 1
150 93 1
150 102 1
150 105 1
150 108 1
150 111 1
150 116 1
150 129 1
150 131 1
150 150 1
151 0 1
151 1 1
151 6 1
151 10 1
151 13 1
151 16 1
151 19 1
151 31 1
151 35 1
151 37 1
151 42 1
151 44 1
151 56 1
151 57 1
151 58 1
151 61 1
151 63 1
151 64 1
151 66 1
151 68 1
151 72 1
151 78 1
151 82 1
151 85 1
151 86 1
151 92 1
151 97 1
151 99 1
151 103 1
151 105 1
151 108 1
151 111 1
151 117 1
151 122 1
151 124 1
151 126 1
151 131 1
151 133 1
151 134 1
151 135 1
151 140 1
151 141 1
151 144 1
151 146 1
151 151 1
152 0 1
152 1 1
152 3 1
152 5 1
152 6 1
152 11 1
152 12 1
152 13 1
152 14 1
152 21 1
152 22 1
152 23 1
152 26 1
152 29 1
152 30 1
152 31 1
152 32 1
152 33 1
152 42 1
152 43 1
152 44 1
152 45 1
152 56 1
152 58 1
152 63 1
152 64 1
152 65 1
152 66 1
152 68 1
152 71 1
152 72 1
152 77 1
152 79 1
152 81 1
152 82 1
152 84 1
152 89 1
152 91 1
152 101 1
152 105 1
152 106 1
152 112 1
152 115 1
152 116 1
152 123 1
152 128 1
152 131 1
152 134 1
152 136 1
152 141 1
152 144 1
152 148 1
152 149 1
152 150 1
153 1 1
153 2 1
153 6 1
153 7 1
153 9 1
153 15 1
153 20 1
153 24 1
153 25 1
153 27 1
153 30 1
153 31 1
153 35 1
153 37 1
153 40 1
153 45 1
153 50 1
153 51 1
153 52 1
153 55 1
153 57 1
153 63 1
153 64 1
153 67 1
153 69 1
153 70 1
153 73 1
153 74 1
153 78 1
153 81 1
153 83 1
153 86 1
153 87 1
153 90 1
153 91 1
153 95 1
153 96 1
153 101 1
153 111 1
153 116 1
153 119 1
153 120 1
153 125 1
153 126 1
153 130 1
153 140 1
153 142 1
153 145 1
153 148 1
153 153 1
154 1 1
154 7 1
154 11 1
154 18 1
154 26 1
154 33 1
154 34 1
154 39 1
154 41 1
154 43 1
154 50 1
154 55 1
154 59 1
154 60 1
154 64 1
154 84 1
154 87 1
154 91 1
154 94 1
154 95 1
154 103 1
154 106 1
154 107 1
154 108 1
154 111 1
154 112 1
154 123 1
154 134 1
154 139 1
154 142 1
154 150 1
154 153 1
155 0 1
155 5 1
155 6 1
155 7 1
155 11 1
155 14 1
155 15 1
155 16 1
155 17 1
155 18 1
155 21 1
155 22 1
155 23 1
155 26 1
155 29 1
155 31 1
155 32 1
155 33 1
155 35 1
155 36 1
155 43 1
155 48 1
155 51 1
155 57 1
155 59 1
155 61 1
155 66 1
155 72 1
155 75 1
155 76 1
155 78 1
155 79 1
155 80 1
155 82 1
155 84 1
155 90 1
155 93 1
155 99 1
155 100 1
155 108 1
155 110 1
155 111 1
155 115 1
155 117 1
155 118 1
155 120 1
155 121 1
155 122 1
155 139 1
155 141 1
155 143 1
155 144 1
155 145 1
155 148 1
155 149 1
156 1 1
156 3 1
156 7 1
156 9 1
156 10 1
156 20 1
156 22 1
156 29 1
156 34 1
156 45 1
156 53 1
156 57 1
156 65 1
156 75 1
156 80 1
156 81 1
156 84 1
156 86 1
156 91 1
156 92 1
156 93 1
156 95 1
156 97 1
156 101 1
156 102 1
156 106 1
156 107 1
156 113 1
156 114 1
156 115 1
156 120 1
156 124 1
156 125 1
156 126 1
156 127 1
156 128 1
156 129 1
156 130 1
156 136 1
156 137 1
156 142 1
156 145 1
156 146 1
156 153 1
156 156 1
157 1 1
157 2 1
157 3 1
157 7 1
157 8 1
157 11 1
157 12 1
157 20 1
157 21 1
157 22 1
157 23 1
157 25 1
157 27 1
157 41 1
157 43 1
157 45 1
157 46 1
157 54 1
157 57 1
157 65 1
157 66 1
157 67 1
157 69 1
157 73 1
157 74 1
157 83 1
157 86 1
157 89 1
157 90 1
157 91 1
157 92 1
157 95 1
157 96 1
157 106 1
157 107 1
157 110 1
157 113 1
157 116 1
157 119 1
157 120 1
157 123 1
157 125 1
157 127 1
157 130 1
157 131 1
157 136 1
157 137 1
157 138 1
157 146 1
157 153 1
157 156 1
158 2 1
158 4 1
158 6 1
158 12 1
158 14 1
158 16 1
158 18 1
158 20 1
158 22 1
158 23 1
158 27 1
158 29 1
158 31 1
158 32 1
158 36 1
158 38 1
158 40 1
158 43 1
158 44 1
158 46 1
158 50 1
158 57 1
158 63 1
158 64 1
158 66 1
158 70 1
158 72 1
158 79 1
158 82 1
158 83 1
158 84 1
158 85 1
158 91 1
158 92 1
158 93 1
158 94 1
158 98 1
158 106 1
158 109 1
158 110 1
158 112 1
158 115 1
158 117 1
158 119 1
158 122 1
158 123 1
158 124 1
158 126 1
158 128 1
158 131 1
158 133 1
158 135 1
158 148 1
158 158 1
159 1 1
159 2 1
159 3 1
159 7 1
159 9 1
159 13 1
159 20 1
159 24 1
159 25 1
159 26 1
159 27 1
159 33 1
159 34 1
159 47 1
159 49 1
159 50 1
159 51 1
159 54 1
159 69 1
159 70 1
159 73 1
159 74 1
159 76 1
159 80 1
159 81 1
159 83 1
159 84 1
159 86 1
159 87 1
159 88 1
159 89 1
159 92 1
159 93 1
159 97 1
159 103 1
159 106 1
159 107 1
159 111 1
159 113 1
159 114 1
159 120 1
159 121 1
159 122 1
159 125 1
159 126 1
159 128 1
159 129 1
159 130 1
159 139 1
159 142 1
159 146 1
159 147 1
159 149 1
159 150 1
159 152 1
159 153 1
159 156 1
159 157 1
159 159 1
160 2 1
160 4 1
160 5 1
160 7 1
160 9 1
160 10 1
160 13 1
160 16 1
160 18 1
160 22 1
160 26 1
160 32 1
160 37 1
160 41 1
160 42 1
160 43 1
160 45 1
160 49 1
160 57 1
160 58 1
160 63 1
160 66 1
160 68 1
160 77 1
160 79 1
160 84 1
160 85 1
160 87 1
160 95 1
160 98 1
160 99 1
160 100 1
160 102 1
160 105 1
160 111 1
160 117 1
160 118 1
160 119 1
160 122 1
160 123 1
160 124 1
160 131 1
160 132 1
160 133 1
160 135 1
160 137 1
160 138 1
160 139 1
160 140 1
160 145 1
160 148 1
160 149 1
160 151 1
160 152 1
160 157 1
160 158 1
161 0 1
161 2 1
161 6 1
161 10 1
161 11 1
161 17 1
161 18 1
161 20 1
161 28 1
161 31 1
161 39 1
161 41 1
161 45 1
161 50 1
161 52 1
161 60 1
161 62 1
161 73 1
161 74 1
161 75 1
161 76 1
161 77 1
161 81 1
161 86 1
161 88 1
161 91 1
161 92 1
161 94 1
161 96 1
161 97 1
161 103 1
161 106 1
161 108 1
161 110 1
161 114 1
161 116 1
161 123 1
161 126 1
161 132 1
161 134 1
161 136 1
161 137 1
161 142 1
161 145 1
161 150 1
161 153 1
161 155 1
161 157 1
161 161 1
162 2 1
162 3 1
162 5 1
162 7 1
162 12 1
162 13 1
162 14 1
162 20 1
162 22 1
162 28 1
162 30 1
162 32 1
162 33 1
162 35 1
162 36 1
162 40 1
162 45 1
162 51 1
162 53 1
162 56 1
162 57 1
162 61 1
162 67 1
162 69 1
162 71 1
162 72 1
162 73 1
162 75 1
162 77 1
162 81 1
162 87 1
162 88 1
162 89 1
162 90 1
162 91 1
162 92 1
162 93 1
162 94 1
162 96 1
162 97 1
162 102 1
162 104 1
162 107 1
162 108 1
162 113 1
162 116 1
162 119 1
162 122 1
162 127 1
162 129 1
162 135 1
162 136 1
162 138 1
162 142 1
162 146 1
162 147 1
162 152 1
162 153 1
162 156 1
162 159 1
162 162 1
163 3 1
163 7 1
163 8 1
163 17 1
163 18 1
163 19 1
163 20 1
163 22 1
163 25 1
163 33 1
163 36 1
163 38 1
163 39 1
163 45 1
163 46 1
163 48 1
163 51 1
163 53 1
163 56 1
163 67 1
163 70 1
163 73 1
163 74 1
163 76 1
163 80 1
163 81 1
163 87 1
163 89 1
163 91 1
163 92 1
163 94 1
163 95 1
163 96 1
163 101 1
163 102 1
163 106 1
163 108 1
163 110 1
163 113 1
163 114 1
163 119 1
163 121 1
163 124 1
163 125 1
163 130 1
163 135 1
163 136 1
163 137 1
163 138 1
163 145 1
163 146 1
163 152 1
163 157 1
163 159 1
164 0 1
164 2 1
164 4 1
164 5 1
164 6 1
164 9 1
164 10 1
164 12 1
164 13 1
164 15 1
164 21 1
164 26 1
164 27 1
164 29 1
164 40 1
164 48 1
164 56 1
164 59 1
164 60 1
164 61 1
164 62 1
164 64 1
164 68 1
164 71 1
164 81 1
164 82 1
164 84 1
164 90 1
164 98 1
164 99 1
164 102 1
164 109 1
164 111 1
164 114 1
164 116 1
164 126 1
164 128 1
164 132 1
164 134 1
164 135 1
164 143 1
164 144 1
164 145 1
164 149 1
164 155 1
164 156 1
164 157 1
164 158 1
164 160 1
165 12 1
165 19 1
165 25 1
165 28 1
165 30 1
165 35 1
165 38 1
165 39 1
165 45 1
165 50 1
165 51 1
165 53 1
165 59 1
165 66 1
165 70 1
165 71 1
165 73 1
165 76 1
165 89 1
165 91 1
165 92 1
165 94 1
165 95 1
165 97 1
165 101 1
165 106 1
165 107 1
165 112 1
165 114 1
165 115 1
165 116 1
165 118 1
165 119 1
165 120 1
165 121 1
165 122 1
165 126 1
165 128 1
165 129 1
165 130 1
165 138 1
165 146 1
165 154 1
165 155 1
165 157 1
165 159 1
165 161 1
165 163 1
165 165 1
166 1 1
166 2 1
166 6 1
166 7 1
166 10 1
166 12 1
166 14 1
166 21 1
166 24 1
166 25 1
166 26 1
166 36 1
166 37 1
166 40 1
166 44 1
166 46 1
166 49 1
166 53 1
166 55 1
166 57 1
166 58 1
166 59 1
166 60 1
166 63 1
166 66 1
166 67 1
166 71 1
166 72 1
166 75 1
166 81 1
166 82 1
166 83 1
166 87 1
166 90 1
166 92 1
166 98 1
166 99 1
166 122 1
166 123 1
166 124 1
166 128 1
166 131 1
166 132 1
166 133 1
166 134 1
166 135 1
166 140 1
166 141 1
166 145 1
166 148 1
166 150 1
166 151 1
166 156 1
166 160 1
166 166 1
167 0 1
167 2 1
167 3 1
167 4 1
167 5 1
167 6 1
167 10 1
167 11 1
167 13 1
167 14 1
167 15 1
167 16 1
167 17 1
167 21 1
167 24 1
167 25 1
167 29 1
167 32 1
167 34 1
167 35 1
167 39 1
167 42 1
167 44 1
167 46 1
167 49 1
167 50 1
167 60 1
167 62 1
167 63 1
167 66 1
167 71 1
167 72 1
167 78 1
167 80 1
167 81 1
167 82 1
167 83 1
167 84 1
167 85 1
167 89 1
167 90 1
167 92 1
167 95 1
167 97 1
167 98 1
167 100 1
167 105 1
167 106 1
167 108 1
167 109 1
167 110 1
167 111 1
167 114 1
167 116 1
167 120 1
167 121 1
167 126 1
167 127 1
167 128 1
167 131 1
167 132 1
167 133 1
167 135 1
167 137 1
167 138 1
167 141 1
167 143 1
167 145 1
167 147 1
167 149 1
167 151 1
167 157 1
167 158 1
167 164 1
167 166 1
167 167 1
168 1 1
168 4 1
168 11 1
168 14 1
168 15 1
168 19 1
168 22 1
168 23 1
168 25 1
168 27 1
168 28 1
168 34 1
168 36 1
168 37 1
168 40 1
168 42 1
168 44 1
168 45 1
168 46 1
168 47 1
168 49 1
168 50 1
168 53 1
168 54 1
168 56 1
168 58 1
168 59 1
168 61 1
168 63 1
168 65 1
168 71 1
168 79 1
168 81 1
168 82 1
168 83 1
168 90 1
168 96 1
168 98 1
168 100 1
168 103 1
168 105 1
168 106 1
168 110 1
168 113 1
168 116 1
168 117 1
168 119 1
168 120 1
168 124 1
168 127 1
168 130 1
168 133 1
168 138 1
168 144 1
168 145 1
168 146 1
168 149 1
168 151 1
168 160 1
168 164 1
168 166 1
168 167 1
168 168 1
169 0 1
169 2 1
169 3 1
169 5 1
169 9 1
169 12 1
169 13 1
169 15 1
169 17 1
169 20 1
169 22 1
169 27 1
169 28 1
169 30 1
169 41 1
169 43 1
169 47 1
169 48 1
169 54 1
169 62 1
169 63 1
169 65 1
169 74 1
169 75 1
169 80 1
169 81 1
169 86 1
169 88 1
169 89 1
169 97 1
169 103 1
169 105 1
169 107 1
169 110 1
169 113 1
169 114 1
169 115 1
169 118 1
169 119 1
169 121 1
169 125 1
169 127 1
169 128 1
169 129 1
169 133 1
169 136 1
169 137 1
169 138 1
169 139 1
169 140 1
169 144 1
169 146 1
169 154 1
169 155 1
169 160 1
169 162 1
169 163 1
169 165 1
169 169 1
170 0 1
170 4 1
170 8 1
170 10 1
170 12 1
170 20 1
170 28 1
170 30 1
170 32 1
170 35 1
170 36 1
170 37 1
170 39 1
170 41 1
170 43 1
170 45 1
170 46 1
170 47 1
170 48 1
170 51 1
170 52 1
170 53 1
170 54 1
170 59 1
170 62 1
170 63 1
170 64 1
170 65 1
170 68 1
170 69 1
170 70 1
170 74 1
170 76 1
170 79 1
170 80 1
170 82 1
170 85 1
170 86 1
170 90 1
170 91 1
170 94 1
170 103 1
170 106 1
170 113 1
170 114 1
170 118 1
170 119 1
170 121 1
170 124 1
170 125 1
170 126 1
170 127 1
170 133 1
170 136 1
170 139 1
170 142 1
170 146 1
170 153 1
170 156 1
170 157 1
170 162 1
170 164 1
170 165 1
170 169 1
171 0 1
171 4 1
171 12 1
171 13 1
171 15 1
171 22 1
171 23 1
171 36 1
171 42 1
171 43 1
171 44 1
171 47 1
171 48 1
171 49 1
171 58 1
171 59 1
171 64 1
171 66 1
171 68 1
171 79 1
171 82 1
171 83 1
171 86 1
171 90 1
171 99 1
171 105 1
171 108 1
171 110 1
171 112 1
171 118 1
171 123 1
171 135 1
171 138 1
171 139 1
171 140 1
171 148 1
171 152 1
171 154 1
171 155 1
171 156 1
171 158 1
171 159 1
171 161 1
171 166 1
171 167 1
171 169 1
172 7 1
172 12 1
172 16 1
172 18 1
172 19 1
172 24 1
172 27 1
172 31 1
172 37 1
172 38 1
172 45 1
172 48 1
172 49 1
172 52 1
172 53 1
172 56 1
172 58 1
172 60 1
172 67 1
172 70 1
172 73 1
172 74 1
172 76 1
172 80 1
172 90 1
172 93 1
172 95 1
172 99 1
172 102 1
172 119 1
172 120 1
172 121 1
172 136 1
172 142 1
172 157 1
172 161 1
172 162 1
172 164 1
172 165 1
173 0 1
173 4 1
173 6 1
173 16 1
173 21 1
173 23 1
173 24 1
173 29 1
173 31 1
173 36 1
173 37 1
173 38 1
173 41 1
173 58 1
173 61 1
173 66 1
173 71 1
173 74 1
173 77 1
173 79 1
173 80 1
173 82 1
173 84 1
173 92 1
173 96 1
173 99 1
173 100 1
173 105 1
173 111 1
173 118 1
173 120 1
173 127 1
173 133 1
173 135 1
173 136 1
173 137 1
173 141 1
173 148 1
173 149 1
173 158 1
173 163 1
173 166 1
173 170 1
173 171 1
174 2 1
174 3 1
174 5 1
174 7 1
174 9 1
174 17 1
174 18 1
174 20 1
174 25 1
174 35 1
174 36 1
174 41 1
174 48 1
174 54 1
174 63 1
174 74 1
174 75 1
174 84 1
174 86 1
174 87 1
174 88 1
174 90 1
174 94 1
174 97 1
174 99 1
174 100 1
174 102 1
174 103 1
174 106 1
174 108 1
174 109 1
174 114 1
174 116 1
174 118 1
174 119 1
174 121 1
174 122 1
174 123 1
174 124 1
174 125 1
174 127 1
174 129 1
174 130 1
174 133 1
174 135 1
174 145 1
174 146 1
174 147 1
174 153 1
174 154 1
174 155 1
174 157 1
174 161 1
174 162 1
174 165 1
174 166 1
174 167 1
174 169 1
175 0 1
175 3 1
175 4 1
175 5 1
175 11 1
175 19 1
175 20 1
175 21 1
175 22 1
175 26 1
175 27 1
175 29 1
175 32 1
175 39 1
175 41 1
175 44 1
175 46 1
175 49 1
175 52 1
175 58 1
175 59 1
175 63 1
175 64 1
175 68 1
175 71 1
175 77 1
175 78 1
175 80 1
175 82 1
175 85 1
175 86 1
175 87 1
175 89 1
175 90 1
175 97 1
175 99 1
175 101 1
175 105 1
175 109 1
175 110 1
175 111 1
175 112 1
175 113 1
175 135 1
175 139 1
175 143 1
175 144 1
175 145 1
175 147 1
175 148 1
175 150 1
175 151 1
175 152 1
175 157 1
175 164 1
175 166 1
175 168 1
175 171 1
175 172 1
175 175 1
176 0 1
176 12 1
176 18 1
176 19 1
176 20 1
176 24 1
176 28 1
176 34 1
176 41 1
176 42 1
176 45 1
176 47 1
176 48 1
176 53 1
176 54 1
176 55 1
176 61 1
176 64 1
176 67 1
176 73 1
176 75 1
176 76 1
176 78 1
176 80 1
176 81 1
176 84 1
176 88 1
176 91 1
176 92 1
176 94 1
176 97 1
176 99 1
176 103 1
176 104 1
176 107 1
176 108 1
176 116 1
176 119 1
176 120 1
176 125 1
176 126 1
176 127 1
176 130 1
176 137 1
176 142 1
176 144 1
176 147 1
176 151 1
176 156 1
176 159 1
176 162 1
176 165 1
176 172 1
177 3 1
177 4 1
177 7 1
177 8 1
177 9 1
177 10 1
177 16 1
177 21 1
177 23 1
177 29 1
177 31 1
177 32 1
177 34 1
177 36 1
177 38 1
177 39 1
177 40 1
177 42 1
177 43 1
177 49 1
177 55 1
177 57 1
177 59 1
177 71 1
177 72 1
177 76 1
177 77 1
177 84 1
177 85 1
177 90 1
177 94 1
177 98 1
177 109 1
177 110 1
177 111 1
177 113 1
177 114 1
177 117 1
177 118 1
177 122 1
177 124 1
177 127 1
177 128 1
177 133 1
177 134 1
177 135 1
177 136 1
177 143 1
177 145 1
177 148 1
177 149 1
177 151 1
177 162 1
177 164 1
177 168 1
177 173 1
177 177 1
178 1 1
178 6 1
178 8 1
178 23 1
178 28 1
178 29 1
178 32 1
178 33 1
178 35 1
178 39 1
178 40 1
178 41 1
178 50 1
178 52 1
178 55 1
178 56 1
178 57 1
178 62 1
178 63 1
178 86 1
178 90 1
178 95 1
178 104 1
178 105 1
178 107 1
178 112 1
178 118 1
178 120 1
178 122 1
178 124 1
178 128 1
178 129 1
178 132 1
178 134 1
178 139 1
178 146 1
178 150 1
178 153 1
178 154 1
178 157 1
178 168 1
178 170 1
179 1 1
179 6 1
179 16 1
179 19 1
179 20 1
179 21 1
179 22 1
179 25 1
179 26 1
179 29 1
179 34 1
179 36 1
179 39 1
179 40 1
179 46 1
179 62 1
179 72 1
179 78 1
179 79 1
179 84 1
179 86 1
179 93 1
179 94 1
179 95 1
179 99 1
179 102 1
179 104 1
179 105 1
179 108 1
179 110 1
179 114 1
179 115 1
179 122 1
179 126 1
179 130 1
179 133 1
179 138 1
179 139 1
179 141 1
179 143 1
179 144 1
179 148 1
179 149 1
179 151 1
179 152 1
179 153 1
179 154 1
179 155 1
179 159 1
179 160 1
179 161 1
179 164 1
179 165 1
179 173 1
179 174 1
179 175 1
179 177 1
179 178 1
180 1 1
180 3 1
180 4 1
180 6 1
180 8 1
180 10 1
180 12 1
180 15 1
180 16 1
180 17 1
180 18 1
180 19 1
180 20 1
180 21 1
180 28 1
180 29 1
180 40 1
180 42 1
180 44 1
180 45 1
180 46 1
180 52 1
180 58 1
180 59 1
180 60 1
180 62 1
180 63 1
180 72 1
180 76 1
180 77 1
180 79 1
180 84 1
180 89 1
180 90 1
180 105 1
180 108 1
180 109 1
180 111 1
180 117 1
180 118 1
180 122 1
180 123 1
180 124 1
180 133 1
180 138 1
180 141 1
180 149 1
180 150 1
180 152 1
180 154 1
180 155 1
180 157 1
180 158 1
180 159 1
180 166 1
180 171 1
180 177 1
181 0 1
181 4 1
181 5 1
181 7 1
181 9 1
181 10 1
181 13 1
181 18 1
181 19 1
181 20 1
181 21 1
181 22 1
181 23 1
181 25 1
181 26 1
181 28 1
181 34 1
181 36 1
181 40 1
181 42 1
181 44 1
181 45 1
181 46 1
181 56 1
181 57 1
181 58 1
181 60 1
181 61 1
181 63 1
181 64 1
181 72 1
181 77 1
181 79 1
181 81 1
181 82 1
181 84 1
181 85 1
181 89 1
181 98 1
181 99 1
181 100 1
181 104 1
181 105 1
181 108 1
181 110 1
181 117 1
181 122 1
181 123 1
181 124 1
181 129 1
181 130 1
181 138 1
181 145 1
181 149 1
181 151 1
181 153 1
181 154 1
181 156 1
181 158 1
181 159 1
181 161 1
181 170 1
181 171 1
181 173 1
181 176 1
181 178 1
181 179 1
181 181 1
182 1 1
182 2 1
182 4 1
182 6 1
182 7 1
182 10 1
182 16 1
182 22 1
182 24 1
182 25 1
182 27 1
182 30 1
182 32 1
182 33 1
182 34 1
182 35 1
182 43 1
182 44 1
182 48 1
182 50 1
182 52 1
182 53 1
182 60 1
182 64 1
182 76 1
182 81 1
182 84 1
182 85 1
182 87 1
182 89 1
182 91 1
182 92 1
182 94 1
182 112 1
182 114 1
182 117 1
182 119 1
182 120 1
182 124 1
182 128 1
182 137 1
182 140 1
182 141 1
182 146 1
182 148 1
182 149 1
182 151 1
182 152 1
182 153 1
182 154 1
182 156 1
182 159 1
182 161 1
182 175 1
183 1 1
183 5 1
183 6 1
183 8 1
183 9 1
183 12 1
183 15 1
183 16 1
183 25 1
183 30 1
183 31 1
183 32 1
183 34 1
183 38 1
183 41 1
183 45 1
183 46 1
183 47 1
183 48 1
183 49 1
183 50 1
183 63 1
183 67 1
183 71 1
183 74 1
183 75 1
183 76 1
183 81 1
183 83 1
183 86 1
183 87 1
183 88 1
183 92 1
183 93 1
183 95 1
183 98 1
183 100 1
183 101 1
183 103 1
183 107 1
183 113 1
183 114 1
183 118 1
183 121 1
183 122 1
183 130 1
183 133 1
183 136 1
183 137 1
183 142 1
183 143 1
183 146 1
183 149 1
183 150 1
183 155 1
183 156 1
183 159 1
183 161 1
183 164 1
183 167 1
183 169 1
183 170 1
183 172 1
183 174 1
183 176 1
183 183 1
184 0 1
184 1 1
184 2 1
184 4 1
184 5 1
184 8 1
184 10 1
184 13 1
184 14 1
184 21 1
184 22 1
184 23 1
184 26 1
184 29 1
184 30 1
184 38 1
184 40 1
184 42 1
184 44 1
184 45 1
184 47 1
184 52 1
184 55 1
184 58 1
184 59 1
184 63 1
184 68 1
184 72 1
184 73 1
184 77 1
184 81 1
184 82 1
184 84 1
184 90 1
184 98 1
184 99 1
184 100 1
184 104 1
184 108 1
184 109 1
184 110 1
184 115 1
184 119 1
184 123 1
184 131 1
184 132 1
184 133 1
184 142 1
184 144 1
184 145 1
184 151 1
184 152 1
184 154 1
184 156 1
184 158 1
184 162 1
184 166 1
184 167 1
184 168 1
184 177 1
184 178 1
184 179 1
184 180 1
185 1 1
185 3 1
185 9 1
185 15 1
185 16 1
185 21 1
185 22 1
185 26 1
185 32 1
185 33 1
185 35 1
185 38 1
185 39 1
185 47 1
185 51 1
185 54 1
185 63 1
185 64 1
185 65 1
185 67 1
185 70 1
185 72 1
185 73 1
185 74 1
185 76 1
185 77 1
185 78 1
185 87 1
185 88 1
185 89 1
185 91 1
185 93 1
185 94 1
185 96 1
185 97 1
185 100 1
185 101 1
185 103 1
185 107 1
185 108 1
185 113 1
185 114 1
185 116 1
185 118 1
185 119 1
185 120 1
185 121 1
185 127 1
185 129 1
185 130 1
185 135 1
185 136 1
185 137 1
185 142 1
185 147 1
185 148 1
185 153 1
185 157 1
185 159 1
185 169 1
185 183 1
185 185 1
186 1 1
186 7 1
186 9 1
186 13 1
186 20 1
186 22 1
186 23 1
186 24 1
186 28 1
186 30 1
186 34 1
186 35 1
186 39 1
186 45 1
186 54 1
186 65 1
186 70 1
186 75 1
186 77 1
186 82 1
186 83 1
186 86 1
186 89 1
186 90 1
186 92 1
186 93 1
186 97 1
186 98 1
186 102 1
186 105 1
186 106 1
186 107 1
186 113 1
186 116 1
186 119 1
186 121 1
186 122 1
186 123 1
186 125 1
186 127 1
186 129 1
186 131 1
186 136 1
186 137 1
186 138 1
186 141 1
186 142 1
186 144 1
186 146 1
186 149 1
186 152 1
186 153 1
186 162 1
186 163 1
186 167 1
186 172 1
186 173 1
186 174 1
186 175 1
186 179 1
186 181 1
186 186 1
187 0 1
187 1 1
187 3 1
187 4 1
187 8 1
187 9 1
187 12 1
187 16 1
187 17 1
187 20 1
187 24 1
187 26 1
187 27 1
187 32 1
187 34 1
187 39 1
187 40 1
187 43 1
187 44 1
187 46 1
187 54 1
187 57 1
187 59 1
187 60 1
187 63 1
187 66 1
187 67 1
187 69 1
187 70 1
187 72 1
187 74 1
187 75 1
187 78 1
187 80 1
187 86 1
187 88 1
187 92 1
187 93 1
187 94 1
187 95 1
187 102 1
187 108 1
187 113 1
187 114 1
187 115 1
187 116 1
187 118 1
187 120 1
187 121 1
187 123 1
187 124 1
187 126 1
187 132 1
187 137 1
187 141 1
187 146 1
187 147 1
187 162 1
187 163 1
187 165 1
187 169 1
187 171 1
187 174 1
187 176 1
187 181 1
187 185 1
188 2 1
188 7 1
188 8 1
188 10 1
188 12 1
188 15 1
188 17 1
188 18 1
188 19 1
188 20 1
188 27 1
188 37 1
188 39 1
188 41 1
188 49 1
188 50 1
188 52 1
188 53 1
188 54 1
188 55 1
188 62 1
188 65 1
188 68 1
188 71 1
188 78 1
188 80 1
188 93 1
188 95 1
188 96 1
188 98 1
188 99 1
188 101 1
188 103 1
188 107 1
188 113 1
188 114 1
188 116 1
188 120 1
188 129 1
188 132 1
188 135 1
188 136 1
188 137 1
188 139 1
188 141 1
188 142 1
188 146 1
188 147 1
188 154 1
188 156 1
188 159 1
188 161 1
188 162 1
188 165 1
188 168 1
188 169 1
188 170 1
188 172 1
188 174 1
188 176 1
188 177 1
188 178 1
188 181 1
188 183 1
188 184 1
188 186 1
189 6 1
189 10 1
189 13 1
189 19 1
189 20 1
189 21 1
189 23 1
189 31 1
189 32 1
189 37 1
189 40 1
189 44 1
189 46 1
189 48 1
189 49 1
189 55 1
189 56 1
189 59 1
189 60 1
189 61 1
189 62 1
189 63 1
189 64 1
189 65 1
189 68 1
189 71 1
189 72 1
189 79 1
189 84 1
189 85 1
189 88 1
189 99 1
189 105 1
189 108 1
189 109 1
189 110 1
189 111 1
189 113 1
189 117 1
189 122 1
189 123 1
189 127 1
189 130 1
189 132 1
189 133 1
189 135 1
189 136 1
189 139 1
189 143 1
189 144 1
189 145 1
189 149 1
189 151 1
189 152 1
189 153 1
189 154 1
189 161 1
189 164 1
189 173 1
189 174 1
189 175 1
189 177 1
189 181 1
189 183 1
189 184 1
189 186 1
189 187 1
190 0 1
190 4 1
190 6 1
190 10 1
190 14 1
190 15 1
190 18 1
190 19 1
190 20 1
190 21 1
190 23 1
190 25 1
190 27 1
190 29 1
190 31 1
190 36 1
190 37 1
190 39 1
190 40 1
190 42 1
190 44 1
190 49 1
190 56 1
190 57 1
190 58 1
190 59 1
190 60 1
190 61 1
190 64 1
190 71 1
190 72 1
190 75 1
190 77 1
190 79 1
190 82 1
190 83 1
190 86 1
190 89 1
190 91 1
190 92 1
190 93 1
190 96 1
190 98 1
190 102 1
190 105 1
190 109 1
190 114 1
190 119 1
190 123 1
190 128 1
190 130 1
190 132 1
190 138 1
190 143 1
190 144 1
190 145 1
190 147 1
190 150 1
190 152 1
190 162 1
190 164 1
190 173 1
190 177 1
190 179 1
190 184 1
190 189 1
190 190 1
191 2 1
191 3 1
191 8 1
191 11 1
191 15 1
191 18 1
191 20 1
191 24 1
191 25 1
191 27 1
191 28 1
191 30 1
191 31 1
191 35 1
191 37 1
191 45 1
191 46 1
191 50 1
191 53 1
191 54 1
191 55 1
191 58 1
191 60 1
191 62 1
191 70 1
191 73 1
191 74 1
191 81 1
191 86 1
191 89 1
191 93 1
191 94 1
191 95 1
191 98 1
191 100 1
191 101 1
191 108 1
191 110 1
191 115 1
191 117 1
191 118 1
191 119 1
191 125 1
191 127 1
191 128 1
191 129 1
191 133 1
191 136 1
191 142 1
191 147 1
191 148 1
191 155 1
191 157 1
191 159 1
191 162 1
191 165 1
191 170 1
191 172 1
191 174 1
191 180 1
192 4 1
192 11 1
192 14 1
192 15 1
192 21 1
192 24 1
192 40 1
192 43 1
192 47 1
192 50 1
192 58 1
192 60 1
192 61 1
192 69 1
192 73 1
192 83 1
192 84 1
192 86 1
192 89 1
192 104 1
192 109 1
192 110 1
192 111 1
192 115 1
192 116 1
192 137 1
192 139 1
192 140 1
192 148 1
192 150 1
192 152 1
192 154 1
192 156 1
192 165 1
192 172 1
192 178 1
192 182 1
192 183 1
192 185 1
193 2 1
193 6 1
193 9 1
193 10 1
193 18 1
193 25 1
193 28 1
193 30 1
193 33 1
193 35 1
193 38 1
193 41 1
193 44 1
193 48 1
193 52 1
193 54 1
193 56 1
193 57 1
193 62 1
193 67 1
193 68 1
193 71 1
193 75 1
193 76 1
193 88 1
193 89 1
193 91 1
193 95 1
193 96 1
193 97 1
193 105 1
193 107 1
193 108 1
193 109 1
193 111 1
193 120 1
193 121 1
193 122 1
193 124 1
193 126 1
193 128 1
193 129 1
193 130 1
193 135 1
193 142 1
193 144 1
193 145 1
193 146 1
193 147 1
193 154 1
193 161 1
193 165 1
193 167 1
193 172 1
193 174 1
193 178 1
193 182 1
193 184 1
193 185 1
193 186 1
193 187 1
193 188 1
194 0 1
194 4 1
194 5 1
194 11 1
194 14 1
194 15 1
194 22 1
194 23 1
194 29 1
194 32 1
194 33 1
194 44 1
194 46 1
194 48 1
194 49 1
194 58 1
194 59 1
194 61 1
194 62 1
194 66 1
194 68 1
194 72 1
194 73 1
194 75 1
194 77 1
194 78 1
194 82 1
194 83 1
194 85 1
194 87 1
194 90 1
194 100 1
194 108 1
194 109 1
194 117 1
194 131 1
194 135 1
194 136 1
194 137 1
194 138 1
194 139 1
194 141 1
194 144 1
194 146 1
194 152 1
194 153 1
194 155 1
194 156 1
194 158 1
194 160 1
194 164 1
194 167 1
194 169 1
194 171 1
194 172 1
194 173 1
194 177 1
194 180 1
194 181 1
194 185 1
194 189 1
194 190 1
194 192 1
195 0 1
195 4 1
195 5 1
195 10 1
195 15 1
195 17 1
195 22 1
195 29 1
195 31 1
195 37 1
195 38 1
195 40 1
195 43 1
195 44 1
195 45 1
195 46 1
195 47 1
195 56 1
195 58 1
195 59 1
195 60 1
195 61 1
195 62 1
195 65 1
195 67 1
195 71 1
195 72 1
195 73 1
195 77 1
195 78 1
195 83 1
195 84 1
195 86 1
195 90 1
195 94 1
195 98 1
195 100 1
195 107 1
195 109 1
195 110 1
195 111 1
195 115 1
195 116 1
195 117 1
195 118 1
195 119 1
195 123 1
195 128 1
195 133 1
195 136 1
195 137 1
195 140 1
195 141 1
195 142 1
195 143 1
195 144 1
195 148 1
195 151 1
195 152 1
195 153 1
195 155 1
195 158 1
195 160 1
195 163 1
195 164 1
195 166 1
195 171 1
195 174 1
195 175 1
195 176 1
195 177 1
195 179 1
195 181 1
195 186 1
195 188 1
195 194 1
196 3 1
196 4 1
196 5 1
196 12 1
196 17 1
196 18 1
196 24 1
196 28 1
196 29 1
196 35 1
196 41 1
196 47 1
196 48 1
196 49 1
196 50 1
196 51 1
196 56 1
196 62 1
196 64 1
196 74 1
196 75 1
196 76 1
196 77 1
196 80 1
196 82 1
196 85 1
196 88 1
196 91 1
196 92 1
196 93 1
196 94 1
196 95 1
196 101 1
196 103 1
196 107 1
196 110 1
196 114 1
196 116 1
196 118 1
196 125 1
196 127 1
196 129 1
196 130 1
196 133 1
196 136 1
196 137 1
196 142 1
196 144 1
196 147 1
196 159 1
196 161 1
196 162 1
196 169 1
196 170 1
196 175 1
196 176 1
196 178 1
196 182 1
196 183 1
196 184 1
196 191 1
196 195 1
197 1 1
197 2 1
197 5 1
197 7 1
197 8 1
197 12 1
197 18 1
197 20 1
197 21 1
197 23 1
197 25 1
197 29 1
197 33 1
197 43 1
197 46 1
197 49 1
197 52 1
197 54 1
197 56 1
197 57 1
197 62 1
197 64 1
197 66 1
197 67 1
197 70 1
197 71 1
197 73 1
197 75 1
197 80 1
197 82 1
197 85 1
197 88 1
197 93 1
197 98 1
197 100 1
197 101 1
197 103 1
197 106 1
197 108 1
197 110 1
197 112 1
197 113 1
197 115 1
197 119 1
197 120 1
197 121 1
197 122 1
197 128 1
197 130 1
197 136 1
197 137 1
197 140 1
197 141 1
197 147 1
197 151 1
197 153 1
197 154 1
197 156 1
197 157 1
197 162 1
197 163 1
197 169 1
197 175 1
197 180 1
197 183 1
197 185 1
197 186 1
197 190 1
197 193 1
197 196 1
197 197 1
198 3 1
198 5 1
198 6 1
198 8 1
198 9 1
198 11 1
198 12 1
198 13 1
198 17 1
198 19 1
198 22 1
198 24 1
198 30 1
198 41 1
198 44 1
198 45 1
198 48 1
198 52 1
198 58 1
198 65 1
198 67 1
198 70 1
198 73 1
198 75 1
198 77 1
198 80 1
198 83 1
198 88 1
198 92 1
198 93 1
198 96 1
198 97 1
198 98 1
198 106 1
198 107 1
198 110 1
198 111 1
198 113 1
198 114 1
198 122 1
198 129 1
198 130 1
198 133 1
198 136 1
198 142 1
198 144 1
198 146 1
198 147 1
198 153 1
198 155 1
198 156 1
198 157 1
198 162 1
198 170 1
198 174 1
198 177 1
198 182 1
198 183 1
198 184 1
198 186 1
198 191 1
198 193 1
198 194 1
198 197 1
199 0 1
199 3 1
199 5 1
199 6 1
199 11 1
199 12 1
199 15 1
199 18 1
199 24 1
199 25 1
199 27 1
199 32 1
199 35 1
199 42 1
199 45 1
199 47 1
199 53 1
199 55 1
199 62 1
199 63 1
199 65 1
199 74 1
199 75 1
199 76 1
199 81 1
199 88 1
199 92 1
199 94 1
199 95 1
199 96 1
199 118 1
199 119 1
199 120 1
199 121 1
199 122 1
199 125 1
199 129 1
199 134 1
199 143 1
199 146 1
199 153 1
199 159 1
199 161 1
199 164 1
199 170 1
199 172 1
199 174 1
199 178 1
199 182 1
199 187 1
199 188 1
199 191 1
199 193 1
199 197 1
1 0 2
2 0 2
2 1 2
3 0 2
3 2 2
3 3 2
4 0 2
4 3 2
5 3 2
5 5 2
6 2 2
6 4 2
6 6 2
7 0 2
7 4 2
7 5 2
7 6 2
7 7 2
8 0 2
8 2 2
8 3 2
8 4 2
8 6 2
8 8 2
9 0 2
9 2 2
9 5 2
9 8 2
9 9 2
10 2 2
10 3 2
10 5 2
10 6 2
10 7 2
10 8 2
10 9 2
10 10 2
11 3 2
12 0 2
12 2 2
12 5 2
12 6 2
12 9 2
12 10 2
12 12 2
13 3 2
13 4 2
13 5 2
13 6 2
13 7 2
13 10 2
13 12 2
14 8 2
14 10 2
14 12 2
14 13 2
15 2 2
15 3 2
15 4 2
15 7 2
15 9 2
15 10 2
15 12 2
15 13 2
16 0 2
16 3 2
16 5 2
16 6 2
16 8 2
16 10 2
16 12 2
16 15 2
17 2 2
17 5 2
17 6 2
17 7 2
17 8 2
17 12 2
17 13 2
17 16 2
17 17 2
18 0 2
18 1 2
18 2 2
18 3 2
18 5 2
18 6 2
18 7 2
18 9 2
18 12 2
18 13 2
18 14 2
18 18 2
19 2 2
19 3 2
19 6 2
19 9 2
19 10 2
19 13 2
19 15 2
19 16 2
19 17 2
19 19 2
20 2 2
20 3 2
20 5 2
20 7 2
20 8 2
20 9 2
20 13 2
20 14 2
20 15 2
20 19 2
21 3 2
21 4 2
21 8 2
21 9 2
21 10 2
21 17 2
21 18 2
21 19 2
22 4 2
22 5 2
22 7 2
22 8 2
22 9 2
22 11 2
22 12 2
22 17 2
22 19 2
22 21 2
22 22 2
23 0 2
23 4 2
23 6 2
23 8 2
23 9 2
23 14 2
23 15 2
23 17 2
23 18 2
23 20 2
23 23 2
24 4 2
24 5 2
24 8 2
24 9 2
24 12 2
24 13 2
24 14 2
24 16 2
24 17 2
24 19 2
24 22 2
24 24 2
25 0 2
25 6 2
25 7 2
25 8 2
25 10 2
25 12 2
25 17 2
25 18 2
25 21 2
25 25 2
26 2 2
26 4 2
26 6 2
26 7 2
26 9 2
26 12 2
26 16 2
26 19 2
26 20 2
26 21 2
26 22 2
26 23 2
26 24 2
26 25 2
27 0 2
27 2 2
27 4 2
27 5 2
27 6 2
27 7 2
27 12 2
27 13 2
27 16 2
27 18 2
27 19 2
27 20 2
27 21 2
27 22 2
27 24 2
27 25 2
27 26 2
28 0 2
28 4 2
28 9 2
28 10 2
28 14 2
28 16 2
28 18 2
28 19 2
28 20 2
28 21 2
28 24 2
28 26 2
28 27 2
29 2 2
29 3 2
29 6 2
29 7 2
29 13 2
29 15 2
29 18 2
29 21 2
29 22 2
29 23 2
29 24 2
29 27 2
30 0 2
30 3 2
30 7 2
30 10 2
30 12 2
30 13 2
30 14 2
30 17 2
30 18 2
30 19 2
30 20 2
30 25 2
30 27 2
30 28 2
30 29 2
30 30 2
31 0 2
31 1 2
31 3 2
31 6 2
31 17 2
31 19 2
31 22 2
31 25 2
31 26 2
31 30 2
31 31 2
32 2 2
32 6 2
32 7 2
32 10 2
32 13 2
32 14 2
32 16 2
32 17 2
32 18 2
32 25 2
32 26 2
32 27 2
32 29 2
32 31 2
32 32 2
33 1 2
33 2 2
33 6 2
33 7 2
33 12 2
33 24 2
33 29 2
33 31 2
33 32 2
34 4 2
34 5 2
34 10 2
34 14 2
34 17 2
34 21 2
34 25 2
34 26 2
34 30 2
34 33 2
34 34 2
35 0 2
35 4 2
35 6 2
35 7 2
35 8 2
35 9 2
35 13 2
35 15 2
35 16 2
35 17 2
35 22 2
35 23 2
35 29 2
35 30 2
35 31 2
35 32 2
36 2 2
36 5 2
36 6 2
36 7 2
36 8 2
36 9 2
36 10 2
36 13 2
36 14 2
36 15 2
36 16 2
36 22 2
36 23 2
36 24 2
36 28 2
36 31 2
36 32 2
36 35 2
36 36 2
37 4 2
37 6 2
37 9 2
37 12 2
37 13 2
37 16 2
37 20 2
37 21 2
37 22 2
37 23 2
37 24 2
37 25 2
37 27 2
37 29 2
37 31 2
37 36 2
37 37 2
38 0 2
38 2 2
38 3 2
38 5 2
38 6 2
38 9 2
38 10 2
38 14 2
38 15 2
38 17 2
38 18 2
38 19 2
38 22 2
38 24 2
38 28 2
38 29 2
38 30 2
38 32 2
38 36 2
39 2 2
39 5 2
39 6 2
39 7 2
39 10 2
39 13 2
39 14 2
39 17 2
39 18 2
39 20 2
39 24 2
39 25 2
39 27 2
39 28 2
39 30 2
39 31 2
39 32 2
39 37 2
39 38 2
40 2 2
40 5 2
40 6 2
40 10 2
40 12 2
40 13 2
40 14 2
40 18 2
40 23 2
40 24 2
40 25 2
40 26 2
40 28 2
40 29 2
40 30 2
40 32 2
40 33 2
40 37 2
40 38 2
41 0 2
41 1 2
41 4 2
41 6 2
41 8 2
41 9 2
41 10 2
41 11 2
41 12 2
41 13 2
41 14 2
41 17 2
41 18 2
41 22 2
41 23 2
41 26 2
41 28 2
41 29 2
41 32 2
41 35 2
41 37 2
41 38 2
41 39 2
41 41 2
42 0 2
42 4 2
42 5 2
42 6 2
42 8 2
42 10 2
42 12 2
42 13 2
42 15 2
42 16 2
42 19 2
42 21 2
42 28 2
42 30 2
42 32 2
42 35 2
42 36 2
42 37 2
42 38 2
42 39 2
42 40 2
42 42 2
43 0 2
43 1 2
43 3 2
43 6 2
43 7 2
43 12 2
43 19 2
43 23 2
43 28 2
43 29 2
43 39 2
43 43 2
44 0 2
44 5 2
44 6 2
44 7 2
44 8 2
44 10 2
44 11 2
44 13 2
44 15 2
44 21 2
44 22 2
44 23 2
44 24 2
44 26 2
44 29 2
44 30 2
44 35 2
44 39 2
45 4 2
45 5 2
45 8 2
45 9 2
45 10 2
45 12 2
45 13 2
45 14 2
45 15 2
45 17 2
45 18 2
45 19 2
45 20 2
45 22 2
45 23 2
45 25 2
45 26 2
45 28 2
45 29 2
45 32 2
45 38 2
45 44 2
45 45 2
46 0 2
46 3 2
46 4 2
46 7 2
46 8 2
46 9 2
46 14 2
46 15 2
46 16 2
46 19 2
46 22 2
46 24 2
46 25 2
46 26 2
46 27 2
46 28 2
46 29 2
46 30 2
46 32 2
46 35 2
46 39 2
46 41 2
46 42 2
46 44 2
46 45 2
46 46 2
47 0 2
47 2 2
47 3 2
47 4 2
47 5 2
47 6 2
47 8 2
47 10 2
47 13 2
47 16 2
47 17 2
47 18 2
47 21 2
47 23 2
47 25 2
47 29 2
47 31 2
47 32 2
47 35 2
47 36 2
47 37 2
47 40 2
47 42 2
47 44 2
48 0 2
48 4 2
48 6 2
48 9 2
48 12 2
48 15 2
48 17 2
48 18 2
48 19 2
48 20 2
48 21 2
48 22 2
48 23 2
48 26 2
48 29 2
48 30 2
48 35 2
48 36 2
48 37 2
48 41 2
48 42 2
48 44 2
48 46 2
48 48 2
49 0 2
49 4 2
49 5 2
49 7 2
49 8 2
49 9 2
49 10 2
49 11 2
49 15 2
49 16 2
49 18 2
49 19 2
49 20 2
49 21 2
49 22 2
49 24 2
49 25 2
49 28 2
49 32 2
49 35 2
49 37 2
49 38 2
49 40 2
49 43 2
49 47 2
49 49 2
50 1 2
50 2 2
50 5 2
50 15 2
50 24 2
50 30 2
50 32 2
50 34 2
50 36 2
50 40 2
50 41 2
50 42 2
50 50 2
51 1 2
51 6 2
51 7 2
51 9 2
51 15 2
51 16 2
51 20 2
51 24 2
51 25 2
51 26 2
51 27 2
51 28 2
51 31 2
51 32 2
51 33 2
51 37 2
51 39 2
51 41 2
51 43 2
51 44 2
51 46 2
51 47 2
51 48 2
51 49 2
52 1 2
52 3 2
52 4 2
52 8 2
52 15 2
52 20 2
52 28 2
52 30 2
52 34 2
52 39 2
52 42 2
52 50 2
53 2 2
53 3 2
53 4 2
53 5 2
53 9 2
53 17 2
53 24 2
53 25 2
53 26 2
53 27 2
53 28 2
53 29 2
53 30 2
53 31 2
53 32 2
53 41 2
53 42 2
53 44 2
53 45 2
53 47 2
53 49 2
54 1 2
54 6 2
54 7 2
54 10 2
54 13 2
54 16 2
54 17 2
54 20 2
54 21 2
54 22 2
54 24 2
54 32 2
54 33 2
54 39 2
54 41 2
54 42 2
54 44 2
54 47 2
54 49 2
55 0 2
55 1 2
55 5 2
55 11 2
55 19 2
55 24 2
55 38 2
55 39 2
55 43 2
55 44 2
55 45 2
55 47 2
55 50 2
55 52 2
55 55 2
56 0 2
56 4 2
56 5 2
56 13 2
56 14 2
56 16 2
56 21 2
56 22 2
56 23 2
56 24 2
56 25 2
56 26 2
56 28 2
56 32 2
56 33 2
56 35 2
56 37 2
56 38 2
56 39 2
56 42 2
56 44 2
56 45 2
56 46 2
56 49 2
56 55 2
57 0 2
57 2 2
57 3 2
57 5 2
57 6 2
57 7 2
57 9 2
57 12 2
57 14 2
57 15 2
57 17 2
57 19 2
57 22 2
57 23 2
57 25 2
57 26 2
57 28 2
57 30 2
57 31 2
57 34 2
57 39 2
57 40 2
57 44 2
57 45 2
57 48 2
57 49 2
57 51 2
57 53 2
57 54 2
57 57 2
58 0 2
58 3 2
58 5 2
58 8 2
58 16 2
58 17 2
58 19 2
58 20 2
58 21 2
58 24 2
58 25 2
58 26 2
58 28 2
58 29 2
58 30 2
58 35 2
58 36 2
58 37 2
58 38 2
58 39 2
58 40 2
58 44 2
58 45 2
58 48 2
58 49 2
58 51 2
58 53 2
58 54 2
58 57 2
58 58 2
59 0 2
59 3 2
59 6 2
59 7 2
59 8 2
59 12 2
59 15 2
59 16 2
59 17 2
59 18 2
59 19 2
59 22 2
59 24 2
59 26 2
59 27 2
59 30 2
59 31 2
59 34 2
59 35 2
59 36 2
59 40 2
59 41 2
59 44 2
59 45 2
59 46 2
59 49 2
59 51 2
59 55 2
59 56 2
59 57 2
59 58 2
60 0 2
60 2 2
60 5 2
60 6 2
60 7 2
60 11 2
60 12 2
60 14 2
60 15 2
60 16 2
60 17 2
60 18 2
60 20 2
60 22 2
60 24 2
60 28 2
60 29 2
60 32 2
60 35 2
60 36 2
60 42 2
60 44 2
60 48 2
60 50 2
60 51 2
60 58 2
60 59 2
60 60 2
61 4 2
61 6 2
61 7 2
61 10 2
61 13 2
61 17 2
61 19 2
61 20 2
61 25 2
61 26 2
61 27 2
61 28 2
61 30 2
61 31 2
61 32 2
61 38 2
61 39 2
61 40 2
61 44 2
61 45 2
61 47 2
61 50 2
61 51 2
61 54 2
61 57 2
61 58 2
61 59 2
61 61 2
62 0 2
62 1 2
62 2 2
62 5 2
62 7 2
62 8 2
62 9 2
62 10 2
62 13 2
62 14 2
62 15 2
62 16 2
62 18 2
62 23 2
62 26 2
62 27 2
62 28 2
62 29 2
62 31 2
62 32 2
62 35 2
62 40 2
62 41 2
62 42 2
62 44 2
62 45 2
62 50 2
62 51 2
62 53 2
62 54 2
62 55 2
62 58 2
62 59 2
62 61 2
62 62 2
63 0 2
63 3 2
63 8 2
63 9 2
63 10 2
63 12 2
63 17 2
63 18 2
63 20 2
63 22 2
63 25 2
63 26 2
63 28 2
63 30 2
63 31 2
63 32 2
63 35 2
63 36 2
63 37 2
63 38 2
63 44 2
63 46 2
63 47 2
63 48 2
63 49 2
63 52 2
63 53 2
63 54 2
63 58 2
63 63 2
64 0 2
64 3 2
64 6 2
64 7 2
64 10 2
64 12 2
64 15 2
64 16 2
64 18 2
64 20 2
64 22 2
64 25 2
64 29 2
64 32 2
64 35 2
64 39 2
64 40 2
64 41 2
64 47 2
64 48 2
64 49 2
64 52 2
64 53 2
64 54 2
64 59 2
64 60 2
65 0 2
65 3 2
65 5 2
65 11 2
65 13 2
65 14 2
65 17 2
65 19 2
65 21 2
65 22 2
65 24 2
65 27 2
65 30 2
65 32 2
65 33 2
65 35 2
65 37 2
65 49 2
65 51 2
65 53 2
65 58 2
65 61 2
65 63 2
66 2 2
66 4 2
66 5 2
66 7 2
66 9 2
66 10 2
66 17 2
66 18 2
66 19 2
66 21 2
66 22 2
66 24 2
66 26 2
66 27 2
66 28 2
66 29 2
66 30 2
66 39 2
66 42 2
66 44 2
66 45 2
66 47 2
66 48 2
66 49 2
66 51 2
66 54 2
66 55 2
66 58 2
66 59 2
66 61 2
66 62 2
66 65 2
67 3 2
67 6 2
67 7 2
67 9 2
67 12 2
67 13 2
67 16 2
67 17 2
67 18 2
67 20 2
67 21 2
67 22 2
67 25 2
67 26 2
67 28 2
67 30 2
67 37 2
67 38 2
67 39 2
67 41 2
67 42 2
67 46 2
67 47 2
67 48 2
67 49 2
67 52 2
67 53 2
67 54 2
67 56 2
67 57 2
67 58 2
67 59 2
67 61 2
67 66 2
67 67 2
68 2 2
68 4 2
68 7 2
68 9 2
68 10 2
68 11 2
68 12 2
68 14 2
68 17 2
68 18 2
68 19 2
68 20 2
68 23 2
68 24 2
68 30 2
68 32 2
68 33 2
68 35 2
68 36 2
68 37 2
68 44 2
68 45 2
68 46 2
68 48 2
68 49 2
68 51 2
68 53 2
68 57 2
68 58 2
68 60 2
68 62 2
68 63 2
68 68 2
69 1 2
69 6 2
69 9 2
69 16 2
69 17 2
69 18 2
69 19 2
69 20 2
69 23 2
69 29 2
69 33 2
69 34 2
69 35 2
69 38 2
69 43 2
69 48 2
69 49 2
69 51 2
69 52 2
69 56 2
69 59 2
69 64 2
69 67 2
69 69 2
70 0 2
70 3 2
70 4 2
70 5 2
70 9 2
70 12 2
70 16 2
70 20 2
70 21 2
70 23 2
70 26 2
70 28 2
70 29 2
70 30 2
70 31 2
70 32 2
70 41 2
70 42 2
70 44 2
70 45 2
70 53 2
70 56 2
70 61 2
70 64 2
70 65 2
70 66 2
70 67 2
70 68 2
70 69 2
71 0 2
71 2 2
71 3 2
71 6 2
71 9 2
71 10 2
71 13 2
71 14 2
71 15 2
71 23 2
71 26 2
71 27 2
71 31 2
71 32 2
71 34 2
71 35 2
71 40 2
71 48 2
71 55 2
71 59 2
71 62 2
71 65 2
71 69 2
72 1 2
72 4 2
72 9 2
72 10 2
72 13 2
72 14 2
72 16 2
72 18 2
72 20 2
72 24 2
72 25 2
72 26 2
72 33 2
72 40 2
72 41 2
72 46 2
72 50 2
72 53 2
72 54 2
72 57 2
72 59 2
72 60 2
72 61 2
72 63 2
72 68 2
72 70 2
72 72 2
73 3 2
73 5 2
73 7 2
73 12 2
73 18 2
73 20 2
73 21 2
73 22 2
73 23 2
73 26 2
73 29 2
73 31 2
73 32 2
73 33 2
73 35 2
73 37 2
73 38 2
73 39 2
73 41 2
73 42 2
73 44 2
73 47 2
73 48 2
73 49 2
73 54 2
73 56 2
73 58 2
73 59 2
73 62 2
73 65 2
73 67 2
73 68 2
73 69 2
74 4 2
74 5 2
74 8 2
74 9 2
74 10 2
74 12 2
74 13 2
74 14 2
74 15 2
74 18 2
74 19 2
74 20 2
74 23 2
74 25 2
74 26 2
74 32 2
74 35 2
74 36 2
74 37 2
74 39 2
74 40 2
74 41 2
74 42 2
74 44 2
74 45 2
74 46 2
74 47 2
74 48 2
74 50 2
74 53 2
74 54 2
74 56 2
74 60 2
74 61 2
74 65 2
74 67 2
74 70 2
74 72 2
74 73 2
74 74 2
75 0 2
75 3 2
75 5 2
75 6 2
75 8 2
75 10 2
75 11 2
75 14 2
75 16 2
75 17 2
75 18 2
75 20 2
75 21 2
75 22 2
75 25 2
75 29 2
75 30 2
75 35 2
75 37 2
75 38 2
75 39 2
75 44 2
75 45 2
75 46 2
75 49 2
75 51 2
75 54 2
75 56 2
75 57 2
75 58 2
75 59 2
75 60 2
75 61 2
75 66 2
75 68 2
75 72 2
75 74 2
75 75 2
76 0 2
76 2 2
76 5 2
76 8 2
76 9 2
76 10 2
76 11 2
76 14 2
76 15 2
76 17 2
76 21 2
76 22 2
76 25 2
76 27 2
76 29 2
76 30 2
76 32 2
76 33 2
76 36 2
76 37 2
76 38 2
76 43 2
76 44 2
76 47 2
76 48 2
76 56 2
76 57 2
76 58 2
76 59 2
76 60 2
76 61 2
76 62 2
76 64 2
76 65 2
76 67 2
76 68 2
76 70 2
76 71 2
76 73 2
76 76 2
77 0 2
77 2 2
77 5 2
77 6 2
77 7 2
77 10 2
77 13 2
77 15 2
77 16 2
77 17 2
77 18 2
77 19 2
77 20 2
77 21 2
77 22 2
77 24 2
77 25 2
77 27 2
77 30 2
77 31 2
77 32 2
77 35 2
77 38 2
77 40 2
77 41 2
77 42 2
77 43 2
77 48 2
77 52 2
77 53 2
77 54 2
77 55 2
77 56 2
77 57 2
77 59 2
77 63 2
77 65 2
77 67 2
77 68 2
77 74 2
77 75 2
77 76 2
77 77 2
78 0 2
78 1 2
78 3 2
78 5 2
78 7 2
78 10 2
78 11 2
78 23 2
78 24 2
78 25 2
78 26 2
78 27 2
78 30 2
78 39 2
78 40 2
78 42 2
78 50 2
78 51 2
78 56 2
78 57 2
78 58 2
78 60 2
78 61 2
78 62 2
78 63 2
78 67 2
78 70 2
78 71 2
78 72 2
78 74 2
78 76 2
78 78 2
79 0 2
79 2 2
79 5 2
79 6 2
79 11 2
79 12 2
79 13 2
79 16 2
79 17 2
79 18 2
79 19 2
79 21 2
79 22 2
79 27 2
79 29 2
79 30 2
79 31 2
79 32 2
79 35 2
79 37 2
79 40 2
79 42 2
79 45 2
79 47 2
79 48 2
79 49 2
79 56 2
79 57 2
79 58 2
79 59 2
79 62 2
79 63 2
79 64 2
79 66 2
79 67 2
79 68 2
79 70 2
79 71 2
79 75 2
79 76 2
79 78 2
79 79 2
80 0 2
80 3 2
80 4 2
80 5 2
80 9 2
80 12 2
80 13 2
80 16 2
80 17 2
80 18 2
80 21 2
80 30 2
80 31 2
80 35 2
80 38 2
80 42 2
80 45 2
80 48 2
80 49 2
80 51 2
80 53 2
80 54 2
80 56 2
80 57 2
80 59 2
80 60 2
80 61 2
80 62 2
80 63 2
80 66 2
80 68 2
80 73 2
80 74 2
80 78 2
80 80 2
81 0 2
81 3 2
81 4 2
81 6 2
81 9 2
81 10 2
81 15 2
81 17 2
81 18 2
81 19 2
81 20 2
81 22 2
81 25 2
81 26 2
81 28 2
81 30 2
81 32 2
81 35 2
81 36 2
81 38 2
81 43 2
81 44 2
81 46 2
81 47 2
81 49 2
81 50 2
81 53 2
81 56 2
81 65 2
81 71 2
81 73 2
81 75 2
81 76 2
81 78 2
81 80 2
81 81 2
82 2 2
82 3 2
82 5 2
82 7 2
82 9 2
82 12 2
82 14 2
82 17 2
82 18 2
82 19 2
82 20 2
82 21 2
82 23 2
82 24 2
82 25 2
82 27 2
82 29 2
82 30 2
82 38 2
82 40 2
82 41 2
82 42 2
82 47 2
82 49 2
82 54 2
82 55 2
82 60 2
82 61 2
82 62 2
82 63 2
82 64 2
82 66 2
82 67 2
82 70 2
82 72 2
82 73 2
82 75 2
82 76 2
82 77 2
82 78 2
82 81 2
83 0 2
83 2 2
83 3 2
83 7 2
83 9 2
83 13 2
83 15 2
83 16 2
83 17 2
83 18 2
83 19 2
83 20 2
83 21 2
83 22 2
83 23 2
83 24 2
83 25 2
83 26 2
83 27 2
83 28 2
83 32 2
83 35 2
83 36 2
83 37 2
83 38 2
83 39 2
83 40 2
83 41 2
83 42 2
83 43 2
83 48 2
83 49 2
83 53 2
83 57 2
83 61 2
83 62 2
83 63 2
83 67 2
83 69 2
83 70 2
83 71 2
83 72 2
83 74 2
83 76 2
83 79 2
83 80 2
83 81 2
83 83 2
84 3 2
84 7 2
84 9 2
84 13 2
84 14 2
84 15 2
84 17 2
84 21 2
84 23 2
84 24 2
84 25 2
84 26 2
84 30 2
84 31 2
84 32 2
84 35 2
84 36 2
84 38 2
84 42 2
84 44 2
84 47 2
84 49 2
84 50 2
84 52 2
84 54 2
84 58 2
84 59 2
84 60 2
84 61 2
84 62 2
84 64 2
84 65 2
84 66 2
84 67 2
84 68 2
84 70 2
84 71 2
84 72 2
84 73 2
84 74 2
84 78 2
84 79 2
84 83 2
84 84 2
85 0 2
85 2 2
85 9 2
85 13 2
85 18 2
85 20 2
85 26 2
85 27 2
85 28 2
85 29 2
85 32 2
85 35 2
85 36 2
85 39 2
85 40 2
85 42 2
85 43 2
85 44 2
85 45 2
85 46 2
85 47 2
85 50 2
85 51 2
85 53 2
85 55 2
85 59 2
85 60 2
85 61 2
85 63 2
85 66 2
85 68 2
85 71 2
85 72 2
85 74 2
85 75 2
85 78 2
85 79 2
85 81 2
85 82 2
85 85 2
86 2 2
86 3 2
86 4 2
86 7 2
86 8 2
86 12 2
86 18 2
86 19 2
86 20 2
86 22 2
86 24 2
86 25 2
86 27 2
86 28 2
86 29 2
86 31 2
86 32 2
86 35 2
86 38 2
86 41 2
86 42 2
86 45 2
86 46 2
86 52 2
86 53 2
86 54 2
86 56 2
86 57 2
86 60 2
86 61 2
86 63 2
86 65 2
86 66 2
86 67 2
86 69 2
86 70 2
86 71 2
86 73 2
86 75 2
86 76 2
86 78 2
86 79 2
86 80 2
86 82 2
86 83 2
86 84 2
86 85 2
87 3 2
87 4 2
87 5 2
87 9 2
87 10 2
87 14 2
87 18 2
87 20 2
87 22 2
87 23 2
87 24 2
87 25 2
87 28 2
87 30 2
87 32 2
87 38 2
87 39 2
87 40 2
87 44 2
87 46 2
87 49 2
87 50 2
87 52 2
87 53 2
87 55 2
87 58 2
87 60 2
87 61 2
87 62 2
87 64 2
87 65 2
87 66 2
87 68 2
87 72 2
87 73 2
87 74 2
87 75 2
87 78 2
87 80 2
87 81 2
87 82 2
87 85 2
87 87 2
88 1 2
88 2 2
88 3 2
88 4 2
88 7 2
88 13 2
88 16 2
88 17 2
88 18 2
88 20 2
88 23 2
88 24 2
88 25 2
88 27 2
88 29 2
88 30 2
88 32 2
88 35 2
88 36 2
88 37 2
88 41 2
88 42 2
88 47 2
88 49 2
88 54 2
88 56 2
88 62 2
88 64 2
88 65 2
88 66 2
88 68 2
88 71 2
88 72 2
88 74 2
88 76 2
88 78 2
88 80 2
88 81 2
88 86 2
89 2 2
89 3 2
89 5 2
89 6 2
89 18 2
89 20 2
89 23 2
89 24 2
89 29 2
89 31 2
89 37 2
89 39 2
89 41 2
89 43 2
89 45 2
89 46 2
89 47 2
89 48 2
89 51 2
89 52 2
89 53 2
89 54 2
89 57 2
89 61 2
89 62 2
89 63 2
89 66 2
89 68 2
89 70 2
89 72 2
89 73 2
89 76 2
89 79 2
89 81 2
89 82 2
89 86 2
89 87 2
90 0 2
90 3 2
90 4 2
90 6 2
90 8 2
90 9 2
90 10 2
90 16 2
90 17 2
90 19 2
90 20 2
90 21 2
90 26 2
90 29 2
90 31 2
90 35 2
90 36 2
90 38 2
90 39 2
90 49 2
90 50 2
90 51 2
90 54 2
90 56 2
90 57 2
90 59 2
90 60 2
90 62 2
90 67 2
90 68 2
90 70 2
90 71 2
90 72 2
90 73 2
90 77 2
90 78 2
90 85 2
90 88 2
90 89 2
91 0 2
91 2 2
91 3 2
91 4 2
91 7 2
91 9 2
91 14 2
91 15 2
91 16 2
91 22 2
91 23 2
91 24 2
91 25 2
91 26 2
91 28 2
91 30 2
91 33 2
91 35 2
91 36 2
91 38 2
91 39 2
91 40 2
91 41 2
91 48 2
91 49 2
91 52 2
91 53 2
91 54 2
91 58 2
91 60 2
91 64 2
91 66 2
91 67 2
91 68 2
91 70 2
91 73 2
91 74 2
91 75 2
91 76 2
91 79 2
91 86 2
91 87 2
91 89 2
91 91 2
92 0 2
92 2 2
92 4 2
92 5 2
92 9 2
92 10 2
92 11 2
92 14 2
92 15 2
92 17 2
92 18 2
92 20 2
92 23 2
92 25 2
92 27 2
92 29 2
92 30 2
92 32 2
92 35 2
92 37 2
92 40 2
92 46 2
92 47 2
92 49 2
92 53 2
92 54 2
92 58 2
92 59 2
92 63 2
92 65 2
92 66 2
92 67 2
92 69 2
92 70 2
92 73 2
92 74 2
92 77 2
92 78 2
92 79 2
92 81 2
92 82 2
92 83 2
92 85 2
92 86 2
92 89 2
92 90 2
92 91 2
92 92 2
93 2 2
93 4 2
93 5 2
93 6 2
93 9 2
93 11 2
93 15 2
93 18 2
93 21 2
93 26 2
93 27 2
93 28 2
93 29 2
93 32 2
93 35 2
93 36 2
93 37 2
93 39 2
93 40 2
93 42 2
93 44 2
93 45 2
93 46 2
93 47 2
93 48 2
93 49 2
93 53 2
93 54 2
93 59 2
93 61 2
93 64 2
93 65 2
93 66 2
93 71 2
93 73 2
93 76 2
93 77 2
93 80 2
93 84 2
93 86 2
93 87 2
93 88 2
93 89 2
93 91 2
94 0 2
94 2 2
94 3 2
94 7 2
94 13 2
94 18 2
94 19 2
94 20 2
94 21 2
94 22 2
94 24 2
94 27 2
94 29 2
94 30 2
94 31 2
94 33 2
94 38 2
94 39 2
94 40 2
94 46 2
94 49 2
94 54 2
94 55 2
94 56 2
94 58 2
94 60 2
94 61 2
94 62 2
94 63 2
94 71 2
94 73 2
94 75 2
94 76 2
94 78 2
94 80 2
94 83 2
94 84 2
94 89 2
94 92 2
94 93 2
94 94 2
95 0 2
95 1 2
95 2 2
95 3 2
95 4 2
95 5 2
95 6 2
95 9 2
95 10 2
95 11 2
95 19 2
95 20 2
95 21 2
95 22 2
95 24 2
95 29 2
95 30 2
95 31 2
95 32 2
95 33 2
95 35 2
95 36 2
95 37 2
95 40 2
95 43 2
95 45 2
95 47 2
95 48 2
95 49 2
95 54 2
95 56 2
95 59 2
95 62 2
95 66 2
95 68 2
95 70 2
95 73 2
95 75 2
95 76 2
95 77 2
95 79 2
95 80 2
95 81 2
95 82 2
95 83 2
95 85 2
95 88 2
95 91 2
95 93 2
95 94 2
95 95 2
96 0 2
96 1 2
96 4 2
96 10 2
96 12 2
96 13 2
96 15 2
96 20 2
96 21 2
96 22 2
96 23 2
96 25 2
96 26 2
96 27 2
96 30 2
96 32 2
96 34 2
96 35 2
96 39 2
96 40 2
96 46 2
96 47 2
96 52 2
96 53 2
96 54 2
96 58 2
96 59 2
96 64 2
96 66 2
96 68 2
96 77 2
96 81 2
96 83 2
96 85 2
96 86 2
96 88 2
96 90 2
96 95 2
96 96 2
97 0 2
97 2 2
97 4 2
97 5 2
97 15 2
97 18 2
97 19 2
97 20 2
97 21 2
97 22 2
97 23 2
97 25 2
97 26 2
97 27 2
97 29 2
97 31 2
97 34 2
97 36 2
97 37 2
97 38 2
97 40 2
97 44 2
97 45 2
97 51 2
97 53 2
97 57 2
97 58 2
97 60 2
97 61 2
97 62 2
97 64 2
97 66 2
97 68 2
97 71 2
97 72 2
97 73 2
97 74 2
97 76 2
97 77 2
97 78 2
97 91 2
97 94 2
97 95 2
97 97 2
98 2 2
98 4 2
98 5 2
98 6 2
98 7 2
98 8 2
98 13 2
98 15 2
98 16 2
98 18 2
98 27 2
98 28 2
98 30 2
98 32 2
98 33 2
98 35 2
98 38 2
98 41 2
98 42 2
98 45 2
98 46 2
98 47 2
98 48 2
98 53 2
98 57 2
98 59 2
98 61 2
98 67 2
98 68 2
98 70 2
98 73 2
98 74 2
98 77 2
98 78 2
98 81 2
98 84 2
98 85 2
98 87 2
98 88 2
98 90 2
98 91 2
98 96 2
99 0 2
99 2 2
99 3 2
99 6 2
99 7 2
99 9 2
99 14 2
99 19 2
99 20 2
99 24 2
99 28 2
99 32 2
99 34 2
99 35 2
99 36 2
99 38 2
99 40 2
99 41 2
99 42 2
99 49 2
99 51 2
99 52 2
99 54 2
99 55 2
99 60 2
99 61 2
99 62 2
99 63 2
99 64 2
99 65 2
99 66 2
99 73 2
99 76 2
99 79 2
99 81 2
99 83 2
99 85 2
99 88 2
99 89 2
99 90 2
99 91 2
99 92 2
99 93 2
99 95 2
99 99 2
100 4 2
100 5 2
100 6 2
100 7 2
100 9 2
100 13 2
100 20 2
100 21 2
100 23 2
100 25 2
100 26 2
100 28 2
100 29 2
100 31 2
100 32 2
100 36 2
100 39 2
100 40 2
100 44 2
100 45 2
100 48 2
100 49 2
100 50 2
100 53 2
100 54 2
100 57 2
100 59 2
100 62 2
100 63 2
100 64 2
100 65 2
100 67 2
100 72 2
100 73 2
100 76 2
100 80 2
100 81 2
100 82 2
100 85 2
100 86 2
100 88 2
100 89 2
100 93 2
100 96 2
100 100 2
101 10 2
101 14 2
101 16 2
101 17 2
101 20 2
101 21 2
101 22 2
101 26 2
101 29 2
101 31 2
101 32 2
101 35 2
101 36 2
101 37 2
101 41 2
101 45 2
101 47 2
101 50 2
101 51 2
101 54 2
101 57 2
101 59 2
101 60 2
101 63 2
101 66 2
101 68 2
101 71 2
101 72 2
101 73 2
101 75 2
101 77 2
101 85 2
101 86 2
101 88 2
101 89 2
101 91 2
101 93 2
101 95 2
101 96 2
101 97 2
101 99 2
101 100 2
101 101 2
102 2 2
102 6 2
102 8 2
102 9 2
102 14 2
102 15 2
102 20 2
102 21 2
102 22 2
102 24 2
102 26 2
102 27 2
102 30 2
102 32 2
102 36 2
102 38 2
102 41 2
102 43 2
102 46 2
102 47 2
102 48 2
102 49 2
102 53 2
102 58 2
102 62 2
102 69 2
102 71 2
102 72 2
102 75 2
102 76 2
102 80 2
102 82 2
102 83 2
102 85 2
102 87 2
102 88 2
102 92 2
102 93 2
102 94 2
102 95 2
102 96 2
102 98 2
102 99 2
102 100 2
102 102 2
103 0 2
103 4 2
103 5 2
103 8 2
103 12 2
103 13 2
103 14 2
103 16 2
103 24 2
103 25 2
103 26 2
103 30 2
103 35 2
103 37 2
103 38 2
103 40 2
103 45 2
103 46 2
103 47 2
103 48 2
103 49 2
103 50 2
103 51 2
103 54 2
103 55 2
103 56 2
103 58 2
103 60 2
103 62 2
103 63 2
103 64 2
103 65 2
103 66 2
103 68 2
103 70 2
103 71 2
103 74 2
103 78 2
103 83 2
103 89 2
103 90 2
103 92 2
103 95 2
103 98 2
103 100 2
104 7 2
104 8 2
104 11 2
104 13 2
104 16 2
104 18 2
104 20 2
104 21 2
104 27 2
104 33 2
104 34 2
104 35 2
104 37 2
104 39 2
104 42 2
104 43 2
104 55 2
104 56 2
104 59 2
104 61 2
104 71 2
104 73 2
104 75 2
104 77 2
104 84 2
104 89 2
104 91 2
104 104 2
105 2 2
105 3 2
105 8 2
105 10 2
105 13 2
105 16 2
105 19 2
105 21 2
105 23 2
105 25 2
105 26 2
105 27 2
105 29 2
105 36 2
105 37 2
105 39 2
105 45 2
105 46 2
105 47 2
105 48 2
105 49 2
105 51 2
105 53 2
105 54 2
105 60 2
105 64 2
105 65 2
105 67 2
105 68 2
105 71 2
105 73 2
105 74 2
105 75 2
105 76 2
105 78 2
105 80 2
105 82 2
105 83 2
105 85 2
105 86 2
105 88 2
105 90 2
105 91 2
105 92 2
105 95 2
105 96 2
105 99 2
105 102 2
105 103 2
105 105 2
106 3 2
106 8 2
106 12 2
106 14 2
106 15 2
106 20 2
106 21 2
106 22 2
106 24 2
106 25 2
106 26 2
106 27 2
106 28 2
106 31 2
106 32 2
106 36 2
106 37 2
106 40 2
106 44 2
106 46 2
106 47 2
106 49 2
106 50 2
106 51 2
106 58 2
106 59 2
106 60 2
106 61 2
106 68 2
106 72 2
106 73 2
106 76 2
106 77 2
106 81 2
106 83 2
106 84 2
106 86 2
106 90 2
106 93 2
106 94 2
106 95 2
106 96 2
106 99 2
106 100 2
106 105 2
107 4 2
107 5 2
107 6 2
107 8 2
107 9 2
107 13 2
107 14 2
107 15 2
107 16 2
107 18 2
107 19 2
107 21 2
107 22 2
107 23 2
107 26 2
107 27 2
107 33 2
107 37 2
107 40 2
107 47 2
107 49 2
107 50 2
107 51 2
107 54 2
107 56 2
107 57 2
107 60 2
107 61 2
107 62 2
107 63 2
107 64 2
107 65 2
107 68 2
107 69 2
107 70 2
107 71 2
107 74 2
107 76 2
107 77 2
107 79 2
107 80 2
107 81 2
107 82 2
107 88 2
107 89 2
107 92 2
107 93 2
107 95 2
107 97 2
107 100 2
107 101 2
107 102 2
107 103 2
107 106 2
107 107 2
108 2 2
108 7 2
108 8 2
108 13 2
108 15 2
108 18 2
108 20 2
108 21 2
108 26 2
108 31 2
108 34 2
108 37 2
108 38 2
108 39 2
108 44 2
108 45 2
108 53 2
108 61 2
108 62 2
108 63 2
108 64 2
108 67 2
108 70 2
108 73 2
108 75 2
108 76 2
108 77 2
108 78 2
108 79 2
108 80 2
108 81 2
108 82 2
108 84 2
108 85 2
108 86 2
108 88 2
108 89 2
108 90 2
108 92 2
108 93 2
108 96 2
108 97 2
108 98 2
108 99 2
108 100 2
108 104 2
108 108 2
109 2 2
109 3 2
109 4 2
109 6 2
109 8 2
109 10 2
109 12 2
109 13 2
109 20 2
109 22 2
109 24 2
109 31 2
109 32 2
109 35 2
109 37 2
109 41 2
109 44 2
109 45 2
109 47 2
109 49 2
109 52 2
109 53 2
109 54 2
109 55 2
109 56 2
109 61 2
109 63 2
109 64 2
109 65 2
109 66 2
109 67 2
109 68 2
109 71 2
109 74 2
109 75 2
109 76 2
109 77 2
109 78 2
109 79 2
109 80 2
109 81 2
109 83 2
109 85 2
109 87 2
109 88 2
109 91 2
109 99 2
109 103 2
109 105 2
109 107 2
109 109 2
110 0 2
110 1 2
110 3 2
110 4 2
110 6 2
110 7 2
110 9 2
110 12 2
110 13 2
110 19 2
110 20 2
110 21 2
110 24 2
110 26 2
110 29 2
110 37 2
110 42 2
110 43 2
110 45 2
110 46 2
110 47 2
110 48 2
110 49 2
110 54 2
110 55 2
110 57 2
110 63 2
110 64 2
110 66 2
110 69 2
110 70 2
110 71 2
110 73 2
110 76 2
110 77 2
110 78 2
110 80 2
110 83 2
110 86 2
110 89 2
110 90 2
110 95 2
110 97 2
110 98 2
110 99 2
110 100 2
110 105 2
110 107 2
110 109 2
110 110 2
111 4 2
111 5 2
111 6 2
111 7 2
111 12 2
111 14 2
111 15 2
111 19 2
111 24 2
111 27 2
111 28 2
111 29 2
111 30 2
111 38 2
111 39 2
111 40 2
111 42 2
111 46 2
111 47 2
111 50 2
111 52 2
111 54 2
111 55 2
111 56 2
111 59 2
111 60 2
111 61 2
111 62 2
111 63 2
111 64 2
111 68 2
111 70 2
111 73 2
111 76 2
111 77 2
111 80 2
111 82 2
111 85 2
111 86 2
111 91 2
111 92 2
111 93 2
111 94 2
111 100 2
111 102 2
111 107 2
111 108 2
111 111 2
112 0 2
112 1 2
112 2 2
112 6 2
112 17 2
112 21 2
112 24 2
112 30 2
112 31 2
112 32 2
112 33 2
112 34 2
112 39 2
112 41 2
112 42 2
112 44 2
112 46 2
112 48 2
112 49 2
112 55 2
112 56 2
112 59 2
112 65 2
112 66 2
112 77 2
112 79 2
112 87 2
112 97 2
112 101 2
112 109 2
112 110 2
112 112 2
113 0 2
113 3 2
113 6 2
113 7 2
113 8 2
113 10 2
113 12 2
113 13 2
113 14 2
113 15 2
113 19 2
113 21 2
113 24 2
113 25 2
113 26 2
113 31 2
113 34 2
113 36 2
113 37 2
113 41 2
113 42 2
113 45 2
113 46 2
113 47 2
113 48 2
113 49 2
113 54 2
113 55 2
113 58 2
113 59 2
113 61 2
113 64 2
113 65 2
113 67 2
113 71 2
113 74 2
113 75 2
113 79 2
113 81 2
113 83 2
113 85 2
113 91 2
113 93 2
113 95 2
113 96 2
113 98 2
113 99 2
113 105 2
113 107 2
113 108 2
113 109 2
113 113 2
114 2 2
114 3 2
114 4 2
114 6 2
114 7 2
114 9 2
114 12 2
114 15 2
114 19 2
114 20 2
114 21 2
114 22 2
114 23 2
114 24 2
114 25 2
114 26 2
114 27 2
114 35 2
114 38 2
114 40 2
114 43 2
114 45 2
114 46 2
114 48 2
114 53 2
114 56 2
114 57 2
114 59 2
114 60 2
114 61 2
114 62 2
114 63 2
114 64 2
114 65 2
114 66 2
114 73 2
114 74 2
114 75 2
114 83 2
114 86 2
114 87 2
114 88 2
114 89 2
114 90 2
114 92 2
114 93 2
114 96 2
114 99 2
114 100 2
114 101 2
114 102 2
114 106 2
114 108 2
114 110 2
115 2 2
115 3 2
115 6 2
115 8 2
115 13 2
115 14 2
115 17 2
115 18 2
115 22 2
115 24 2
115 26 2
115 27 2
115 28 2
115 29 2
115 31 2
115 35 2
115 36 2
115 40 2
115 42 2
115 46 2
115 47 2
115 53 2
115 57 2
115 61 2
115 63 2
115 65 2
115 66 2
115 68 2
115 70 2
115 72 2
115 73 2
115 75 2
115 76 2
115 77 2
115 79 2
115 82 2
115 83 2
115 84 2
115 86 2
115 87 2
115 88 2
115 89 2
115 92 2
115 93 2
115 94 2
115 95 2
115 96 2
115 98 2
115 99 2
115 100 2
115 101 2
115 105 2
115 107 2
115 109 2
115 111 2
115 113 2
115 114 2
115 115 2
116 6 2
116 8 2
116 9 2
116 13 2
116 15 2
116 18 2
116 20 2
116 28 2
116 32 2
116 36 2
116 38 2
116 39 2
116 40 2
116 48 2
116 50 2
116 51 2
116 53 2
116 54 2
116 55 2
116 56 2
116 60 2
116 61 2
116 62 2
116 64 2
116 68 2
116 71 2
116 80 2
116 81 2
116 83 2
116 85 2
116 86 2
116 87 2
116 88 2
116 89 2
116 91 2
116 92 2
116 93 2
116 94 2
116 95 2
116 96 2
116 97 2
116 100 2
116 101 2
116 102 2
116 105 2
116 106 2
116 110 2
116 111 2
116 114 2
116 115 2
116 116 2
117 0 2
117 2 2
117 4 2
117 6 2
117 8 2
117 9 2
117 10 2
117 12 2
117 14 2
117 18 2
117 19 2
117 20 2
117 21 2
117 25 2
117 27 2
117 28 2
117 30 2
117 32 2
117 34 2
117 35 2
117 37 2
117 39 2
117 40 2
117 41 2
117 43 2
117 45 2
117 48 2
117 49 2
117 51 2
117 53 2
117 54 2
117 56 2
117 57 2
117 58 2
117 59 2
117 62 2
117 63 2
117 64 2
117 66 2
117 70 2
117 74 2
117 75 2
117 76 2
117 77 2
117 79 2
117 84 2
117 86 2
117 87 2
117 92 2
117 93 2
117 95 2
117 97 2
117 98 2
117 99 2
117 101 2
117 103 2
117 105 2
117 107 2
117 109 2
117 112 2
117 115 2
117 116 2
117 117 2
118 6 2
118 7 2
118 8 2
118 9 2
118 10 2
118 12 2
118 15 2
118 16 2
118 20 2
118 22 2
118 25 2
118 29 2
118 34 2
118 35 2
118 39 2
118 40 2
118 41 2
118 46 2
118 47 2
118 50 2
118 52 2
118 53 2
118 56 2
118 58 2
118 61 2
118 64 2
118 65 2
118 67 2
118 70 2
118 72 2
118 75 2
118 77 2
118 80 2
118 82 2
118 84 2
118 87 2
118 91 2
118 92 2
118 93 2
118 94 2
118 97 2
118 105 2
118 107 2
118 111 2
118 112 2
118 116 2
118 117 2
119 5 2
119 7 2
119 8 2
119 9 2
119 16 2
119 18 2
119 19 2
119 20 2
119 21 2
119 23 2
119 25 2
119 28 2
119 29 2
119 30 2
119 31 2
119 34 2
119 37 2
119 38 2
119 39 2
119 40 2
119 41 2
119 48 2
119 49 2
119 53 2
119 56 2
119 57 2
119 58 2
119 59 2
119 60 2
119 61 2
119 63 2
119 64 2
119 70 2
119 71 2
119 72 2
119 73 2
119 80 2
119 81 2
119 83 2
119 84 2
119 85 2
119 92 2
119 94 2
119 95 2
119 96 2
119 100 2
119 101 2
119 109 2
119 110 2
119 114 2
119 116 2
119 117 2
119 118 2
119 119 2
120 6 2
120 7 2
120 9 2
120 13 2
120 15 2
120 17 2
120 18 2
120 19 2
120 20 2
120 21 2
120 22 2
120 23 2
120 24 2
120 25 2
120 27 2
120 28 2
120 30 2
120 35 2
120 38 2
120 40 2
120 42 2
120 46 2
120 47 2
120 49 2
120 53 2
120 57 2
120 59 2
120 61 2
120 62 2
120 64 2
120 65 2
120 67 2
120 68 2
120 71 2
120 74 2
120 75 2
120 76 2
120 77 2
120 78 2
120 79 2
120 80 2
120 81 2
120 82 2
120 83 2
120 84 2
120 86 2
120 87 2
120 89 2
120 90 2
120 93 2
120 95 2
120 98 2
120 99 2
120 100 2
120 101 2
120 105 2
120 107 2
120 108 2
120 110 2
120 114 2
120 116 2
120 120 2
121 2 2
121 3 2
121 4 2
121 5 2
121 7 2
121 9 2
121 14 2
121 15 2
121 16 2
121 17 2
121 18 2
121 19 2
121 20 2
121 24 2
121 25 2
121 26 2
121 29 2
121 31 2
121 36 2
121 40 2
121 45 2
121 46 2
121 58 2
121 60 2
121 62 2
121 63 2
121 66 2
121 67 2
121 69 2
121 70 2
121 71 2
121 72 2
121 73 2
121 74 2
121 75 2
121 82 2
121 83 2
121 85 2
121 86 2
121 88 2
121 90 2
121 91 2
121 92 2
121 93 2
121 97 2
121 99 2
121 106 2
121 107 2
121 109 2
121 110 2
121 114 2
121 118 2
121 119 2
121 120 2
122 2 2
122 4 2
122 7 2
122 10 2
122 14 2
122 17 2
122 18 2
122 23 2
122 24 2
122 26 2
122 27 2
122 29 2
122 30 2
122 36 2
122 39 2
122 42 2
122 45 2
122 46 2
122 47 2
122 49 2
122 51 2
122 55 2
122 56 2
122 57 2
122 58 2
122 59 2
122 61 2
122 62 2
122 63 2
122 65 2
122 71 2
122 75 2
122 77 2
122 78 2
122 79 2
122 82 2
122 85 2
122 86 2
122 88 2
122 90 2
122 92 2
122 96 2
122 98 2
122 101 2
122 102 2
122 105 2
122 108 2
122 109 2
122 110 2
122 114 2
122 116 2
122 117 2
122 118 2
122 122 2
123 0 2
123 2 2
123 3 2
123 5 2
123 6 2
123 7 2
123 8 2
123 10 2
123 12 2
123 15 2
123 16 2
123 22 2
123 24 2
123 25 2
123 26 2
123 27 2
123 28 2
123 31 2
123 32 2
123 36 2
123 38 2
123 39 2
123 40 2
123 41 2
123 44 2
123 45 2
123 51 2
123 53 2
123 54 2
123 56 2
123 57 2
123 58 2
123 60 2
123 61 2
123 65 2
123 67 2
123 68 2
123 69 2
123 71 2
123 75 2
123 76 2
123 79 2
123 81 2
123 82 2
123 83 2
123 84 2
123 86 2
123 87 2
123 89 2
123 91 2
123 94 2
123 95 2
123 96 2
123 98 2
123 100 2
123 101 2
123 102 2
123 103 2
123 104 2
123 105 2
123 106 2
123 108 2
123 109 2
123 110 2
123 111 2
123 115 2
123 116 2
123 120 2
123 122 2
123 123 2
124 1 2
124 2 2
124 5 2
124 6 2
124 7 2
124 8 2
124 9 2
124 13 2
124 14 2
124 16 2
124 17 2
124 18 2
124 21 2
124 22 2
124 23 2
124 26 2
124 29 2
124 31 2
124 35 2
124 36 2
124 37 2
124 38 2
124 40 2
124 42 2
124 43 2
124 44 2
124 45 2
124 46 2
124 54 2
124 55 2
124 57 2
124 58 2
124 59 2
124 60 2
124 61 2
124 63 2
124 64 2
124 65 2
124 67 2
124 70 2
124 71 2
124 73 2
124 75 2
124 77 2
124 78 2
124 79 2
124 80 2
124 83 2
124 84 2
124 86 2
124 88 2
124 90 2
124 91 2
124 93 2
124 95 2
124 97 2
124 98 2
124 99 2
124 101 2
124 102 2
124 106 2
124 109 2
124 111 2
124 115 2
124 118 2
124 119 2
124 121 2
124 122 2
124 123 2
125 3 2
125 5 2
125 6 2
125 7 2
125 8 2
125 9 2
125 11 2
125 12 2
125 16 2
125 17 2
125 18 2
125 21 2
125 26 2
125 28 2
125 29 2
125 30 2
125 32 2
125 34 2
125 35 2
125 36 2
125 38 2
125 39 2
125 40 2
125 41 2
125 42 2
125 44 2
125 45 2
125 46 2
125 47 2
125 48 2
125 49 2
125 56 2
125 58 2
125 59 2
125 63 2
125 69 2
125 71 2
125 74 2
125 76 2
125 78 2
125 79 2
125 80 2
125 82 2
125 84 2
125 88 2
125 91 2
125 92 2
125 94 2
125 95 2
125 98 2
125 99 2
125 100 2
125 101 2
125 103 2
125 108 2
125 109 2
125 113 2
125 121 2
125 122 2
125 125 2
126 0 2
126 2 2
126 4 2
126 7 2
126 8 2
126 9 2
126 10 2
126 11 2
126 14 2
126 15 2
126 18 2
126 19 2
126 20 2
126 22 2
126 24 2
126 25 2
126 26 2
126 27 2
126 28 2
126 29 2
126 30 2
126 31 2
126 34 2
126 35 2
126 37 2
126 38 2
126 39 2
126 49 2
126 51 2
126 52 2
126 60 2
126 61 2
126 62 2
126 64 2
126 65 2
126 70 2
126 71 2
126 72 2
126 73 2
126 77 2
126 79 2
126 80 2
126 81 2
126 83 2
126 84 2
126 86 2
126 88 2
126 89 2
126 90 2
126 91 2
126 93 2
126 94 2
126 95 2
126 96 2
126 98 2
126 99 2
126 101 2
126 103 2
126 104 2
126 105 2
126 106 2
126 109 2
126 111 2
126 113 2
126 116 2
126 117 2
126 118 2
126 122 2
126 124 2
126 126 2
127 3 2
127 5 2
127 6 2
127 7 2
127 8 2
127 9 2
127 10 2
127 12 2
127 16 2
127 22 2
127 23 2
127 24 2
127 25 2
127 30 2
127 31 2
127 38 2
127 40 2
127 42 2
127 47 2
127 49 2
127 53 2
127 54 2
127 55 2
127 59 2
127 60 2
127 61 2
127 63 2
127 64 2
127 68 2
127 72 2
127 75 2
127 77 2
127 78 2
127 81 2
127 83 2
127 85 2
127 87 2
127 88 2
127 89 2
127 90 2
127 91 2
127 93 2
127 95 2
127 97 2
127 99 2
127 101 2
127 102 2
127 105 2
127 107 2
127 108 2
127 109 2
127 113 2
127 115 2
127 116 2
127 117 2
127 118 2
127 122 2
127 123 2
127 124 2
127 127 2
128 1 2
128 2 2
128 4 2
128 5 2
128 7 2
128 8 2
128 10 2
128 12 2
128 13 2
128 14 2
128 16 2
128 17 2
128 18 2
128 21 2
128 22 2
128 23 2
128 24 2
128 25 2
128 28 2
128 30 2
128 32 2
128 35 2
128 36 2
128 39 2
128 40 2
128 44 2
128 48 2
128 50 2
128 53 2
128 54 2
128 61 2
128 62 2
128 64 2
128 71 2
128 72 2
128 76 2
128 78 2
128 79 2
128 80 2
128 82 2
128 84 2
128 86 2
128 90 2
128 91 2
128 93 2
128 95 2
128 100 2
128 101 2
128 104 2
128 105 2
128 107 2
128 109 2
128 110 2
128 115 2
128 117 2
128 122 2
128 123 2
128 124 2
128 128 2
129 0 2
129 2 2
129 5 2
129 6 2
129 7 2
129 8 2
129 9 2
129 10 2
129 13 2
129 15 2
129 16 2
129 17 2
129 19 2
129 21 2
129 25 2
129 32 2
129 34 2
129 40 2
129 41 2
129 48 2
129 53 2
129 54 2
129 56 2
129 59 2
129 62 2
129 71 2
129 72 2
129 73 2
129 74 2
129 76 2
129 78 2
129 80 2
129 82 2
129 85 2
129 86 2
129 87 2
129 89 2
129 92 2
129 93 2
129 94 2
129 96 2
129 98 2
129 101 2
129 103 2
129 106 2
129 108 2
129 111 2
129 113 2
129 118 2
129 121 2
129 125 2
129 128 2
130 0 2
130 3 2
130 5 2
130 7 2
130 8 2
130 14 2
130 15 2
130 16 2
130 18 2
130 20 2
130 22 2
130 23 2
130 25 2
130 30 2
130 32 2
130 36 2
130 37 2
130 39 2
130 40 2
130 42 2
130 45 2
130 48 2
130 49 2
130 60 2
130 61 2
130 62 2
130 63 2
130 64 2
130 65 2
130 66 2
130 68 2
130 73 2
130 74 2
130 77 2
130 79 2
130 81 2
130 82 2
130 85 2
130 88 2
130 89 2
130 93 2
130 95 2
130 96 2
130 97 2
130 100 2
130 101 2
130 102 2
130 103 2
130 108 2
130 112 2
130 113 2
130 114 2
130 119 2
130 120 2
130 121 2
130 124 2
130 125 2
130 126 2
131 0 2
131 1 2
131 3 2
131 4 2
131 7 2
131 10 2
131 13 2
131 15 2
131 17 2
131 19 2
131 21 2
131 23 2
131 25 2
131 26 2
131 30 2
131 31 2
131 38 2
131 41 2
131 42 2
131 44 2
131 50 2
131 54 2
131 59 2
131 60 2
131 61 2
131 63 2
131 64 2
131 70 2
131 71 2
131 73 2
131 74 2
131 77 2
131 80 2
131 85 2
131 88 2
131 89 2
131 90 2
131 91 2
131 94 2
131 96 2
131 100 2
131 101 2
131 102 2
131 105 2
131 107 2
131 110 2
131 111 2
131 114 2
131 115 2
131 118 2
131 119 2
131 123 2
131 124 2
131 125 2
131 126 2
131 129 2
131 131 2
132 0 2
132 3 2
132 12 2
132 15 2
132 19 2
132 20 2
132 23 2
132 26 2
132 30 2
132 31 2
132 35 2
132 38 2
132 39 2
132 41 2
132 42 2
132 56 2
132 58 2
132 61 2
132 62 2
132 63 2
132 64 2
132 65 2
132 66 2
132 67 2
132 70 2
132 72 2
132 74 2
132 76 2
132 79 2
132 80 2
132 81 2
132 84 2
132 88 2
132 91 2
132 92 2
132 93 2
132 94 2
132 95 2
132 97 2
132 99 2
132 100 2
132 101 2
132 102 2
132 109 2
132 113 2
132 114 2
132 115 2
132 116 2
132 117 2
132 118 2
132 119 2
132 120 2
132 121 2
132 122 2
132 126 2
132 129 2
132 130 2
132 132 2
133 0 2
133 1 2
133 2 2
133 4 2
133 5 2
133 7 2
133 8 2
133 9 2
133 14 2
133 15 2
133 16 2
133 18 2
133 22 2
133 27 2
133 29 2
133 30 2
133 32 2
133 33 2
133 35 2
133 36 2
133 39 2
133 40 2
133 41 2
133 42 2
133 44 2
133 46 2
133 47 2
133 49 2
133 51 2
133 53 2
133 54 2
133 56 2
133 58 2
133 59 2
133 61 2
133 63 2
133 64 2
133 65 2
133 67 2
133 70 2
133 72 2
133 75 2
133 79 2
133 82 2
133 85 2
133 88 2
133 90 2
133 92 2
133 93 2
133 95 2
133 97 2
133 99 2
133 103 2
133 104 2
133 107 2
133 109 2
133 114 2
133 115 2
133 118 2
133 119 2
133 121 2
133 122 2
133 125 2
133 126 2
133 128 2
133 132 2
133 133 2
134 1 2
134 11 2
134 20 2
134 21 2
134 27 2
134 36 2
134 38 2
134 41 2
134 43 2
134 50 2
134 51 2
134 54 2
134 56 2
134 58 2
134 59 2
134 61 2
134 65 2
134 69 2
134 73 2
134 77 2
134 80 2
134 83 2
134 86 2
134 88 2
134 93 2
134 94 2
134 96 2
134 103 2
134 104 2
134 107 2
134 109 2
134 112 2
134 115 2
134 119 2
134 122 2
134 134 2
135 0 2
135 1 2
135 2 2
135 4 2
135 5 2
135 7 2
135 8 2
135 10 2
135 16 2
135 21 2
135 22 2
135 23 2
135 24 2
135 28 2
135 29 2
135 30 2
135 31 2
135 32 2
135 34 2
135 35 2
135 36 2
135 37 2
135 40 2
135 44 2
135 46 2
135 48 2
135 53 2
135 56 2
135 58 2
135 59 2
135 62 2
135 65 2
135 71 2
135 72 2
135 73 2
135 74 2
135 75 2
135 76 2
135 77 2
135 84 2
135 86 2
135 87 2
135 88 2
135 90 2
135 93 2
135 96 2
135 97 2
135 103 2
135 105 2
135 109 2
135 110 2
135 118 2
135 119 2
135 120 2
135 121 2
135 122 2
135 124 2
135 128 2
135 130 2
135 133 2
135 135 2
136 2 2
136 5 2
136 7 2
136 9 2
136 14 2
136 15 2
136 16 2
136 17 2
136 18 2
136 19 2
136 20 2
136 21 2
136 22 2
136 23 2
136 30 2
136 31 2
136 32 2
136 36 2
136 37 2
136 39 2
136 40 2
136 45 2
136 47 2
136 49 2
136 52 2
136 53 2
136 57 2
136 62 2
136 63 2
136 64 2
136 65 2
136 70 2
136 72 2
136 74 2
136 76 2
136 77 2
136 79 2
136 82 2
136 83 2
136 84 2
136 86 2
136 87 2
136 88 2
136 90 2
136 91 2
136 92 2
136 97 2
136 99 2
136 101 2
136 102 2
136 106 2
136 107 2
136 108 2
136 112 2
136 114 2
136 115 2
136 122 2
136 123 2
136 124 2
136 125 2
136 126 2
136 127 2
136 128 2
136 129 2
136 130 2
136 132 2
136 133 2
136 134 2
136 135 2
136 136 2
137 0 2
137 3 2
137 7 2
137 8 2
137 10 2
137 12 2
137 14 2
137 15 2
137 16 2
137 17 2
137 18 2
137 19 2
137 22 2
137 23 2
137 24 2
137 29 2
137 31 2
137 32 2
137 35 2
137 40 2
137 44 2
137 45 2
137 48 2
137 49 2
137 50 2
137 53 2
137 54 2
137 56 2
137 58 2
137 59 2
137 61 2
137 62 2
137 63 2
137 66 2
137 68 2
137 70 2
137 72 2
137 73 2
137 77 2
137 78 2
137 80 2
137 81 2
137 82 2
137 85 2
137 87 2
137 88 2
137 90 2
137 96 2
137 97 2
137 100 2
137 101 2
137 104 2
137 106 2
137 108 2
137 110 2
137 117 2
137 120 2
137 121 2
137 123 2
137 125 2
137 126 2
137 137 2
138 2 2
138 3 2
138 6 2
138 7 2
138 8 2
138 9 2
138 10 2
138 15 2
138 16 2
138 18 2
138 22 2
138 24 2
138 25 2
138 27 2
138 28 2
138 29 2
138 30 2
138 31 2
138 32 2
138 34 2
138 42 2
138 47 2
138 48 2
138 49 2
138 50 2
138 52 2
138 53 2
138 54 2
138 56 2
138 59 2
138 60 2
138 64 2
138 65 2
138 66 2
138 67 2
138 69 2
138 72 2
138 74 2
138 75 2
138 78 2
138 79 2
138 80 2
138 81 2
138 82 2
138 83 2
138 86 2
138 88 2
138 89 2
138 90 2
138 95 2
138 98 2
138 99 2
138 100 2
138 102 2
138 106 2
138 107 2
138 108 2
138 111 2
138 113 2
138 118 2
138 119 2
138 121 2
138 129 2
138 131 2
138 133 2
138 135 2
139 0 2
139 1 2
139 8 2
139 11 2
139 17 2
139 30 2
139 33 2
139 36 2
139 37 2
139 41 2
139 52 2
139 56 2
139 63 2
139 69 2
139 70 2
139 71 2
139 75 2
139 76 2
139 85 2
139 99 2
139 104 2
139 107 2
139 108 2
139 110 2
139 114 2
139 123 2
139 132 2
139 134 2
139 138 2
139 139 2
140 1 2
140 2 2
140 5 2
140 13 2
140 23 2
140 27 2
140 32 2
140 33 2
140 37 2
140 48 2
140 50 2
140 52 2
140 53 2
140 57 2
140 60 2
140 61 2
140 63 2
140 66 2
140 72 2
140 81 2
140 89 2
140 91 2
140 103 2
140 108 2
140 110 2
140 111 2
140 112 2
140 122 2
140 123 2
141 4 2
141 5 2
141 8 2
141 9 2
141 10 2
141 12 2
141 15 2
141 16 2
141 24 2
141 25 2
141 36 2
141 37 2
141 38 2
141 39 2
141 41 2
141 44 2
141 45 2
141 48 2
141 49 2
141 50 2
141 51 2
141 59 2
141 63 2
141 65 2
141 66 2
141 67 2
141 68 2
141 70 2
141 71 2
141 74 2
141 76 2
141 78 2
141 79 2
141 80 2
141 81 2
141 83 2
141 84 2
141 85 2
141 86 2
141 87 2
141 88 2
141 89 2
141 93 2
141 94 2
141 95 2
141 97 2
141 101 2
141 103 2
141 107 2
141 108 2
141 109 2
141 110 2
141 113 2
141 114 2
141 116 2
141 118 2
141 119 2
141 120 2
141 121 2
141 123 2
141 131 2
141 132 2
141 133 2
141 135 2
141 136 2
141 137 2
141 140 2
141 141 2
142 0 2
142 2 2
142 3 2
142 5 2
142 7 2
142 8 2
142 9 2
142 11 2
142 13 2
142 15 2
142 16 2
142 20 2
142 22 2
142 23 2
142 24 2
142 28 2
142 30 2
142 32 2
142 33 2
142 36 2
142 39 2
142 40 2
142 41 2
142 42 2
142 45 2
142 46 2
142 50 2
142 51 2
142 54 2
142 58 2
142 59 2
142 63 2
142 64 2
142 65 2
142 66 2
142 71 2
142 76 2
142 78 2
142 81 2
142 83 2
142 85 2
142 86 2
142 87 2
142 90 2
142 94 2
142 97 2
142 98 2
142 102 2
142 103 2
142 104 2
142 105 2
142 106 2
142 107 2
142 109 2
142 111 2
142 113 2
142 115 2
142 117 2
142 120 2
142 121 2
142 122 2
142 123 2
142 126 2
142 130 2
142 131 2
142 132 2
142 135 2
142 137 2
142 138 2
143 3 2
143 5 2
143 6 2
143 7 2
143 10 2
143 11 2
143 12 2
143 13 2
143 14 2
143 17 2
143 20 2
143 24 2
143 25 2
143 28 2
143 30 2
143 31 2
143 35 2
143 36 2
143 40 2
143 41 2
143 43 2
143 44 2
143 45 2
143 54 2
143 57 2
143 58 2
143 61 2
143 63 2
143 64 2
143 66 2
143 68 2
143 70 2
143 72 2
143 73 2
143 76 2
143 77 2
143 79 2
143 80 2
143 82 2
143 83 2
143 84 2
143 85 2
143 88 2
143 89 2
143 91 2
143 94 2
143 100 2
143 103 2
143 106 2
143 109 2
143 110 2
143 112 2
143 114 2
143 119 2
143 120 2
143 123 2
143 124 2
143 126 2
143 127 2
143 130 2
143 131 2
143 132 2
143 133 2
143 134 2
143 135 2
143 136 2
143 137 2
143 142 2
143 143 2
144 0 2
144 1 2
144 3 2
144 5 2
144 6 2
144 9 2
144 10 2
144 12 2
144 13 2
144 14 2
144 16 2
144 17 2
144 19 2
144 20 2
144 24 2
144 26 2
144 28 2
144 29 2
144 31 2
144 34 2
144 35 2
144 38 2
144 41 2
144 42 2
144 43 2
144 46 2
144 47 2
144 51 2
144 53 2
144 54 2
144 55 2
144 59 2
144 62 2
144 63 2
144 64 2
144 65 2
144 67 2
144 70 2
144 73 2
144 76 2
144 77 2
144 78 2
144 80 2
144 82 2
144 83 2
144 85 2
144 86 2
144 88 2
144 92 2
144 93 2
144 95 2
144 96 2
144 97 2
144 99 2
144 100 2
144 101 2
144 102 2
144 105 2
144 106 2
144 108 2
144 109 2
144 111 2
144 113 2
144 114 2
144 115 2
144 116 2
144 122 2
144 123 2
144 124 2
144 126 2
144 127 2
144 128 2
144 129 2
144 130 2
144 131 2
144 132 2
144 133 2
144 135 2
144 136 2
144 140 2
144 143 2
144 144 2
145 2 2
145 3 2
145 6 2
145 9 2
145 12 2
145 14 2
145 16 2
145 17 2
145 19 2
145 24 2
145 25 2
145 26 2
145 27 2
145 28 2
145 34 2
145 35 2
145 40 2
145 44 2
145 46 2
145 49 2
145 51 2
145 53 2
145 54 2
145 56 2
145 57 2
145 58 2
145 61 2
145 62 2
145 63 2
145 64 2
145 65 2
145 66 2
145 67 2
145 68 2
145 70 2
145 72 2
145 73 2
145 74 2
145 75 2
145 84 2
145 85 2
145 88 2
145 89 2
145 91 2
145 93 2
145 94 2
145 95 2
145 96 2
145 97 2
145 98 2
145 100 2
145 102 2
145 104 2
145 106 2
145 108 2
145 111 2
145 114 2
145 119 2
145 120 2
145 121 2
145 122 2
145 123 2
145 125 2
145 126 2
145 130 2
145 131 2
145 133 2
145 136 2
145 138 2
145 139 2
145 142 2
145 143 2
145 145 2
146 5 2
146 8 2
146 9 2
146 12 2
146 13 2
146 14 2
146 16 2
146 17 2
146 20 2
146 22 2
146 25 2
146 27 2
146 28 2
146 35 2
146 39 2
146 41 2
146 44 2
146 45 2
146 49 2
146 51 2
146 56 2
146 57 2
146 59 2
146 62 2
146 63 2
146 66 2
146 68 2
146 70 2
146 71 2
146 73 2
146 74 2
146 77 2
146 83 2
146 84 2
146 85 2
146 88 2
146 90 2
146 91 2
146 92 2
146 95 2
146 98 2
146 103 2
146 105 2
146 106 2
146 107 2
146 110 2
146 111 2
146 112 2
146 113 2
146 114 2
146 116 2
146 117 2
146 120 2
146 122 2
146 124 2
146 125 2
146 126 2
146 128 2
146 129 2
146 130 2
146 132 2
146 135 2
146 138 2
146 143 2
146 146 2
147 2 2
147 4 2
147 5 2
147 6 2
147 7 2
147 9 2
147 10 2
147 11 2
147 14 2
147 15 2
147 16 2
147 17 2
147 20 2
147 23 2
147 24 2
147 27 2
147 30 2
147 31 2
147 32 2
147 35 2
147 37 2
147 38 2
147 39 2
147 42 2
147 44 2
147 46 2
147 48 2
147 49 2
147 53 2
147 54 2
147 59 2
147 65 2
147 66 2
147 72 2
147 74 2
147 79 2
147 80 2
147 81 2
147 83 2
147 84 2
147 85 2
147 90 2
147 94 2
147 95 2
147 96 2
147 97 2
147 98 2
147 100 2
147 103 2
147 105 2
147 106 2
147 117 2
147 118 2
147 119 2
147 123 2
147 125 2
147 127 2
147 128 2
147 129 2
147 130 2
147 133 2
147 138 2
147 139 2
147 141 2
147 143 2
147 144 2
147 146 2
147 147 2
148 0 2
148 3 2
148 4 2
148 6 2
148 7 2
148 10 2
148 12 2
148 13 2
148 14 2
148 18 2
148 20 2
148 21 2
148 22 2
148 23 2
148 27 2
148 30 2
148 31 2
148 36 2
148 39 2
148 41 2
148 43 2
148 45 2
148 46 2
148 49 2
148 54 2
148 55 2
148 56 2
148 57 2
148 58 2
148 59 2
148 61 2
148 63 2
148 65 2
148 66 2
148 68 2
148 70 2
148 71 2
148 74 2
148 75 2
148 77 2
148 79 2
148 82 2
148 85 2
148 87 2
148 90 2
148 97 2
148 98 2
148 101 2
148 102 2
148 105 2
148 106 2
148 108 2
148 109 2
148 110 2
148 111 2
148 115 2
148 118 2
148 122 2
148 125 2
148 129 2
148 130 2
148 132 2
148 135 2
148 139 2
148 141 2
148 142 2
148 144 2
148 145 2
148 146 2
149 2 2
149 3 2
149 4 2
149 6 2
149 13 2
149 15 2
149 16 2
149 18 2
149 27 2
149 28 2
149 31 2
149 34 2
149 35 2
149 36 2
149 38 2
149 40 2
149 41 2
149 44 2
149 45 2
149 51 2
149 52 2
149 53 2
149 57 2
149 59 2
149 60 2
149 61 2
149 64 2
149 66 2
149 68 2
149 69 2
149 70 2
149 72 2
149 73 2
149 75 2
149 76 2
149 80 2
149 82 2
149 84 2
149 88 2
149 90 2
149 91 2
149 92 2
149 95 2
149 96 2
149 97 2
149 98 2
149 100 2
149 102 2
149 103 2
149 106 2
149 107 2
149 108 2
149 110 2
149 111 2
149 114 2
149 115 2
149 117 2
149 120 2
149 121 2
149 122 2
149 124 2
149 125 2
149 126 2
149 127 2
149 128 2
149 133 2
149 134 2
149 136 2
149 137 2
149 143 2
149 145 2
149 147 2
150 1 2
150 2 2
150 7 2
150 13 2
150 18 2
150 25 2
150 31 2
150 32 2
150 34 2
150 36 2
150 40 2
150 43 2
150 45 2
150 46 2
150 49 2
150 53 2
150 54 2
150 57 2
150 62 2
150 66 2
150 67 2
150 73 2
150 81 2
150 83 2
150 85 2
150 86 2
150 88 2
150 94 2
150 95 2
150 97 2
150 100 2
150 105 2
150 106 2
150 109 2
150 110 2
150 118 2
150 121 2
150 126 2
150 134 2
150 136 2
150 137 2
150 138 2
150 139 2
150 145 2
150 147 2
150 149 2
151 1 2
151 2 2
151 8 2
151 16 2
151 17 2
151 18 2
151 19 2
151 20 2
151 21 2
151 22 2
151 25 2
151 26 2
151 27 2
151 28 2
151 30 2
151 31 2
151 32 2
151 36 2
151 38 2
151 39 2
151 40 2
151 42 2
151 46 2
151 47 2
151 49 2
151 50 2
151 52 2
151 57 2
151 58 2
151 60 2
151 62 2
151 63 2
151 64 2
151 65 2
151 67 2
151 68 2
151 71 2
151 72 2
151 73 2
151 74 2
151 76 2
151 80 2
151 82 2
151 83 2
151 85 2
151 86 2
151 87 2
151 89 2
151 91 2
151 92 2
151 93 2
151 94 2
151 97 2
151 99 2
151 100 2
151 101 2
151 102 2
151 103 2
151 106 2
151 112 2
151 115 2
151 120 2
151 121 2
151 124 2
151 128 2
151 129 2
151 130 2
151 131 2
151 133 2
151 136 2
151 138 2
151 143 2
151 144 2
151 146 2
151 147 2
151 148 2
152 0 2
152 2 2
152 3 2
152 4 2
152 5 2
152 6 2
152 7 2
152 9 2
152 13 2
152 14 2
152 16 2
152 21 2
152 23 2
152 25 2
152 27 2
152 33 2
152 35 2
152 37 2
152 41 2
152 44 2
152 46 2
152 48 2
152 49 2
152 56 2
152 57 2
152 58 2
152 59 2
152 60 2
152 64 2
152 65 2
152 66 2
152 69 2
152 71 2
152 72 2
152 73 2
152 75 2
152 76 2
152 78 2
152 81 2
152 82 2
152 86 2
152 87 2
152 88 2
152 94 2
152 95 2
152 97 2
152 99 2
152 100 2
152 101 2
152 105 2
152 109 2
152 110 2
152 111 2
152 113 2
152 118 2
152 119 2
152 120 2
152 123 2
152 125 2
152 126 2
152 128 2
152 132 2
152 134 2
152 137 2
152 138 2
152 140 2
152 141 2
152 144 2
152 146 2
152 149 2
152 152 2
153 1 2
153 4 2
153 5 2
153 6 2
153 9 2
153 10 2
153 12 2
153 14 2
153 16 2
153 19 2
153 21 2
153 22 2
153 23 2
153 25 2
153 26 2
153 27 2
153 28 2
153 29 2
153 30 2
153 31 2
153 32 2
153 33 2
153 36 2
153 38 2
153 39 2
153 40 2
153 41 2
153 44 2
153 46 2
153 52 2
153 53 2
153 56 2
153 58 2
153 60 2
153 61 2
153 68 2
153 73 2
153 75 2
153 78 2
153 82 2
153 83 2
153 84 2
153 85 2
153 87 2
153 92 2
153 93 2
153 95 2
153 97 2
153 99 2
153 100 2
153 102 2
153 103 2
153 105 2
153 106 2
153 107 2
153 108 2
153 109 2
153 111 2
153 113 2
153 114 2
153 117 2
153 119 2
153 120 2
153 121 2
153 122 2
153 123 2
153 124 2
153 126 2
153 132 2
153 133 2
153 134 2
153 135 2
153 138 2
153 142 2
153 143 2
153 146 2
153 151 2
153 153 2
154 1 2
154 2 2
154 8 2
154 10 2
154 11 2
154 30 2
154 31 2
154 39 2
154 43 2
154 50 2
154 53 2
154 55 2
154 65 2
154 66 2
154 76 2
154 78 2
154 87 2
154 92 2
154 104 2
154 109 2
154 112 2
154 117 2
154 122 2
154 133 2
154 134 2
154 135 2
154 139 2
154 140 2
154 147 2
154 154 2
155 0 2
155 2 2
155 3 2
155 5 2
155 6 2
155 7 2
155 8 2
155 11 2
155 15 2
155 16 2
155 19 2
155 21 2
155 25 2
155 27 2
155 36 2
155 42 2
155 44 2
155 45 2
155 48 2
155 50 2
155 56 2
155 57 2
155 58 2
155 59 2
155 60 2
155 61 2
155 62 2
155 65 2
155 66 2
155 70 2
155 73 2
155 75 2
155 76 2
155 77 2
155 83 2
155 89 2
155 91 2
155 92 2
155 95 2
155 96 2
155 98 2
155 100 2
155 101 2
155 102 2
155 105 2
155 107 2
155 109 2
155 112 2
155 114 2
155 116 2
155 118 2
155 120 2
155 125 2
155 127 2
155 128 2
155 130 2
155 131 2
155 132 2
155 133 2
155 135 2
155 138 2
155 142 2
155 143 2
155 144 2
155 146 2
155 148 2
155 152 2
155 155 2
156 2 2
156 6 2
156 8 2
156 9 2
156 10 2
156 11 2
156 12 2
156 13 2
156 14 2
156 16 2
156 18 2
156 19 2
156 21 2
156 22 2
156 28 2
156 30 2
156 31 2
156 32 2
156 36 2
156 37 2
156 38 2
156 45 2
156 46 2
156 50 2
156 53 2
156 58 2
156 60 2
156 62 2
156 63 2
156 64 2
156 71 2
156 72 2
156 75 2
156 76 2
156 80 2
156 81 2
156 82 2
156 83 2
156 84 2
156 86 2
156 90 2
156 92 2
156 93 2
156 94 2
156 95 2
156 96 2
156 102 2
156 103 2
156 105 2
156 109 2
156 111 2
156 114 2
156 116 2
156 117 2
156 121 2
156 122 2
156 126 2
156 127 2
156 128 2
156 129 2
156 130 2
156 131 2
156 133 2
156 136 2
156 138 2
156 139 2
156 143 2
156 145 2
156 156 2
157 0 2
157 3 2
157 5 2
157 6 2
157 10 2
157 13 2
157 19 2
157 21 2
157 23 2
157 24 2
157 26 2
157 27 2
157 28 2
157 29 2
157 35 2
157 36 2
157 38 2
157 40 2
157 44 2
157 45 2
157 47 2
157 53 2
157 55 2
157 57 2
157 59 2
157 60 2
157 61 2
157 62 2
157 63 2
157 65 2
157 66 2
157 68 2
157 70 2
157 71 2
157 73 2
157 75 2
157 76 2
157 77 2
157 78 2
157 79 2
157 80 2
157 81 2
157 83 2
157 85 2
157 87 2
157 88 2
157 89 2
157 91 2
157 94 2
157 99 2
157 101 2
157 106 2
157 108 2
157 110 2
157 114 2
157 119 2
157 122 2
157 127 2
157 130 2
157 136 2
157 137 2
157 138 2
157 141 2
157 142 2
157 144 2
157 147 2
157 148 2
157 152 2
157 153 2
157 156 2
158 0 2
158 2 2
158 3 2
158 5 2
158 7 2
158 13 2
158 14 2
158 17 2
158 19 2
158 23 2
158 26 2
158 29 2
158 31 2
158 32 2
158 36 2
158 37 2
158 38 2
158 39 2
158 40 2
158 41 2
158 46 2
158 47 2
158 57 2
158 64 2
158 67 2
158 68 2
158 70 2
158 71 2
158 72 2
158 73 2
158 74 2
158 75 2
158 76 2
158 82 2
158 88 2
158 95 2
158 96 2
158 98 2
158 99 2
158 101 2
158 102 2
158 105 2
158 106 2
158 112 2
158 113 2
158 114 2
158 115 2
158 116 2
158 118 2
158 119 2
158 120 2
158 121 2
158 123 2
158 128 2
158 129 2
158 130 2
158 136 2
158 137 2
158 141 2
158 144 2
158 147 2
158 152 2
158 153 2
158 156 2
158 157 2
159 0 2
159 5 2
159 6 2
159 8 2
159 9 2
159 10 2
159 13 2
159 16 2
159 17 2
159 18 2
159 22 2
159 23 2
159 24 2
159 25 2
159 27 2
159 31 2
159 36 2
159 37 2
159 39 2
159 40 2
159 42 2
159 44 2
159 46 2
159 47 2
159 53 2
159 55 2
159 57 2
159 58 2
159 59 2
159 62 2
159 63 2
159 64 2
159 65 2
159 67 2
159 68 2
159 70 2
159 71 2
159 72 2
159 74 2
159 75 2
159 78 2
159 81 2
159 84 2
159 85 2
159 86 2
159 88 2
159 89 2
159 90 2
159 92 2
159 93 2
159 94 2
159 96 2
159 100 2
159 102 2
159 107 2
159 108 2
159 110 2
159 113 2
159 115 2
159 116 2
159 117 2
159 118 2
159 120 2
159 121 2
159 124 2
159 125 2
159 131 2
159 132 2
159 135 2
159 141 2
159 142 2
159 143 2
159 145 2
159 146 2
159 148 2
159 152 2
159 156 2
159 157 2
159 159 2
160 3 2
160 9 2
160 10 2
160 13 2
160 14 2
160 16 2
160 17 2
160 21 2
160 23 2
160 24 2
160 25 2
160 26 2
160 28 2
160 29 2
160 31 2
160 32 2
160 36 2
160 37 2
160 39 2
160 40 2
160 41 2
160 42 2
160 44 2
160 45 2
160 46 2
160 47 2
160 48 2
160 50 2
160 51 2
160 52 2
160 56 2
160 57 2
160 60 2
160 61 2
160 65 2
160 70 2
160 73 2
160 74 2
160 77 2
160 78 2
160 79 2
160 80 2
160 81 2
160 82 2
160 83 2
160 86 2
160 87 2
160 89 2
160 90 2
160 93 2
160 97 2
160 100 2
160 104 2
160 112 2
160 115 2
160 117 2
160 118 2
160 120 2
160 122 2
160 124 2
160 127 2
160 128 2
160 129 2
160 131 2
160 132 2
160 133 2
160 134 2
160 137 2
160 142 2
160 143 2
160 144 2
160 145 2
160 147 2
160 148 2
160 149 2
160 150 2
160 152 2
160 154 2
160 157 2
160 160 2
161 0 2
161 2 2
161 4 2
161 5 2
161 6 2
161 7 2
161 8 2
161 10 2
161 12 2
161 13 2
161 15 2
161 16 2
161 17 2
161 21 2
161 23 2
161 24 2
161 25 2
161 26 2
161 27 2
161 29 2
161 31 2
161 35 2
161 36 2
161 39 2
161 40 2
161 46 2
161 49 2
161 53 2
161 54 2
161 57 2
161 59 2
161 61 2
161 64 2
161 66 2
161 67 2
161 68 2
161 69 2
161 70 2
161 72 2
161 75 2
161 76 2
161 78 2
161 81 2
161 82 2
161 83 2
161 84 2
161 86 2
161 87 2
161 88 2
161 89 2
161 90 2
161 93 2
161 94 2
161 95 2
161 96 2
161 98 2
161 99 2
161 102 2
161 104 2
161 105 2
161 107 2
161 108 2
161 110 2
161 111 2
161 112 2
161 113 2
161 115 2
161 116 2
161 117 2
161 120 2
161 121 2
161 126 2
161 130 2
161 132 2
161 134 2
161 135 2
161 136 2
161 138 2
161 142 2
161 145 2
161 146 2
161 148 2
161 151 2
161 152 2
161 153 2
161 155 2
161 156 2
161 158 2
161 159 2
161 160 2
162 2 2
162 6 2
162 7 2
162 14 2
162 16 2
162 17 2
162 18 2
162 19 2
162 21 2
162 23 2
162 24 2
162 26 2
162 27 2
162 29 2
162 31 2
162 32 2
162 37 2
162 38 2
162 40 2
162 42 2
162 43 2
162 45 2
162 48 2
162 56 2
162 57 2
162 58 2
162 59 2
162 61 2
162 62 2
162 66 2
162 67 2
162 68 2
162 70 2
162 72 2
162 74 2
162 77 2
162 78 2
162 81 2
162 85 2
162 88 2
162 89 2
162 90 2
162 91 2
162 95 2
162 98 2
162 101 2
162 104 2
162 105 2
162 107 2
162 108 2
162 113 2
162 114 2
162 115 2
162 116 2
162 117 2
162 118 2
162 119 2
162 124 2
162 127 2
162 130 2
162 131 2
162 137 2
162 141 2
162 143 2
162 145 2
162 147 2
162 149 2
162 151 2
162 156 2
162 157 2
162 158 2
162 159 2
162 160 2
162 162 2
163 1 2
163 3 2
163 4 2
163 6 2
163 7 2
163 8 2
163 10 2
163 11 2
163 14 2
163 15 2
163 17 2
163 22 2
163 24 2
163 26 2
163 27 2
163 29 2
163 30 2
163 31 2
163 35 2
163 36 2
163 38 2
163 40 2
163 44 2
163 48 2
163 49 2
163 51 2
163 58 2
163 59 2
163 64 2
163 68 2
163 70 2
163 74 2
163 75 2
163 76 2
163 80 2
163 81 2
163 82 2
163 83 2
163 85 2
163 86 2
163 88 2
163 93 2
163 96 2
163 97 2
163 98 2
163 99 2
163 101 2
163 103 2
163 106 2
163 108 2
163 110 2
163 111 2
163 112 2
163 113 2
163 114 2
163 115 2
163 117 2
163 118 2
163 119 2
163 123 2
163 124 2
163 128 2
163 129 2
163 130 2
163 131 2
163 132 2
163 133 2
163 134 2
163 135 2
163 139 2
163 140 2
163 142 2
163 144 2
163 145 2
163 147 2
163 148 2
163 152 2
163 153 2
163 155 2
163 160 2
163 163 2
164 0 2
164 3 2
164 4 2
164 6 2
164 8 2
164 9 2
164 10 2
164 14 2
164 15 2
164 16 2
164 17 2
164 18 2
164 19 2
164 20 2
164 21 2
164 22 2
164 25 2
164 26 2
164 28 2
164 30 2
164 31 2
164 33 2
164 36 2
164 37 2
164 38 2
164 39 2
164 40 2
164 44 2
164 46 2
164 52 2
164 53 2
164 57 2
164 59 2
164 61 2
164 63 2
164 64 2
164 67 2
164 68 2
164 71 2
164 72 2
164 74 2
164 75 2
164 78 2
164 79 2
164 82 2
164 83 2
164 84 2
164 87 2
164 88 2
164 89 2
164 90 2
164 91 2
164 95 2
164 96 2
164 98 2
164 99 2
164 100 2
164 103 2
164 105 2
164 109 2
164 111 2
164 114 2
164 116 2
164 120 2
164 122 2
164 124 2
164 127 2
164 128 2
164 130 2
164 131 2
164 132 2
164 133 2
164 136 2
164 138 2
164 141 2
164 142 2
164 144 2
164 145 2
164 147 2
164 149 2
164 150 2
164 152 2
164 155 2
164 157 2
164 159 2
164 161 2
164 164 2
165 0 2
165 3 2
165 5 2
165 6 2
165 10 2
165 15 2
165 16 2
165 19 2
165 20 2
165 25 2
165 27 2
165 28 2
165 29 2
165 31 2
165 35 2
165 36 2
165 37 2
165 41 2
165 42 2
165 45 2
165 46 2
165 47 2
165 49 2
165 53 2
165 56 2
165 57 2
165 59 2
165 60 2
165 62 2
165 67 2
165 71 2
165 72 2
165 73 2
165 74 2
165 77 2
165 78 2
165 79 2
165 80 2
165 81 2
165 83 2
165 84 2
165 85 2
165 86 2
165 89 2
165 90 2
165 91 2
165 92 2
165 94 2
165 95 2
165 100 2
165 102 2
165 105 2
165 106 2
165 107 2
165 109 2
165 111 2
165 115 2
165 117 2
165 119 2
165 120 2
165 121 2
165 122 2
165 124 2
165 125 2
165 126 2
165 128 2
165 130 2
165 131 2
165 135 2
165 136 2
165 138 2
165 145 2
165 147 2
165 149 2
165 152 2
165 155 2
165 164 2
166 4 2
166 6 2
166 7 2
166 9 2
166 13 2
166 16 2
166 19 2
166 22 2
166 25 2
166 27 2
166 28 2
166 29 2
166 30 2
166 31 2
166 32 2
166 34 2
166 35 2
166 36 2
166 39 2
166 41 2
166 44 2
166 45 2
166 47 2
166 49 2
166 50 2
166 51 2
166 54 2
166 57 2
166 58 2
166 59 2
166 61 2
166 65 2
166 66 2
166 68 2
166 70 2
166 72 2
166 74 2
166 76 2
166 83 2
166 84 2
166 86 2
166 87 2
166 88 2
166 89 2
166 90 2
166 92 2
166 93 2
166 94 2
166 95 2
166 97 2
166 98 2
166 99 2
166 100 2
166 102 2
166 105 2
166 106 2
166 107 2
166 113 2
166 114 2
166 115 2
166 116 2
166 117 2
166 119 2
166 121 2
166 123 2
166 126 2
166 129 2
166 136 2
166 137 2
166 138 2
166 140 2
166 141 2
166 142 2
166 143 2
166 147 2
166 148 2
166 151 2
166 154 2
166 155 2
166 156 2
166 157 2
166 158 2
166 159 2
166 165 2
166 166 2
167 0 2
167 1 2
167 2 2
167 3 2
167 7 2
167 10 2
167 12 2
167 15 2
167 21 2
167 22 2
167 23 2
167 24 2
167 25 2
167 26 2
167 30 2
167 32 2
167 36 2
167 38 2
167 40 2
167 41 2
167 42 2
167 43 2
167 45 2
167 46 2
167 48 2
167 51 2
167 52 2
167 55 2
167 56 2
167 58 2
167 59 2
167 60 2
167 61 2
167 63 2
167 67 2
167 70 2
167 71 2
167 73 2
167 80 2
167 83 2
167 84 2
167 85 2
167 86 2
167 90 2
167 93 2
167 94 2
167 95 2
167 97 2
167 98 2
167 99 2
167 100 2
167 101 2
167 105 2
167 108 2
167 109 2
167 111 2
167 113 2
167 115 2
167 118 2
167 123 2
167 125 2
167 126 2
167 127 2
167 130 2
167 132 2
167 133 2
167 135 2
167 137 2
167 139 2
167 140 2
167 141 2
167 142 2
167 143 2
167 144 2
167 145 2
167 147 2
167 148 2
167 151 2
167 152 2
167 154 2
167 156 2
167 161 2
168 0 2
168 2 2
168 5 2
168 6 2
168 7 2
168 12 2
168 13 2
168 17 2
168 18 2
168 20 2
168 21 2
168 23 2
168 24 2
168 25 2
168 26 2
168 27 2
168 28 2
168 29 2
168 31 2
168 32 2
168 36 2
168 37 2
168 40 2
168 42 2
168 45 2
168 47 2
168 49 2
168 50 2
168 53 2
168 57 2
168 60 2
168 61 2
168 62 2
168 64 2
168 66 2
168 67 2
168 72 2
168 73 2
168 76 2
168 79 2
168 81 2
168 82 2
168 86 2
168 89 2
168 93 2
168 94 2
168 95 2
168 96 2
168 98 2
168 101 2
168 102 2
168 103 2
168 105 2
168 106 2
168 111 2
168 113 2
168 114 2
168 115 2
168 116 2
168 121 2
168 122 2
168 123 2
168 124 2
168 125 2
168 126 2
168 127 2
168 129 2
168 131 2
168 133 2
168 134 2
168 135 2
168 136 2
168 137 2
168 138 2
168 141 2
168 142 2
168 144 2
168 146 2
168 151 2
168 155 2
168 159 2
168 160 2
168 162 2
168 166 2
168 168 2
169 1 2
169 3 2
169 4 2
169 5 2
169 11 2
169 13 2
169 14 2
169 17 2
169 18 2
169 19 2
169 20 2
169 21 2
169 22 2
169 25 2
169 27 2
169 28 2
169 29 2
169 30 2
169 31 2
169 32 2
169 33 2
169 34 2
169 35 2
169 38 2
169 42 2
169 44 2
169 52 2
169 53 2
169 54 2
169 56 2
169 57 2
169 58 2
169 60 2
169 63 2
169 67 2
169 68 2
169 71 2
169 72 2
169 76 2
169 77 2
169 78 2
169 79 2
169 80 2
169 81 2
169 82 2
169 84 2
169 85 2
169 86 2
169 88 2
169 92 2
169 94 2
169 95 2
169 96 2
169 97 2
169 98 2
169 99 2
169 100 2
169 102 2
169 103 2
169 109 2
169 113 2
169 116 2
169 117 2
169 118 2
169 119 2
169 124 2
169 126 2
169 128 2
169 130 2
169 132 2
169 133 2
169 135 2
169 136 2
169 137 2
169 138 2
169 145 2
169 147 2
169 148 2
169 149 2
169 151 2
169 152 2
169 154 2
169 155 2
169 156 2
169 157 2
169 160 2
169 162 2
169 163 2
169 165 2
169 167 2
169 168 2
169 169 2
170 2 2
170 7 2
170 12 2
170 14 2
170 16 2
170 18 2
170 20 2
170 24 2
170 25 2
170 27 2
170 28 2
170 29 2
170 31 2
170 35 2
170 37 2
170 39 2
170 44 2
170 53 2
170 55 2
170 57 2
170 61 2
170 66 2
170 68 2
170 69 2
170 71 2
170 72 2
170 73 2
170 75 2
170 78 2
170 79 2
170 80 2
170 81 2
170 82 2
170 83 2
170 84 2
170 86 2
170 87 2
170 89 2
170 90 2
170 91 2
170 92 2
170 94 2
170 96 2
170 103 2
170 109 2
170 110 2
170 113 2
170 114 2
170 115 2
170 116 2
170 117 2
170 119 2
170 123 2
170 127 2
170 129 2
170 131 2
170 132 2
170 133 2
170 134 2
170 135 2
170 136 2
170 137 2
170 138 2
170 141 2
170 142 2
170 143 2
170 146 2
170 147 2
170 148 2
170 149 2
170 150 2
170 152 2
170 156 2
170 157 2
170 163 2
170 166 2
170 168 2
170 169 2
171 0 2
171 4 2
171 5 2
171 6 2
171 14 2
171 15 2
171 16 2
171 19 2
171 20 2
171 21 2
171 22 2
171 24 2
171 27 2
171 28 2
171 30 2
171 32 2
171 34 2
171 36 2
171 37 2
171 38 2
171 42 2
171 44 2
171 47 2
171 54 2
171 55 2
171 56 2
171 57 2
171 58 2
171 59 2
171 60 2
171 61 2
171 62 2
171 65 2
171 68 2
171 70 2
171 71 2
171 72 2
171 74 2
171 75 2
171 78 2
171 80 2
171 81 2
171 83 2
171 84 2
171 88 2
171 89 2
171 96 2
171 99 2
171 100 2
171 106 2
171 107 2
171 109 2
171 111 2
171 113 2
171 116 2
171 117 2
171 118 2
171 125 2
171 128 2
171 131 2
171 132 2
171 136 2
171 138 2
171 144 2
171 146 2
171 148 2
171 149 2
171 151 2
171 153 2
171 157 2
171 159 2
171 160 2
171 163 2
171 166 2
171 169 2
171 171 2
172 1 2
172 6 2
172 8 2
172 10 2
172 11 2
172 13 2
172 15 2
172 17 2
172 18 2
172 19 2
172 20 2
172 21 2
172 24 2
172 26 2
172 28 2
172 35 2
172 40 2
172 42 2
172 44 2
172 45 2
172 50 2
172 51 2
172 58 2
172 60 2
172 61 2
172 63 2
172 67 2
172 73 2
172 77 2
172 91 2
172 93 2
172 94 2
172 95 2
172 97 2
172 99 2
172 100 2
172 101 2
172 103 2
172 104 2
172 105 2
172 107 2
172 108 2
172 110 2
172 114 2
172 117 2
172 119 2
172 122 2
172 123 2
172 125 2
172 129 2
172 130 2
172 131 2
172 132 2
172 135 2
172 137 2
172 141 2
172 144 2
172 145 2
172 147 2
172 152 2
172 153 2
172 155 2
172 158 2
172 159 2
172 160 2
172 164 2
172 166 2
172 168 2
172 169 2
172 171 2
172 172 2
173 1 2
173 4 2
173 6 2
173 7 2
173 8 2
173 11 2
173 17 2
173 21 2
173 26 2
173 27 2
173 28 2
173 31 2
173 32 2
173 35 2
173 37 2
173 38 2
173 40 2
173 41 2
173 42 2
173 44 2
173 45 2
173 51 2
173 53 2
173 54 2
173 55 2
173 60 2
173 62 2
173 63 2
173 64 2
173 66 2
173 68 2
173 69 2
173 72 2
173 75 2
173 76 2
173 77 2
173 78 2
173 80 2
173 84 2
173 85 2
173 87 2
173 90 2
173 91 2
173 94 2
173 96 2
173 97 2
173 99 2
173 100 2
173 101 2
173 102 2
173 103 2
173 105 2
173 106 2
173 108 2
173 109 2
173 110 2
173 111 2
173 112 2
173 113 2
173 114 2
173 115 2
173 117 2
173 121 2
173 124 2
173 125 2
173 129 2
173 130 2
173 132 2
173 133 2
173 134 2
173 136 2
173 138 2
173 141 2
173 143 2
173 144 2
173 149 2
173 151 2
173 152 2
173 153 2
173 154 2
173 156 2
173 158 2
173 159 2
173 160 2
173 161 2
173 164 2
173 166 2
173 168 2
173 169 2
173 170 2
173 171 2
174 0 2
174 2 2
174 3 2
174 5 2
174 6 2
174 7 2
174 8 2
174 9 2
174 10 2
174 18 2
174 20 2
174 22 2
174 24 2
174 28 2
174 29 2
174 31 2
174 34 2
174 35 2
174 37 2
174 38 2
174 41 2
174 45 2
174 46 2
174 53 2
174 55 2
174 56 2
174 63 2
174 66 2
174 71 2
174 72 2
174 73 2
174 74 2
174 76 2
174 80 2
174 82 2
174 83 2
174 84 2
174 85 2
174 86 2
174 87 2
174 88 2
174 91 2
174 94 2
174 95 2
174 96 2
174 98 2
174 100 2
174 101 2
174 102 2
174 105 2
174 106 2
174 107 2
174 108 2
174 110 2
174 111 2
174 115 2
174 120 2
174 125 2
174 131 2
174 132 2
174 135 2
174 137 2
174 138 2
174 139 2
174 141 2
174 143 2
174 146 2
174 147 2
174 152 2
174 156 2
174 157 2
174 158 2
174 159 2
174 160 2
174 161 2
174 169 2
174 170 2
174 171 2
174 172 2
174 173 2
175 0 2
175 3 2
175 4 2
175 10 2
175 12 2
175 13 2
175 14 2
175 15 2
175 16 2
175 17 2
175 18 2
175 32 2
175 33 2
175 34 2
175 38 2
175 40 2
175 41 2
175 44 2
175 46 2
175 49 2
175 56 2
175 57 2
175 59 2
175 60 2
175 61 2
175 62 2
175 65 2
175 67 2
175 70 2
175 73 2
175 74 2
175 81 2
175 83 2
175 84 2
175 85 2
175 87 2
175 91 2
175 94 2
175 95 2
175 97 2
175 101 2
175 103 2
175 109 2
175 110 2
175 113 2
175 117 2
175 118 2
175 119 2
175 120 2
175 121 2
175 122 2
175 124 2
175 127 2
175 129 2
175 133 2
175 134 2
175 143 2
175 144 2
175 145 2
175 146 2
175 147 2
175 148 2
175 151 2
175 152 2
175 153 2
175 155 2
175 156 2
175 157 2
175 158 2
175 159 2
175 161 2
175 162 2
175 163 2
175 165 2
175 166 2
175 167 2
175 168 2
175 169 2
175 172 2
175 173 2
176 0 2
176 4 2
176 5 2
176 9 2
176 13 2
176 14 2
176 15 2
176 16 2
176 20 2
176 21 2
176 24 2
176 25 2
176 26 2
176 28 2
176 29 2
176 30 2
176 36 2
176 38 2
176 40 2
176 47 2
176 49 2
176 55 2
176 57 2
176 59 2
176 61 2
176 62 2
176 64 2
176 66 2
176 69 2
176 70 2
176 73 2
176 74 2
176 76 2
176 81 2
176 82 2
176 87 2
176 88 2
176 90 2
176 91 2
176 92 2
176 93 2
176 95 2
176 96 2
176 97 2
176 98 2
176 101 2
176 102 2
176 105 2
176 110 2
176 115 2
176 116 2
176 117 2
176 123 2
176 126 2
176 127 2
176 128 2
176 129 2
176 131 2
176 134 2
176 135 2
176 136 2
176 138 2
176 143 2
176 145 2
176 146 2
176 148 2
176 155 2
176 156 2
176 157 2
176 161 2
176 163 2
176 170 2
176 173 2
176 175 2
176 176 2
177 0 2
177 3 2
177 4 2
177 5 2
177 6 2
177 9 2
177 10 2
177 14 2
177 15 2
177 17 2
177 18 2
177 20 2
177 22 2
177 23 2
177 25 2
177 27 2
177 28 2
177 29 2
177 31 2
177 33 2
177 35 2
177 37 2
177 44 2
177 45 2
177 48 2
177 53 2
177 56 2
177 58 2
177 60 2
177 62 2
177 63 2
177 65 2
177 66 2
177 67 2
177 70 2
177 72 2
177 81 2
177 83 2
177 84 2
177 85 2
177 86 2
177 88 2
177 89 2
177 93 2
177 94 2
177 97 2
177 100 2
177 101 2
177 104 2
177 105 2
177 106 2
177 107 2
177 108 2
177 111 2
177 113 2
177 114 2
177 115 2
177 116 2
177 117 2
177 119 2
177 123 2
177 127 2
177 139 2
177 141 2
177 142 2
177 143 2
177 144 2
177 148 2
177 149 2
177 151 2
177 155 2
177 165 2
177 173 2
177 176 2
177 177 2
178 0 2
178 2 2
178 4 2
178 6 2
178 11 2
178 19 2
178 22 2
178 23 2
178 28 2
178 29 2
178 33 2
178 37 2
178 38 2
178 43 2
178 44 2
178 51 2
178 59 2
178 65 2
178 69 2
178 77 2
178 94 2
178 99 2
178 100 2
178 115 2
178 118 2
178 120 2
178 126 2
178 130 2
178 135 2
178 136 2
178 140 2
178 146 2
178 147 2
178 151 2
178 154 2
178 168 2
178 170 2
178 171 2
178 172 2
179 0 2
179 2 2
179 5 2
179 6 2
179 14 2
179 15 2
179 16 2
179 18 2
179 21 2
179 23 2
179 24 2
179 27 2
179 30 2
179 31 2
179 35 2
179 36 2
179 37 2
179 38 2
179 39 2
179 49 2
179 51 2
179 52 2
179 53 2
179 55 2
179 59 2
179 61 2
179 62 2
179 63 2
179 65 2
179 66 2
179 69 2
179 72 2
179 73 2
179 77 2
179 78 2
179 80 2
179 84 2
179 85 2
179 86 2
179 88 2
179 92 2
179 93 2
179 95 2
179 96 2
179 97 2
179 100 2
179 101 2
179 103 2
179 108 2
179 110 2
179 111 2
179 113 2
179 114 2
179 117 2
179 119 2
179 121 2
179 122 2
179 123 2
179 124 2
179 125 2
179 126 2
179 129 2
179 130 2
179 131 2
179 135 2
179 138 2
179 141 2
179 142 2
179 145 2
179 146 2
179 147 2
179 149 2
179 151 2
179 155 2
179 160 2
179 161 2
179 165 2
179 166 2
179 167 2
179 175 2
179 176 2
180 1 2
180 3 2
180 4 2
180 7 2
180 11 2
180 14 2
180 15 2
180 22 2
180 23 2
180 24 2
180 28 2
180 31 2
180 34 2
180 35 2
180 36 2
180 41 2
180 43 2
180 44 2
180 50 2
180 51 2
180 53 2
180 54 2
180 58 2
180 59 2
180 60 2
180 62 2
180 63 2
180 65 2
180 66 2
180 68 2
180 71 2
180 74 2
180 76 2
180 77 2
180 78 2
180 84 2
180 86 2
180 87 2
180 89 2
180 91 2
180 94 2
180 95 2
180 96 2
180 97 2
180 98 2
180 99 2
180 100 2
180 102 2
180 103 2
180 106 2
180 107 2
180 109 2
180 110 2
180 111 2
180 117 2
180 118 2
180 119 2
180 120 2
180 124 2
180 127 2
180 130 2
180 133 2
180 135 2
180 136 2
180 137 2
180 143 2
180 145 2
180 146 2
180 147 2
180 149 2
180 152 2
180 156 2
180 157 2
180 159 2
180 160 2
180 164 2
180 165 2
180 166 2
180 167 2
180 168 2
180 170 2
180 172 2
180 173 2
180 177 2
180 179 2
181 0 2
181 3 2
181 4 2
181 5 2
181 8 2
181 9 2
181 12 2
181 13 2
181 15 2
181 17 2
181 18 2
181 23 2
181 24 2
181 25 2
181 26 2
181 27 2
181 28 2
181 30 2
181 31 2
181 32 2
181 35 2
181 39 2
181 42 2
181 44 2
181 46 2
181 51 2
181 56 2
181 57 2
181 58 2
181 59 2
181 60 2
181 65 2
181 66 2
181 67 2
181 70 2
181 72 2
181 73 2
181 74 2
181 75 2
181 76 2
181 80 2
181 81 2
181 85 2
181 86 2
181 88 2
181 89 2
181 92 2
181 94 2
181 96 2
181 97 2
181 98 2
181 99 2
181 100 2
181 105 2
181 107 2
181 111 2
181 113 2
181 116 2
181 117 2
181 122 2
181 126 2
181 130 2
181 132 2
181 133 2
181 134 2
181 136 2
181 137 2
181 140 2
181 146 2
181 149 2
181 156 2
181 157 2
181 159 2
181 160 2
181 162 2
181 165 2
181 166 2
181 167 2
181 168 2
181 170 2
181 172 2
181 173 2
181 175 2
181 179 2
181 181 2
182 0 2
182 1 2
182 7 2
182 17 2
182 18 2
182 20 2
182 33 2
182 46 2
182 62 2
182 72 2
182 81 2
182 99 2
182 104 2
182 109 2
182 112 2
182 115 2
182 119 2
182 121 2
182 125 2
182 127 2
182 139 2
182 149 2
182 150 2
182 154 2
182 155 2
182 157 2
182 159 2
182 178 2
182 182 2
183 1 2
183 3 2
183 4 2
183 5 2
183 6 2
183 7 2
183 9 2
183 14 2
183 18 2
183 19 2
183 20 2
183 21 2
183 24 2
183 26 2
183 29 2
183 31 2
183 32 2
183 37 2
183 38 2
183 39 2
183 40 2
183 41 2
183 42 2
183 43 2
183 46 2
183 51 2
183 52 2
183 54 2
183 59 2
183 61 2
183 63 2
183 65 2
183 66 2
183 68 2
183 72 2
183 73 2
183 75 2
183 76 2
183 77 2
183 78 2
183 80 2
183 84 2
183 86 2
183 89 2
183 91 2
183 92 2
183 93 2
183 94 2
183 95 2
183 96 2
183 97 2
183 99 2
183 101 2
183 103 2
183 109 2
183 111 2
183 113 2
183 115 2
183 118 2
183 121 2
183 122 2
183 123 2
183 127 2
183 128 2
183 132 2
183 135 2
183 137 2
183 140 2
183 142 2
183 145 2
183 149 2
183 152 2
183 155 2
183 156 2
183 157 2
183 158 2
183 159 2
183 162 2
183 163 2
183 164 2
183 167 2
183 170 2
183 172 2
183 175 2
183 176 2
183 177 2
183 181 2
183 183 2
184 2 2
184 4 2
184 6 2
184 7 2
184 8 2
184 9 2
184 10 2
184 13 2
184 17 2
184 18 2
184 20 2
184 23 2
184 27 2
184 28 2
184 31 2
184 32 2
184 35 2
184 37 2
184 38 2
184 40 2
184 44 2
184 45 2
184 47 2
184 48 2
184 49 2
184 51 2
184 52 2
184 53 2
184 56 2
184 59 2
184 60 2
184 65 2
184 66 2
184 68 2
184 77 2
184 80 2
184 81 2
184 87 2
184 88 2
184 89 2
184 90 2
184 95 2
184 96 2
184 97 2
184 98 2
184 103 2
184 104 2
184 105 2
184 106 2
184 107 2
184 109 2
184 113 2
184 114 2
184 117 2
184 119 2
184 121 2
184 122 2
184 123 2
184 129 2
184 130 2
184 132 2
184 133 2
184 136 2
184 137 2
184 138 2
184 144 2
184 145 2
184 147 2
184 149 2
184 150 2
184 152 2
184 155 2
184 156 2
184 157 2
184 158 2
184 162 2
184 163 2
184 167 2
184 169 2
184 171 2
184 172 2
184 174 2
184 175 2
184 176 2
184 179 2
184 180 2
184 181 2
184 184 2
185 0 2
185 2 2
185 4 2
185 7 2
185 8 2
185 13 2
185 20 2
185 21 2
185 23 2
185 24 2
185 26 2
185 28 2
185 29 2
185 32 2
185 36 2
185 44 2
185 49 2
185 51 2
185 52 2
185 56 2
185 60 2
185 62 2
185 63 2
185 67 2
185 68 2
185 72 2
185 73 2
185 74 2
185 76 2
185 77 2
185 83 2
185 84 2
185 85 2
185 86 2
185 88 2
185 90 2
185 91 2
185 92 2
185 93 2
185 94 2
185 96 2
185 98 2
185 99 2
185 105 2
185 106 2
185 108 2
185 111 2
185 113 2
185 114 2
185 116 2
185 118 2
185 119 2
185 120 2
185 121 2
185 122 2
185 123 2
185 124 2
185 125 2
185 127 2
185 128 2
185 129 2
185 130 2
185 131 2
185 133 2
185 138 2
185 144 2
185 146 2
185 148 2
185 153 2
185 156 2
185 162 2
185 164 2
185 165 2
185 167 2
185 168 2
185 170 2
185 174 2
185 179 2
185 180 2
185 181 2
185 182 2
185 183 2
185 184 2
186 2 2
186 3 2
186 10 2
186 14 2
186 15 2
186 19 2
186 21 2
186 22 2
186 23 2
186 25 2
186 27 2
186 31 2
186 32 2
186 33 2
186 35 2
186 36 2
186 38 2
186 40 2
186 42 2
186 43 2
186 44 2
186 53 2
186 57 2
186 58 2
186 60 2
186 61 2
186 62 2
186 64 2
186 65 2
186 66 2
186 68 2
186 73 2
186 75 2
186 80 2
186 84 2
186 85 2
186 86 2
186 88 2
186 91 2
186 92 2
186 94 2
186 96 2
186 98 2
186 100 2
186 105 2
186 106 2
186 107 2
186 108 2
186 110 2
186 112 2
186 113 2
186 114 2
186 115 2
186 117 2
186 119 2
186 121 2
186 122 2
186 123 2
186 124 2
186 125 2
186 127 2
186 128 2
186 129 2
186 131 2
186 133 2
186 144 2
186 147 2
186 148 2
186 150 2
186 151 2
186 153 2
186 154 2
186 155 2
186 158 2
186 159 2
186 161 2
186 162 2
186 164 2
186 167 2
186 172 2
186 173 2
186 175 2
186 176 2
186 179 2
186 180 2
186 181 2
186 183 2
186 184 2
186 186 2
187 3 2
187 5 2
187 6 2
187 7 2
187 8 2
187 10 2
187 12 2
187 13 2
187 16 2
187 18 2
187 20 2
187 25 2
187 27 2
187 28 2
187 30 2
187 34 2
187 35 2
187 38 2
187 39 2
187 41 2
187 42 2
187 44 2
187 46 2
187 53 2
187 54 2
187 56 2
187 57 2
187 61 2
187 63 2
187 65 2
187 70 2
187 72 2
187 77 2
187 78 2
187 79 2
187 80 2
187 81 2
187 82 2
187 83 2
187 85 2
187 86 2
187 87 2
187 89 2
187 90 2
187 91 2
187 92 2
187 93 2
187 99 2
187 103 2
187 105 2
187 106 2
187 107 2
187 109 2
187 110 2
187 113 2
187 114 2
187 115 2
187 118 2
187 121 2
187 123 2
187 127 2
187 131 2
187 132 2
187 133 2
187 134 2
187 135 2
187 137 2
187 138 2
187 141 2
187 142 2
187 143 2
187 144 2
187 145 2
187 146 2
187 149 2
187 150 2
187 153 2
187 155 2
187 156 2
187 158 2
187 162 2
187 163 2
187 167 2
187 168 2
187 170 2
187 171 2
187 172 2
187 173 2
187 174 2
187 175 2
187 179 2
187 183 2
187 185 2
187 187 2
188 0 2
188 4 2
188 5 2
188 6 2
188 12 2
188 13 2
188 15 2
188 17 2
188 22 2
188 24 2
188 26 2
188 27 2
188 28 2
188 30 2
188 31 2
188 32 2
188 33 2
188 36 2
188 37 2
188 38 2
188 40 2
188 42 2
188 47 2
188 48 2
188 49 2
188 57 2
188 59 2
188 63 2
188 64 2
188 67 2
188 68 2
188 73 2
188 74 2
188 75 2
188 76 2
188 77 2
188 78 2
188 79 2
188 81 2
188 84 2
188 85 2
188 86 2
188 92 2
188 98 2
188 99 2
188 100 2
188 101 2
188 102 2
188 110 2
188 111 2
188 114 2
188 117 2
188 118 2
188 120 2
188 122 2
188 123 2
188 125 2
188 126 2
188 127 2
188 128 2
188 129 2
188 130 2
188 133 2
188 135 2
188 137 2
188 138 2
188 141 2
188 143 2
188 144 2
188 147 2
188 148 2
188 152 2
188 155 2
188 158 2
188 159 2
188 160 2
188 161 2
188 162 2
188 165 2
188 167 2
188 168 2
188 170 2
188 171 2
188 172 2
188 173 2
188 174 2
188 177 2
188 178 2
188 180 2
188 181 2
188 187 2
189 2 2
189 6 2
189 7 2
189 8 2
189 9 2
189 10 2
189 11 2
189 16 2
189 17 2
189 18 2
189 22 2
189 23 2
189 25 2
189 29 2
189 31 2
189 37 2
189 39 2
189 40 2
189 41 2
189 45 2
189 46 2
189 47 2
189 51 2
189 54 2
189 56 2
189 58 2
189 59 2
189 60 2
189 67 2
189 68 2
189 69 2
189 70 2
189 73 2
189 75 2
189 76 2
189 78 2
189 79 2
189 80 2
189 81 2
189 82 2
189 86 2
189 87 2
189 88 2
189 91 2
189 95 2
189 97 2
189 100 2
189 101 2
189 103 2
189 108 2
189 110 2
189 112 2
189 117 2
189 120 2
189 124 2
189 125 2
189 127 2
189 128 2
189 130 2
189 132 2
189 135 2
189 138 2
189 141 2
189 144 2
189 145 2
189 149 2
189 151 2
189 152 2
189 153 2
189 157 2
189 158 2
189 163 2
189 165 2
189 166 2
189 168 2
189 170 2
189 173 2
189 178 2
189 179 2
189 182 2
189 187 2
189 188 2
189 189 2
190 0 2
190 2 2
190 3 2
190 5 2
190 6 2
190 8 2
190 10 2
190 11 2
190 12 2
190 17 2
190 18 2
190 19 2
190 21 2
190 22 2
190 23 2
190 24 2
190 25 2
190 29 2
190 30 2
190 31 2
190 35 2
190 38 2
190 39 2
190 42 2
190 46 2
190 47 2
190 49 2
190 53 2
190 57 2
190 66 2
190 72 2
190 75 2
190 76 2
190 77 2
190 78 2
190 79 2
190 83 2
190 88 2
190 89 2
190 91 2
190 92 2
190 93 2
190 94 2
190 95 2
190 97 2
190 99 2
190 102 2
190 104 2
190 106 2
190 107 2
190 113 2
190 114 2
190 116 2
190 117 2
190 118 2
190 120 2
190 121 2
190 124 2
190 126 2
190 127 2
190 129 2
190 131 2
190 138 2
190 139 2
190 142 2
190 143 2
190 145 2
190 146 2
190 147 2
190 148 2
190 152 2
190 164 2
190 165 2
190 166 2
190 170 2
190 171 2
190 173 2
190 174 2
190 180 2
190 184 2
190 185 2
190 186 2
190 187 2
190 188 2
190 189 2
191 3 2
191 4 2
191 5 2
191 6 2
191 7 2
191 8 2
191 9 2
191 13 2
191 14 2
191 15 2
191 17 2
191 19 2
191 20 2
191 21 2
191 22 2
191 24 2
191 25 2
191 27 2
191 28 2
191 31 2
191 37 2
191 38 2
191 40 2
191 41 2
191 47 2
191 48 2
191 49 2
191 51 2
191 54 2
191 56 2
191 57 2
191 58 2
191 59 2
191 61 2
191 63 2
191 64 2
191 66 2
191 67 2
191 70 2
191 71 2
191 72 2
191 75 2
191 76 2
191 77 2
191 78 2
191 85 2
191 86 2
191 87 2
191 88 2
191 89 2
191 90 2
191 91 2
191 96 2
191 97 2
191 100 2
191 103 2
191 105 2
191 107 2
191 113 2
191 116 2
191 117 2
191 119 2
191 120 2
191 121 2
191 125 2
191 128 2
191 129 2
191 132 2
191 133 2
191 135 2
191 138 2
191 141 2
191 142 2
191 144 2
191 145 2
191 147 2
191 148 2
191 149 2
191 152 2
191 154 2
191 157 2
191 159 2
191 160 2
191 161 2
191 162 2
191 163 2
191 164 2
191 166 2
191 172 2
191 173 2
191 175 2
191 183 2
191 185 2
191 186 2
191 187 2
191 189 2
191 190 2
191 191 2
192 0 2
192 11 2
192 15 2
192 18 2
192 22 2
192 23 2
192 27 2
192 28 2
192 34 2
192 37 2
192 38 2
192 39 2
192 45 2
192 49 2
192 52 2
192 63 2
192 104 2
192 111 2
192 115 2
192 134 2
192 136 2
192 137 2
192 143 2
192 148 2
192 149 2
192 150 2
192 153 2
192 154 2
192 164 2
192 171 2
192 178 2
192 180 2
192 182 2
192 188 2
192 192 2
193 3 2
193 6 2
193 9 2
193 10 2
193 12 2
193 13 2
193 14 2
193 15 2
193 18 2
193 21 2
193 22 2
193 23 2
193 25 2
193 26 2
193 28 2
193 29 2
193 34 2
193 36 2
193 39 2
193 40 2
193 41 2
193 42 2
193 44 2
193 50 2
193 51 2
193 54 2
193 55 2
193 57 2
193 60 2
193 61 2
193 62 2
193 64 2
193 67 2
193 68 2
193 71 2
193 72 2
193 73 2
193 74 2
193 78 2
193 79 2
193 82 2
193 84 2
193 87 2
193 90 2
193 91 2
193 92 2
193 95 2
193 96 2
193 99 2
193 103 2
193 105 2
193 108 2
193 109 2
193 110 2
193 111 2
193 116 2
193 117 2
193 118 2
193 119 2
193 120 2
193 125 2
193 126 2
193 129 2
193 131 2
193 133 2
193 136 2
193 140 2
193 141 2
193 143 2
193 145 2
193 146 2
193 149 2
193 153 2
193 155 2
193 156 2
193 157 2
193 158 2
193 159 2
193 161 2
193 162 2
193 163 2
193 164 2
193 165 2
193 166 2
193 168 2
193 171 2
193 173 2
193 175 2
193 178 2
193 184 2
193 189 2
193 190 2
193 193 2
194 2 2
194 5 2
194 9 2
194 10 2
194 13 2
194 18 2
194 20 2
194 22 2
194 23 2
194 24 2
194 25 2
194 27 2
194 28 2
194 37 2
194 38 2
194 42 2
194 45 2
194 48 2
194 53 2
194 56 2
194 60 2
194 63 2
194 64 2
194 70 2
194 72 2
194 73 2
194 74 2
194 75 2
194 76 2
194 78 2
194 79 2
194 80 2
194 81 2
194 82 2
194 84 2
194 85 2
194 87 2
194 89 2
194 90 2
194 93 2
194 94 2
194 95 2
194 100 2
194 101 2
194 103 2
194 106 2
194 107 2
194 109 2
194 115 2
194 117 2
194 118 2
194 119 2
194 120 2
194 121 2
194 122 2
194 123 2
194 124 2
194 126 2
194 130 2
194 132 2
194 135 2
194 140 2
194 142 2
194 145 2
194 146 2
194 147 2
194 149 2
194 150 2
194 151 2
194 153 2
194 156 2
194 157 2
194 158 2
194 159 2
194 163 2
194 164 2
194 165 2
194 167 2
194 169 2
194 171 2
194 176 2
194 177 2
194 180 2
194 181 2
194 183 2
194 185 2
194 188 2
194 189 2
194 190 2
194 193 2
195 0 2
195 4 2
195 6 2
195 7 2
195 8 2
195 10 2
195 15 2
195 16 2
195 18 2
195 19 2
195 21 2
195 22 2
195 23 2
195 24 2
195 25 2
195 29 2
195 32 2
195 35 2
195 37 2
195 38 2
195 39 2
195 40 2
195 41 2
195 44 2
195 45 2
195 46 2
195 48 2
195 49 2
195 50 2
195 51 2
195 54 2
195 56 2
195 58 2
195 60 2
195 62 2
195 63 2
195 67 2
195 68 2
195 70 2
195 71 2
195 75 2
195 76 2
195 78 2
195 79 2
195 80 2
195 82 2
195 85 2
195 88 2
195 89 2
195 91 2
195 93 2
195 96 2
195 97 2
195 99 2
195 101 2
195 103 2
195 106 2
195 107 2
195 109 2
195 110 2
195 115 2
195 116 2
195 117 2
195 118 2
195 119 2
195 120 2
195 124 2
195 125 2
195 130 2
195 132 2
195 133 2
195 134 2
195 136 2
195 138 2
195 139 2
195 140 2
195 141 2
195 142 2
195 143 2
195 146 2
195 149 2
195 151 2
195 153 2
195 155 2
195 156 2
195 160 2
195 161 2
195 163 2
195 164 2
195 166 2
195 167 2
195 170 2
195 173 2
195 174 2
195 175 2
195 181 2
195 183 2
195 186 2
195 190 2
195 191 2
195 193 2
195 195 2
196 3 2
196 5 2
196 6 2
196 7 2
196 8 2
196 10 2
196 12 2
196 15 2
196 16 2
196 17 2
196 18 2
196 21 2
196 22 2
196 23 2
196 25 2
196 27 2
196 28 2
196 29 2
196 30 2
196 32 2
196 35 2
196 38 2
196 42 2
196 44 2
196 45 2
196 50 2
196 52 2
196 53 2
196 56 2
196 57 2
196 59 2
196 61 2
196 62 2
196 63 2
196 65 2
196 71 2
196 72 2
196 73 2
196 75 2
196 76 2
196 81 2
196 82 2
196 83 2
196 85 2
196 86 2
196 88 2
196 89 2
196 93 2
196 98 2
196 99 2
196 101 2
196 102 2
196 105 2
196 106 2
196 107 2
196 110 2
196 113 2
196 114 2
196 115 2
196 116 2
196 117 2
196 120 2
196 121 2
196 122 2
196 123 2
196 124 2
196 126 2
196 130 2
196 131 2
196 132 2
196 137 2
196 138 2
196 139 2
196 140 2
196 141 2
196 147 2
196 148 2
196 152 2
196 153 2
196 155 2
196 157 2
196 159 2
196 162 2
196 163 2
196 164 2
196 165 2
196 172 2
196 174 2
196 176 2
196 179 2
196 183 2
196 184 2
196 190 2
196 191 2
196 194 2
196 195 2
197 0 2
197 2 2
197 4 2
197 7 2
197 9 2
197 10 2
197 12 2
197 14 2
197 18 2
197 20 2
197 22 2
197 23 2
197 25 2
197 27 2
197 31 2
197 32 2
197 36 2
197 37 2
197 38 2
197 39 2
197 40 2
197 42 2
197 44 2
197 45 2
197 46 2
197 49 2
197 52 2
197 56 2
197 57 2
197 59 2
197 60 2
197 62 2
197 64 2
197 66 2
197 68 2
197 71 2
197 73 2
197 74 2
197 76 2
197 77 2
197 79 2
197 90 2
197 94 2
197 98 2
197 104 2
197 105 2
197 108 2
197 114 2
197 116 2
197 117 2
197 123 2
197 127 2
197 129 2
197 137 2
197 138 2
197 140 2
197 145 2
197 151 2
197 153 2
197 154 2
197 156 2
197 157 2
197 161 2
197 163 2
197 165 2
197 168 2
197 170 2
197 171 2
197 172 2
197 174 2
197 175 2
197 176 2
197 179 2
197 180 2
197 181 2
197 182 2
197 185 2
197 189 2
197 192 2
198 3 2
198 4 2
198 5 2
198 6 2
198 7 2
198 16 2
198 17 2
198 19 2
198 21 2
198 22 2
198 23 2
198 24 2
198 25 2
198 27 2
198 32 2
198 33 2
198 34 2
198 35 2
198 37 2
198 38 2
198 39 2
198 42 2
198 44 2
198 46 2
198 47 2
198 49 2
198 55 2
198 56 2
198 57 2
198 58 2
198 60 2
198 64 2
198 65 2
198 66 2
198 67 2
198 75 2
198 77 2
198 78 2
198 82 2
198 84 2
198 85 2
198 88 2
198 89 2
198 90 2
198 91 2
198 94 2
198 95 2
198 99 2
198 100 2
198 101 2
198 102 2
198 103 2
198 105 2
198 106 2
198 108 2
198 110 2
198 111 2
198 115 2
198 123 2
198 125 2
198 127 2
198 129 2
198 133 2
198 136 2
198 137 2
198 138 2
198 140 2
198 143 2
198 144 2
198 148 2
198 150 2
198 152 2
198 155 2
198 157 2
198 158 2
198 161 2
198 164 2
198 165 2
198 166 2
198 167 2
198 168 2
198 169 2
198 170 2
198 171 2
198 173 2
198 174 2
198 179 2
198 180 2
198 181 2
198 183 2
198 184 2
198 185 2
198 189 2
198 194 2
198 195 2
198 196 2
198 197 2
198 198 2
199 4 2
199 8 2
199 9 2
199 10 2
199 15 2
199 16 2
199 18 2
199 19 2
199 22 2
199 24 2
199 27 2
199 36 2
199 37 2
199 38 2
199 39 2
199 40 2
199 42 2
199 45 2
199 46 2
199 47 2
199 50 2
199 51 2
199 54 2
199 57 2
199 58 2
199 60 2
199 63 2
199 64 2
199 66 2
199 68 2
199 71 2
199 73 2
199 75 2
199 76 2
199 78 2
199 82 2
199 85 2
199 86 2
199 87 2
199 89 2
199 90 2
199 91 2
199 92 2
199 93 2
199 95 2
199 97 2
199 100 2
199 102 2
199 106 2
199 108 2
199 109 2
199 110 2
199 113 2
199 119 2
199 120 2
199 121 2
199 125 2
199 126 2
199 127 2
199 128 2
199 129 2
199 130 2
199 131 2
199 135 2
199 137 2
199 138 2
199 140 2
199 142 2
199 143 2
199 146 2
199 149 2
199 150 2
199 153 2
199 154 2
199 158 2
199 160 2
199 161 2
199 163 2
199 165 2
199 167 2
199 169 2
199 171 2
199 174 2
199 175 2
199 180 2
199 182 2
199 184 2
199 186 2
199 188 2
199 191 2
199 193 2
199 195 2
199 196 2
199 197 2
199 198 2
199 199 2
1 1 3
2 1 3
3 1 3
4 4 3
5 4 3
6 0 3
6 2 3
6 4 3
6 5 3
6 6 3
7 2 3
7 3 3
7 7 3
8 7 3
8 8 3
9 1 3
9 2 3
9 3 3
9 6 3
9 7 3
9 8 3
10 0 3
10 4 3
10 6 3
10 8 3
10 10 3
11 1 3
11 4 3
11 6 3
11 9 3
11 11 3
12 2 3
12 5 3
12 7 3
12 11 3
12 12 3
13 0 3
13 2 3
13 3 3
13 4 3
13 9 3
13 11 3
13 13 3
14 0 3
14 4 3
14 6 3
14 7 3
15 5 3
15 10 3
15 13 3
15 14 3
16 3 3
16 5 3
16 12 3
16 15 3
17 3 3
17 5 3
17 6 3
17 7 3
17 8 3
17 10 3
17 11 3
17 17 3
18 2 3
18 3 3
18 6 3
18 8 3
18 9 3
18 12 3
18 17 3
18 18 3
19 0 3
19 4 3
19 5 3
19 7 3
19 8 3
19 13 3
19 14 3
19 19 3
20 1 3
20 3 3
20 7 3
20 8 3
20 11 3
20 13 3
20 14 3
20 15 3
20 20 3
21 2 3
21 5 3
21 6 3
21 7 3
21 12 3
21 15 3
21 16 3
21 17 3
21 21 3
22 3 3
22 4 3
22 5 3
22 6 3
22 9 3
22 10 3
22 13 3
22 18 3
22 19 3
22 20 3
23 0 3
23 2 3
23 5 3
23 10 3
23 15 3
23 20 3
23 22 3
24 1 3
24 2 3
24 15 3
24 16 3
24 22 3
24 23 3
25 0 3
25 1 3
25 2 3
25 4 3
25 7 3
25 11 3
25 12 3
25 18 3
25 24 3
25 25 3
26 0 3
26 4 3
26 5 3
26 6 3
26 9 3
26 11 3
26 13 3
26 14 3
26 16 3
26 19 3
26 21 3
26 23 3
26 25 3
27 1 3
27 2 3
27 7 3
27 12 3
27 17 3
27 19 3
27 20 3
27 21 3
27 24 3
27 25 3
28 0 3
28 1 3
28 3 3
28 7 3
28 8 3
28 10 3
28 11 3
28 12 3
28 17 3
28 18 3
28 19 3
28 24 3
28 25 3
28 27 3
29 0 3
29 4 3
29 6 3
29 7 3
29 11 3
29 13 3
29 15 3
29 16 3
29 19 3
29 20 3
29 21 3
29 22 3
29 23 3
29 29 3
30 5 3
30 8 3
30 9 3
30 14 3
30 18 3
30 20 3
30 21 3
30 25 3
30 27 3
30 28 3
30 29 3
30 30 3
31 1 3
31 4 3
31 9 3
31 14 3
31 16 3
31 22 3
31 26 3
31 29 3
32 0 3
32 9 3
32 10 3
32 14 3
32 15 3
32 16 3
32 17 3
32 19 3
32 21 3
32 23 3
32 24 3
32 28 3
32 31 3
33 0 3
33 3 3
33 15 3
33 16 3
33 18 3
33 20 3
33 21 3
33 24 3
33 25 3
33 28 3
33 32 3
34 3 3
34 6 3
34 8 3
34 10 3
34 12 3
34 15 3
34 17 3
34 20 3
34 24 3
34 27 3
34 30 3
34 31 3
34 33 3
35 3 3
35 7 3
35 8 3
35 9 3
35 16 3
35 17 3
35 18 3
35 21 3
35 22 3
35 24 3
35 28 3
35 29 3
35 30 3
35 35 3
36 1 3
36 2 3
36 5 3
36 9 3
36 10 3
36 11 3
36 15 3
36 17 3
36 20 3
36 21 3
36 22 3
36 23 3
36 29 3
36 31 3
36 32 3
36 33 3
36 35 3
37 9 3
37 13 3
37 14 3
37 23 3
37 31 3
37 32 3
37 33 3
38 0 3
38 3 3
38 6 3
38 9 3
38 10 3
38 11 3
38 18 3
38 20 3
38 28 3
38 30 3
38 34 3
38 35 3
39 1 3
39 3 3
39 7 3
39 9 3
39 11 3
39 13 3
39 21 3
39 24 3
39 25 3
39 27 3
39 31 3
39 33 3
39 35 3
39 37 3
39 39 3
40 0 3
40 1 3
40 6 3
40 8 3
40 9 3
40 10 3
40 11 3
40 13 3
40 14 3
40 16 3
40 17 3
40 18 3
40 19 3
40 20 3
40 21 3
40 22 3
40 24 3
40 29 3
40 36 3
40 40 3
41 2 3
41 7 3
41 8 3
41 12 3
41 13 3
41 14 3
41 18 3
41 22 3
41 23 3
41 25 3
41 27 3
41 28 3
41 29 3
41 34 3
41 35 3
41 36 3
41 38 3
42 0 3
42 4 3
42 5 3
42 6 3
42 10 3
42 14 3
42 16 3
42 19 3
42 21 3
42 22 3
42 23 3
42 25 3
42 29 3
42 31 3
42 36 3
42 37 3
42 40 3
42 42 3
43 3 3
43 6 3
43 7 3
43 8 3
43 9 3
43 12 3
43 16 3
43 17 3
43 20 3
43 24 3
43 25 3
43 31 3
43 33 3
43 35 3
43 37 3
43 38 3
43 39 3
43 41 3
44 2 3
44 5 3
44 6 3
44 7 3
44 10 3
44 13 3
44 15 3
44 16 3
44 19 3
44 29 3
44 30 3
44 34 3
44 36 3
44 37 3
44 40 3
44 44 3
45 0 3
45 2 3
45 3 3
45 8 3
45 16 3
45 17 3
45 18 3
45 20 3
45 24 3
45 25 3
45 26 3
45 27 3
45 30 3
45 32 3
45 34 3
45 39 3
45 43 3
46 5 3
46 7 3
46 10 3
46 13 3
46 14 3
46 17 3
46 19 3
46 21 3
46 22 3
46 23 3
46 24 3
46 29 3
46 40 3
46 41 3
46 42 3
46 44 3
46 45 3
47 0 3
47 2 3
47 8 3
47 11 3
47 17 3
47 25 3
47 27 3
47 28 3
47 31 3
47 33 3
47 34 3
47 38 3
47 39 3
47 45 3
47 46 3
47 47 3
48 2 3
48 8 3
48 9 3
48 11 3
48 12 3
48 13 3
48 15 3
48 17 3
48 25 3
48 27 3
48 28 3
48 31 3
48 33 3
48 38 3
48 39 3
48 41 3
48 43 3
48 45 3
48 47 3
48 48 3
49 3 3
49 5 3
49 10 3
49 12 3
49 13 3
49 14 3
49 21 3
49 27 3
49 33 3
49 36 3
49 37 3
49 46 3
49 49 3
50 3 3
50 7 3
50 12 3
50 15 3
50 18 3
50 24 3
50 34 3
50 38 3
50 39 3
50 40 3
50 41 3
50 48 3
50 49 3
51 7 3
51 9 3
51 10 3
51 15 3
51 16 3
51 18 3
51 19 3
51 20 3
51 24 3
51 25 3
51 28 3
51 30 3
51 34 3
51 37 3
51 39 3
51 42 3
51 43 3
51 51 3
52 1 3
52 5 3
52 7 3
52 9 3
52 11 3
52 12 3
52 14 3
52 23 3
52 24 3
52 26 3
52 28 3
52 32 3
52 35 3
52 38 3
52 39 3
52 45 3
52 47 3
52 52 3
53 2 3
53 3 3
53 7 3
53 10 3
53 12 3
53 14 3
53 15 3
53 16 3
53 18 3
53 20 3
53 24 3
53 25 3
53 26 3
53 30 3
53 32 3
53 33 3
53 40 3
53 41 3
53 42 3
53 43 3
53 45 3
53 48 3
53 50 3
53 51 3
53 53 3
54 5 3
54 10 3
54 16 3
54 17 3
54 19 3
54 20 3
54 24 3
54 26 3
54 27 3
54 35 3
54 44 3
54 47 3
54 48 3
54 51 3
54 53 3
55 1 3
55 4 3
55 7 3
55 8 3
55 9 3
55 11 3
55 18 3
55 19 3
55 22 3
55 25 3
55 30 3
55 31 3
55 36 3
55 38 3
55 39 3
55 41 3
55 45 3
55 47 3
55 48 3
55 50 3
55 51 3
55 52 3
55 54 3
56 0 3
56 3 3
56 5 3
56 6 3
56 8 3
56 15 3
56 16 3
56 19 3
56 20 3
56 23 3
56 26 3
56 29 3
56 31 3
56 32 3
56 34 3
56 36 3
56 40 3
56 47 3
56 49 3
56 53 3
56 56 3
57 4 3
57 5 3
57 10 3
57 15 3
57 19 3
57 27 3
57 28 3
57 30 3
57 31 3
57 32 3
57 34 3
57 35 3
57 36 3
57 43 3
58 0 3
58 2 3
58 4 3
58 9 3
58 10 3
58 11 3
58 13 3
58 14 3
58 15 3
58 16 3
58 18 3
58 19 3
58 21 3
58 22 3
58 23 3
58 29 3
58 33 3
58 39 3
58 44 3
58 46 3
58 49 3
58 54 3
58 55 3
58 56 3
59 6 3
59 13 3
59 15 3
59 20 3
59 21 3
59 23 3
59 27 3
59 28 3
59 29 3
59 32 3
59 34 3
59 37 3
59 41 3
59 46 3
59 49 3
59 52 3
59 55 3
59 56 3
59 59 3
60 3 3
60 5 3
60 6 3
60 7 3
60 10 3
60 11 3
60 13 3
60 19 3
60 20 3
60 27 3
60 28 3
60 38 3
60 39 3
60 40 3
60 44 3
60 46 3
60 49 3
60 53 3
60 54 3
60 56 3
60 57 3
60 58 3
60 59 3
61 4 3
61 5 3
61 10 3
61 13 3
61 14 3
61 19 3
61 23 3
61 24 3
61 26 3
61 31 3
61 34 3
61 37 3
61 42 3
61 44 3
61 48 3
61 49 3
61 52 3
61 56 3
61 61 3
62 2 3
62 3 3
62 8 3
62 9 3
62 13 3
62 17 3
62 20 3
62 25 3
62 28 3
62 30 3
62 31 3
62 43 3
62 45 3
62 49 3
62 51 3
62 54 3
62 56 3
62 57 3
63 6 3
63 15 3
63 16 3
63 17 3
63 26 3
63 29 3
63 32 3
63 36 3
63 37 3
63 40 3
63 46 3
63 56 3
63 58 3
63 59 3
63 61 3
63 62 3
63 63 3
64 5 3
64 11 3
64 12 3
64 13 3
64 16 3
64 17 3
64 19 3
64 21 3
64 24 3
64 28 3
64 29 3
64 35 3
64 37 3
64 38 3
64 39 3
64 40 3
64 42 3
64 46 3
64 48 3
64 56 3
64 57 3
64 59 3
64 63 3
65 0 3
65 1 3
65 3 3
65 8 3
65 10 3
65 11 3
65 12 3
65 18 3
65 19 3
65 20 3
65 24 3
65 29 3
65 34 3
65 35 3
65 38 3
65 39 3
65 40 3
65 46 3
65 54 3
65 62 3
65 64 3
65 65 3
66 3 3
66 5 3
66 6 3
66 10 3
66 11 3
66 13 3
66 14 3
66 16 3
66 17 3
66 19 3
66 20 3
66 23 3
66 24 3
66 26 3
66 29 3
66 32 3
66 34 3
66 36 3
66 37 3
66 40 3
66 44 3
66 46 3
66 59 3
66 62 3
66 63 3
66 64 3
66 65 3
67 4 3
67 7 3
67 8 3
67 9 3
67 11 3
67 13 3
67 17 3
67 18 3
67 20 3
67 24 3
67 26 3
67 34 3
67 35 3
67 41 3
67 50 3
67 51 3
67 54 3
67 55 3
67 62 3
67 65 3
68 0 3
68 4 3
68 5 3
68 16 3
68 21 3
68 22 3
68 30 3
68 33 3
68 36 3
68 43 3
68 44 3
68 46 3
68 47 3
68 48 3
68 56 3
68 57 3
68 58 3
68 59 3
68 64 3
68 66 3
68 68 3
69 3 3
69 9 3
69 12 3
69 15 3
69 17 3
69 25 3
69 28 3
69 30 3
69 35 3
69 38 3
69 42 3
69 43 3
69 48 3
69 51 3
69 54 3
69 55 3
69 57 3
69 59 3
69 60 3
69 64 3
69 67 3
69 69 3
70 2 3
70 3 3
70 7 3
70 8 3
70 9 3
70 15 3
70 20 3
70 24 3
70 26 3
70 27 3
70 30 3
70 41 3
70 44 3
70 47 3
70 48 3
70 52 3
70 53 3
70 54 3
70 55 3
70 57 3
70 65 3
70 67 3
70 69 3
71 4 3
71 6 3
71 7 3
71 10 3
71 15 3
71 17 3
71 18 3
71 23 3
71 26 3
71 27 3
71 29 3
71 32 3
71 41 3
71 44 3
71 49 3
71 58 3
71 64 3
71 66 3
71 71 3
72 3 3
72 6 3
72 10 3
72 14 3
72 15 3
72 16 3
72 18 3
72 19 3
72 22 3
72 23 3
72 24 3
72 30 3
72 31 3
72 32 3
72 33 3
72 37 3
72 40 3
72 42 3
72 45 3
72 47 3
72 53 3
72 57 3
72 59 3
72 60 3
72 61 3
72 65 3
72 66 3
72 67 3
72 71 3
73 2 3
73 4 3
73 7 3
73 8 3
73 11 3
73 12 3
73 18 3
73 21 3
73 22 3
73 25 3
73 27 3
73 28 3
73 30 3
73 37 3
73 38 3
73 43 3
73 45 3
73 50 3
73 52 3
73 53 3
73 64 3
73 69 3
74 1 3
74 3 3
74 4 3
74 6 3
74 9 3
74 11 3
74 14 3
74 19 3
74 20 3
74 28 3
74 30 3
74 33 3
74 41 3
74 43 3
74 48 3
74 50 3
74 53 3
74 54 3
74 55 3
74 59 3
74 62 3
74 67 3
74 69 3
74 70 3
74 74 3
75 0 3
75 9 3
75 11 3
75 18 3
75 20 3
75 23 3
75 24 3
75 28 3
75 30 3
75 34 3
75 39 3
75 41 3
75 45 3
75 47 3
75 48 3
75 53 3
75 54 3
75 55 3
75 56 3
75 62 3
75 64 3
75 74 3
75 75 3
76 2 3
76 5 3
76 6 3
76 8 3
76 17 3
76 20 3
76 24 3
76 28 3
76 30 3
76 32 3
76 34 3
76 35 3
76 37 3
76 43 3
76 47 3
76 48 3
76 52 3
76 57 3
76 58 3
76 60 3
76 62 3
76 65 3
76 66 3
76 68 3
77 4 3
77 6 3
77 10 3
77 14 3
77 19 3
77 20 3
77 29 3
77 31 3
77 32 3
77 37 3
77 43 3
77 46 3
77 52 3
77 53 3
77 56 3
77 57 3
77 59 3
77 60 3
77 63 3
77 64 3
77 65 3
77 68 3
77 71 3
77 72 3
77 73 3
78 0 3
78 8 3
78 13 3
78 14 3
78 15 3
78 19 3
78 21 3
78 26 3
78 29 3
78 32 3
78 34 3
78 35 3
78 37 3
78 40 3
78 44 3
78 46 3
78 47 3
78 49 3
78 53 3
78 59 3
78 63 3
78 64 3
78 66 3
78 71 3
78 72 3
78 73 3
78 74 3
78 77 3
78 78 3
79 0 3
79 4 3
79 5 3
79 6 3
79 13 3
79 14 3
79 16 3
79 17 3
79 19 3
79 21 3
79 22 3
79 23 3
79 24 3
79 26 3
79 27 3
79 31 3
79 36 3
79 44 3
79 46 3
79 50 3
79 56 3
79 57 3
79 58 3
79 60 3
79 63 3
79 66 3
79 68 3
79 76 3
79 78 3
79 79 3
80 1 3
80 2 3
80 7 3
80 10 3
80 11 3
80 12 3
80 14 3
80 17 3
80 27 3
80 28 3
80 30 3
80 33 3
80 34 3
80 35 3
80 41 3
80 43 3
80 51 3
80 52 3
80 60 3
80 62 3
80 67 3
80 69 3
80 74 3
80 77 3
80 78 3
81 1 3
81 2 3
81 3 3
81 9 3
81 11 3
81 15 3
81 16 3
81 17 3
81 18 3
81 20 3
81 24 3
81 25 3
81 26 3
81 27 3
81 33 3
81 34 3
81 48 3
81 50 3
81 53 3
81 54 3
81 55 3
81 59 3
81 62 3
81 64 3
81 65 3
81 67 3
81 68 3
81 69 3
81 70 3
81 73 3
81 74 3
81 75 3
81 80 3
82 0 3
82 4 3
82 5 3
82 10 3
82 13 3
82 16 3
82 28 3
82 29 3
82 31 3
82 32 3
82 42 3
82 46 3
82 49 3
82 50 3
82 54 3
82 56 3
82 57 3
82 58 3
82 60 3
82 61 3
82 63 3
82 64 3
82 66 3
82 69 3
82 74 3
82 77 3
82 78 3
82 79 3
83 6 3
83 9 3
83 10 3
83 15 3
83 16 3
83 17 3
83 18 3
83 20 3
83 21 3
83 22 3
83 23 3
83 26 3
83 32 3
83 41 3
83 42 3
83 44 3
83 45 3
83 46 3
83 49 3
83 51 3
83 56 3
83 58 3
83 59 3
83 64 3
83 65 3
83 68 3
83 72 3
83 73 3
83 77 3
83 79 3
83 82 3
83 83 3
84 3 3
84 9 3
84 10 3
84 12 3
84 13 3
84 14 3
84 16 3
84 21 3
84 22 3
84 23 3
84 25 3
84 27 3
84 29 3
84 31 3
84 32 3
84 36 3
84 37 3
84 44 3
84 49 3
84 53 3
84 54 3
84 61 3
84 63 3
84 64 3
84 71 3
84 72 3
84 83 3
85 6 3
85 9 3
85 15 3
85 20 3
85 25 3
85 26 3
85 32 3
85 37 3
85 40 3
85 44 3
85 45 3
85 49 3
85 50 3
85 57 3
85 58 3
85 59 3
85 61 3
85 62 3
85 63 3
85 64 3
85 67 3
85 69 3
85 70 3
85 71 3
85 76 3
85 78 3
85 83 3
86 2 3
86 7 3
86 8 3
86 9 3
86 12 3
86 15 3
86 17 3
86 18 3
86 19 3
86 20 3
86 24 3
86 25 3
86 28 3
86 30 3
86 33 3
86 34 3
86 35 3
86 39 3
86 43 3
86 46 3
86 49 3
86 51 3
86 52 3
86 53 3
86 67 3
86 76 3
86 78 3
86 80 3
86 81 3
86 85 3
86 86 3
87 2 3
87 3 3
87 4 3
87 7 3
87 9 3
87 11 3
87 12 3
87 18 3
87 20 3
87 22 3
87 24 3
87 25 3
87 26 3
87 30 3
87 33 3
87 37 3
87 39 3
87 41 3
87 45 3
87 47 3
87 50 3
87 51 3
87 53 3
87 54 3
87 61 3
87 62 3
87 64 3
87 65 3
87 70 3
87 74 3
87 75 3
87 80 3
87 86 3
87 87 3
88 2 3
88 3 3
88 8 3
88 9 3
88 11 3
88 12 3
88 19 3
88 20 3
88 22 3
88 24 3
88 25 3
88 27 3
88 30 3
88 32 3
88 33 3
88 34 3
88 39 3
88 45 3
88 46 3
88 48 3
88 50 3
88 51 3
88 53 3
88 54 3
88 55 3
88 59 3
88 60 3
88 61 3
88 69 3
88 70 3
88 72 3
88 75 3
88 76 3
88 77 3
88 78 3
88 82 3
88 86 3
88 87 3
88 88 3
89 1 3
89 2 3
89 3 3
89 6 3
89 8 3
89 15 3
89 18 3
89 20 3
89 22 3
89 24 3
89 27 3
89 28 3
89 29 3
89 39 3
89 40 3
89 43 3
89 45 3
89 48 3
89 51 3
89 52 3
89 54 3
89 56 3
89 60 3
89 62 3
89 65 3
89 66 3
89 69 3
89 74 3
89 76 3
89 81 3
89 84 3
89 86 3
89 88 3
89 89 3
90 4 3
90 8 3
90 11 3
90 15 3
90 19 3
90 23 3
90 28 3
90 29 3
90 31 3
90 32 3
90 37 3
90 38 3
90 42 3
90 46 3
90 49 3
90 56 3
90 64 3
90 66 3
90 68 3
90 69 3
90 72 3
90 73 3
90 77 3
90 78 3
90 90 3
91 1 3
91 3 3
91 5 3
91 6 3
91 7 3
91 9 3
91 10 3
91 12 3
91 23 3
91 24 3
91 25 3
91 29 3
91 30 3
91 34 3
91 35 3
91 36 3
91 37 3
91 39 3
91 40 3
91 43 3
91 45 3
91 46 3
91 47 3
91 48 3
91 52 3
91 53 3
91 55 3
91 56 3
91 59 3
91 68 3
91 69 3
91 71 3
91 77 3
91 80 3
91 81 3
91 83 3
91 87 3
91 88 3
92 0 3
92 2 3
92 3 3
92 8 3
92 9 3
92 12 3
92 16 3
92 17 3
92 18 3
92 23 3
92 24 3
92 25 3
92 27 3
92 28 3
92 35 3
92 39 3
92 43 3
92 47 3
92 48 3
92 52 3
92 53 3
92 54 3
92 60 3
92 62 3
92 64 3
92 67 3
92 69 3
92 70 3
92 73 3
92 78 3
92 80 3
92 81 3
92 87 3
92 88 3
92 92 3
93 0 3
93 1 3
93 4 3
93 7 3
93 8 3
93 10 3
93 11 3
93 12 3
93 17 3
93 18 3
93 20 3
93 21 3
93 22 3
93 24 3
93 25 3
93 27 3
93 28 3
93 30 3
93 33 3
93 40 3
93 41 3
93 43 3
93 48 3
93 57 3
93 58 3
93 62 3
93 67 3
93 69 3
93 70 3
93 73 3
93 74 3
93 76 3
93 81 3
93 86 3
93 87 3
93 88 3
93 89 3
93 93 3
94 2 3
94 3 3
94 5 3
94 11 3
94 17 3
94 21 3
94 25 3
94 27 3
94 28 3
94 29 3
94 30 3
94 32 3
94 35 3
94 36 3
94 38 3
94 43 3
94 44 3
94 48 3
94 49 3
94 50 3
94 51 3
94 53 3
94 63 3
94 65 3
94 69 3
94 71 3
94 72 3
94 75 3
94 76 3
94 80 3
94 81 3
94 84 3
94 93 3
95 2 3
95 8 3
95 9 3
95 17 3
95 18 3
95 20 3
95 23 3
95 24 3
95 25 3
95 26 3
95 30 3
95 34 3
95 35 3
95 38 3
95 39 3
95 43 3
95 48 3
95 50 3
95 51 3
95 56 3
95 57 3
95 66 3
95 76 3
95 77 3
95 78 3
95 80 3
95 82 3
95 85 3
95 87 3
95 91 3
95 92 3
95 94 3
96 3 3
96 8 3
96 11 3
96 13 3
96 19 3
96 20 3
96 22 3
96 25 3
96 26 3
96 27 3
96 28 3
96 29 3
96 32 3
96 41 3
96 43 3
96 47 3
96 48 3
96 49 3
96 58 3
96 61 3
96 62 3
96 63 3
96 70 3
96 71 3
96 74 3
96 76 3
96 80 3
96 81 3
96 82 3
96 88 3
96 89 3
96 92 3
96 93 3
96 95 3
96 96 3
97 5 3
97 12 3
97 19 3
97 20 3
97 25 3
97 27 3
97 30 3
97 32 3
97 34 3
97 35 3
97 38 3
97 39 3
97 41 3
97 43 3
97 45 3
97 51 3
97 52 3
97 53 3
97 62 3
97 76 3
97 81 3
97 86 3
97 92 3
97 93 3
97 95 3
97 96 3
97 97 3
98 0 3
98 1 3
98 2 3
98 6 3
98 10 3
98 11 3
98 13 3
98 16 3
98 17 3
98 22 3
98 27 3
98 29 3
98 34 3
98 36 3
98 38 3
98 42 3
98 44 3
98 50 3
98 52 3
98 56 3
98 60 3
98 61 3
98 62 3
98 64 3
98 66 3
98 69 3
98 71 3
98 72 3
98 77 3
98 79 3
98 85 3
98 97 3
98 98 3
99 1 3
99 5 3
99 6 3
99 10 3
99 12 3
99 14 3
99 19 3
99 20 3
99 21 3
99 29 3
99 32 3
99 33 3
99 34 3
99 35 3
99 37 3
99 46 3
99 52 3
99 57 3
99 58 3
99 59 3
99 63 3
99 66 3
99 68 3
99 71 3
99 72 3
99 74 3
99 77 3
99 80 3
99 82 3
99 86 3
99 90 3
99 92 3
99 94 3
99 98 3
99 99 3
100 4 3
100 6 3
100 10 3
100 11 3
100 13 3
100 15 3
100 16 3
100 18 3
100 19 3
100 22 3
100 23 3
100 26 3
100 31 3
100 32 3
100 36 3
100 45 3
100 49 3
100 59 3
100 61 3
100 62 3
100 65 3
100 68 3
100 76 3
100 77 3
100 78 3
100 79 3
100 90 3
100 93 3
100 94 3
100 99 3
101 2 3
101 3 3
101 4 3
101 8 3
101 9 3
101 17 3
101 19 3
101 21 3
101 24 3
101 26 3
101 27 3
101 28 3
101 30 3
101 35 3
101 39 3
101 44 3
101 47 3
101 48 3
101 49 3
101 50 3
101 55 3
101 63 3
101 67 3
101 68 3
101 70 3
101 72 3
101 74 3
101 75 3
101 76 3
101 81 3
101 84 3
101 86 3
101 87 3
101 89 3
101 92 3
101 93 3
101 94 3
102 4 3
102 9 3
102 10 3
102 11 3
102 13 3
102 18 3
102 21 3
102 26 3
102 28 3
102 29 3
102 30 3
102 32 3
102 35 3
102 38 3
102 40 3
102 42 3
102 46 3
102 47 3
102 49 3
102 50 3
102 54 3
102 56 3
102 57 3
102 58 3
102 60 3
102 62 3
102 64 3
102 69 3
102 72 3
102 82 3
102 85 3
102 87 3
102 88 3
102 90 3
103 3 3
103 4 3
103 7 3
103 9 3
103 14 3
103 15 3
103 28 3
103 31 3
103 33 3
103 34 3
103 35 3
103 38 3
103 41 3
103 48 3
103 49 3
103 50 3
103 54 3
103 55 3
103 63 3
103 65 3
103 66 3
103 70 3
103 72 3
103 74 3
103 75 3
103 76 3
103 80 3
103 82 3
103 88 3
103 91 3
103 92 3
103 93 3
103 97 3
103 103 3
104 1 3
104 7 3
104 11 3
104 17 3
104 18 3
104 20 3
104 22 3
104 24 3
104 25 3
104 27 3
104 28 3
104 30 3
104 33 3
104 34 3
104 40 3
104 41 3
104 43 3
104 44 3
104 47 3
104 56 3
104 62 3
104 63 3
104 65 3
104 66 3
104 67 3
104 70 3
104 72 3
104 74 3
104 76 3
104 79 3
104 80 3
104 83 3
104 85 3
104 86 3
104 88 3
104 92 3
104 95 3
104 101 3
105 4 3
105 6 3
105 10 3
105 14 3
105 29 3
105 31 3
105 36 3
105 40 3
105 45 3
105 46 3
105 56 3
105 57 3
105 59 3
105 64 3
105 72 3
105 77 3
105 78 3
105 81 3
105 82 3
105 83 3
105 85 3
105 86 3
105 102 3
105 103 3
106 1 3
106 6 3
106 8 3
106 9 3
106 11 3
106 14 3
106 15 3
106 20 3
106 24 3
106 33 3
106 35 3
106 43 3
106 47 3
106 50 3
106 51 3
106 52 3
106 53 3
106 54 3
106 55 3
106 61 3
106 62 3
106 65 3
106 67 3
106 70 3
106 76 3
106 79 3
106 80 3
106 81 3
106 86 3
106 90 3
106 92 3
106 94 3
106 95 3
106 103 3
106 106 3
107 1 3
107 3 3
107 4 3
107 9 3
107 11 3
107 18 3
107 20 3
107 24 3
107 27 3
107 28 3
107 37 3
107 42 3
107 43 3
107 51 3
107 52 3
107 53 3
107 58 3
107 62 3
107 63 3
107 65 3
107 69 3
107 70 3
107 73 3
107 78 3
107 80 3
107 82 3
107 84 3
107 88 3
107 94 3
107 96 3
107 97 3
107 98 3
107 100 3
107 101 3
107 102 3
107 103 3
107 104 3
107 105 3
108 0 3
108 2 3
108 3 3
108 10 3
108 13 3
108 15 3
108 16 3
108 17 3
108 18 3
108 19 3
108 23 3
108 29 3
108 32 3
108 44 3
108 46 3
108 49 3
108 59 3
108 60 3
108 63 3
108 68 3
108 70 3
108 72 3
108 77 3
108 79 3
108 80 3
108 81 3
108 84 3
108 85 3
108 89 3
108 90 3
108 97 3
108 100 3
108 102 3
108 106 3
109 0 3
109 1 3
109 6 3
109 17 3
109 18 3
109 19 3
109 21 3
109 22 3
109 23 3
109 27 3
109 28 3
109 29 3
109 32 3
109 37 3
109 43 3
109 44 3
109 46 3
109 49 3
109 54 3
109 55 3
109 59 3
109 60 3
109 61 3
109 66 3
109 67 3
109 68 3
109 77 3
109 79 3
109 81 3
109 83 3
109 86 3
109 89 3
109 90 3
109 92 3
109 94 3
109 97 3
109 99 3
109 100 3
109 102 3
109 106 3
109 107 3
109 108 3
110 3 3
110 6 3
110 10 3
110 11 3
110 13 3
110 15 3
110 19 3
110 21 3
110 24 3
110 25 3
110 29 3
110 32 3
110 33 3
110 34 3
110 37 3
110 38 3
110 44 3
110 52 3
110 55 3
110 57 3
110 58 3
110 60 3
110 61 3
110 64 3
110 66 3
110 68 3
110 69 3
110 71 3
110 72 3
110 76 3
110 78 3
110 79 3
110 84 3
110 85 3
110 86 3
110 87 3
110 88 3
110 90 3
110 93 3
110 96 3
110 98 3
110 101 3
110 102 3
110 105 3
110 107 3
110 109 3
110 110 3
111 6 3
111 9 3
111 10 3
111 19 3
111 23 3
111 32 3
111 36 3
111 40 3
111 41 3
111 42 3
111 46 3
111 49 3
111 51 3
111 52 3
111 63 3
111 66 3
111 68 3
111 73 3
111 78 3
111 89 3
111 100 3
111 106 3
111 108 3
111 111 3
112 1 3
112 2 3
112 3 3
112 5 3
112 9 3
112 11 3
112 13 3
112 14 3
112 17 3
112 20 3
112 21 3
112 23 3
112 25 3
112 27 3
112 28 3
112 30 3
112 31 3
112 33 3
112 34 3
112 36 3
112 37 3
112 39 3
112 42 3
112 44 3
112 47 3
112 48 3
112 58 3
112 59 3
112 63 3
112 65 3
112 67 3
112 69 3
112 70 3
112 78 3
112 81 3
112 85 3
112 86 3
112 88 3
112 91 3
112 92 3
112 94 3
112 100 3
112 103 3
112 104 3
112 106 3
113 1 3
113 3 3
113 10 3
113 13 3
113 14 3
113 16 3
113 17 3
113 21 3
113 23 3
113 24 3
113 27 3
113 30 3
113 36 3
113 37 3
113 38 3
113 40 3
113 48 3
113 51 3
113 52 3
113 54 3
113 55 3
113 62 3
113 74 3
113 75 3
113 76 3
113 79 3
113 81 3
113 83 3
113 88 3
113 89 3
113 91 3
113 92 3
113 93 3
113 94 3
113 99 3
113 104 3
113 107 3
113 109 3
113 111 3
114 0 3
114 1 3
114 5 3
114 8 3
114 12 3
114 13 3
114 16 3
114 19 3
114 20 3
114 24 3
114 28 3
114 30 3
114 35 3
114 37 3
114 43 3
114 45 3
114 50 3
114 54 3
114 55 3
114 62 3
114 64 3
114 69 3
114 70 3
114 71 3
114 74 3
114 75 3
114 76 3
114 82 3
114 84 3
114 85 3
114 86 3
114 87 3
114 88 3
114 89 3
114 90 3
114 91 3
114 93 3
114 94 3
114 95 3
114 96 3
114 97 3
114 100 3
114 103 3
114 104 3
114 106 3
115 0 3
115 1 3
115 5 3
115 8 3
115 9 3
115 11 3
115 18 3
115 27 3
115 34 3
115 38 3
115 39 3
115 43 3
115 51 3
115 54 3
115 55 3
115 56 3
115 57 3
115 67 3
115 68 3
115 71 3
115 72 3
115 73 3
115 74 3
115 76 3
115 80 3
115 81 3
115 84 3
115 86 3
115 87 3
115 88 3
115 89 3
115 91 3
115 94 3
115 101 3
115 103 3
115 104 3
115 106 3
115 107 3
115 109 3
115 112 3
115 114 3
115 115 3
116 0 3
116 6 3
116 7 3
116 8 3
116 15 3
116 17 3
116 18 3
116 20 3
116 30 3
116 34 3
116 35 3
116 36 3
116 39 3
116 40 3
116 45 3
116 46 3
116 47 3
116 49 3
116 51 3
116 53 3
116 54 3
116 55 3
116 58 3
116 59 3
116 66 3
116 71 3
116 74 3
116 75 3
116 81 3
116 86 3
116 87 3
116 88 3
116 92 3
116 94 3
116 95 3
116 96 3
116 97 3
116 101 3
116 103 3
116 104 3
116 107 3
116 112 3
116 114 3
117 0 3
117 12 3
117 14 3
117 16 3
117 17 3
117 19 3
117 21 3
117 22 3
117 23 3
117 26 3
117 27 3
117 32 3
117 33 3
117 36 3
117 37 3
117 38 3
117 44 3
117 46 3
117 47 3
117 49 3
117 50 3
117 53 3
117 56 3
117 57 3
117 58 3
117 59 3
117 61 3
117 66 3
117 68 3
117 70 3
117 71 3
117 72 3
117 77 3
117 78 3
117 81 3
117 82 3
117 84 3
117 85 3
117 88 3
117 90 3
117 92 3
117 97 3
117 99 3
117 100 3
117 106 3
117 108 3
117 109 3
117 110 3
117 111 3
117 113 3
117 115 3
117 116 3
118 0 3
118 2 3
118 4 3
118 5 3
118 8 3
118 9 3
118 12 3
118 14 3
118 17 3
118 25 3
118 30 3
118 34 3
118 35 3
118 47 3
118 50 3
118 51 3
118 52 3
118 54 3
118 62 3
118 65 3
118 70 3
118 74 3
118 75 3
118 77 3
118 78 3
118 87 3
118 88 3
118 89 3
118 93 3
118 95 3
118 101 3
118 103 3
118 104 3
118 107 3
118 110 3
118 111 3
118 112 3
118 114 3
118 117 3
118 118 3
119 2 3
119 3 3
119 7 3
119 9 3
119 11 3
119 17 3
119 20 3
119 23 3
119 27 3
119 28 3
119 30 3
119 31 3
119 32 3
119 33 3
119 34 3
119 35 3
119 38 3
119 40 3
119 41 3
119 45 3
119 47 3
119 48 3
119 50 3
119 52 3
119 53 3
119 59 3
119 70 3
119 74 3
119 77 3
119 88 3
119 91 3
119 93 3
119 95 3
119 96 3
119 97 3
119 100 3
119 101 3
119 107 3
119 113 3
119 117 3
119 118 3
119 119 3
120 2 3
120 3 3
120 12 3
120 21 3
120 25 3
120 27 3
120 30 3
120 33 3
120 38 3
120 39 3
120 41 3
120 43 3
120 45 3
120 46 3
120 47 3
120 52 3
120 53 3
120 65 3
120 67 3
120 74 3
120 75 3
120 78 3
120 80 3
120 83 3
120 85 3
120 87 3
120 89 3
120 91 3
120 92 3
120 94 3
120 95 3
120 96 3
120 97 3
120 98 3
120 99 3
120 112 3
120 113 3
120 114 3
120 116 3
120 117 3
120 120 3
121 3 3
121 6 3
121 17 3
121 18 3
121 23 3
121 24 3
121 25 3
121 26 3
121 27 3
121 28 3
121 33 3
121 34 3
121 42 3
121 47 3
121 48 3
121 51 3
121 62 3
121 63 3
121 65 3
121 66 3
121 67 3
121 69 3
121 70 3
121 71 3
121 73 3
121 75 3
121 87 3
121 89 3
121 91 3
121 93 3
121 94 3
121 97 3
121 102 3
121 103 3
121 105 3
121 106 3
121 107 3
121 109 3
121 118 3
121 119 3
121 120 3
121 121 3
122 5 3
122 6 3
122 10 3
122 12 3
122 14 3
122 15 3
122 16 3
122 18 3
122 19 3
122 21 3
122 22 3
122 26 3
122 32 3
122 36 3
122 39 3
122 44 3
122 50 3
122 52 3
122 56 3
122 59 3
122 60 3
122 61 3
122 66 3
122 70 3
122 71 3
122 72 3
122 75 3
122 78 3
122 79 3
122 80 3
122 83 3
122 86 3
122 94 3
122 99 3
122 100 3
122 104 3
122 105 3
122 110 3
122 114 3
122 122 3
123 1 3
123 4 3
123 5 3
123 10 3
123 15 3
123 16 3
123 23 3
123 26 3
123 29 3
123 31 3
123 32 3
123 36 3
123 39 3
123 43 3
123 44 3
123 46 3
123 49 3
123 52 3
123 56 3
123 57 3
123 60 3
123 66 3
123 68 3
123 69 3
123 72 3
123 83 3
123 85 3
123 87 3
123 90 3
123 96 3
123 98 3
123 99 3
123 100 3
123 102 3
123 108 3
123 111 3
123 120 3
123 122 3
123 123 3
124 4 3
124 7 3
124 9 3
124 10 3
124 18 3
124 26 3
124 31 3
124 32 3
124 36 3
124 40 3
124 46 3
124 58 3
124 60 3
124 61 3
124 63 3
124 64 3
124 77 3
124 80 3
124 81 3
124 82 3
124 100 3
124 102 3
124 103 3
124 105 3
124 108 3
124 111 3
124 116 3
124 117 3
124 119 3
124 122 3
124 123 3
124 124 3
125 2 3
125 4 3
125 6 3
125 9 3
125 12 3
125 14 3
125 21 3
125 22 3
125 25 3
125 27 3
125 28 3
125 33 3
125 34 3
125 35 3
125 36 3
125 38 3
125 39 3
125 43 3
125 44 3
125 45 3
125 46 3
125 50 3
125 52 3
125 53 3
125 54 3
125 61 3
125 67 3
125 69 3
125 71 3
125 73 3
125 74 3
125 81 3
125 82 3
125 87 3
125 88 3
125 89 3
125 91 3
125 94 3
125 98 3
125 99 3
125 102 3
125 103 3
125 104 3
125 112 3
125 115 3
125 116 3
125 118 3
125 119 3
125 120 3
125 124 3
126 0 3
126 2 3
126 4 3
126 8 3
126 11 3
126 12 3
126 16 3
126 18 3
126 20 3
126 24 3
126 26 3
126 27 3
126 36 3
126 37 3
126 39 3
126 40 3
126 43 3
126 49 3
126 50 3
126 52 3
126 54 3
126 56 3
126 62 3
126 65 3
126 67 3
126 69 3
126 72 3
126 73 3
126 74 3
126 75 3
126 80 3
126 81 3
126 84 3
126 87 3
126 90 3
126 91 3
126 92 3
126 93 3
126 103 3
126 104 3
126 106 3
126 110 3
126 112 3
126 113 3
126 115 3
126 117 3
126 119 3
126 121 3
126 125 3
126 126 3
127 0 3
127 2 3
127 3 3
127 7 3
127 8 3
127 10 3
127 11 3
127 12 3
127 16 3
127 18 3
127 24 3
127 29 3
127 34 3
127 35 3
127 38 3
127 39 3
127 43 3
127 44 3
127 47 3
127 48 3
127 50 3
127 53 3
127 54 3
127 63 3
127 65 3
127 67 3
127 69 3
127 70 3
127 77 3
127 80 3
127 81 3
127 83 3
127 86 3
127 87 3
127 88 3
127 90 3
127 91 3
127 94 3
127 95 3
127 97 3
127 98 3
127 101 3
127 102 3
127 103 3
127 106 3
127 109 3
127 115 3
127 122 3
127 123 3
127 127 3
128 2 3
128 4 3
128 5 3
128 6 3
128 7 3
128 12 3
128 16 3
128 19 3
128 21 3
128 22 3
128 23 3
128 26 3
128 27 3
128 30 3
128 34 3
128 35 3
128 37 3
128 39 3
128 42 3
128 44 3
128 46 3
128 57 3
128 59 3
128 60 3
128 63 3
128 71 3
128 77 3
128 82 3
128 83 3
128 85 3
128 90 3
128 93 3
128 95 3
128 99 3
128 100 3
128 106 3
128 107 3
128 108 3
128 110 3
128 111 3
128 113 3
128 115 3
128 116 3
128 122 3
129 3 3
129 4 3
129 14 3
129 17 3
129 18 3
129 25 3
129 29 3
129 31 3
129 34 3
129 35 3
129 39 3
129 41 3
129 42 3
129 47 3
129 50 3
129 53 3
129 55 3
129 61 3
129 65 3
129 67 3
129 69 3
129 70 3
129 72 3
129 73 3
129 74 3
129 75 3
129 79 3
129 81 3
129 83 3
129 88 3
129 92 3
129 93 3
129 94 3
129 95 3
129 96 3
129 97 3
129 99 3
129 101 3
129 102 3
129 103 3
129 104 3
129 107 3
129 109 3
129 113 3
129 116 3
129 120 3
129 124 3
129 127 3
130 2 3
130 8 3
130 9 3
130 11 3
130 20 3
130 23 3
130 27 3
130 30 3
130 34 3
130 35 3
130 41 3
130 45 3
130 52 3
130 54 3
130 57 3
130 58 3
130 62 3
130 65 3
130 66 3
130 68 3
130 72 3
130 75 3
130 80 3
130 81 3
130 82 3
130 83 3
130 89 3
130 91 3
130 92 3
130 93 3
130 94 3
130 95 3
130 96 3
130 100 3
130 101 3
130 107 3
130 109 3
130 112 3
130 113 3
130 114 3
130 116 3
130 118 3
130 119 3
130 125 3
130 126 3
130 127 3
130 128 3
130 130 3
131 6 3
131 12 3
131 15 3
131 16 3
131 21 3
131 22 3
131 23 3
131 26 3
131 27 3
131 29 3
131 31 3
131 32 3
131 44 3
131 46 3
131 49 3
131 54 3
131 56 3
131 58 3
131 61 3
131 64 3
131 72 3
131 77 3
131 78 3
131 79 3
131 82 3
131 84 3
131 85 3
131 89 3
131 94 3
131 100 3
131 101 3
131 105 3
131 114 3
131 117 3
131 121 3
131 122 3
131 123 3
131 124 3
131 126 3
131 128 3
131 129 3
132 0 3
132 4 3
132 7 3
132 8 3
132 9 3
132 14 3
132 15 3
132 16 3
132 18 3
132 19 3
132 21 3
132 22 3
132 24 3
132 25 3
132 26 3
132 29 3
132 31 3
132 32 3
132 37 3
132 40 3
132 42 3
132 44 3
132 46 3
132 53 3
132 54 3
132 56 3
132 58 3
132 59 3
132 60 3
132 63 3
132 66 3
132 67 3
132 70 3
132 72 3
132 79 3
132 84 3
132 85 3
132 86 3
132 91 3
132 100 3
132 101 3
132 105 3
132 108 3
132 110 3
132 114 3
132 116 3
132 117 3
132 118 3
132 120 3
132 123 3
132 128 3
132 129 3
133 0 3
133 1 3
133 3 3
133 5 3
133 7 3
133 9 3
133 10 3
133 11 3
133 13 3
133 17 3
133 20 3
133 22 3
133 26 3
133 27 3
133 31 3
133 32 3
133 34 3
133 36 3
133 38 3
133 40 3
133 42 3
133 43 3
133 56 3
133 58 3
133 59 3
133 61 3
133 63 3
133 66 3
133 69 3
133 73 3
133 82 3
133 84 3
133 85 3
133 86 3
133 90 3
133 99 3
133 102 3
133 103 3
133 105 3
133 108 3
133 109 3
133 110 3
133 114 3
133 115 3
133 126 3
133 128 3
133 132 3
133 133 3
134 2 3
134 3 3
134 8 3
134 9 3
134 11 3
134 16 3
134 20 3
134 24 3
134 26 3
134 28 3
134 30 3
134 32 3
134 33 3
134 36 3
134 38 3
134 39 3
134 40 3
134 41 3
134 42 3
134 43 3
134 45 3
134 47 3
134 48 3
134 51 3
134 52 3
134 54 3
134 56 3
134 67 3
134 69 3
134 73 3
134 76 3
134 81 3
134 83 3
134 85 3
134 88 3
134 90 3
134 91 3
134 92 3
134 93 3
134 96 3
134 97 3
134 110 3
134 112 3
134 114 3
134 115 3
134 116 3
134 118 3
134 120 3
134 122 3
134 124 3
134 125 3
134 126 3
134 127 3
135 6 3
135 8 3
135 12 3
135 14 3
135 15 3
135 16 3
135 19 3
135 26 3
135 29 3
135 30 3
135 31 3
135 35 3
135 36 3
135 38 3
135 40 3
135 42 3
135 44 3
135 46 3
135 49 3
135 53 3
135 55 3
135 57 3
135 58 3
135 59 3
135 61 3
135 68 3
135 72 3
135 73 3
135 78 3
135 79 3
135 81 3
135 83 3
135 84 3
135 89 3
135 92 3
135 96 3
135 98 3
135 99 3
135 104 3
135 111 3
135 115 3
135 117 3
135 119 3
135 120 3
135 122 3
135 123 3
135 124 3
135 132 3
136 5 3
136 8 3
136 16 3
136 20 3
136 23 3
136 25 3
136 35 3
136 39 3
136 47 3
136 50 3
136 51 3
136 54 3
136 55 3
136 60 3
136 61 3
136 62 3
136 63 3
136 64 3
136 65 3
136 67 3
136 79 3
136 82 3
136 83 3
136 84 3
136 86 3
136 88 3
136 93 3
136 96 3
136 98 3
136 101 3
136 102 3
136 105 3
136 106 3
136 107 3
136 111 3
136 112 3
136 113 3
136 114 3
136 119 3
136 121 3
136 125 3
136 127 3
136 129 3
136 130 3
136 132 3
136 134 3
137 1 3
137 2 3
137 9 3
137 14 3
137 16 3
137 20 3
137 21 3
137 25 3
137 30 3
137 33 3
137 35 3
137 38 3
137 41 3
137 43 3
137 46 3
137 50 3
137 51 3
137 54 3
137 55 3
137 65 3
137 66 3
137 67 3
137 74 3
137 75 3
137 77 3
137 80 3
137 82 3
137 83 3
137 85 3
137 87 3
137 89 3
137 91 3
137 92 3
137 93 3
137 95 3
137 97 3
137 100 3
137 104 3
137 105 3
137 107 3
137 111 3
137 113 3
137 114 3
137 116 3
137 118 3
137 119 3
137 120 3
137 121 3
137 125 3
137 126 3
137 128 3
137 134 3
137 137 3
138 0 3
138 3 3
138 5 3
138 8 3
138 10 3
138 11 3
138 14 3
138 16 3
138 21 3
138 23 3
138 24 3
138 27 3
138 32 3
138 35 3
138 36 3
138 40 3
138 42 3
138 44 3
138 45 3
138 47 3
138 49 3
138 54 3
138 57 3
138 60 3
138 63 3
138 68 3
138 69 3
138 72 3
138 79 3
138 80 3
138 84 3
138 85 3
138 89 3
138 90 3
138 98 3
138 100 3
138 101 3
138 106 3
138 108 3
138 115 3
138 117 3
138 118 3
138 121 3
138 122 3
138 123 3
138 124 3
138 128 3
138 131 3
138 133 3
138 134 3
139 7 3
139 9 3
139 11 3
139 12 3
139 18 3
139 20 3
139 23 3
139 34 3
139 40 3
139 43 3
139 46 3
139 48 3
139 50 3
139 52 3
139 53 3
139 54 3
139 55 3
139 62 3
139 63 3
139 64 3
139 65 3
139 68 3
139 71 3
139 74 3
139 75 3
139 80 3
139 85 3
139 86 3
139 89 3
139 92 3
139 93 3
139 98 3
139 99 3
139 101 3
139 102 3
139 106 3
139 107 3
139 109 3
139 111 3
139 112 3
139 116 3
139 120 3
139 121 3
139 125 3
139 127 3
139 129 3
139 133 3
139 134 3
139 135 3
139 137 3
139 138 3
139 139 3
140 0 3
140 1 3
140 7 3
140 8 3
140 12 3
140 16 3
140 18 3
140 23 3
140 24 3
140 25 3
140 27 3
140 28 3
140 37 3
140 38 3
140 48 3
140 51 3
140 52 3
140 53 3
140 54 3
140 61 3
140 68 3
140 69 3
140 79 3
140 80 3
140 84 3
140 86 3
140 88 3
140 89 3
140 91 3
140 93 3
140 94 3
140 96 3
140 104 3
140 106 3
140 108 3
140 109 3
140 111 3
140 112 3
140 114 3
140 115 3
140 116 3
140 123 3
140 125 3
140 126 3
140 127 3
140 129 3
140 131 3
140 137 3
140 140 3
141 0 3
141 3 3
141 4 3
141 5 3
141 6 3
141 7 3
141 8 3
141 22 3
141 23 3
141 26 3
141 27 3
141 31 3
141 36 3
141 38 3
141 40 3
141 42 3
141 43 3
141 49 3
141 51 3
141 53 3
141 56 3
141 58 3
141 64 3
141 65 3
141 68 3
141 72 3
141 77 3
141 78 3
141 79 3
141 80 3
141 82 3
141 85 3
141 88 3
141 90 3
141 91 3
141 98 3
141 102 3
141 104 3
141 109 3
141 110 3
141 111 3
141 116 3
141 122 3
141 124 3
141 130 3
141 131 3
141 132 3
141 133 3
141 134 3
141 135 3
141 138 3
141 141 3
142 1 3
142 3 3
142 7 3
142 8 3
142 12 3
142 14 3
142 27 3
142 33 3
142 35 3
142 37 3
142 38 3
142 39 3
142 45 3
142 47 3
142 49 3
142 51 3
142 52 3
142 61 3
142 62 3
142 64 3
142 65 3
142 69 3
142 73 3
142 76 3
142 77 3
142 78 3
142 81 3
142 83 3
142 84 3
142 87 3
142 88 3
142 89 3
142 92 3
142 95 3
142 97 3
142 99 3
142 100 3
142 107 3
142 113 3
142 118 3
142 119 3
142 121 3
142 122 3
142 125 3
142 127 3
142 129 3
142 130 3
142 139 3
142 140 3
142 141 3
142 142 3
143 0 3
143 4 3
143 5 3
143 6 3
143 17 3
143 20 3
143 22 3
143 26 3
143 29 3
143 30 3
143 32 3
143 36 3
143 40 3
143 42 3
143 45 3
143 46 3
143 47 3
143 49 3
143 54 3
143 56 3
143 57 3
143 59 3
143 61 3
143 62 3
143 66 3
143 67 3
143 69 3
143 72 3
143 77 3
143 79 3
143 80 3
143 84 3
143 85 3
143 87 3
143 89 3
143 95 3
143 97 3
143 98 3
143 99 3
143 100 3
143 102 3
143 104 3
143 105 3
143 109 3
143 111 3
143 112 3
143 114 3
143 117 3
143 123 3
143 128 3
143 131 3
143 132 3
143 133 3
143 136 3
143 140 3
143 141 3
144 2 3
144 4 3
144 5 3
144 6 3
144 13 3
144 14 3
144 18 3
144 19 3
144 21 3
144 22 3
144 23 3
144 26 3
144 28 3
144 32 3
144 39 3
144 40 3
144 42 3
144 44 3
144 45 3
144 47 3
144 49 3
144 52 3
144 57 3
144 58 3
144 60 3
144 61 3
144 64 3
144 66 3
144 67 3
144 72 3
144 74 3
144 82 3
144 84 3
144 85 3
144 86 3
144 88 3
144 90 3
144 96 3
144 99 3
144 100 3
144 103 3
144 105 3
144 108 3
144 110 3
144 116 3
144 117 3
144 120 3
144 122 3
144 123 3
144 126 3
144 128 3
144 132 3
144 133 3
144 136 3
144 140 3
144 141 3
144 142 3
145 0 3
145 4 3
145 5 3
145 6 3
145 10 3
145 11 3
145 14 3
145 16 3
145 25 3
145 29 3
145 38 3
145 39 3
145 42 3
145 53 3
145 56 3
145 58 3
145 60 3
145 63 3
145 64 3
145 65 3
145 70 3
145 72 3
145 78 3
145 79 3
145 84 3
145 88 3
145 90 3
145 91 3
145 93 3
145 98 3
145 99 3
145 101 3
145 104 3
145 110 3
145 111 3
145 115 3
145 117 3
145 118 3
145 122 3
145 124 3
145 128 3
145 133 3
145 138 3
145 141 3
145 143 3
146 0 3
146 1 3
146 8 3
146 9 3
146 16 3
146 23 3
146 24 3
146 25 3
146 28 3
146 31 3
146 34 3
146 35 3
146 39 3
146 45 3
146 46 3
146 48 3
146 51 3
146 52 3
146 55 3
146 57 3
146 58 3
146 64 3
146 66 3
146 67 3
146 68 3
146 69 3
146 71 3
146 72 3
146 75 3
146 76 3
146 79 3
146 89 3
146 91 3
146 92 3
146 94 3
146 96 3
146 99 3
146 101 3
146 102 3
146 103 3
146 107 3
146 111 3
146 113 3
146 114 3
146 115 3
146 120 3
146 121 3
146 122 3
146 125 3
146 127 3
146 136 3
146 137 3
146 139 3
146 140 3
146 144 3
146 145 3
146 146 3
147 0 3
147 2 3
147 3 3
147 4 3
147 7 3
147 11 3
147 12 3
147 17 3
147 18 3
147 21 3
147 22 3
147 24 3
147 27 3
147 28 3
147 30 3
147 33 3
147 35 3
147 36 3
147 45 3
147 46 3
147 47 3
147 49 3
147 50 3
147 51 3
147 54 3
147 62 3
147 67 3
147 69 3
147 80 3
147 81 3
147 86 3
147 93 3
147 95 3
147 96 3
147 97 3
147 98 3
147 102 3
147 103 3
147 104 3
147 113 3
147 115 3
147 116 3
147 118 3
147 120 3
147 121 3
147 125 3
147 126 3
147 130 3
147 137 3
147 139 3
147 141 3
147 142 3
148 2 3
148 8 3
148 9 3
148 11 3
148 13 3
148 17 3
148 21 3
148 23 3
148 24 3
148 25 3
148 29 3
148 33 3
148 36 3
148 37 3
148 38 3
148 39 3
148 42 3
148 44 3
148 46 3
148 51 3
148 52 3
148 58 3
148 63 3
148 64 3
148 65 3
148 67 3
148 69 3
148 81 3
148 82 3
148 83 3
148 84 3
148 85 3
148 87 3
148 88 3
148 90 3
148 94 3
148 95 3
148 98 3
148 102 3
148 105 3
148 109 3
148 111 3
148 117 3
148 118 3
148 119 3
148 121 3
148 123 3
148 124 3
148 131 3
148 133 3
148 134 3
148 136 3
148 145 3
148 148 3
149 0 3
149 1 3
149 2 3
149 4 3
149 6 3
149 8 3
149 13 3
149 14 3
149 15 3
149 29 3
149 30 3
149 32 3
149 33 3
149 37 3
149 40 3
149 42 3
149 43 3
149 44 3
149 53 3
149 61 3
149 62 3
149 64 3
149 66 3
149 69 3
149 71 3
149 73 3
149 77 3
149 78 3
149 79 3
149 83 3
149 87 3
149 90 3
149 94 3
149 97 3
149 99 3
149 100 3
149 104 3
149 107 3
149 110 3
149 112 3
149 117 3
149 119 3
149 121 3
149 123 3
149 132 3
149 133 3
149 135 3
149 138 3
149 141 3
149 144 3
149 145 3
149 148 3
149 149 3
150 0 3
150 1 3
150 8 3
150 10 3
150 14 3
150 15 3
150 17 3
150 24 3
150 25 3
150 28 3
150 30 3
150 38 3
150 39 3
150 40 3
150 41 3
150 46 3
150 51 3
150 54 3
150 55 3
150 57 3
150 59 3
150 65 3
150 70 3
150 71 3
150 73 3
150 76 3
150 79 3
150 85 3
150 87 3
150 88 3
150 91 3
150 94 3
150 95 3
150 99 3
150 100 3
150 101 3
150 102 3
150 105 3
150 107 3
150 114 3
150 115 3
150 119 3
150 120 3
150 121 3
150 125 3
150 126 3
150 127 3
150 129 3
150 137 3
150 139 3
150 140 3
150 142 3
150 147 3
150 148 3
151 8 3
151 10 3
151 22 3
151 23 3
151 28 3
151 29 3
151 32 3
151 34 3
151 35 3
151 37 3
151 41 3
151 42 3
151 46 3
151 50 3
151 55 3
151 58 3
151 60 3
151 63 3
151 64 3
151 75 3
151 81 3
151 83 3
151 84 3
151 85 3
151 88 3
151 89 3
151 90 3
151 94 3
151 97 3
151 99 3
151 102 3
151 109 3
151 111 3
151 114 3
151 117 3
151 119 3
151 120 3
151 122 3
151 124 3
151 133 3
151 136 3
151 137 3
151 145 3
151 148 3
151 151 3
152 0 3
152 1 3
152 4 3
152 6 3
152 13 3
152 15 3
152 16 3
152 21 3
152 31 3
152 32 3
152 33 3
152 35 3
152 37 3
152 39 3
152 40 3
152 42 3
152 46 3
152 49 3
152 57 3
152 58 3
152 59 3
152 60 3
152 61 3
152 64 3
152 67 3
152 68 3
152 70 3
152 71 3
152 76 3
152 83 3
152 86 3
152 90 3
152 91 3
152 92 3
152 99 3
152 100 3
152 105 3
152 106 3
152 107 3
152 108 3
152 109 3
152 111 3
152 117 3
152 122 3
152 123 3
152 128 3
152 131 3
152 135 3
152 140 3
152 141 3
152 143 3
153 2 3
153 6 3
153 7 3
153 9 3
153 12 3
153 13 3
153 14 3
153 20 3
153 24 3
153 27 3
153 30 3
153 33 3
153 35 3
153 38 3
153 45 3
153 51 3
153 53 3
153 54 3
153 55 3
153 57 3
153 65 3
153 67 3
153 72 3
153 74 3
153 75 3
153 78 3
153 80 3
153 81 3
153 92 3
153 94 3
153 95 3
153 97 3
153 99 3
153 101 3
153 103 3
153 106 3
153 107 3
153 110 3
153 112 3
153 114 3
153 118 3
153 119 3
153 120 3
153 121 3
153 123 3
153 124 3
153 126 3
153 127 3
153 128 3
153 129 3
153 130 3
153 132 3
153 134 3
153 136 3
153 139 3
153 150 3
153 153 3
154 0 3
154 1 3
154 3 3
154 9 3
154 11 3
154 12 3
154 17 3
154 18 3
154 24 3
154 28 3
154 33 3
154 37 3
154 39 3
154 43 3
154 44 3
154 45 3
154 48 3
154 50 3
154 51 3
154 53 3
154 54 3
154 55 3
154 70 3
154 76 3
154 82 3
154 86 3
154 87 3
154 88 3
154 91 3
154 93 3
154 94 3
154 99 3
154 103 3
154 104 3
154 112 3
154 115 3
154 116 3
154 120 3
154 121 3
154 124 3
154 125 3
154 126 3
154 127 3
154 137 3
154 146 3
154 150 3
154 153 3
154 154 3
155 9 3
155 11 3
155 13 3
155 15 3
155 21 3
155 24 3
155 29 3
155 31 3
155 32 3
155 33 3
155 44 3
155 46 3
155 50 3
155 51 3
155 52 3
155 53 3
155 58 3
155 59 3
155 60 3
155 61 3
155 64 3
155 65 3
155 68 3
155 72 3
155 75 3
155 77 3
155 79 3
155 82 3
155 89 3
155 90 3
155 92 3
155 98 3
155 99 3
155 100 3
155 102 3
155 105 3
155 106 3
155 108 3
155 109 3
155 110 3
155 111 3
155 115 3
155 122 3
155 126 3
155 131 3
155 132 3
155 143 3
155 145 3
155 148 3
155 149 3
155 150 3
155 151 3
155 155 3
156 1 3
156 2 3
156 3 3
156 7 3
156 10 3
156 12 3
156 13 3
156 20 3
156 23 3
156 24 3
156 28 3
156 30 3
156 34 3
156 37 3
156 38 3
156 39 3
156 43 3
156 45 3
156 48 3
156 53 3
156 63 3
156 67 3
156 69 3
156 70 3
156 71 3
156 73 3
156 74 3
156 75 3
156 76 3
156 78 3
156 81 3
156 82 3
156 83 3
156 87 3
156 97 3
156 100 3
156 101 3
156 107 3
156 114 3
156 116 3
156 119 3
156 120 3
156 121 3
156 126 3
156 134 3
156 136 3
156 138 3
156 146 3
156 148 3
156 152 3
156 153 3
157 1 3
157 2 3
157 3 3
157 7 3
157 9 3
157 11 3
157 20 3
157 24 3
157 27 3
157 28 3
157 32 3
157 33 3
157 34 3
157 35 3
157 39 3
157 40 3
157 41 3
157 44 3
157 45 3
157 50 3
157 53 3
157 54 3
157 55 3
157 57 3
157 64 3
157 65 3
157 66 3
157 67 3
157 69 3
157 74 3
157 75 3
157 78 3
157 80 3
157 81 3
157 82 3
157 85 3
157 86 3
157 87 3
157 88 3
157 92 3
157 93 3
157 94 3
157 95 3
157 96 3
157 97 3
157 103 3
157 105 3
157 107 3
157 112 3
157 114 3
157 115 3
157 117 3
157 119 3
157 120 3
157 122 3
157 125 3
157 126 3
157 127 3
157 130 3
157 135 3
157 140 3
157 143 3
157 146 3
157 147 3
157 149 3
157 150 3
157 154 3
157 157 3
158 1 3
158 4 3
158 5 3
158 6 3
158 10 3
158 14 3
158 15 3
158 16 3
158 19 3
158 21 3
158 22 3
158 27 3
158 30 3
158 31 3
158 32 3
158 33 3
158 39 3
158 42 3
158 44 3
158 48 3
158 58 3
158 59 3
158 63 3
158 64 3
158 65 3
158 66 3
158 68 3
158 72 3
158 75 3
158 83 3
158 85 3
158 92 3
158 96 3
158 98 3
158 99 3
158 100 3
158 102 3
158 105 3
158 106 3
158 108 3
158 109 3
158 110 3
158 117 3
158 122 3
158 124 3
158 132 3
158 134 3
158 138 3
158 142 3
158 143 3
158 144 3
158 145 3
158 148 3
158 150 3
158 151 3
158 152 3
158 155 3
158 157 3
159 0 3
159 2 3
159 6 3
159 8 3
159 11 3
159 14 3
159 17 3
159 18 3
159 20 3
159 23 3
159 25 3
159 30 3
159 34 3
159 35 3
159 38 3
159 41 3
159 46 3
159 50 3
159 58 3
159 66 3
159 67 3
159 69 3
159 70 3
159 74 3
159 76 3
159 77 3
159 86 3
159 88 3
159 95 3
159 96 3
159 98 3
159 100 3
159 104 3
159 108 3
159 112 3
159 113 3
159 116 3
159 119 3
159 120 3
159 127 3
159 129 3
159 131 3
159 133 3
159 134 3
159 140 3
159 142 3
159 146 3
159 148 3
159 156 3
159 158 3
159 159 3
160 4 3
160 5 3
160 6 3
160 14 3
160 19 3
160 21 3
160 22 3
160 26 3
160 29 3
160 32 3
160 33 3
160 36 3
160 37 3
160 38 3
160 39 3
160 45 3
160 49 3
160 51 3
160 56 3
160 57 3
160 58 3
160 59 3
160 60 3
160 61 3
160 63 3
160 65 3
160 66 3
160 68 3
160 73 3
160 77 3
160 79 3
160 80 3
160 81 3
160 83 3
160 84 3
160 85 3
160 97 3
160 98 3
160 105 3
160 106 3
160 108 3
160 111 3
160 112 3
160 117 3
160 120 3
160 123 3
160 124 3
160 127 3
160 128 3
160 131 3
160 132 3
160 136 3
160 137 3
160 138 3
160 143 3
160 145 3
160 148 3
160 151 3
160 152 3
160 155 3
160 156 3
160 158 3
161 3 3
161 9 3
161 10 3
161 11 3
161 15 3
161 23 3
161 24 3
161 27 3
161 30 3
161 32 3
161 33 3
161 36 3
161 38 3
161 39 3
161 41 3
161 43 3
161 45 3
161 48 3
161 51 3
161 54 3
161 55 3
161 58 3
161 65 3
161 67 3
161 68 3
161 73 3
161 74 3
161 75 3
161 80 3
161 84 3
161 85 3
161 92 3
161 93 3
161 96 3
161 98 3
161 102 3
161 106 3
161 110 3
161 113 3
161 115 3
161 116 3
161 120 3
161 125 3
161 132 3
161 136 3
161 139 3
161 140 3
161 142 3
161 143 3
161 147 3
161 148 3
161 150 3
161 151 3
161 161 3
162 1 3
162 2 3
162 3 3
162 9 3
162 12 3
162 16 3
162 17 3
162 20 3
162 21 3
162 25 3
162 30 3
162 31 3
162 34 3
162 35 3
162 39 3
162 45 3
162 47 3
162 52 3
162 54 3
162 55 3
162 61 3
162 64 3
162 67 3
162 69 3
162 70 3
162 76 3
162 78 3
162 79 3
162 82 3
162 85 3
162 88 3
162 89 3
162 93 3
162 94 3
162 96 3
162 97 3
162 107 3
162 112 3
162 114 3
162 115 3
162 118 3
162 120 3
162 123 3
162 124 3
162 125 3
162 126 3
162 129 3
162 136 3
162 137 3
162 140 3
162 142 3
162 147 3
162 149 3
162 154 3
162 156 3
162 157 3
162 161 3
162 162 3
163 3 3
163 4 3
163 8 3
163 11 3
163 12 3
163 23 3
163 25 3
163 27 3
163 28 3
163 29 3
163 31 3
163 35 3
163 39 3
163 50 3
163 62 3
163 69 3
163 70 3
163 73 3
163 78 3
163 81 3
163 82 3
163 85 3
163 86 3
163 88 3
163 89 3
163 90 3
163 92 3
163 93 3
163 100 3
163 101 3
163 102 3
163 109 3
163 110 3
163 112 3
163 113 3
163 114 3
163 115 3
163 116 3
163 118 3
163 121 3
163 122 3
163 123 3
163 125 3
163 129 3
163 130 3
163 134 3
163 137 3
163 138 3
163 139 3
163 143 3
163 147 3
163 157 3
163 159 3
163 160 3
164 0 3
164 4 3
164 10 3
164 13 3
164 21 3
164 25 3
164 26 3
164 27 3
164 29 3
164 32 3
164 36 3
164 37 3
164 40 3
164 46 3
164 49 3
164 54 3
164 56 3
164 63 3
164 86 3
164 94 3
164 98 3
164 99 3
164 104 3
164 105 3
164 110 3
164 111 3
164 112 3
164 114 3
164 122 3
164 123 3
164 131 3
164 136 3
164 139 3
164 140 3
164 141 3
164 143 3
164 145 3
164 149 3
164 151 3
164 153 3
164 155 3
164 157 3
164 158 3
164 160 3
164 164 3
165 6 3
165 12 3
165 13 3
165 17 3
165 24 3
165 25 3
165 27 3
165 28 3
165 29 3
165 30 3
165 33 3
165 34 3
165 36 3
165 38 3
165 41 3
165 44 3
165 47 3
165 48 3
165 51 3
165 52 3
165 56 3
165 62 3
165 63 3
165 65 3
165 66 3
165 67 3
165 71 3
165 75 3
165 80 3
165 83 3
165 87 3
165 88 3
165 91 3
165 92 3
165 95 3
165 96 3
165 97 3
165 98 3
165 103 3
165 107 3
165 108 3
165 110 3
165 113 3
165 115 3
165 118 3
165 121 3
165 127 3
165 129 3
165 134 3
165 137 3
165 139 3
165 140 3
165 141 3
165 142 3
165 146 3
165 148 3
165 151 3
165 154 3
165 157 3
165 161 3
165 162 3
165 164 3
166 0 3
166 1 3
166 2 3
166 4 3
166 6 3
166 7 3
166 10 3
166 13 3
166 14 3
166 16 3
166 19 3
166 21 3
166 22 3
166 23 3
166 28 3
166 30 3
166 31 3
166 32 3
166 37 3
166 39 3
166 40 3
166 42 3
166 43 3
166 44 3
166 45 3
166 46 3
166 47 3
166 49 3
166 57 3
166 58 3
166 59 3
166 62 3
166 66 3
166 71 3
166 73 3
166 81 3
166 82 3
166 84 3
166 85 3
166 90 3
166 91 3
166 97 3
166 98 3
166 99 3
166 100 3
166 107 3
166 108 3
166 110 3
166 115 3
166 123 3
166 124 3
166 131 3
166 132 3
166 135 3
166 140 3
166 141 3
166 143 3
166 146 3
166 148 3
166 149 3
166 151 3
166 152 3
166 158 3
166 163 3
166 165 3
167 5 3
167 7 3
167 15 3
167 19 3
167 20 3
167 22 3
167 26 3
167 31 3
167 32 3
167 39 3
167 40 3
167 41 3
167 49 3
167 52 3
167 54 3
167 59 3
167 60 3
167 61 3
167 63 3
167 64 3
167 71 3
167 72 3
167 74 3
167 79 3
167 80 3
167 84 3
167 98 3
167 99 3
167 104 3
167 106 3
167 110 3
167 116 3
167 117 3
167 120 3
167 122 3
167 123 3
167 125 3
167 126 3
167 127 3
167 132 3
167 133 3
167 139 3
167 143 3
167 144 3
167 149 3
167 151 3
167 157 3
167 160 3
167 161 3
167 164 3
167 166 3
168 0 3
168 5 3
168 13 3
168 14 3
168 15 3
168 16 3
168 21 3
168 23 3
168 26 3
168 27 3
168 30 3
168 31 3
168 32 3
168 40 3
168 41 3
168 42 3
168 44 3
168 45 3
168 47 3
168 52 3
168 56 3
168 61 3
168 63 3
168 65 3
168 66 3
168 68 3
168 70 3
168 72 3
168 78 3
168 79 3
168 83 3
168 84 3
168 88 3
168 90 3
168 96 3
168 98 3
168 99 3
168 108 3
168 109 3
168 110 3
168 111 3
168 112 3
168 117 3
168 123 3
168 131 3
168 133 3
168 138 3
168 139 3
168 141 3
168 142 3
168 145 3
168 146 3
168 148 3
168 151 3
168 153 3
168 155 3
168 157 3
168 165 3
168 166 3
168 168 3
169 1 3
169 2 3
169 3 3
169 7 3
169 12 3
169 14 3
169 15 3
169 16 3
169 17 3
169 18 3
169 22 3
169 24 3
169 27 3
169 30 3
169 32 3
169 37 3
169 38 3
169 39 3
169 41 3
169 42 3
169 44 3
169 45 3
169 46 3
169 47 3
169 50 3
169 52 3
169 53 3
169 55 3
169 58 3
169 59 3
169 61 3
169 62 3
169 65 3
169 69 3
169 70 3
169 73 3
169 75 3
169 80 3
169 86 3
169 87 3
169 93 3
169 94 3
169 97 3
169 101 3
169 103 3
169 107 3
169 112 3
169 113 3
169 115 3
169 116 3
169 117 3
169 118 3
169 119 3
169 121 3
169 126 3
169 127 3
169 130 3
169 136 3
169 140 3
169 141 3
169 147 3
169 150 3
169 154 3
169 156 3
169 157 3
169 159 3
169 163 3
169 165 3
169 169 3
170 1 3
170 7 3
170 8 3
170 12 3
170 13 3
170 14 3
170 16 3
170 18 3
170 23 3
170 24 3
170 25 3
170 26 3
170 33 3
170 35 3
170 41 3
170 43 3
170 46 3
170 50 3
170 52 3
170 53 3
170 55 3
170 58 3
170 61 3
170 67 3
170 72 3
170 74 3
170 75 3
170 76 3
170 84 3
170 87 3
170 94 3
170 95 3
170 101 3
170 107 3
170 110 3
170 115 3
170 118 3
170 119 3
170 120 3
170 127 3
170 129 3
170 130 3
170 134 3
170 138 3
170 139 3
170 143 3
170 146 3
170 148 3
170 151 3
170 154 3
170 158 3
170 162 3
170 163 3
170 165 3
170 167 3
170 170 3
171 0 3
171 1 3
171 4 3
171 6 3
171 13 3
171 14 3
171 15 3
171 16 3
171 21 3
171 24 3
171 25 3
171 26 3
171 32 3
171 37 3
171 44 3
171 49 3
171 53 3
171 55 3
171 56 3
171 57 3
171 58 3
171 61 3
171 66 3
171 67 3
171 69 3
171 71 3
171 73 3
171 74 3
171 77 3
171 78 3
171 83 3
171 86 3
171 88 3
171 91 3
171 96 3
171 97 3
171 99 3
171 104 3
171 105 3
171 108 3
171 109 3
171 110 3
171 111 3
171 112 3
171 120 3
171 121 3
171 122 3
171 125 3
171 129 3
171 131 3
171 132 3
171 135 3
171 147 3
171 149 3
171 152 3
171 157 3
171 158 3
171 160 3
171 164 3
171 165 3
171 167 3
171 168 3
171 171 3
172 0 3
172 3 3
172 7 3
172 8 3
172 11 3
172 15 3
172 18 3
172 19 3
172 25 3
172 29 3
172 30 3
172 38 3
172 47 3
172 48 3
172 51 3
172 52 3
172 60 3
172 62 3
172 65 3
172 69 3
172 70 3
172 73 3
172 74 3
172 75 3
172 83 3
172 87 3
172 89 3
172 90 3
172 91 3
172 92 3
172 94 3
172 98 3
172 101 3
172 105 3
172 106 3
172 107 3
172 111 3
172 112 3
172 113 3
172 115 3
172 117 3
172 121 3
172 125 3
172 127 3
172 129 3
172 130 3
172 132 3
172 134 3
172 136 3
172 137 3
172 140 3
172 141 3
172 142 3
172 145 3
172 146 3
172 149 3
172 153 3
172 154 3
172 162 3
172 163 3
172 164 3
172 165 3
172 166 3
172 170 3
172 172 3
173 5 3
173 10 3
173 14 3
173 16 3
173 18 3
173 22 3
173 24 3
173 28 3
173 31 3
173 32 3
173 37 3
173 42 3
173 44 3
173 45 3
173 47 3
173 49 3
173 51 3
173 53 3
173 55 3
173 59 3
173 61 3
173 63 3
173 64 3
173 65 3
173 68 3
173 71 3
173 72 3
173 73 3
173 78 3
173 79 3
173 82 3
173 83 3
173 85 3
173 93 3
173 95 3
173 96 3
173 98 3
173 99 3
173 100 3
173 107 3
173 108 3
173 112 3
173 113 3
173 118 3
173 119 3
173 123 3
173 126 3
173 128 3
173 133 3
173 138 3
173 140 3
173 141 3
173 148 3
173 150 3
173 151 3
173 154 3
173 158 3
173 159 3
173 160 3
173 164 3
173 165 3
173 168 3
173 170 3
173 171 3
174 0 3
174 12 3
174 20 3
174 24 3
174 25 3
174 26 3
174 27 3
174 28 3
174 33 3
174 36 3
174 39 3
174 41 3
174 45 3
174 47 3
174 48 3
174 50 3
174 52 3
174 69 3
174 70 3
174 73 3
174 74 3
174 85 3
174 86 3
174 87 3
174 89 3
174 90 3
174 91 3
174 94 3
174 97 3
174 104 3
174 106 3
174 107 3
174 109 3
174 114 3
174 115 3
174 118 3
174 119 3
174 124 3
174 125 3
174 127 3
174 128 3
174 132 3
174 135 3
174 137 3
174 140 3
174 142 3
174 145 3
174 146 3
174 147 3
174 154 3
174 157 3
174 159 3
174 160 3
174 161 3
174 162 3
174 165 3
174 169 3
174 170 3
174 173 3
175 4 3
175 5 3
175 7 3
175 10 3
175 11 3
175 13 3
175 14 3
175 15 3
175 16 3
175 23 3
175 29 3
175 31 3
175 32 3
175 33 3
175 40 3
175 46 3
175 49 3
175 56 3
175 61 3
175 62 3
175 64 3
175 67 3
175 71 3
175 72 3
175 74 3
175 81 3
175 82 3
175 85 3
175 86 3
175 93 3
175 99 3
175 100 3
175 102 3
175 107 3
175 109 3
175 116 3
175 122 3
175 123 3
175 137 3
175 138 3
175 139 3
175 140 3
175 141 3
175 143 3
175 144 3
175 145 3
175 147 3
175 149 3
175 151 3
175 154 3
175 155 3
175 158 3
175 159 3
175 160 3
175 162 3
175 168 3
175 173 3
175 174 3
176 1 3
176 2 3
176 8 3
176 11 3
176 18 3
176 19 3
176 20 3
176 21 3
176 23 3
176 24 3
176 25 3
176 32 3
176 41 3
176 43 3
176 45 3
176 52 3
176 54 3
176 55 3
176 61 3
176 65 3
176 68 3
176 70 3
176 84 3
176 86 3
176 87 3
176 90 3
176 91 3
176 92 3
176 95 3
176 96 3
176 97 3
176 103 3
176 114 3
176 115 3
176 117 3
176 118 3
176 119 3
176 120 3
176 122 3
176 126 3
176 130 3
176 140 3
176 141 3
176 142 3
176 144 3
176 147 3
176 157 3
176 160 3
176 161 3
176 162 3
176 163 3
176 169 3
176 170 3
176 175 3
176 176 3
177 2 3
177 4 3
177 8 3
177 14 3
177 15 3
177 19 3
177 20 3
177 22 3
177 29 3
177 31 3
177 35 3
177 37 3
177 40 3
177 41 3
177 42 3
177 43 3
177 44 3
177 46 3
177 47 3
177 48 3
177 49 3
177 56 3
177 61 3
177 68 3
177 70 3
177 71 3
177 77 3
177 78 3
177 82 3
177 83 3
177 84 3
177 85 3
177 90 3
177 94 3
177 96 3
177 97 3
177 98 3
177 99 3
177 100 3
177 102 3
177 103 3
177 105 3
177 110 3
177 111 3
177 117 3
177 122 3
177 123 3
177 124 3
177 128 3
177 131 3
177 132 3
177 135 3
177 138 3
177 143 3
177 148 3
177 149 3
177 152 3
177 155 3
177 158 3
177 159 3
177 161 3
177 164 3
177 166 3
177 171 3
177 173 3
177 176 3
177 177 3
178 1 3
178 5 3
178 6 3
178 7 3
178 8 3
178 9 3
178 17 3
178 19 3
178 22 3
178 24 3
178 26 3
178 30 3
178 33 3
178 34 3
178 39 3
178 41 3
178 42 3
178 45 3
178 47 3
178 48 3
178 50 3
178 51 3
178 54 3
178 55 3
178 56 3
178 62 3
178 65 3
178 67 3
178 69 3
178 70 3
178 74 3
178 75 3
178 76 3
178 87 3
178 88 3
178 89 3
178 93 3
178 95 3
178 100 3
178 101 3
178 102 3
178 104 3
178 105 3
178 107 3
178 112 3
178 113 3
178 115 3
178 116 3
178 118 3
178 119 3
178 122 3
178 124 3
178 125 3
178 126 3
178 127 3
178 134 3
178 135 3
178 136 3
178 147 3
178 150 3
178 152 3
178 156 3
178 157 3
178 159 3
178 170 3
178 172 3
178 173 3
179 2 3
179 4 3
179 5 3
179 6 3
179 10 3
179 12 3
179 13 3
179 14 3
179 21 3
179 23 3
179 25 3
179 31 3
179 40 3
179 46 3
179 49 3
179 51 3
179 53 3
179 54 3
179 56 3
179 57 3
179 59 3
179 60 3
179 61 3
179 64 3
179 66 3
179 77 3
179 79 3
179 82 3
179 83 3
179 84 3
179 85 3
179 88 3
179 98 3
179 100 3
179 105 3
179 107 3
179 108 3
179 109 3
179 111 3
179 116 3
179 121 3
179 122 3
179 124 3
179 129 3
179 132 3
179 133 3
179 135 3
179 136 3
179 138 3
179 144 3
179 146 3
179 148 3
179 149 3
179 151 3
179 158 3
179 160 3
179 166 3
179 170 3
179 174 3
179 177 3
180 5 3
180 7 3
180 10 3
180 15 3
180 16 3
180 18 3
180 20 3
180 22 3
180 23 3
180 26 3
180 30 3
180 31 3
180 36 3
180 37 3
180 38 3
180 40 3
180 42 3
180 45 3
180 46 3
180 51 3
180 53 3
180 54 3
180 55 3
180 56 3
180 57 3
180 59 3
180 61 3
180 64 3
180 66 3
180 67 3
180 68 3
180 71 3
180 72 3
180 75 3
180 78 3
180 89 3
180 90 3
180 94 3
180 99 3
180 100 3
180 102 3
180 104 3
180 105 3
180 110 3
180 112 3
180 117 3
180 122 3
180 123 3
180 125 3
180 127 3
180 128 3
180 131 3
180 133 3
180 134 3
180 135 3
180 136 3
180 138 3
180 139 3
180 141 3
180 143 3
180 144 3
180 149 3
180 150 3
180 151 3
180 152 3
180 156 3
180 158 3
180 162 3
180 163 3
180 164 3
180 165 3
180 166 3
180 167 3
180 169 3
180 171 3
180 176 3
180 177 3
180 179 3
180 180 3
181 0 3
181 1 3
181 6 3
181 7 3
181 9 3
181 10 3
181 11 3
181 12 3
181 14 3
181 15 3
181 16 3
181 20 3
181 21 3
181 22 3
181 23 3
181 24 3
181 32 3
181 37 3
181 38 3
181 40 3
181 44 3
181 46 3
181 56 3
181 57 3
181 58 3
181 59 3
181 71 3
181 72 3
181 74 3
181 75 3
181 77 3
181 78 3
181 79 3
181 82 3
181 84 3
181 91 3
181 92 3
181 98 3
181 99 3
181 100 3
181 101 3
181 102 3
181 108 3
181 109 3
181 111 3
181 112 3
181 113 3
181 117 3
181 124 3
181 131 3
181 138 3
181 142 3
181 152 3
181 158 3
181 160 3
181 161 3
181 163 3
181 164 3
181 168 3
181 171 3
181 173 3
181 174 3
181 175 3
181 176 3
181 177 3
181 179 3
181 181 3
182 1 3
182 2 3
182 3 3
182 4 3
182 7 3
182 8 3
182 9 3
182 10 3
182 17 3
182 18 3
182 21 3
182 27 3
182 28 3
182 30 3
182 31 3
182 38 3
182 43 3
182 45 3
182 46 3
182 47 3
182 48 3
182 49 3
182 50 3
182 52 3
182 53 3
182 54 3
182 55 3
182 57 3
182 62 3
182 71 3
182 73 3
182 74 3
182 75 3
182 76 3
182 80 3
182 83 3
182 87 3
182 89 3
182 90 3
182 91 3
182 93 3
182 95 3
182 97 3
182 101 3
182 104 3
182 107 3
182 112 3
182 113 3
182 114 3
182 115 3
182 116 3
182 118 3
182 119 3
182 120 3
182 123 3
182 126 3
182 139 3
182 140 3
182 144 3
182 147 3
182 153 3
182 161 3
182 162 3
182 163 3
182 165 3
182 168 3
182 171 3
182 173 3
182 174 3
182 176 3
183 1 3
183 2 3
183 9 3
183 12 3
183 18 3
183 19 3
183 20 3
183 24 3
183 25 3
183 33 3
183 35 3
183 36 3
183 42 3
183 47 3
183 50 3
183 53 3
183 54 3
183 55 3
183 56 3
183 62 3
183 64 3
183 66 3
183 69 3
183 73 3
183 75 3
183 76 3
183 78 3
183 81 3
183 83 3
183 87 3
183 89 3
183 93 3
183 94 3
183 96 3
183 99 3
183 101 3
183 104 3
183 107 3
183 108 3
183 109 3
183 110 3
183 115 3
183 118 3
183 119 3
183 126 3
183 127 3
183 128 3
183 129 3
183 130 3
183 132 3
183 134 3
183 139 3
183 143 3
183 145 3
183 146 3
183 147 3
183 150 3
183 155 3
183 156 3
183 157 3
183 160 3
183 161 3
183 162 3
183 163 3
183 165 3
183 172 3
183 176 3
183 183 3
184 1 3
184 3 3
184 4 3
184 5 3
184 8 3
184 9 3
184 13 3
184 14 3
184 15 3
184 16 3
184 17 3
184 20 3
184 21 3
184 26 3
184 27 3
184 31 3
184 32 3
184 36 3
184 37 3
184 38 3
184 39 3
184 40 3
184 42 3
184 45 3
184 46 3
184 49 3
184 54 3
184 56 3
184 57 3
184 58 3
184 63 3
184 64 3
184 66 3
184 67 3
184 72 3
184 78 3
184 82 3
184 85 3
184 93 3
184 96 3
184 98 3
184 101 3
184 108 3
184 110 3
184 111 3
184 113 3
184 115 3
184 118 3
184 120 3
184 123 3
184 124 3
184 125 3
184 129 3
184 133 3
184 135 3
184 139 3
184 141 3
184 144 3
184 145 3
184 147 3
184 148 3
184 149 3
184 152 3
184 158 3
184 160 3
184 168 3
184 172 3
184 175 3
184 177 3
184 179 3
184 181 3
184 183 3
185 5 3
185 12 3
185 15 3
185 17 3
185 18 3
185 24 3
185 25 3
185 26 3
185 32 3
185 33 3
185 34 3
185 48 3
185 50 3
185 51 3
185 54 3
185 55 3
185 63 3
185 65 3
185 67 3
185 69 3
185 74 3
185 76 3
185 78 3
185 80 3
185 83 3
185 87 3
185 92 3
185 93 3
185 94 3
185 95 3
185 101 3
185 102 3
185 107 3
185 114 3
185 115 3
185 116 3
185 117 3
185 119 3
185 120 3
185 127 3
185 130 3
185 133 3
185 137 3
185 142 3
185 146 3
185 147 3
185 153 3
185 154 3
185 156 3
185 157 3
185 158 3
185 159 3
185 161 3
185 162 3
185 163 3
185 165 3
185 167 3
185 170 3
185 174 3
185 176 3
185 178 3
185 181 3
185 182 3
186 1 3
186 3 3
186 6 3
186 7 3
186 10 3
186 17 3
186 20 3
186 21 3
186 24 3
186 25 3
186 26 3
186 27 3
186 34 3
186 35 3
186 38 3
186 39 3
186 41 3
186 43 3
186 44 3
186 45 3
186 47 3
186 49 3
186 50 3
186 51 3
186 52 3
186 53 3
186 54 3
186 57 3
186 62 3
186 66 3
186 68 3
186 69 3
186 70 3
186 73 3
186 75 3
186 76 3
186 80 3
186 87 3
186 88 3
186 91 3
186 92 3
186 97 3
186 103 3
186 106 3
186 112 3
186 114 3
186 119 3
186 120 3
186 121 3
186 122 3
186 125 3
186 129 3
186 130 3
186 142 3
186 146 3
186 153 3
186 157 3
186 158 3
186 163 3
186 165 3
186 167 3
186 170 3
186 186 3
187 1 3
187 6 3
187 7 3
187 27 3
187 30 3
187 31 3
187 33 3
187 35 3
187 39 3
187 41 3
187 42 3
187 43 3
187 45 3
187 46 3
187 50 3
187 53 3
187 55 3
187 57 3
187 58 3
187 62 3
187 63 3
187 67 3
187 69 3
187 70 3
187 72 3
187 73 3
187 74 3
187 76 3
187 81 3
187 88 3
187 90 3
187 93 3
187 96 3
187 97 3
187 100 3
187 103 3
187 104 3
187 107 3
187 111 3
187 118 3
187 119 3
187 130 3
187 137 3
187 140 3
187 142 3
187 144 3
187 148 3
187 153 3
187 155 3
187 156 3
187 158 3
187 161 3
187 162 3
187 165 3
187 169 3
187 171 3
187 172 3
187 173 3
187 182 3
187 183 3
187 187 3
188 2 3
188 3 3
188 5 3
188 7 3
188 11 3
188 12 3
188 16 3
188 17 3
188 18 3
188 19 3
188 20 3
188 24 3
188 25 3
188 28 3
188 30 3
188 43 3
188 44 3
188 47 3
188 48 3
188 50 3
188 52 3
188 53 3
188 54 3
188 56 3
188 63 3
188 65 3
188 73 3
188 74 3
188 82 3
188 87 3
188 88 3
188 89 3
188 94 3
188 106 3
188 110 3
188 112 3
188 114 3
188 115 3
188 121 3
188 122 3
188 127 3
188 128 3
188 140 3
188 141 3
188 142 3
188 144 3
188 146 3
188 147 3
188 150 3
188 152 3
188 154 3
188 156 3
188 157 3
188 163 3
188 164 3
188 167 3
188 168 3
188 172 3
188 178 3
188 183 3
188 185 3
188 186 3
188 187 3
188 188 3
189 0 3
189 2 3
189 4 3
189 5 3
189 6 3
189 8 3
189 13 3
189 16 3
189 19 3
189 21 3
189 22 3
189 23 3
189 26 3
189 32 3
189 35 3
189 37 3
189 38 3
189 39 3
189 40 3
189 44 3
189 45 3
189 51 3
189 53 3
189 56 3
189 57 3
189 58 3
189 61 3
189 62 3
189 65 3
189 68 3
189 72 3
189 74 3
189 78 3
189 79 3
189 82 3
189 84 3
189 96 3
189 98 3
189 105 3
189 106 3
189 111 3
189 117 3
189 118 3
189 123 3
189 127 3
189 131 3
189 132 3
189 133 3
189 144 3
189 145 3
189 146 3
189 147 3
189 151 3
189 158 3
189 160 3
189 164 3
189 167 3
189 169 3
189 170 3
189 171 3
189 173 3
189 180 3
189 181 3
189 183 3
189 184 3
189 189 3
190 1 3
190 8 3
190 11 3
190 13 3
190 14 3
190 19 3
190 21 3
190 23 3
190 32 3
190 35 3
190 36 3
190 37 3
190 39 3
190 40 3
190 42 3
190 43 3
190 44 3
190 48 3
190 49 3
190 56 3
190 57 3
190 60 3
190 61 3
190 66 3
190 67 3
190 68 3
190 70 3
190 71 3
190 72 3
190 75 3
190 77 3
190 81 3
190 95 3
190 98 3
190 99 3
190 100 3
190 102 3
190 103 3
190 106 3
190 107 3
190 108 3
190 109 3
190 110 3
190 113 3
190 116 3
190 122 3
190 128 3
190 132 3
190 135 3
190 138 3
190 139 3
190 143 3
190 158 3
190 160 3
190 173 3
190 175 3
190 179 3
190 180 3
190 181 3
190 182 3
190 184 3
190 190 3
191 1 3
191 2 3
191 9 3
191 14 3
191 17 3
191 20 3
191 21 3
191 24 3
191 25 3
191 35 3
191 37 3
191 50 3
191 60 3
191 63 3
191 64 3
191 65 3
191 70 3
191 74 3
191 77 3
191 81 3
191 87 3
191 88 3
191 93 3
191 94 3
191 96 3
191 99 3
191 101 3
191 104 3
191 107 3
191 108 3
191 114 3
191 117 3
191 119 3
191 120 3
191 126 3
191 127 3
191 128 3
191 129 3
191 140 3
191 142 3
191 144 3
191 146 3
191 151 3
191 153 3
191 154 3
191 155 3
191 156 3
191 157 3
191 161 3
191 165 3
191 166 3
191 167 3
191 170 3
191 178 3
191 184 3
191 191 3
192 0 3
192 3 3
192 6 3
192 8 3
192 9 3
192 11 3
192 17 3
192 24 3
192 25 3
192 27 3
192 31 3
192 32 3
192 34 3
192 35 3
192 36 3
192 38 3
192 39 3
192 40 3
192 41 3
192 43 3
192 44 3
192 45 3
192 47 3
192 52 3
192 57 3
192 61 3
192 63 3
192 67 3
192 68 3
192 69 3
192 73 3
192 74 3
192 79 3
192 80 3
192 86 3
192 87 3
192 88 3
192 89 3
192 90 3
192 92 3
192 93 3
192 94 3
192 95 3
192 97 3
192 101 3
192 104 3
192 106 3
192 109 3
192 113 3
192 116 3
192 117 3
192 120 3
192 122 3
192 126 3
192 136 3
192 139 3
192 140 3
192 143 3
192 145 3
192 146 3
192 148 3
192 153 3
192 154 3
192 157 3
192 161 3
192 163 3
192 164 3
192 172 3
192 173 3
192 175 3
192 176 3
192 183 3
192 185 3
192 191 3
192 192 3
193 2 3
193 4 3
193 9 3
193 10 3
193 14 3
193 18 3
193 24 3
193 30 3
193 33 3
193 36 3
193 39 3
193 41 3
193 42 3
193 44 3
193 48 3
193 50 3
193 54 3
193 55 3
193 56 3
193 63 3
193 65 3
193 66 3
193 69 3
193 70 3
193 73 3
193 74 3
193 75 3
193 76 3
193 78 3
193 80 3
193 85 3
193 87 3
193 89 3
193 90 3
193 91 3
193 93 3
193 94 3
193 97 3
193 106 3
193 112 3
193 115 3
193 116 3
193 119 3
193 120 3
193 121 3
193 122 3
193 123 3
193 127 3
193 130 3
193 132 3
193 134 3
193 136 3
193 139 3
193 147 3
193 156 3
193 159 3
193 161 3
193 165 3
193 166 3
193 169 3
193 172 3
193 174 3
193 176 3
193 178 3
193 180 3
193 184 3
193 185 3
193 186 3
193 187 3
193 190 3
193 191 3
193 193 3
194 5 3
194 6 3
194 8 3
194 16 3
194 21 3
194 22 3
194 29 3
194 32 3
194 38 3
194 40 3
194 47 3
194 49 3
194 50 3
194 54 3
194 58 3
194 59 3
194 62 3
194 63 3
194 64 3
194 66 3
194 68 3
194 71 3
194 79 3
194 81 3
194 85 3
194 89 3
194 92 3
194 94 3
194 104 3
194 105 3
194 109 3
194 114 3
194 122 3
194 127 3
194 128 3
194 130 3
194 132 3
194 133 3
194 136 3
194 138 3
194 144 3
194 145 3
194 148 3
194 149 3
194 152 3
194 159 3
194 164 3
194 167 3
194 168 3
194 170 3
194 171 3
194 173 3
194 175 3
194 179 3
194 180 3
194 181 3
194 184 3
194 190 3
194 191 3
195 1 3
195 2 3
195 4 3
195 5 3
195 8 3
195 14 3
195 19 3
195 22 3
195 23 3
195 26 3
195 35 3
195 36 3
195 40 3
195 42 3
195 49 3
195 51 3
195 53 3
195 55 3
195 58 3
195 60 3
195 64 3
195 71 3
195 76 3
195 77 3
195 78 3
195 82 3
195 90 3
195 92 3
195 95 3
195 98 3
195 99 3
195 100 3
195 101 3
195 103 3
195 107 3
195 108 3
195 109 3
195 115 3
195 117 3
195 120 3
195 124 3
195 127 3
195 128 3
195 131 3
195 133 3
195 135 3
195 138 3
195 141 3
195 143 3
195 145 3
195 149 3
195 154 3
195 158 3
195 159 3
195 160 3
195 162 3
195 164 3
195 166 3
195 167 3
195 168 3
195 172 3
195 173 3
195 175 3
195 177 3
195 178 3
195 181 3
195 183 3
195 187 3
195 190 3
195 192 3
195 193 3
195 194 3
195 195 3
196 1 3
196 3 3
196 5 3
196 6 3
196 7 3
196 10 3
196 11 3
196 12 3
196 17 3
196 21 3
196 22 3
196 24 3
196 25 3
196 31 3
196 34 3
196 37 3
196 39 3
196 41 3
196 43 3
196 45 3
196 47 3
196 48 3
196 67 3
196 69 3
196 70 3
196 71 3
196 73 3
196 76 3
196 80 3
196 81 3
196 84 3
196 88 3
196 89 3
196 91 3
196 94 3
196 95 3
196 96 3
196 97 3
196 99 3
196 101 3
196 104 3
196 106 3
196 110 3
196 113 3
196 114 3
196 115 3
196 121 3
196 125 3
196 129 3
196 133 3
196 139 3
196 142 3
196 145 3
196 146 3
196 154 3
196 157 3
196 159 3
196 161 3
196 162 3
196 163 3
196 165 3
196 166 3
196 170 3
196 172 3
196 173 3
196 178 3
196 180 3
196 182 3
196 184 3
196 186 3
196 188 3
196 190 3
196 191 3
196 193 3
196 196 3
197 1 3
197 3 3
197 8 3
197 9 3
197 12 3
197 15 3
197 17 3
197 18 3
197 24 3
197 25 3
197 27 3
197 28 3
197 30 3
197 31 3
197 33 3
197 34 3
197 39 3
197 44 3
197 48 3
197 49 3
197 50 3
197 52 3
197 53 3
197 55 3
197 56 3
197 57 3
197 64 3
197 65 3
197 67 3
197 68 3
197 71 3
197 74 3
197 76 3
197 79 3
197 86 3
197 88 3
197 93 3
197 96 3
197 97 3
197 99 3
197 103 3
197 107 3
197 112 3
197 113 3
197 114 3
197 115 3
197 118 3
197 119 3
197 124 3
197 130 3
197 131 3
197 132 3
197 136 3
197 139 3
197 140 3
197 146 3
197 156 3
197 161 3
197 163 3
197 165 3
197 169 3
197 170 3
197 172 3
197 174 3
197 176 3
197 178 3
197 183 3
197 187 3
197 189 3
197 196 3
198 0 3
198 1 3
198 3 3
198 8 3
198 11 3
198 15 3
198 17 3
198 19 3
198 21 3
198 23 3
198 24 3
198 27 3
198 34 3
198 35 3
198 38 3
198 47 3
198 58 3
198 62 3
198 63 3
198 65 3
198 70 3
198 71 3
198 74 3
198 77 3
198 82 3
198 88 3
198 92 3
198 93 3
198 95 3
198 100 3
198 101 3
198 103 3
198 105 3
198 106 3
198 107 3
198 110 3
198 112 3
198 114 3
198 116 3
198 120 3
198 122 3
198 126 3
198 129 3
198 130 3
198 136 3
198 140 3
198 144 3
198 148 3
198 150 3
198 152 3
198 153 3
198 154 3
198 169 3
198 172 3
198 174 3
198 182 3
198 183 3
198 185 3
198 187 3
198 188 3
198 190 3
198 191 3
198 192 3
198 194 3
198 197 3
199 1 3
199 2 3
199 7 3
199 8 3
199 11 3
199 12 3
199 16 3
199 18 3
199 24 3
199 27 3
199 28 3
199 30 3
199 35 3
199 36 3
199 38 3
199 40 3
199 41 3
199 42 3
199 45 3
199 50 3
199 55 3
199 56 3
199 59 3
199 62 3
199 67 3
199 69 3
199 70 3
199 76 3
199 80 3
199 81 3
199 83 3
199 84 3
199 86 3
199 88 3
199 89 3
199 94 3
199 95 3
199 96 3
199 101 3
199 103 3
199 104 3
199 107 3
199 108 3
199 115 3
199 118 3
199 119 3
199 121 3
199 128 3
199 129 3
199 137 3
199 139 3
199 140 3
199 141 3
199 142 3
199 150 3
199 151 3
199 156 3
199 157 3
199 160 3
199 161 3
199 162 3
199 164 3
199 165 3
199 169 3
199 170 3
199 172 3
199 173 3
199 174 3
199 175 3
199 179 3
199 180 3
199 181 3
199 182 3
199 183 3
199 188 3
199 192 3
199 193 3
199 196 3
199 197 3
199 199 3
