1 1 1
3 0 1
3 3 1
4 0 1
4 1 1
5 0 1
5 1 1
5 5 1
6 0 1
6 1 1
6 5 1
6 6 1
7 2 1
7 3 1
8 0 1
8 1 1
8 4 1
8 6 1
8 8 1
9 1 1
9 2 1
9 3 1
9 5 1
9 7 1
9 8 1
9 9 1
10 0 1
10 2 1
10 3 1
10 5 1
10 9 1
10 10 1
11 1 1
11 11 1
12 1 1
12 2 1
12 8 1
12 9 1
12 12 1
13 0 1
13 2 1
13 3 1
13 6 1
13 9 1
13 12 1
13 13 1
14 0 1
14 3 1
14 4 1
14 5 1
14 9 1
14 10 1
15 0 1
15 3 1
15 5 1
15 7 1
15 8 1
15 11 1
15 12 1
15 13 1
15 14 1
15 15 1
16 0 1
16 4 1
16 5 1
16 8 1
16 10 1
16 12 1
16 13 1
16 14 1
16 16 1
17 2 1
17 3 1
17 7 1
17 12 1
18 0 1
18 1 1
18 2 1
18 7 1
18 8 1
18 9 1
18 14 1
18 17 1
18 18 1
19 1 1
19 5 1
19 8 1
19 12 1
19 16 1
20 3 1
20 6 1
20 8 1
20 15 1
20 17 1
20 18 1
20 20 1
21 4 1
21 5 1
21 8 1
21 14 1
21 18 1
21 19 1
21 21 1
22 1 1
22 4 1
22 5 1
22 6 1
22 10 1
22 12 1
22 15 1
22 19 1
22 22 1
23 1 1
23 3 1
23 4 1
23 5 1
23 10 1
23 13 1
23 15 1
23 17 1
23 19 1
23 21 1
23 23 1
24 2 1
24 3 1
24 7 1
24 8 1
24 9 1
24 10 1
24 13 1
24 17 1
24 18 1
24 20 1
24 22 1
24 23 1
25 1 1
25 8 1
25 9 1
25 11 1
25 12 1
25 16 1
25 18 1
25 19 1
25 20 1
25 23 1
25 25 1
26 1 1
26 4 1
26 6 1
26 9 1
26 10 1
26 14 1
26 17 1
26 19 1
26 21 1
26 25 1
27 2 1
27 3 1
27 7 1
27 8 1
27 12 1
27 13 1
27 17 1
27 18 1
27 22 1
27 26 1
27 27 1
28 1 1
28 2 1
28 3 1
28 4 1
28 7 1
28 9 1
28 14 1
28 17 1
28 18 1
28 20 1
28 21 1
28 23 1
28 24 1
28 27 1
28 28 1
29 3 1
29 5 1
29 6 1
29 7 1
29 9 1
29 14 1
29 21 1
29 23 1
29 26 1
29 28 1
29 29 1
30 1 1
30 3 1
30 4 1
30 7 1
30 10 1
30 12 1
30 14 1
30 17 1
30 18 1
30 20 1
30 22 1
30 24 1
30 26 1
30 28 1
31 0 1
31 2 1
31 5 1
31 6 1
31 9 1
31 10 1
31 14 1
31 16 1
31 21 1
31 22 1
31 23 1
31 24 1
31 26 1
31 27 1
31 28 1
31 31 1
32 0 1
32 5 1
32 6 1
32 10 1
32 14 1
32 15 1
32 21 1
32 22 1
32 23 1
32 24 1
32 26 1
32 31 1
32 32 1
33 7 1
33 9 1
33 11 1
33 12 1
33 16 1
33 17 1
33 18 1
33 19 1
33 22 1
33 26 1
33 31 1
34 1 1
34 4 1
34 7 1
34 11 1
34 13 1
34 29 1
34 33 1
34 34 1
35 0 1
35 3 1
35 4 1
35 7 1
35 8 1
35 9 1
35 10 1
35 12 1
35 14 1
35 15 1
35 16 1
35 17 1
35 18 1
35 20 1
35 21 1
35 25 1
35 27 1
35 30 1
35 33 1
35 35 1
36 0 1
36 1 1
36 13 1
36 14 1
36 16 1
36 19 1
36 22 1
36 23 1
36 26 1
36 29 1
36 36 1
37 3 1
37 5 1
37 14 1
37 15 1
37 16 1
37 19 1
37 25 1
37 26 1
37 30 1
37 31 1
37 32 1
37 37 1
38 0 1
38 5 1
38 12 1
38 14 1
38 16 1
38 17 1
38 20 1
38 23 1
38 27 1
38 28 1
38 32 1
38 38 1
39 3 1
39 10 1
39 12 1
39 17 1
39 26 1
39 27 1
39 28 1
39 29 1
39 30 1
39 35 1
39 36 1
39 38 1
39 39 1
40 0 1
40 6 1
40 13 1
40 14 1
40 18 1
40 22 1
40 23 1
40 26 1
40 27 1
40 30 1
40 31 1
40 32 1
40 36 1
40 37 1
40 40 1
41 2 1
41 3 1
41 5 1
41 6 1
41 12 1
41 28 1
41 29 1
41 31 1
41 38 1
41 39 1
42 0 1
42 8 1
42 10 1
42 13 1
42 15 1
42 17 1
42 19 1
42 20 1
42 23 1
42 36 1
42 39 1
42 40 1
42 42 1
43 1 1
43 4 1
43 10 1
43 11 1
43 14 1
43 17 1
43 38 1
43 39 1
43 43 1
44 0 1
44 5 1
44 10 1
44 13 1
44 15 1
44 21 1
44 23 1
44 26 1
44 29 1
44 31 1
44 33 1
44 35 1
44 37 1
44 44 1
45 8 1
45 9 1
45 10 1
45 12 1
45 17 1
45 18 1
45 20 1
45 24 1
45 27 1
45 30 1
45 35 1
45 38 1
45 39 1
45 41 1
45 44 1
46 0 1
46 4 1
46 6 1
46 10 1
46 14 1
46 15 1
46 19 1
46 22 1
46 24 1
46 29 1
46 30 1
46 32 1
46 33 1
46 36 1
46 42 1
46 44 1
46 46 1
47 0 1
47 2 1
47 4 1
47 7 1
47 9 1
47 10 1
47 17 1
47 22 1
47 23 1
47 27 1
47 28 1
47 30 1
47 32 1
47 34 1
47 35 1
47 38 1
47 45 1
48 1 1
48 3 1
48 7 1
48 10 1
48 15 1
48 18 1
48 21 1
48 22 1
48 24 1
48 25 1
48 26 1
48 27 1
48 29 1
48 30 1
48 33 1
48 35 1
48 36 1
48 37 1
48 39 1
48 40 1
48 41 1
48 44 1
48 45 1
48 46 1
48 47 1
49 0 1
49 10 1
49 13 1
49 19 1
49 21 1
49 23 1
49 24 1
49 26 1
49 32 1
49 40 1
49 41 1
49 46 1
49 48 1
49 49 1
50 2 1
50 6 1
50 10 1
50 16 1
50 20 1
50 34 1
50 35 1
50 38 1
50 43 1
50 45 1
51 3 1
51 5 1
51 7 1
51 8 1
51 9 1
51 12 1
51 18 1
51 25 1
51 27 1
51 35 1
51 39 1
51 41 1
51 45 1
51 47 1
51 50 1
51 51 1
52 1 1
52 11 1
52 15 1
52 32 1
52 33 1
52 43 1
52 45 1
52 49 1
52 52 1
53 0 1
53 2 1
53 3 1
53 9 1
53 17 1
53 18 1
53 22 1
53 24 1
53 27 1
53 28 1
53 35 1
53 36 1
53 39 1
53 44 1
53 47 1
53 48 1
53 53 1
54 3 1
54 8 1
54 9 1
54 12 1
54 15 1
54 17 1
54 18 1
54 20 1
54 27 1
54 30 1
54 35 1
54 39 1
54 41 1
54 42 1
54 45 1
54 47 1
54 48 1
54 49 1
55 7 1
55 11 1
55 18 1
55 30 1
55 34 1
55 35 1
55 40 1
55 48 1
55 50 1
55 52 1
55 54 1
56 5 1
56 6 1
56 10 1
56 13 1
56 14 1
56 16 1
56 21 1
56 22 1
56 25 1
56 29 1
56 30 1
56 32 1
56 36 1
56 38 1
56 44 1
56 46 1
56 49 1
56 50 1
56 51 1
56 52 1
57 1 1
57 5 1
57 6 1
57 7 1
57 15 1
57 16 1
57 19 1
57 23 1
57 26 1
57 31 1
57 37 1
57 38 1
57 39 1
57 42 1
57 44 1
57 49 1
57 52 1
57 54 1
57 57 1
58 0 1
58 2 1
58 4 1
58 11 1
58 13 1
58 14 1
58 16 1
58 21 1
58 22 1
58 23 1
58 26 1
58 30 1
58 31 1
58 32 1
58 36 1
58 37 1
58 39 1
58 41 1
58 42 1
58 43 1
58 44 1
58 46 1
58 50 1
58 58 1
59 4 1
59 10 1
59 13 1
59 14 1
59 19 1
59 21 1
59 23 1
59 26 1
59 28 1
59 29 1
59 37 1
59 39 1
59 41 1
59 44 1
59 50 1
59 54 1
59 57 1
59 58 1
60 4 1
60 5 1
60 10 1
60 13 1
60 14 1
60 16 1
60 17 1
60 22 1
60 24 1
60 27 1
60 29 1
60 36 1
60 40 1
60 41 1
60 46 1
60 50 1
60 56 1
60 60 1
61 0 1
61 3 1
61 4 1
61 9 1
61 11 1
61 13 1
61 14 1
61 16 1
61 21 1
61 23 1
61 27 1
61 29 1
61 36 1
61 40 1
61 43 1
61 44 1
61 45 1
61 46 1
61 49 1
61 52 1
61 53 1
61 54 1
61 57 1
61 58 1
61 59 1
62 3 1
62 7 1
62 11 1
62 17 1
62 18 1
62 20 1
62 24 1
62 28 1
62 30 1
62 35 1
62 36 1
62 38 1
62 40 1
62 42 1
62 43 1
62 45 1
62 46 1
62 47 1
62 48 1
62 54 1
62 62 1
63 0 1
63 5 1
63 14 1
63 16 1
63 26 1
63 30 1
63 31 1
63 32 1
63 44 1
63 48 1
63 56 1
63 57 1
63 58 1
63 59 1
63 60 1
64 7 1
64 9 1
64 10 1
64 15 1
64 16 1
64 19 1
64 20 1
64 21 1
64 22 1
64 23 1
64 26 1
64 28 1
64 32 1
64 37 1
64 39 1
64 40 1
64 42 1
64 46 1
64 49 1
64 52 1
64 56 1
64 57 1
64 58 1
64 60 1
64 62 1
64 63 1
65 0 1
65 2 1
65 4 1
65 5 1
65 6 1
65 8 1
65 12 1
65 13 1
65 14 1
65 15 1
65 17 1
65 18 1
65 20 1
65 24 1
65 27 1
65 28 1
65 29 1
65 33 1
65 36 1
65 39 1
65 41 1
65 45 1
65 48 1
65 51 1
65 54 1
65 62 1
65 64 1
66 3 1
66 4 1
66 11 1
66 13 1
66 14 1
66 17 1
66 19 1
66 22 1
66 31 1
66 32 1
66 34 1
66 35 1
66 36 1
66 37 1
66 40 1
66 44 1
66 45 1
66 49 1
66 51 1
66 56 1
66 58 1
66 59 1
66 60 1
66 63 1
66 64 1
67 3 1
67 17 1
67 18 1
67 20 1
67 23 1
67 24 1
67 25 1
67 29 1
67 30 1
67 33 1
67 38 1
67 41 1
67 42 1
67 47 1
67 48 1
67 50 1
67 51 1
67 57 1
67 58 1
67 62 1
67 65 1
68 5 1
68 9 1
68 11 1
68 13 1
68 14 1
68 16 1
68 17 1
68 21 1
68 22 1
68 23 1
68 25 1
68 26 1
68 29 1
68 31 1
68 32 1
68 33 1
68 36 1
68 37 1
68 38 1
68 42 1
68 44 1
68 46 1
68 48 1
68 49 1
68 55 1
68 56 1
68 57 1
68 58 1
68 59 1
68 60 1
68 68 1
69 1 1
69 6 1
69 10 1
69 11 1
69 14 1
69 16 1
69 18 1
69 23 1
69 24 1
69 26 1
69 32 1
69 34 1
69 40 1
69 43 1
69 49 1
69 50 1
69 59 1
69 65 1
69 69 1
70 3 1
70 4 1
70 5 1
70 6 1
70 8 1
70 9 1
70 14 1
70 16 1
70 18 1
70 27 1
70 35 1
70 39 1
70 42 1
70 47 1
70 48 1
70 49 1
70 51 1
70 54 1
70 56 1
70 60 1
70 62 1
70 65 1
70 70 1
71 9 1
71 18 1
71 19 1
71 22 1
71 29 1
71 36 1
71 37 1
71 38 1
71 40 1
71 44 1
71 47 1
71 53 1
71 55 1
71 56 1
71 57 1
71 58 1
71 61 1
71 62 1
71 63 1
71 65 1
71 66 1
71 68 1
71 71 1
72 0 1
72 1 1
72 2 1
72 3 1
72 4 1
72 5 1
72 9 1
72 13 1
72 14 1
72 15 1
72 16 1
72 17 1
72 21 1
72 22 1
72 23 1
72 26 1
72 27 1
72 30 1
72 31 1
72 32 1
72 40 1
72 42 1
72 45 1
72 49 1
72 50 1
72 58 1
72 60 1
72 61 1
72 64 1
72 68 1
72 71 1
73 6 1
73 7 1
73 8 1
73 11 1
73 18 1
73 24 1
73 25 1
73 27 1
73 28 1
73 29 1
73 30 1
73 33 1
73 35 1
73 39 1
73 41 1
73 42 1
73 43 1
73 45 1
73 47 1
73 51 1
73 53 1
73 59 1
73 61 1
73 62 1
73 63 1
73 64 1
73 66 1
73 70 1
73 71 1
74 0 1
74 3 1
74 8 1
74 9 1
74 12 1
74 17 1
74 18 1
74 20 1
74 23 1
74 25 1
74 26 1
74 28 1
74 31 1
74 39 1
74 42 1
74 47 1
74 48 1
74 50 1
74 53 1
74 62 1
74 67 1
74 70 1
74 72 1
75 17 1
75 18 1
75 24 1
75 27 1
75 35 1
75 37 1
75 39 1
75 42 1
75 47 1
75 48 1
75 53 1
75 54 1
75 55 1
75 64 1
75 67 1
75 70 1
75 73 1
76 0 1
76 3 1
76 7 1
76 9 1
76 10 1
76 12 1
76 16 1
76 18 1
76 20 1
76 25 1
76 26 1
76 27 1
76 28 1
76 35 1
76 39 1
76 40 1
76 42 1
76 45 1
76 48 1
76 51 1
76 52 1
76 54 1
76 56 1
76 63 1
76 64 1
76 65 1
76 70 1
77 3 1
77 4 1
77 10 1
77 11 1
77 14 1
77 15 1
77 16 1
77 19 1
77 21 1
77 23 1
77 26 1
77 35 1
77 36 1
77 46 1
77 61 1
77 63 1
77 67 1
77 69 1
77 71 1
77 74 1
77 77 1
78 0 1
78 4 1
78 5 1
78 6 1
78 9 1
78 10 1
78 13 1
78 15 1
78 18 1
78 23 1
78 27 1
78 28 1
78 29 1
78 31 1
78 32 1
78 34 1
78 37 1
78 39 1
78 42 1
78 44 1
78 46 1
78 49 1
78 55 1
78 56 1
78 57 1
78 58 1
78 60 1
78 63 1
78 64 1
78 66 1
78 67 1
78 72 1
78 78 1
79 0 1
79 3 1
79 4 1
79 6 1
79 7 1
79 10 1
79 13 1
79 14 1
79 16 1
79 17 1
79 21 1
79 22 1
79 25 1
79 28 1
79 29 1
79 31 1
79 34 1
79 36 1
79 40 1
79 42 1
79 43 1
79 44 1
79 45 1
79 49 1
79 52 1
79 58 1
79 60 1
79 61 1
79 66 1
79 75 1
79 77 1
79 78 1
80 2 1
80 3 1
80 4 1
80 8 1
80 20 1
80 21 1
80 25 1
80 27 1
80 30 1
80 34 1
80 37 1
80 38 1
80 39 1
80 40 1
80 41 1
80 43 1
80 51 1
80 60 1
80 62 1
80 65 1
80 67 1
80 73 1
80 74 1
80 76 1
80 79 1
81 3 1
81 19 1
81 20 1
81 21 1
81 24 1
81 25 1
81 26 1
81 28 1
81 29 1
81 31 1
81 35 1
81 38 1
81 39 1
81 40 1
81 41 1
81 45 1
81 48 1
81 50 1
81 51 1
81 57 1
81 62 1
81 67 1
81 72 1
81 75 1
81 76 1
81 80 1
81 81 1
82 1 1
82 4 1
82 6 1
82 11 1
82 12 1
82 13 1
82 15 1
82 16 1
82 18 1
82 20 1
82 21 1
82 22 1
82 26 1
82 29 1
82 31 1
82 32 1
82 37 1
82 40 1
82 43 1
82 44 1
82 46 1
82 51 1
82 56 1
82 58 1
82 59 1
82 61 1
82 63 1
82 64 1
82 67 1
82 69 1
82 71 1
82 72 1
82 74 1
82 79 1
82 81 1
83 2 1
83 3 1
83 5 1
83 6 1
83 8 1
83 13 1
83 15 1
83 16 1
83 19 1
83 22 1
83 23 1
83 26 1
83 31 1
83 38 1
83 40 1
83 42 1
83 45 1
83 49 1
83 52 1
83 57 1
83 58 1
83 60 1
83 61 1
83 65 1
83 66 1
83 68 1
83 73 1
83 77 1
83 78 1
83 79 1
83 83 1
84 0 1
84 2 1
84 3 1
84 5 1
84 8 1
84 10 1
84 13 1
84 14 1
84 15 1
84 16 1
84 19 1
84 22 1
84 25 1
84 28 1
84 29 1
84 31 1
84 36 1
84 37 1
84 40 1
84 44 1
84 53 1
84 55 1
84 56 1
84 58 1
84 59 1
84 61 1
84 63 1
84 64 1
84 71 1
84 72 1
84 74 1
84 77 1
84 78 1
84 79 1
84 83 1
84 84 1
85 0 1
85 5 1
85 6 1
85 9 1
85 10 1
85 14 1
85 16 1
85 17 1
85 19 1
85 20 1
85 21 1
85 23 1
85 28 1
85 31 1
85 36 1
85 38 1
85 41 1
85 42 1
85 44 1
85 46 1
85 52 1
85 56 1
85 57 1
85 58 1
85 61 1
85 63 1
85 65 1
85 73 1
85 79 1
85 83 1
85 84 1
85 85 1
86 1 1
86 2 1
86 6 1
86 7 1
86 9 1
86 17 1
86 18 1
86 20 1
86 24 1
86 25 1
86 28 1
86 31 1
86 32 1
86 35 1
86 39 1
86 41 1
86 44 1
86 50 1
86 51 1
86 54 1
86 55 1
86 56 1
86 58 1
86 60 1
86 61 1
86 62 1
86 70 1
86 71 1
86 73 1
86 75 1
86 80 1
86 86 1
87 2 1
87 4 1
87 7 1
87 8 1
87 9 1
87 10 1
87 17 1
87 25 1
87 26 1
87 27 1
87 31 1
87 37 1
87 38 1
87 44 1
87 45 1
87 47 1
87 48 1
87 51 1
87 52 1
87 53 1
87 54 1
87 64 1
87 65 1
87 66 1
87 71 1
87 74 1
87 76 1
87 81 1
88 12 1
88 13 1
88 16 1
88 18 1
88 20 1
88 22 1
88 28 1
88 47 1
88 48 1
88 49 1
88 52 1
88 53 1
88 54 1
88 56 1
88 57 1
88 59 1
88 62 1
88 65 1
88 69 1
88 73 1
88 74 1
88 76 1
88 80 1
88 82 1
88 86 1
88 87 1
88 88 1
89 2 1
89 3 1
89 7 1
89 8 1
89 9 1
89 10 1
89 17 1
89 20 1
89 21 1
89 24 1
89 27 1
89 30 1
89 35 1
89 36 1
89 41 1
89 42 1
89 44 1
89 45 1
89 46 1
89 47 1
89 48 1
89 50 1
89 51 1
89 53 1
89 59 1
89 68 1
89 70 1
89 73 1
89 74 1
89 75 1
89 80 1
89 81 1
89 85 1
90 1 1
90 4 1
90 7 1
90 10 1
90 11 1
90 13 1
90 15 1
90 22 1
90 23 1
90 25 1
90 26 1
90 29 1
90 30 1
90 32 1
90 33 1
90 34 1
90 36 1
90 37 1
90 40 1
90 42 1
90 44 1
90 50 1
90 52 1
90 53 1
90 57 1
90 58 1
90 59 1
90 60 1
90 62 1
90 63 1
90 69 1
90 70 1
90 71 1
90 72 1
90 78 1
90 80 1
90 83 1
90 85 1
91 3 1
91 9 1
91 10 1
91 22 1
91 24 1
91 25 1
91 27 1
91 28 1
91 31 1
91 33 1
91 38 1
91 39 1
91 45 1
91 46 1
91 47 1
91 48 1
91 51 1
91 54 1
91 62 1
91 70 1
91 71 1
91 73 1
91 76 1
91 81 1
91 84 1
91 90 1
91 91 1
92 0 1
92 2 1
92 4 1
92 7 1
92 8 1
92 9 1
92 11 1
92 12 1
92 14 1
92 18 1
92 20 1
92 24 1
92 25 1
92 32 1
92 35 1
92 36 1
92 38 1
92 41 1
92 45 1
92 48 1
92 51 1
92 53 1
92 57 1
92 61 1
92 62 1
92 65 1
92 66 1
92 71 1
92 78 1
92 80 1
92 81 1
92 86 1
92 87 1
92 88 1
93 6 1
93 7 1
93 9 1
93 16 1
93 20 1
93 27 1
93 28 1
93 32 1
93 35 1
93 38 1
93 40 1
93 45 1
93 46 1
93 47 1
93 54 1
93 57 1
93 58 1
93 61 1
93 66 1
93 67 1
93 81 1
93 84 1
93 86 1
93 88 1
93 89 1
93 90 1
93 91 1
93 92 1
93 93 1
94 2 1
94 13 1
94 16 1
94 17 1
94 24 1
94 25 1
94 30 1
94 32 1
94 35 1
94 38 1
94 39 1
94 42 1
94 45 1
94 48 1
94 49 1
94 58 1
94 62 1
94 69 1
94 70 1
94 71 1
94 73 1
94 74 1
94 75 1
94 76 1
94 80 1
94 87 1
94 92 1
94 93 1
94 94 1
95 0 1
95 2 1
95 7 1
95 10 1
95 12 1
95 19 1
95 21 1
95 22 1
95 27 1
95 31 1
95 32 1
95 34 1
95 35 1
95 36 1
95 38 1
95 41 1
95 42 1
95 48 1
95 51 1
95 53 1
95 54 1
95 57 1
95 62 1
95 69 1
95 74 1
95 75 1
95 84 1
95 88 1
95 89 1
95 91 1
96 0 1
96 2 1
96 3 1
96 7 1
96 12 1
96 13 1
96 15 1
96 17 1
96 18 1
96 23 1
96 24 1
96 28 1
96 31 1
96 32 1
96 33 1
96 35 1
96 39 1
96 45 1
96 50 1
96 51 1
96 53 1
96 59 1
96 70 1
96 72 1
96 73 1
96 74 1
96 75 1
96 76 1
96 77 1
96 81 1
96 82 1
96 85 1
96 86 1
96 87 1
96 91 1
96 92 1
96 93 1
97 2 1
97 3 1
97 4 1
97 7 1
97 8 1
97 9 1
97 25 1
97 27 1
97 28 1
97 30 1
97 35 1
97 36 1
97 37 1
97 38 1
97 41 1
97 45 1
97 46 1
97 52 1
97 53 1
97 54 1
97 56 1
97 57 1
97 59 1
97 66 1
97 70 1
97 74 1
97 76 1
97 80 1
97 81 1
97 83 1
97 87 1
97 89 1
97 94 1
97 96 1
98 3 1
98 9 1
98 10 1
98 15 1
98 20 1
98 23 1
98 26 1
98 27 1
98 29 1
98 30 1
98 35 1
98 37 1
98 40 1
98 42 1
98 47 1
98 56 1
98 58 1
98 62 1
98 63 1
98 64 1
98 66 1
98 68 1
98 78 1
98 79 1
98 82 1
98 83 1
98 84 1
98 87 1
98 91 1
98 94 1
99 3 1
99 4 1
99 6 1
99 7 1
99 12 1
99 14 1
99 15 1
99 20 1
99 21 1
99 22 1
99 23 1
99 25 1
99 26 1
99 31 1
99 32 1
99 39 1
99 40 1
99 41 1
99 44 1
99 46 1
99 48 1
99 55 1
99 56 1
99 57 1
99 58 1
99 59 1
99 60 1
99 68 1
99 71 1
99 74 1
99 77 1
99 78 1
99 84 1
99 89 1
99 97 1
99 98 1
99 99 1
100 0 1
100 1 1
100 2 1
100 5 1
100 6 1
100 7 1
100 8 1
100 10 1
100 13 1
100 14 1
100 15 1
100 17 1
100 19 1
100 22 1
100 23 1
100 27 1
100 30 1
100 32 1
100 33 1
100 34 1
100 36 1
100 37 1
100 40 1
100 41 1
100 42 1
100 43 1
100 44 1
100 45 1
100 49 1
100 53 1
100 58 1
100 59 1
100 60 1
100 61 1
100 62 1
100 63 1
100 64 1
100 65 1
100 66 1
100 68 1
100 72 1
100 77 1
100 78 1
100 79 1
100 84 1
100 86 1
100 89 1
100 98 1
101 2 1
101 3 1
101 7 1
101 9 1
101 11 1
101 18 1
101 20 1
101 25 1
101 27 1
101 28 1
101 30 1
101 31 1
101 33 1
101 35 1
101 38 1
101 39 1
101 41 1
101 44 1
101 45 1
101 48 1
101 49 1
101 51 1
101 59 1
101 65 1
101 70 1
101 74 1
101 76 1
101 80 1
101 81 1
101 83 1
101 87 1
101 88 1
101 91 1
101 92 1
101 93 1
101 95 1
101 96 1
101 97 1
101 101 1
102 0 1
102 4 1
102 5 1
102 9 1
102 15 1
102 16 1
102 20 1
102 23 1
102 29 1
102 35 1
102 36 1
102 37 1
102 40 1
102 41 1
102 42 1
102 46 1
102 49 1
102 56 1
102 63 1
102 64 1
102 66 1
102 72 1
102 76 1
102 78 1
102 80 1
102 83 1
102 84 1
102 86 1
102 89 1
102 90 1
102 91 1
102 93 1
102 94 1
102 95 1
102 96 1
102 100 1
102 102 1
103 2 1
103 7 1
103 9 1
103 13 1
103 14 1
103 18 1
103 22 1
103 27 1
103 28 1
103 32 1
103 33 1
103 35 1
103 37 1
103 38 1
103 41 1
103 45 1
103 47 1
103 51 1
103 54 1
103 58 1
103 65 1
103 70 1
103 73 1
103 74 1
103 77 1
103 85 1
103 86 1
103 87 1
103 88 1
103 89 1
103 91 1
103 94 1
103 95 1
103 97 1
103 100 1
103 101 1
104 0 1
104 1 1
104 2 1
104 10 1
104 11 1
104 13 1
104 18 1
104 20 1
104 31 1
104 32 1
104 33 1
104 34 1
104 35 1
104 41 1
104 42 1
104 46 1
104 50 1
104 53 1
104 59 1
104 64 1
104 68 1
104 69 1
104 75 1
104 76 1
104 86 1
104 88 1
104 93 1
104 95 1
104 101 1
104 102 1
104 104 1
105 0 1
105 5 1
105 6 1
105 10 1
105 14 1
105 19 1
105 20 1
105 21 1
105 22 1
105 25 1
105 26 1
105 29 1
105 30 1
105 31 1
105 32 1
105 40 1
105 42 1
105 45 1
105 47 1
105 48 1
105 49 1
105 50 1
105 54 1
105 56 1
105 57 1
105 58 1
105 60 1
105 63 1
105 64 1
105 67 1
105 72 1
105 74 1
105 75 1
105 77 1
105 78 1
105 79 1
105 82 1
105 84 1
105 85 1
105 88 1
105 92 1
105 94 1
105 99 1
105 100 1
105 101 1
105 102 1
105 105 1
106 1 1
106 5 1
106 8 1
106 9 1
106 12 1
106 14 1
106 15 1
106 19 1
106 20 1
106 22 1
106 24 1
106 28 1
106 31 1
106 33 1
106 34 1
106 35 1
106 38 1
106 41 1
106 43 1
106 45 1
106 54 1
106 56 1
106 59 1
106 62 1
106 64 1
106 67 1
106 71 1
106 73 1
106 74 1
106 75 1
106 78 1
106 80 1
106 81 1
106 87 1
106 89 1
106 92 1
106 95 1
106 97 1
106 100 1
107 1 1
107 2 1
107 3 1
107 5 1
107 7 1
107 11 1
107 13 1
107 16 1
107 17 1
107 23 1
107 24 1
107 25 1
107 32 1
107 40 1
107 42 1
107 43 1
107 46 1
107 48 1
107 53 1
107 54 1
107 57 1
107 61 1
107 62 1
107 63 1
107 64 1
107 67 1
107 73 1
107 78 1
107 80 1
107 81 1
107 82 1
107 86 1
107 88 1
107 89 1
107 93 1
107 95 1
107 96 1
107 97 1
107 100 1
107 101 1
107 102 1
107 106 1
107 107 1
108 0 1
108 4 1
108 5 1
108 6 1
108 10 1
108 13 1
108 19 1
108 23 1
108 36 1
108 39 1
108 47 1
108 50 1
108 56 1
108 57 1
108 58 1
108 65 1
108 66 1
108 71 1
108 75 1
108 79 1
108 82 1
108 83 1
108 85 1
108 89 1
108 90 1
108 92 1
108 93 1
108 99 1
108 100 1
108 101 1
108 102 1
108 104 1
108 105 1
108 106 1
109 4 1
109 5 1
109 6 1
109 10 1
109 12 1
109 15 1
109 19 1
109 20 1
109 22 1
109 23 1
109 26 1
109 29 1
109 32 1
109 35 1
109 37 1
109 44 1
109 46 1
109 54 1
109 60 1
109 66 1
109 72 1
109 77 1
109 81 1
109 82 1
109 83 1
109 89 1
109 90 1
109 91 1
109 93 1
109 97 1
109 99 1
109 100 1
109 101 1
109 102 1
109 105 1
109 109 1
110 1 1
110 2 1
110 6 1
110 8 1
110 9 1
110 10 1
110 12 1
110 13 1
110 14 1
110 15 1
110 17 1
110 18 1
110 19 1
110 21 1
110 22 1
110 23 1
110 24 1
110 26 1
110 42 1
110 44 1
110 46 1
110 49 1
110 55 1
110 58 1
110 59 1
110 60 1
110 61 1
110 63 1
110 64 1
110 65 1
110 71 1
110 77 1
110 79 1
110 82 1
110 83 1
110 85 1
110 86 1
110 98 1
110 99 1
110 100 1
110 102 1
110 104 1
110 108 1
111 0 1
111 1 1
111 2 1
111 3 1
111 4 1
111 10 1
111 11 1
111 14 1
111 16 1
111 19 1
111 21 1
111 23 1
111 26 1
111 31 1
111 32 1
111 37 1
111 41 1
111 44 1
111 57 1
111 58 1
111 60 1
111 61 1
111 62 1
111 63 1
111 69 1
111 78 1
111 80 1
111 83 1
111 84 1
111 85 1
111 86 1
111 90 1
111 95 1
111 98 1
111 99 1
111 100 1
111 102 1
111 107 1
111 110 1
111 111 1
112 7 1
112 9 1
112 11 1
112 19 1
112 25 1
112 26 1
112 27 1
112 35 1
112 37 1
112 38 1
112 39 1
112 43 1
112 50 1
112 51 1
112 52 1
112 64 1
112 67 1
112 68 1
112 69 1
112 70 1
112 72 1
112 79 1
112 104 1
112 108 1
112 111 1
113 3 1
113 6 1
113 8 1
113 11 1
113 12 1
113 16 1
113 20 1
113 24 1
113 27 1
113 28 1
113 30 1
113 39 1
113 41 1
113 42 1
113 45 1
113 46 1
113 47 1
113 48 1
113 53 1
113 59 1
113 62 1
113 65 1
113 66 1
113 68 1
113 70 1
113 71 1
113 73 1
113 74 1
113 76 1
113 80 1
113 81 1
113 84 1
113 87 1
113 89 1
113 94 1
113 96 1
113 101 1
113 106 1
113 112 1
114 3 1
114 5 1
114 6 1
114 10 1
114 11 1
114 14 1
114 15 1
114 17 1
114 19 1
114 20 1
114 21 1
114 27 1
114 35 1
114 37 1
114 38 1
114 41 1
114 42 1
114 47 1
114 49 1
114 51 1
114 53 1
114 57 1
114 63 1
114 64 1
114 65 1
114 67 1
114 70 1
114 71 1
114 73 1
114 75 1
114 80 1
114 81 1
114 82 1
114 83 1
114 89 1
114 91 1
114 92 1
114 97 1
114 101 1
114 107 1
114 109 1
114 113 1
114 114 1
115 5 1
115 9 1
115 13 1
115 17 1
115 19 1
115 21 1
115 22 1
115 24 1
115 27 1
115 28 1
115 35 1
115 40 1
115 41 1
115 47 1
115 48 1
115 50 1
115 51 1
115 55 1
115 56 1
115 64 1
115 65 1
115 67 1
115 74 1
115 75 1
115 76 1
115 84 1
115 86 1
115 89 1
115 92 1
115 93 1
115 95 1
115 97 1
115 98 1
115 99 1
115 103 1
115 106 1
116 1 1
116 3 1
116 5 1
116 7 1
116 8 1
116 9 1
116 14 1
116 17 1
116 18 1
116 19 1
116 23 1
116 24 1
116 25 1
116 26 1
116 28 1
116 30 1
116 38 1
116 39 1
116 47 1
116 53 1
116 61 1
116 65 1
116 70 1
116 71 1
116 72 1
116 75 1
116 76 1
116 86 1
116 88 1
116 93 1
116 94 1
116 103 1
116 113 1
117 0 1
117 4 1
117 5 1
117 6 1
117 11 1
117 14 1
117 15 1
117 21 1
117 22 1
117 29 1
117 31 1
117 32 1
117 36 1
117 37 1
117 40 1
117 42 1
117 44 1
117 46 1
117 50 1
117 51 1
117 56 1
117 59 1
117 60 1
117 63 1
117 67 1
117 68 1
117 69 1
117 70 1
117 71 1
117 87 1
117 90 1
117 98 1
117 99 1
117 102 1
117 105 1
117 107 1
117 110 1
117 111 1
117 112 1
117 115 1
117 117 1
118 0 1
118 1 1
118 2 1
118 3 1
118 7 1
118 8 1
118 12 1
118 17 1
118 26 1
118 27 1
118 30 1
118 32 1
118 35 1
118 38 1
118 42 1
118 45 1
118 46 1
118 47 1
118 51 1
118 53 1
118 57 1
118 62 1
118 64 1
118 67 1
118 70 1
118 74 1
118 76 1
118 78 1
118 84 1
118 86 1
118 92 1
118 93 1
118 94 1
118 97 1
118 104 1
118 105 1
118 108 1
118 109 1
118 114 1
118 115 1
118 118 1
119 3 1
119 8 1
119 10 1
119 12 1
119 20 1
119 23 1
119 25 1
119 27 1
119 28 1
119 30 1
119 34 1
119 35 1
119 37 1
119 38 1
119 47 1
119 50 1
119 54 1
119 55 1
119 65 1
119 66 1
119 67 1
119 70 1
119 73 1
119 75 1
119 79 1
119 80 1
119 81 1
119 82 1
119 86 1
119 87 1
119 88 1
119 91 1
119 93 1
119 94 1
119 97 1
119 103 1
119 104 1
119 106 1
119 107 1
119 110 1
119 111 1
119 113 1
119 115 1
119 119 1
120 3 1
120 4 1
120 7 1
120 9 1
120 17 1
120 20 1
120 24 1
120 26 1
120 27 1
120 34 1
120 44 1
120 47 1
120 48 1
120 49 1
120 51 1
120 62 1
120 64 1
120 71 1
120 86 1
120 89 1
120 93 1
120 94 1
120 95 1
120 97 1
120 98 1
120 101 1
120 103 1
120 110 1
120 114 1
120 117 1
120 118 1
120 120 1
121 0 1
121 3 1
121 4 1
121 7 1
121 8 1
121 9 1
121 17 1
121 19 1
121 24 1
121 25 1
121 26 1
121 27 1
121 30 1
121 33 1
121 35 1
121 36 1
121 37 1
121 38 1
121 39 1
121 41 1
121 43 1
121 44 1
121 47 1
121 48 1
121 51 1
121 52 1
121 55 1
121 59 1
121 61 1
121 62 1
121 63 1
121 64 1
121 65 1
121 70 1
121 73 1
121 74 1
121 75 1
121 78 1
121 80 1
121 83 1
121 86 1
121 87 1
121 88 1
121 89 1
121 94 1
121 95 1
121 97 1
121 103 1
121 106 1
121 111 1
121 115 1
121 116 1
121 117 1
121 118 1
121 121 1
122 4 1
122 5 1
122 6 1
122 7 1
122 9 1
122 10 1
122 11 1
122 15 1
122 16 1
122 17 1
122 19 1
122 21 1
122 26 1
122 27 1
122 33 1
122 36 1
122 37 1
122 39 1
122 42 1
122 45 1
122 47 1
122 49 1
122 57 1
122 59 1
122 60 1
122 63 1
122 66 1
122 70 1
122 72 1
122 77 1
122 78 1
122 79 1
122 82 1
122 84 1
122 85 1
122 87 1
122 90 1
122 95 1
122 96 1
122 98 1
122 100 1
122 105 1
122 111 1
122 112 1
122 118 1
122 120 1
123 0 1
123 1 1
123 5 1
123 7 1
123 9 1
123 10 1
123 13 1
123 15 1
123 16 1
123 22 1
123 23 1
123 24 1
123 25 1
123 28 1
123 36 1
123 39 1
123 40 1
123 43 1
123 44 1
123 45 1
123 46 1
123 49 1
123 51 1
123 57 1
123 61 1
123 66 1
123 67 1
123 69 1
123 72 1
123 76 1
123 77 1
123 82 1
123 93 1
123 96 1
123 97 1
123 98 1
123 100 1
123 102 1
123 104 1
123 110 1
123 112 1
123 113 1
123 114 1
123 117 1
123 122 1
124 0 1
124 2 1
124 4 1
124 6 1
124 7 1
124 10 1
124 11 1
124 16 1
124 19 1
124 21 1
124 22 1
124 29 1
124 34 1
124 35 1
124 40 1
124 44 1
124 46 1
124 48 1
124 50 1
124 51 1
124 53 1
124 55 1
124 56 1
124 57 1
124 58 1
124 59 1
124 61 1
124 63 1
124 66 1
124 68 1
124 72 1
124 77 1
124 79 1
124 84 1
124 85 1
124 90 1
124 97 1
124 98 1
124 100 1
124 101 1
124 102 1
124 105 1
124 108 1
124 109 1
124 119 1
125 0 1
125 2 1
125 5 1
125 6 1
125 7 1
125 8 1
125 12 1
125 15 1
125 20 1
125 22 1
125 26 1
125 27 1
125 31 1
125 33 1
125 34 1
125 41 1
125 45 1
125 47 1
125 49 1
125 51 1
125 54 1
125 61 1
125 62 1
125 64 1
125 65 1
125 67 1
125 76 1
125 77 1
125 78 1
125 80 1
125 86 1
125 87 1
125 88 1
125 89 1
125 91 1
125 94 1
125 97 1
125 101 1
125 102 1
125 103 1
125 104 1
125 106 1
125 108 1
125 109 1
125 118 1
125 121 1
125 125 1
126 0 1
126 4 1
126 8 1
126 9 1
126 14 1
126 15 1
126 17 1
126 18 1
126 20 1
126 24 1
126 25 1
126 26 1
126 28 1
126 30 1
126 38 1
126 41 1
126 45 1
126 62 1
126 64 1
126 65 1
126 66 1
126 67 1
126 73 1
126 74 1
126 76 1
126 81 1
126 91 1
126 93 1
126 96 1
126 100 1
126 101 1
126 103 1
126 106 1
126 110 1
126 112 1
126 115 1
126 116 1
126 118 1
126 119 1
126 120 1
126 122 1
126 126 1
127 2 1
127 6 1
127 7 1
127 9 1
127 10 1
127 20 1
127 22 1
127 25 1
127 28 1
127 30 1
127 38 1
127 39 1
127 47 1
127 50 1
127 55 1
127 60 1
127 64 1
127 65 1
127 66 1
127 67 1
127 68 1
127 69 1
127 73 1
127 74 1
127 76 1
127 80 1
127 81 1
127 85 1
127 86 1
127 88 1
127 89 1
127 91 1
127 93 1
127 97 1
127 98 1
127 101 1
127 103 1
127 110 1
127 113 1
127 114 1
127 115 1
127 121 1
127 122 1
127 125 1
127 126 1
128 2 1
128 5 1
128 6 1
128 7 1
128 14 1
128 18 1
128 19 1
128 20 1
128 23 1
128 25 1
128 26 1
128 29 1
128 31 1
128 32 1
128 36 1
128 40 1
128 42 1
128 45 1
128 57 1
128 59 1
128 61 1
128 63 1
128 65 1
128 66 1
128 71 1
128 72 1
128 76 1
128 77 1
128 78 1
128 79 1
128 80 1
128 84 1
128 88 1
128 89 1
128 90 1
128 99 1
128 109 1
128 111 1
128 115 1
128 118 1
128 124 1
128 127 1
129 3 1
129 8 1
129 9 1
129 12 1
129 15 1
129 16 1
129 18 1
129 20 1
129 24 1
129 27 1
129 28 1
129 30 1
129 31 1
129 44 1
129 45 1
129 48 1
129 54 1
129 58 1
129 62 1
129 65 1
129 66 1
129 67 1
129 69 1
129 70 1
129 72 1
129 73 1
129 74 1
129 76 1
129 78 1
129 80 1
129 81 1
129 84 1
129 86 1
129 87 1
129 89 1
129 93 1
129 94 1
129 96 1
129 97 1
129 99 1
129 103 1
129 112 1
129 113 1
129 114 1
129 115 1
129 121 1
129 123 1
129 127 1
129 129 1
130 0 1
130 1 1
130 4 1
130 7 1
130 8 1
130 15 1
130 18 1
130 20 1
130 21 1
130 28 1
130 29 1
130 32 1
130 35 1
130 45 1
130 47 1
130 51 1
130 54 1
130 57 1
130 64 1
130 74 1
130 76 1
130 81 1
130 86 1
130 89 1
130 92 1
130 93 1
130 97 1
130 101 1
130 102 1
130 106 1
130 109 1
130 113 1
130 115 1
130 119 1
130 120 1
130 121 1
130 127 1
130 130 1
131 1 1
131 2 1
131 5 1
131 16 1
131 17 1
131 21 1
131 27 1
131 32 1
131 34 1
131 36 1
131 38 1
131 40 1
131 42 1
131 46 1
131 49 1
131 50 1
131 52 1
131 56 1
131 59 1
131 60 1
131 61 1
131 64 1
131 65 1
131 68 1
131 71 1
131 72 1
131 74 1
131 82 1
131 83 1
131 85 1
131 87 1
131 88 1
131 92 1
131 98 1
131 99 1
131 100 1
131 101 1
131 111 1
131 115 1
131 120 1
131 123 1
131 126 1
131 128 1
131 130 1
131 131 1
132 0 1
132 3 1
132 4 1
132 5 1
132 7 1
132 9 1
132 10 1
132 14 1
132 19 1
132 22 1
132 23 1
132 26 1
132 27 1
132 29 1
132 31 1
132 32 1
132 33 1
132 36 1
132 37 1
132 38 1
132 39 1
132 47 1
132 49 1
132 51 1
132 52 1
132 60 1
132 61 1
132 63 1
132 65 1
132 68 1
132 70 1
132 72 1
132 73 1
132 75 1
132 77 1
132 78 1
132 82 1
132 83 1
132 84 1
132 106 1
132 107 1
132 109 1
132 111 1
132 114 1
132 117 1
132 123 1
132 124 1
132 128 1
132 132 1
133 0 1
133 5 1
133 9 1
133 11 1
133 13 1
133 14 1
133 15 1
133 16 1
133 18 1
133 23 1
133 24 1
133 26 1
133 28 1
133 29 1
133 33 1
133 42 1
133 50 1
133 53 1
133 57 1
133 58 1
133 59 1
133 61 1
133 68 1
133 71 1
133 79 1
133 80 1
133 84 1
133 85 1
133 90 1
133 91 1
133 94 1
133 98 1
133 99 1
133 102 1
133 103 1
133 104 1
133 109 1
133 111 1
133 112 1
133 117 1
133 120 1
133 125 1
133 129 1
133 133 1
134 0 1
134 1 1
134 8 1
134 11 1
134 15 1
134 17 1
134 18 1
134 30 1
134 33 1
134 34 1
134 35 1
134 45 1
134 46 1
134 50 1
134 52 1
134 53 1
134 55 1
134 66 1
134 69 1
134 76 1
134 81 1
134 83 1
134 86 1
134 87 1
134 88 1
134 94 1
134 103 1
134 104 1
134 105 1
134 111 1
134 112 1
134 114 1
134 129 1
134 130 1
134 132 1
134 133 1
134 134 1
135 0 1
135 4 1
135 5 1
135 14 1
135 15 1
135 16 1
135 19 1
135 26 1
135 29 1
135 31 1
135 34 1
135 41 1
135 42 1
135 44 1
135 46 1
135 48 1
135 49 1
135 50 1
135 52 1
135 56 1
135 59 1
135 61 1
135 63 1
135 66 1
135 68 1
135 71 1
135 72 1
135 78 1
135 82 1
135 84 1
135 85 1
135 90 1
135 93 1
135 94 1
135 97 1
135 98 1
135 99 1
135 100 1
135 104 1
135 108 1
135 111 1
135 113 1
135 116 1
135 117 1
135 118 1
135 122 1
135 123 1
135 125 1
135 131 1
136 2 1
136 3 1
136 8 1
136 10 1
136 12 1
136 13 1
136 18 1
136 20 1
136 22 1
136 24 1
136 25 1
136 27 1
136 30 1
136 32 1
136 33 1
136 35 1
136 39 1
136 41 1
136 54 1
136 57 1
136 62 1
136 65 1
136 67 1
136 68 1
136 71 1
136 72 1
136 73 1
136 74 1
136 76 1
136 78 1
136 79 1
136 80 1
136 83 1
136 89 1
136 90 1
136 91 1
136 93 1
136 95 1
136 96 1
136 99 1
136 101 1
136 102 1
136 103 1
136 104 1
136 105 1
136 107 1
136 125 1
136 126 1
137 2 1
137 3 1
137 7 1
137 9 1
137 14 1
137 15 1
137 17 1
137 20 1
137 22 1
137 28 1
137 29 1
137 30 1
137 31 1
137 35 1
137 40 1
137 41 1
137 42 1
137 45 1
137 48 1
137 49 1
137 50 1
137 51 1
137 55 1
137 57 1
137 60 1
137 63 1
137 65 1
137 68 1
137 71 1
137 73 1
137 74 1
137 79 1
137 80 1
137 86 1
137 91 1
137 92 1
137 93 1
137 97 1
137 98 1
137 101 1
137 103 1
137 106 1
137 111 1
137 113 1
137 114 1
137 119 1
137 120 1
137 122 1
137 125 1
137 126 1
137 129 1
137 130 1
137 137 1
138 0 1
138 2 1
138 4 1
138 9 1
138 10 1
138 13 1
138 21 1
138 23 1
138 28 1
138 32 1
138 33 1
138 40 1
138 42 1
138 43 1
138 44 1
138 46 1
138 48 1
138 50 1
138 55 1
138 58 1
138 59 1
138 60 1
138 61 1
138 63 1
138 64 1
138 68 1
138 71 1
138 72 1
138 77 1
138 78 1
138 84 1
138 90 1
138 98 1
138 99 1
138 100 1
138 101 1
138 102 1
138 105 1
138 109 1
138 111 1
138 114 1
138 123 1
138 124 1
138 131 1
138 132 1
138 134 1
139 1 1
139 16 1
139 22 1
139 29 1
139 31 1
139 33 1
139 34 1
139 35 1
139 37 1
139 45 1
139 49 1
139 50 1
139 55 1
139 65 1
139 76 1
139 85 1
139 90 1
139 92 1
139 93 1
139 95 1
139 105 1
139 111 1
139 112 1
139 114 1
139 116 1
139 132 1
139 134 1
139 139 1
140 11 1
140 18 1
140 19 1
140 31 1
140 33 1
140 39 1
140 41 1
140 42 1
140 43 1
140 52 1
140 53 1
140 55 1
140 63 1
140 67 1
140 69 1
140 75 1
140 82 1
140 85 1
140 90 1
140 91 1
140 98 1
140 101 1
140 103 1
140 104 1
140 111 1
140 112 1
140 119 1
140 121 1
140 123 1
140 128 1
140 130 1
140 133 1
140 139 1
140 140 1
141 0 1
141 4 1
141 5 1
141 7 1
141 14 1
141 15 1
141 16 1
141 22 1
141 25 1
141 26 1
141 31 1
141 35 1
141 36 1
141 37 1
141 38 1
141 42 1
141 44 1
141 45 1
141 49 1
141 51 1
141 52 1
141 58 1
141 59 1
141 64 1
141 66 1
141 70 1
141 74 1
141 75 1
141 76 1
141 77 1
141 78 1
141 79 1
141 82 1
141 83 1
141 84 1
141 90 1
141 92 1
141 95 1
141 100 1
141 104 1
141 105 1
141 110 1
141 113 1
141 114 1
141 117 1
141 119 1
141 121 1
141 122 1
141 124 1
141 128 1
141 131 1
141 138 1
142 7 1
142 8 1
142 13 1
142 18 1
142 19 1
142 24 1
142 27 1
142 28 1
142 30 1
142 32 1
142 35 1
142 47 1
142 49 1
142 54 1
142 63 1
142 65 1
142 69 1
142 70 1
142 73 1
142 74 1
142 77 1
142 79 1
142 80 1
142 84 1
142 86 1
142 87 1
142 88 1
142 90 1
142 92 1
142 93 1
142 95 1
142 96 1
142 97 1
142 101 1
142 103 1
142 104 1
142 107 1
142 116 1
142 118 1
142 119 1
142 120 1
142 125 1
142 127 1
142 129 1
142 131 1
142 136 1
142 137 1
142 138 1
142 141 1
142 142 1
143 0 1
143 5 1
143 7 1
143 9 1
143 13 1
143 19 1
143 22 1
143 25 1
143 32 1
143 35 1
143 37 1
143 38 1
143 42 1
143 49 1
143 52 1
143 54 1
143 56 1
143 57 1
143 60 1
143 63 1
143 66 1
143 68 1
143 77 1
143 78 1
143 79 1
143 82 1
143 86 1
143 90 1
143 100 1
143 102 1
143 103 1
143 105 1
143 107 1
143 109 1
143 113 1
143 124 1
143 126 1
143 131 1
143 132 1
143 135 1
143 138 1
143 141 1
144 4 1
144 6 1
144 8 1
144 10 1
144 11 1
144 14 1
144 19 1
144 22 1
144 23 1
144 26 1
144 28 1
144 30 1
144 36 1
144 37 1
144 42 1
144 44 1
144 45 1
144 46 1
144 50 1
144 56 1
144 57 1
144 58 1
144 59 1
144 62 1
144 64 1
144 65 1
144 66 1
144 67 1
144 71 1
144 72 1
144 73 1
144 79 1
144 80 1
144 82 1
144 84 1
144 87 1
144 88 1
144 91 1
144 99 1
144 100 1
144 102 1
144 103 1
144 105 1
144 108 1
144 109 1
144 110 1
144 111 1
144 112 1
144 122 1
144 123 1
144 131 1
144 133 1
144 135 1
144 137 1
144 139 1
144 143 1
144 144 1
145 0 1
145 4 1
145 5 1
145 9 1
145 10 1
145 13 1
145 21 1
145 22 1
145 26 1
145 27 1
145 28 1
145 30 1
145 31 1
145 32 1
145 36 1
145 37 1
145 38 1
145 41 1
145 44 1
145 49 1
145 50 1
145 51 1
145 52 1
145 56 1
145 58 1
145 59 1
145 61 1
145 63 1
145 68 1
145 70 1
145 71 1
145 73 1
145 78 1
145 79 1
145 80 1
145 82 1
145 84 1
145 89 1
145 90 1
145 91 1
145 98 1
145 99 1
145 100 1
145 105 1
145 107 1
145 108 1
145 110 1
145 114 1
145 115 1
145 117 1
145 119 1
145 120 1
145 124 1
145 125 1
145 130 1
145 131 1
145 132 1
145 135 1
145 140 1
145 145 1
146 0 1
146 4 1
146 7 1
146 9 1
146 12 1
146 15 1
146 17 1
146 20 1
146 25 1
146 27 1
146 30 1
146 35 1
146 39 1
146 41 1
146 45 1
146 49 1
146 51 1
146 53 1
146 64 1
146 65 1
146 67 1
146 70 1
146 71 1
146 74 1
146 75 1
146 77 1
146 78 1
146 80 1
146 86 1
146 87 1
146 88 1
146 89 1
146 90 1
146 91 1
146 97 1
146 98 1
146 106 1
146 107 1
146 109 1
146 114 1
146 115 1
146 116 1
146 118 1
146 119 1
146 124 1
146 125 1
146 126 1
146 128 1
146 129 1
146 133 1
146 136 1
146 145 1
146 146 1
147 2 1
147 4 1
147 8 1
147 17 1
147 18 1
147 20 1
147 21 1
147 24 1
147 26 1
147 29 1
147 30 1
147 35 1
147 37 1
147 45 1
147 49 1
147 51 1
147 54 1
147 55 1
147 59 1
147 62 1
147 63 1
147 67 1
147 70 1
147 72 1
147 75 1
147 76 1
147 88 1
147 89 1
147 91 1
147 92 1
147 93 1
147 94 1
147 95 1
147 96 1
147 103 1
147 107 1
147 109 1
147 113 1
147 115 1
147 116 1
147 117 1
147 124 1
147 127 1
147 130 1
147 131 1
147 136 1
147 137 1
147 138 1
147 140 1
147 142 1
147 145 1
147 146 1
147 147 1
148 0 1
148 2 1
148 5 1
148 10 1
148 12 1
148 13 1
148 14 1
148 15 1
148 16 1
148 22 1
148 26 1
148 29 1
148 31 1
148 36 1
148 40 1
148 41 1
148 44 1
148 49 1
148 59 1
148 60 1
148 61 1
148 64 1
148 65 1
148 71 1
148 72 1
148 77 1
148 78 1
148 83 1
148 85 1
148 94 1
148 96 1
148 100 1
148 105 1
148 108 1
148 109 1
148 110 1
148 111 1
148 122 1
148 123 1
148 124 1
148 125 1
148 126 1
148 132 1
148 133 1
148 137 1
148 140 1
148 145 1
149 0 1
149 2 1
149 5 1
149 6 1
149 8 1
149 11 1
149 13 1
149 14 1
149 16 1
149 21 1
149 22 1
149 23 1
149 26 1
149 31 1
149 40 1
149 45 1
149 46 1
149 49 1
149 58 1
149 59 1
149 61 1
149 64 1
149 66 1
149 68 1
149 69 1
149 72 1
149 79 1
149 80 1
149 82 1
149 90 1
149 92 1
149 96 1
149 98 1
149 105 1
149 107 1
149 108 1
149 110 1
149 115 1
149 117 1
149 122 1
149 123 1
149 128 1
149 132 1
149 138 1
149 143 1
149 144 1
149 146 1
149 148 1
149 149 1
150 1 1
150 11 1
150 13 1
150 19 1
150 24 1
150 25 1
150 28 1
150 34 1
150 37 1
150 40 1
150 43 1
150 49 1
150 50 1
150 52 1
150 53 1
150 55 1
150 56 1
150 57 1
150 63 1
150 69 1
150 77 1
150 83 1
150 84 1
150 93 1
150 94 1
150 97 1
150 100 1
150 104 1
150 105 1
150 106 1
150 112 1
150 116 1
150 118 1
150 128 1
150 133 1
150 134 1
150 136 1
150 140 1
150 141 1
150 142 1
151 1 1
151 7 1
151 13 1
151 14 1
151 15 1
151 19 1
151 23 1
151 27 1
151 28 1
151 29 1
151 31 1
151 32 1
151 34 1
151 56 1
151 62 1
151 63 1
151 64 1
151 68 1
151 70 1
151 71 1
151 77 1
151 79 1
151 80 1
151 83 1
151 86 1
151 89 1
151 91 1
151 94 1
151 97 1
151 99 1
151 100 1
151 102 1
151 105 1
151 106 1
151 110 1
151 114 1
151 124 1
151 128 1
151 132 1
151 135 1
151 138 1
151 140 1
151 141 1
151 142 1
151 143 1
151 147 1
151 151 1
152 0 1
152 2 1
152 4 1
152 5 1
152 6 1
152 10 1
152 13 1
152 14 1
152 18 1
152 22 1
152 23 1
152 29 1
152 30 1
152 31 1
152 34 1
152 42 1
152 46 1
152 47 1
152 49 1
152 51 1
152 54 1
152 55 1
152 57 1
152 58 1
152 59 1
152 61 1
152 66 1
152 71 1
152 72 1
152 73 1
152 76 1
152 83 1
152 84 1
152 88 1
152 93 1
152 98 1
152 99 1
152 100 1
152 105 1
152 106 1
152 111 1
152 115 1
152 122 1
152 123 1
152 131 1
152 132 1
152 135 1
152 138 1
152 141 1
152 144 1
152 145 1
152 152 1
153 3 1
153 6 1
153 8 1
153 9 1
153 12 1
153 13 1
153 14 1
153 16 1
153 17 1
153 20 1
153 24 1
153 30 1
153 31 1
153 35 1
153 38 1
153 41 1
153 48 1
153 49 1
153 51 1
153 61 1
153 65 1
153 67 1
153 70 1
153 74 1
153 75 1
153 81 1
153 84 1
153 86 1
153 88 1
153 89 1
153 92 1
153 93 1
153 94 1
153 95 1
153 96 1
153 98 1
153 102 1
153 103 1
153 104 1
153 107 1
153 113 1
153 115 1
153 120 1
153 122 1
153 127 1
153 128 1
153 129 1
153 130 1
153 132 1
153 135 1
153 139 1
153 141 1
153 142 1
153 146 1
153 147 1
153 148 1
153 153 1
154 0 1
154 2 1
154 11 1
154 12 1
154 27 1
154 29 1
154 32 1
154 33 1
154 50 1
154 55 1
154 61 1
154 62 1
154 68 1
154 69 1
154 88 1
154 90 1
154 99 1
154 102 1
154 104 1
154 108 1
154 110 1
154 111 1
154 112 1
154 114 1
154 124 1
154 129 1
154 134 1
154 136 1
154 139 1
154 141 1
154 147 1
154 149 1
154 154 1
155 1 1
155 4 1
155 6 1
155 12 1
155 13 1
155 15 1
155 16 1
155 18 1
155 21 1
155 22 1
155 23 1
155 28 1
155 31 1
155 32 1
155 34 1
155 36 1
155 37 1
155 40 1
155 42 1
155 46 1
155 48 1
155 52 1
155 56 1
155 61 1
155 63 1
155 66 1
155 68 1
155 71 1
155 72 1
155 77 1
155 78 1
155 82 1
155 84 1
155 85 1
155 87 1
155 98 1
155 99 1
155 100 1
155 101 1
155 102 1
155 105 1
155 109 1
155 110 1
155 115 1
155 116 1
155 122 1
155 123 1
155 124 1
155 129 1
155 132 1
155 136 1
155 139 1
155 141 1
155 144 1
155 148 1
155 151 1
155 152 1
156 0 1
156 2 1
156 8 1
156 9 1
156 12 1
156 17 1
156 18 1
156 19 1
156 20 1
156 21 1
156 25 1
156 29 1
156 30 1
156 32 1
156 38 1
156 48 1
156 51 1
156 53 1
156 64 1
156 65 1
156 67 1
156 70 1
156 73 1
156 75 1
156 76 1
156 77 1
156 78 1
156 86 1
156 88 1
156 91 1
156 92 1
156 95 1
156 98 1
156 103 1
156 107 1
156 112 1
156 113 1
156 114 1
156 115 1
156 116 1
156 119 1
156 120 1
156 121 1
156 125 1
156 126 1
156 130 1
156 134 1
156 137 1
156 140 1
156 144 1
156 145 1
156 147 1
156 151 1
156 152 1
156 156 1
157 2 1
157 3 1
157 7 1
157 8 1
157 9 1
157 10 1
157 14 1
157 15 1
157 17 1
157 24 1
157 28 1
157 36 1
157 38 1
157 42 1
157 47 1
157 51 1
157 58 1
157 61 1
157 65 1
157 68 1
157 71 1
157 73 1
157 78 1
157 81 1
157 82 1
157 86 1
157 87 1
157 88 1
157 89 1
157 90 1
157 91 1
157 96 1
157 97 1
157 99 1
157 103 1
157 113 1
157 114 1
157 116 1
157 118 1
157 120 1
157 122 1
157 129 1
157 130 1
157 136 1
157 139 1
157 144 1
157 151 1
157 156 1
157 157 1
158 0 1
158 1 1
158 3 1
158 14 1
158 16 1
158 21 1
158 23 1
158 28 1
158 29 1
158 31 1
158 32 1
158 33 1
158 36 1
158 39 1
158 47 1
158 49 1
158 60 1
158 61 1
158 62 1
158 63 1
158 65 1
158 66 1
158 68 1
158 70 1
158 71 1
158 72 1
158 79 1
158 83 1
158 99 1
158 103 1
158 105 1
158 108 1
158 109 1
158 110 1
158 111 1
158 115 1
158 122 1
158 123 1
158 124 1
158 125 1
158 128 1
158 131 1
158 132 1
158 133 1
158 135 1
158 140 1
158 141 1
158 143 1
158 144 1
158 148 1
158 151 1
158 158 1
159 3 1
159 4 1
159 5 1
159 7 1
159 8 1
159 19 1
159 20 1
159 21 1
159 23 1
159 24 1
159 27 1
159 28 1
159 30 1
159 39 1
159 40 1
159 46 1
159 52 1
159 53 1
159 59 1
159 65 1
159 70 1
159 74 1
159 75 1
159 78 1
159 83 1
159 84 1
159 87 1
159 89 1
159 91 1
159 93 1
159 94 1
159 95 1
159 96 1
159 97 1
159 99 1
159 101 1
159 102 1
159 106 1
159 107 1
159 112 1
159 113 1
159 114 1
159 115 1
159 116 1
159 118 1
159 120 1
159 121 1
159 124 1
159 125 1
159 126 1
159 129 1
159 130 1
159 132 1
159 138 1
159 142 1
159 145 1
159 147 1
159 156 1
159 157 1
159 159 1
160 1 1
160 4 1
160 5 1
160 6 1
160 12 1
160 13 1
160 15 1
160 16 1
160 21 1
160 22 1
160 23 1
160 29 1
160 31 1
160 32 1
160 34 1
160 36 1
160 37 1
160 46 1
160 49 1
160 50 1
160 56 1
160 57 1
160 58 1
160 60 1
160 65 1
160 66 1
160 72 1
160 73 1
160 77 1
160 78 1
160 79 1
160 82 1
160 84 1
160 90 1
160 96 1
160 98 1
160 99 1
160 101 1
160 109 1
160 110 1
160 111 1
160 114 1
160 117 1
160 122 1
160 128 1
160 132 1
160 133 1
160 134 1
160 135 1
160 138 1
160 139 1
160 141 1
160 144 1
160 145 1
160 149 1
160 152 1
160 153 1
160 155 1
160 160 1
161 3 1
161 7 1
161 11 1
161 18 1
161 19 1
161 20 1
161 23 1
161 24 1
161 25 1
161 26 1
161 28 1
161 38 1
161 39 1
161 40 1
161 41 1
161 47 1
161 48 1
161 53 1
161 55 1
161 57 1
161 59 1
161 60 1
161 66 1
161 67 1
161 69 1
161 73 1
161 74 1
161 75 1
161 76 1
161 77 1
161 80 1
161 81 1
161 89 1
161 92 1
161 93 1
161 94 1
161 95 1
161 97 1
161 104 1
161 105 1
161 110 1
161 113 1
161 115 1
161 120 1
161 122 1
161 127 1
161 128 1
161 129 1
161 130 1
161 137 1
161 138 1
161 147 1
161 149 1
161 150 1
161 151 1
161 153 1
161 156 1
161 157 1
161 160 1
162 2 1
162 3 1
162 5 1
162 8 1
162 11 1
162 12 1
162 17 1
162 20 1
162 24 1
162 25 1
162 26 1
162 27 1
162 28 1
162 29 1
162 30 1
162 37 1
162 38 1
162 39 1
162 41 1
162 45 1
162 47 1
162 50 1
162 51 1
162 54 1
162 60 1
162 61 1
162 62 1
162 65 1
162 69 1
162 70 1
162 76 1
162 77 1
162 79 1
162 80 1
162 81 1
162 86 1
162 88 1
162 89 1
162 91 1
162 92 1
162 93 1
162 94 1
162 95 1
162 96 1
162 97 1
162 98 1
162 100 1
162 103 1
162 105 1
162 106 1
162 109 1
162 116 1
162 117 1
162 119 1
162 120 1
162 123 1
162 126 1
162 130 1
162 133 1
162 137 1
162 138 1
162 151 1
162 153 1
162 159 1
162 162 1
163 10 1
163 11 1
163 12 1
163 13 1
163 14 1
163 20 1
163 23 1
163 30 1
163 31 1
163 35 1
163 38 1
163 40 1
163 45 1
163 49 1
163 51 1
163 61 1
163 62 1
163 63 1
163 65 1
163 70 1
163 72 1
163 75 1
163 79 1
163 80 1
163 82 1
163 87 1
163 88 1
163 90 1
163 91 1
163 92 1
163 93 1
163 94 1
163 103 1
163 106 1
163 107 1
163 113 1
163 114 1
163 115 1
163 121 1
163 124 1
163 125 1
163 126 1
163 127 1
163 129 1
163 130 1
163 136 1
163 137 1
163 139 1
163 140 1
163 150 1
163 153 1
163 157 1
163 159 1
164 0 1
164 3 1
164 4 1
164 5 1
164 7 1
164 8 1
164 11 1
164 14 1
164 15 1
164 16 1
164 21 1
164 22 1
164 30 1
164 32 1
164 35 1
164 36 1
164 37 1
164 39 1
164 41 1
164 42 1
164 46 1
164 49 1
164 51 1
164 56 1
164 59 1
164 60 1
164 61 1
164 64 1
164 66 1
164 68 1
164 72 1
164 74 1
164 77 1
164 78 1
164 80 1
164 84 1
164 85 1
164 87 1
164 96 1
164 97 1
164 98 1
164 99 1
164 100 1
164 102 1
164 104 1
164 109 1
164 111 1
164 112 1
164 115 1
164 116 1
164 117 1
164 118 1
164 123 1
164 127 1
164 131 1
164 133 1
164 138 1
164 139 1
164 145 1
164 146 1
164 149 1
164 151 1
164 152 1
164 155 1
164 156 1
164 158 1
164 160 1
164 164 1
165 1 1
165 2 1
165 3 1
165 5 1
165 12 1
165 15 1
165 20 1
165 24 1
165 27 1
165 28 1
165 31 1
165 33 1
165 41 1
165 43 1
165 48 1
165 49 1
165 52 1
165 54 1
165 57 1
165 59 1
165 60 1
165 62 1
165 63 1
165 66 1
165 67 1
165 74 1
165 77 1
165 80 1
165 81 1
165 83 1
165 86 1
165 89 1
165 92 1
165 93 1
165 94 1
165 96 1
165 97 1
165 103 1
165 106 1
165 107 1
165 109 1
165 111 1
165 113 1
165 115 1
165 116 1
165 126 1
165 127 1
165 129 1
165 131 1
165 136 1
165 139 1
165 146 1
165 150 1
165 152 1
165 153 1
165 161 1
165 162 1
165 163 1
166 1 1
166 2 1
166 4 1
166 5 1
166 10 1
166 13 1
166 14 1
166 15 1
166 16 1
166 19 1
166 22 1
166 23 1
166 26 1
166 29 1
166 31 1
166 32 1
166 37 1
166 42 1
166 44 1
166 49 1
166 51 1
166 55 1
166 57 1
166 58 1
166 62 1
166 63 1
166 67 1
166 68 1
166 76 1
166 77 1
166 78 1
166 79 1
166 83 1
166 85 1
166 87 1
166 90 1
166 93 1
166 95 1
166 98 1
166 102 1
166 105 1
166 109 1
166 111 1
166 114 1
166 117 1
166 124 1
166 128 1
166 132 1
166 141 1
166 143 1
166 144 1
166 145 1
166 149 1
166 151 1
166 155 1
166 159 1
166 160 1
166 166 1
167 4 1
167 5 1
167 8 1
167 14 1
167 15 1
167 16 1
167 19 1
167 21 1
167 22 1
167 23 1
167 25 1
167 29 1
167 31 1
167 32 1
167 34 1
167 39 1
167 44 1
167 51 1
167 57 1
167 60 1
167 65 1
167 66 1
167 68 1
167 72 1
167 78 1
167 83 1
167 85 1
167 86 1
167 100 1
167 102 1
167 108 1
167 111 1
167 114 1
167 117 1
167 122 1
167 128 1
167 130 1
167 132 1
167 135 1
167 138 1
167 140 1
167 144 1
167 145 1
167 149 1
167 151 1
167 154 1
167 155 1
167 161 1
167 167 1
168 0 1
168 2 1
168 4 1
168 21 1
168 22 1
168 23 1
168 31 1
168 32 1
168 34 1
168 36 1
168 37 1
168 39 1
168 42 1
168 43 1
168 48 1
168 49 1
168 51 1
168 56 1
168 58 1
168 60 1
168 61 1
168 62 1
168 63 1
168 64 1
168 66 1
168 70 1
168 73 1
168 74 1
168 78 1
168 81 1
168 82 1
168 88 1
168 98 1
168 101 1
168 104 1
168 105 1
168 109 1
168 110 1
168 111 1
168 113 1
168 118 1
168 119 1
168 122 1
168 124 1
168 125 1
168 127 1
168 128 1
168 129 1
168 131 1
168 133 1
168 138 1
168 140 1
168 141 1
168 143 1
168 144 1
168 145 1
168 146 1
168 147 1
168 148 1
168 150 1
168 152 1
168 160 1
168 166 1
168 168 1
169 2 1
169 3 1
169 7 1
169 8 1
169 9 1
169 12 1
169 16 1
169 18 1
169 25 1
169 27 1
169 29 1
169 31 1
169 35 1
169 36 1
169 38 1
169 39 1
169 44 1
169 45 1
169 48 1
169 52 1
169 53 1
169 63 1
169 65 1
169 69 1
169 70 1
169 71 1
169 73 1
169 74 1
169 75 1
169 77 1
169 81 1
169 83 1
169 87 1
169 89 1
169 92 1
169 93 1
169 94 1
169 96 1
169 101 1
169 103 1
169 106 1
169 111 1
169 112 1
169 113 1
169 114 1
169 118 1
169 119 1
169 120 1
169 125 1
169 137 1
169 140 1
169 142 1
169 146 1
169 153 1
169 155 1
169 156 1
169 157 1
169 161 1
169 163 1
169 165 1
169 169 1
170 3 1
170 6 1
170 7 1
170 8 1
170 9 1
170 10 1
170 18 1
170 20 1
170 27 1
170 28 1
170 30 1
170 35 1
170 38 1
170 39 1
170 41 1
170 45 1
170 48 1
170 50 1
170 62 1
170 65 1
170 67 1
170 73 1
170 74 1
170 75 1
170 76 1
170 80 1
170 81 1
170 82 1
170 83 1
170 90 1
170 91 1
170 93 1
170 94 1
170 96 1
170 101 1
170 106 1
170 108 1
170 115 1
170 116 1
170 119 1
170 127 1
170 130 1
170 136 1
170 137 1
170 146 1
170 149 1
170 156 1
170 159 1
170 160 1
170 161 1
170 163 1
170 165 1
170 167 1
170 169 1
170 170 1
171 0 1
171 3 1
171 5 1
171 6 1
171 8 1
171 13 1
171 14 1
171 15 1
171 16 1
171 19 1
171 22 1
171 30 1
171 31 1
171 33 1
171 40 1
171 42 1
171 44 1
171 49 1
171 56 1
171 59 1
171 61 1
171 63 1
171 65 1
171 67 1
171 74 1
171 77 1
171 82 1
171 84 1
171 87 1
171 90 1
171 93 1
171 97 1
171 102 1
171 105 1
171 109 1
171 110 1
171 116 1
171 117 1
171 123 1
171 124 1
171 131 1
171 133 1
171 135 1
171 138 1
171 141 1
171 143 1
171 144 1
171 145 1
171 150 1
171 151 1
171 152 1
171 155 1
171 158 1
171 161 1
171 162 1
171 164 1
171 166 1
171 167 1
172 2 1
172 3 1
172 6 1
172 7 1
172 8 1
172 18 1
172 19 1
172 20 1
172 25 1
172 27 1
172 30 1
172 38 1
172 41 1
172 45 1
172 51 1
172 52 1
172 53 1
172 56 1
172 57 1
172 60 1
172 62 1
172 67 1
172 73 1
172 74 1
172 76 1
172 78 1
172 79 1
172 83 1
172 86 1
172 87 1
172 89 1
172 91 1
172 92 1
172 93 1
172 94 1
172 96 1
172 98 1
172 99 1
172 100 1
172 103 1
172 108 1
172 113 1
172 118 1
172 120 1
172 122 1
172 131 1
172 135 1
172 137 1
172 140 1
172 143 1
172 145 1
172 146 1
172 147 1
172 148 1
172 149 1
172 153 1
172 156 1
172 158 1
172 160 1
172 161 1
172 162 1
172 163 1
172 165 1
172 168 1
172 169 1
172 170 1
173 0 1
173 4 1
173 6 1
173 9 1
173 10 1
173 15 1
173 16 1
173 19 1
173 20 1
173 22 1
173 26 1
173 27 1
173 32 1
173 38 1
173 40 1
173 46 1
173 57 1
173 59 1
173 60 1
173 64 1
173 68 1
173 70 1
173 72 1
173 79 1
173 83 1
173 84 1
173 85 1
173 87 1
173 90 1
173 98 1
173 102 1
173 109 1
173 117 1
173 123 1
173 124 1
173 126 1
173 131 1
173 133 1
173 134 1
173 136 1
173 141 1
173 143 1
173 144 1
173 145 1
173 146 1
173 152 1
173 155 1
173 157 1
173 158 1
173 160 1
173 161 1
173 163 1
173 164 1
173 166 1
173 167 1
173 168 1
173 171 1
173 172 1
173 173 1
174 2 1
174 11 1
174 15 1
174 24 1
174 27 1
174 28 1
174 30 1
174 32 1
174 34 1
174 36 1
174 40 1
174 41 1
174 45 1
174 48 1
174 54 1
174 59 1
174 65 1
174 67 1
174 68 1
174 70 1
174 75 1
174 79 1
174 90 1
174 91 1
174 92 1
174 93 1
174 94 1
174 95 1
174 100 1
174 101 1
174 102 1
174 107 1
174 110 1
174 115 1
174 121 1
174 125 1
174 126 1
174 130 1
174 136 1
174 137 1
174 141 1
174 145 1
174 146 1
174 147 1
174 151 1
174 156 1
174 157 1
174 158 1
174 159 1
174 161 1
174 163 1
174 166 1
174 167 1
174 169 1
174 172 1
174 174 1
175 0 1
175 4 1
175 5 1
175 6 1
175 7 1
175 12 1
175 14 1
175 15 1
175 16 1
175 18 1
175 23 1
175 26 1
175 28 1
175 37 1
175 44 1
175 46 1
175 49 1
175 56 1
175 57 1
175 58 1
175 60 1
175 61 1
175 64 1
175 68 1
175 70 1
175 72 1
175 73 1
175 79 1
175 82 1
175 83 1
175 85 1
175 97 1
175 99 1
175 100 1
175 105 1
175 106 1
175 108 1
175 109 1
175 111 1
175 112 1
175 113 1
175 117 1
175 120 1
175 121 1
175 123 1
175 124 1
175 131 1
175 132 1
175 134 1
175 135 1
175 141 1
175 143 1
175 148 1
175 149 1
175 152 1
175 155 1
175 157 1
175 162 1
175 166 1
175 173 1
175 175 1
176 3 1
176 7 1
176 9 1
176 13 1
176 14 1
176 17 1
176 20 1
176 23 1
176 27 1
176 28 1
176 29 1
176 30 1
176 33 1
176 35 1
176 37 1
176 42 1
176 45 1
176 48 1
176 56 1
176 59 1
176 62 1
176 63 1
176 67 1
176 70 1
176 74 1
176 77 1
176 80 1
176 86 1
176 88 1
176 89 1
176 90 1
176 91 1
176 94 1
176 95 1
176 96 1
176 97 1
176 100 1
176 101 1
176 103 1
176 104 1
176 106 1
176 107 1
176 109 1
176 110 1
176 111 1
176 112 1
176 113 1
176 115 1
176 118 1
176 119 1
176 125 1
176 127 1
176 129 1
176 130 1
176 131 1
176 132 1
176 136 1
176 137 1
176 141 1
176 147 1
176 149 1
176 153 1
176 154 1
176 155 1
176 159 1
176 160 1
176 161 1
176 163 1
176 165 1
176 169 1
176 172 1
176 174 1
176 175 1
176 176 1
177 0 1
177 5 1
177 7 1
177 9 1
177 10 1
177 13 1
177 15 1
177 20 1
177 23 1
177 28 1
177 30 1
177 32 1
177 35 1
177 37 1
177 44 1
177 46 1
177 56 1
177 58 1
177 61 1
177 67 1
177 68 1
177 71 1
177 72 1
177 77 1
177 78 1
177 79 1
177 85 1
177 86 1
177 87 1
177 89 1
177 92 1
177 100 1
177 105 1
177 109 1
177 111 1
177 116 1
177 118 1
177 122 1
177 123 1
177 124 1
177 125 1
177 133 1
177 135 1
177 137 1
177 141 1
177 144 1
177 146 1
177 148 1
177 149 1
177 153 1
177 158 1
177 160 1
177 166 1
177 167 1
177 168 1
177 172 1
177 173 1
178 2 1
178 11 1
178 12 1
178 16 1
178 21 1
178 23 1
178 25 1
178 31 1
178 33 1
178 34 1
178 37 1
178 39 1
178 40 1
178 41 1
178 42 1
178 50 1
178 53 1
178 55 1
178 59 1
178 61 1
178 62 1
178 66 1
178 69 1
178 71 1
178 73 1
178 77 1
178 87 1
178 88 1
178 90 1
178 104 1
178 106 1
178 113 1
178 114 1
178 119 1
178 127 1
178 139 1
178 140 1
178 151 1
178 154 1
178 170 1
178 172 1
178 173 1
178 174 1
178 176 1
178 177 1
178 178 1
179 0 1
179 1 1
179 4 1
179 6 1
179 8 1
179 13 1
179 15 1
179 16 1
179 19 1
179 22 1
179 23 1
179 26 1
179 27 1
179 29 1
179 31 1
179 32 1
179 33 1
179 37 1
179 40 1
179 42 1
179 44 1
179 46 1
179 52 1
179 56 1
179 57 1
179 61 1
179 63 1
179 64 1
179 70 1
179 71 1
179 72 1
179 75 1
179 77 1
179 79 1
179 80 1
179 84 1
179 88 1
179 89 1
179 90 1
179 100 1
179 102 1
179 106 1
179 108 1
179 109 1
179 117 1
179 121 1
179 123 1
179 127 1
179 130 1
179 131 1
179 133 1
179 134 1
179 135 1
179 142 1
179 145 1
179 148 1
179 151 1
179 154 1
179 155 1
179 157 1
179 162 1
179 163 1
179 166 1
179 167 1
179 170 1
179 172 1
179 173 1
179 177 1
179 179 1
180 0 1
180 1 1
180 2 1
180 4 1
180 6 1
180 10 1
180 12 1
180 14 1
180 16 1
180 18 1
180 21 1
180 22 1
180 24 1
180 26 1
180 29 1
180 31 1
180 32 1
180 33 1
180 36 1
180 42 1
180 47 1
180 53 1
180 56 1
180 58 1
180 59 1
180 60 1
180 66 1
180 69 1
180 71 1
180 72 1
180 74 1
180 78 1
180 81 1
180 82 1
180 83 1
180 90 1
180 93 1
180 98 1
180 102 1
180 123 1
180 124 1
180 131 1
180 132 1
180 133 1
180 135 1
180 141 1
180 142 1
180 143 1
180 144 1
180 148 1
180 149 1
180 151 1
180 155 1
180 157 1
180 159 1
180 167 1
180 171 1
180 173 1
180 176 1
181 5 1
181 6 1
181 10 1
181 11 1
181 13 1
181 14 1
181 18 1
181 21 1
181 22 1
181 24 1
181 28 1
181 29 1
181 32 1
181 35 1
181 36 1
181 37 1
181 40 1
181 44 1
181 47 1
181 49 1
181 51 1
181 53 1
181 57 1
181 59 1
181 60 1
181 62 1
181 63 1
181 66 1
181 71 1
181 72 1
181 77 1
181 78 1
181 79 1
181 80 1
181 82 1
181 84 1
181 85 1
181 88 1
181 90 1
181 99 1
181 106 1
181 107 1
181 108 1
181 110 1
181 111 1
181 114 1
181 116 1
181 117 1
181 122 1
181 124 1
181 126 1
181 128 1
181 134 1
181 135 1
181 138 1
181 141 1
181 144 1
181 145 1
181 155 1
181 158 1
181 163 1
181 166 1
181 167 1
181 170 1
181 171 1
181 173 1
181 174 1
181 175 1
181 179 1
181 180 1
182 0 1
182 1 1
182 12 1
182 14 1
182 18 1
182 20 1
182 28 1
182 33 1
182 34 1
182 38 1
182 41 1
182 56 1
182 60 1
182 62 1
182 64 1
182 69 1
182 80 1
182 81 1
182 82 1
182 87 1
182 90 1
182 94 1
182 95 1
182 97 1
182 98 1
182 110 1
182 112 1
182 117 1
182 125 1
182 127 1
182 131 1
182 134 1
182 139 1
182 147 1
182 149 1
182 151 1
182 153 1
182 154 1
182 164 1
182 166 1
182 167 1
182 169 1
182 171 1
182 178 1
182 182 1
183 3 1
183 4 1
183 7 1
183 8 1
183 16 1
183 20 1
183 22 1
183 25 1
183 28 1
183 33 1
183 34 1
183 37 1
183 39 1
183 41 1
183 42 1
183 43 1
183 45 1
183 47 1
183 50 1
183 52 1
183 53 1
183 57 1
183 62 1
183 64 1
183 67 1
183 72 1
183 78 1
183 79 1
183 80 1
183 83 1
183 86 1
183 89 1
183 93 1
183 94 1
183 95 1
183 102 1
183 104 1
183 106 1
183 111 1
183 113 1
183 114 1
183 115 1
183 119 1
183 121 1
183 129 1
183 132 1
183 133 1
183 139 1
183 141 1
183 146 1
183 156 1
183 160 1
183 161 1
183 163 1
183 169 1
183 170 1
183 172 1
183 174 1
183 176 1
183 182 1
183 183 1
184 4 1
184 5 1
184 14 1
184 15 1
184 16 1
184 19 1
184 20 1
184 21 1
184 26 1
184 29 1
184 32 1
184 34 1
184 36 1
184 40 1
184 42 1
184 44 1
184 46 1
184 48 1
184 49 1
184 56 1
184 57 1
184 58 1
184 59 1
184 60 1
184 61 1
184 63 1
184 64 1
184 66 1
184 68 1
184 71 1
184 72 1
184 75 1
184 81 1
184 82 1
184 83 1
184 84 1
184 87 1
184 90 1
184 97 1
184 100 1
184 102 1
184 108 1
184 119 1
184 122 1
184 123 1
184 125 1
184 131 1
184 132 1
184 135 1
184 138 1
184 140 1
184 142 1
184 143 1
184 144 1
184 145 1
184 146 1
184 149 1
184 158 1
184 160 1
184 161 1
184 167 1
184 168 1
184 171 1
184 173 1
184 180 1
184 181 1
184 184 1
185 2 1
185 5 1
185 7 1
185 8 1
185 10 1
185 11 1
185 17 1
185 18 1
185 24 1
185 28 1
185 30 1
185 37 1
185 38 1
185 39 1
185 41 1
185 48 1
185 62 1
185 67 1
185 68 1
185 70 1
185 73 1
185 74 1
185 75 1
185 76 1
185 83 1
185 88 1
185 89 1
185 90 1
185 91 1
185 92 1
185 96 1
185 109 1
185 112 1
185 113 1
185 114 1
185 115 1
185 117 1
185 118 1
185 121 1
185 123 1
185 124 1
185 125 1
185 130 1
185 134 1
185 136 1
185 138 1
185 142 1
185 146 1
185 149 1
185 165 1
185 170 1
185 172 1
185 173 1
185 177 1
185 178 1
185 180 1
185 181 1
185 185 1
186 2 1
186 3 1
186 8 1
186 9 1
186 16 1
186 17 1
186 18 1
186 22 1
186 30 1
186 31 1
186 35 1
186 39 1
186 40 1
186 41 1
186 45 1
186 47 1
186 49 1
186 54 1
186 55 1
186 57 1
186 59 1
186 65 1
186 73 1
186 74 1
186 76 1
186 83 1
186 84 1
186 86 1
186 88 1
186 89 1
186 90 1
186 91 1
186 94 1
186 95 1
186 97 1
186 98 1
186 101 1
186 106 1
186 107 1
186 114 1
186 116 1
186 120 1
186 126 1
186 129 1
186 130 1
186 134 1
186 138 1
186 145 1
186 147 1
186 153 1
186 159 1
186 162 1
186 170 1
186 172 1
186 173 1
186 177 1
186 178 1
186 183 1
186 186 1
187 3 1
187 4 1
187 8 1
187 17 1
187 20 1
187 24 1
187 25 1
187 28 1
187 35 1
187 36 1
187 39 1
187 40 1
187 41 1
187 43 1
187 45 1
187 48 1
187 49 1
187 51 1
187 53 1
187 54 1
187 62 1
187 65 1
187 70 1
187 73 1
187 76 1
187 78 1
187 79 1
187 86 1
187 88 1
187 94 1
187 96 1
187 97 1
187 106 1
187 107 1
187 113 1
187 114 1
187 115 1
187 116 1
187 118 1
187 119 1
187 120 1
187 123 1
187 124 1
187 125 1
187 127 1
187 129 1
187 131 1
187 134 1
187 137 1
187 142 1
187 152 1
187 153 1
187 157 1
187 159 1
187 160 1
187 162 1
187 164 1
187 170 1
187 171 1
187 172 1
187 174 1
187 176 1
187 177 1
187 187 1
188 1 1
188 2 1
188 8 1
188 10 1
188 11 1
188 15 1
188 16 1
188 17 1
188 18 1
188 20 1
188 24 1
188 25 1
188 27 1
188 38 1
188 39 1
188 45 1
188 48 1
188 51 1
188 52 1
188 54 1
188 60 1
188 63 1
188 65 1
188 67 1
188 69 1
188 70 1
188 74 1
188 79 1
188 86 1
188 88 1
188 89 1
188 90 1
188 91 1
188 93 1
188 96 1
188 98 1
188 101 1
188 103 1
188 106 1
188 107 1
188 109 1
188 110 1
188 113 1
188 115 1
188 116 1
188 119 1
188 120 1
188 121 1
188 124 1
188 128 1
188 129 1
188 130 1
188 132 1
188 133 1
188 137 1
188 140 1
188 143 1
188 146 1
188 151 1
188 153 1
188 156 1
188 157 1
188 159 1
188 165 1
188 173 1
188 174 1
188 176 1
188 177 1
188 181 1
188 182 1
188 185 1
188 186 1
188 187 1
188 188 1
189 11 1
189 12 1
189 13 1
189 15 1
189 19 1
189 21 1
189 22 1
189 23 1
189 25 1
189 26 1
189 27 1
189 30 1
189 31 1
189 33 1
189 37 1
189 38 1
189 42 1
189 44 1
189 46 1
189 48 1
189 51 1
189 56 1
189 58 1
189 65 1
189 66 1
189 72 1
189 77 1
189 79 1
189 84 1
189 85 1
189 90 1
189 96 1
189 100 1
189 101 1
189 104 1
189 105 1
189 109 1
189 111 1
189 116 1
189 123 1
189 132 1
189 135 1
189 142 1
189 143 1
189 146 1
189 147 1
189 148 1
189 152 1
189 153 1
189 155 1
189 156 1
189 158 1
189 159 1
189 160 1
189 161 1
189 162 1
189 168 1
189 173 1
189 177 1
189 178 1
189 180 1
189 181 1
189 186 1
189 189 1
190 0 1
190 4 1
190 9 1
190 13 1
190 16 1
190 20 1
190 22 1
190 25 1
190 26 1
190 27 1
190 29 1
190 32 1
190 36 1
190 40 1
190 42 1
190 44 1
190 49 1
190 56 1
190 57 1
190 58 1
190 59 1
190 61 1
190 64 1
190 66 1
190 76 1
190 77 1
190 78 1
190 79 1
190 81 1
190 82 1
190 83 1
190 84 1
190 91 1
190 93 1
190 95 1
190 97 1
190 98 1
190 102 1
190 108 1
190 109 1
190 111 1
190 113 1
190 114 1
190 115 1
190 120 1
190 123 1
190 124 1
190 125 1
190 130 1
190 131 1
190 132 1
190 135 1
190 138 1
190 143 1
190 144 1
190 148 1
190 151 1
190 155 1
190 158 1
190 160 1
190 163 1
190 164 1
190 166 1
190 167 1
190 168 1
190 170 1
190 177 1
190 179 1
190 182 1
190 184 1
190 188 1
190 189 1
191 2 1
191 17 1
191 18 1
191 24 1
191 25 1
191 28 1
191 30 1
191 35 1
191 36 1
191 37 1
191 38 1
191 39 1
191 41 1
191 45 1
191 51 1
191 54 1
191 62 1
191 63 1
191 65 1
191 66 1
191 67 1
191 68 1
191 69 1
191 70 1
191 77 1
191 78 1
191 81 1
191 87 1
191 88 1
191 93 1
191 95 1
191 96 1
191 99 1
191 102 1
191 106 1
191 110 1
191 113 1
191 115 1
191 119 1
191 120 1
191 121 1
191 125 1
191 126 1
191 127 1
191 132 1
191 138 1
191 141 1
191 144 1
191 145 1
191 146 1
191 152 1
191 153 1
191 155 1
191 156 1
191 157 1
191 161 1
191 162 1
191 163 1
191 165 1
191 168 1
191 174 1
191 182 1
191 183 1
191 185 1
191 186 1
191 187 1
191 189 1
191 190 1
191 191 1
192 9 1
192 11 1
192 12 1
192 15 1
192 32 1
192 34 1
192 42 1
192 43 1
192 46 1
192 48 1
192 50 1
192 52 1
192 55 1
192 62 1
192 66 1
192 67 1
192 68 1
192 74 1
192 81 1
192 97 1
192 110 1
192 112 1
192 115 1
192 118 1
192 125 1
192 134 1
192 143 1
192 144 1
192 150 1
192 151 1
192 154 1
192 163 1
192 164 1
192 166 1
192 168 1
192 171 1
192 173 1
192 174 1
192 179 1
192 182 1
192 184 1
192 186 1
193 2 1
193 3 1
193 19 1
193 22 1
193 24 1
193 25 1
193 26 1
193 27 1
193 30 1
193 31 1
193 32 1
193 35 1
193 38 1
193 43 1
193 45 1
193 47 1
193 48 1
193 53 1
193 54 1
193 57 1
193 62 1
193 64 1
193 70 1
193 72 1
193 73 1
193 75 1
193 76 1
193 78 1
193 81 1
193 84 1
193 86 1
193 87 1
193 88 1
193 89 1
193 93 1
193 97 1
193 98 1
193 101 1
193 103 1
193 105 1
193 106 1
193 107 1
193 109 1
193 113 1
193 115 1
193 116 1
193 117 1
193 119 1
193 120 1
193 121 1
193 126 1
193 131 1
193 137 1
193 142 1
193 143 1
193 145 1
193 146 1
193 150 1
193 153 1
193 156 1
193 157 1
193 159 1
193 160 1
193 161 1
193 162 1
193 168 1
193 169 1
193 177 1
193 185 1
193 186 1
193 193 1
194 4 1
194 5 1
194 6 1
194 10 1
194 13 1
194 14 1
194 17 1
194 19 1
194 22 1
194 25 1
194 29 1
194 32 1
194 37 1
194 43 1
194 44 1
194 49 1
194 58 1
194 60 1
194 64 1
194 66 1
194 68 1
194 71 1
194 73 1
194 74 1
194 77 1
194 79 1
194 80 1
194 81 1
194 85 1
194 87 1
194 92 1
194 93 1
194 98 1
194 99 1
194 100 1
194 102 1
194 108 1
194 109 1
194 110 1
194 111 1
194 112 1
194 117 1
194 122 1
194 123 1
194 124 1
194 130 1
194 131 1
194 133 1
194 134 1
194 138 1
194 141 1
194 143 1
194 144 1
194 145 1
194 149 1
194 151 1
194 153 1
194 155 1
194 160 1
194 165 1
194 166 1
194 168 1
194 169 1
194 170 1
194 173 1
194 175 1
194 179 1
194 181 1
194 190 1
194 191 1
194 192 1
194 194 1
195 1 1
195 2 1
195 5 1
195 7 1
195 10 1
195 13 1
195 14 1
195 15 1
195 24 1
195 28 1
195 29 1
195 31 1
195 32 1
195 36 1
195 37 1
195 40 1
195 44 1
195 47 1
195 49 1
195 51 1
195 61 1
195 62 1
195 63 1
195 66 1
195 72 1
195 75 1
195 79 1
195 83 1
195 84 1
195 85 1
195 90 1
195 97 1
195 98 1
195 108 1
195 109 1
195 111 1
195 113 1
195 117 1
195 120 1
195 121 1
195 123 1
195 124 1
195 125 1
195 127 1
195 132 1
195 133 1
195 135 1
195 139 1
195 141 1
195 143 1
195 145 1
195 151 1
195 155 1
195 157 1
195 158 1
195 164 1
195 165 1
195 166 1
195 171 1
195 173 1
195 175 1
195 176 1
195 180 1
195 181 1
195 184 1
195 185 1
195 193 1
195 194 1
195 195 1
196 2 1
196 3 1
196 12 1
196 18 1
196 22 1
196 24 1
196 26 1
196 28 1
196 30 1
196 41 1
196 42 1
196 45 1
196 47 1
196 51 1
196 53 1
196 54 1
196 59 1
196 61 1
196 62 1
196 63 1
196 65 1
196 67 1
196 68 1
196 74 1
196 75 1
196 76 1
196 80 1
196 81 1
196 82 1
196 83 1
196 86 1
196 87 1
196 89 1
196 90 1
196 95 1
196 96 1
196 97 1
196 101 1
196 102 1
196 103 1
196 104 1
196 106 1
196 109 1
196 113 1
196 114 1
196 119 1
196 120 1
196 121 1
196 125 1
196 126 1
196 128 1
196 129 1
196 130 1
196 136 1
196 137 1
196 139 1
196 142 1
196 148 1
196 150 1
196 153 1
196 156 1
196 157 1
196 159 1
196 160 1
196 162 1
196 163 1
196 169 1
196 170 1
196 172 1
196 174 1
196 176 1
196 180 1
196 181 1
196 184 1
196 185 1
196 186 1
196 187 1
196 191 1
197 0 1
197 3 1
197 6 1
197 7 1
197 8 1
197 10 1
197 11 1
197 12 1
197 17 1
197 18 1
197 24 1
197 28 1
197 30 1
197 31 1
197 41 1
197 43 1
197 44 1
197 48 1
197 50 1
197 51 1
197 53 1
197 57 1
197 58 1
197 62 1
197 64 1
197 65 1
197 67 1
197 68 1
197 77 1
197 81 1
197 82 1
197 83 1
197 85 1
197 87 1
197 89 1
197 90 1
197 95 1
197 96 1
197 98 1
197 103 1
197 106 1
197 112 1
197 113 1
197 115 1
197 116 1
197 117 1
197 120 1
197 126 1
197 127 1
197 129 1
197 132 1
197 137 1
197 145 1
197 147 1
197 156 1
197 160 1
197 161 1
197 163 1
197 168 1
197 170 1
197 172 1
197 173 1
197 174 1
197 176 1
197 180 1
197 181 1
197 183 1
197 186 1
197 188 1
197 189 1
197 190 1
197 191 1
197 193 1
197 197 1
198 3 1
198 7 1
198 11 1
198 12 1
198 14 1
198 17 1
198 26 1
198 30 1
198 35 1
198 36 1
198 38 1
198 39 1
198 42 1
198 47 1
198 49 1
198 51 1
198 53 1
198 54 1
198 58 1
198 62 1
198 65 1
198 68 1
198 70 1
198 73 1
198 74 1
198 75 1
198 80 1
198 83 1
198 86 1
198 89 1
198 92 1
198 94 1
198 95 1
198 97 1
198 100 1
198 101 1
198 103 1
198 104 1
198 105 1
198 106 1
198 113 1
198 116 1
198 119 1
198 120 1
198 121 1
198 124 1
198 126 1
198 135 1
198 138 1
198 139 1
198 146 1
198 147 1
198 150 1
198 159 1
198 162 1
198 165 1
198 169 1
198 170 1
198 178 1
198 180 1
198 181 1
198 183 1
198 185 1
198 186 1
198 187 1
198 193 1
198 198 1
199 2 1
199 8 1
199 9 1
199 13 1
199 15 1
199 17 1
199 20 1
199 21 1
199 27 1
199 28 1
199 38 1
199 41 1
199 43 1
199 47 1
199 53 1
199 54 1
199 60 1
199 61 1
199 62 1
199 66 1
199 67 1
199 70 1
199 72 1
199 74 1
199 80 1
199 87 1
199 88 1
199 89 1
199 90 1
199 92 1
199 93 1
199 94 1
199 95 1
199 96 1
199 97 1
199 99 1
199 102 1
199 103 1
199 104 1
199 106 1
199 115 1
199 116 1
199 118 1
199 119 1
199 120 1
199 121 1
199 122 1
199 125 1
199 133 1
199 142 1
199 152 1
199 153 1
199 157 1
199 158 1
199 159 1
199 160 1
199 161 1
199 162 1
199 163 1
199 165 1
199 169 1
199 170 1
199 172 1
199 176 1
199 180 1
199 183 1
199 191 1
199 193 1
199 194 1
199 197 1
199 199 1
0 0 2
1 1 2
2 2 2
3 3 2
4 3 2
5 1 2
5 3 2
5 4 2
6 0 2
6 2 2
7 0 2
7 3 2
7 5 2
7 7 2
8 0 2
8 1 2
8 2 2
8 3 2
8 4 2
8 5 2
8 6 2
8 7 2
9 4 2
9 5 2
9 7 2
9 8 2
9 9 2
10 2 2
10 5 2
10 8 2
10 10 2
11 0 2
11 2 2
11 6 2
12 4 2
12 5 2
12 10 2
12 12 2
13 3 2
13 8 2
13 10 2
13 13 2
14 2 2
14 3 2
14 4 2
14 6 2
14 13 2
14 14 2
15 0 2
15 6 2
15 8 2
15 9 2
15 10 2
15 14 2
15 15 2
16 1 2
16 5 2
16 7 2
16 9 2
16 10 2
16 12 2
16 14 2
16 16 2
17 1 2
17 2 2
17 4 2
17 5 2
17 6 2
17 8 2
17 10 2
17 12 2
17 13 2
17 14 2
17 15 2
17 16 2
18 1 2
18 2 2
18 3 2
18 4 2
18 5 2
18 6 2
18 7 2
18 14 2
18 15 2
18 16 2
18 17 2
19 0 2
19 2 2
19 7 2
19 8 2
19 9 2
19 10 2
19 13 2
19 14 2
19 15 2
19 16 2
19 17 2
19 19 2
20 0 2
20 2 2
20 3 2
20 4 2
20 5 2
20 8 2
20 9 2
20 12 2
20 13 2
20 14 2
20 15 2
20 16 2
20 17 2
20 19 2
21 0 2
21 2 2
21 3 2
21 5 2
21 9 2
21 11 2
21 16 2
21 18 2
21 19 2
22 2 2
22 9 2
22 12 2
22 14 2
22 17 2
22 18 2
22 19 2
22 22 2
23 0 2
23 4 2
23 5 2
23 6 2
23 9 2
23 10 2
23 12 2
23 15 2
23 16 2
23 17 2
23 19 2
23 21 2
23 22 2
23 23 2
24 0 2
24 2 2
24 3 2
24 4 2
24 7 2
24 9 2
24 11 2
24 12 2
24 13 2
24 17 2
24 20 2
24 22 2
25 0 2
25 3 2
25 4 2
25 5 2
25 6 2
25 10 2
25 12 2
25 13 2
25 16 2
25 22 2
25 23 2
25 24 2
25 25 2
26 2 2
26 3 2
26 4 2
26 6 2
26 7 2
26 13 2
26 14 2
26 17 2
26 18 2
26 19 2
26 21 2
26 22 2
26 23 2
26 25 2
27 2 2
27 3 2
27 4 2
27 9 2
27 12 2
27 13 2
27 14 2
27 15 2
27 16 2
27 17 2
27 18 2
27 19 2
27 20 2
27 21 2
27 22 2
27 24 2
27 26 2
28 1 2
28 2 2
28 4 2
28 6 2
28 8 2
28 9 2
28 10 2
28 12 2
28 16 2
28 17 2
28 18 2
28 19 2
28 20 2
28 21 2
28 22 2
28 24 2
28 27 2
28 28 2
29 0 2
29 4 2
29 5 2
29 7 2
29 8 2
29 9 2
29 10 2
29 12 2
29 14 2
29 15 2
29 16 2
29 17 2
29 19 2
29 21 2
29 22 2
29 26 2
29 27 2
29 28 2
30 0 2
30 4 2
30 7 2
30 8 2
30 9 2
30 12 2
30 14 2
30 16 2
30 18 2
30 21 2
30 22 2
30 24 2
30 30 2
31 0 2
31 4 2
31 5 2
31 6 2
31 7 2
31 8 2
31 12 2
31 13 2
31 14 2
31 15 2
31 18 2
31 19 2
31 20 2
31 23 2
31 28 2
31 29 2
32 0 2
32 2 2
32 3 2
32 9 2
32 13 2
32 14 2
32 15 2
32 17 2
32 19 2
32 20 2
32 22 2
32 25 2
32 27 2
32 28 2
32 31 2
32 32 2
33 5 2
33 10 2
33 11 2
33 16 2
33 18 2
33 21 2
33 26 2
33 27 2
34 1 2
34 2 2
34 3 2
34 6 2
34 7 2
34 26 2
34 34 2
35 0 2
35 1 2
35 2 2
35 5 2
35 6 2
35 10 2
35 15 2
35 17 2
35 18 2
35 20 2
35 22 2
35 23 2
35 29 2
35 30 2
35 31 2
35 32 2
35 35 2
36 1 2
36 5 2
36 7 2
36 8 2
36 12 2
36 13 2
36 15 2
36 17 2
36 18 2
36 19 2
36 20 2
36 22 2
36 25 2
36 27 2
36 28 2
36 29 2
36 30 2
36 31 2
36 32 2
36 36 2
37 0 2
37 4 2
37 5 2
37 6 2
37 8 2
37 10 2
37 11 2
37 12 2
37 14 2
37 15 2
37 16 2
37 17 2
37 19 2
37 20 2
37 22 2
37 24 2
37 25 2
37 29 2
37 30 2
37 31 2
37 32 2
37 33 2
37 35 2
37 36 2
37 37 2
38 1 2
38 4 2
38 14 2
38 15 2
38 16 2
38 17 2
38 19 2
38 21 2
38 23 2
38 26 2
38 27 2
38 28 2
38 29 2
38 30 2
38 31 2
38 32 2
38 35 2
38 36 2
38 37 2
38 38 2
39 2 2
39 4 2
39 5 2
39 7 2
39 8 2
39 9 2
39 12 2
39 14 2
39 15 2
39 20 2
39 21 2
39 23 2
39 25 2
39 28 2
39 29 2
39 30 2
39 31 2
39 32 2
39 37 2
39 39 2
40 2 2
40 5 2
40 6 2
40 7 2
40 10 2
40 12 2
40 15 2
40 19 2
40 20 2
40 21 2
40 22 2
40 23 2
40 25 2
40 26 2
40 27 2
40 29 2
40 30 2
40 33 2
40 36 2
40 38 2
40 39 2
40 40 2
41 3 2
41 4 2
41 5 2
41 8 2
41 12 2
41 14 2
41 15 2
41 16 2
41 20 2
41 22 2
41 24 2
41 25 2
41 27 2
41 28 2
41 30 2
41 31 2
41 35 2
41 36 2
41 41 2
42 1 2
42 2 2
42 4 2
42 7 2
42 8 2
42 12 2
42 13 2
42 14 2
42 17 2
42 18 2
42 19 2
42 22 2
42 26 2
42 28 2
42 30 2
42 31 2
42 32 2
42 36 2
42 40 2
42 41 2
42 42 2
43 0 2
43 1 2
43 7 2
43 9 2
43 13 2
43 14 2
43 15 2
43 16 2
43 18 2
43 20 2
43 24 2
43 33 2
43 35 2
43 36 2
43 39 2
43 42 2
43 43 2
44 2 2
44 5 2
44 6 2
44 7 2
44 9 2
44 10 2
44 12 2
44 14 2
44 18 2
44 20 2
44 21 2
44 22 2
44 24 2
44 25 2
44 27 2
44 28 2
44 29 2
44 30 2
44 39 2
44 41 2
44 42 2
44 43 2
44 44 2
45 0 2
45 3 2
45 4 2
45 5 2
45 6 2
45 16 2
45 17 2
45 18 2
45 27 2
45 28 2
45 29 2
45 30 2
45 31 2
45 32 2
45 35 2
45 39 2
45 40 2
45 41 2
45 44 2
45 45 2
46 0 2
46 1 2
46 2 2
46 3 2
46 4 2
46 5 2
46 6 2
46 12 2
46 13 2
46 14 2
46 16 2
46 17 2
46 21 2
46 22 2
46 23 2
46 26 2
46 28 2
46 30 2
46 35 2
46 41 2
46 42 2
46 43 2
46 44 2
47 1 2
47 2 2
47 4 2
47 5 2
47 6 2
47 12 2
47 13 2
47 14 2
47 15 2
47 17 2
47 18 2
47 19 2
47 20 2
47 22 2
47 25 2
47 29 2
47 32 2
47 34 2
47 35 2
47 37 2
47 39 2
47 40 2
47 45 2
48 0 2
48 4 2
48 5 2
48 9 2
48 10 2
48 16 2
48 19 2
48 21 2
48 22 2
48 23 2
48 24 2
48 28 2
48 30 2
48 32 2
48 34 2
48 37 2
48 38 2
48 39 2
48 40 2
48 41 2
48 42 2
48 48 2
49 3 2
49 5 2
49 6 2
49 9 2
49 10 2
49 12 2
49 14 2
49 16 2
49 20 2
49 22 2
49 24 2
49 25 2
49 26 2
49 27 2
49 29 2
49 30 2
49 32 2
49 36 2
49 37 2
49 41 2
49 42 2
49 45 2
49 47 2
49 48 2
49 49 2
50 1 2
50 2 2
50 4 2
50 5 2
50 11 2
50 16 2
50 23 2
50 29 2
50 33 2
50 34 2
50 38 2
50 40 2
50 42 2
50 44 2
50 48 2
51 0 2
51 1 2
51 2 2
51 3 2
51 7 2
51 12 2
51 17 2
51 19 2
51 24 2
51 25 2
51 29 2
51 31 2
51 34 2
51 35 2
51 36 2
51 37 2
51 42 2
51 44 2
51 46 2
51 50 2
51 51 2
52 2 2
52 4 2
52 6 2
52 9 2
52 12 2
52 14 2
52 18 2
52 30 2
52 31 2
52 33 2
52 41 2
52 43 2
52 50 2
53 0 2
53 5 2
53 7 2
53 9 2
53 10 2
53 11 2
53 14 2
53 15 2
53 18 2
53 19 2
53 20 2
53 21 2
53 22 2
53 24 2
53 25 2
53 26 2
53 27 2
53 28 2
53 29 2
53 30 2
53 35 2
53 36 2
53 37 2
53 39 2
53 40 2
53 41 2
53 42 2
53 45 2
53 48 2
53 49 2
54 0 2
54 3 2
54 5 2
54 6 2
54 7 2
54 9 2
54 12 2
54 16 2
54 17 2
54 18 2
54 19 2
54 20 2
54 22 2
54 23 2
54 25 2
54 26 2
54 30 2
54 31 2
54 32 2
54 35 2
54 37 2
54 39 2
54 41 2
54 44 2
54 47 2
54 52 2
54 54 2
55 1 2
55 4 2
55 6 2
55 9 2
55 12 2
55 15 2
55 16 2
55 20 2
55 30 2
55 32 2
55 33 2
55 37 2
55 40 2
55 42 2
55 43 2
55 44 2
55 45 2
55 46 2
55 51 2
55 53 2
56 0 2
56 3 2
56 4 2
56 6 2
56 9 2
56 13 2
56 14 2
56 16 2
56 17 2
56 18 2
56 19 2
56 20 2
56 22 2
56 24 2
56 28 2
56 29 2
56 32 2
56 33 2
56 34 2
56 36 2
56 38 2
56 41 2
56 43 2
56 46 2
56 47 2
56 48 2
56 49 2
56 51 2
56 52 2
56 54 2
57 2 2
57 5 2
57 6 2
57 8 2
57 12 2
57 13 2
57 14 2
57 17 2
57 18 2
57 20 2
57 21 2
57 22 2
57 23 2
57 24 2
57 32 2
57 33 2
57 35 2
57 36 2
57 37 2
57 38 2
57 39 2
57 40 2
57 41 2
57 42 2
57 44 2
57 48 2
57 53 2
57 55 2
57 56 2
57 57 2
58 0 2
58 3 2
58 4 2
58 8 2
58 9 2
58 10 2
58 11 2
58 14 2
58 16 2
58 17 2
58 19 2
58 20 2
58 21 2
58 22 2
58 25 2
58 26 2
58 28 2
58 31 2
58 32 2
58 33 2
58 37 2
58 40 2
58 43 2
58 46 2
58 48 2
58 49 2
58 51 2
58 52 2
58 54 2
58 56 2
58 58 2
59 6 2
59 8 2
59 10 2
59 12 2
59 13 2
59 15 2
59 16 2
59 19 2
59 20 2
59 21 2
59 22 2
59 25 2
59 26 2
59 31 2
59 32 2
59 41 2
59 44 2
59 49 2
59 53 2
59 54 2
59 57 2
60 0 2
60 1 2
60 2 2
60 4 2
60 5 2
60 9 2
60 10 2
60 13 2
60 14 2
60 16 2
60 17 2
60 19 2
60 21 2
60 24 2
60 25 2
60 26 2
60 28 2
60 29 2
60 31 2
60 35 2
60 36 2
60 38 2
60 39 2
60 41 2
60 46 2
60 47 2
60 49 2
60 52 2
60 57 2
60 60 2
61 0 2
61 2 2
61 3 2
61 5 2
61 6 2
61 7 2
61 9 2
61 14 2
61 17 2
61 18 2
61 19 2
61 20 2
61 23 2
61 29 2
61 30 2
61 36 2
61 39 2
61 40 2
61 44 2
61 45 2
61 47 2
61 48 2
61 49 2
61 50 2
61 53 2
61 56 2
61 57 2
61 59 2
61 60 2
62 0 2
62 2 2
62 3 2
62 5 2
62 6 2
62 7 2
62 8 2
62 9 2
62 15 2
62 16 2
62 17 2
62 18 2
62 21 2
62 23 2
62 24 2
62 25 2
62 27 2
62 28 2
62 30 2
62 32 2
62 37 2
62 44 2
62 45 2
62 46 2
62 47 2
62 48 2
62 49 2
62 51 2
62 54 2
62 56 2
62 57 2
62 60 2
62 61 2
62 62 2
63 0 2
63 3 2
63 4 2
63 5 2
63 8 2
63 9 2
63 10 2
63 12 2
63 13 2
63 14 2
63 15 2
63 16 2
63 17 2
63 19 2
63 22 2
63 24 2
63 25 2
63 26 2
63 27 2
63 29 2
63 30 2
63 32 2
63 38 2
63 39 2
63 40 2
63 42 2
63 43 2
63 44 2
63 45 2
63 46 2
63 47 2
63 48 2
63 49 2
63 50 2
63 52 2
63 53 2
63 56 2
63 58 2
63 63 2
64 0 2
64 2 2
64 3 2
64 4 2
64 7 2
64 8 2
64 10 2
64 12 2
64 13 2
64 14 2
64 15 2
64 17 2
64 19 2
64 20 2
64 21 2
64 22 2
64 24 2
64 26 2
64 28 2
64 29 2
64 31 2
64 35 2
64 36 2
64 37 2
64 44 2
64 46 2
64 47 2
64 57 2
64 60 2
64 62 2
64 63 2
65 0 2
65 2 2
65 4 2
65 6 2
65 9 2
65 13 2
65 14 2
65 15 2
65 16 2
65 18 2
65 19 2
65 20 2
65 23 2
65 24 2
65 25 2
65 28 2
65 31 2
65 32 2
65 33 2
65 35 2
65 36 2
65 37 2
65 38 2
65 39 2
65 40 2
65 41 2
65 42 2
65 45 2
65 46 2
65 47 2
65 49 2
65 53 2
65 56 2
65 57 2
65 59 2
65 62 2
65 63 2
66 0 2
66 1 2
66 3 2
66 5 2
66 6 2
66 7 2
66 13 2
66 14 2
66 15 2
66 16 2
66 19 2
66 20 2
66 22 2
66 23 2
66 25 2
66 31 2
66 32 2
66 35 2
66 37 2
66 42 2
66 44 2
66 49 2
66 51 2
66 52 2
66 59 2
66 60 2
66 61 2
66 63 2
66 64 2
66 66 2
67 4 2
67 6 2
67 7 2
67 8 2
67 12 2
67 17 2
67 19 2
67 20 2
67 21 2
67 24 2
67 26 2
67 28 2
67 36 2
67 37 2
67 38 2
67 39 2
67 46 2
67 47 2
67 49 2
67 53 2
67 56 2
67 57 2
67 58 2
67 59 2
67 60 2
67 61 2
67 63 2
67 67 2
68 0 2
68 1 2
68 2 2
68 3 2
68 4 2
68 5 2
68 6 2
68 10 2
68 12 2
68 13 2
68 16 2
68 18 2
68 19 2
68 20 2
68 22 2
68 23 2
68 25 2
68 27 2
68 28 2
68 30 2
68 31 2
68 32 2
68 35 2
68 36 2
68 37 2
68 41 2
68 42 2
68 43 2
68 44 2
68 46 2
68 49 2
68 52 2
68 53 2
68 54 2
68 55 2
68 56 2
68 57 2
68 59 2
68 61 2
68 62 2
68 63 2
68 64 2
68 65 2
68 66 2
68 68 2
69 1 2
69 2 2
69 6 2
69 11 2
69 17 2
69 19 2
69 21 2
69 28 2
69 30 2
69 33 2
69 42 2
69 49 2
69 64 2
70 3 2
70 4 2
70 7 2
70 12 2
70 14 2
70 15 2
70 18 2
70 19 2
70 21 2
70 22 2
70 24 2
70 25 2
70 26 2
70 28 2
70 29 2
70 30 2
70 31 2
70 32 2
70 36 2
70 37 2
70 38 2
70 40 2
70 41 2
70 42 2
70 44 2
70 45 2
70 52 2
70 53 2
70 54 2
70 57 2
70 59 2
70 60 2
70 61 2
70 63 2
70 65 2
70 67 2
71 2 2
71 3 2
71 7 2
71 9 2
71 13 2
71 14 2
71 15 2
71 16 2
71 17 2
71 18 2
71 23 2
71 24 2
71 25 2
71 26 2
71 27 2
71 28 2
71 30 2
71 31 2
71 32 2
71 37 2
71 38 2
71 46 2
71 48 2
71 53 2
71 57 2
71 58 2
71 59 2
71 61 2
71 63 2
71 64 2
71 70 2
72 0 2
72 4 2
72 5 2
72 6 2
72 7 2
72 8 2
72 10 2
72 12 2
72 13 2
72 15 2
72 21 2
72 24 2
72 28 2
72 29 2
72 30 2
72 31 2
72 32 2
72 35 2
72 37 2
72 46 2
72 48 2
72 53 2
72 56 2
72 59 2
72 62 2
72 63 2
72 64 2
72 65 2
72 66 2
72 68 2
72 71 2
73 2 2
73 7 2
73 8 2
73 10 2
73 12 2
73 14 2
73 15 2
73 16 2
73 17 2
73 18 2
73 19 2
73 20 2
73 22 2
73 24 2
73 25 2
73 27 2
73 30 2
73 32 2
73 34 2
73 35 2
73 36 2
73 38 2
73 40 2
73 41 2
73 43 2
73 45 2
73 47 2
73 52 2
73 53 2
73 54 2
73 55 2
73 58 2
73 65 2
73 66 2
73 67 2
73 71 2
74 2 2
74 3 2
74 4 2
74 6 2
74 8 2
74 10 2
74 13 2
74 14 2
74 16 2
74 17 2
74 18 2
74 22 2
74 25 2
74 30 2
74 32 2
74 38 2
74 41 2
74 42 2
74 46 2
74 47 2
74 48 2
74 49 2
74 51 2
74 53 2
74 58 2
74 60 2
74 61 2
74 62 2
74 63 2
74 64 2
74 65 2
74 66 2
74 68 2
74 70 2
75 1 2
75 2 2
75 3 2
75 6 2
75 7 2
75 10 2
75 12 2
75 14 2
75 15 2
75 17 2
75 18 2
75 19 2
75 20 2
75 21 2
75 24 2
75 25 2
75 26 2
75 27 2
75 28 2
75 30 2
75 32 2
75 37 2
75 38 2
75 46 2
75 47 2
75 48 2
75 49 2
75 50 2
75 52 2
75 53 2
75 54 2
75 58 2
75 59 2
75 60 2
75 61 2
75 70 2
75 71 2
75 72 2
75 73 2
75 74 2
75 75 2
76 0 2
76 2 2
76 4 2
76 6 2
76 9 2
76 10 2
76 13 2
76 16 2
76 18 2
76 19 2
76 21 2
76 25 2
76 26 2
76 29 2
76 31 2
76 33 2
76 35 2
76 36 2
76 37 2
76 39 2
76 41 2
76 42 2
76 45 2
76 46 2
76 48 2
76 49 2
76 56 2
76 58 2
76 62 2
76 63 2
76 64 2
76 70 2
76 72 2
76 75 2
76 76 2
77 2 2
77 3 2
77 4 2
77 5 2
77 7 2
77 10 2
77 11 2
77 13 2
77 16 2
77 20 2
77 21 2
77 23 2
77 24 2
77 26 2
77 28 2
77 29 2
77 35 2
77 38 2
77 41 2
77 45 2
77 46 2
77 48 2
77 49 2
77 53 2
77 54 2
77 56 2
77 57 2
77 59 2
77 60 2
77 61 2
77 67 2
77 68 2
77 73 2
77 74 2
77 75 2
77 76 2
77 77 2
78 2 2
78 4 2
78 7 2
78 8 2
78 9 2
78 18 2
78 20 2
78 24 2
78 25 2
78 26 2
78 27 2
78 28 2
78 29 2
78 31 2
78 34 2
78 35 2
78 38 2
78 39 2
78 42 2
78 44 2
78 46 2
78 51 2
78 54 2
78 56 2
78 57 2
78 58 2
78 60 2
78 64 2
78 65 2
78 66 2
78 68 2
78 71 2
78 74 2
78 76 2
78 77 2
78 78 2
79 5 2
79 6 2
79 8 2
79 9 2
79 10 2
79 13 2
79 19 2
79 21 2
79 24 2
79 27 2
79 28 2
79 30 2
79 31 2
79 32 2
79 36 2
79 38 2
79 39 2
79 41 2
79 44 2
79 45 2
79 46 2
79 47 2
79 49 2
79 51 2
79 54 2
79 55 2
79 56 2
79 57 2
79 59 2
79 60 2
79 62 2
79 63 2
79 65 2
79 66 2
79 70 2
79 71 2
79 72 2
79 73 2
79 75 2
79 76 2
79 78 2
80 0 2
80 3 2
80 4 2
80 5 2
80 6 2
80 7 2
80 8 2
80 13 2
80 14 2
80 18 2
80 19 2
80 21 2
80 22 2
80 23 2
80 27 2
80 31 2
80 32 2
80 35 2
80 40 2
80 44 2
80 45 2
80 46 2
80 47 2
80 48 2
80 53 2
80 56 2
80 57 2
80 58 2
80 60 2
80 61 2
80 62 2
80 64 2
80 65 2
80 66 2
80 67 2
80 68 2
80 71 2
80 74 2
80 76 2
80 78 2
80 80 2
81 0 2
81 2 2
81 3 2
81 4 2
81 5 2
81 6 2
81 13 2
81 14 2
81 16 2
81 18 2
81 19 2
81 22 2
81 27 2
81 29 2
81 31 2
81 33 2
81 34 2
81 36 2
81 37 2
81 39 2
81 41 2
81 42 2
81 45 2
81 48 2
81 49 2
81 51 2
81 53 2
81 55 2
81 56 2
81 58 2
81 59 2
81 60 2
81 61 2
81 62 2
81 64 2
81 65 2
81 66 2
81 68 2
81 71 2
81 73 2
81 74 2
81 76 2
81 77 2
81 78 2
81 80 2
81 81 2
82 0 2
82 2 2
82 5 2
82 7 2
82 9 2
82 10 2
82 13 2
82 15 2
82 16 2
82 18 2
82 19 2
82 23 2
82 25 2
82 27 2
82 28 2
82 30 2
82 34 2
82 35 2
82 36 2
82 37 2
82 38 2
82 41 2
82 42 2
82 44 2
82 47 2
82 49 2
82 51 2
82 52 2
82 53 2
82 56 2
82 59 2
82 60 2
82 61 2
82 63 2
82 64 2
82 65 2
82 66 2
82 71 2
82 72 2
82 73 2
82 74 2
82 75 2
82 76 2
82 77 2
82 78 2
82 80 2
83 0 2
83 2 2
83 3 2
83 7 2
83 8 2
83 10 2
83 12 2
83 14 2
83 15 2
83 17 2
83 18 2
83 19 2
83 21 2
83 22 2
83 25 2
83 27 2
83 28 2
83 32 2
83 35 2
83 36 2
83 39 2
83 41 2
83 42 2
83 44 2
83 47 2
83 48 2
83 49 2
83 51 2
83 54 2
83 59 2
83 60 2
83 61 2
83 62 2
83 63 2
83 66 2
83 67 2
83 70 2
83 71 2
83 72 2
83 73 2
83 74 2
83 76 2
83 77 2
83 79 2
83 82 2
84 0 2
84 1 2
84 2 2
84 5 2
84 6 2
84 7 2
84 8 2
84 9 2
84 10 2
84 11 2
84 14 2
84 16 2
84 17 2
84 18 2
84 19 2
84 22 2
84 23 2
84 24 2
84 26 2
84 27 2
84 28 2
84 29 2
84 30 2
84 31 2
84 36 2
84 40 2
84 42 2
84 45 2
84 46 2
84 48 2
84 52 2
84 54 2
84 56 2
84 58 2
84 59 2
84 62 2
84 64 2
84 65 2
84 67 2
84 72 2
84 73 2
84 74 2
84 75 2
84 76 2
84 77 2
84 78 2
84 83 2
84 84 2
85 1 2
85 4 2
85 5 2
85 8 2
85 12 2
85 14 2
85 18 2
85 19 2
85 20 2
85 22 2
85 24 2
85 25 2
85 27 2
85 29 2
85 31 2
85 32 2
85 33 2
85 37 2
85 38 2
85 43 2
85 45 2
85 46 2
85 47 2
85 52 2
85 53 2
85 54 2
85 59 2
85 61 2
85 62 2
85 64 2
85 66 2
85 67 2
85 69 2
85 70 2
85 71 2
85 72 2
85 73 2
85 74 2
85 75 2
85 79 2
85 80 2
85 81 2
85 82 2
85 84 2
86 2 2
86 4 2
86 5 2
86 6 2
86 7 2
86 10 2
86 12 2
86 13 2
86 14 2
86 16 2
86 17 2
86 18 2
86 21 2
86 22 2
86 23 2
86 26 2
86 27 2
86 28 2
86 32 2
86 36 2
86 39 2
86 41 2
86 42 2
86 44 2
86 46 2
86 47 2
86 48 2
86 51 2
86 53 2
86 54 2
86 56 2
86 57 2
86 58 2
86 60 2
86 61 2
86 64 2
86 67 2
86 68 2
86 70 2
86 73 2
86 75 2
86 77 2
86 78 2
86 79 2
86 81 2
86 82 2
86 84 2
86 85 2
86 86 2
87 0 2
87 2 2
87 3 2
87 7 2
87 8 2
87 9 2
87 12 2
87 13 2
87 15 2
87 16 2
87 17 2
87 18 2
87 20 2
87 22 2
87 24 2
87 25 2
87 26 2
87 29 2
87 30 2
87 31 2
87 34 2
87 35 2
87 36 2
87 39 2
87 40 2
87 41 2
87 44 2
87 45 2
87 46 2
87 47 2
87 48 2
87 49 2
87 50 2
87 51 2
87 52 2
87 54 2
87 56 2
87 58 2
87 59 2
87 61 2
87 65 2
87 66 2
87 67 2
87 68 2
87 73 2
87 76 2
87 77 2
87 78 2
87 79 2
87 81 2
87 83 2
87 86 2
88 2 2
88 4 2
88 5 2
88 6 2
88 7 2
88 10 2
88 12 2
88 13 2
88 14 2
88 15 2
88 16 2
88 21 2
88 22 2
88 23 2
88 24 2
88 27 2
88 28 2
88 30 2
88 32 2
88 33 2
88 37 2
88 39 2
88 41 2
88 43 2
88 44 2
88 46 2
88 47 2
88 48 2
88 49 2
88 51 2
88 54 2
88 56 2
88 58 2
88 59 2
88 64 2
88 65 2
88 66 2
88 70 2
88 71 2
88 72 2
88 74 2
88 77 2
88 78 2
88 81 2
88 82 2
88 83 2
88 84 2
88 85 2
88 86 2
88 88 2
89 0 2
89 2 2
89 3 2
89 4 2
89 7 2
89 8 2
89 9 2
89 10 2
89 12 2
89 14 2
89 15 2
89 18 2
89 19 2
89 20 2
89 23 2
89 24 2
89 25 2
89 27 2
89 28 2
89 30 2
89 31 2
89 32 2
89 33 2
89 38 2
89 39 2
89 41 2
89 42 2
89 44 2
89 57 2
89 58 2
89 59 2
89 63 2
89 64 2
89 65 2
89 67 2
89 69 2
89 71 2
89 72 2
89 73 2
89 74 2
89 75 2
89 76 2
89 77 2
89 79 2
89 81 2
89 82 2
89 84 2
89 85 2
89 86 2
89 87 2
89 89 2
90 0 2
90 2 2
90 3 2
90 5 2
90 6 2
90 7 2
90 8 2
90 10 2
90 13 2
90 14 2
90 15 2
90 16 2
90 17 2
90 18 2
90 19 2
90 20 2
90 21 2
90 22 2
90 26 2
90 31 2
90 32 2
90 34 2
90 35 2
90 37 2
90 38 2
90 40 2
90 41 2
90 42 2
90 44 2
90 48 2
90 54 2
90 58 2
90 63 2
90 64 2
90 66 2
90 67 2
90 70 2
90 71 2
90 74 2
90 75 2
90 76 2
90 85 2
90 87 2
90 90 2
91 2 2
91 4 2
91 7 2
91 10 2
91 15 2
91 17 2
91 19 2
91 20 2
91 21 2
91 24 2
91 27 2
91 28 2
91 29 2
91 39 2
91 45 2
91 46 2
91 49 2
91 55 2
91 59 2
91 60 2
91 61 2
91 63 2
91 64 2
91 70 2
91 71 2
91 75 2
91 76 2
91 77 2
91 79 2
91 80 2
91 81 2
91 82 2
91 83 2
91 85 2
91 86 2
91 90 2
91 91 2
92 2 2
92 3 2
92 4 2
92 10 2
92 13 2
92 14 2
92 16 2
92 17 2
92 19 2
92 22 2
92 23 2
92 29 2
92 30 2
92 31 2
92 32 2
92 35 2
92 38 2
92 40 2
92 41 2
92 44 2
92 45 2
92 46 2
92 48 2
92 49 2
92 54 2
92 56 2
92 58 2
92 60 2
92 63 2
92 66 2
92 68 2
92 69 2
92 71 2
92 72 2
92 73 2
92 74 2
92 77 2
92 79 2
92 82 2
92 84 2
92 85 2
92 87 2
92 88 2
92 89 2
92 90 2
92 91 2
92 92 2
93 2 2
93 3 2
93 4 2
93 5 2
93 6 2
93 7 2
93 8 2
93 10 2
93 12 2
93 13 2
93 17 2
93 18 2
93 19 2
93 20 2
93 21 2
93 22 2
93 24 2
93 26 2
93 27 2
93 29 2
93 31 2
93 37 2
93 38 2
93 39 2
93 40 2
93 41 2
93 42 2
93 44 2
93 45 2
93 49 2
93 53 2
93 54 2
93 56 2
93 57 2
93 60 2
93 62 2
93 63 2
93 64 2
93 66 2
93 68 2
93 70 2
93 72 2
93 73 2
93 74 2
93 76 2
93 77 2
93 78 2
93 79 2
93 80 2
93 81 2
93 82 2
93 83 2
93 84 2
93 87 2
93 88 2
93 89 2
93 90 2
93 92 2
93 93 2
94 0 2
94 2 2
94 3 2
94 4 2
94 9 2
94 10 2
94 12 2
94 16 2
94 18 2
94 22 2
94 25 2
94 26 2
94 30 2
94 31 2
94 37 2
94 38 2
94 39 2
94 40 2
94 41 2
94 42 2
94 44 2
94 46 2
94 48 2
94 50 2
94 51 2
94 52 2
94 56 2
94 58 2
94 59 2
94 60 2
94 61 2
94 62 2
94 63 2
94 68 2
94 70 2
94 71 2
94 72 2
94 73 2
94 74 2
94 78 2
94 79 2
94 81 2
94 82 2
94 83 2
94 84 2
94 85 2
94 86 2
94 87 2
94 91 2
94 92 2
95 0 2
95 1 2
95 3 2
95 4 2
95 6 2
95 7 2
95 11 2
95 13 2
95 15 2
95 16 2
95 18 2
95 19 2
95 21 2
95 22 2
95 24 2
95 25 2
95 27 2
95 28 2
95 31 2
95 32 2
95 35 2
95 36 2
95 38 2
95 42 2
95 45 2
95 46 2
95 48 2
95 49 2
95 51 2
95 54 2
95 59 2
95 60 2
95 61 2
95 62 2
95 63 2
95 64 2
95 65 2
95 71 2
95 72 2
95 73 2
95 74 2
95 75 2
95 76 2
95 84 2
95 85 2
95 87 2
95 89 2
95 90 2
95 91 2
95 92 2
95 93 2
95 95 2
96 1 2
96 3 2
96 5 2
96 6 2
96 14 2
96 15 2
96 16 2
96 17 2
96 19 2
96 20 2
96 21 2
96 22 2
96 23 2
96 24 2
96 26 2
96 27 2
96 30 2
96 32 2
96 35 2
96 36 2
96 38 2
96 39 2
96 40 2
96 41 2
96 42 2
96 45 2
96 46 2
96 48 2
96 49 2
96 50 2
96 56 2
96 60 2
96 61 2
96 62 2
96 63 2
96 65 2
96 67 2
96 68 2
96 69 2
96 70 2
96 71 2
96 72 2
96 73 2
96 74 2
96 75 2
96 77 2
96 81 2
96 82 2
96 83 2
96 84 2
96 86 2
96 89 2
96 92 2
96 93 2
96 96 2
97 0 2
97 3 2
97 5 2
97 6 2
97 7 2
97 8 2
97 9 2
97 10 2
97 11 2
97 12 2
97 14 2
97 15 2
97 16 2
97 17 2
97 18 2
97 19 2
97 23 2
97 24 2
97 25 2
97 26 2
97 27 2
97 29 2
97 31 2
97 33 2
97 34 2
97 35 2
97 38 2
97 40 2
97 42 2
97 44 2
97 46 2
97 47 2
97 48 2
97 49 2
97 51 2
97 52 2
97 59 2
97 62 2
97 63 2
97 65 2
97 66 2
97 67 2
97 71 2
97 75 2
97 77 2
97 78 2
97 79 2
97 82 2
97 83 2
97 84 2
97 86 2
97 88 2
97 90 2
97 91 2
97 92 2
97 95 2
97 96 2
98 4 2
98 5 2
98 8 2
98 10 2
98 12 2
98 13 2
98 15 2
98 17 2
98 18 2
98 19 2
98 20 2
98 21 2
98 22 2
98 23 2
98 24 2
98 29 2
98 32 2
98 35 2
98 36 2
98 37 2
98 39 2
98 45 2
98 46 2
98 48 2
98 51 2
98 53 2
98 54 2
98 56 2
98 58 2
98 59 2
98 60 2
98 62 2
98 63 2
98 65 2
98 66 2
98 67 2
98 68 2
98 69 2
98 71 2
98 77 2
98 78 2
98 79 2
98 80 2
98 83 2
98 84 2
98 87 2
98 88 2
98 89 2
98 91 2
98 92 2
98 93 2
98 94 2
98 95 2
98 98 2
99 2 2
99 3 2
99 5 2
99 6 2
99 7 2
99 8 2
99 10 2
99 13 2
99 14 2
99 16 2
99 18 2
99 19 2
99 20 2
99 21 2
99 22 2
99 23 2
99 24 2
99 25 2
99 29 2
99 31 2
99 35 2
99 39 2
99 40 2
99 41 2
99 42 2
99 44 2
99 46 2
99 47 2
99 48 2
99 49 2
99 52 2
99 55 2
99 60 2
99 61 2
99 65 2
99 71 2
99 72 2
99 73 2
99 74 2
99 75 2
99 76 2
99 77 2
99 78 2
99 79 2
99 80 2
99 81 2
99 82 2
99 87 2
99 89 2
99 91 2
99 95 2
100 1 2
100 2 2
100 3 2
100 5 2
100 6 2
100 7 2
100 10 2
100 11 2
100 13 2
100 14 2
100 15 2
100 19 2
100 20 2
100 21 2
100 23 2
100 25 2
100 26 2
100 28 2
100 32 2
100 35 2
100 36 2
100 37 2
100 38 2
100 41 2
100 42 2
100 43 2
100 46 2
100 47 2
100 51 2
100 55 2
100 56 2
100 57 2
100 58 2
100 60 2
100 62 2
100 63 2
100 64 2
100 65 2
100 67 2
100 68 2
100 69 2
100 71 2
100 72 2
100 74 2
100 75 2
100 80 2
100 81 2
100 84 2
100 85 2
100 87 2
100 88 2
100 90 2
100 92 2
100 93 2
100 96 2
100 97 2
100 100 2
101 0 2
101 2 2
101 4 2
101 8 2
101 9 2
101 10 2
101 14 2
101 16 2
101 17 2
101 18 2
101 19 2
101 20 2
101 21 2
101 22 2
101 23 2
101 24 2
101 25 2
101 26 2
101 27 2
101 29 2
101 30 2
101 31 2
101 32 2
101 35 2
101 37 2
101 38 2
101 39 2
101 49 2
101 53 2
101 54 2
101 58 2
101 59 2
101 60 2
101 61 2
101 62 2
101 64 2
101 66 2
101 67 2
101 68 2
101 69 2
101 70 2
101 71 2
101 76 2
101 78 2
101 79 2
101 80 2
101 81 2
101 83 2
101 84 2
101 86 2
101 87 2
101 88 2
101 89 2
101 93 2
101 95 2
101 96 2
101 100 2
102 0 2
102 2 2
102 5 2
102 7 2
102 8 2
102 9 2
102 14 2
102 15 2
102 16 2
102 17 2
102 18 2
102 19 2
102 20 2
102 21 2
102 22 2
102 24 2
102 27 2
102 33 2
102 36 2
102 37 2
102 44 2
102 45 2
102 47 2
102 51 2
102 53 2
102 54 2
102 57 2
102 58 2
102 61 2
102 63 2
102 64 2
102 67 2
102 70 2
102 71 2
102 72 2
102 76 2
102 78 2
102 79 2
102 82 2
102 83 2
102 84 2
102 86 2
102 87 2
102 88 2
102 90 2
102 91 2
102 92 2
102 93 2
102 94 2
102 101 2
103 2 2
103 3 2
103 5 2
103 6 2
103 7 2
103 8 2
103 10 2
103 11 2
103 12 2
103 15 2
103 22 2
103 23 2
103 24 2
103 26 2
103 27 2
103 30 2
103 32 2
103 33 2
103 35 2
103 41 2
103 42 2
103 45 2
103 46 2
103 49 2
103 54 2
103 56 2
103 62 2
103 63 2
103 64 2
103 65 2
103 68 2
103 72 2
103 74 2
103 76 2
103 79 2
103 80 2
103 84 2
103 85 2
103 86 2
103 88 2
103 91 2
103 92 2
103 93 2
103 96 2
103 99 2
103 103 2
104 2 2
104 5 2
104 6 2
104 12 2
104 13 2
104 19 2
104 21 2
104 26 2
104 29 2
104 30 2
104 32 2
104 38 2
104 39 2
104 43 2
104 46 2
104 48 2
104 50 2
104 51 2
104 52 2
104 57 2
104 62 2
104 69 2
104 70 2
104 74 2
104 79 2
104 83 2
104 85 2
104 87 2
104 88 2
104 99 2
105 2 2
105 4 2
105 5 2
105 6 2
105 13 2
105 14 2
105 15 2
105 17 2
105 18 2
105 19 2
105 20 2
105 21 2
105 24 2
105 25 2
105 28 2
105 29 2
105 30 2
105 35 2
105 37 2
105 38 2
105 39 2
105 40 2
105 41 2
105 42 2
105 44 2
105 45 2
105 57 2
105 60 2
105 61 2
105 63 2
105 65 2
105 66 2
105 68 2
105 70 2
105 71 2
105 73 2
105 74 2
105 76 2
105 77 2
105 78 2
105 79 2
105 80 2
105 82 2
105 84 2
105 86 2
105 88 2
105 90 2
105 92 2
105 94 2
105 95 2
105 98 2
105 100 2
105 101 2
105 102 2
105 103 2
105 104 2
106 2 2
106 5 2
106 6 2
106 8 2
106 9 2
106 10 2
106 13 2
106 14 2
106 15 2
106 16 2
106 17 2
106 18 2
106 20 2
106 22 2
106 25 2
106 26 2
106 27 2
106 31 2
106 32 2
106 39 2
106 44 2
106 45 2
106 47 2
106 48 2
106 51 2
106 54 2
106 55 2
106 56 2
106 57 2
106 60 2
106 61 2
106 64 2
106 65 2
106 66 2
106 72 2
106 73 2
106 75 2
106 77 2
106 79 2
106 81 2
106 82 2
106 83 2
106 84 2
106 85 2
106 88 2
106 89 2
106 93 2
106 94 2
106 95 2
106 98 2
106 99 2
106 100 2
106 101 2
106 105 2
106 106 2
107 0 2
107 7 2
107 9 2
107 13 2
107 15 2
107 19 2
107 21 2
107 22 2
107 24 2
107 30 2
107 32 2
107 33 2
107 37 2
107 39 2
107 42 2
107 44 2
107 46 2
107 47 2
107 49 2
107 51 2
107 54 2
107 57 2
107 59 2
107 60 2
107 61 2
107 65 2
107 66 2
107 67 2
107 71 2
107 78 2
107 79 2
107 80 2
107 81 2
107 82 2
107 83 2
107 87 2
107 88 2
107 89 2
107 90 2
107 92 2
107 96 2
107 97 2
107 105 2
107 106 2
108 6 2
108 7 2
108 9 2
108 12 2
108 13 2
108 14 2
108 15 2
108 17 2
108 18 2
108 20 2
108 23 2
108 25 2
108 26 2
108 28 2
108 29 2
108 30 2
108 31 2
108 32 2
108 33 2
108 35 2
108 38 2
108 42 2
108 44 2
108 45 2
108 46 2
108 47 2
108 48 2
108 49 2
108 51 2
108 54 2
108 57 2
108 58 2
108 59 2
108 62 2
108 63 2
108 66 2
108 67 2
108 68 2
108 70 2
108 72 2
108 73 2
108 74 2
108 77 2
108 78 2
108 79 2
108 81 2
108 82 2
108 83 2
108 84 2
108 85 2
108 86 2
108 88 2
108 89 2
108 90 2
108 91 2
108 92 2
108 94 2
108 97 2
108 98 2
108 99 2
108 100 2
108 101 2
108 103 2
108 105 2
108 108 2
109 3 2
109 4 2
109 5 2
109 6 2
109 7 2
109 9 2
109 11 2
109 12 2
109 14 2
109 15 2
109 16 2
109 18 2
109 20 2
109 22 2
109 23 2
109 24 2
109 25 2
109 30 2
109 35 2
109 36 2
109 37 2
109 38 2
109 39 2
109 40 2
109 42 2
109 44 2
109 45 2
109 46 2
109 49 2
109 51 2
109 53 2
109 54 2
109 57 2
109 59 2
109 62 2
109 64 2
109 65 2
109 68 2
109 69 2
109 70 2
109 75 2
109 76 2
109 78 2
109 85 2
109 86 2
109 88 2
109 92 2
109 96 2
109 97 2
109 98 2
109 99 2
109 101 2
109 103 2
109 106 2
109 109 2
110 3 2
110 4 2
110 6 2
110 8 2
110 10 2
110 12 2
110 15 2
110 16 2
110 18 2
110 19 2
110 20 2
110 22 2
110 23 2
110 24 2
110 25 2
110 30 2
110 31 2
110 33 2
110 35 2
110 36 2
110 39 2
110 40 2
110 41 2
110 48 2
110 51 2
110 54 2
110 56 2
110 57 2
110 59 2
110 60 2
110 62 2
110 65 2
110 67 2
110 68 2
110 70 2
110 71 2
110 72 2
110 73 2
110 74 2
110 75 2
110 76 2
110 81 2
110 82 2
110 87 2
110 89 2
110 90 2
110 92 2
110 93 2
110 94 2
110 95 2
110 96 2
110 97 2
110 101 2
110 105 2
111 0 2
111 2 2
111 4 2
111 5 2
111 8 2
111 9 2
111 13 2
111 14 2
111 16 2
111 18 2
111 22 2
111 25 2
111 27 2
111 29 2
111 32 2
111 33 2
111 34 2
111 37 2
111 39 2
111 40 2
111 44 2
111 45 2
111 49 2
111 51 2
111 52 2
111 54 2
111 57 2
111 59 2
111 62 2
111 63 2
111 64 2
111 66 2
111 73 2
111 74 2
111 75 2
111 76 2
111 77 2
111 79 2
111 80 2
111 84 2
111 86 2
111 87 2
111 89 2
111 90 2
111 91 2
111 92 2
111 93 2
111 94 2
111 95 2
111 97 2
111 102 2
111 105 2
111 107 2
111 108 2
111 111 2
112 1 2
112 3 2
112 5 2
112 11 2
112 12 2
112 15 2
112 17 2
112 18 2
112 22 2
112 23 2
112 26 2
112 33 2
112 34 2
112 41 2
112 45 2
112 46 2
112 47 2
112 50 2
112 55 2
112 56 2
112 61 2
112 73 2
112 79 2
112 85 2
112 104 2
112 105 2
112 111 2
112 112 2
113 3 2
113 7 2
113 8 2
113 9 2
113 12 2
113 13 2
113 15 2
113 16 2
113 19 2
113 20 2
113 22 2
113 24 2
113 27 2
113 33 2
113 34 2
113 37 2
113 38 2
113 39 2
113 43 2
113 45 2
113 46 2
113 47 2
113 48 2
113 49 2
113 53 2
113 54 2
113 57 2
113 58 2
113 59 2
113 61 2
113 62 2
113 65 2
113 66 2
113 68 2
113 70 2
113 71 2
113 72 2
113 73 2
113 76 2
113 78 2
113 80 2
113 81 2
113 82 2
113 83 2
113 87 2
113 90 2
113 91 2
113 92 2
113 93 2
113 95 2
113 97 2
113 98 2
113 99 2
113 102 2
113 103 2
113 109 2
113 110 2
113 111 2
114 0 2
114 2 2
114 4 2
114 5 2
114 7 2
114 9 2
114 10 2
114 12 2
114 13 2
114 15 2
114 16 2
114 20 2
114 21 2
114 24 2
114 25 2
114 26 2
114 27 2
114 29 2
114 35 2
114 36 2
114 37 2
114 46 2
114 47 2
114 49 2
114 50 2
114 51 2
114 52 2
114 53 2
114 54 2
114 55 2
114 56 2
114 57 2
114 60 2
114 61 2
114 62 2
114 63 2
114 64 2
114 65 2
114 67 2
114 69 2
114 70 2
114 74 2
114 76 2
114 77 2
114 78 2
114 79 2
114 81 2
114 85 2
114 86 2
114 91 2
114 92 2
114 93 2
114 95 2
114 98 2
114 100 2
114 101 2
114 102 2
114 103 2
114 105 2
114 107 2
114 110 2
114 113 2
114 114 2
115 2 2
115 3 2
115 4 2
115 6 2
115 8 2
115 10 2
115 12 2
115 18 2
115 20 2
115 22 2
115 24 2
115 26 2
115 27 2
115 28 2
115 31 2
115 35 2
115 38 2
115 40 2
115 41 2
115 42 2
115 44 2
115 46 2
115 47 2
115 49 2
115 53 2
115 56 2
115 57 2
115 58 2
115 59 2
115 60 2
115 61 2
115 63 2
115 66 2
115 70 2
115 71 2
115 72 2
115 73 2
115 80 2
115 82 2
115 83 2
115 86 2
115 87 2
115 88 2
115 90 2
115 92 2
115 93 2
115 94 2
115 97 2
115 100 2
115 101 2
115 103 2
115 105 2
115 108 2
115 110 2
115 111 2
115 112 2
115 113 2
115 114 2
115 115 2
116 2 2
116 6 2
116 7 2
116 8 2
116 9 2
116 10 2
116 13 2
116 14 2
116 15 2
116 18 2
116 21 2
116 22 2
116 25 2
116 28 2
116 29 2
116 32 2
116 35 2
116 38 2
116 40 2
116 42 2
116 45 2
116 46 2
116 49 2
116 53 2
116 55 2
116 56 2
116 58 2
116 59 2
116 61 2
116 62 2
116 63 2
116 64 2
116 68 2
116 70 2
116 71 2
116 72 2
116 75 2
116 78 2
116 81 2
116 83 2
116 85 2
116 86 2
116 89 2
116 90 2
116 96 2
116 99 2
116 100 2
116 101 2
116 102 2
116 103 2
116 105 2
116 111 2
116 114 2
116 116 2
117 0 2
117 2 2
117 3 2
117 4 2
117 6 2
117 8 2
117 10 2
117 12 2
117 16 2
117 19 2
117 20 2
117 22 2
117 24 2
117 25 2
117 26 2
117 29 2
117 31 2
117 33 2
117 37 2
117 38 2
117 39 2
117 40 2
117 43 2
117 45 2
117 49 2
117 51 2
117 54 2
117 56 2
117 57 2
117 60 2
117 61 2
117 64 2
117 65 2
117 67 2
117 70 2
117 75 2
117 80 2
117 81 2
117 85 2
117 86 2
117 89 2
117 91 2
117 93 2
117 95 2
117 98 2
117 105 2
117 106 2
117 107 2
117 108 2
117 109 2
117 113 2
117 114 2
117 117 2
118 5 2
118 7 2
118 8 2
118 11 2
118 12 2
118 13 2
118 14 2
118 16 2
118 18 2
118 20 2
118 21 2
118 23 2
118 24 2
118 25 2
118 27 2
118 28 2
118 32 2
118 35 2
118 36 2
118 37 2
118 38 2
118 40 2
118 41 2
118 45 2
118 46 2
118 48 2
118 49 2
118 54 2
118 60 2
118 63 2
118 65 2
118 67 2
118 68 2
118 69 2
118 70 2
118 71 2
118 73 2
118 74 2
118 75 2
118 79 2
118 81 2
118 82 2
118 84 2
118 85 2
118 87 2
118 89 2
118 91 2
118 92 2
118 93 2
118 97 2
118 99 2
118 103 2
118 105 2
118 106 2
118 107 2
118 108 2
118 110 2
118 111 2
118 113 2
118 114 2
118 118 2
119 0 2
119 3 2
119 4 2
119 6 2
119 8 2
119 10 2
119 13 2
119 14 2
119 17 2
119 18 2
119 19 2
119 21 2
119 25 2
119 26 2
119 29 2
119 31 2
119 32 2
119 33 2
119 34 2
119 35 2
119 36 2
119 37 2
119 39 2
119 42 2
119 43 2
119 44 2
119 45 2
119 46 2
119 47 2
119 48 2
119 55 2
119 56 2
119 59 2
119 60 2
119 64 2
119 65 2
119 66 2
119 72 2
119 73 2
119 74 2
119 75 2
119 77 2
119 79 2
119 80 2
119 82 2
119 83 2
119 84 2
119 87 2
119 88 2
119 90 2
119 91 2
119 93 2
119 96 2
119 98 2
119 101 2
119 102 2
119 103 2
119 105 2
119 106 2
119 108 2
119 109 2
119 111 2
120 0 2
120 3 2
120 4 2
120 5 2
120 6 2
120 7 2
120 8 2
120 12 2
120 18 2
120 20 2
120 21 2
120 24 2
120 26 2
120 35 2
120 36 2
120 37 2
120 38 2
120 39 2
120 41 2
120 42 2
120 45 2
120 46 2
120 48 2
120 50 2
120 51 2
120 56 2
120 57 2
120 60 2
120 63 2
120 64 2
120 65 2
120 70 2
120 71 2
120 72 2
120 74 2
120 77 2
120 80 2
120 81 2
120 83 2
120 87 2
120 88 2
120 89 2
120 92 2
120 94 2
120 98 2
120 99 2
120 100 2
120 102 2
120 103 2
120 107 2
120 109 2
120 110 2
120 114 2
120 116 2
120 117 2
120 120 2
121 0 2
121 3 2
121 4 2
121 5 2
121 8 2
121 12 2
121 14 2
121 16 2
121 18 2
121 20 2
121 21 2
121 24 2
121 25 2
121 27 2
121 30 2
121 33 2
121 36 2
121 37 2
121 38 2
121 41 2
121 44 2
121 46 2
121 49 2
121 51 2
121 52 2
121 54 2
121 55 2
121 57 2
121 58 2
121 59 2
121 60 2
121 61 2
121 62 2
121 63 2
121 66 2
121 67 2
121 70 2
121 72 2
121 74 2
121 75 2
121 76 2
121 77 2
121 78 2
121 80 2
121 81 2
121 82 2
121 83 2
121 85 2
121 86 2
121 87 2
121 88 2
121 89 2
121 91 2
121 93 2
121 95 2
121 96 2
121 99 2
121 100 2
121 101 2
121 102 2
121 106 2
121 107 2
121 109 2
121 110 2
121 114 2
121 115 2
121 117 2
121 119 2
121 120 2
122 0 2
122 1 2
122 2 2
122 5 2
122 7 2
122 8 2
122 9 2
122 13 2
122 15 2
122 16 2
122 17 2
122 18 2
122 23 2
122 24 2
122 29 2
122 30 2
122 31 2
122 32 2
122 35 2
122 36 2
122 38 2
122 40 2
122 41 2
122 44 2
122 45 2
122 46 2
122 49 2
122 53 2
122 54 2
122 55 2
122 56 2
122 58 2
122 59 2
122 61 2
122 63 2
122 65 2
122 69 2
122 70 2
122 74 2
122 75 2
122 76 2
122 77 2
122 78 2
122 81 2
122 85 2
122 89 2
122 90 2
122 91 2
122 92 2
122 93 2
122 95 2
122 96 2
122 97 2
122 99 2
122 101 2
122 102 2
122 106 2
122 107 2
122 111 2
122 112 2
122 113 2
122 115 2
122 116 2
122 117 2
122 118 2
122 120 2
122 121 2
123 2 2
123 4 2
123 12 2
123 13 2
123 20 2
123 23 2
123 24 2
123 32 2
123 33 2
123 36 2
123 37 2
123 39 2
123 41 2
123 42 2
123 44 2
123 49 2
123 53 2
123 55 2
123 56 2
123 59 2
123 61 2
123 62 2
123 63 2
123 64 2
123 65 2
123 67 2
123 69 2
123 70 2
123 71 2
123 72 2
123 73 2
123 74 2
123 75 2
123 77 2
123 80 2
123 81 2
123 84 2
123 86 2
123 87 2
123 91 2
123 92 2
123 93 2
123 95 2
123 96 2
123 97 2
123 99 2
123 101 2
123 107 2
123 108 2
123 113 2
123 115 2
123 116 2
123 117 2
123 120 2
124 2 2
124 4 2
124 5 2
124 6 2
124 10 2
124 13 2
124 15 2
124 16 2
124 17 2
124 21 2
124 22 2
124 23 2
124 24 2
124 29 2
124 30 2
124 31 2
124 32 2
124 35 2
124 36 2
124 37 2
124 38 2
124 39 2
124 41 2
124 44 2
124 46 2
124 47 2
124 49 2
124 50 2
124 51 2
124 53 2
124 54 2
124 57 2
124 58 2
124 59 2
124 60 2
124 61 2
124 63 2
124 64 2
124 65 2
124 66 2
124 68 2
124 70 2
124 71 2
124 74 2
124 76 2
124 77 2
124 80 2
124 81 2
124 82 2
124 83 2
124 84 2
124 85 2
124 86 2
124 89 2
124 90 2
124 93 2
124 94 2
124 96 2
124 97 2
124 98 2
124 99 2
124 101 2
124 102 2
124 103 2
124 105 2
124 106 2
124 116 2
124 117 2
124 120 2
124 123 2
124 124 2
125 2 2
125 3 2
125 5 2
125 6 2
125 8 2
125 9 2
125 11 2
125 13 2
125 16 2
125 19 2
125 20 2
125 21 2
125 22 2
125 25 2
125 26 2
125 28 2
125 30 2
125 37 2
125 38 2
125 40 2
125 41 2
125 42 2
125 44 2
125 46 2
125 48 2
125 50 2
125 53 2
125 56 2
125 58 2
125 60 2
125 62 2
125 63 2
125 66 2
125 68 2
125 72 2
125 77 2
125 80 2
125 81 2
125 82 2
125 83 2
125 84 2
125 86 2
125 88 2
125 92 2
125 94 2
125 96 2
125 97 2
125 98 2
125 99 2
125 100 2
125 101 2
125 102 2
125 104 2
125 105 2
125 107 2
125 108 2
125 109 2
125 110 2
125 114 2
125 115 2
125 116 2
125 117 2
125 118 2
125 119 2
125 121 2
125 122 2
125 124 2
125 125 2
126 1 2
126 4 2
126 7 2
126 8 2
126 10 2
126 11 2
126 13 2
126 14 2
126 16 2
126 18 2
126 20 2
126 21 2
126 23 2
126 24 2
126 30 2
126 32 2
126 37 2
126 38 2
126 39 2
126 41 2
126 44 2
126 45 2
126 46 2
126 47 2
126 49 2
126 51 2
126 53 2
126 56 2
126 57 2
126 58 2
126 59 2
126 60 2
126 62 2
126 64 2
126 66 2
126 67 2
126 69 2
126 70 2
126 72 2
126 73 2
126 74 2
126 76 2
126 77 2
126 78 2
126 79 2
126 81 2
126 85 2
126 86 2
126 87 2
126 89 2
126 90 2
126 94 2
126 99 2
126 100 2
126 101 2
126 105 2
126 107 2
126 109 2
126 110 2
126 111 2
126 115 2
126 116 2
126 121 2
126 122 2
126 126 2
127 1 2
127 2 2
127 5 2
127 6 2
127 7 2
127 9 2
127 12 2
127 13 2
127 14 2
127 15 2
127 16 2
127 17 2
127 18 2
127 19 2
127 21 2
127 25 2
127 26 2
127 28 2
127 30 2
127 31 2
127 32 2
127 35 2
127 36 2
127 41 2
127 42 2
127 44 2
127 46 2
127 47 2
127 53 2
127 56 2
127 57 2
127 58 2
127 60 2
127 62 2
127 65 2
127 67 2
127 68 2
127 70 2
127 73 2
127 74 2
127 75 2
127 78 2
127 79 2
127 81 2
127 82 2
127 83 2
127 85 2
127 86 2
127 87 2
127 89 2
127 93 2
127 96 2
127 99 2
127 101 2
127 102 2
127 109 2
127 110 2
127 111 2
127 114 2
127 115 2
127 117 2
127 118 2
127 119 2
127 120 2
127 121 2
127 123 2
127 124 2
127 126 2
128 0 2
128 4 2
128 9 2
128 13 2
128 16 2
128 17 2
128 18 2
128 19 2
128 20 2
128 21 2
128 22 2
128 24 2
128 25 2
128 27 2
128 28 2
128 29 2
128 30 2
128 31 2
128 37 2
128 39 2
128 40 2
128 41 2
128 42 2
128 43 2
128 48 2
128 53 2
128 54 2
128 56 2
128 57 2
128 58 2
128 59 2
128 60 2
128 61 2
128 62 2
128 63 2
128 64 2
128 66 2
128 69 2
128 70 2
128 71 2
128 73 2
128 76 2
128 78 2
128 82 2
128 83 2
128 84 2
128 85 2
128 87 2
128 88 2
128 89 2
128 91 2
128 92 2
128 93 2
128 97 2
128 98 2
128 99 2
128 100 2
128 103 2
128 105 2
128 108 2
128 109 2
128 111 2
128 113 2
128 114 2
128 115 2
128 116 2
128 119 2
128 120 2
128 121 2
128 123 2
128 126 2
128 127 2
128 128 2
129 0 2
129 2 2
129 4 2
129 8 2
129 12 2
129 13 2
129 14 2
129 16 2
129 22 2
129 23 2
129 25 2
129 26 2
129 28 2
129 29 2
129 30 2
129 31 2
129 35 2
129 39 2
129 40 2
129 41 2
129 42 2
129 47 2
129 48 2
129 49 2
129 50 2
129 51 2
129 54 2
129 55 2
129 58 2
129 60 2
129 61 2
129 63 2
129 66 2
129 70 2
129 71 2
129 72 2
129 73 2
129 74 2
129 75 2
129 77 2
129 78 2
129 79 2
129 80 2
129 81 2
129 83 2
129 84 2
129 88 2
129 92 2
129 93 2
129 94 2
129 97 2
129 100 2
129 101 2
129 102 2
129 105 2
129 106 2
129 107 2
129 111 2
129 115 2
129 118 2
129 121 2
129 122 2
129 124 2
129 125 2
129 127 2
129 128 2
130 2 2
130 4 2
130 5 2
130 6 2
130 7 2
130 8 2
130 12 2
130 15 2
130 16 2
130 21 2
130 23 2
130 24 2
130 26 2
130 31 2
130 34 2
130 35 2
130 37 2
130 40 2
130 47 2
130 53 2
130 56 2
130 58 2
130 59 2
130 62 2
130 63 2
130 66 2
130 69 2
130 77 2
130 78 2
130 79 2
130 80 2
130 82 2
130 83 2
130 86 2
130 87 2
130 88 2
130 89 2
130 91 2
130 93 2
130 94 2
130 95 2
130 96 2
130 100 2
130 102 2
130 103 2
130 104 2
130 105 2
130 110 2
130 112 2
130 114 2
130 115 2
130 118 2
130 119 2
130 120 2
130 121 2
130 126 2
130 127 2
130 128 2
130 129 2
130 130 2
131 0 2
131 2 2
131 3 2
131 5 2
131 6 2
131 7 2
131 9 2
131 10 2
131 12 2
131 13 2
131 14 2
131 15 2
131 16 2
131 17 2
131 21 2
131 23 2
131 24 2
131 25 2
131 26 2
131 28 2
131 29 2
131 32 2
131 33 2
131 35 2
131 36 2
131 37 2
131 39 2
131 40 2
131 41 2
131 42 2
131 44 2
131 46 2
131 47 2
131 48 2
131 49 2
131 51 2
131 57 2
131 59 2
131 62 2
131 63 2
131 64 2
131 65 2
131 68 2
131 70 2
131 71 2
131 76 2
131 77 2
131 79 2
131 80 2
131 81 2
131 82 2
131 84 2
131 85 2
131 86 2
131 87 2
131 88 2
131 90 2
131 91 2
131 93 2
131 94 2
131 95 2
131 96 2
131 97 2
131 99 2
131 101 2
131 102 2
131 105 2
131 108 2
131 109 2
131 110 2
131 111 2
131 112 2
131 115 2
131 118 2
131 119 2
131 122 2
131 123 2
131 124 2
131 126 2
131 127 2
131 128 2
131 129 2
131 130 2
132 0 2
132 5 2
132 8 2
132 12 2
132 14 2
132 16 2
132 17 2
132 19 2
132 21 2
132 23 2
132 25 2
132 26 2
132 27 2
132 30 2
132 32 2
132 35 2
132 36 2
132 41 2
132 44 2
132 45 2
132 46 2
132 48 2
132 49 2
132 50 2
132 53 2
132 54 2
132 56 2
132 59 2
132 61 2
132 64 2
132 65 2
132 66 2
132 70 2
132 71 2
132 73 2
132 75 2
132 76 2
132 77 2
132 78 2
132 79 2
132 80 2
132 81 2
132 82 2
132 83 2
132 84 2
132 88 2
132 89 2
132 91 2
132 93 2
132 94 2
132 96 2
132 98 2
132 99 2
132 100 2
132 101 2
132 102 2
132 103 2
132 105 2
132 107 2
132 108 2
132 115 2
132 119 2
132 120 2
132 122 2
132 125 2
132 126 2
132 128 2
132 130 2
132 132 2
133 0 2
133 3 2
133 6 2
133 7 2
133 10 2
133 12 2
133 14 2
133 16 2
133 17 2
133 18 2
133 20 2
133 21 2
133 22 2
133 24 2
133 26 2
133 29 2
133 30 2
133 31 2
133 33 2
133 36 2
133 37 2
133 39 2
133 41 2
133 42 2
133 45 2
133 48 2
133 49 2
133 52 2
133 53 2
133 54 2
133 58 2
133 59 2
133 61 2
133 62 2
133 64 2
133 66 2
133 67 2
133 70 2
133 73 2
133 74 2
133 77 2
133 80 2
133 81 2
133 82 2
133 83 2
133 86 2
133 87 2
133 88 2
133 89 2
133 91 2
133 92 2
133 93 2
133 94 2
133 95 2
133 96 2
133 97 2
133 98 2
133 101 2
133 103 2
133 106 2
133 107 2
133 108 2
133 109 2
133 110 2
133 111 2
133 115 2
133 117 2
133 118 2
133 126 2
133 127 2
133 129 2
133 130 2
133 131 2
134 7 2
134 15 2
134 17 2
134 18 2
134 23 2
134 24 2
134 25 2
134 27 2
134 37 2
134 38 2
134 39 2
134 50 2
134 53 2
134 54 2
134 60 2
134 61 2
134 62 2
134 63 2
134 66 2
134 67 2
134 69 2
134 91 2
134 97 2
134 98 2
134 102 2
134 104 2
134 106 2
134 109 2
134 112 2
134 115 2
134 116 2
134 119 2
134 121 2
134 124 2
134 125 2
134 128 2
134 129 2
134 130 2
134 132 2
135 0 2
135 2 2
135 7 2
135 8 2
135 9 2
135 13 2
135 15 2
135 19 2
135 20 2
135 21 2
135 24 2
135 27 2
135 29 2
135 31 2
135 32 2
135 37 2
135 38 2
135 40 2
135 41 2
135 42 2
135 43 2
135 44 2
135 49 2
135 53 2
135 54 2
135 59 2
135 61 2
135 62 2
135 66 2
135 68 2
135 70 2
135 73 2
135 74 2
135 75 2
135 77 2
135 78 2
135 79 2
135 82 2
135 83 2
135 84 2
135 85 2
135 86 2
135 88 2
135 89 2
135 90 2
135 92 2
135 96 2
135 100 2
135 102 2
135 103 2
135 107 2
135 108 2
135 109 2
135 115 2
135 117 2
135 118 2
135 119 2
135 120 2
135 124 2
135 125 2
135 126 2
135 127 2
135 130 2
135 131 2
136 0 2
136 3 2
136 5 2
136 6 2
136 7 2
136 16 2
136 18 2
136 25 2
136 29 2
136 31 2
136 32 2
136 38 2
136 41 2
136 42 2
136 44 2
136 45 2
136 47 2
136 48 2
136 56 2
136 58 2
136 60 2
136 61 2
136 62 2
136 63 2
136 64 2
136 65 2
136 66 2
136 67 2
136 68 2
136 73 2
136 74 2
136 76 2
136 77 2
136 79 2
136 80 2
136 82 2
136 86 2
136 87 2
136 88 2
136 89 2
136 90 2
136 92 2
136 94 2
136 95 2
136 97 2
136 98 2
136 102 2
136 105 2
136 107 2
136 108 2
136 110 2
136 111 2
136 113 2
136 115 2
136 116 2
136 117 2
136 118 2
136 122 2
136 123 2
136 124 2
136 127 2
136 128 2
136 130 2
136 132 2
136 133 2
136 136 2
137 0 2
137 3 2
137 4 2
137 5 2
137 7 2
137 8 2
137 9 2
137 12 2
137 14 2
137 15 2
137 16 2
137 18 2
137 19 2
137 20 2
137 21 2
137 22 2
137 23 2
137 28 2
137 32 2
137 35 2
137 38 2
137 40 2
137 41 2
137 43 2
137 44 2
137 45 2
137 46 2
137 51 2
137 53 2
137 57 2
137 62 2
137 63 2
137 65 2
137 68 2
137 69 2
137 70 2
137 71 2
137 73 2
137 74 2
137 75 2
137 76 2
137 77 2
137 78 2
137 81 2
137 83 2
137 84 2
137 85 2
137 87 2
137 88 2
137 89 2
137 90 2
137 92 2
137 94 2
137 97 2
137 100 2
137 101 2
137 104 2
137 106 2
137 109 2
137 110 2
137 111 2
137 113 2
137 116 2
137 117 2
137 120 2
137 121 2
137 126 2
137 129 2
137 132 2
137 133 2
138 0 2
138 2 2
138 5 2
138 8 2
138 9 2
138 10 2
138 12 2
138 13 2
138 15 2
138 18 2
138 19 2
138 20 2
138 21 2
138 22 2
138 23 2
138 25 2
138 28 2
138 30 2
138 32 2
138 35 2
138 38 2
138 39 2
138 40 2
138 45 2
138 46 2
138 49 2
138 51 2
138 52 2
138 54 2
138 56 2
138 57 2
138 58 2
138 60 2
138 64 2
138 65 2
138 66 2
138 68 2
138 69 2
138 70 2
138 71 2
138 74 2
138 75 2
138 76 2
138 77 2
138 78 2
138 79 2
138 82 2
138 87 2
138 88 2
138 90 2
138 91 2
138 92 2
138 94 2
138 95 2
138 97 2
138 99 2
138 102 2
138 103 2
138 105 2
138 106 2
138 107 2
138 108 2
138 115 2
138 116 2
138 117 2
138 119 2
138 120 2
138 121 2
138 123 2
138 125 2
138 126 2
138 127 2
138 128 2
138 129 2
138 131 2
138 132 2
138 133 2
138 135 2
138 136 2
138 137 2
139 6 2
139 18 2
139 21 2
139 23 2
139 29 2
139 32 2
139 33 2
139 35 2
139 43 2
139 45 2
139 50 2
139 54 2
139 80 2
139 88 2
139 89 2
139 94 2
139 97 2
139 99 2
139 102 2
139 112 2
139 129 2
139 134 2
140 0 2
140 1 2
140 6 2
140 13 2
140 14 2
140 28 2
140 29 2
140 31 2
140 33 2
140 37 2
140 39 2
140 40 2
140 49 2
140 50 2
140 52 2
140 58 2
140 60 2
140 61 2
140 66 2
140 71 2
140 72 2
140 73 2
140 81 2
140 82 2
140 86 2
140 92 2
140 94 2
140 102 2
140 104 2
140 105 2
140 110 2
140 112 2
140 114 2
140 117 2
140 122 2
140 131 2
140 135 2
140 136 2
140 137 2
140 140 2
141 0 2
141 1 2
141 2 2
141 4 2
141 8 2
141 9 2
141 12 2
141 17 2
141 20 2
141 21 2
141 24 2
141 25 2
141 26 2
141 28 2
141 29 2
141 30 2
141 35 2
141 36 2
141 38 2
141 39 2
141 42 2
141 43 2
141 44 2
141 45 2
141 47 2
141 51 2
141 53 2
141 57 2
141 58 2
141 59 2
141 60 2
141 64 2
141 65 2
141 67 2
141 68 2
141 69 2
141 77 2
141 79 2
141 80 2
141 81 2
141 83 2
141 85 2
141 86 2
141 87 2
141 88 2
141 91 2
141 93 2
141 96 2
141 97 2
141 100 2
141 102 2
141 103 2
141 107 2
141 108 2
141 109 2
141 114 2
141 115 2
141 117 2
141 119 2
141 120 2
141 121 2
141 123 2
141 128 2
141 129 2
141 132 2
141 135 2
141 136 2
141 137 2
142 0 2
142 1 2
142 2 2
142 4 2
142 6 2
142 7 2
142 8 2
142 10 2
142 13 2
142 14 2
142 15 2
142 16 2
142 17 2
142 19 2
142 23 2
142 24 2
142 25 2
142 26 2
142 29 2
142 32 2
142 38 2
142 39 2
142 44 2
142 45 2
142 46 2
142 48 2
142 56 2
142 57 2
142 58 2
142 62 2
142 63 2
142 64 2
142 70 2
142 71 2
142 72 2
142 73 2
142 74 2
142 78 2
142 81 2
142 82 2
142 84 2
142 87 2
142 90 2
142 91 2
142 93 2
142 94 2
142 95 2
142 96 2
142 99 2
142 101 2
142 103 2
142 107 2
142 109 2
142 111 2
142 113 2
142 114 2
142 115 2
142 116 2
142 117 2
142 118 2
142 120 2
142 124 2
142 125 2
142 126 2
142 127 2
142 128 2
142 130 2
142 133 2
142 136 2
142 138 2
143 0 2
143 2 2
143 6 2
143 7 2
143 8 2
143 9 2
143 10 2
143 11 2
143 13 2
143 14 2
143 17 2
143 23 2
143 25 2
143 26 2
143 29 2
143 30 2
143 34 2
143 35 2
143 36 2
143 37 2
143 38 2
143 39 2
143 44 2
143 45 2
143 47 2
143 49 2
143 51 2
143 52 2
143 53 2
143 54 2
143 55 2
143 56 2
143 57 2
143 58 2
143 60 2
143 68 2
143 69 2
143 71 2
143 73 2
143 74 2
143 75 2
143 76 2
143 77 2
143 78 2
143 79 2
143 80 2
143 81 2
143 83 2
143 84 2
143 85 2
143 86 2
143 88 2
143 91 2
143 93 2
143 95 2
143 96 2
143 97 2
143 100 2
143 101 2
143 102 2
143 103 2
143 105 2
143 106 2
143 108 2
143 111 2
143 113 2
143 114 2
143 116 2
143 117 2
143 118 2
143 119 2
143 120 2
143 121 2
143 122 2
143 126 2
143 127 2
143 128 2
143 129 2
143 132 2
143 133 2
143 135 2
143 136 2
143 138 2
143 141 2
143 142 2
144 0 2
144 2 2
144 3 2
144 6 2
144 8 2
144 9 2
144 10 2
144 11 2
144 12 2
144 13 2
144 18 2
144 20 2
144 21 2
144 23 2
144 27 2
144 28 2
144 31 2
144 34 2
144 36 2
144 38 2
144 39 2
144 48 2
144 50 2
144 51 2
144 52 2
144 54 2
144 56 2
144 58 2
144 59 2
144 60 2
144 67 2
144 70 2
144 71 2
144 75 2
144 78 2
144 80 2
144 82 2
144 83 2
144 84 2
144 87 2
144 88 2
144 89 2
144 92 2
144 93 2
144 99 2
144 101 2
144 105 2
144 106 2
144 107 2
144 110 2
144 113 2
144 121 2
144 122 2
144 125 2
144 126 2
144 127 2
144 128 2
144 132 2
144 133 2
144 135 2
144 136 2
144 138 2
144 141 2
145 0 2
145 1 2
145 3 2
145 4 2
145 6 2
145 7 2
145 9 2
145 16 2
145 18 2
145 20 2
145 23 2
145 24 2
145 25 2
145 26 2
145 27 2
145 28 2
145 29 2
145 30 2
145 31 2
145 32 2
145 36 2
145 37 2
145 38 2
145 40 2
145 41 2
145 45 2
145 47 2
145 54 2
145 56 2
145 59 2
145 60 2
145 61 2
145 65 2
145 66 2
145 67 2
145 68 2
145 71 2
145 73 2
145 74 2
145 75 2
145 76 2
145 77 2
145 78 2
145 79 2
145 80 2
145 82 2
145 84 2
145 85 2
145 87 2
145 88 2
145 94 2
145 95 2
145 98 2
145 101 2
145 102 2
145 113 2
145 114 2
145 117 2
145 118 2
145 119 2
145 120 2
145 121 2
145 122 2
145 123 2
145 124 2
145 125 2
145 128 2
145 129 2
145 130 2
145 131 2
145 132 2
145 133 2
145 135 2
145 136 2
145 137 2
145 138 2
145 141 2
145 142 2
145 143 2
145 144 2
145 145 2
146 4 2
146 5 2
146 8 2
146 9 2
146 14 2
146 16 2
146 20 2
146 21 2
146 22 2
146 24 2
146 27 2
146 28 2
146 29 2
146 30 2
146 31 2
146 32 2
146 34 2
146 36 2
146 40 2
146 42 2
146 44 2
146 45 2
146 46 2
146 47 2
146 48 2
146 50 2
146 53 2
146 55 2
146 57 2
146 58 2
146 59 2
146 64 2
146 65 2
146 66 2
146 72 2
146 74 2
146 76 2
146 77 2
146 78 2
146 81 2
146 82 2
146 83 2
146 85 2
146 87 2
146 88 2
146 89 2
146 90 2
146 91 2
146 96 2
146 97 2
146 101 2
146 105 2
146 107 2
146 109 2
146 110 2
146 111 2
146 112 2
146 113 2
146 114 2
146 116 2
146 119 2
146 120 2
146 122 2
146 123 2
146 124 2
146 126 2
146 127 2
146 128 2
146 134 2
146 135 2
146 141 2
146 142 2
146 143 2
147 1 2
147 2 2
147 3 2
147 5 2
147 7 2
147 9 2
147 13 2
147 14 2
147 15 2
147 16 2
147 18 2
147 20 2
147 21 2
147 26 2
147 28 2
147 31 2
147 32 2
147 33 2
147 36 2
147 38 2
147 44 2
147 46 2
147 50 2
147 53 2
147 54 2
147 63 2
147 64 2
147 65 2
147 66 2
147 67 2
147 68 2
147 72 2
147 73 2
147 74 2
147 75 2
147 76 2
147 78 2
147 79 2
147 81 2
147 82 2
147 83 2
147 84 2
147 85 2
147 87 2
147 91 2
147 94 2
147 95 2
147 97 2
147 100 2
147 101 2
147 109 2
147 110 2
147 113 2
147 118 2
147 119 2
147 122 2
147 123 2
147 125 2
147 126 2
147 129 2
147 131 2
147 133 2
147 134 2
147 136 2
147 138 2
147 139 2
147 141 2
147 144 2
147 145 2
147 146 2
147 147 2
148 2 2
148 3 2
148 4 2
148 9 2
148 10 2
148 11 2
148 12 2
148 14 2
148 15 2
148 19 2
148 22 2
148 24 2
148 25 2
148 27 2
148 28 2
148 30 2
148 31 2
148 32 2
148 33 2
148 35 2
148 38 2
148 39 2
148 40 2
148 41 2
148 44 2
148 45 2
148 48 2
148 52 2
148 53 2
148 55 2
148 58 2
148 61 2
148 62 2
148 64 2
148 65 2
148 66 2
148 67 2
148 73 2
148 74 2
148 75 2
148 76 2
148 77 2
148 78 2
148 79 2
148 80 2
148 81 2
148 83 2
148 85 2
148 87 2
148 88 2
148 90 2
148 91 2
148 94 2
148 98 2
148 99 2
148 102 2
148 103 2
148 107 2
148 110 2
148 113 2
148 114 2
148 115 2
148 118 2
148 119 2
148 125 2
148 126 2
148 129 2
148 130 2
148 131 2
148 132 2
148 133 2
148 135 2
148 136 2
148 141 2
148 143 2
148 144 2
148 146 2
149 2 2
149 3 2
149 4 2
149 5 2
149 6 2
149 7 2
149 8 2
149 12 2
149 14 2
149 15 2
149 17 2
149 18 2
149 20 2
149 23 2
149 24 2
149 27 2
149 29 2
149 31 2
149 35 2
149 37 2
149 38 2
149 41 2
149 44 2
149 45 2
149 46 2
149 47 2
149 49 2
149 53 2
149 57 2
149 59 2
149 61 2
149 62 2
149 65 2
149 67 2
149 68 2
149 72 2
149 74 2
149 75 2
149 76 2
149 77 2
149 83 2
149 86 2
149 87 2
149 88 2
149 90 2
149 91 2
149 94 2
149 97 2
149 98 2
149 101 2
149 102 2
149 105 2
149 109 2
149 111 2
149 116 2
149 117 2
149 118 2
149 119 2
149 120 2
149 121 2
149 123 2
149 126 2
149 127 2
149 128 2
149 129 2
149 130 2
149 133 2
149 135 2
149 136 2
149 141 2
149 142 2
149 146 2
149 147 2
149 148 2
150 2 2
150 4 2
150 5 2
150 13 2
150 14 2
150 15 2
150 16 2
150 18 2
150 23 2
150 25 2
150 31 2
150 33 2
150 34 2
150 39 2
150 50 2
150 54 2
150 55 2
150 69 2
150 73 2
150 74 2
150 77 2
150 79 2
150 88 2
150 93 2
150 100 2
150 107 2
150 111 2
150 112 2
150 116 2
150 117 2
150 123 2
150 124 2
150 127 2
150 129 2
150 131 2
150 139 2
150 142 2
150 143 2
150 147 2
150 149 2
151 0 2
151 3 2
151 4 2
151 5 2
151 12 2
151 16 2
151 17 2
151 19 2
151 21 2
151 22 2
151 24 2
151 28 2
151 30 2
151 36 2
151 37 2
151 39 2
151 44 2
151 46 2
151 47 2
151 48 2
151 49 2
151 54 2
151 56 2
151 58 2
151 60 2
151 62 2
151 63 2
151 65 2
151 66 2
151 67 2
151 70 2
151 72 2
151 73 2
151 74 2
151 76 2
151 77 2
151 81 2
151 82 2
151 87 2
151 88 2
151 90 2
151 91 2
151 92 2
151 95 2
151 96 2
151 98 2
151 100 2
151 101 2
151 103 2
151 104 2
151 107 2
151 108 2
151 110 2
151 111 2
151 112 2
151 114 2
151 115 2
151 116 2
151 118 2
151 119 2
151 120 2
151 121 2
151 122 2
151 123 2
151 124 2
151 128 2
151 129 2
151 130 2
151 132 2
151 133 2
151 136 2
151 138 2
151 141 2
151 143 2
151 144 2
151 147 2
151 149 2
151 151 2
152 2 2
152 3 2
152 4 2
152 5 2
152 7 2
152 9 2
152 10 2
152 12 2
152 13 2
152 14 2
152 15 2
152 17 2
152 18 2
152 19 2
152 21 2
152 25 2
152 26 2
152 27 2
152 28 2
152 35 2
152 36 2
152 37 2
152 38 2
152 43 2
152 44 2
152 47 2
152 48 2
152 49 2
152 51 2
152 52 2
152 53 2
152 54 2
152 57 2
152 58 2
152 60 2
152 61 2
152 65 2
152 66 2
152 68 2
152 70 2
152 71 2
152 72 2
152 73 2
152 74 2
152 75 2
152 76 2
152 77 2
152 78 2
152 79 2
152 80 2
152 82 2
152 83 2
152 84 2
152 85 2
152 86 2
152 88 2
152 89 2
152 93 2
152 95 2
152 96 2
152 99 2
152 100 2
152 101 2
152 102 2
152 103 2
152 105 2
152 106 2
152 110 2
152 113 2
152 114 2
152 116 2
152 117 2
152 118 2
152 121 2
152 127 2
152 128 2
152 133 2
152 135 2
152 136 2
152 138 2
152 140 2
152 141 2
152 143 2
152 144 2
152 147 2
152 148 2
152 149 2
152 151 2
153 2 2
153 3 2
153 5 2
153 9 2
153 10 2
153 13 2
153 14 2
153 16 2
153 17 2
153 20 2
153 21 2
153 23 2
153 24 2
153 26 2
153 30 2
153 31 2
153 35 2
153 37 2
153 38 2
153 41 2
153 42 2
153 46 2
153 49 2
153 51 2
153 57 2
153 59 2
153 60 2
153 61 2
153 62 2
153 63 2
153 64 2
153 65 2
153 66 2
153 67 2
153 70 2
153 73 2
153 74 2
153 75 2
153 76 2
153 77 2
153 78 2
153 79 2
153 80 2
153 88 2
153 90 2
153 92 2
153 94 2
153 95 2
153 96 2
153 97 2
153 98 2
153 100 2
153 103 2
153 105 2
153 108 2
153 109 2
153 110 2
153 111 2
153 116 2
153 118 2
153 119 2
153 122 2
153 124 2
153 127 2
153 129 2
153 130 2
153 131 2
153 132 2
153 133 2
153 134 2
153 138 2
153 141 2
153 142 2
153 143 2
153 147 2
153 149 2
153 151 2
154 2 2
154 5 2
154 15 2
154 18 2
154 30 2
154 32 2
154 33 2
154 34 2
154 35 2
154 39 2
154 43 2
154 48 2
154 50 2
154 51 2
154 55 2
154 60 2
154 62 2
154 69 2
154 70 2
154 75 2
154 79 2
154 81 2
154 82 2
154 85 2
154 88 2
154 91 2
154 93 2
154 96 2
154 110 2
154 118 2
154 123 2
154 134 2
154 138 2
154 139 2
154 140 2
154 144 2
154 146 2
154 148 2
154 149 2
154 153 2
155 0 2
155 7 2
155 13 2
155 15 2
155 19 2
155 21 2
155 22 2
155 23 2
155 25 2
155 26 2
155 27 2
155 30 2
155 31 2
155 32 2
155 35 2
155 37 2
155 38 2
155 39 2
155 42 2
155 44 2
155 51 2
155 53 2
155 58 2
155 59 2
155 60 2
155 62 2
155 64 2
155 66 2
155 67 2
155 68 2
155 70 2
155 71 2
155 72 2
155 78 2
155 80 2
155 81 2
155 83 2
155 84 2
155 86 2
155 87 2
155 88 2
155 89 2
155 90 2
155 93 2
155 94 2
155 96 2
155 97 2
155 98 2
155 99 2
155 101 2
155 103 2
155 105 2
155 107 2
155 108 2
155 113 2
155 114 2
155 116 2
155 117 2
155 119 2
155 126 2
155 127 2
155 128 2
155 130 2
155 131 2
155 136 2
155 142 2
155 143 2
155 145 2
155 146 2
155 147 2
155 148 2
155 150 2
155 152 2
155 154 2
155 155 2
156 0 2
156 1 2
156 2 2
156 3 2
156 5 2
156 8 2
156 14 2
156 16 2
156 20 2
156 22 2
156 23 2
156 24 2
156 27 2
156 29 2
156 36 2
156 37 2
156 39 2
156 44 2
156 45 2
156 46 2
156 47 2
156 49 2
156 51 2
156 53 2
156 54 2
156 57 2
156 59 2
156 62 2
156 64 2
156 65 2
156 70 2
156 72 2
156 73 2
156 75 2
156 76 2
156 77 2
156 79 2
156 81 2
156 84 2
156 85 2
156 86 2
156 88 2
156 91 2
156 92 2
156 94 2
156 96 2
156 99 2
156 101 2
156 103 2
156 106 2
156 109 2
156 110 2
156 114 2
156 116 2
156 117 2
156 118 2
156 119 2
156 120 2
156 126 2
156 127 2
156 130 2
156 131 2
156 136 2
156 140 2
156 141 2
156 145 2
156 147 2
156 153 2
156 154 2
156 156 2
157 0 2
157 3 2
157 4 2
157 6 2
157 7 2
157 8 2
157 9 2
157 10 2
157 12 2
157 13 2
157 16 2
157 19 2
157 21 2
157 24 2
157 25 2
157 26 2
157 27 2
157 28 2
157 29 2
157 30 2
157 31 2
157 32 2
157 36 2
157 37 2
157 39 2
157 40 2
157 41 2
157 42 2
157 44 2
157 46 2
157 49 2
157 50 2
157 52 2
157 53 2
157 54 2
157 57 2
157 59 2
157 60 2
157 61 2
157 64 2
157 65 2
157 68 2
157 70 2
157 72 2
157 73 2
157 74 2
157 75 2
157 76 2
157 79 2
157 80 2
157 81 2
157 83 2
157 87 2
157 89 2
157 92 2
157 93 2
157 94 2
157 95 2
157 101 2
157 103 2
157 105 2
157 108 2
157 109 2
157 110 2
157 111 2
157 113 2
157 114 2
157 115 2
157 117 2
157 119 2
157 123 2
157 125 2
157 126 2
157 129 2
157 131 2
157 133 2
157 136 2
157 137 2
157 139 2
157 143 2
157 145 2
157 149 2
157 150 2
157 151 2
157 152 2
157 153 2
157 155 2
157 156 2
158 0 2
158 1 2
158 2 2
158 3 2
158 4 2
158 6 2
158 7 2
158 8 2
158 10 2
158 11 2
158 14 2
158 15 2
158 17 2
158 20 2
158 21 2
158 22 2
158 25 2
158 28 2
158 29 2
158 30 2
158 31 2
158 32 2
158 33 2
158 35 2
158 36 2
158 37 2
158 38 2
158 40 2
158 42 2
158 44 2
158 45 2
158 46 2
158 49 2
158 53 2
158 54 2
158 56 2
158 59 2
158 60 2
158 62 2
158 63 2
158 64 2
158 66 2
158 67 2
158 69 2
158 70 2
158 71 2
158 74 2
158 76 2
158 77 2
158 78 2
158 80 2
158 81 2
158 83 2
158 84 2
158 86 2
158 88 2
158 89 2
158 91 2
158 93 2
158 94 2
158 98 2
158 99 2
158 100 2
158 103 2
158 104 2
158 105 2
158 107 2
158 109 2
158 110 2
158 111 2
158 113 2
158 114 2
158 115 2
158 116 2
158 118 2
158 119 2
158 120 2
158 121 2
158 123 2
158 124 2
158 125 2
158 126 2
158 127 2
158 128 2
158 131 2
158 132 2
158 133 2
158 141 2
158 142 2
158 145 2
158 147 2
158 148 2
158 150 2
158 155 2
158 157 2
159 3 2
159 4 2
159 5 2
159 6 2
159 7 2
159 8 2
159 9 2
159 10 2
159 12 2
159 14 2
159 17 2
159 18 2
159 21 2
159 22 2
159 23 2
159 25 2
159 26 2
159 30 2
159 31 2
159 33 2
159 35 2
159 36 2
159 37 2
159 38 2
159 39 2
159 40 2
159 45 2
159 46 2
159 47 2
159 48 2
159 49 2
159 53 2
159 55 2
159 59 2
159 60 2
159 62 2
159 65 2
159 67 2
159 70 2
159 71 2
159 72 2
159 73 2
159 75 2
159 76 2
159 77 2
159 79 2
159 80 2
159 82 2
159 84 2
159 85 2
159 86 2
159 87 2
159 89 2
159 90 2
159 91 2
159 92 2
159 94 2
159 96 2
159 98 2
159 102 2
159 103 2
159 106 2
159 107 2
159 109 2
159 110 2
159 114 2
159 116 2
159 119 2
159 120 2
159 121 2
159 122 2
159 124 2
159 130 2
159 133 2
159 134 2
159 136 2
159 137 2
159 138 2
159 142 2
159 143 2
159 144 2
159 145 2
159 146 2
159 147 2
159 148 2
159 156 2
159 158 2
159 159 2
160 2 2
160 3 2
160 4 2
160 5 2
160 6 2
160 12 2
160 13 2
160 14 2
160 16 2
160 17 2
160 18 2
160 20 2
160 21 2
160 24 2
160 26 2
160 27 2
160 28 2
160 32 2
160 36 2
160 37 2
160 38 2
160 40 2
160 41 2
160 42 2
160 45 2
160 47 2
160 49 2
160 53 2
160 54 2
160 56 2
160 60 2
160 61 2
160 62 2
160 63 2
160 64 2
160 65 2
160 67 2
160 70 2
160 72 2
160 74 2
160 76 2
160 77 2
160 81 2
160 83 2
160 89 2
160 90 2
160 93 2
160 94 2
160 99 2
160 100 2
160 101 2
160 102 2
160 103 2
160 105 2
160 106 2
160 108 2
160 109 2
160 110 2
160 111 2
160 113 2
160 117 2
160 121 2
160 122 2
160 123 2
160 124 2
160 125 2
160 127 2
160 128 2
160 129 2
160 131 2
160 132 2
160 133 2
160 135 2
160 136 2
160 138 2
160 141 2
160 145 2
160 148 2
160 149 2
160 151 2
160 152 2
160 153 2
160 159 2
160 160 2
161 2 2
161 3 2
161 6 2
161 7 2
161 8 2
161 9 2
161 11 2
161 12 2
161 18 2
161 19 2
161 20 2
161 22 2
161 23 2
161 25 2
161 27 2
161 28 2
161 29 2
161 31 2
161 36 2
161 37 2
161 44 2
161 48 2
161 49 2
161 54 2
161 56 2
161 57 2
161 58 2
161 63 2
161 65 2
161 67 2
161 70 2
161 71 2
161 72 2
161 74 2
161 75 2
161 76 2
161 77 2
161 79 2
161 81 2
161 82 2
161 84 2
161 86 2
161 88 2
161 91 2
161 96 2
161 99 2
161 101 2
161 107 2
161 110 2
161 111 2
161 112 2
161 113 2
161 115 2
161 116 2
161 118 2
161 119 2
161 120 2
161 123 2
161 130 2
161 131 2
161 133 2
161 137 2
161 138 2
161 141 2
161 142 2
161 143 2
161 145 2
161 146 2
161 148 2
161 151 2
161 155 2
161 156 2
161 160 2
161 161 2
162 3 2
162 4 2
162 5 2
162 6 2
162 9 2
162 13 2
162 15 2
162 16 2
162 17 2
162 18 2
162 19 2
162 20 2
162 21 2
162 22 2
162 24 2
162 25 2
162 26 2
162 28 2
162 29 2
162 30 2
162 33 2
162 34 2
162 35 2
162 36 2
162 40 2
162 41 2
162 45 2
162 48 2
162 49 2
162 53 2
162 54 2
162 62 2
162 63 2
162 64 2
162 65 2
162 66 2
162 67 2
162 71 2
162 72 2
162 76 2
162 79 2
162 81 2
162 82 2
162 83 2
162 84 2
162 85 2
162 86 2
162 87 2
162 90 2
162 91 2
162 92 2
162 94 2
162 99 2
162 107 2
162 109 2
162 110 2
162 111 2
162 112 2
162 113 2
162 117 2
162 118 2
162 119 2
162 122 2
162 127 2
162 128 2
162 129 2
162 131 2
162 132 2
162 135 2
162 137 2
162 139 2
162 141 2
162 143 2
162 144 2
162 151 2
162 153 2
162 154 2
162 155 2
162 156 2
162 157 2
162 158 2
162 159 2
162 160 2
162 161 2
162 162 2
163 3 2
163 4 2
163 6 2
163 10 2
163 13 2
163 15 2
163 17 2
163 20 2
163 23 2
163 27 2
163 30 2
163 32 2
163 36 2
163 38 2
163 39 2
163 40 2
163 41 2
163 46 2
163 53 2
163 56 2
163 58 2
163 59 2
163 60 2
163 61 2
163 62 2
163 64 2
163 65 2
163 66 2
163 70 2
163 72 2
163 74 2
163 75 2
163 79 2
163 82 2
163 84 2
163 85 2
163 86 2
163 87 2
163 88 2
163 92 2
163 93 2
163 94 2
163 95 2
163 96 2
163 98 2
163 101 2
163 102 2
163 105 2
163 107 2
163 110 2
163 113 2
163 114 2
163 118 2
163 120 2
163 121 2
163 123 2
163 129 2
163 133 2
163 141 2
163 149 2
163 150 2
163 151 2
163 152 2
163 153 2
163 156 2
163 157 2
163 158 2
163 159 2
164 1 2
164 3 2
164 7 2
164 8 2
164 9 2
164 10 2
164 12 2
164 14 2
164 16 2
164 17 2
164 19 2
164 20 2
164 21 2
164 22 2
164 25 2
164 26 2
164 28 2
164 29 2
164 30 2
164 31 2
164 34 2
164 35 2
164 36 2
164 38 2
164 41 2
164 42 2
164 44 2
164 45 2
164 46 2
164 48 2
164 51 2
164 57 2
164 59 2
164 60 2
164 61 2
164 62 2
164 64 2
164 67 2
164 70 2
164 71 2
164 72 2
164 74 2
164 75 2
164 76 2
164 77 2
164 82 2
164 83 2
164 84 2
164 85 2
164 86 2
164 90 2
164 94 2
164 95 2
164 96 2
164 99 2
164 100 2
164 101 2
164 104 2
164 106 2
164 107 2
164 113 2
164 114 2
164 115 2
164 118 2
164 119 2
164 120 2
164 122 2
164 123 2
164 124 2
164 125 2
164 126 2
164 127 2
164 128 2
164 129 2
164 131 2
164 132 2
164 136 2
164 141 2
164 142 2
164 143 2
164 146 2
164 148 2
164 149 2
164 151 2
164 152 2
164 153 2
164 155 2
164 156 2
164 158 2
164 159 2
164 163 2
164 164 2
165 1 2
165 3 2
165 4 2
165 5 2
165 6 2
165 7 2
165 9 2
165 11 2
165 18 2
165 22 2
165 23 2
165 24 2
165 25 2
165 26 2
165 27 2
165 28 2
165 29 2
165 35 2
165 36 2
165 37 2
165 38 2
165 39 2
165 45 2
165 47 2
165 48 2
165 49 2
165 54 2
165 56 2
165 60 2
165 62 2
165 63 2
165 64 2
165 65 2
165 70 2
165 72 2
165 73 2
165 74 2
165 77 2
165 80 2
165 85 2
165 86 2
165 87 2
165 89 2
165 90 2
165 92 2
165 93 2
165 95 2
165 99 2
165 100 2
165 103 2
165 104 2
165 107 2
165 111 2
165 113 2
165 115 2
165 116 2
165 117 2
165 121 2
165 126 2
165 127 2
165 130 2
165 131 2
165 135 2
165 136 2
165 138 2
165 140 2
165 141 2
165 144 2
165 148 2
165 149 2
165 150 2
165 152 2
165 155 2
165 156 2
165 158 2
165 160 2
165 162 2
165 163 2
165 164 2
165 165 2
166 0 2
166 3 2
166 4 2
166 6 2
166 9 2
166 10 2
166 11 2
166 13 2
166 14 2
166 18 2
166 20 2
166 24 2
166 26 2
166 27 2
166 29 2
166 30 2
166 35 2
166 37 2
166 38 2
166 39 2
166 40 2
166 41 2
166 42 2
166 44 2
166 46 2
166 48 2
166 51 2
166 53 2
166 54 2
166 55 2
166 56 2
166 58 2
166 64 2
166 65 2
166 66 2
166 67 2
166 68 2
166 70 2
166 71 2
166 72 2
166 74 2
166 75 2
166 78 2
166 79 2
166 80 2
166 81 2
166 84 2
166 85 2
166 86 2
166 88 2
166 89 2
166 91 2
166 93 2
166 94 2
166 95 2
166 96 2
166 97 2
166 98 2
166 99 2
166 100 2
166 101 2
166 103 2
166 106 2
166 107 2
166 108 2
166 110 2
166 113 2
166 114 2
166 117 2
166 118 2
166 119 2
166 120 2
166 122 2
166 123 2
166 124 2
166 125 2
166 127 2
166 128 2
166 129 2
166 132 2
166 135 2
166 137 2
166 138 2
166 139 2
166 140 2
166 141 2
166 142 2
166 143 2
166 144 2
166 145 2
166 146 2
166 149 2
166 151 2
166 153 2
166 157 2
166 160 2
166 162 2
166 164 2
166 165 2
167 3 2
167 4 2
167 5 2
167 7 2
167 8 2
167 9 2
167 10 2
167 13 2
167 14 2
167 15 2
167 17 2
167 19 2
167 20 2
167 21 2
167 23 2
167 24 2
167 25 2
167 27 2
167 28 2
167 29 2
167 32 2
167 35 2
167 37 2
167 38 2
167 42 2
167 49 2
167 51 2
167 52 2
167 57 2
167 58 2
167 59 2
167 61 2
167 62 2
167 65 2
167 67 2
167 68 2
167 71 2
167 73 2
167 76 2
167 78 2
167 82 2
167 86 2
167 91 2
167 92 2
167 93 2
167 94 2
167 96 2
167 99 2
167 101 2
167 103 2
167 106 2
167 107 2
167 108 2
167 109 2
167 113 2
167 114 2
167 115 2
167 118 2
167 119 2
167 120 2
167 121 2
167 125 2
167 129 2
167 131 2
167 133 2
167 135 2
167 142 2
167 143 2
167 144 2
167 146 2
167 147 2
167 148 2
167 152 2
167 153 2
167 154 2
167 155 2
167 157 2
167 158 2
167 159 2
167 161 2
167 163 2
167 164 2
167 166 2
167 167 2
168 0 2
168 2 2
168 4 2
168 6 2
168 7 2
168 9 2
168 12 2
168 14 2
168 16 2
168 17 2
168 18 2
168 20 2
168 21 2
168 22 2
168 23 2
168 24 2
168 25 2
168 26 2
168 27 2
168 32 2
168 35 2
168 38 2
168 39 2
168 42 2
168 44 2
168 45 2
168 48 2
168 49 2
168 52 2
168 55 2
168 56 2
168 57 2
168 58 2
168 59 2
168 60 2
168 62 2
168 64 2
168 66 2
168 67 2
168 68 2
168 72 2
168 74 2
168 75 2
168 78 2
168 79 2
168 82 2
168 83 2
168 84 2
168 86 2
168 88 2
168 90 2
168 91 2
168 94 2
168 95 2
168 97 2
168 98 2
168 99 2
168 100 2
168 101 2
168 102 2
168 103 2
168 105 2
168 107 2
168 109 2
168 110 2
168 111 2
168 113 2
168 114 2
168 118 2
168 119 2
168 120 2
168 123 2
168 126 2
168 127 2
168 129 2
168 130 2
168 131 2
168 132 2
168 133 2
168 136 2
168 137 2
168 138 2
168 139 2
168 142 2
168 145 2
168 146 2
168 147 2
168 149 2
168 151 2
168 153 2
168 156 2
168 157 2
168 160 2
168 161 2
168 164 2
168 165 2
168 166 2
168 167 2
169 2 2
169 3 2
169 4 2
169 5 2
169 7 2
169 10 2
169 12 2
169 13 2
169 14 2
169 15 2
169 16 2
169 17 2
169 18 2
169 21 2
169 22 2
169 24 2
169 26 2
169 27 2
169 28 2
169 30 2
169 31 2
169 32 2
169 35 2
169 39 2
169 42 2
169 43 2
169 44 2
169 48 2
169 49 2
169 53 2
169 54 2
169 60 2
169 61 2
169 63 2
169 64 2
169 65 2
169 66 2
169 67 2
169 69 2
169 74 2
169 75 2
169 76 2
169 77 2
169 79 2
169 82 2
169 84 2
169 85 2
169 86 2
169 88 2
169 91 2
169 94 2
169 97 2
169 98 2
169 99 2
169 100 2
169 101 2
169 102 2
169 103 2
169 109 2
169 110 2
169 112 2
169 114 2
169 116 2
169 117 2
169 119 2
169 120 2
169 121 2
169 123 2
169 126 2
169 127 2
169 128 2
169 129 2
169 130 2
169 131 2
169 132 2
169 136 2
169 137 2
169 138 2
169 142 2
169 143 2
169 146 2
169 147 2
169 148 2
169 149 2
169 153 2
169 155 2
169 157 2
169 158 2
169 159 2
169 160 2
169 165 2
169 166 2
169 167 2
169 168 2
169 169 2
170 2 2
170 3 2
170 4 2
170 6 2
170 7 2
170 12 2
170 13 2
170 15 2
170 16 2
170 17 2
170 21 2
170 22 2
170 25 2
170 27 2
170 28 2
170 29 2
170 30 2
170 33 2
170 35 2
170 38 2
170 39 2
170 40 2
170 41 2
170 42 2
170 44 2
170 48 2
170 49 2
170 52 2
170 55 2
170 58 2
170 59 2
170 61 2
170 63 2
170 64 2
170 65 2
170 67 2
170 68 2
170 69 2
170 70 2
170 71 2
170 72 2
170 74 2
170 75 2
170 76 2
170 77 2
170 81 2
170 82 2
170 83 2
170 85 2
170 88 2
170 90 2
170 91 2
170 94 2
170 95 2
170 96 2
170 97 2
170 98 2
170 99 2
170 100 2
170 102 2
170 103 2
170 105 2
170 107 2
170 108 2
170 110 2
170 111 2
170 114 2
170 115 2
170 117 2
170 121 2
170 122 2
170 124 2
170 125 2
170 126 2
170 127 2
170 129 2
170 131 2
170 133 2
170 135 2
170 137 2
170 141 2
170 142 2
170 143 2
170 153 2
170 156 2
170 157 2
170 158 2
170 159 2
170 161 2
170 162 2
170 164 2
170 165 2
170 166 2
170 167 2
170 168 2
170 169 2
171 0 2
171 4 2
171 6 2
171 7 2
171 8 2
171 9 2
171 14 2
171 15 2
171 16 2
171 17 2
171 19 2
171 22 2
171 24 2
171 28 2
171 29 2
171 30 2
171 32 2
171 35 2
171 36 2
171 43 2
171 47 2
171 48 2
171 51 2
171 53 2
171 54 2
171 56 2
171 57 2
171 59 2
171 61 2
171 62 2
171 64 2
171 65 2
171 66 2
171 68 2
171 70 2
171 71 2
171 72 2
171 73 2
171 76 2
171 78 2
171 79 2
171 83 2
171 86 2
171 87 2
171 88 2
171 91 2
171 92 2
171 93 2
171 94 2
171 97 2
171 99 2
171 102 2
171 105 2
171 108 2
171 109 2
171 113 2
171 115 2
171 118 2
171 120 2
171 121 2
171 122 2
171 123 2
171 126 2
171 130 2
171 131 2
171 134 2
171 137 2
171 138 2
171 139 2
171 143 2
171 144 2
171 146 2
171 147 2
171 148 2
171 149 2
171 150 2
171 151 2
171 152 2
171 153 2
171 154 2
171 158 2
171 159 2
171 165 2
171 166 2
171 167 2
171 168 2
171 169 2
172 2 2
172 6 2
172 7 2
172 8 2
172 10 2
172 13 2
172 14 2
172 15 2
172 16 2
172 17 2
172 19 2
172 20 2
172 25 2
172 31 2
172 35 2
172 37 2
172 39 2
172 41 2
172 43 2
172 45 2
172 47 2
172 53 2
172 54 2
172 56 2
172 57 2
172 59 2
172 60 2
172 61 2
172 62 2
172 63 2
172 64 2
172 65 2
172 67 2
172 69 2
172 71 2
172 72 2
172 76 2
172 77 2
172 78 2
172 80 2
172 81 2
172 83 2
172 85 2
172 93 2
172 94 2
172 96 2
172 97 2
172 98 2
172 100 2
172 107 2
172 108 2
172 113 2
172 116 2
172 117 2
172 118 2
172 119 2
172 123 2
172 126 2
172 128 2
172 130 2
172 133 2
172 134 2
172 136 2
172 137 2
172 140 2
172 141 2
172 143 2
172 145 2
172 151 2
172 156 2
172 157 2
172 158 2
172 159 2
172 162 2
172 163 2
172 165 2
172 171 2
172 172 2
173 0 2
173 1 2
173 2 2
173 4 2
173 5 2
173 6 2
173 8 2
173 9 2
173 10 2
173 12 2
173 13 2
173 14 2
173 15 2
173 16 2
173 18 2
173 19 2
173 20 2
173 21 2
173 23 2
173 24 2
173 26 2
173 27 2
173 29 2
173 30 2
173 32 2
173 34 2
173 35 2
173 36 2
173 37 2
173 38 2
173 40 2
173 41 2
173 44 2
173 45 2
173 47 2
173 51 2
173 53 2
173 54 2
173 55 2
173 56 2
173 57 2
173 58 2
173 60 2
173 61 2
173 62 2
173 67 2
173 68 2
173 71 2
173 73 2
173 75 2
173 80 2
173 86 2
173 94 2
173 95 2
173 96 2
173 97 2
173 101 2
173 102 2
173 103 2
173 106 2
173 108 2
173 117 2
173 119 2
173 120 2
173 122 2
173 124 2
173 125 2
173 126 2
173 128 2
173 129 2
173 130 2
173 131 2
173 132 2
173 136 2
173 138 2
173 139 2
173 141 2
173 142 2
173 144 2
173 147 2
173 148 2
173 149 2
173 151 2
173 156 2
173 159 2
173 164 2
173 167 2
173 172 2
173 173 2
174 1 2
174 4 2
174 6 2
174 12 2
174 13 2
174 14 2
174 15 2
174 20 2
174 21 2
174 22 2
174 25 2
174 26 2
174 29 2
174 36 2
174 38 2
174 39 2
174 41 2
174 42 2
174 45 2
174 53 2
174 54 2
174 56 2
174 57 2
174 59 2
174 62 2
174 63 2
174 64 2
174 66 2
174 68 2
174 71 2
174 72 2
174 73 2
174 76 2
174 77 2
174 78 2
174 80 2
174 81 2
174 83 2
174 85 2
174 86 2
174 88 2
174 92 2
174 94 2
174 95 2
174 96 2
174 99 2
174 100 2
174 101 2
174 106 2
174 107 2
174 108 2
174 109 2
174 110 2
174 115 2
174 117 2
174 121 2
174 122 2
174 124 2
174 127 2
174 128 2
174 129 2
174 133 2
174 134 2
174 137 2
174 141 2
174 143 2
174 144 2
174 145 2
174 146 2
174 149 2
174 151 2
174 152 2
174 155 2
174 157 2
174 162 2
174 163 2
174 164 2
174 169 2
174 172 2
174 173 2
175 2 2
175 5 2
175 8 2
175 9 2
175 10 2
175 19 2
175 21 2
175 22 2
175 24 2
175 28 2
175 30 2
175 31 2
175 32 2
175 33 2
175 39 2
175 43 2
175 46 2
175 47 2
175 48 2
175 49 2
175 51 2
175 53 2
175 54 2
175 56 2
175 57 2
175 58 2
175 59 2
175 60 2
175 61 2
175 62 2
175 64 2
175 65 2
175 67 2
175 68 2
175 69 2
175 70 2
175 71 2
175 73 2
175 75 2
175 77 2
175 80 2
175 86 2
175 87 2
175 90 2
175 96 2
175 99 2
175 100 2
175 101 2
175 103 2
175 106 2
175 108 2
175 109 2
175 110 2
175 113 2
175 120 2
175 124 2
175 125 2
175 126 2
175 128 2
175 130 2
175 131 2
175 132 2
175 133 2
175 135 2
175 138 2
175 139 2
175 141 2
175 142 2
175 145 2
175 148 2
175 149 2
175 151 2
175 152 2
175 153 2
175 154 2
175 155 2
175 156 2
175 159 2
175 163 2
175 166 2
175 168 2
175 169 2
175 172 2
176 0 2
176 3 2
176 4 2
176 5 2
176 6 2
176 7 2
176 10 2
176 12 2
176 16 2
176 18 2
176 20 2
176 21 2
176 22 2
176 23 2
176 25 2
176 27 2
176 29 2
176 30 2
176 31 2
176 33 2
176 35 2
176 36 2
176 40 2
176 41 2
176 42 2
176 45 2
176 46 2
176 49 2
176 56 2
176 58 2
176 59 2
176 61 2
176 64 2
176 66 2
176 67 2
176 68 2
176 69 2
176 70 2
176 73 2
176 76 2
176 77 2
176 79 2
176 81 2
176 82 2
176 83 2
176 84 2
176 85 2
176 86 2
176 87 2
176 90 2
176 93 2
176 94 2
176 95 2
176 97 2
176 99 2
176 100 2
176 101 2
176 102 2
176 103 2
176 105 2
176 107 2
176 113 2
176 114 2
176 115 2
176 118 2
176 119 2
176 122 2
176 124 2
176 128 2
176 129 2
176 130 2
176 132 2
176 133 2
176 135 2
176 143 2
176 145 2
176 151 2
176 155 2
176 156 2
176 157 2
176 159 2
176 161 2
176 162 2
176 164 2
176 166 2
176 167 2
176 169 2
176 171 2
176 172 2
176 173 2
176 175 2
177 0 2
177 3 2
177 4 2
177 5 2
177 6 2
177 9 2
177 10 2
177 12 2
177 13 2
177 17 2
177 18 2
177 19 2
177 21 2
177 23 2
177 24 2
177 27 2
177 29 2
177 30 2
177 37 2
177 39 2
177 40 2
177 42 2
177 44 2
177 49 2
177 51 2
177 54 2
177 57 2
177 58 2
177 59 2
177 63 2
177 64 2
177 65 2
177 66 2
177 67 2
177 71 2
177 74 2
177 78 2
177 79 2
177 81 2
177 82 2
177 83 2
177 84 2
177 85 2
177 86 2
177 89 2
177 90 2
177 92 2
177 93 2
177 96 2
177 98 2
177 100 2
177 101 2
177 103 2
177 106 2
177 107 2
177 108 2
177 110 2
177 111 2
177 114 2
177 115 2
177 116 2
177 118 2
177 119 2
177 121 2
177 122 2
177 124 2
177 126 2
177 127 2
177 128 2
177 132 2
177 133 2
177 135 2
177 137 2
177 141 2
177 143 2
177 144 2
177 147 2
177 148 2
177 149 2
177 152 2
177 155 2
177 156 2
177 157 2
177 159 2
177 160 2
177 163 2
177 165 2
177 166 2
177 169 2
177 170 2
177 172 2
177 175 2
177 176 2
178 3 2
178 7 2
178 25 2
178 30 2
178 32 2
178 34 2
178 39 2
178 40 2
178 41 2
178 43 2
178 54 2
178 58 2
178 70 2
178 71 2
178 72 2
178 78 2
178 90 2
178 94 2
178 95 2
178 97 2
178 99 2
178 102 2
178 104 2
178 108 2
178 119 2
178 130 2
178 132 2
178 134 2
178 139 2
178 140 2
178 166 2
178 171 2
178 178 2
179 4 2
179 5 2
179 6 2
179 7 2
179 9 2
179 11 2
179 14 2
179 15 2
179 19 2
179 22 2
179 23 2
179 26 2
179 29 2
179 31 2
179 32 2
179 34 2
179 37 2
179 42 2
179 46 2
179 51 2
179 54 2
179 56 2
179 59 2
179 61 2
179 62 2
179 66 2
179 68 2
179 75 2
179 80 2
179 82 2
179 84 2
179 86 2
179 89 2
179 92 2
179 93 2
179 94 2
179 96 2
179 97 2
179 100 2
179 102 2
179 103 2
179 107 2
179 108 2
179 110 2
179 112 2
179 114 2
179 116 2
179 117 2
179 118 2
179 119 2
179 120 2
179 123 2
179 124 2
179 125 2
179 130 2
179 131 2
179 133 2
179 135 2
179 137 2
179 138 2
179 140 2
179 141 2
179 142 2
179 143 2
179 146 2
179 147 2
179 148 2
179 149 2
179 151 2
179 153 2
179 155 2
179 156 2
179 158 2
179 159 2
179 161 2
179 164 2
179 167 2
179 168 2
179 170 2
179 172 2
179 173 2
179 174 2
179 175 2
179 176 2
179 177 2
180 1 2
180 5 2
180 6 2
180 8 2
180 10 2
180 12 2
180 14 2
180 17 2
180 18 2
180 19 2
180 20 2
180 21 2
180 26 2
180 29 2
180 31 2
180 35 2
180 40 2
180 41 2
180 42 2
180 44 2
180 45 2
180 47 2
180 52 2
180 57 2
180 58 2
180 61 2
180 62 2
180 63 2
180 67 2
180 68 2
180 70 2
180 71 2
180 74 2
180 76 2
180 77 2
180 81 2
180 84 2
180 85 2
180 86 2
180 87 2
180 89 2
180 90 2
180 91 2
180 92 2
180 94 2
180 95 2
180 97 2
180 98 2
180 100 2
180 102 2
180 105 2
180 106 2
180 109 2
180 112 2
180 115 2
180 117 2
180 118 2
180 119 2
180 120 2
180 121 2
180 122 2
180 124 2
180 125 2
180 126 2
180 127 2
180 128 2
180 131 2
180 134 2
180 135 2
180 136 2
180 142 2
180 143 2
180 144 2
180 145 2
180 146 2
180 150 2
180 153 2
180 158 2
180 160 2
180 161 2
180 162 2
180 163 2
180 164 2
180 165 2
180 166 2
180 167 2
180 168 2
180 169 2
180 170 2
180 171 2
180 173 2
180 175 2
180 177 2
180 178 2
180 179 2
181 0 2
181 1 2
181 2 2
181 3 2
181 6 2
181 7 2
181 8 2
181 12 2
181 13 2
181 15 2
181 16 2
181 18 2
181 20 2
181 22 2
181 23 2
181 24 2
181 25 2
181 27 2
181 28 2
181 29 2
181 30 2
181 31 2
181 32 2
181 34 2
181 42 2
181 44 2
181 45 2
181 46 2
181 47 2
181 48 2
181 49 2
181 53 2
181 54 2
181 56 2
181 59 2
181 60 2
181 61 2
181 63 2
181 64 2
181 66 2
181 67 2
181 69 2
181 70 2
181 71 2
181 72 2
181 73 2
181 74 2
181 75 2
181 76 2
181 77 2
181 78 2
181 79 2
181 80 2
181 83 2
181 84 2
181 86 2
181 87 2
181 88 2
181 90 2
181 91 2
181 94 2
181 97 2
181 100 2
181 102 2
181 103 2
181 107 2
181 108 2
181 109 2
181 111 2
181 115 2
181 116 2
181 118 2
181 120 2
181 122 2
181 123 2
181 125 2
181 126 2
181 129 2
181 130 2
181 131 2
181 137 2
181 141 2
181 142 2
181 143 2
181 145 2
181 148 2
181 149 2
181 150 2
181 152 2
181 155 2
181 156 2
181 157 2
181 158 2
181 159 2
181 160 2
181 162 2
181 163 2
181 164 2
181 165 2
181 166 2
181 167 2
181 168 2
181 169 2
181 170 2
181 171 2
181 172 2
181 177 2
181 179 2
181 180 2
182 1 2
182 6 2
182 8 2
182 9 2
182 15 2
182 16 2
182 20 2
182 26 2
182 33 2
182 36 2
182 46 2
182 49 2
182 50 2
182 52 2
182 54 2
182 73 2
182 77 2
182 81 2
182 86 2
182 88 2
182 89 2
182 91 2
182 93 2
182 94 2
182 100 2
182 102 2
182 103 2
182 112 2
182 118 2
182 121 2
182 132 2
182 134 2
182 137 2
182 139 2
182 140 2
182 145 2
182 150 2
182 152 2
182 154 2
182 155 2
182 176 2
183 2 2
183 3 2
183 4 2
183 5 2
183 6 2
183 10 2
183 12 2
183 16 2
183 17 2
183 20 2
183 21 2
183 23 2
183 25 2
183 27 2
183 28 2
183 29 2
183 30 2
183 32 2
183 33 2
183 35 2
183 36 2
183 37 2
183 38 2
183 39 2
183 40 2
183 42 2
183 45 2
183 46 2
183 51 2
183 53 2
183 56 2
183 57 2
183 58 2
183 59 2
183 62 2
183 63 2
183 67 2
183 68 2
183 71 2
183 72 2
183 80 2
183 84 2
183 86 2
183 87 2
183 88 2
183 89 2
183 90 2
183 93 2
183 94 2
183 95 2
183 96 2
183 100 2
183 101 2
183 102 2
183 103 2
183 105 2
183 107 2
183 113 2
183 114 2
183 115 2
183 118 2
183 119 2
183 121 2
183 122 2
183 123 2
183 125 2
183 126 2
183 127 2
183 130 2
183 132 2
183 133 2
183 135 2
183 136 2
183 137 2
183 138 2
183 142 2
183 143 2
183 144 2
183 151 2
183 154 2
183 157 2
183 159 2
183 162 2
183 163 2
183 164 2
183 166 2
183 168 2
183 169 2
183 170 2
183 172 2
183 175 2
183 176 2
183 177 2
183 178 2
183 181 2
183 183 2
184 2 2
184 4 2
184 6 2
184 14 2
184 15 2
184 16 2
184 17 2
184 19 2
184 20 2
184 22 2
184 23 2
184 26 2
184 28 2
184 31 2
184 32 2
184 35 2
184 37 2
184 38 2
184 39 2
184 40 2
184 44 2
184 45 2
184 49 2
184 50 2
184 51 2
184 54 2
184 56 2
184 59 2
184 60 2
184 61 2
184 68 2
184 71 2
184 73 2
184 75 2
184 77 2
184 78 2
184 80 2
184 81 2
184 83 2
184 84 2
184 86 2
184 87 2
184 89 2
184 92 2
184 93 2
184 96 2
184 97 2
184 99 2
184 102 2
184 103 2
184 104 2
184 106 2
184 107 2
184 108 2
184 110 2
184 111 2
184 113 2
184 114 2
184 116 2
184 117 2
184 118 2
184 119 2
184 121 2
184 123 2
184 124 2
184 126 2
184 130 2
184 132 2
184 133 2
184 135 2
184 141 2
184 143 2
184 144 2
184 145 2
184 146 2
184 150 2
184 151 2
184 154 2
184 157 2
184 158 2
184 159 2
184 163 2
184 166 2
184 168 2
184 171 2
184 172 2
184 173 2
184 176 2
184 177 2
184 179 2
184 180 2
184 181 2
184 182 2
184 183 2
184 184 2
185 3 2
185 4 2
185 7 2
185 10 2
185 15 2
185 16 2
185 17 2
185 22 2
185 23 2
185 24 2
185 25 2
185 27 2
185 29 2
185 30 2
185 31 2
185 36 2
185 40 2
185 41 2
185 42 2
185 44 2
185 45 2
185 48 2
185 50 2
185 51 2
185 52 2
185 53 2
185 54 2
185 60 2
185 61 2
185 62 2
185 64 2
185 65 2
185 67 2
185 68 2
185 70 2
185 71 2
185 73 2
185 74 2
185 78 2
185 80 2
185 81 2
185 82 2
185 85 2
185 87 2
185 88 2
185 91 2
185 93 2
185 95 2
185 96 2
185 98 2
185 99 2
185 100 2
185 103 2
185 104 2
185 110 2
185 111 2
185 115 2
185 116 2
185 118 2
185 119 2
185 120 2
185 121 2
185 123 2
185 125 2
185 126 2
185 130 2
185 131 2
185 135 2
185 136 2
185 137 2
185 141 2
185 142 2
185 144 2
185 145 2
185 146 2
185 147 2
185 148 2
185 149 2
185 150 2
185 151 2
185 153 2
185 154 2
185 156 2
185 158 2
185 159 2
185 160 2
185 161 2
185 163 2
185 165 2
185 166 2
185 167 2
185 168 2
185 169 2
185 171 2
185 173 2
185 176 2
185 177 2
185 179 2
185 180 2
185 181 2
186 0 2
186 1 2
186 2 2
186 3 2
186 5 2
186 6 2
186 12 2
186 17 2
186 20 2
186 22 2
186 23 2
186 25 2
186 26 2
186 27 2
186 30 2
186 32 2
186 35 2
186 40 2
186 41 2
186 45 2
186 46 2
186 47 2
186 53 2
186 54 2
186 56 2
186 57 2
186 58 2
186 59 2
186 62 2
186 68 2
186 71 2
186 73 2
186 74 2
186 78 2
186 79 2
186 80 2
186 83 2
186 84 2
186 87 2
186 89 2
186 94 2
186 95 2
186 97 2
186 98 2
186 100 2
186 101 2
186 102 2
186 104 2
186 106 2
186 107 2
186 108 2
186 109 2
186 111 2
186 114 2
186 115 2
186 118 2
186 119 2
186 121 2
186 122 2
186 123 2
186 125 2
186 127 2
186 130 2
186 132 2
186 135 2
186 136 2
186 142 2
186 144 2
186 145 2
186 146 2
186 147 2
186 149 2
186 152 2
186 159 2
186 160 2
186 161 2
186 162 2
186 163 2
186 166 2
186 168 2
186 170 2
186 174 2
186 175 2
186 176 2
186 177 2
186 179 2
186 180 2
186 184 2
186 185 2
187 0 2
187 2 2
187 3 2
187 4 2
187 5 2
187 12 2
187 13 2
187 14 2
187 15 2
187 16 2
187 17 2
187 18 2
187 19 2
187 21 2
187 22 2
187 24 2
187 25 2
187 27 2
187 29 2
187 33 2
187 36 2
187 38 2
187 39 2
187 40 2
187 44 2
187 45 2
187 46 2
187 48 2
187 51 2
187 53 2
187 56 2
187 57 2
187 58 2
187 66 2
187 67 2
187 68 2
187 69 2
187 71 2
187 72 2
187 74 2
187 75 2
187 76 2
187 77 2
187 78 2
187 80 2
187 83 2
187 86 2
187 89 2
187 90 2
187 92 2
187 93 2
187 94 2
187 96 2
187 97 2
187 98 2
187 100 2
187 101 2
187 102 2
187 103 2
187 106 2
187 107 2
187 108 2
187 109 2
187 110 2
187 111 2
187 113 2
187 116 2
187 118 2
187 119 2
187 121 2
187 122 2
187 123 2
187 125 2
187 126 2
187 127 2
187 128 2
187 130 2
187 132 2
187 133 2
187 136 2
187 139 2
187 141 2
187 143 2
187 145 2
187 146 2
187 147 2
187 151 2
187 153 2
187 154 2
187 156 2
187 158 2
187 159 2
187 160 2
187 161 2
187 163 2
187 165 2
187 167 2
187 168 2
187 169 2
187 170 2
187 171 2
187 172 2
187 173 2
187 174 2
187 179 2
187 183 2
187 184 2
187 187 2
188 1 2
188 2 2
188 3 2
188 5 2
188 7 2
188 8 2
188 9 2
188 10 2
188 12 2
188 13 2
188 19 2
188 20 2
188 21 2
188 23 2
188 24 2
188 30 2
188 31 2
188 32 2
188 36 2
188 37 2
188 38 2
188 39 2
188 41 2
188 45 2
188 46 2
188 47 2
188 48 2
188 49 2
188 52 2
188 53 2
188 58 2
188 60 2
188 61 2
188 63 2
188 65 2
188 66 2
188 67 2
188 69 2
188 70 2
188 76 2
188 78 2
188 80 2
188 84 2
188 85 2
188 87 2
188 89 2
188 92 2
188 94 2
188 95 2
188 103 2
188 106 2
188 108 2
188 111 2
188 112 2
188 113 2
188 114 2
188 116 2
188 117 2
188 119 2
188 120 2
188 121 2
188 122 2
188 124 2
188 125 2
188 128 2
188 129 2
188 130 2
188 131 2
188 134 2
188 136 2
188 137 2
188 138 2
188 139 2
188 141 2
188 145 2
188 147 2
188 148 2
188 149 2
188 151 2
188 153 2
188 154 2
188 157 2
188 158 2
188 165 2
188 166 2
188 169 2
188 174 2
188 179 2
188 180 2
188 181 2
188 185 2
188 186 2
188 187 2
188 188 2
189 0 2
189 2 2
189 4 2
189 10 2
189 11 2
189 12 2
189 15 2
189 16 2
189 17 2
189 19 2
189 22 2
189 24 2
189 25 2
189 26 2
189 27 2
189 29 2
189 30 2
189 32 2
189 33 2
189 36 2
189 37 2
189 38 2
189 39 2
189 40 2
189 41 2
189 42 2
189 43 2
189 44 2
189 46 2
189 47 2
189 48 2
189 49 2
189 51 2
189 53 2
189 54 2
189 60 2
189 64 2
189 68 2
189 70 2
189 72 2
189 73 2
189 74 2
189 75 2
189 76 2
189 80 2
189 81 2
189 82 2
189 83 2
189 85 2
189 89 2
189 91 2
189 92 2
189 93 2
189 94 2
189 96 2
189 100 2
189 101 2
189 102 2
189 103 2
189 105 2
189 107 2
189 108 2
189 109 2
189 111 2
189 112 2
189 113 2
189 114 2
189 116 2
189 119 2
189 121 2
189 123 2
189 125 2
189 126 2
189 127 2
189 128 2
189 131 2
189 132 2
189 135 2
189 136 2
189 139 2
189 141 2
189 142 2
189 144 2
189 145 2
189 146 2
189 147 2
189 148 2
189 150 2
189 151 2
189 152 2
189 154 2
189 155 2
189 156 2
189 157 2
189 158 2
189 159 2
189 162 2
189 166 2
189 168 2
189 169 2
189 171 2
189 177 2
189 178 2
189 180 2
189 181 2
189 183 2
189 186 2
189 187 2
189 188 2
189 189 2
190 3 2
190 4 2
190 7 2
190 9 2
190 11 2
190 13 2
190 16 2
190 18 2
190 19 2
190 21 2
190 23 2
190 24 2
190 25 2
190 26 2
190 28 2
190 29 2
190 34 2
190 38 2
190 39 2
190 42 2
190 45 2
190 47 2
190 48 2
190 50 2
190 56 2
190 57 2
190 60 2
190 63 2
190 66 2
190 68 2
190 69 2
190 75 2
190 79 2
190 81 2
190 82 2
190 84 2
190 85 2
190 87 2
190 88 2
190 90 2
190 91 2
190 96 2
190 98 2
190 103 2
190 105 2
190 107 2
190 108 2
190 109 2
190 110 2
190 114 2
190 117 2
190 120 2
190 121 2
190 122 2
190 124 2
190 125 2
190 126 2
190 127 2
190 128 2
190 135 2
190 136 2
190 142 2
190 143 2
190 144 2
190 147 2
190 148 2
190 149 2
190 151 2
190 152 2
190 158 2
190 160 2
190 161 2
190 162 2
190 165 2
190 167 2
190 170 2
190 177 2
190 180 2
190 184 2
190 186 2
191 2 2
191 3 2
191 4 2
191 5 2
191 6 2
191 8 2
191 10 2
191 12 2
191 13 2
191 14 2
191 15 2
191 16 2
191 19 2
191 20 2
191 21 2
191 22 2
191 26 2
191 27 2
191 30 2
191 32 2
191 35 2
191 36 2
191 37 2
191 38 2
191 39 2
191 41 2
191 45 2
191 46 2
191 48 2
191 49 2
191 51 2
191 52 2
191 54 2
191 57 2
191 59 2
191 60 2
191 61 2
191 62 2
191 63 2
191 64 2
191 65 2
191 66 2
191 71 2
191 76 2
191 77 2
191 78 2
191 79 2
191 81 2
191 82 2
191 83 2
191 84 2
191 85 2
191 86 2
191 88 2
191 89 2
191 96 2
191 99 2
191 101 2
191 102 2
191 103 2
191 105 2
191 106 2
191 109 2
191 113 2
191 114 2
191 117 2
191 118 2
191 119 2
191 120 2
191 121 2
191 123 2
191 126 2
191 127 2
191 130 2
191 133 2
191 135 2
191 137 2
191 138 2
191 139 2
191 144 2
191 145 2
191 147 2
191 148 2
191 149 2
191 152 2
191 155 2
191 156 2
191 157 2
191 158 2
191 161 2
191 162 2
191 163 2
191 165 2
191 167 2
191 172 2
191 173 2
191 175 2
191 176 2
191 180 2
191 181 2
191 183 2
191 186 2
191 187 2
191 190 2
191 191 2
192 0 2
192 3 2
192 19 2
192 25 2
192 28 2
192 32 2
192 34 2
192 43 2
192 44 2
192 55 2
192 63 2
192 72 2
192 77 2
192 78 2
192 79 2
192 93 2
192 96 2
192 99 2
192 104 2
192 105 2
192 111 2
192 112 2
192 113 2
192 117 2
192 129 2
192 130 2
192 139 2
192 142 2
192 145 2
192 147 2
192 155 2
192 157 2
192 158 2
192 159 2
192 163 2
192 167 2
192 170 2
192 179 2
192 182 2
192 187 2
192 189 2
192 192 2
193 0 2
193 3 2
193 4 2
193 6 2
193 7 2
193 8 2
193 9 2
193 11 2
193 12 2
193 13 2
193 14 2
193 19 2
193 21 2
193 24 2
193 29 2
193 30 2
193 31 2
193 35 2
193 36 2
193 37 2
193 40 2
193 46 2
193 47 2
193 49 2
193 54 2
193 57 2
193 61 2
193 62 2
193 63 2
193 64 2
193 65 2
193 67 2
193 70 2
193 72 2
193 80 2
193 82 2
193 84 2
193 85 2
193 86 2
193 88 2
193 89 2
193 90 2
193 91 2
193 94 2
193 95 2
193 96 2
193 99 2
193 103 2
193 105 2
193 106 2
193 109 2
193 113 2
193 114 2
193 115 2
193 116 2
193 119 2
193 120 2
193 121 2
193 123 2
193 125 2
193 126 2
193 128 2
193 132 2
193 133 2
193 137 2
193 138 2
193 140 2
193 141 2
193 142 2
193 144 2
193 145 2
193 148 2
193 149 2
193 151 2
193 156 2
193 157 2
193 160 2
193 161 2
193 163 2
193 166 2
193 172 2
193 174 2
193 175 2
193 177 2
193 179 2
193 181 2
193 182 2
193 183 2
193 185 2
193 186 2
193 187 2
193 189 2
193 193 2
194 0 2
194 2 2
194 3 2
194 4 2
194 5 2
194 7 2
194 12 2
194 13 2
194 14 2
194 16 2
194 17 2
194 19 2
194 20 2
194 22 2
194 23 2
194 24 2
194 25 2
194 26 2
194 27 2
194 29 2
194 31 2
194 33 2
194 36 2
194 37 2
194 38 2
194 39 2
194 40 2
194 42 2
194 44 2
194 45 2
194 48 2
194 49 2
194 58 2
194 60 2
194 61 2
194 62 2
194 63 2
194 64 2
194 65 2
194 73 2
194 75 2
194 79 2
194 83 2
194 84 2
194 86 2
194 87 2
194 89 2
194 90 2
194 92 2
194 96 2
194 97 2
194 98 2
194 100 2
194 105 2
194 107 2
194 108 2
194 110 2
194 111 2
194 114 2
194 115 2
194 116 2
194 117 2
194 118 2
194 119 2
194 120 2
194 121 2
194 123 2
194 124 2
194 126 2
194 127 2
194 130 2
194 132 2
194 136 2
194 138 2
194 141 2
194 144 2
194 145 2
194 148 2
194 149 2
194 150 2
194 151 2
194 152 2
194 153 2
194 154 2
194 155 2
194 157 2
194 158 2
194 160 2
194 161 2
194 162 2
194 164 2
194 166 2
194 168 2
194 169 2
194 170 2
194 171 2
194 172 2
194 173 2
194 176 2
194 179 2
194 180 2
194 184 2
194 185 2
194 186 2
194 189 2
194 190 2
194 191 2
195 3 2
195 5 2
195 6 2
195 8 2
195 9 2
195 11 2
195 13 2
195 17 2
195 18 2
195 19 2
195 20 2
195 21 2
195 23 2
195 26 2
195 29 2
195 31 2
195 36 2
195 38 2
195 39 2
195 42 2
195 46 2
195 51 2
195 53 2
195 55 2
195 56 2
195 57 2
195 59 2
195 60 2
195 62 2
195 64 2
195 67 2
195 70 2
195 72 2
195 74 2
195 75 2
195 77 2
195 83 2
195 84 2
195 86 2
195 87 2
195 88 2
195 91 2
195 92 2
195 93 2
195 96 2
195 97 2
195 102 2
195 103 2
195 106 2
195 107 2
195 109 2
195 110 2
195 113 2
195 115 2
195 118 2
195 120 2
195 123 2
195 124 2
195 125 2
195 126 2
195 128 2
195 131 2
195 132 2
195 133 2
195 136 2
195 137 2
195 140 2
195 141 2
195 143 2
195 145 2
195 148 2
195 149 2
195 151 2
195 153 2
195 159 2
195 160 2
195 161 2
195 162 2
195 163 2
195 164 2
195 167 2
195 168 2
195 169 2
195 171 2
195 173 2
195 174 2
195 179 2
195 180 2
195 181 2
195 184 2
195 186 2
195 187 2
195 188 2
195 189 2
195 191 2
195 194 2
196 0 2
196 2 2
196 3 2
196 4 2
196 7 2
196 8 2
196 10 2
196 12 2
196 13 2
196 16 2
196 19 2
196 22 2
196 23 2
196 25 2
196 27 2
196 28 2
196 29 2
196 31 2
196 32 2
196 34 2
196 35 2
196 36 2
196 39 2
196 40 2
196 41 2
196 46 2
196 48 2
196 53 2
196 56 2
196 58 2
196 59 2
196 68 2
196 69 2
196 71 2
196 75 2
196 77 2
196 78 2
196 81 2
196 82 2
196 83 2
196 85 2
196 87 2
196 88 2
196 89 2
196 95 2
196 96 2
196 97 2
196 99 2
196 100 2
196 101 2
196 102 2
196 103 2
196 105 2
196 106 2
196 107 2
196 110 2
196 113 2
196 114 2
196 115 2
196 116 2
196 117 2
196 118 2
196 119 2
196 120 2
196 122 2
196 123 2
196 124 2
196 125 2
196 126 2
196 127 2
196 129 2
196 130 2
196 131 2
196 135 2
196 137 2
196 138 2
196 139 2
196 141 2
196 144 2
196 145 2
196 146 2
196 147 2
196 148 2
196 149 2
196 150 2
196 151 2
196 156 2
196 158 2
196 159 2
196 160 2
196 161 2
196 162 2
196 164 2
196 168 2
196 169 2
196 170 2
196 172 2
196 174 2
196 180 2
196 181 2
196 186 2
196 187 2
196 188 2
196 189 2
196 192 2
196 195 2
196 196 2
197 0 2
197 5 2
197 6 2
197 8 2
197 15 2
197 16 2
197 17 2
197 20 2
197 21 2
197 22 2
197 23 2
197 24 2
197 25 2
197 27 2
197 30 2
197 32 2
197 35 2
197 37 2
197 38 2
197 39 2
197 40 2
197 42 2
197 44 2
197 45 2
197 46 2
197 48 2
197 50 2
197 51 2
197 53 2
197 54 2
197 55 2
197 56 2
197 57 2
197 58 2
197 63 2
197 64 2
197 66 2
197 67 2
197 68 2
197 72 2
197 73 2
197 74 2
197 75 2
197 80 2
197 82 2
197 83 2
197 84 2
197 87 2
197 88 2
197 90 2
197 91 2
197 92 2
197 93 2
197 94 2
197 97 2
197 98 2
197 99 2
197 101 2
197 102 2
197 106 2
197 107 2
197 109 2
197 113 2
197 115 2
197 119 2
197 120 2
197 121 2
197 122 2
197 127 2
197 129 2
197 131 2
197 135 2
197 136 2
197 137 2
197 140 2
197 142 2
197 143 2
197 146 2
197 147 2
197 149 2
197 151 2
197 153 2
197 154 2
197 155 2
197 156 2
197 157 2
197 163 2
197 165 2
197 168 2
197 169 2
197 171 2
197 173 2
197 174 2
197 176 2
197 183 2
197 186 2
197 188 2
197 190 2
197 192 2
197 193 2
197 195 2
198 2 2
198 5 2
198 10 2
198 13 2
198 16 2
198 17 2
198 18 2
198 20 2
198 22 2
198 23 2
198 24 2
198 25 2
198 27 2
198 30 2
198 31 2
198 33 2
198 35 2
198 36 2
198 39 2
198 41 2
198 42 2
198 44 2
198 45 2
198 47 2
198 49 2
198 51 2
198 53 2
198 54 2
198 55 2
198 56 2
198 58 2
198 60 2
198 61 2
198 64 2
198 65 2
198 68 2
198 73 2
198 74 2
198 75 2
198 78 2
198 82 2
198 83 2
198 86 2
198 89 2
198 90 2
198 91 2
198 94 2
198 97 2
198 99 2
198 100 2
198 101 2
198 102 2
198 105 2
198 106 2
198 108 2
198 115 2
198 117 2
198 118 2
198 119 2
198 121 2
198 124 2
198 126 2
198 128 2
198 129 2
198 131 2
198 132 2
198 134 2
198 135 2
198 137 2
198 142 2
198 143 2
198 146 2
198 152 2
198 157 2
198 158 2
198 161 2
198 163 2
198 164 2
198 166 2
198 167 2
198 169 2
198 171 2
198 174 2
198 176 2
198 177 2
198 181 2
198 183 2
198 184 2
198 190 2
198 195 2
198 196 2
198 197 2
198 198 2
199 0 2
199 2 2
199 3 2
199 5 2
199 7 2
199 8 2
199 12 2
199 17 2
199 19 2
199 20 2
199 21 2
199 22 2
199 26 2
199 27 2
199 28 2
199 30 2
199 31 2
199 32 2
199 33 2
199 34 2
199 35 2
199 36 2
199 37 2
199 42 2
199 46 2
199 47 2
199 49 2
199 50 2
199 51 2
199 54 2
199 55 2
199 57 2
199 58 2
199 61 2
199 62 2
199 65 2
199 68 2
199 71 2
199 72 2
199 73 2
199 74 2
199 76 2
199 80 2
199 83 2
199 88 2
199 89 2
199 90 2
199 92 2
199 96 2
199 100 2
199 103 2
199 105 2
199 106 2
199 107 2
199 108 2
199 111 2
199 114 2
199 118 2
199 123 2
199 124 2
199 126 2
199 128 2
199 129 2
199 131 2
199 132 2
199 133 2
199 135 2
199 137 2
199 138 2
199 139 2
199 140 2
199 141 2
199 144 2
199 145 2
199 146 2
199 149 2
199 153 2
199 155 2
199 157 2
199 158 2
199 159 2
199 160 2
199 161 2
199 162 2
199 163 2
199 164 2
199 168 2
199 169 2
199 174 2
199 177 2
199 179 2
199 180 2
199 181 2
199 183 2
199 184 2
199 187 2
199 190 2
199 192 2
199 193 2
199 194 2
199 195 2
199 196 2
199 198 2
199 199 2
1 1 3
2 2 3
3 2 3
4 0 3
4 4 3
5 0 3
5 1 3
5 4 3
5 5 3
6 0 3
6 1 3
6 4 3
7 1 3
7 3 3
8 1 3
8 2 3
8 3 3
8 8 3
9 1 3
9 3 3
9 8 3
11 2 3
11 11 3
12 1 3
12 3 3
12 6 3
12 8 3
12 9 3
13 1 3
13 4 3
13 6 3
13 13 3
14 0 3
14 4 3
14 5 3
14 6 3
14 9 3
14 10 3
14 11 3
14 12 3
14 13 3
15 6 3
15 9 3
15 10 3
15 12 3
16 0 3
16 4 3
16 5 3
16 11 3
16 12 3
16 15 3
17 1 3
17 2 3
17 8 3
17 12 3
17 15 3
17 16 3
17 17 3
18 0 3
18 1 3
18 2 3
18 3 3
18 9 3
18 11 3
18 14 3
18 16 3
18 17 3
18 18 3
19 0 3
19 4 3
19 5 3
19 7 3
19 8 3
19 10 3
19 13 3
19 14 3
19 17 3
19 19 3
20 0 3
20 8 3
20 9 3
20 11 3
20 12 3
20 15 3
20 16 3
20 17 3
20 18 3
21 2 3
21 4 3
21 5 3
21 6 3
21 13 3
21 15 3
21 16 3
21 19 3
21 20 3
21 21 3
22 2 3
22 3 3
22 4 3
22 10 3
22 14 3
22 16 3
22 18 3
22 19 3
22 20 3
22 21 3
23 2 3
23 4 3
23 7 3
23 10 3
23 13 3
23 15 3
23 19 3
23 23 3
24 1 3
24 7 3
24 9 3
24 18 3
24 19 3
24 20 3
25 1 3
25 6 3
25 9 3
25 11 3
25 12 3
25 13 3
25 18 3
25 20 3
25 22 3
25 24 3
25 25 3
26 0 3
26 1 3
26 4 3
26 10 3
26 17 3
26 19 3
26 26 3
27 1 3
27 2 3
27 6 3
27 7 3
27 8 3
27 12 3
27 14 3
27 15 3
27 17 3
27 18 3
27 19 3
27 24 3
28 3 3
28 4 3
28 9 3
28 11 3
28 12 3
28 14 3
28 15 3
28 17 3
28 19 3
28 22 3
28 24 3
28 25 3
28 27 3
29 0 3
29 4 3
29 6 3
29 8 3
29 9 3
29 10 3
29 13 3
29 15 3
29 16 3
29 20 3
29 21 3
29 23 3
29 29 3
30 2 3
30 3 3
30 6 3
30 7 3
30 8 3
30 9 3
30 10 3
30 12 3
30 17 3
30 18 3
30 20 3
30 23 3
30 24 3
30 27 3
30 28 3
30 30 3
31 0 3
31 4 3
31 5 3
31 6 3
31 10 3
31 23 3
31 26 3
31 31 3
32 2 3
32 5 3
32 9 3
32 10 3
32 14 3
32 19 3
32 21 3
32 22 3
32 26 3
32 28 3
32 29 3
32 31 3
32 32 3
33 1 3
33 4 3
33 7 3
33 8 3
33 9 3
33 12 3
33 18 3
33 19 3
33 22 3
33 27 3
33 30 3
33 33 3
34 2 3
34 3 3
34 4 3
34 6 3
34 7 3
34 8 3
34 9 3
34 10 3
34 11 3
34 12 3
34 13 3
34 14 3
34 18 3
34 20 3
34 25 3
34 26 3
34 30 3
34 34 3
35 1 3
35 2 3
35 7 3
35 8 3
35 13 3
35 17 3
35 18 3
35 20 3
35 23 3
35 27 3
35 28 3
35 34 3
35 35 3
36 2 3
36 6 3
36 8 3
36 10 3
36 14 3
36 15 3
36 16 3
36 18 3
36 19 3
36 21 3
36 25 3
36 26 3
36 28 3
36 29 3
36 31 3
36 32 3
36 33 3
36 36 3
37 4 3
37 5 3
37 6 3
37 7 3
37 10 3
37 13 3
37 14 3
37 16 3
37 21 3
37 22 3
37 26 3
37 32 3
37 33 3
37 34 3
37 36 3
37 37 3
38 1 3
38 2 3
38 7 3
38 9 3
38 10 3
38 17 3
38 18 3
38 20 3
38 21 3
38 25 3
38 26 3
38 27 3
38 30 3
38 31 3
39 3 3
39 9 3
39 15 3
39 19 3
39 20 3
39 24 3
39 25 3
39 26 3
39 29 3
39 30 3
39 33 3
39 39 3
40 2 3
40 6 3
40 10 3
40 13 3
40 14 3
40 15 3
40 16 3
40 17 3
40 22 3
40 26 3
40 29 3
40 31 3
40 32 3
40 37 3
40 40 3
41 1 3
41 2 3
41 3 3
41 9 3
41 11 3
41 12 3
41 17 3
41 18 3
41 20 3
41 21 3
41 24 3
41 25 3
41 28 3
41 30 3
41 34 3
41 35 3
41 38 3
41 39 3
42 0 3
42 5 3
42 8 3
42 10 3
42 14 3
42 15 3
42 16 3
42 21 3
42 22 3
42 26 3
42 27 3
42 28 3
42 30 3
42 31 3
42 33 3
42 37 3
42 42 3
43 8 3
43 10 3
43 16 3
43 18 3
43 23 3
43 25 3
43 26 3
43 27 3
43 30 3
43 34 3
43 35 3
43 36 3
43 38 3
43 39 3
44 1 3
44 4 3
44 5 3
44 9 3
44 13 3
44 15 3
44 16 3
44 19 3
44 22 3
44 23 3
44 28 3
44 31 3
44 36 3
44 40 3
44 44 3
45 2 3
45 7 3
45 8 3
45 11 3
45 14 3
45 18 3
45 20 3
45 24 3
45 28 3
45 30 3
45 31 3
45 34 3
45 35 3
45 37 3
45 41 3
46 4 3
46 5 3
46 7 3
46 10 3
46 11 3
46 12 3
46 20 3
46 21 3
46 22 3
46 23 3
46 29 3
46 31 3
46 32 3
46 37 3
46 39 3
46 44 3
46 45 3
47 0 3
47 1 3
47 6 3
47 7 3
47 9 3
47 13 3
47 17 3
47 18 3
47 24 3
47 26 3
47 27 3
47 29 3
47 30 3
47 33 3
47 34 3
47 38 3
47 42 3
47 46 3
47 47 3
48 1 3
48 3 3
48 7 3
48 8 3
48 9 3
48 11 3
48 13 3
48 15 3
48 19 3
48 20 3
48 25 3
48 27 3
48 28 3
48 30 3
48 35 3
48 36 3
48 38 3
48 39 3
48 40 3
48 41 3
48 43 3
48 44 3
48 45 3
48 47 3
48 48 3
49 0 3
49 4 3
49 5 3
49 9 3
49 10 3
49 14 3
49 16 3
49 21 3
49 23 3
49 31 3
49 32 3
49 34 3
49 36 3
49 37 3
49 44 3
49 48 3
50 3 3
50 7 3
50 12 3
50 17 3
50 20 3
50 22 3
50 24 3
50 25 3
50 29 3
50 32 3
50 33 3
50 35 3
50 39 3
50 40 3
50 41 3
50 43 3
50 46 3
50 47 3
50 48 3
50 50 3
51 1 3
51 2 3
51 8 3
51 9 3
51 11 3
51 14 3
51 15 3
51 16 3
51 18 3
51 20 3
51 24 3
51 25 3
51 26 3
51 29 3
51 30 3
51 31 3
51 32 3
51 33 3
51 34 3
51 35 3
51 46 3
51 48 3
51 49 3
52 0 3
52 1 3
52 7 3
52 8 3
52 9 3
52 11 3
52 17 3
52 18 3
52 20 3
52 30 3
52 33 3
52 35 3
52 37 3
52 41 3
52 42 3
52 43 3
52 45 3
52 47 3
52 50 3
52 51 3
52 52 3
53 1 3
53 3 3
53 7 3
53 8 3
53 9 3
53 11 3
53 15 3
53 20 3
53 28 3
53 31 3
53 33 3
53 34 3
53 35 3
53 36 3
53 38 3
53 39 3
53 41 3
53 44 3
53 47 3
53 52 3
54 1 3
54 2 3
54 9 3
54 11 3
54 12 3
54 16 3
54 18 3
54 20 3
54 25 3
54 27 3
54 28 3
54 35 3
54 43 3
54 54 3
55 2 3
55 3 3
55 7 3
55 8 3
55 9 3
55 10 3
55 11 3
55 17 3
55 19 3
55 26 3
55 28 3
55 34 3
55 39 3
55 43 3
55 45 3
55 47 3
55 49 3
55 51 3
55 53 3
56 0 3
56 1 3
56 4 3
56 6 3
56 8 3
56 10 3
56 13 3
56 15 3
56 16 3
56 17 3
56 21 3
56 22 3
56 23 3
56 28 3
56 29 3
56 31 3
56 35 3
56 36 3
56 47 3
56 49 3
56 50 3
56 56 3
57 5 3
57 7 3
57 9 3
57 10 3
57 14 3
57 15 3
57 16 3
57 18 3
57 19 3
57 21 3
57 22 3
57 23 3
57 26 3
57 31 3
57 32 3
57 34 3
57 36 3
57 43 3
57 44 3
57 46 3
57 48 3
57 49 3
57 50 3
57 51 3
57 52 3
57 56 3
57 57 3
58 4 3
58 6 3
58 7 3
58 8 3
58 10 3
58 13 3
58 14 3
58 18 3
58 23 3
58 24 3
58 26 3
58 29 3
58 31 3
58 32 3
58 37 3
58 39 3
58 44 3
58 46 3
58 49 3
58 57 3
58 58 3
59 3 3
59 4 3
59 5 3
59 8 3
59 10 3
59 11 3
59 19 3
59 21 3
59 23 3
59 25 3
59 32 3
59 33 3
59 49 3
59 52 3
59 56 3
59 58 3
60 6 3
60 7 3
60 15 3
60 19 3
60 21 3
60 22 3
60 23 3
60 24 3
60 25 3
60 27 3
60 29 3
60 31 3
60 37 3
60 40 3
60 42 3
60 43 3
60 45 3
60 49 3
60 54 3
60 56 3
61 2 3
61 4 3
61 6 3
61 13 3
61 14 3
61 15 3
61 16 3
61 21 3
61 23 3
61 25 3
61 26 3
61 29 3
61 31 3
61 32 3
61 33 3
61 36 3
61 39 3
61 40 3
61 42 3
61 44 3
61 47 3
61 49 3
61 53 3
61 56 3
61 58 3
61 59 3
61 60 3
62 3 3
62 6 3
62 7 3
62 12 3
62 17 3
62 18 3
62 23 3
62 24 3
62 25 3
62 30 3
62 33 3
62 35 3
62 38 3
62 40 3
62 41 3
62 43 3
62 44 3
62 48 3
62 51 3
62 60 3
63 0 3
63 1 3
63 5 3
63 10 3
63 13 3
63 15 3
63 16 3
63 21 3
63 23 3
63 26 3
63 31 3
63 34 3
63 36 3
63 37 3
63 44 3
63 46 3
63 54 3
63 57 3
63 59 3
63 61 3
64 0 3
64 4 3
64 5 3
64 6 3
64 8 3
64 10 3
64 13 3
64 14 3
64 15 3
64 16 3
64 21 3
64 22 3
64 23 3
64 25 3
64 26 3
64 30 3
64 31 3
64 32 3
64 33 3
64 36 3
64 40 3
64 42 3
64 43 3
64 48 3
64 49 3
64 52 3
64 54 3
64 57 3
64 58 3
64 63 3
65 3 3
65 7 3
65 8 3
65 9 3
65 12 3
65 17 3
65 18 3
65 30 3
65 33 3
65 34 3
65 35 3
65 36 3
65 39 3
65 41 3
65 42 3
65 53 3
65 55 3
65 57 3
65 61 3
65 62 3
65 64 3
65 65 3
66 3 3
66 5 3
66 6 3
66 13 3
66 14 3
66 15 3
66 16 3
66 18 3
66 19 3
66 23 3
66 26 3
66 27 3
66 32 3
66 33 3
66 41 3
66 44 3
66 46 3
66 47 3
66 56 3
66 58 3
66 59 3
66 60 3
66 61 3
66 66 3
67 1 3
67 2 3
67 8 3
67 9 3
67 12 3
67 17 3
67 18 3
67 19 3
67 23 3
67 25 3
67 28 3
67 30 3
67 32 3
67 33 3
67 34 3
67 35 3
67 38 3
67 45 3
67 47 3
67 48 3
67 50 3
67 51 3
67 52 3
67 53 3
67 54 3
67 55 3
67 59 3
67 61 3
67 67 3
68 0 3
68 6 3
68 10 3
68 12 3
68 13 3
68 14 3
68 16 3
68 19 3
68 21 3
68 26 3
68 27 3
68 30 3
68 34 3
68 35 3
68 36 3
68 41 3
68 43 3
68 46 3
68 48 3
68 50 3
68 53 3
68 62 3
68 63 3
68 64 3
68 66 3
68 68 3
69 1 3
69 2 3
69 8 3
69 9 3
69 10 3
69 12 3
69 15 3
69 16 3
69 20 3
69 25 3
69 27 3
69 31 3
69 34 3
69 35 3
69 36 3
69 37 3
69 48 3
69 50 3
69 51 3
69 53 3
69 54 3
69 56 3
70 1 3
70 3 3
70 7 3
70 8 3
70 9 3
70 11 3
70 17 3
70 18 3
70 19 3
70 24 3
70 25 3
70 27 3
70 28 3
70 30 3
70 32 3
70 35 3
70 36 3
70 41 3
70 42 3
70 45 3
70 47 3
70 49 3
70 50 3
70 51 3
70 54 3
70 57 3
70 62 3
70 65 3
70 67 3
70 69 3
71 0 3
71 10 3
71 13 3
71 14 3
71 19 3
71 25 3
71 29 3
71 32 3
71 35 3
71 38 3
71 39 3
71 40 3
71 41 3
71 44 3
71 46 3
71 48 3
71 49 3
71 50 3
71 56 3
71 58 3
71 59 3
71 60 3
71 63 3
71 64 3
71 65 3
71 68 3
71 71 3
72 0 3
72 5 3
72 10 3
72 12 3
72 13 3
72 14 3
72 15 3
72 22 3
72 23 3
72 24 3
72 26 3
72 27 3
72 32 3
72 35 3
72 37 3
72 40 3
72 42 3
72 46 3
72 47 3
72 58 3
72 60 3
72 63 3
72 64 3
72 68 3
72 71 3
72 72 3
73 1 3
73 6 3
73 7 3
73 8 3
73 9 3
73 11 3
73 13 3
73 16 3
73 17 3
73 18 3
73 24 3
73 25 3
73 28 3
73 30 3
73 33 3
73 34 3
73 39 3
73 40 3
73 42 3
73 43 3
73 50 3
73 51 3
73 52 3
73 54 3
73 65 3
73 67 3
73 69 3
73 70 3
73 71 3
73 73 3
74 2 3
74 3 3
74 4 3
74 6 3
74 12 3
74 17 3
74 24 3
74 25 3
74 28 3
74 30 3
74 33 3
74 35 3
74 38 3
74 42 3
74 44 3
74 48 3
74 50 3
74 51 3
74 52 3
74 53 3
74 54 3
74 55 3
74 56 3
74 65 3
74 67 3
74 69 3
74 70 3
74 71 3
74 74 3
75 2 3
75 3 3
75 5 3
75 8 3
75 9 3
75 24 3
75 28 3
75 30 3
75 31 3
75 33 3
75 34 3
75 43 3
75 44 3
75 45 3
75 47 3
75 49 3
75 50 3
75 53 3
75 55 3
75 58 3
75 62 3
75 63 3
75 65 3
75 67 3
75 69 3
75 72 3
76 2 3
76 5 3
76 8 3
76 14 3
76 15 3
76 18 3
76 20 3
76 25 3
76 26 3
76 27 3
76 28 3
76 30 3
76 33 3
76 34 3
76 36 3
76 38 3
76 41 3
76 42 3
76 43 3
76 45 3
76 50 3
76 51 3
76 52 3
76 53 3
76 54 3
76 60 3
76 64 3
76 67 3
76 69 3
76 70 3
76 71 3
76 75 3
76 76 3
77 0 3
77 3 3
77 5 3
77 8 3
77 10 3
77 12 3
77 14 3
77 21 3
77 23 3
77 24 3
77 26 3
77 29 3
77 31 3
77 33 3
77 37 3
77 39 3
77 42 3
77 50 3
77 57 3
77 58 3
77 59 3
77 60 3
77 61 3
77 63 3
77 64 3
77 66 3
77 68 3
77 69 3
77 72 3
77 76 3
77 77 3
78 0 3
78 1 3
78 4 3
78 6 3
78 7 3
78 8 3
78 10 3
78 13 3
78 16 3
78 24 3
78 25 3
78 29 3
78 30 3
78 34 3
78 36 3
78 40 3
78 42 3
78 48 3
78 49 3
78 53 3
78 55 3
78 56 3
78 58 3
78 59 3
78 61 3
78 63 3
78 66 3
78 69 3
78 72 3
78 77 3
79 0 3
79 1 3
79 3 3
79 5 3
79 6 3
79 7 3
79 10 3
79 11 3
79 13 3
79 14 3
79 15 3
79 16 3
79 19 3
79 21 3
79 23 3
79 31 3
79 33 3
79 37 3
79 42 3
79 47 3
79 49 3
79 56 3
79 59 3
79 63 3
79 64 3
79 66 3
79 68 3
79 71 3
79 72 3
79 76 3
79 78 3
79 79 3
80 1 3
80 3 3
80 8 3
80 9 3
80 10 3
80 12 3
80 17 3
80 18 3
80 20 3
80 23 3
80 24 3
80 25 3
80 27 3
80 29 3
80 35 3
80 36 3
80 39 3
80 41 3
80 42 3
80 48 3
80 49 3
80 53 3
80 65 3
80 66 3
80 67 3
80 68 3
80 73 3
80 74 3
80 75 3
80 76 3
80 80 3
81 0 3
81 3 3
81 7 3
81 8 3
81 17 3
81 18 3
81 27 3
81 29 3
81 30 3
81 33 3
81 34 3
81 39 3
81 41 3
81 42 3
81 45 3
81 47 3
81 48 3
81 49 3
81 50 3
81 51 3
81 52 3
81 53 3
81 54 3
81 55 3
81 56 3
81 61 3
81 62 3
81 65 3
81 67 3
81 69 3
81 70 3
81 73 3
81 74 3
81 78 3
81 80 3
81 81 3
82 5 3
82 6 3
82 10 3
82 24 3
82 26 3
82 28 3
82 32 3
82 33 3
82 36 3
82 37 3
82 40 3
82 41 3
82 46 3
82 48 3
82 49 3
82 56 3
82 60 3
82 61 3
82 64 3
82 65 3
82 66 3
82 70 3
82 76 3
82 77 3
82 78 3
82 79 3
82 81 3
83 1 3
83 2 3
83 4 3
83 5 3
83 8 3
83 10 3
83 12 3
83 13 3
83 14 3
83 15 3
83 17 3
83 19 3
83 21 3
83 24 3
83 26 3
83 32 3
83 33 3
83 39 3
83 40 3
83 41 3
83 42 3
83 45 3
83 46 3
83 51 3
83 55 3
83 56 3
83 57 3
83 58 3
83 59 3
83 60 3
83 63 3
83 64 3
83 65 3
83 67 3
83 70 3
83 71 3
83 72 3
83 73 3
83 78 3
83 79 3
83 80 3
83 81 3
83 82 3
84 0 3
84 3 3
84 4 3
84 18 3
84 22 3
84 23 3
84 25 3
84 31 3
84 40 3
84 41 3
84 42 3
84 44 3
84 46 3
84 53 3
84 55 3
84 56 3
84 57 3
84 58 3
84 59 3
84 60 3
84 64 3
84 65 3
84 69 3
84 71 3
84 78 3
84 79 3
84 80 3
84 82 3
84 83 3
84 84 3
85 0 3
85 4 3
85 5 3
85 10 3
85 13 3
85 14 3
85 15 3
85 19 3
85 21 3
85 22 3
85 26 3
85 27 3
85 36 3
85 41 3
85 44 3
85 46 3
85 51 3
85 56 3
85 58 3
85 59 3
85 60 3
85 61 3
85 63 3
85 64 3
85 66 3
85 68 3
85 69 3
85 71 3
85 73 3
85 76 3
85 77 3
85 78 3
85 82 3
85 83 3
85 84 3
85 85 3
86 0 3
86 2 3
86 3 3
86 8 3
86 11 3
86 12 3
86 16 3
86 17 3
86 20 3
86 23 3
86 24 3
86 25 3
86 28 3
86 30 3
86 32 3
86 38 3
86 39 3
86 41 3
86 44 3
86 45 3
86 47 3
86 50 3
86 51 3
86 52 3
86 53 3
86 54 3
86 56 3
86 57 3
86 65 3
86 66 3
86 67 3
86 74 3
86 76 3
86 78 3
86 86 3
87 3 3
87 8 3
87 9 3
87 11 3
87 13 3
87 18 3
87 25 3
87 27 3
87 28 3
87 34 3
87 37 3
87 38 3
87 39 3
87 43 3
87 50 3
87 52 3
87 53 3
87 54 3
87 55 3
87 61 3
87 67 3
87 69 3
87 70 3
87 71 3
87 75 3
87 76 3
87 80 3
87 81 3
87 82 3
87 86 3
88 2 3
88 6 3
88 7 3
88 8 3
88 9 3
88 11 3
88 12 3
88 14 3
88 20 3
88 21 3
88 24 3
88 25 3
88 26 3
88 27 3
88 29 3
88 36 3
88 37 3
88 39 3
88 40 3
88 41 3
88 45 3
88 48 3
88 49 3
88 51 3
88 52 3
88 53 3
88 55 3
88 60 3
88 62 3
88 65 3
88 67 3
88 68 3
88 69 3
88 70 3
88 76 3
88 84 3
88 85 3
88 86 3
89 2 3
89 8 3
89 9 3
89 10 3
89 13 3
89 17 3
89 18 3
89 20 3
89 24 3
89 26 3
89 28 3
89 30 3
89 31 3
89 33 3
89 35 3
89 36 3
89 38 3
89 40 3
89 41 3
89 42 3
89 43 3
89 44 3
89 45 3
89 47 3
89 48 3
89 49 3
89 50 3
89 52 3
89 53 3
89 54 3
89 57 3
89 63 3
89 65 3
89 70 3
89 73 3
89 74 3
89 75 3
89 76 3
89 80 3
89 83 3
89 85 3
89 86 3
89 88 3
89 89 3
90 6 3
90 10 3
90 12 3
90 13 3
90 14 3
90 15 3
90 17 3
90 19 3
90 21 3
90 22 3
90 25 3
90 26 3
90 29 3
90 31 3
90 36 3
90 37 3
90 40 3
90 44 3
90 56 3
90 58 3
90 63 3
90 69 3
90 72 3
90 77 3
90 78 3
90 79 3
90 80 3
90 82 3
90 83 3
90 84 3
90 85 3
90 86 3
90 88 3
90 89 3
90 90 3
91 1 3
91 3 3
91 6 3
91 9 3
91 11 3
91 12 3
91 13 3
91 18 3
91 20 3
91 21 3
91 28 3
91 30 3
91 31 3
91 33 3
91 39 3
91 41 3
91 43 3
91 45 3
91 48 3
91 50 3
91 52 3
91 54 3
91 59 3
91 62 3
91 69 3
91 70 3
91 72 3
91 74 3
91 75 3
91 76 3
91 83 3
91 86 3
91 88 3
92 1 3
92 2 3
92 6 3
92 11 3
92 16 3
92 17 3
92 20 3
92 21 3
92 23 3
92 24 3
92 25 3
92 27 3
92 28 3
92 30 3
92 34 3
92 35 3
92 38 3
92 39 3
92 43 3
92 50 3
92 51 3
92 52 3
92 53 3
92 55 3
92 62 3
92 65 3
92 66 3
92 67 3
92 70 3
92 72 3
92 73 3
92 74 3
92 75 3
92 76 3
92 78 3
92 81 3
92 84 3
92 85 3
92 86 3
92 87 3
92 88 3
92 89 3
92 92 3
93 0 3
93 3 3
93 5 3
93 11 3
93 18 3
93 25 3
93 26 3
93 27 3
93 28 3
93 31 3
93 34 3
93 35 3
93 36 3
93 38 3
93 39 3
93 43 3
93 45 3
93 47 3
93 48 3
93 49 3
93 57 3
93 62 3
93 63 3
93 65 3
93 67 3
93 69 3
93 73 3
93 74 3
93 79 3
93 81 3
93 82 3
93 85 3
93 86 3
94 1 3
94 3 3
94 7 3
94 9 3
94 14 3
94 16 3
94 18 3
94 20 3
94 21 3
94 22 3
94 25 3
94 28 3
94 30 3
94 33 3
94 34 3
94 35 3
94 37 3
94 39 3
94 41 3
94 43 3
94 45 3
94 48 3
94 51 3
94 53 3
94 65 3
94 67 3
94 69 3
94 70 3
94 75 3
94 76 3
94 80 3
94 85 3
94 86 3
94 88 3
94 93 3
95 0 3
95 4 3
95 6 3
95 7 3
95 8 3
95 9 3
95 10 3
95 11 3
95 12 3
95 14 3
95 15 3
95 17 3
95 18 3
95 20 3
95 22 3
95 24 3
95 28 3
95 30 3
95 33 3
95 34 3
95 35 3
95 38 3
95 41 3
95 43 3
95 45 3
95 47 3
95 48 3
95 53 3
95 54 3
95 55 3
95 57 3
95 62 3
95 63 3
95 67 3
95 68 3
95 70 3
95 73 3
95 74 3
95 78 3
95 80 3
95 85 3
95 86 3
95 87 3
95 89 3
95 90 3
95 93 3
95 94 3
95 95 3
96 3 3
96 9 3
96 11 3
96 12 3
96 15 3
96 22 3
96 24 3
96 25 3
96 26 3
96 27 3
96 33 3
96 34 3
96 35 3
96 38 3
96 39 3
96 41 3
96 47 3
96 51 3
96 55 3
96 60 3
96 62 3
96 66 3
96 69 3
96 70 3
96 79 3
96 81 3
96 83 3
96 86 3
96 88 3
96 89 3
96 91 3
96 92 3
96 94 3
96 95 3
96 96 3
97 2 3
97 3 3
97 7 3
97 8 3
97 10 3
97 11 3
97 12 3
97 18 3
97 22 3
97 27 3
97 30 3
97 34 3
97 38 3
97 43 3
97 45 3
97 50 3
97 51 3
97 52 3
97 55 3
97 60 3
97 62 3
97 65 3
97 68 3
97 69 3
97 73 3
97 74 3
97 78 3
97 81 3
97 86 3
97 91 3
97 92 3
98 6 3
98 7 3
98 14 3
98 15 3
98 16 3
98 19 3
98 22 3
98 23 3
98 26 3
98 29 3
98 32 3
98 34 3
98 38 3
98 39 3
98 40 3
98 44 3
98 56 3
98 57 3
98 58 3
98 61 3
98 64 3
98 71 3
98 72 3
98 74 3
98 79 3
98 80 3
98 82 3
98 84 3
98 90 3
98 95 3
98 97 3
99 1 3
99 4 3
99 5 3
99 6 3
99 9 3
99 11 3
99 13 3
99 17 3
99 19 3
99 20 3
99 21 3
99 22 3
99 25 3
99 26 3
99 29 3
99 32 3
99 35 3
99 36 3
99 37 3
99 41 3
99 45 3
99 46 3
99 47 3
99 52 3
99 57 3
99 58 3
99 60 3
99 61 3
99 63 3
99 65 3
99 66 3
99 67 3
99 69 3
99 71 3
99 72 3
99 73 3
99 77 3
99 79 3
99 82 3
99 96 3
99 97 3
99 98 3
99 99 3
100 0 3
100 11 3
100 13 3
100 14 3
100 15 3
100 24 3
100 25 3
100 28 3
100 29 3
100 31 3
100 32 3
100 35 3
100 40 3
100 41 3
100 42 3
100 43 3
100 44 3
100 46 3
100 52 3
100 57 3
100 58 3
100 59 3
100 60 3
100 61 3
100 64 3
100 68 3
100 69 3
100 75 3
100 76 3
100 79 3
100 82 3
100 83 3
100 84 3
100 85 3
100 87 3
100 89 3
100 90 3
100 92 3
100 97 3
100 99 3
101 3 3
101 7 3
101 8 3
101 17 3
101 18 3
101 20 3
101 21 3
101 33 3
101 39 3
101 43 3
101 45 3
101 47 3
101 51 3
101 54 3
101 67 3
101 70 3
101 74 3
101 76 3
101 82 3
101 85 3
101 87 3
101 88 3
101 89 3
101 90 3
101 91 3
101 93 3
101 94 3
101 95 3
101 96 3
101 99 3
101 100 3
102 0 3
102 6 3
102 10 3
102 14 3
102 19 3
102 26 3
102 28 3
102 29 3
102 31 3
102 35 3
102 36 3
102 37 3
102 39 3
102 44 3
102 46 3
102 49 3
102 51 3
102 52 3
102 53 3
102 57 3
102 58 3
102 59 3
102 60 3
102 63 3
102 66 3
102 68 3
102 69 3
102 71 3
102 72 3
102 77 3
102 78 3
102 82 3
102 83 3
102 84 3
102 85 3
102 90 3
102 96 3
102 100 3
103 2 3
103 3 3
103 9 3
103 11 3
103 12 3
103 17 3
103 18 3
103 20 3
103 24 3
103 27 3
103 30 3
103 33 3
103 38 3
103 39 3
103 41 3
103 48 3
103 51 3
103 52 3
103 53 3
103 54 3
103 59 3
103 65 3
103 70 3
103 74 3
103 75 3
103 80 3
103 81 3
103 82 3
103 85 3
103 86 3
103 88 3
103 89 3
103 92 3
103 94 3
103 97 3
103 101 3
103 103 3
104 2 3
104 4 3
104 8 3
104 10 3
104 12 3
104 15 3
104 16 3
104 17 3
104 19 3
104 21 3
104 22 3
104 24 3
104 25 3
104 30 3
104 31 3
104 33 3
104 39 3
104 40 3
104 41 3
104 42 3
104 43 3
104 46 3
104 48 3
104 49 3
104 51 3
104 52 3
104 53 3
104 55 3
104 58 3
104 65 3
104 67 3
104 69 3
104 72 3
104 74 3
104 75 3
104 76 3
104 85 3
104 86 3
104 87 3
104 88 3
104 90 3
104 92 3
104 93 3
104 95 3
104 100 3
104 104 3
105 2 3
105 4 3
105 5 3
105 9 3
105 10 3
105 12 3
105 13 3
105 19 3
105 23 3
105 25 3
105 26 3
105 31 3
105 33 3
105 36 3
105 37 3
105 38 3
105 42 3
105 45 3
105 53 3
105 57 3
105 58 3
105 63 3
105 64 3
105 66 3
105 68 3
105 72 3
105 77 3
105 79 3
105 80 3
105 83 3
105 85 3
105 90 3
105 94 3
105 96 3
105 98 3
105 100 3
105 103 3
105 104 3
105 105 3
106 0 3
106 2 3
106 4 3
106 5 3
106 7 3
106 8 3
106 11 3
106 12 3
106 15 3
106 23 3
106 25 3
106 28 3
106 29 3
106 30 3
106 35 3
106 38 3
106 39 3
106 40 3
106 44 3
106 46 3
106 47 3
106 48 3
106 50 3
106 51 3
106 52 3
106 55 3
106 57 3
106 63 3
106 64 3
106 65 3
106 67 3
106 69 3
106 73 3
106 74 3
106 75 3
106 78 3
106 81 3
106 87 3
106 88 3
106 89 3
106 91 3
106 93 3
106 97 3
106 99 3
106 100 3
106 101 3
106 103 3
106 106 3
107 1 3
107 2 3
107 3 3
107 4 3
107 7 3
107 8 3
107 9 3
107 12 3
107 18 3
107 19 3
107 27 3
107 28 3
107 34 3
107 35 3
107 36 3
107 37 3
107 38 3
107 41 3
107 43 3
107 45 3
107 47 3
107 48 3
107 50 3
107 51 3
107 54 3
107 55 3
107 56 3
107 58 3
107 59 3
107 61 3
107 65 3
107 70 3
107 73 3
107 75 3
107 76 3
107 80 3
107 81 3
107 82 3
107 86 3
107 87 3
107 88 3
107 89 3
107 91 3
107 94 3
107 95 3
107 101 3
107 104 3
107 106 3
107 107 3
108 5 3
108 9 3
108 10 3
108 23 3
108 29 3
108 31 3
108 36 3
108 40 3
108 41 3
108 42 3
108 44 3
108 46 3
108 48 3
108 50 3
108 52 3
108 53 3
108 55 3
108 60 3
108 61 3
108 63 3
108 65 3
108 68 3
108 76 3
108 77 3
108 78 3
108 79 3
108 83 3
108 85 3
108 90 3
108 91 3
108 98 3
108 100 3
108 102 3
108 105 3
108 108 3
109 2 3
109 5 3
109 6 3
109 13 3
109 15 3
109 19 3
109 21 3
109 22 3
109 27 3
109 32 3
109 36 3
109 37 3
109 39 3
109 40 3
109 42 3
109 44 3
109 46 3
109 47 3
109 49 3
109 52 3
109 57 3
109 58 3
109 59 3
109 63 3
109 66 3
109 71 3
109 72 3
109 77 3
109 92 3
109 94 3
109 95 3
109 99 3
109 100 3
109 102 3
109 105 3
109 107 3
109 108 3
110 0 3
110 6 3
110 13 3
110 14 3
110 15 3
110 16 3
110 21 3
110 22 3
110 23 3
110 29 3
110 31 3
110 35 3
110 36 3
110 44 3
110 45 3
110 46 3
110 49 3
110 52 3
110 53 3
110 58 3
110 63 3
110 64 3
110 65 3
110 72 3
110 73 3
110 74 3
110 77 3
110 79 3
110 81 3
110 84 3
110 85 3
110 89 3
110 92 3
110 93 3
110 96 3
110 99 3
110 100 3
110 102 3
110 108 3
110 110 3
111 0 3
111 1 3
111 4 3
111 5 3
111 6 3
111 8 3
111 10 3
111 13 3
111 14 3
111 15 3
111 21 3
111 23 3
111 25 3
111 26 3
111 30 3
111 33 3
111 36 3
111 39 3
111 42 3
111 46 3
111 49 3
111 51 3
111 56 3
111 58 3
111 60 3
111 63 3
111 66 3
111 70 3
111 72 3
111 75 3
111 78 3
111 79 3
111 80 3
111 85 3
111 90 3
111 91 3
111 93 3
111 94 3
111 98 3
111 99 3
111 101 3
111 108 3
111 109 3
111 110 3
111 111 3
112 1 3
112 2 3
112 7 3
112 8 3
112 10 3
112 11 3
112 15 3
112 16 3
112 17 3
112 18 3
112 20 3
112 23 3
112 24 3
112 27 3
112 28 3
112 30 3
112 33 3
112 35 3
112 39 3
112 42 3
112 43 3
112 45 3
112 50 3
112 52 3
112 54 3
112 65 3
112 67 3
112 69 3
112 70 3
112 74 3
112 75 3
112 77 3
112 80 3
112 83 3
112 84 3
112 86 3
112 88 3
112 89 3
112 91 3
112 93 3
112 96 3
112 101 3
112 104 3
112 106 3
112 107 3
112 112 3
113 2 3
113 3 3
113 4 3
113 7 3
113 8 3
113 9 3
113 16 3
113 17 3
113 27 3
113 28 3
113 30 3
113 34 3
113 37 3
113 38 3
113 42 3
113 43 3
113 44 3
113 48 3
113 50 3
113 52 3
113 57 3
113 60 3
113 62 3
113 65 3
113 68 3
113 70 3
113 73 3
113 77 3
113 81 3
113 83 3
113 86 3
113 90 3
113 92 3
113 93 3
113 95 3
113 98 3
113 101 3
113 103 3
113 104 3
113 106 3
113 107 3
113 109 3
113 112 3
113 113 3
114 1 3
114 2 3
114 3 3
114 7 3
114 8 3
114 9 3
114 15 3
114 24 3
114 27 3
114 28 3
114 33 3
114 34 3
114 38 3
114 41 3
114 43 3
114 47 3
114 48 3
114 51 3
114 52 3
114 57 3
114 65 3
114 66 3
114 69 3
114 84 3
114 87 3
114 88 3
114 89 3
114 93 3
114 94 3
114 96 3
114 98 3
114 101 3
114 106 3
114 107 3
114 109 3
114 112 3
114 113 3
114 114 3
115 0 3
115 1 3
115 2 3
115 3 3
115 8 3
115 9 3
115 10 3
115 12 3
115 18 3
115 20 3
115 22 3
115 24 3
115 30 3
115 36 3
115 39 3
115 41 3
115 43 3
115 44 3
115 46 3
115 48 3
115 50 3
115 51 3
115 52 3
115 53 3
115 54 3
115 60 3
115 63 3
115 67 3
115 74 3
115 75 3
115 76 3
115 77 3
115 80 3
115 83 3
115 86 3
115 88 3
115 89 3
115 94 3
115 95 3
115 98 3
115 101 3
115 104 3
115 107 3
115 111 3
116 0 3
116 1 3
116 2 3
116 5 3
116 7 3
116 8 3
116 11 3
116 12 3
116 15 3
116 17 3
116 18 3
116 24 3
116 25 3
116 27 3
116 28 3
116 30 3
116 34 3
116 38 3
116 40 3
116 41 3
116 48 3
116 50 3
116 52 3
116 54 3
116 55 3
116 64 3
116 65 3
116 67 3
116 70 3
116 72 3
116 73 3
116 75 3
116 80 3
116 81 3
116 87 3
116 90 3
116 93 3
116 94 3
116 95 3
116 97 3
116 99 3
116 100 3
116 101 3
116 103 3
116 104 3
116 106 3
116 112 3
116 113 3
116 114 3
116 116 3
117 0 3
117 10 3
117 12 3
117 13 3
117 14 3
117 18 3
117 20 3
117 21 3
117 22 3
117 25 3
117 31 3
117 32 3
117 36 3
117 38 3
117 39 3
117 42 3
117 47 3
117 48 3
117 50 3
117 54 3
117 56 3
117 59 3
117 60 3
117 61 3
117 63 3
117 64 3
117 65 3
117 68 3
117 71 3
117 72 3
117 73 3
117 79 3
117 80 3
117 81 3
117 84 3
117 85 3
117 88 3
117 89 3
117 92 3
117 94 3
117 102 3
117 105 3
117 107 3
117 111 3
117 117 3
118 1 3
118 2 3
118 3 3
118 4 3
118 6 3
118 7 3
118 9 3
118 14 3
118 17 3
118 18 3
118 20 3
118 22 3
118 23 3
118 26 3
118 28 3
118 30 3
118 33 3
118 41 3
118 43 3
118 45 3
118 47 3
118 49 3
118 51 3
118 52 3
118 53 3
118 60 3
118 62 3
118 64 3
118 65 3
118 69 3
118 70 3
118 71 3
118 76 3
118 80 3
118 88 3
118 89 3
118 93 3
118 94 3
118 95 3
118 97 3
118 101 3
118 103 3
118 104 3
118 105 3
118 106 3
118 107 3
118 112 3
118 113 3
118 115 3
118 116 3
118 118 3
119 2 3
119 9 3
119 12 3
119 14 3
119 18 3
119 20 3
119 25 3
119 26 3
119 28 3
119 30 3
119 33 3
119 35 3
119 38 3
119 43 3
119 45 3
119 48 3
119 50 3
119 51 3
119 53 3
119 54 3
119 62 3
119 65 3
119 66 3
119 69 3
119 70 3
119 74 3
119 76 3
119 80 3
119 81 3
119 82 3
119 83 3
119 89 3
119 91 3
119 92 3
119 93 3
119 94 3
119 95 3
119 96 3
119 97 3
119 104 3
119 106 3
119 107 3
119 110 3
119 111 3
119 113 3
119 114 3
120 1 3
120 11 3
120 12 3
120 17 3
120 18 3
120 20 3
120 24 3
120 28 3
120 29 3
120 31 3
120 33 3
120 34 3
120 35 3
120 36 3
120 37 3
120 41 3
120 43 3
120 44 3
120 45 3
120 47 3
120 48 3
120 50 3
120 51 3
120 54 3
120 55 3
120 56 3
120 57 3
120 62 3
120 65 3
120 66 3
120 67 3
120 70 3
120 75 3
120 80 3
120 86 3
120 87 3
120 88 3
120 89 3
120 91 3
120 94 3
120 96 3
120 97 3
120 99 3
120 100 3
120 101 3
120 111 3
120 112 3
120 116 3
120 118 3
120 120 3
121 1 3
121 2 3
121 7 3
121 8 3
121 16 3
121 17 3
121 18 3
121 25 3
121 26 3
121 30 3
121 33 3
121 34 3
121 35 3
121 37 3
121 43 3
121 44 3
121 47 3
121 49 3
121 50 3
121 52 3
121 53 3
121 55 3
121 58 3
121 62 3
121 65 3
121 67 3
121 73 3
121 80 3
121 87 3
121 91 3
121 93 3
121 97 3
121 99 3
121 103 3
121 104 3
121 105 3
121 106 3
121 112 3
121 113 3
121 115 3
121 118 3
121 121 3
122 0 3
122 1 3
122 3 3
122 5 3
122 6 3
122 10 3
122 13 3
122 14 3
122 19 3
122 20 3
122 21 3
122 22 3
122 24 3
122 26 3
122 29 3
122 31 3
122 36 3
122 37 3
122 38 3
122 42 3
122 44 3
122 46 3
122 48 3
122 49 3
122 52 3
122 58 3
122 63 3
122 66 3
122 68 3
122 70 3
122 71 3
122 72 3
122 82 3
122 83 3
122 90 3
122 91 3
122 97 3
122 99 3
122 100 3
122 102 3
122 106 3
122 109 3
122 111 3
122 113 3
123 3 3
123 10 3
123 14 3
123 16 3
123 22 3
123 23 3
123 27 3
123 28 3
123 29 3
123 30 3
123 31 3
123 34 3
123 42 3
123 45 3
123 49 3
123 56 3
123 57 3
123 58 3
123 61 3
123 62 3
123 63 3
123 64 3
123 66 3
123 68 3
123 72 3
123 77 3
123 78 3
123 81 3
123 84 3
123 90 3
123 98 3
123 99 3
123 100 3
123 104 3
123 105 3
123 107 3
123 110 3
123 111 3
123 112 3
123 117 3
123 122 3
123 123 3
124 4 3
124 5 3
124 6 3
124 10 3
124 13 3
124 14 3
124 15 3
124 22 3
124 23 3
124 25 3
124 32 3
124 35 3
124 37 3
124 40 3
124 43 3
124 49 3
124 56 3
124 57 3
124 58 3
124 59 3
124 60 3
124 61 3
124 64 3
124 68 3
124 71 3
124 79 3
124 83 3
124 84 3
124 90 3
124 97 3
124 100 3
124 103 3
124 104 3
124 107 3
124 108 3
124 109 3
124 110 3
124 112 3
124 113 3
124 117 3
124 121 3
124 123 3
125 2 3
125 3 3
125 4 3
125 7 3
125 8 3
125 11 3
125 12 3
125 15 3
125 17 3
125 18 3
125 21 3
125 23 3
125 24 3
125 25 3
125 26 3
125 27 3
125 28 3
125 31 3
125 32 3
125 39 3
125 41 3
125 42 3
125 43 3
125 45 3
125 47 3
125 54 3
125 63 3
125 65 3
125 67 3
125 70 3
125 74 3
125 76 3
125 78 3
125 87 3
125 89 3
125 91 3
125 93 3
125 96 3
125 97 3
125 98 3
125 101 3
125 102 3
125 103 3
125 107 3
125 109 3
125 112 3
125 113 3
125 115 3
125 116 3
125 118 3
125 119 3
125 120 3
126 1 3
126 3 3
126 4 3
126 8 3
126 10 3
126 12 3
126 18 3
126 19 3
126 20 3
126 25 3
126 28 3
126 30 3
126 34 3
126 38 3
126 45 3
126 46 3
126 47 3
126 49 3
126 50 3
126 52 3
126 54 3
126 55 3
126 60 3
126 65 3
126 67 3
126 69 3
126 70 3
126 75 3
126 76 3
126 80 3
126 84 3
126 86 3
126 92 3
126 93 3
126 97 3
126 101 3
126 103 3
126 106 3
126 107 3
126 110 3
126 112 3
126 113 3
126 118 3
126 119 3
126 121 3
126 126 3
127 3 3
127 11 3
127 12 3
127 14 3
127 17 3
127 18 3
127 19 3
127 20 3
127 24 3
127 25 3
127 27 3
127 28 3
127 35 3
127 39 3
127 41 3
127 43 3
127 45 3
127 46 3
127 48 3
127 49 3
127 50 3
127 53 3
127 54 3
127 60 3
127 61 3
127 65 3
127 67 3
127 69 3
127 71 3
127 73 3
127 77 3
127 80 3
127 81 3
127 86 3
127 88 3
127 94 3
127 95 3
127 99 3
127 101 3
127 104 3
127 106 3
127 110 3
127 113 3
127 115 3
127 117 3
127 118 3
127 119 3
127 121 3
127 123 3
127 125 3
127 126 3
127 127 3
128 2 3
128 4 3
128 5 3
128 9 3
128 10 3
128 21 3
128 23 3
128 25 3
128 26 3
128 29 3
128 31 3
128 32 3
128 33 3
128 34 3
128 37 3
128 42 3
128 50 3
128 51 3
128 59 3
128 64 3
128 67 3
128 68 3
128 72 3
128 73 3
128 75 3
128 77 3
128 78 3
128 79 3
128 81 3
128 82 3
128 90 3
128 96 3
128 98 3
128 99 3
128 101 3
128 103 3
128 111 3
128 114 3
128 117 3
128 128 3
129 0 3
129 3 3
129 6 3
129 8 3
129 9 3
129 11 3
129 12 3
129 13 3
129 15 3
129 17 3
129 18 3
129 21 3
129 25 3
129 28 3
129 30 3
129 31 3
129 36 3
129 39 3
129 43 3
129 45 3
129 51 3
129 52 3
129 53 3
129 55 3
129 57 3
129 61 3
129 62 3
129 65 3
129 67 3
129 70 3
129 73 3
129 76 3
129 83 3
129 88 3
129 89 3
129 92 3
129 94 3
129 95 3
129 98 3
129 103 3
129 104 3
129 110 3
129 113 3
129 115 3
129 116 3
129 119 3
129 121 3
130 1 3
130 2 3
130 7 3
130 8 3
130 11 3
130 15 3
130 17 3
130 18 3
130 24 3
130 26 3
130 28 3
130 29 3
130 33 3
130 35 3
130 37 3
130 40 3
130 45 3
130 47 3
130 50 3
130 52 3
130 53 3
130 55 3
130 56 3
130 62 3
130 63 3
130 64 3
130 65 3
130 69 3
130 73 3
130 74 3
130 75 3
130 80 3
130 81 3
130 86 3
130 87 3
130 89 3
130 91 3
130 94 3
130 97 3
130 101 3
130 105 3
130 107 3
130 110 3
130 112 3
130 113 3
130 118 3
130 130 3
131 0 3
131 9 3
131 13 3
131 15 3
131 16 3
131 24 3
131 26 3
131 28 3
131 29 3
131 32 3
131 37 3
131 44 3
131 49 3
131 52 3
131 53 3
131 56 3
131 57 3
131 58 3
131 60 3
131 61 3
131 66 3
131 71 3
131 78 3
131 79 3
131 82 3
131 84 3
131 90 3
131 94 3
131 100 3
131 102 3
131 108 3
131 110 3
131 117 3
131 122 3
131 123 3
131 124 3
131 125 3
131 128 3
132 4 3
132 6 3
132 10 3
132 13 3
132 14 3
132 15 3
132 16 3
132 20 3
132 23 3
132 26 3
132 36 3
132 42 3
132 43 3
132 44 3
132 49 3
132 51 3
132 54 3
132 57 3
132 58 3
132 64 3
132 72 3
132 77 3
132 78 3
132 79 3
132 83 3
132 84 3
132 89 3
132 90 3
132 91 3
132 93 3
132 99 3
132 100 3
132 102 3
132 110 3
132 119 3
132 122 3
132 125 3
132 131 3
133 4 3
133 7 3
133 10 3
133 13 3
133 14 3
133 16 3
133 19 3
133 21 3
133 23 3
133 29 3
133 32 3
133 37 3
133 39 3
133 40 3
133 44 3
133 47 3
133 49 3
133 50 3
133 52 3
133 56 3
133 57 3
133 59 3
133 65 3
133 67 3
133 68 3
133 71 3
133 74 3
133 77 3
133 78 3
133 81 3
133 84 3
133 85 3
133 92 3
133 98 3
133 99 3
133 105 3
133 108 3
133 110 3
133 122 3
133 124 3
133 128 3
133 129 3
133 131 3
133 132 3
134 0 3
134 3 3
134 7 3
134 8 3
134 9 3
134 18 3
134 22 3
134 24 3
134 25 3
134 28 3
134 38 3
134 39 3
134 41 3
134 44 3
134 45 3
134 47 3
134 48 3
134 49 3
134 50 3
134 58 3
134 62 3
134 69 3
134 75 3
134 77 3
134 79 3
134 81 3
134 91 3
134 92 3
134 93 3
134 94 3
134 96 3
134 98 3
134 99 3
134 104 3
134 106 3
134 107 3
134 110 3
134 112 3
134 114 3
134 115 3
134 116 3
134 120 3
134 121 3
134 125 3
134 126 3
134 129 3
134 132 3
134 134 3
135 5 3
135 6 3
135 14 3
135 19 3
135 21 3
135 26 3
135 32 3
135 34 3
135 36 3
135 37 3
135 44 3
135 47 3
135 49 3
135 50 3
135 57 3
135 58 3
135 60 3
135 61 3
135 62 3
135 63 3
135 64 3
135 68 3
135 71 3
135 72 3
135 77 3
135 78 3
135 80 3
135 82 3
135 90 3
135 93 3
135 99 3
135 102 3
135 109 3
135 110 3
135 113 3
135 117 3
135 129 3
135 134 3
136 2 3
136 4 3
136 12 3
136 15 3
136 17 3
136 18 3
136 24 3
136 25 3
136 26 3
136 28 3
136 30 3
136 33 3
136 34 3
136 35 3
136 38 3
136 39 3
136 41 3
136 43 3
136 45 3
136 46 3
136 52 3
136 53 3
136 54 3
136 55 3
136 61 3
136 65 3
136 67 3
136 73 3
136 74 3
136 78 3
136 82 3
136 84 3
136 85 3
136 87 3
136 88 3
136 91 3
136 92 3
136 95 3
136 96 3
136 101 3
136 104 3
136 108 3
136 115 3
136 117 3
136 119 3
136 120 3
136 125 3
136 126 3
136 127 3
136 129 3
136 130 3
136 134 3
137 0 3
137 1 3
137 7 3
137 9 3
137 11 3
137 17 3
137 23 3
137 30 3
137 31 3
137 33 3
137 37 3
137 39 3
137 40 3
137 41 3
137 43 3
137 45 3
137 48 3
137 50 3
137 51 3
137 52 3
137 56 3
137 58 3
137 67 3
137 69 3
137 70 3
137 72 3
137 73 3
137 74 3
137 80 3
137 85 3
137 86 3
137 87 3
137 90 3
137 91 3
137 95 3
137 96 3
137 103 3
137 104 3
137 111 3
137 113 3
137 114 3
137 115 3
137 116 3
137 119 3
137 125 3
137 126 3
137 127 3
137 129 3
137 134 3
137 137 3
138 4 3
138 5 3
138 9 3
138 15 3
138 16 3
138 22 3
138 24 3
138 30 3
138 32 3
138 36 3
138 37 3
138 40 3
138 41 3
138 43 3
138 52 3
138 56 3
138 58 3
138 60 3
138 63 3
138 64 3
138 66 3
138 70 3
138 71 3
138 73 3
138 76 3
138 77 3
138 80 3
138 82 3
138 85 3
138 90 3
138 91 3
138 94 3
138 98 3
138 99 3
138 100 3
138 101 3
138 108 3
138 109 3
138 126 3
138 128 3
138 129 3
138 132 3
138 133 3
138 134 3
138 135 3
138 138 3
139 0 3
139 8 3
139 9 3
139 11 3
139 12 3
139 17 3
139 18 3
139 20 3
139 21 3
139 27 3
139 28 3
139 31 3
139 32 3
139 33 3
139 35 3
139 38 3
139 40 3
139 41 3
139 47 3
139 53 3
139 56 3
139 65 3
139 69 3
139 70 3
139 75 3
139 76 3
139 80 3
139 81 3
139 87 3
139 91 3
139 92 3
139 95 3
139 96 3
139 97 3
139 100 3
139 102 3
139 103 3
139 104 3
139 111 3
139 114 3
139 117 3
139 118 3
139 119 3
139 120 3
139 121 3
139 125 3
139 131 3
139 135 3
139 136 3
139 137 3
140 1 3
140 8 3
140 15 3
140 25 3
140 27 3
140 29 3
140 32 3
140 34 3
140 35 3
140 36 3
140 40 3
140 45 3
140 48 3
140 50 3
140 52 3
140 54 3
140 61 3
140 62 3
140 67 3
140 68 3
140 69 3
140 73 3
140 79 3
140 80 3
140 81 3
140 89 3
140 92 3
140 94 3
140 95 3
140 96 3
140 97 3
140 101 3
140 102 3
140 104 3
140 106 3
140 107 3
140 113 3
140 115 3
140 118 3
140 119 3
140 121 3
140 123 3
140 129 3
140 130 3
140 131 3
140 133 3
140 134 3
140 135 3
140 136 3
140 140 3
141 5 3
141 10 3
141 12 3
141 19 3
141 22 3
141 26 3
141 31 3
141 32 3
141 34 3
141 40 3
141 44 3
141 55 3
141 59 3
141 64 3
141 67 3
141 70 3
141 72 3
141 77 3
141 78 3
141 82 3
141 83 3
141 84 3
141 85 3
141 87 3
141 89 3
141 91 3
141 98 3
141 99 3
141 100 3
141 108 3
141 110 3
141 111 3
141 123 3
141 131 3
141 138 3
141 141 3
142 0 3
142 2 3
142 10 3
142 11 3
142 17 3
142 18 3
142 21 3
142 23 3
142 25 3
142 26 3
142 29 3
142 33 3
142 34 3
142 37 3
142 39 3
142 41 3
142 45 3
142 47 3
142 51 3
142 52 3
142 53 3
142 54 3
142 55 3
142 59 3
142 60 3
142 62 3
142 65 3
142 75 3
142 76 3
142 77 3
142 81 3
142 83 3
142 86 3
142 87 3
142 89 3
142 90 3
142 91 3
142 92 3
142 93 3
142 94 3
142 95 3
142 97 3
142 99 3
142 100 3
142 101 3
142 103 3
142 106 3
142 107 3
142 112 3
142 113 3
142 115 3
142 120 3
142 121 3
142 123 3
142 125 3
142 126 3
142 129 3
142 130 3
142 131 3
142 134 3
142 135 3
142 136 3
142 139 3
143 5 3
143 8 3
143 10 3
143 15 3
143 18 3
143 21 3
143 22 3
143 24 3
143 29 3
143 30 3
143 33 3
143 34 3
143 37 3
143 40 3
143 41 3
143 43 3
143 44 3
143 46 3
143 56 3
143 58 3
143 59 3
143 60 3
143 66 3
143 67 3
143 72 3
143 77 3
143 78 3
143 82 3
143 83 3
143 85 3
143 87 3
143 90 3
143 91 3
143 92 3
143 93 3
143 96 3
143 97 3
143 98 3
143 100 3
143 109 3
143 110 3
143 111 3
143 116 3
143 117 3
143 120 3
143 121 3
143 123 3
143 127 3
143 130 3
143 131 3
143 135 3
143 140 3
143 141 3
143 143 3
144 2 3
144 4 3
144 5 3
144 9 3
144 10 3
144 12 3
144 16 3
144 17 3
144 20 3
144 21 3
144 22 3
144 23 3
144 26 3
144 29 3
144 36 3
144 38 3
144 40 3
144 46 3
144 49 3
144 52 3
144 58 3
144 59 3
144 60 3
144 65 3
144 66 3
144 68 3
144 69 3
144 73 3
144 78 3
144 79 3
144 81 3
144 82 3
144 84 3
144 86 3
144 87 3
144 90 3
144 94 3
144 99 3
144 100 3
144 102 3
144 104 3
144 105 3
144 107 3
144 108 3
144 109 3
144 111 3
144 112 3
144 117 3
144 123 3
144 128 3
144 130 3
144 132 3
144 138 3
145 3 3
145 5 3
145 8 3
145 9 3
145 10 3
145 11 3
145 14 3
145 15 3
145 16 3
145 17 3
145 21 3
145 22 3
145 23 3
145 26 3
145 29 3
145 30 3
145 31 3
145 32 3
145 36 3
145 37 3
145 38 3
145 40 3
145 42 3
145 43 3
145 46 3
145 47 3
145 49 3
145 57 3
145 58 3
145 59 3
145 60 3
145 61 3
145 63 3
145 66 3
145 70 3
145 72 3
145 74 3
145 75 3
145 82 3
145 83 3
145 84 3
145 85 3
145 88 3
145 89 3
145 93 3
145 98 3
145 99 3
145 102 3
145 104 3
145 105 3
145 109 3
145 110 3
145 114 3
145 124 3
145 128 3
145 131 3
145 132 3
145 138 3
145 139 3
145 140 3
145 141 3
145 143 3
145 144 3
146 1 3
146 2 3
146 4 3
146 5 3
146 7 3
146 8 3
146 9 3
146 11 3
146 12 3
146 17 3
146 18 3
146 24 3
146 28 3
146 29 3
146 30 3
146 34 3
146 35 3
146 38 3
146 39 3
146 41 3
146 46 3
146 48 3
146 49 3
146 50 3
146 52 3
146 53 3
146 55 3
146 57 3
146 67 3
146 69 3
146 70 3
146 71 3
146 73 3
146 74 3
146 75 3
146 76 3
146 77 3
146 78 3
146 79 3
146 81 3
146 83 3
146 86 3
146 87 3
146 89 3
146 91 3
146 93 3
146 95 3
146 98 3
146 99 3
146 104 3
146 105 3
146 107 3
146 112 3
146 113 3
146 115 3
146 116 3
146 119 3
146 123 3
146 127 3
146 129 3
146 130 3
146 131 3
146 133 3
146 136 3
146 137 3
146 140 3
146 142 3
146 144 3
147 1 3
147 7 3
147 11 3
147 12 3
147 18 3
147 20 3
147 21 3
147 25 3
147 27 3
147 30 3
147 33 3
147 34 3
147 35 3
147 38 3
147 39 3
147 41 3
147 43 3
147 50 3
147 52 3
147 53 3
147 54 3
147 55 3
147 60 3
147 62 3
147 64 3
147 65 3
147 67 3
147 69 3
147 71 3
147 75 3
147 76 3
147 80 3
147 81 3
147 83 3
147 88 3
147 90 3
147 92 3
147 93 3
147 95 3
147 96 3
147 97 3
147 104 3
147 105 3
147 107 3
147 111 3
147 116 3
147 124 3
147 126 3
147 129 3
147 131 3
147 132 3
147 134 3
147 136 3
147 137 3
147 139 3
147 140 3
147 142 3
147 143 3
147 144 3
147 145 3
147 146 3
148 0 3
148 5 3
148 6 3
148 10 3
148 11 3
148 12 3
148 15 3
148 16 3
148 20 3
148 22 3
148 23 3
148 25 3
148 26 3
148 29 3
148 31 3
148 37 3
148 42 3
148 44 3
148 46 3
148 49 3
148 56 3
148 61 3
148 63 3
148 64 3
148 66 3
148 68 3
148 71 3
148 72 3
148 77 3
148 79 3
148 83 3
148 89 3
148 90 3
148 97 3
148 98 3
148 99 3
148 102 3
148 104 3
148 107 3
148 109 3
148 111 3
148 121 3
148 124 3
148 128 3
148 131 3
148 134 3
148 135 3
148 138 3
148 141 3
148 145 3
148 146 3
149 0 3
149 1 3
149 4 3
149 6 3
149 10 3
149 13 3
149 14 3
149 15 3
149 19 3
149 21 3
149 26 3
149 28 3
149 32 3
149 36 3
149 37 3
149 40 3
149 42 3
149 44 3
149 46 3
149 49 3
149 50 3
149 56 3
149 58 3
149 59 3
149 60 3
149 61 3
149 63 3
149 64 3
149 70 3
149 71 3
149 72 3
149 74 3
149 77 3
149 79 3
149 81 3
149 84 3
149 89 3
149 90 3
149 91 3
149 93 3
149 94 3
149 96 3
149 98 3
149 99 3
149 100 3
149 108 3
149 109 3
149 111 3
149 122 3
149 128 3
149 131 3
149 132 3
149 135 3
149 138 3
149 145 3
149 148 3
149 149 3
150 0 3
150 1 3
150 3 3
150 7 3
150 8 3
150 11 3
150 12 3
150 15 3
150 16 3
150 18 3
150 20 3
150 24 3
150 25 3
150 26 3
150 32 3
150 33 3
150 34 3
150 35 3
150 36 3
150 38 3
150 39 3
150 41 3
150 43 3
150 44 3
150 48 3
150 51 3
150 53 3
150 54 3
150 55 3
150 67 3
150 68 3
150 73 3
150 74 3
150 76 3
150 82 3
150 86 3
150 87 3
150 88 3
150 90 3
150 91 3
150 93 3
150 96 3
150 97 3
150 101 3
150 103 3
150 104 3
150 108 3
150 112 3
150 115 3
150 116 3
150 118 3
150 119 3
150 121 3
150 122 3
150 123 3
150 124 3
150 126 3
150 129 3
150 130 3
150 133 3
150 136 3
150 137 3
150 141 3
150 149 3
150 150 3
151 0 3
151 2 3
151 4 3
151 5 3
151 6 3
151 10 3
151 15 3
151 16 3
151 19 3
151 21 3
151 23 3
151 26 3
151 29 3
151 30 3
151 31 3
151 32 3
151 36 3
151 37 3
151 39 3
151 42 3
151 46 3
151 49 3
151 56 3
151 57 3
151 59 3
151 60 3
151 61 3
151 64 3
151 66 3
151 67 3
151 68 3
151 71 3
151 72 3
151 73 3
151 76 3
151 77 3
151 82 3
151 90 3
151 99 3
151 106 3
151 111 3
151 112 3
151 115 3
151 116 3
151 121 3
151 123 3
151 126 3
151 129 3
151 138 3
151 141 3
151 151 3
152 3 3
152 4 3
152 5 3
152 6 3
152 10 3
152 11 3
152 15 3
152 17 3
152 18 3
152 19 3
152 21 3
152 25 3
152 26 3
152 32 3
152 39 3
152 40 3
152 42 3
152 44 3
152 49 3
152 54 3
152 55 3
152 56 3
152 58 3
152 60 3
152 61 3
152 62 3
152 63 3
152 66 3
152 68 3
152 74 3
152 79 3
152 82 3
152 83 3
152 87 3
152 90 3
152 96 3
152 99 3
152 100 3
152 102 3
152 105 3
152 107 3
152 110 3
152 113 3
152 114 3
152 123 3
152 124 3
152 128 3
152 131 3
152 132 3
152 135 3
152 137 3
152 141 3
152 143 3
152 144 3
152 149 3
152 152 3
153 1 3
153 8 3
153 12 3
153 13 3
153 15 3
153 18 3
153 20 3
153 24 3
153 30 3
153 38 3
153 39 3
153 43 3
153 47 3
153 48 3
153 51 3
153 52 3
153 54 3
153 56 3
153 58 3
153 63 3
153 69 3
153 73 3
153 74 3
153 76 3
153 80 3
153 81 3
153 86 3
153 87 3
153 88 3
153 89 3
153 90 3
153 96 3
153 99 3
153 101 3
153 102 3
153 104 3
153 106 3
153 109 3
153 111 3
153 112 3
153 113 3
153 114 3
153 120 3
153 121 3
153 122 3
153 127 3
153 130 3
153 137 3
153 140 3
153 143 3
153 144 3
153 149 3
153 153 3
154 1 3
154 3 3
154 8 3
154 11 3
154 12 3
154 14 3
154 18 3
154 20 3
154 21 3
154 25 3
154 27 3
154 31 3
154 33 3
154 35 3
154 38 3
154 41 3
154 42 3
154 43 3
154 50 3
154 53 3
154 54 3
154 65 3
154 67 3
154 69 3
154 73 3
154 74 3
154 76 3
154 86 3
154 87 3
154 88 3
154 91 3
154 92 3
154 93 3
154 94 3
154 95 3
154 96 3
154 97 3
154 101 3
154 102 3
154 104 3
154 112 3
154 113 3
154 114 3
154 120 3
154 121 3
154 123 3
154 125 3
154 126 3
154 129 3
154 130 3
154 137 3
154 140 3
154 142 3
154 145 3
154 146 3
154 153 3
154 154 3
155 0 3
155 4 3
155 6 3
155 9 3
155 14 3
155 16 3
155 17 3
155 19 3
155 20 3
155 21 3
155 22 3
155 26 3
155 28 3
155 29 3
155 32 3
155 36 3
155 40 3
155 42 3
155 46 3
155 49 3
155 53 3
155 57 3
155 58 3
155 64 3
155 65 3
155 74 3
155 76 3
155 77 3
155 82 3
155 84 3
155 85 3
155 88 3
155 92 3
155 94 3
155 95 3
155 105 3
155 109 3
155 110 3
155 111 3
155 113 3
155 121 3
155 122 3
155 124 3
155 127 3
155 128 3
155 132 3
155 133 3
155 135 3
155 137 3
155 138 3
155 143 3
155 145 3
155 149 3
155 152 3
156 1 3
156 3 3
156 7 3
156 8 3
156 11 3
156 12 3
156 15 3
156 17 3
156 18 3
156 20 3
156 23 3
156 25 3
156 27 3
156 28 3
156 30 3
156 32 3
156 33 3
156 34 3
156 35 3
156 38 3
156 41 3
156 43 3
156 44 3
156 45 3
156 50 3
156 54 3
156 55 3
156 61 3
156 62 3
156 65 3
156 67 3
156 69 3
156 70 3
156 73 3
156 80 3
156 81 3
156 82 3
156 83 3
156 84 3
156 87 3
156 88 3
156 93 3
156 94 3
156 95 3
156 97 3
156 98 3
156 100 3
156 101 3
156 103 3
156 105 3
156 106 3
156 107 3
156 109 3
156 110 3
156 111 3
156 114 3
156 116 3
156 117 3
156 118 3
156 125 3
156 126 3
156 131 3
156 134 3
156 140 3
156 141 3
156 143 3
156 144 3
156 146 3
156 148 3
156 150 3
156 153 3
156 156 3
157 0 3
157 2 3
157 7 3
157 17 3
157 18 3
157 20 3
157 21 3
157 24 3
157 25 3
157 32 3
157 35 3
157 36 3
157 38 3
157 39 3
157 41 3
157 43 3
157 45 3
157 46 3
157 48 3
157 52 3
157 54 3
157 55 3
157 62 3
157 63 3
157 65 3
157 66 3
157 67 3
157 68 3
157 72 3
157 73 3
157 74 3
157 81 3
157 83 3
157 87 3
157 89 3
157 91 3
157 92 3
157 93 3
157 94 3
157 95 3
157 96 3
157 97 3
157 100 3
157 107 3
157 113 3
157 114 3
157 116 3
157 118 3
157 125 3
157 127 3
157 129 3
157 137 3
157 140 3
157 147 3
157 149 3
157 150 3
157 151 3
157 154 3
158 4 3
158 9 3
158 10 3
158 13 3
158 15 3
158 19 3
158 21 3
158 23 3
158 26 3
158 29 3
158 31 3
158 37 3
158 41 3
158 42 3
158 44 3
158 56 3
158 57 3
158 58 3
158 60 3
158 64 3
158 66 3
158 68 3
158 70 3
158 71 3
158 72 3
158 77 3
158 78 3
158 79 3
158 83 3
158 84 3
158 91 3
158 94 3
158 95 3
158 100 3
158 105 3
158 108 3
158 110 3
158 119 3
158 121 3
158 122 3
158 123 3
158 126 3
158 128 3
158 131 3
158 133 3
158 135 3
158 136 3
158 138 3
158 141 3
158 142 3
158 143 3
158 144 3
158 145 3
158 148 3
158 149 3
158 151 3
158 152 3
159 1 3
159 7 3
159 8 3
159 9 3
159 12 3
159 18 3
159 20 3
159 21 3
159 24 3
159 25 3
159 26 3
159 27 3
159 29 3
159 31 3
159 33 3
159 34 3
159 39 3
159 45 3
159 48 3
159 54 3
159 55 3
159 57 3
159 62 3
159 67 3
159 68 3
159 69 3
159 74 3
159 80 3
159 81 3
159 86 3
159 87 3
159 88 3
159 89 3
159 91 3
159 94 3
159 95 3
159 96 3
159 101 3
159 102 3
159 108 3
159 109 3
159 113 3
159 114 3
159 115 3
159 116 3
159 122 3
159 123 3
159 126 3
159 127 3
159 128 3
159 129 3
159 134 3
159 136 3
159 140 3
159 141 3
159 142 3
159 145 3
159 147 3
159 152 3
159 154 3
159 156 3
159 159 3
160 0 3
160 4 3
160 5 3
160 6 3
160 8 3
160 9 3
160 14 3
160 19 3
160 21 3
160 22 3
160 26 3
160 29 3
160 30 3
160 31 3
160 32 3
160 36 3
160 42 3
160 48 3
160 53 3
160 59 3
160 63 3
160 64 3
160 66 3
160 68 3
160 71 3
160 72 3
160 73 3
160 80 3
160 83 3
160 84 3
160 88 3
160 90 3
160 94 3
160 97 3
160 98 3
160 99 3
160 100 3
160 105 3
160 108 3
160 110 3
160 114 3
160 117 3
160 124 3
160 127 3
160 132 3
160 133 3
160 135 3
160 136 3
160 138 3
160 140 3
160 142 3
160 147 3
160 149 3
160 150 3
160 152 3
160 157 3
160 158 3
160 160 3
161 2 3
161 7 3
161 8 3
161 10 3
161 12 3
161 15 3
161 17 3
161 23 3
161 24 3
161 27 3
161 30 3
161 33 3
161 34 3
161 39 3
161 41 3
161 43 3
161 45 3
161 47 3
161 48 3
161 50 3
161 51 3
161 52 3
161 53 3
161 55 3
161 62 3
161 74 3
161 75 3
161 76 3
161 79 3
161 80 3
161 81 3
161 83 3
161 86 3
161 88 3
161 89 3
161 90 3
161 92 3
161 95 3
161 96 3
161 97 3
161 99 3
161 101 3
161 104 3
161 107 3
161 110 3
161 112 3
161 113 3
161 114 3
161 115 3
161 116 3
161 117 3
161 119 3
161 120 3
161 125 3
161 127 3
161 129 3
161 130 3
161 131 3
161 134 3
161 136 3
161 137 3
161 138 3
161 139 3
161 140 3
161 141 3
161 146 3
161 149 3
161 150 3
161 154 3
161 161 3
162 2 3
162 4 3
162 5 3
162 6 3
162 7 3
162 8 3
162 9 3
162 11 3
162 12 3
162 18 3
162 20 3
162 21 3
162 23 3
162 24 3
162 27 3
162 28 3
162 30 3
162 32 3
162 35 3
162 38 3
162 39 3
162 42 3
162 45 3
162 48 3
162 50 3
162 51 3
162 53 3
162 54 3
162 55 3
162 58 3
162 64 3
162 67 3
162 69 3
162 70 3
162 71 3
162 74 3
162 79 3
162 84 3
162 88 3
162 89 3
162 92 3
162 93 3
162 96 3
162 97 3
162 103 3
162 106 3
162 107 3
162 109 3
162 112 3
162 114 3
162 115 3
162 116 3
162 118 3
162 122 3
162 127 3
162 128 3
162 129 3
162 130 3
162 134 3
162 135 3
162 136 3
162 137 3
162 138 3
162 139 3
162 142 3
162 146 3
162 147 3
162 159 3
162 161 3
163 1 3
163 2 3
163 5 3
163 7 3
163 8 3
163 9 3
163 12 3
163 17 3
163 18 3
163 20 3
163 22 3
163 24 3
163 25 3
163 28 3
163 29 3
163 30 3
163 34 3
163 37 3
163 39 3
163 41 3
163 43 3
163 44 3
163 46 3
163 54 3
163 55 3
163 56 3
163 61 3
163 64 3
163 70 3
163 73 3
163 75 3
163 80 3
163 81 3
163 87 3
163 94 3
163 96 3
163 98 3
163 101 3
163 108 3
163 116 3
163 117 3
163 118 3
163 119 3
163 120 3
163 121 3
163 122 3
163 123 3
163 128 3
163 129 3
163 134 3
163 135 3
163 136 3
163 137 3
163 139 3
163 141 3
163 142 3
163 146 3
163 147 3
163 150 3
163 153 3
163 156 3
163 161 3
163 162 3
163 163 3
164 1 3
164 4 3
164 5 3
164 6 3
164 8 3
164 9 3
164 10 3
164 14 3
164 15 3
164 16 3
164 18 3
164 20 3
164 22 3
164 23 3
164 26 3
164 27 3
164 28 3
164 36 3
164 37 3
164 40 3
164 41 3
164 42 3
164 44 3
164 46 3
164 49 3
164 50 3
164 56 3
164 59 3
164 60 3
164 61 3
164 63 3
164 64 3
164 66 3
164 67 3
164 68 3
164 71 3
164 72 3
164 76 3
164 77 3
164 82 3
164 85 3
164 86 3
164 87 3
164 90 3
164 94 3
164 96 3
164 99 3
164 102 3
164 106 3
164 108 3
164 110 3
164 119 3
164 122 3
164 128 3
164 130 3
164 132 3
164 133 3
164 138 3
164 140 3
164 143 3
164 145 3
164 146 3
164 148 3
164 150 3
164 151 3
164 152 3
164 155 3
164 157 3
164 160 3
165 1 3
165 5 3
165 7 3
165 12 3
165 16 3
165 17 3
165 21 3
165 23 3
165 25 3
165 28 3
165 32 3
165 33 3
165 36 3
165 37 3
165 38 3
165 39 3
165 40 3
165 41 3
165 47 3
165 60 3
165 61 3
165 62 3
165 64 3
165 68 3
165 69 3
165 71 3
165 75 3
165 80 3
165 81 3
165 84 3
165 85 3
165 87 3
165 93 3
165 95 3
165 97 3
165 101 3
165 105 3
165 106 3
165 107 3
165 110 3
165 111 3
165 114 3
165 115 3
165 116 3
165 118 3
165 121 3
165 125 3
165 126 3
165 127 3
165 129 3
165 130 3
165 134 3
165 135 3
165 136 3
165 139 3
165 142 3
165 147 3
165 150 3
165 154 3
165 156 3
165 157 3
165 159 3
165 161 3
165 162 3
165 163 3
166 2 3
166 4 3
166 5 3
166 6 3
166 13 3
166 15 3
166 16 3
166 17 3
166 21 3
166 22 3
166 23 3
166 25 3
166 26 3
166 29 3
166 30 3
166 31 3
166 34 3
166 37 3
166 44 3
166 45 3
166 46 3
166 49 3
166 52 3
166 57 3
166 59 3
166 71 3
166 73 3
166 75 3
166 78 3
166 79 3
166 82 3
166 83 3
166 90 3
166 101 3
166 105 3
166 107 3
166 108 3
166 111 3
166 113 3
166 114 3
166 117 3
166 119 3
166 123 3
166 131 3
166 138 3
166 139 3
166 141 3
166 143 3
166 144 3
166 151 3
166 154 3
166 155 3
166 159 3
166 161 3
166 164 3
166 165 3
167 0 3
167 5 3
167 6 3
167 10 3
167 14 3
167 17 3
167 22 3
167 25 3
167 28 3
167 31 3
167 32 3
167 33 3
167 34 3
167 36 3
167 40 3
167 42 3
167 45 3
167 49 3
167 51 3
167 56 3
167 57 3
167 58 3
167 59 3
167 64 3
167 78 3
167 79 3
167 83 3
167 84 3
167 85 3
167 93 3
167 99 3
167 100 3
167 102 3
167 103 3
167 105 3
167 107 3
167 108 3
167 110 3
167 111 3
167 112 3
167 117 3
167 118 3
167 119 3
167 123 3
167 128 3
167 132 3
167 135 3
167 137 3
167 138 3
167 139 3
167 143 3
167 145 3
167 148 3
167 149 3
167 152 3
167 155 3
167 158 3
167 160 3
167 162 3
167 164 3
167 166 3
168 4 3
168 5 3
168 13 3
168 15 3
168 16 3
168 17 3
168 19 3
168 21 3
168 22 3
168 26 3
168 29 3
168 32 3
168 34 3
168 37 3
168 39 3
168 42 3
168 44 3
168 49 3
168 54 3
168 55 3
168 56 3
168 57 3
168 59 3
168 63 3
168 68 3
168 72 3
168 74 3
168 75 3
168 78 3
168 79 3
168 82 3
168 83 3
168 84 3
168 87 3
168 90 3
168 100 3
168 102 3
168 105 3
168 109 3
168 111 3
168 114 3
168 117 3
168 128 3
168 131 3
168 132 3
168 134 3
168 138 3
168 141 3
168 144 3
168 148 3
168 149 3
168 151 3
168 155 3
168 158 3
168 159 3
168 168 3
169 2 3
169 3 3
169 5 3
169 8 3
169 11 3
169 12 3
169 18 3
169 24 3
169 28 3
169 33 3
169 35 3
169 38 3
169 39 3
169 41 3
169 46 3
169 47 3
169 50 3
169 52 3
169 53 3
169 54 3
169 61 3
169 62 3
169 67 3
169 74 3
169 75 3
169 78 3
169 80 3
169 84 3
169 87 3
169 91 3
169 92 3
169 95 3
169 96 3
169 97 3
169 98 3
169 99 3
169 101 3
169 103 3
169 106 3
169 108 3
169 109 3
169 116 3
169 119 3
169 120 3
169 125 3
169 126 3
169 127 3
169 129 3
169 136 3
169 138 3
169 142 3
169 146 3
169 147 3
169 148 3
169 150 3
169 153 3
169 157 3
169 158 3
169 159 3
169 165 3
169 166 3
169 168 3
169 169 3
170 2 3
170 3 3
170 5 3
170 8 3
170 9 3
170 13 3
170 14 3
170 17 3
170 18 3
170 20 3
170 23 3
170 24 3
170 25 3
170 26 3
170 27 3
170 30 3
170 34 3
170 38 3
170 39 3
170 41 3
170 48 3
170 58 3
170 65 3
170 66 3
170 69 3
170 71 3
170 73 3
170 75 3
170 78 3
170 80 3
170 84 3
170 87 3
170 88 3
170 89 3
170 94 3
170 95 3
170 96 3
170 97 3
170 98 3
170 100 3
170 101 3
170 108 3
170 114 3
170 115 3
170 116 3
170 117 3
170 120 3
170 121 3
170 124 3
170 126 3
170 127 3
170 129 3
170 130 3
170 133 3
170 134 3
170 136 3
170 140 3
170 141 3
170 146 3
170 147 3
170 150 3
170 151 3
170 154 3
170 157 3
170 159 3
170 161 3
170 169 3
171 4 3
171 5 3
171 6 3
171 9 3
171 10 3
171 12 3
171 13 3
171 19 3
171 22 3
171 23 3
171 26 3
171 29 3
171 30 3
171 32 3
171 33 3
171 34 3
171 40 3
171 43 3
171 47 3
171 52 3
171 53 3
171 54 3
171 57 3
171 60 3
171 63 3
171 68 3
171 71 3
171 79 3
171 84 3
171 85 3
171 88 3
171 93 3
171 99 3
171 100 3
171 105 3
171 108 3
171 113 3
171 122 3
171 124 3
171 125 3
171 128 3
171 131 3
171 132 3
171 135 3
171 136 3
171 138 3
171 141 3
171 143 3
171 144 3
171 145 3
171 148 3
171 158 3
171 160 3
171 164 3
171 166 3
171 167 3
171 171 3
172 3 3
172 5 3
172 6 3
172 9 3
172 16 3
172 17 3
172 18 3
172 19 3
172 20 3
172 24 3
172 27 3
172 28 3
172 32 3
172 33 3
172 34 3
172 35 3
172 36 3
172 37 3
172 38 3
172 39 3
172 41 3
172 43 3
172 45 3
172 46 3
172 47 3
172 59 3
172 60 3
172 63 3
172 65 3
172 69 3
172 70 3
172 73 3
172 76 3
172 77 3
172 79 3
172 81 3
172 87 3
172 89 3
172 90 3
172 91 3
172 92 3
172 96 3
172 97 3
172 98 3
172 103 3
172 104 3
172 106 3
172 112 3
172 113 3
172 114 3
172 118 3
172 119 3
172 120 3
172 121 3
172 124 3
172 127 3
172 129 3
172 131 3
172 134 3
172 137 3
172 140 3
172 142 3
172 143 3
172 151 3
172 156 3
172 162 3
172 163 3
172 167 3
172 168 3
172 169 3
172 170 3
172 172 3
173 0 3
173 1 3
173 3 3
173 5 3
173 6 3
173 13 3
173 14 3
173 16 3
173 21 3
173 22 3
173 23 3
173 26 3
173 33 3
173 34 3
173 40 3
173 42 3
173 44 3
173 45 3
173 51 3
173 53 3
173 55 3
173 56 3
173 58 3
173 60 3
173 63 3
173 64 3
173 66 3
173 68 3
173 71 3
173 72 3
173 73 3
173 79 3
173 81 3
173 83 3
173 88 3
173 92 3
173 93 3
173 97 3
173 98 3
173 100 3
173 102 3
173 104 3
173 109 3
173 110 3
173 111 3
173 112 3
173 115 3
173 117 3
173 124 3
173 126 3
173 128 3
173 131 3
173 132 3
173 139 3
173 143 3
173 145 3
173 148 3
173 151 3
173 152 3
173 155 3
173 156 3
173 160 3
173 161 3
173 163 3
173 166 3
173 167 3
173 173 3
174 1 3
174 2 3
174 7 3
174 9 3
174 11 3
174 20 3
174 25 3
174 27 3
174 30 3
174 33 3
174 34 3
174 38 3
174 44 3
174 45 3
174 49 3
174 51 3
174 53 3
174 54 3
174 55 3
174 56 3
174 57 3
174 62 3
174 65 3
174 67 3
174 74 3
174 75 3
174 76 3
174 81 3
174 82 3
174 84 3
174 86 3
174 89 3
174 91 3
174 92 3
174 93 3
174 94 3
174 97 3
174 101 3
174 102 3
174 103 3
174 104 3
174 106 3
174 108 3
174 112 3
174 113 3
174 114 3
174 116 3
174 118 3
174 119 3
174 120 3
174 121 3
174 134 3
174 136 3
174 137 3
174 139 3
174 140 3
174 143 3
174 147 3
174 148 3
174 155 3
174 162 3
174 172 3
174 174 3
175 4 3
175 5 3
175 7 3
175 9 3
175 13 3
175 15 3
175 19 3
175 22 3
175 26 3
175 29 3
175 31 3
175 33 3
175 38 3
175 42 3
175 46 3
175 47 3
175 49 3
175 57 3
175 61 3
175 69 3
175 72 3
175 73 3
175 77 3
175 78 3
175 80 3
175 82 3
175 83 3
175 91 3
175 100 3
175 101 3
175 102 3
175 105 3
175 109 3
175 111 3
175 113 3
175 115 3
175 116 3
175 123 3
175 127 3
175 130 3
175 131 3
175 133 3
175 138 3
175 143 3
175 144 3
175 146 3
175 152 3
175 158 3
175 159 3
175 160 3
175 161 3
175 165 3
175 167 3
175 168 3
175 175 3
176 0 3
176 3 3
176 5 3
176 8 3
176 11 3
176 12 3
176 16 3
176 18 3
176 20 3
176 24 3
176 32 3
176 33 3
176 35 3
176 37 3
176 38 3
176 42 3
176 45 3
176 47 3
176 51 3
176 52 3
176 54 3
176 59 3
176 62 3
176 65 3
176 66 3
176 67 3
176 69 3
176 70 3
176 74 3
176 81 3
176 90 3
176 94 3
176 105 3
176 107 3
176 110 3
176 115 3
176 116 3
176 118 3
176 120 3
176 121 3
176 122 3
176 127 3
176 128 3
176 129 3
176 130 3
176 132 3
176 134 3
176 136 3
176 137 3
176 139 3
176 142 3
176 146 3
176 147 3
176 149 3
176 152 3
176 153 3
176 157 3
176 159 3
176 161 3
176 165 3
176 168 3
176 169 3
176 174 3
176 176 3
177 5 3
177 13 3
177 15 3
177 16 3
177 18 3
177 19 3
177 21 3
177 22 3
177 23 3
177 24 3
177 29 3
177 32 3
177 37 3
177 42 3
177 45 3
177 46 3
177 49 3
177 60 3
177 63 3
177 72 3
177 76 3
177 77 3
177 78 3
177 79 3
177 82 3
177 83 3
177 84 3
177 85 3
177 91 3
177 93 3
177 96 3
177 99 3
177 100 3
177 102 3
177 104 3
177 105 3
177 107 3
177 111 3
177 115 3
177 117 3
177 122 3
177 123 3
177 124 3
177 129 3
177 130 3
177 131 3
177 132 3
177 133 3
177 141 3
177 144 3
177 145 3
177 148 3
177 156 3
177 158 3
177 159 3
177 165 3
177 167 3
177 168 3
177 172 3
177 173 3
177 175 3
178 1 3
178 2 3
178 4 3
178 8 3
178 11 3
178 12 3
178 18 3
178 20 3
178 24 3
178 25 3
178 28 3
178 30 3
178 34 3
178 38 3
178 39 3
178 41 3
178 42 3
178 46 3
178 47 3
178 50 3
178 51 3
178 62 3
178 65 3
178 67 3
178 74 3
178 75 3
178 76 3
178 81 3
178 83 3
178 86 3
178 89 3
178 91 3
178 93 3
178 97 3
178 101 3
178 103 3
178 105 3
178 106 3
178 107 3
178 109 3
178 112 3
178 113 3
178 119 3
178 120 3
178 121 3
178 124 3
178 129 3
178 133 3
178 136 3
178 140 3
178 153 3
178 157 3
178 159 3
178 161 3
178 162 3
178 170 3
178 173 3
178 175 3
178 178 3
179 3 3
179 4 3
179 5 3
179 6 3
179 9 3
179 10 3
179 13 3
179 14 3
179 16 3
179 17 3
179 21 3
179 23 3
179 25 3
179 28 3
179 31 3
179 32 3
179 35 3
179 42 3
179 44 3
179 46 3
179 50 3
179 55 3
179 56 3
179 66 3
179 68 3
179 69 3
179 77 3
179 78 3
179 79 3
179 82 3
179 84 3
179 86 3
179 98 3
179 99 3
179 102 3
179 103 3
179 104 3
179 105 3
179 107 3
179 108 3
179 109 3
179 117 3
179 123 3
179 124 3
179 125 3
179 131 3
179 132 3
179 133 3
179 136 3
179 138 3
179 141 3
179 143 3
179 144 3
179 145 3
179 151 3
179 152 3
179 157 3
179 160 3
179 161 3
179 165 3
179 166 3
179 167 3
179 171 3
179 173 3
179 175 3
179 179 3
180 2 3
180 5 3
180 10 3
180 14 3
180 15 3
180 17 3
180 18 3
180 19 3
180 21 3
180 29 3
180 38 3
180 40 3
180 42 3
180 46 3
180 52 3
180 56 3
180 57 3
180 60 3
180 64 3
180 65 3
180 66 3
180 67 3
180 71 3
180 73 3
180 76 3
180 78 3
180 82 3
180 84 3
180 85 3
180 89 3
180 90 3
180 95 3
180 98 3
180 99 3
180 100 3
180 108 3
180 109 3
180 110 3
180 111 3
180 114 3
180 115 3
180 117 3
180 120 3
180 122 3
180 123 3
180 124 3
180 128 3
180 131 3
180 133 3
180 134 3
180 135 3
180 138 3
180 140 3
180 142 3
180 143 3
180 144 3
180 148 3
180 153 3
180 154 3
180 155 3
180 158 3
180 160 3
180 164 3
180 168 3
180 175 3
180 177 3
180 178 3
180 180 3
181 0 3
181 4 3
181 6 3
181 14 3
181 15 3
181 16 3
181 21 3
181 22 3
181 25 3
181 26 3
181 31 3
181 34 3
181 36 3
181 37 3
181 40 3
181 42 3
181 44 3
181 49 3
181 51 3
181 56 3
181 58 3
181 61 3
181 63 3
181 68 3
181 71 3
181 77 3
181 79 3
181 80 3
181 81 3
181 82 3
181 85 3
181 88 3
181 89 3
181 93 3
181 95 3
181 97 3
181 98 3
181 100 3
181 103 3
181 104 3
181 105 3
181 107 3
181 109 3
181 111 3
181 117 3
181 120 3
181 122 3
181 123 3
181 127 3
181 128 3
181 133 3
181 134 3
181 135 3
181 136 3
181 143 3
181 144 3
181 146 3
181 149 3
181 150 3
181 152 3
181 159 3
181 160 3
181 162 3
181 168 3
181 171 3
181 173 3
181 174 3
181 179 3
182 1 3
182 2 3
182 3 3
182 7 3
182 8 3
182 9 3
182 10 3
182 12 3
182 18 3
182 20 3
182 25 3
182 27 3
182 28 3
182 32 3
182 34 3
182 36 3
182 38 3
182 39 3
182 43 3
182 44 3
182 45 3
182 46 3
182 47 3
182 49 3
182 51 3
182 52 3
182 53 3
182 54 3
182 55 3
182 62 3
182 65 3
182 66 3
182 67 3
182 69 3
182 72 3
182 74 3
182 76 3
182 78 3
182 80 3
182 81 3
182 86 3
182 87 3
182 89 3
182 92 3
182 94 3
182 97 3
182 105 3
182 106 3
182 108 3
182 110 3
182 113 3
182 114 3
182 116 3
182 119 3
182 120 3
182 121 3
182 124 3
182 126 3
182 129 3
182 130 3
182 132 3
182 133 3
182 136 3
182 137 3
182 140 3
182 142 3
182 146 3
182 155 3
182 157 3
182 158 3
182 161 3
182 167 3
182 168 3
182 173 3
182 174 3
182 175 3
182 176 3
182 177 3
182 180 3
183 0 3
183 1 3
183 2 3
183 3 3
183 6 3
183 7 3
183 8 3
183 9 3
183 11 3
183 13 3
183 20 3
183 22 3
183 25 3
183 28 3
183 29 3
183 32 3
183 34 3
183 38 3
183 41 3
183 42 3
183 45 3
183 47 3
183 48 3
183 50 3
183 51 3
183 53 3
183 55 3
183 56 3
183 60 3
183 62 3
183 67 3
183 68 3
183 69 3
183 70 3
183 73 3
183 76 3
183 80 3
183 81 3
183 83 3
183 88 3
183 89 3
183 92 3
183 94 3
183 95 3
183 96 3
183 101 3
183 103 3
183 104 3
183 107 3
183 112 3
183 113 3
183 114 3
183 115 3
183 116 3
183 119 3
183 121 3
183 126 3
183 129 3
183 130 3
183 134 3
183 136 3
183 137 3
183 138 3
183 139 3
183 140 3
183 144 3
183 147 3
183 150 3
183 152 3
183 153 3
183 157 3
183 165 3
183 172 3
183 176 3
183 178 3
183 181 3
183 182 3
183 183 3
184 0 3
184 5 3
184 7 3
184 10 3
184 12 3
184 17 3
184 21 3
184 22 3
184 23 3
184 26 3
184 29 3
184 31 3
184 32 3
184 34 3
184 37 3
184 39 3
184 40 3
184 42 3
184 44 3
184 45 3
184 46 3
184 49 3
184 51 3
184 52 3
184 56 3
184 57 3
184 59 3
184 63 3
184 64 3
184 66 3
184 68 3
184 71 3
184 73 3
184 77 3
184 79 3
184 80 3
184 82 3
184 84 3
184 85 3
184 87 3
184 88 3
184 90 3
184 93 3
184 104 3
184 105 3
184 107 3
184 109 3
184 110 3
184 111 3
184 114 3
184 115 3
184 117 3
184 122 3
184 124 3
184 128 3
184 130 3
184 133 3
184 135 3
184 143 3
184 144 3
184 145 3
184 152 3
184 155 3
184 158 3
184 159 3
184 160 3
184 166 3
184 179 3
184 180 3
184 184 3
185 5 3
185 7 3
185 11 3
185 16 3
185 17 3
185 18 3
185 19 3
185 23 3
185 24 3
185 26 3
185 32 3
185 33 3
185 34 3
185 35 3
185 42 3
185 43 3
185 45 3
185 47 3
185 48 3
185 50 3
185 52 3
185 54 3
185 62 3
185 65 3
185 67 3
185 69 3
185 70 3
185 73 3
185 75 3
185 76 3
185 78 3
185 80 3
185 81 3
185 86 3
185 88 3
185 89 3
185 90 3
185 94 3
185 95 3
185 96 3
185 97 3
185 101 3
185 103 3
185 106 3
185 107 3
185 112 3
185 116 3
185 117 3
185 121 3
185 125 3
185 127 3
185 128 3
185 135 3
185 137 3
185 139 3
185 142 3
185 143 3
185 146 3
185 147 3
185 150 3
185 154 3
185 155 3
185 156 3
185 159 3
185 161 3
185 163 3
185 170 3
185 175 3
185 178 3
185 180 3
185 183 3
185 185 3
186 1 3
186 2 3
186 6 3
186 7 3
186 8 3
186 9 3
186 14 3
186 17 3
186 20 3
186 22 3
186 23 3
186 24 3
186 25 3
186 26 3
186 27 3
186 33 3
186 34 3
186 35 3
186 38 3
186 41 3
186 45 3
186 50 3
186 51 3
186 53 3
186 55 3
186 62 3
186 63 3
186 65 3
186 70 3
186 73 3
186 75 3
186 80 3
186 81 3
186 82 3
186 86 3
186 90 3
186 92 3
186 93 3
186 100 3
186 101 3
186 103 3
186 104 3
186 107 3
186 112 3
186 114 3
186 115 3
186 116 3
186 117 3
186 120 3
186 121 3
186 122 3
186 126 3
186 127 3
186 128 3
186 129 3
186 130 3
186 131 3
186 134 3
186 136 3
186 139 3
186 140 3
186 145 3
186 161 3
186 162 3
186 164 3
186 170 3
186 172 3
186 174 3
186 176 3
186 179 3
186 183 3
186 185 3
186 186 3
187 1 3
187 2 3
187 3 3
187 6 3
187 8 3
187 11 3
187 13 3
187 14 3
187 17 3
187 18 3
187 20 3
187 21 3
187 24 3
187 27 3
187 29 3
187 30 3
187 31 3
187 33 3
187 38 3
187 40 3
187 47 3
187 48 3
187 50 3
187 52 3
187 53 3
187 54 3
187 60 3
187 62 3
187 64 3
187 65 3
187 69 3
187 76 3
187 77 3
187 78 3
187 80 3
187 81 3
187 85 3
187 87 3
187 89 3
187 92 3
187 93 3
187 95 3
187 96 3
187 97 3
187 101 3
187 103 3
187 112 3
187 113 3
187 114 3
187 115 3
187 116 3
187 118 3
187 119 3
187 125 3
187 126 3
187 127 3
187 128 3
187 129 3
187 130 3
187 131 3
187 133 3
187 134 3
187 136 3
187 137 3
187 140 3
187 142 3
187 143 3
187 145 3
187 146 3
187 149 3
187 153 3
187 154 3
187 163 3
187 164 3
187 165 3
187 169 3
187 170 3
187 172 3
187 173 3
187 176 3
187 182 3
187 186 3
187 187 3
188 2 3
188 3 3
188 5 3
188 7 3
188 8 3
188 9 3
188 17 3
188 18 3
188 19 3
188 20 3
188 22 3
188 23 3
188 24 3
188 30 3
188 33 3
188 35 3
188 37 3
188 39 3
188 47 3
188 50 3
188 52 3
188 53 3
188 58 3
188 59 3
188 63 3
188 64 3
188 70 3
188 73 3
188 74 3
188 75 3
188 78 3
188 86 3
188 89 3
188 93 3
188 94 3
188 96 3
188 97 3
188 103 3
188 104 3
188 111 3
188 112 3
188 116 3
188 118 3
188 119 3
188 120 3
188 126 3
188 127 3
188 132 3
188 133 3
188 136 3
188 137 3
188 139 3
188 141 3
188 142 3
188 143 3
188 145 3
188 146 3
188 150 3
188 153 3
188 154 3
188 155 3
188 156 3
188 157 3
188 159 3
188 161 3
188 162 3
188 163 3
188 165 3
188 167 3
188 169 3
188 172 3
188 174 3
188 176 3
188 178 3
188 182 3
188 183 3
188 184 3
188 187 3
188 188 3
189 1 3
189 2 3
189 4 3
189 5 3
189 6 3
189 7 3
189 16 3
189 19 3
189 26 3
189 31 3
189 39 3
189 44 3
189 46 3
189 47 3
189 53 3
189 54 3
189 56 3
189 59 3
189 60 3
189 61 3
189 66 3
189 68 3
189 71 3
189 77 3
189 78 3
189 79 3
189 83 3
189 85 3
189 86 3
189 90 3
189 93 3
189 99 3
189 100 3
189 102 3
189 108 3
189 109 3
189 110 3
189 111 3
189 117 3
189 122 3
189 123 3
189 124 3
189 128 3
189 131 3
189 132 3
189 134 3
189 135 3
189 138 3
189 141 3
189 143 3
189 145 3
189 151 3
189 152 3
189 153 3
189 156 3
189 158 3
189 160 3
189 165 3
189 166 3
189 169 3
189 171 3
189 173 3
189 177 3
189 184 3
189 189 3
190 0 3
190 4 3
190 10 3
190 13 3
190 15 3
190 19 3
190 21 3
190 22 3
190 26 3
190 31 3
190 34 3
190 36 3
190 40 3
190 43 3
190 49 3
190 51 3
190 55 3
190 56 3
190 57 3
190 59 3
190 60 3
190 62 3
190 63 3
190 68 3
190 72 3
190 76 3
190 78 3
190 80 3
190 81 3
190 83 3
190 85 3
190 88 3
190 90 3
190 93 3
190 99 3
190 100 3
190 101 3
190 102 3
190 104 3
190 105 3
190 108 3
190 109 3
190 110 3
190 111 3
190 113 3
190 117 3
190 122 3
190 123 3
190 124 3
190 125 3
190 128 3
190 131 3
190 133 3
190 135 3
190 139 3
190 141 3
190 144 3
190 145 3
190 152 3
190 155 3
190 158 3
190 159 3
190 164 3
190 166 3
190 171 3
190 172 3
190 173 3
190 175 3
190 179 3
191 1 3
191 3 3
191 9 3
191 11 3
191 13 3
191 18 3
191 19 3
191 20 3
191 23 3
191 24 3
191 26 3
191 27 3
191 28 3
191 29 3
191 34 3
191 35 3
191 38 3
191 43 3
191 46 3
191 47 3
191 50 3
191 51 3
191 52 3
191 53 3
191 54 3
191 55 3
191 56 3
191 57 3
191 62 3
191 65 3
191 70 3
191 77 3
191 79 3
191 86 3
191 88 3
191 93 3
191 95 3
191 96 3
191 97 3
191 101 3
191 107 3
191 114 3
191 115 3
191 116 3
191 119 3
191 120 3
191 121 3
191 125 3
191 131 3
191 134 3
191 137 3
191 139 3
191 140 3
191 146 3
191 147 3
191 149 3
191 153 3
191 154 3
191 156 3
191 157 3
191 160 3
191 163 3
191 170 3
191 177 3
191 179 3
191 189 3
191 191 3
192 6 3
192 7 3
192 9 3
192 10 3
192 11 3
192 12 3
192 13 3
192 15 3
192 18 3
192 20 3
192 21 3
192 23 3
192 27 3
192 29 3
192 30 3
192 33 3
192 36 3
192 38 3
192 39 3
192 41 3
192 43 3
192 45 3
192 47 3
192 49 3
192 50 3
192 53 3
192 55 3
192 57 3
192 62 3
192 67 3
192 68 3
192 72 3
192 73 3
192 74 3
192 80 3
192 81 3
192 87 3
192 89 3
192 91 3
192 92 3
192 95 3
192 96 3
192 97 3
192 101 3
192 102 3
192 110 3
192 112 3
192 113 3
192 116 3
192 118 3
192 121 3
192 122 3
192 124 3
192 125 3
192 126 3
192 127 3
192 130 3
192 132 3
192 136 3
192 137 3
192 141 3
192 147 3
192 150 3
192 152 3
192 153 3
192 154 3
192 157 3
192 161 3
192 162 3
192 163 3
192 165 3
192 169 3
192 170 3
192 175 3
192 176 3
192 177 3
192 183 3
192 184 3
192 187 3
192 190 3
192 191 3
192 192 3
193 0 3
193 1 3
193 3 3
193 9 3
193 10 3
193 13 3
193 17 3
193 18 3
193 21 3
193 25 3
193 26 3
193 28 3
193 29 3
193 34 3
193 35 3
193 39 3
193 40 3
193 41 3
193 43 3
193 45 3
193 46 3
193 47 3
193 48 3
193 50 3
193 51 3
193 54 3
193 55 3
193 62 3
193 65 3
193 66 3
193 67 3
193 70 3
193 75 3
193 78 3
193 81 3
193 82 3
193 86 3
193 89 3
193 90 3
193 91 3
193 92 3
193 94 3
193 96 3
193 104 3
193 109 3
193 113 3
193 114 3
193 115 3
193 116 3
193 117 3
193 118 3
193 119 3
193 120 3
193 121 3
193 125 3
193 132 3
193 134 3
193 136 3
193 139 3
193 142 3
193 147 3
193 154 3
193 156 3
193 162 3
193 163 3
193 165 3
193 174 3
193 178 3
193 182 3
193 188 3
193 192 3
193 193 3
194 1 3
194 3 3
194 4 3
194 7 3
194 14 3
194 16 3
194 19 3
194 21 3
194 26 3
194 31 3
194 32 3
194 35 3
194 37 3
194 40 3
194 42 3
194 49 3
194 55 3
194 58 3
194 59 3
194 60 3
194 63 3
194 66 3
194 68 3
194 72 3
194 73 3
194 77 3
194 78 3
194 79 3
194 84 3
194 90 3
194 91 3
194 93 3
194 98 3
194 100 3
194 102 3
194 105 3
194 107 3
194 108 3
194 109 3
194 111 3
194 113 3
194 120 3
194 124 3
194 126 3
194 128 3
194 129 3
194 131 3
194 133 3
194 135 3
194 138 3
194 141 3
194 142 3
194 145 3
194 146 3
194 151 3
194 152 3
194 158 3
194 160 3
194 161 3
194 163 3
194 164 3
194 167 3
194 168 3
194 171 3
194 173 3
194 176 3
194 178 3
194 179 3
194 186 3
194 189 3
195 0 3
195 3 3
195 5 3
195 6 3
195 9 3
195 10 3
195 15 3
195 16 3
195 17 3
195 19 3
195 23 3
195 24 3
195 26 3
195 29 3
195 30 3
195 31 3
195 36 3
195 41 3
195 42 3
195 53 3
195 55 3
195 58 3
195 59 3
195 60 3
195 64 3
195 66 3
195 68 3
195 71 3
195 73 3
195 78 3
195 79 3
195 82 3
195 83 3
195 85 3
195 95 3
195 97 3
195 99 3
195 100 3
195 102 3
195 105 3
195 108 3
195 109 3
195 112 3
195 123 3
195 124 3
195 126 3
195 128 3
195 131 3
195 132 3
195 133 3
195 135 3
195 138 3
195 141 3
195 143 3
195 144 3
195 145 3
195 152 3
195 153 3
195 155 3
195 156 3
195 157 3
195 160 3
195 161 3
195 165 3
195 168 3
195 169 3
195 171 3
195 173 3
195 177 3
195 179 3
195 181 3
195 182 3
195 184 3
195 189 3
195 190 3
195 191 3
195 195 3
196 1 3
196 2 3
196 3 3
196 4 3
196 11 3
196 12 3
196 13 3
196 16 3
196 17 3
196 19 3
196 23 3
196 24 3
196 27 3
196 33 3
196 35 3
196 36 3
196 38 3
196 41 3
196 44 3
196 47 3
196 49 3
196 50 3
196 52 3
196 65 3
196 70 3
196 74 3
196 76 3
196 78 3
196 79 3
196 81 3
196 86 3
196 87 3
196 88 3
196 89 3
196 95 3
196 96 3
196 97 3
196 101 3
196 104 3
196 106 3
196 107 3
196 108 3
196 110 3
196 111 3
196 112 3
196 114 3
196 115 3
196 116 3
196 119 3
196 122 3
196 125 3
196 127 3
196 130 3
196 131 3
196 132 3
196 136 3
196 137 3
196 138 3
196 140 3
196 142 3
196 146 3
196 147 3
196 149 3
196 150 3
196 153 3
196 156 3
196 157 3
196 158 3
196 160 3
196 161 3
196 162 3
196 166 3
196 172 3
196 177 3
196 178 3
196 180 3
196 186 3
196 187 3
196 192 3
196 193 3
196 194 3
196 196 3
197 2 3
197 3 3
197 7 3
197 8 3
197 9 3
197 11 3
197 12 3
197 17 3
197 19 3
197 24 3
197 25 3
197 27 3
197 29 3
197 33 3
197 34 3
197 35 3
197 37 3
197 41 3
197 42 3
197 43 3
197 45 3
197 47 3
197 48 3
197 50 3
197 51 3
197 52 3
197 53 3
197 55 3
197 56 3
197 57 3
197 64 3
197 67 3
197 69 3
197 76 3
197 81 3
197 82 3
197 86 3
197 87 3
197 88 3
197 89 3
197 90 3
197 94 3
197 96 3
197 98 3
197 100 3
197 101 3
197 103 3
197 104 3
197 106 3
197 112 3
197 114 3
197 115 3
197 117 3
197 119 3
197 120 3
197 121 3
197 126 3
197 127 3
197 137 3
197 146 3
197 147 3
197 155 3
197 157 3
197 161 3
197 162 3
197 163 3
197 165 3
197 167 3
197 174 3
197 178 3
197 182 3
197 183 3
197 187 3
197 191 3
197 192 3
197 193 3
197 195 3
197 197 3
198 3 3
198 9 3
198 11 3
198 14 3
198 16 3
198 17 3
198 19 3
198 20 3
198 24 3
198 26 3
198 30 3
198 31 3
198 34 3
198 35 3
198 38 3
198 41 3
198 42 3
198 45 3
198 50 3
198 53 3
198 54 3
198 55 3
198 57 3
198 61 3
198 63 3
198 68 3
198 70 3
198 71 3
198 74 3
198 75 3
198 80 3
198 81 3
198 83 3
198 86 3
198 89 3
198 91 3
198 92 3
198 94 3
198 95 3
198 96 3
198 102 3
198 106 3
198 111 3
198 112 3
198 113 3
198 118 3
198 119 3
198 123 3
198 125 3
198 126 3
198 130 3
198 131 3
198 133 3
198 135 3
198 136 3
198 142 3
198 146 3
198 148 3
198 149 3
198 150 3
198 152 3
198 153 3
198 154 3
198 156 3
198 159 3
198 160 3
198 161 3
198 162 3
198 163 3
198 174 3
198 176 3
198 178 3
198 182 3
198 185 3
198 193 3
198 195 3
198 197 3
198 198 3
199 1 3
199 3 3
199 4 3
199 6 3
199 7 3
199 11 3
199 12 3
199 13 3
199 14 3
199 16 3
199 17 3
199 18 3
199 22 3
199 28 3
199 29 3
199 30 3
199 33 3
199 38 3
199 41 3
199 42 3
199 44 3
199 45 3
199 48 3
199 54 3
199 55 3
199 59 3
199 61 3
199 62 3
199 67 3
199 70 3
199 73 3
199 74 3
199 75 3
199 76 3
199 80 3
199 81 3
199 88 3
199 89 3
199 91 3
199 94 3
199 95 3
199 96 3
199 97 3
199 103 3
199 105 3
199 106 3
199 113 3
199 114 3
199 120 3
199 121 3
199 123 3
199 125 3
199 128 3
199 130 3
199 132 3
199 134 3
199 137 3
199 138 3
199 139 3
199 140 3
199 142 3
199 146 3
199 147 3
199 150 3
199 154 3
199 156 3
199 161 3
199 162 3
199 163 3
199 164 3
199 168 3
199 169 3
199 171 3
199 172 3
199 176 3
199 178 3
199 182 3
199 183 3
199 184 3
199 187 3
199 189 3
199 191 3
199 192 3
199 195 3
199 197 3
199 198 3
