1 0 1
4 3 1
4 4 1
5 4 1
6 0 1
6 6 1
7 1 1
7 2 1
7 3 1
8 3 1
8 5 1
9 4 1
9 7 1
9 8 1
10 0 1
10 2 1
10 3 1
10 4 1
10 5 1
10 6 1
10 9 1
11 3 1
11 6 1
12 3 1
12 6 1
12 7 1
12 8 1
12 10 1
13 5 1
13 9 1
13 10 1
13 12 1
13 13 1
14 0 1
14 4 1
14 5 1
14 6 1
14 7 1
14 11 1
14 14 1
15 0 1
15 4 1
15 5 1
15 14 1
16 0 1
16 13 1
16 14 1
17 3 1
17 9 1
17 15 1
18 7 1
18 12 1
18 13 1
18 17 1
18 18 1
19 0 1
19 1 1
19 3 1
19 5 1
19 8 1
19 10 1
19 12 1
19 14 1
19 19 1
20 2 1
20 3 1
20 7 1
20 13 1
20 18 1
21 1 1
21 5 1
21 12 1
21 13 1
21 14 1
21 16 1
22 1 1
22 4 1
22 7 1
22 13 1
22 15 1
22 16 1
22 19 1
23 0 1
23 5 1
23 6 1
23 7 1
23 10 1
23 11 1
23 14 1
23 15 1
23 20 1
23 22 1
23 23 1
24 8 1
24 9 1
24 12 1
24 15 1
24 16 1
24 20 1
24 24 1
25 1 1
25 5 1
25 7 1
25 9 1
25 12 1
25 17 1
25 18 1
25 19 1
25 24 1
26 4 1
26 5 1
26 14 1
26 16 1
26 19 1
26 20 1
26 24 1
26 26 1
27 8 1
27 14 1
27 15 1
27 18 1
27 20 1
27 24 1
27 25 1
28 0 1
28 2 1
28 3 1
28 8 1
28 9 1
28 12 1
29 5 1
29 7 1
29 10 1
29 11 1
29 14 1
29 16 1
29 17 1
29 25 1
29 27 1
29 29 1
30 3 1
30 7 1
30 9 1
30 17 1
30 19 1
30 20 1
30 22 1
30 24 1
30 25 1
30 26 1
30 27 1
30 30 1
31 6 1
31 10 1
31 19 1
31 22 1
31 23 1
31 24 1
31 28 1
32 4 1
32 10 1
32 11 1
32 15 1
32 16 1
32 17 1
33 0 1
33 1 1
33 11 1
33 19 1
33 21 1
33 29 1
33 30 1
33 31 1
34 1 1
34 2 1
34 8 1
34 9 1
34 19 1
34 22 1
35 0 1
35 2 1
35 9 1
35 10 1
35 12 1
35 14 1
35 17 1
35 18 1
35 26 1
35 31 1
35 35 1
36 11 1
36 14 1
36 15 1
36 16 1
36 17 1
36 18 1
36 19 1
36 27 1
36 29 1
36 31 1
37 0 1
37 3 1
37 4 1
37 5 1
37 7 1
37 12 1
37 17 1
37 19 1
37 21 1
37 23 1
37 26 1
37 27 1
37 32 1
37 36 1
37 37 1
38 2 1
38 3 1
38 13 1
38 14 1
38 15 1
38 18 1
38 27 1
38 30 1
38 35 1
38 38 1
39 1 1
39 2 1
39 7 1
39 8 1
39 9 1
39 12 1
39 14 1
39 15 1
39 20 1
39 24 1
39 30 1
39 38 1
40 5 1
40 12 1
40 14 1
40 19 1
40 21 1
40 23 1
40 28 1
40 29 1
40 31 1
40 32 1
40 35 1
40 36 1
40 37 1
41 0 1
41 1 1
41 3 1
41 9 1
41 12 1
41 17 1
41 18 1
41 20 1
41 22 1
41 38 1
41 39 1
41 40 1
42 0 1
42 4 1
42 9 1
42 13 1
42 14 1
42 16 1
42 18 1
42 19 1
42 20 1
42 25 1
42 37 1
42 38 1
42 42 1
43 0 1
43 3 1
43 6 1
43 11 1
43 19 1
43 30 1
43 33 1
43 35 1
43 36 1
43 39 1
43 41 1
43 43 1
44 2 1
44 3 1
44 4 1
44 6 1
44 10 1
44 15 1
44 19 1
44 20 1
44 21 1
44 22 1
44 24 1
44 26 1
44 29 1
44 30 1
44 35 1
44 37 1
44 39 1
44 43 1
44 44 1
45 1 1
45 2 1
45 7 1
45 9 1
45 11 1
45 15 1
45 20 1
45 21 1
45 24 1
45 28 1
45 29 1
45 31 1
45 34 1
45 35 1
45 36 1
45 38 1
45 39 1
45 40 1
46 0 1
46 3 1
46 13 1
46 14 1
46 15 1
46 20 1
46 22 1
46 23 1
46 24 1
46 26 1
46 29 1
46 34 1
46 37 1
46 40 1
46 42 1
46 44 1
46 45 1
46 46 1
47 0 1
47 2 1
47 3 1
47 5 1
47 6 1
47 17 1
47 20 1
47 23 1
47 24 1
47 30 1
47 34 1
47 35 1
47 38 1
47 41 1
47 43 1
47 45 1
48 7 1
48 8 1
48 9 1
48 11 1
48 12 1
48 17 1
48 24 1
48 27 1
48 28 1
48 33 1
48 36 1
48 37 1
48 38 1
48 39 1
48 42 1
48 45 1
48 46 1
49 3 1
49 5 1
49 6 1
49 8 1
49 10 1
49 13 1
49 14 1
49 19 1
49 20 1
49 22 1
49 29 1
49 32 1
49 34 1
49 40 1
49 42 1
49 44 1
49 46 1
49 49 1
50 0 1
50 7 1
50 10 1
50 11 1
50 17 1
50 18 1
50 22 1
50 33 1
50 34 1
50 38 1
50 43 1
50 45 1
51 0 1
51 1 1
51 2 1
51 3 1
51 8 1
51 9 1
51 10 1
51 12 1
51 13 1
51 16 1
51 17 1
51 19 1
51 28 1
51 29 1
51 31 1
51 34 1
51 35 1
51 37 1
51 38 1
51 40 1
51 44 1
51 45 1
51 47 1
51 51 1
52 2 1
52 11 1
52 12 1
52 21 1
52 22 1
52 27 1
52 33 1
52 43 1
52 45 1
52 51 1
52 52 1
53 4 1
53 7 1
53 12 1
53 23 1
53 24 1
53 28 1
53 30 1
53 38 1
53 45 1
53 47 1
54 2 1
54 7 1
54 17 1
54 18 1
54 19 1
54 24 1
54 29 1
54 37 1
54 39 1
54 41 1
54 44 1
54 47 1
54 53 1
54 54 1
55 3 1
55 8 1
55 19 1
55 21 1
55 25 1
55 27 1
55 33 1
55 46 1
55 50 1
55 54 1
55 55 1
56 0 1
56 2 1
56 4 1
56 5 1
56 10 1
56 12 1
56 13 1
56 15 1
56 16 1
56 18 1
56 19 1
56 21 1
56 23 1
56 24 1
56 26 1
56 29 1
56 32 1
56 35 1
56 40 1
56 41 1
56 46 1
56 50 1
56 56 1
57 0 1
57 6 1
57 10 1
57 15 1
57 16 1
57 18 1
57 21 1
57 22 1
57 26 1
57 28 1
57 32 1
57 33 1
57 38 1
57 42 1
57 44 1
57 46 1
57 49 1
57 57 1
58 0 1
58 5 1
58 6 1
58 16 1
58 18 1
58 25 1
58 26 1
58 36 1
58 37 1
58 44 1
58 46 1
58 52 1
58 56 1
58 57 1
58 58 1
59 0 1
59 8 1
59 12 1
59 14 1
59 15 1
59 19 1
59 25 1
59 26 1
59 28 1
59 31 1
59 32 1
59 36 1
59 37 1
59 57 1
60 0 1
60 2 1
60 4 1
60 5 1
60 10 1
60 11 1
60 13 1
60 14 1
60 20 1
60 21 1
60 23 1
60 29 1
60 30 1
60 31 1
60 32 1
60 43 1
60 45 1
60 48 1
60 52 1
60 54 1
60 57 1
60 59 1
61 6 1
61 7 1
61 10 1
61 14 1
61 16 1
61 26 1
61 30 1
61 32 1
61 35 1
61 36 1
61 38 1
61 49 1
61 54 1
61 59 1
61 61 1
62 0 1
62 3 1
62 7 1
62 11 1
62 12 1
62 14 1
62 18 1
62 22 1
62 24 1
62 26 1
62 29 1
62 30 1
62 33 1
62 37 1
62 38 1
62 40 1
62 44 1
62 45 1
62 46 1
62 54 1
62 58 1
62 61 1
62 62 1
63 1 1
63 3 1
63 5 1
63 10 1
63 12 1
63 13 1
63 15 1
63 16 1
63 18 1
63 19 1
63 20 1
63 22 1
63 23 1
63 29 1
63 30 1
63 36 1
63 40 1
63 46 1
63 49 1
63 50 1
63 56 1
63 57 1
63 61 1
63 62 1
63 63 1
64 3 1
64 6 1
64 9 1
64 10 1
64 13 1
64 14 1
64 16 1
64 19 1
64 21 1
64 23 1
64 26 1
64 31 1
64 38 1
64 46 1
64 47 1
64 51 1
64 54 1
64 57 1
64 59 1
64 63 1
65 0 1
65 8 1
65 9 1
65 11 1
65 17 1
65 22 1
65 25 1
65 28 1
65 30 1
65 32 1
65 38 1
65 39 1
65 41 1
65 42 1
65 58 1
65 62 1
65 65 1
66 1 1
66 4 1
66 10 1
66 14 1
66 21 1
66 22 1
66 24 1
66 29 1
66 33 1
66 41 1
66 44 1
66 45 1
66 61 1
66 63 1
66 64 1
66 65 1
67 0 1
67 3 1
67 8 1
67 31 1
67 33 1
67 35 1
67 36 1
67 37 1
67 39 1
67 41 1
67 45 1
67 51 1
67 54 1
67 59 1
67 62 1
67 65 1
67 66 1
67 67 1
68 3 1
68 4 1
68 5 1
68 10 1
68 13 1
68 15 1
68 16 1
68 17 1
68 19 1
68 21 1
68 26 1
68 27 1
68 28 1
68 29 1
68 31 1
68 32 1
68 33 1
68 35 1
68 36 1
68 37 1
68 39 1
68 40 1
68 41 1
68 43 1
68 46 1
68 53 1
68 57 1
68 58 1
68 61 1
68 63 1
68 66 1
68 67 1
68 68 1
69 1 1
69 2 1
69 11 1
69 30 1
69 33 1
69 44 1
69 47 1
69 52 1
69 55 1
69 58 1
69 69 1
70 2 1
70 5 1
70 12 1
70 16 1
70 17 1
70 20 1
70 29 1
70 39 1
70 40 1
70 45 1
70 50 1
70 51 1
70 59 1
70 65 1
70 66 1
70 69 1
70 70 1
71 5 1
71 16 1
71 18 1
71 19 1
71 20 1
71 21 1
71 23 1
71 25 1
71 29 1
71 33 1
71 35 1
71 39 1
71 40 1
71 42 1
71 44 1
71 46 1
71 47 1
71 51 1
71 56 1
71 57 1
71 59 1
71 61 1
71 63 1
71 64 1
71 66 1
71 67 1
71 68 1
71 71 1
72 0 1
72 1 1
72 5 1
72 6 1
72 12 1
72 13 1
72 14 1
72 17 1
72 18 1
72 23 1
72 26 1
72 28 1
72 29 1
72 31 1
72 32 1
72 33 1
72 35 1
72 36 1
72 38 1
72 40 1
72 41 1
72 43 1
72 44 1
72 46 1
72 48 1
72 52 1
72 56 1
72 57 1
72 58 1
72 59 1
72 61 1
72 66 1
72 67 1
72 70 1
72 72 1
73 4 1
73 12 1
73 13 1
73 17 1
73 18 1
73 23 1
73 25 1
73 28 1
73 30 1
73 35 1
73 38 1
73 39 1
73 40 1
73 49 1
73 51 1
73 53 1
73 54 1
73 65 1
73 73 1
74 0 1
74 3 1
74 9 1
74 12 1
74 14 1
74 20 1
74 27 1
74 32 1
74 39 1
74 41 1
74 46 1
74 47 1
74 48 1
74 51 1
74 53 1
74 54 1
74 57 1
74 62 1
74 68 1
74 70 1
74 73 1
74 74 1
75 2 1
75 3 1
75 17 1
75 22 1
75 24 1
75 28 1
75 33 1
75 35 1
75 38 1
75 40 1
75 45 1
75 47 1
75 52 1
75 53 1
75 55 1
75 57 1
75 58 1
75 62 1
75 63 1
75 64 1
75 66 1
75 75 1
76 6 1
76 7 1
76 8 1
76 16 1
76 25 1
76 30 1
76 33 1
76 41 1
76 47 1
76 50 1
76 51 1
76 53 1
76 54 1
76 62 1
76 63 1
76 69 1
76 70 1
76 74 1
77 0 1
77 1 1
77 4 1
77 5 1
77 7 1
77 10 1
77 11 1
77 12 1
77 13 1
77 15 1
77 19 1
77 20 1
77 25 1
77 26 1
77 29 1
77 31 1
77 33 1
77 36 1
77 37 1
77 40 1
77 42 1
77 45 1
77 48 1
77 49 1
77 59 1
77 60 1
77 61 1
77 64 1
77 71 1
77 75 1
77 76 1
78 0 1
78 2 1
78 6 1
78 8 1
78 10 1
78 16 1
78 19 1
78 22 1
78 23 1
78 27 1
78 36 1
78 37 1
78 40 1
78 42 1
78 46 1
78 53 1
78 61 1
78 65 1
78 71 1
78 72 1
78 75 1
78 76 1
78 77 1
78 78 1
79 1 1
79 3 1
79 5 1
79 6 1
79 15 1
79 23 1
79 26 1
79 29 1
79 35 1
79 36 1
79 40 1
79 41 1
79 52 1
79 53 1
79 58 1
79 60 1
79 61 1
79 63 1
79 66 1
79 70 1
79 71 1
79 76 1
79 78 1
79 79 1
80 1 1
80 3 1
80 21 1
80 22 1
80 23 1
80 24 1
80 27 1
80 28 1
80 34 1
80 38 1
80 41 1
80 45 1
80 48 1
80 49 1
80 52 1
80 53 1
80 56 1
80 58 1
80 60 1
80 62 1
80 68 1
80 70 1
80 75 1
80 77 1
80 79 1
81 1 1
81 3 1
81 12 1
81 14 1
81 17 1
81 20 1
81 24 1
81 25 1
81 33 1
81 38 1
81 39 1
81 44 1
81 45 1
81 48 1
81 52 1
81 53 1
81 59 1
81 60 1
81 62 1
81 63 1
81 68 1
81 69 1
81 75 1
81 76 1
81 80 1
82 4 1
82 6 1
82 7 1
82 9 1
82 11 1
82 14 1
82 15 1
82 17 1
82 18 1
82 21 1
82 26 1
82 31 1
82 32 1
82 45 1
82 46 1
82 48 1
82 49 1
82 52 1
82 55 1
82 57 1
82 58 1
82 61 1
82 66 1
82 70 1
82 71 1
82 72 1
82 77 1
82 78 1
82 80 1
83 6 1
83 14 1
83 15 1
83 16 1
83 18 1
83 19 1
83 21 1
83 22 1
83 23 1
83 29 1
83 36 1
83 40 1
83 43 1
83 48 1
83 49 1
83 51 1
83 57 1
83 59 1
83 65 1
83 70 1
83 71 1
83 74 1
83 75 1
83 77 1
84 0 1
84 6 1
84 14 1
84 17 1
84 19 1
84 21 1
84 24 1
84 28 1
84 31 1
84 37 1
84 40 1
84 42 1
84 46 1
84 49 1
84 54 1
84 55 1
84 59 1
84 66 1
84 67 1
84 68 1
84 71 1
84 74 1
84 77 1
84 79 1
84 82 1
84 83 1
85 6 1
85 13 1
85 14 1
85 15 1
85 21 1
85 29 1
85 31 1
85 32 1
85 34 1
85 41 1
85 44 1
85 45 1
85 46 1
85 52 1
85 55 1
85 57 1
85 61 1
85 66 1
85 71 1
85 72 1
85 75 1
85 78 1
85 83 1
86 6 1
86 8 1
86 9 1
86 12 1
86 14 1
86 18 1
86 20 1
86 21 1
86 24 1
86 25 1
86 28 1
86 30 1
86 46 1
86 47 1
86 48 1
86 51 1
86 53 1
86 62 1
86 63 1
86 65 1
86 67 1
86 69 1
86 70 1
86 72 1
86 76 1
86 78 1
86 80 1
86 81 1
86 82 1
86 83 1
87 2 1
87 6 1
87 10 1
87 11 1
87 13 1
87 20 1
87 22 1
87 23 1
87 24 1
87 25 1
87 29 1
87 32 1
87 33 1
87 35 1
87 36 1
87 37 1
87 40 1
87 46 1
87 55 1
87 61 1
87 62 1
87 75 1
87 76 1
87 80 1
87 84 1
88 3 1
88 7 1
88 8 1
88 12 1
88 13 1
88 16 1
88 17 1
88 19 1
88 20 1
88 25 1
88 27 1
88 28 1
88 33 1
88 35 1
88 38 1
88 39 1
88 44 1
88 47 1
88 48 1
88 49 1
88 53 1
88 54 1
88 62 1
88 67 1
88 73 1
88 74 1
88 76 1
88 78 1
88 83 1
88 85 1
89 2 1
89 3 1
89 6 1
89 12 1
89 14 1
89 21 1
89 24 1
89 26 1
89 30 1
89 35 1
89 36 1
89 38 1
89 41 1
89 42 1
89 43 1
89 45 1
89 48 1
89 50 1
89 51 1
89 53 1
89 63 1
89 67 1
89 69 1
89 70 1
89 74 1
89 76 1
89 79 1
89 81 1
89 84 1
89 86 1
89 87 1
89 88 1
89 89 1
90 0 1
90 7 1
90 9 1
90 13 1
90 15 1
90 19 1
90 21 1
90 22 1
90 26 1
90 31 1
90 32 1
90 36 1
90 40 1
90 49 1
90 54 1
90 56 1
90 57 1
90 67 1
90 68 1
90 69 1
90 76 1
90 79 1
90 81 1
90 83 1
90 90 1
91 1 1
91 3 1
91 13 1
91 18 1
91 20 1
91 25 1
91 28 1
91 33 1
91 36 1
91 38 1
91 39 1
91 43 1
91 48 1
91 50 1
91 51 1
91 54 1
91 55 1
91 65 1
91 66 1
91 67 1
91 68 1
91 70 1
91 73 1
91 75 1
91 79 1
91 80 1
91 81 1
91 82 1
91 89 1
92 0 1
92 1 1
92 3 1
92 4 1
92 7 1
92 8 1
92 12 1
92 17 1
92 19 1
92 20 1
92 25 1
92 28 1
92 29 1
92 30 1
92 44 1
92 50 1
92 54 1
92 62 1
92 67 1
92 70 1
92 73 1
92 80 1
92 86 1
92 88 1
92 91 1
92 92 1
93 1 1
93 3 1
93 8 1
93 17 1
93 27 1
93 30 1
93 34 1
93 36 1
93 41 1
93 45 1
93 54 1
93 58 1
93 60 1
93 62 1
93 64 1
93 72 1
93 75 1
93 76 1
93 78 1
93 84 1
93 87 1
93 91 1
93 92 1
94 2 1
94 6 1
94 7 1
94 9 1
94 11 1
94 12 1
94 14 1
94 17 1
94 21 1
94 29 1
94 32 1
94 34 1
94 53 1
94 57 1
94 62 1
94 67 1
94 69 1
94 70 1
94 73 1
94 74 1
94 75 1
94 80 1
94 81 1
94 86 1
94 88 1
94 91 1
94 93 1
94 94 1
95 3 1
95 6 1
95 7 1
95 8 1
95 12 1
95 13 1
95 20 1
95 27 1
95 38 1
95 41 1
95 46 1
95 47 1
95 51 1
95 59 1
95 62 1
95 65 1
95 69 1
95 70 1
95 73 1
95 74 1
95 75 1
95 77 1
95 79 1
95 80 1
95 86 1
95 87 1
95 92 1
95 93 1
96 2 1
96 3 1
96 5 1
96 7 1
96 11 1
96 13 1
96 15 1
96 24 1
96 26 1
96 27 1
96 31 1
96 33 1
96 34 1
96 44 1
96 45 1
96 47 1
96 51 1
96 53 1
96 56 1
96 57 1
96 61 1
96 62 1
96 63 1
96 70 1
96 74 1
96 75 1
96 77 1
96 80 1
96 81 1
96 83 1
96 86 1
96 88 1
96 92 1
96 94 1
96 96 1
97 12 1
97 19 1
97 22 1
97 23 1
97 24 1
97 27 1
97 30 1
97 31 1
97 38 1
97 42 1
97 45 1
97 47 1
97 49 1
97 54 1
97 65 1
97 70 1
97 72 1
97 75 1
97 80 1
97 83 1
97 86 1
97 88 1
97 89 1
98 6 1
98 14 1
98 15 1
98 16 1
98 18 1
98 21 1
98 23 1
98 24 1
98 26 1
98 29 1
98 30 1
98 31 1
98 34 1
98 35 1
98 36 1
98 39 1
98 42 1
98 44 1
98 46 1
98 49 1
98 50 1
98 51 1
98 53 1
98 56 1
98 61 1
98 63 1
98 66 1
98 69 1
98 71 1
98 72 1
98 73 1
98 74 1
98 77 1
98 78 1
98 79 1
98 82 1
98 85 1
98 93 1
98 94 1
98 96 1
99 6 1
99 9 1
99 10 1
99 15 1
99 19 1
99 26 1
99 28 1
99 32 1
99 37 1
99 38 1
99 39 1
99 40 1
99 44 1
99 45 1
99 46 1
99 47 1
99 49 1
99 51 1
99 57 1
99 58 1
99 59 1
99 60 1
99 63 1
99 66 1
99 68 1
99 69 1
99 72 1
99 73 1
99 78 1
99 83 1
99 84 1
99 90 1
99 95 1
99 96 1
99 98 1
100 0 1
100 2 1
100 3 1
100 4 1
100 6 1
100 16 1
100 19 1
100 20 1
100 23 1
100 25 1
100 28 1
100 30 1
100 32 1
100 36 1
100 38 1
100 40 1
100 41 1
100 44 1
100 46 1
100 50 1
100 54 1
100 57 1
100 58 1
100 59 1
100 67 1
100 68 1
100 71 1
100 77 1
100 79 1
100 81 1
100 90 1
100 92 1
100 93 1
100 99 1
101 2 1
101 6 1
101 8 1
101 9 1
101 14 1
101 17 1
101 21 1
101 22 1
101 24 1
101 28 1
101 35 1
101 36 1
101 38 1
101 39 1
101 41 1
101 43 1
101 45 1
101 48 1
101 51 1
101 53 1
101 70 1
101 74 1
101 75 1
101 76 1
101 81 1
101 87 1
101 90 1
101 91 1
101 92 1
101 93 1
101 95 1
101 98 1
102 1 1
102 4 1
102 8 1
102 10 1
102 12 1
102 15 1
102 16 1
102 23 1
102 24 1
102 35 1
102 36 1
102 37 1
102 40 1
102 42 1
102 48 1
102 55 1
102 57 1
102 59 1
102 64 1
102 68 1
102 69 1
102 71 1
102 75 1
102 80 1
102 81 1
102 82 1
102 85 1
102 87 1
102 95 1
102 96 1
102 97 1
102 98 1
103 0 1
103 3 1
103 8 1
103 12 1
103 14 1
103 17 1
103 18 1
103 20 1
103 24 1
103 25 1
103 26 1
103 34 1
103 41 1
103 43 1
103 51 1
103 52 1
103 57 1
103 62 1
103 63 1
103 67 1
103 68 1
103 69 1
103 70 1
103 71 1
103 73 1
103 75 1
103 79 1
103 80 1
103 86 1
103 87 1
103 88 1
103 89 1
103 91 1
103 92 1
103 96 1
103 97 1
103 99 1
103 100 1
103 103 1
104 9 1
104 10 1
104 13 1
104 18 1
104 24 1
104 28 1
104 32 1
104 35 1
104 41 1
104 44 1
104 48 1
104 53 1
104 57 1
104 59 1
104 62 1
104 75 1
104 76 1
104 81 1
104 82 1
104 89 1
104 95 1
104 96 1
104 101 1
104 104 1
105 0 1
105 2 1
105 4 1
105 10 1
105 13 1
105 14 1
105 18 1
105 19 1
105 21 1
105 22 1
105 24 1
105 27 1
105 32 1
105 37 1
105 42 1
105 44 1
105 46 1
105 54 1
105 56 1
105 57 1
105 58 1
105 61 1
105 64 1
105 79 1
105 89 1
105 90 1
105 91 1
105 94 1
105 97 1
105 99 1
105 101 1
106 2 1
106 3 1
106 7 1
106 12 1
106 17 1
106 18 1
106 25 1
106 28 1
106 33 1
106 38 1
106 47 1
106 48 1
106 51 1
106 55 1
106 58 1
106 61 1
106 62 1
106 63 1
106 67 1
106 70 1
106 74 1
106 75 1
106 76 1
106 82 1
106 83 1
106 87 1
106 90 1
106 93 1
106 97 1
106 101 1
106 103 1
107 1 1
107 9 1
107 14 1
107 18 1
107 27 1
107 30 1
107 31 1
107 37 1
107 38 1
107 39 1
107 41 1
107 45 1
107 47 1
107 56 1
107 62 1
107 65 1
107 68 1
107 75 1
107 82 1
107 87 1
107 88 1
107 89 1
107 92 1
107 93 1
107 95 1
107 96 1
107 99 1
107 103 1
108 5 1
108 14 1
108 16 1
108 20 1
108 21 1
108 25 1
108 29 1
108 30 1
108 31 1
108 35 1
108 41 1
108 48 1
108 49 1
108 50 1
108 52 1
108 58 1
108 60 1
108 61 1
108 63 1
108 68 1
108 77 1
108 78 1
108 80 1
108 83 1
108 90 1
108 94 1
108 98 1
108 99 1
108 100 1
108 102 1
109 6 1
109 13 1
109 14 1
109 17 1
109 19 1
109 22 1
109 23 1
109 31 1
109 33 1
109 37 1
109 39 1
109 46 1
109 56 1
109 58 1
109 59 1
109 67 1
109 68 1
109 70 1
109 72 1
109 78 1
109 79 1
109 82 1
109 84 1
109 88 1
109 91 1
109 94 1
109 95 1
109 96 1
109 98 1
109 102 1
109 108 1
110 0 1
110 1 1
110 6 1
110 7 1
110 9 1
110 10 1
110 14 1
110 15 1
110 21 1
110 23 1
110 28 1
110 32 1
110 36 1
110 42 1
110 46 1
110 47 1
110 49 1
110 50 1
110 57 1
110 60 1
110 62 1
110 63 1
110 64 1
110 68 1
110 71 1
110 78 1
110 82 1
110 84 1
110 85 1
110 88 1
110 90 1
110 99 1
110 102 1
110 104 1
110 109 1
111 12 1
111 14 1
111 16 1
111 18 1
111 19 1
111 21 1
111 22 1
111 24 1
111 25 1
111 27 1
111 29 1
111 36 1
111 44 1
111 49 1
111 54 1
111 59 1
111 71 1
111 76 1
111 77 1
111 82 1
111 103 1
111 104 1
111 109 1
112 0 1
112 1 1
112 4 1
112 13 1
112 19 1
112 34 1
112 38 1
112 39 1
112 41 1
112 43 1
112 44 1
112 46 1
112 47 1
112 51 1
112 54 1
112 58 1
112 60 1
112 64 1
112 69 1
112 73 1
112 74 1
112 79 1
112 80 1
112 82 1
112 83 1
112 85 1
112 88 1
112 91 1
112 92 1
112 93 1
112 101 1
112 102 1
112 107 1
112 108 1
112 110 1
113 0 1
113 3 1
113 6 1
113 13 1
113 15 1
113 18 1
113 20 1
113 24 1
113 27 1
113 32 1
113 36 1
113 42 1
113 45 1
113 47 1
113 53 1
113 59 1
113 62 1
113 65 1
113 70 1
113 75 1
113 76 1
113 77 1
113 82 1
113 83 1
113 87 1
113 92 1
113 94 1
113 100 1
113 101 1
113 103 1
113 105 1
113 107 1
113 108 1
113 109 1
113 110 1
113 112 1
113 113 1
114 5 1
114 7 1
114 8 1
114 9 1
114 22 1
114 28 1
114 33 1
114 34 1
114 37 1
114 38 1
114 41 1
114 43 1
114 45 1
114 48 1
114 49 1
114 51 1
114 53 1
114 54 1
114 55 1
114 63 1
114 64 1
114 65 1
114 71 1
114 72 1
114 73 1
114 87 1
114 88 1
114 91 1
114 92 1
114 97 1
114 100 1
114 101 1
114 104 1
114 107 1
114 114 1
115 1 1
115 3 1
115 7 1
115 9 1
115 10 1
115 18 1
115 22 1
115 24 1
115 26 1
115 28 1
115 33 1
115 37 1
115 39 1
115 41 1
115 45 1
115 47 1
115 49 1
115 51 1
115 54 1
115 58 1
115 62 1
115 63 1
115 69 1
115 71 1
115 75 1
115 76 1
115 77 1
115 80 1
115 86 1
115 87 1
115 89 1
115 93 1
115 94 1
115 98 1
115 101 1
115 104 1
115 106 1
115 108 1
115 114 1
115 115 1
116 2 1
116 7 1
116 8 1
116 11 1
116 12 1
116 16 1
116 19 1
116 20 1
116 25 1
116 29 1
116 30 1
116 39 1
116 40 1
116 45 1
116 46 1
116 48 1
116 55 1
116 61 1
116 65 1
116 67 1
116 75 1
116 79 1
116 81 1
116 87 1
116 88 1
116 89 1
116 92 1
116 93 1
116 95 1
116 97 1
116 103 1
116 108 1
116 110 1
116 113 1
116 116 1
117 0 1
117 4 1
117 5 1
117 6 1
117 8 1
117 10 1
117 13 1
117 14 1
117 18 1
117 19 1
117 23 1
117 26 1
117 37 1
117 41 1
117 42 1
117 46 1
117 48 1
117 57 1
117 58 1
117 59 1
117 60 1
117 63 1
117 64 1
117 66 1
117 71 1
117 72 1
117 73 1
117 77 1
117 78 1
117 79 1
117 82 1
117 86 1
117 90 1
117 92 1
117 98 1
117 107 1
117 112 1
118 0 1
118 2 1
118 6 1
118 8 1
118 15 1
118 16 1
118 20 1
118 26 1
118 30 1
118 35 1
118 36 1
118 41 1
118 42 1
118 47 1
118 48 1
118 49 1
118 65 1
118 66 1
118 67 1
118 68 1
118 71 1
118 73 1
118 75 1
118 76 1
118 81 1
118 83 1
118 86 1
118 89 1
118 91 1
118 93 1
118 94 1
118 95 1
118 97 1
118 98 1
118 103 1
118 105 1
118 107 1
118 108 1
118 109 1
118 111 1
118 113 1
118 114 1
118 116 1
118 118 1
119 4 1
119 9 1
119 11 1
119 17 1
119 21 1
119 23 1
119 24 1
119 34 1
119 36 1
119 42 1
119 48 1
119 51 1
119 56 1
119 64 1
119 65 1
119 66 1
119 67 1
119 68 1
119 71 1
119 75 1
119 76 1
119 79 1
119 81 1
119 85 1
119 90 1
119 91 1
119 94 1
119 95 1
119 96 1
119 99 1
119 106 1
119 114 1
119 116 1
119 118 1
120 0 1
120 1 1
120 4 1
120 5 1
120 9 1
120 10 1
120 13 1
120 17 1
120 20 1
120 26 1
120 34 1
120 39 1
120 42 1
120 47 1
120 48 1
120 54 1
120 55 1
120 57 1
120 58 1
120 59 1
120 69 1
120 71 1
120 84 1
120 86 1
120 87 1
120 89 1
120 90 1
120 94 1
120 95 1
120 97 1
120 99 1
120 102 1
120 105 1
120 113 1
120 114 1
120 116 1
120 118 1
121 2 1
121 3 1
121 5 1
121 6 1
121 7 1
121 8 1
121 9 1
121 12 1
121 17 1
121 18 1
121 22 1
121 24 1
121 30 1
121 31 1
121 32 1
121 36 1
121 45 1
121 47 1
121 48 1
121 51 1
121 53 1
121 54 1
121 65 1
121 67 1
121 70 1
121 73 1
121 75 1
121 76 1
121 86 1
121 87 1
121 89 1
121 91 1
121 95 1
121 97 1
121 103 1
121 110 1
121 112 1
121 113 1
121 115 1
121 118 1
121 119 1
121 120 1
122 1 1
122 4 1
122 7 1
122 13 1
122 15 1
122 19 1
122 21 1
122 22 1
122 27 1
122 29 1
122 31 1
122 32 1
122 36 1
122 37 1
122 43 1
122 49 1
122 50 1
122 56 1
122 58 1
122 63 1
122 65 1
122 66 1
122 70 1
122 71 1
122 77 1
122 78 1
122 82 1
122 83 1
122 84 1
122 85 1
122 95 1
122 98 1
122 99 1
122 109 1
122 115 1
122 117 1
122 121 1
122 122 1
123 2 1
123 3 1
123 4 1
123 5 1
123 6 1
123 10 1
123 13 1
123 19 1
123 22 1
123 23 1
123 31 1
123 32 1
123 44 1
123 49 1
123 55 1
123 58 1
123 63 1
123 65 1
123 68 1
123 71 1
123 72 1
123 73 1
123 83 1
123 85 1
123 86 1
123 90 1
123 98 1
123 100 1
123 103 1
123 116 1
123 117 1
123 122 1
124 0 1
124 4 1
124 5 1
124 11 1
124 14 1
124 15 1
124 17 1
124 20 1
124 21 1
124 22 1
124 26 1
124 29 1
124 31 1
124 35 1
124 44 1
124 47 1
124 52 1
124 53 1
124 55 1
124 57 1
124 60 1
124 61 1
124 62 1
124 66 1
124 68 1
124 77 1
124 78 1
124 83 1
124 84 1
124 85 1
124 91 1
124 97 1
124 98 1
124 100 1
124 105 1
124 108 1
124 109 1
124 111 1
124 112 1
124 113 1
124 116 1
124 121 1
124 122 1
125 3 1
125 4 1
125 5 1
125 7 1
125 18 1
125 20 1
125 39 1
125 41 1
125 43 1
125 45 1
125 48 1
125 51 1
125 56 1
125 60 1
125 62 1
125 63 1
125 67 1
125 70 1
125 73 1
125 76 1
125 78 1
125 79 1
125 83 1
125 88 1
125 91 1
125 92 1
125 96 1
125 99 1
125 101 1
125 107 1
125 110 1
125 114 1
125 116 1
125 121 1
126 2 1
126 3 1
126 7 1
126 8 1
126 13 1
126 18 1
126 20 1
126 22 1
126 29 1
126 39 1
126 44 1
126 45 1
126 46 1
126 48 1
126 49 1
126 50 1
126 65 1
126 67 1
126 68 1
126 70 1
126 72 1
126 76 1
126 79 1
126 84 1
126 87 1
126 91 1
126 92 1
126 95 1
126 97 1
126 101 1
126 105 1
126 111 1
126 115 1
126 118 1
126 120 1
126 121 1
126 122 1
126 124 1
126 125 1
127 2 1
127 3 1
127 5 1
127 13 1
127 14 1
127 15 1
127 17 1
127 21 1
127 27 1
127 33 1
127 35 1
127 39 1
127 40 1
127 45 1
127 47 1
127 48 1
127 55 1
127 57 1
127 62 1
127 69 1
127 70 1
127 71 1
127 73 1
127 76 1
127 77 1
127 80 1
127 81 1
127 85 1
127 87 1
127 96 1
127 99 1
127 101 1
127 106 1
127 111 1
127 114 1
127 118 1
127 120 1
127 125 1
127 127 1
128 1 1
128 3 1
128 4 1
128 13 1
128 15 1
128 16 1
128 20 1
128 22 1
128 23 1
128 26 1
128 27 1
128 31 1
128 40 1
128 44 1
128 46 1
128 49 1
128 50 1
128 59 1
128 60 1
128 63 1
128 68 1
128 69 1
128 71 1
128 77 1
128 79 1
128 82 1
128 85 1
128 87 1
128 90 1
128 100 1
128 107 1
128 108 1
128 111 1
128 117 1
128 119 1
128 123 1
128 126 1
128 128 1
129 2 1
129 3 1
129 4 1
129 7 1
129 8 1
129 11 1
129 16 1
129 17 1
129 18 1
129 20 1
129 26 1
129 27 1
129 37 1
129 38 1
129 39 1
129 45 1
129 46 1
129 48 1
129 51 1
129 52 1
129 64 1
129 67 1
129 79 1
129 80 1
129 87 1
129 89 1
129 94 1
129 96 1
129 97 1
129 101 1
129 103 1
129 106 1
129 109 1
129 113 1
129 125 1
129 127 1
129 129 1
130 1 1
130 2 1
130 6 1
130 8 1
130 13 1
130 17 1
130 18 1
130 20 1
130 25 1
130 27 1
130 32 1
130 35 1
130 38 1
130 41 1
130 44 1
130 47 1
130 48 1
130 50 1
130 55 1
130 59 1
130 65 1
130 70 1
130 71 1
130 72 1
130 74 1
130 80 1
130 81 1
130 87 1
130 88 1
130 89 1
130 97 1
130 103 1
130 105 1
130 113 1
130 115 1
130 118 1
130 121 1
130 124 1
130 125 1
130 130 1
131 0 1
131 5 1
131 15 1
131 19 1
131 21 1
131 29 1
131 31 1
131 32 1
131 36 1
131 37 1
131 39 1
131 40 1
131 42 1
131 43 1
131 46 1
131 47 1
131 50 1
131 53 1
131 56 1
131 58 1
131 62 1
131 64 1
131 68 1
131 71 1
131 72 1
131 82 1
131 84 1
131 85 1
131 86 1
131 92 1
131 93 1
131 98 1
131 100 1
131 103 1
131 109 1
131 110 1
131 111 1
131 119 1
131 123 1
131 124 1
131 130 1
132 0 1
132 4 1
132 6 1
132 9 1
132 10 1
132 12 1
132 19 1
132 22 1
132 23 1
132 26 1
132 28 1
132 30 1
132 31 1
132 35 1
132 38 1
132 44 1
132 55 1
132 57 1
132 58 1
132 59 1
132 61 1
132 63 1
132 66 1
132 68 1
132 71 1
132 79 1
132 81 1
132 83 1
132 84 1
132 90 1
132 99 1
132 100 1
132 105 1
132 108 1
132 109 1
132 110 1
132 111 1
132 112 1
132 120 1
132 121 1
132 122 1
132 125 1
132 128 1
132 131 1
133 0 1
133 10 1
133 12 1
133 13 1
133 15 1
133 21 1
133 24 1
133 36 1
133 39 1
133 44 1
133 46 1
133 47 1
133 49 1
133 55 1
133 56 1
133 62 1
133 64 1
133 69 1
133 73 1
133 74 1
133 77 1
133 85 1
133 90 1
133 91 1
133 98 1
133 99 1
133 100 1
133 105 1
133 109 1
133 110 1
133 115 1
133 124 1
133 128 1
133 131 1
133 132 1
134 1 1
134 7 1
134 9 1
134 12 1
134 14 1
134 24 1
134 40 1
134 41 1
134 43 1
134 46 1
134 48 1
134 52 1
134 60 1
134 66 1
134 67 1
134 73 1
134 88 1
134 98 1
134 104 1
134 107 1
134 130 1
134 131 1
135 0 1
135 4 1
135 5 1
135 13 1
135 21 1
135 23 1
135 25 1
135 27 1
135 31 1
135 32 1
135 33 1
135 34 1
135 36 1
135 39 1
135 42 1
135 46 1
135 49 1
135 52 1
135 54 1
135 55 1
135 57 1
135 58 1
135 60 1
135 61 1
135 63 1
135 68 1
135 71 1
135 72 1
135 73 1
135 77 1
135 79 1
135 89 1
135 90 1
135 96 1
135 103 1
135 104 1
135 109 1
135 110 1
135 111 1
135 112 1
135 114 1
135 122 1
135 131 1
135 132 1
135 135 1
136 0 1
136 3 1
136 10 1
136 11 1
136 12 1
136 17 1
136 20 1
136 24 1
136 25 1
136 27 1
136 32 1
136 35 1
136 42 1
136 44 1
136 45 1
136 48 1
136 50 1
136 53 1
136 54 1
136 59 1
136 60 1
136 64 1
136 67 1
136 68 1
136 70 1
136 87 1
136 89 1
136 90 1
136 92 1
136 93 1
136 108 1
136 109 1
136 113 1
136 115 1
136 116 1
136 119 1
136 120 1
136 125 1
136 126 1
136 129 1
136 130 1
136 131 1
137 5 1
137 6 1
137 7 1
137 8 1
137 9 1
137 14 1
137 25 1
137 30 1
137 34 1
137 35 1
137 40 1
137 44 1
137 45 1
137 47 1
137 51 1
137 54 1
137 55 1
137 65 1
137 66 1
137 75 1
137 76 1
137 80 1
137 84 1
137 85 1
137 86 1
137 89 1
137 93 1
137 95 1
137 96 1
137 97 1
137 98 1
137 99 1
137 101 1
137 103 1
137 104 1
137 112 1
137 116 1
137 119 1
137 121 1
137 124 1
137 128 1
137 130 1
137 134 1
137 136 1
137 137 1
138 0 1
138 4 1
138 6 1
138 10 1
138 12 1
138 16 1
138 21 1
138 22 1
138 23 1
138 32 1
138 35 1
138 40 1
138 43 1
138 46 1
138 47 1
138 50 1
138 53 1
138 57 1
138 60 1
138 61 1
138 66 1
138 71 1
138 75 1
138 76 1
138 78 1
138 80 1
138 89 1
138 90 1
138 92 1
138 93 1
138 97 1
138 100 1
138 102 1
138 105 1
138 108 1
138 109 1
138 110 1
138 118 1
138 119 1
138 121 1
138 123 1
138 124 1
138 135 1
139 2 1
139 3 1
139 4 1
139 10 1
139 11 1
139 22 1
139 24 1
139 28 1
139 31 1
139 33 1
139 35 1
139 38 1
139 41 1
139 42 1
139 49 1
139 52 1
139 55 1
139 59 1
139 60 1
139 62 1
139 67 1
139 69 1
139 72 1
139 81 1
139 84 1
139 86 1
139 89 1
139 96 1
139 101 1
139 105 1
139 125 1
139 126 1
139 132 1
139 134 1
140 1 1
140 6 1
140 9 1
140 11 1
140 22 1
140 25 1
140 29 1
140 31 1
140 39 1
140 40 1
140 48 1
140 51 1
140 55 1
140 59 1
140 64 1
140 67 1
140 69 1
140 77 1
140 83 1
140 91 1
140 92 1
140 93 1
140 96 1
140 98 1
140 99 1
140 102 1
140 103 1
140 112 1
140 125 1
140 126 1
140 128 1
140 133 1
140 139 1
140 140 1
141 6 1
141 10 1
141 19 1
141 31 1
141 36 1
141 40 1
141 42 1
141 43 1
141 44 1
141 45 1
141 46 1
141 51 1
141 56 1
141 57 1
141 60 1
141 61 1
141 64 1
141 66 1
141 67 1
141 68 1
141 76 1
141 77 1
141 78 1
141 79 1
141 83 1
141 84 1
141 85 1
141 90 1
141 93 1
141 96 1
141 98 1
141 99 1
141 100 1
141 101 1
141 102 1
141 104 1
141 105 1
141 106 1
141 110 1
141 111 1
141 124 1
141 127 1
141 131 1
141 136 1
141 139 1
142 6 1
142 7 1
142 8 1
142 10 1
142 11 1
142 17 1
142 18 1
142 20 1
142 29 1
142 33 1
142 35 1
142 38 1
142 39 1
142 44 1
142 47 1
142 54 1
142 56 1
142 66 1
142 68 1
142 73 1
142 78 1
142 82 1
142 89 1
142 90 1
142 94 1
142 95 1
142 96 1
142 101 1
142 102 1
142 103 1
142 105 1
142 106 1
142 113 1
142 116 1
142 118 1
142 120 1
142 123 1
142 126 1
142 127 1
142 129 1
142 137 1
143 4 1
143 5 1
143 6 1
143 22 1
143 23 1
143 29 1
143 31 1
143 36 1
143 37 1
143 39 1
143 40 1
143 43 1
143 44 1
143 57 1
143 58 1
143 60 1
143 62 1
143 65 1
143 68 1
143 78 1
143 79 1
143 82 1
143 83 1
143 85 1
143 87 1
143 88 1
143 90 1
143 105 1
143 109 1
143 111 1
143 117 1
143 119 1
143 122 1
143 124 1
143 125 1
143 128 1
143 131 1
143 132 1
143 133 1
143 140 1
143 143 1
144 0 1
144 6 1
144 11 1
144 13 1
144 14 1
144 16 1
144 17 1
144 19 1
144 22 1
144 41 1
144 44 1
144 46 1
144 47 1
144 49 1
144 56 1
144 58 1
144 60 1
144 61 1
144 63 1
144 64 1
144 66 1
144 68 1
144 71 1
144 72 1
144 77 1
144 84 1
144 85 1
144 87 1
144 88 1
144 90 1
144 100 1
144 104 1
144 107 1
144 108 1
144 110 1
144 111 1
144 115 1
144 117 1
144 119 1
144 122 1
144 124 1
144 126 1
144 127 1
144 140 1
145 0 1
145 5 1
145 6 1
145 10 1
145 11 1
145 13 1
145 17 1
145 18 1
145 19 1
145 26 1
145 37 1
145 40 1
145 44 1
145 49 1
145 55 1
145 58 1
145 61 1
145 65 1
145 66 1
145 68 1
145 72 1
145 78 1
145 79 1
145 82 1
145 83 1
145 84 1
145 88 1
145 89 1
145 100 1
145 101 1
145 102 1
145 104 1
145 105 1
145 107 1
145 108 1
145 109 1
145 111 1
145 113 1
145 120 1
145 123 1
145 124 1
145 131 1
145 134 1
146 7 1
146 8 1
146 12 1
146 13 1
146 17 1
146 21 1
146 26 1
146 28 1
146 29 1
146 36 1
146 45 1
146 47 1
146 48 1
146 52 1
146 54 1
146 61 1
146 65 1
146 66 1
146 67 1
146 72 1
146 73 1
146 74 1
146 75 1
146 84 1
146 86 1
146 88 1
146 89 1
146 92 1
146 94 1
146 95 1
146 97 1
146 98 1
146 106 1
146 107 1
146 108 1
146 112 1
146 113 1
146 116 1
146 118 1
146 126 1
146 131 1
146 134 1
146 135 1
146 136 1
146 141 1
146 142 1
146 145 1
146 146 1
147 3 1
147 7 1
147 8 1
147 9 1
147 17 1
147 23 1
147 26 1
147 27 1
147 28 1
147 30 1
147 34 1
147 46 1
147 50 1
147 51 1
147 52 1
147 53 1
147 56 1
147 64 1
147 65 1
147 67 1
147 70 1
147 71 1
147 75 1
147 80 1
147 81 1
147 85 1
147 86 1
147 87 1
147 92 1
147 94 1
147 95 1
147 98 1
147 99 1
147 103 1
147 106 1
147 107 1
147 109 1
147 111 1
147 112 1
147 114 1
147 115 1
147 116 1
147 125 1
147 126 1
147 131 1
147 133 1
147 137 1
147 138 1
147 139 1
147 142 1
147 145 1
147 147 1
148 0 1
148 7 1
148 14 1
148 15 1
148 16 1
148 18 1
148 19 1
148 23 1
148 29 1
148 32 1
148 33 1
148 36 1
148 40 1
148 44 1
148 45 1
148 48 1
148 61 1
148 64 1
148 66 1
148 68 1
148 70 1
148 71 1
148 79 1
148 84 1
148 90 1
148 98 1
148 105 1
148 107 1
148 108 1
148 109 1
148 111 1
148 112 1
148 115 1
148 116 1
148 122 1
148 123 1
148 128 1
148 132 1
148 135 1
148 136 1
148 138 1
148 140 1
148 141 1
148 144 1
148 147 1
148 148 1
149 0 1
149 2 1
149 7 1
149 10 1
149 13 1
149 16 1
149 18 1
149 19 1
149 21 1
149 24 1
149 26 1
149 29 1
149 32 1
149 33 1
149 36 1
149 39 1
149 40 1
149 42 1
149 43 1
149 46 1
149 55 1
149 59 1
149 61 1
149 64 1
149 67 1
149 68 1
149 79 1
149 81 1
149 83 1
149 85 1
149 86 1
149 88 1
149 90 1
149 96 1
149 97 1
149 98 1
149 100 1
149 104 1
149 105 1
149 117 1
149 123 1
149 124 1
149 138 1
149 141 1
149 146 1
150 6 1
150 12 1
150 15 1
150 17 1
150 21 1
150 23 1
150 30 1
150 31 1
150 33 1
150 42 1
150 50 1
150 54 1
150 55 1
150 66 1
150 69 1
150 70 1
150 73 1
150 74 1
150 75 1
150 80 1
150 81 1
150 99 1
150 100 1
150 102 1
150 105 1
150 113 1
150 114 1
150 116 1
150 119 1
150 120 1
150 123 1
150 124 1
150 129 1
150 131 1
150 142 1
150 143 1
150 145 1
150 148 1
151 3 1
151 9 1
151 10 1
151 12 1
151 14 1
151 19 1
151 20 1
151 21 1
151 24 1
151 26 1
151 29 1
151 32 1
151 33 1
151 34 1
151 36 1
151 41 1
151 47 1
151 52 1
151 57 1
151 58 1
151 63 1
151 64 1
151 65 1
151 68 1
151 74 1
151 76 1
151 78 1
151 82 1
151 84 1
151 85 1
151 90 1
151 93 1
151 99 1
151 100 1
151 101 1
151 103 1
151 108 1
151 109 1
151 110 1
151 113 1
151 124 1
151 135 1
151 138 1
151 141 1
151 142 1
151 144 1
151 149 1
151 150 1
152 0 1
152 5 1
152 6 1
152 7 1
152 10 1
152 13 1
152 15 1
152 16 1
152 18 1
152 31 1
152 35 1
152 37 1
152 42 1
152 43 1
152 54 1
152 55 1
152 58 1
152 59 1
152 64 1
152 66 1
152 67 1
152 68 1
152 71 1
152 77 1
152 80 1
152 81 1
152 83 1
152 84 1
152 85 1
152 91 1
152 95 1
152 98 1
152 99 1
152 100 1
152 102 1
152 110 1
152 111 1
152 112 1
152 115 1
152 119 1
152 120 1
152 122 1
152 128 1
152 131 1
152 136 1
152 137 1
152 143 1
152 145 1
152 147 1
152 149 1
152 151 1
152 152 1
153 0 1
153 2 1
153 9 1
153 10 1
153 11 1
153 12 1
153 16 1
153 17 1
153 18 1
153 19 1
153 22 1
153 27 1
153 30 1
153 32 1
153 35 1
153 38 1
153 41 1
153 42 1
153 45 1
153 51 1
153 52 1
153 53 1
153 54 1
153 55 1
153 60 1
153 63 1
153 67 1
153 70 1
153 75 1
153 78 1
153 81 1
153 86 1
153 87 1
153 89 1
153 94 1
153 97 1
153 98 1
153 100 1
153 101 1
153 104 1
153 106 1
153 107 1
153 113 1
153 114 1
153 116 1
153 117 1
153 118 1
153 126 1
153 134 1
153 137 1
153 142 1
153 153 1
154 1 1
154 4 1
154 10 1
154 15 1
154 22 1
154 25 1
154 27 1
154 35 1
154 44 1
154 45 1
154 53 1
154 55 1
154 68 1
154 73 1
154 76 1
154 87 1
154 90 1
154 91 1
154 93 1
154 94 1
154 100 1
154 101 1
154 107 1
154 110 1
154 116 1
154 119 1
154 123 1
154 137 1
154 142 1
154 151 1
155 5 1
155 6 1
155 9 1
155 15 1
155 21 1
155 24 1
155 34 1
155 40 1
155 44 1
155 56 1
155 57 1
155 60 1
155 66 1
155 73 1
155 87 1
155 88 1
155 90 1
155 92 1
155 98 1
155 99 1
155 100 1
155 101 1
155 103 1
155 104 1
155 106 1
155 109 1
155 110 1
155 112 1
155 113 1
155 115 1
155 116 1
155 117 1
155 123 1
155 132 1
155 133 1
155 134 1
155 135 1
155 140 1
155 144 1
155 147 1
155 148 1
155 149 1
155 152 1
156 2 1
156 4 1
156 5 1
156 6 1
156 8 1
156 17 1
156 19 1
156 26 1
156 27 1
156 29 1
156 30 1
156 31 1
156 35 1
156 38 1
156 45 1
156 48 1
156 50 1
156 55 1
156 61 1
156 64 1
156 65 1
156 70 1
156 73 1
156 75 1
156 76 1
156 79 1
156 81 1
156 82 1
156 83 1
156 89 1
156 91 1
156 93 1
156 95 1
156 96 1
156 103 1
156 109 1
156 113 1
156 116 1
156 119 1
156 120 1
156 121 1
156 124 1
156 125 1
156 127 1
156 129 1
156 133 1
156 135 1
156 136 1
156 141 1
156 142 1
156 146 1
156 147 1
156 156 1
157 2 1
157 8 1
157 9 1
157 12 1
157 20 1
157 24 1
157 25 1
157 26 1
157 27 1
157 28 1
157 30 1
157 38 1
157 40 1
157 48 1
157 53 1
157 59 1
157 63 1
157 70 1
157 74 1
157 75 1
157 86 1
157 91 1
157 95 1
157 97 1
157 103 1
157 104 1
157 107 1
157 109 1
157 116 1
157 118 1
157 119 1
157 121 1
157 122 1
157 126 1
157 127 1
157 128 1
157 131 1
157 133 1
157 136 1
157 146 1
157 154 1
157 155 1
158 5 1
158 6 1
158 14 1
158 15 1
158 21 1
158 24 1
158 26 1
158 42 1
158 44 1
158 46 1
158 50 1
158 52 1
158 54 1
158 56 1
158 60 1
158 62 1
158 63 1
158 65 1
158 66 1
158 68 1
158 69 1
158 71 1
158 76 1
158 77 1
158 79 1
158 81 1
158 82 1
158 86 1
158 87 1
158 94 1
158 96 1
158 98 1
158 99 1
158 102 1
158 109 1
158 110 1
158 122 1
158 123 1
158 131 1
158 135 1
158 136 1
158 139 1
158 141 1
158 143 1
158 144 1
158 148 1
158 151 1
158 152 1
158 153 1
158 158 1
159 0 1
159 8 1
159 9 1
159 13 1
159 14 1
159 18 1
159 21 1
159 22 1
159 24 1
159 30 1
159 35 1
159 36 1
159 38 1
159 41 1
159 42 1
159 44 1
159 51 1
159 52 1
159 56 1
159 58 1
159 61 1
159 63 1
159 64 1
159 66 1
159 68 1
159 76 1
159 80 1
159 81 1
159 86 1
159 89 1
159 94 1
159 95 1
159 96 1
159 97 1
159 101 1
159 102 1
159 104 1
159 107 1
159 114 1
159 115 1
159 120 1
159 121 1
159 123 1
159 125 1
159 127 1
159 129 1
159 130 1
159 136 1
159 138 1
159 139 1
159 147 1
159 148 1
159 151 1
159 152 1
159 154 1
159 157 1
159 158 1
160 4 1
160 5 1
160 7 1
160 10 1
160 12 1
160 13 1
160 14 1
160 19 1
160 21 1
160 26 1
160 29 1
160 32 1
160 40 1
160 41 1
160 42 1
160 43 1
160 49 1
160 50 1
160 57 1
160 59 1
160 62 1
160 63 1
160 65 1
160 66 1
160 68 1
160 75 1
160 78 1
160 81 1
160 84 1
160 85 1
160 86 1
160 88 1
160 92 1
160 97 1
160 100 1
160 108 1
160 117 1
160 120 1
160 128 1
160 131 1
160 132 1
160 138 1
160 139 1
160 141 1
160 142 1
160 144 1
160 148 1
160 149 1
160 151 1
160 156 1
161 2 1
161 3 1
161 11 1
161 18 1
161 21 1
161 24 1
161 27 1
161 28 1
161 30 1
161 31 1
161 34 1
161 45 1
161 46 1
161 47 1
161 50 1
161 52 1
161 54 1
161 62 1
161 63 1
161 67 1
161 75 1
161 76 1
161 81 1
161 85 1
161 88 1
161 92 1
161 93 1
161 94 1
161 97 1
161 100 1
161 101 1
161 107 1
161 116 1
161 120 1
161 121 1
161 124 1
161 127 1
161 128 1
161 129 1
161 132 1
161 136 1
161 137 1
161 139 1
161 142 1
161 143 1
161 146 1
161 148 1
161 152 1
161 153 1
161 155 1
161 159 1
161 161 1
162 0 1
162 4 1
162 9 1
162 11 1
162 15 1
162 17 1
162 20 1
162 25 1
162 27 1
162 28 1
162 29 1
162 32 1
162 36 1
162 38 1
162 43 1
162 45 1
162 47 1
162 51 1
162 52 1
162 53 1
162 56 1
162 58 1
162 62 1
162 67 1
162 70 1
162 71 1
162 74 1
162 75 1
162 76 1
162 80 1
162 86 1
162 88 1
162 89 1
162 92 1
162 93 1
162 94 1
162 96 1
162 106 1
162 111 1
162 114 1
162 115 1
162 121 1
162 127 1
162 129 1
162 131 1
162 134 1
162 136 1
162 140 1
162 142 1
162 143 1
162 145 1
162 153 1
162 155 1
162 156 1
162 157 1
162 160 1
162 161 1
163 0 1
163 3 1
163 4 1
163 5 1
163 10 1
163 13 1
163 15 1
163 18 1
163 19 1
163 20 1
163 28 1
163 35 1
163 45 1
163 48 1
163 49 1
163 51 1
163 53 1
163 55 1
163 58 1
163 59 1
163 65 1
163 66 1
163 73 1
163 75 1
163 80 1
163 81 1
163 84 1
163 88 1
163 92 1
163 94 1
163 103 1
163 107 1
163 111 1
163 115 1
163 116 1
163 127 1
163 129 1
163 133 1
163 134 1
163 135 1
163 137 1
163 138 1
163 142 1
163 143 1
163 146 1
163 150 1
163 153 1
163 157 1
163 158 1
163 162 1
164 3 1
164 4 1
164 5 1
164 13 1
164 14 1
164 16 1
164 20 1
164 23 1
164 25 1
164 36 1
164 39 1
164 46 1
164 53 1
164 54 1
164 57 1
164 58 1
164 59 1
164 62 1
164 64 1
164 66 1
164 68 1
164 71 1
164 77 1
164 78 1
164 85 1
164 87 1
164 90 1
164 94 1
164 98 1
164 113 1
164 114 1
164 117 1
164 119 1
164 122 1
164 123 1
164 125 1
164 132 1
164 133 1
164 135 1
164 136 1
164 140 1
164 143 1
164 144 1
164 145 1
164 149 1
164 153 1
164 158 1
164 160 1
164 164 1
165 2 1
165 3 1
165 6 1
165 7 1
165 9 1
165 15 1
165 17 1
165 19 1
165 20 1
165 23 1
165 24 1
165 30 1
165 33 1
165 35 1
165 40 1
165 45 1
165 46 1
165 47 1
165 53 1
165 54 1
165 55 1
165 60 1
165 65 1
165 68 1
165 70 1
165 73 1
165 77 1
165 80 1
165 86 1
165 88 1
165 92 1
165 94 1
165 101 1
165 102 1
165 106 1
165 107 1
165 110 1
165 111 1
165 114 1
165 115 1
165 118 1
165 120 1
165 121 1
165 125 1
165 126 1
165 127 1
165 129 1
165 130 1
165 132 1
165 136 1
165 138 1
165 141 1
165 143 1
165 154 1
165 155 1
165 157 1
165 163 1
165 165 1
166 0 1
166 3 1
166 4 1
166 6 1
166 8 1
166 11 1
166 15 1
166 16 1
166 17 1
166 19 1
166 23 1
166 26 1
166 29 1
166 34 1
166 40 1
166 44 1
166 50 1
166 55 1
166 58 1
166 59 1
166 60 1
166 62 1
166 64 1
166 68 1
166 69 1
166 71 1
166 79 1
166 81 1
166 84 1
166 87 1
166 89 1
166 90 1
166 93 1
166 95 1
166 99 1
166 108 1
166 110 1
166 112 1
166 114 1
166 117 1
166 120 1
166 124 1
166 129 1
166 131 1
166 133 1
166 151 1
166 157 1
166 166 1
167 1 1
167 2 1
167 10 1
167 12 1
167 15 1
167 17 1
167 19 1
167 23 1
167 25 1
167 27 1
167 30 1
167 31 1
167 32 1
167 35 1
167 36 1
167 37 1
167 40 1
167 43 1
167 51 1
167 57 1
167 60 1
167 63 1
167 65 1
167 67 1
167 71 1
167 75 1
167 77 1
167 79 1
167 82 1
167 83 1
167 85 1
167 87 1
167 90 1
167 93 1
167 96 1
167 98 1
167 99 1
167 100 1
167 102 1
167 105 1
167 108 1
167 109 1
167 111 1
167 112 1
167 113 1
167 117 1
167 123 1
167 127 1
167 142 1
167 144 1
167 149 1
167 151 1
167 154 1
167 158 1
167 160 1
167 163 1
167 165 1
167 167 1
168 1 1
168 4 1
168 6 1
168 7 1
168 14 1
168 15 1
168 18 1
168 21 1
168 24 1
168 25 1
168 26 1
168 28 1
168 33 1
168 36 1
168 40 1
168 42 1
168 44 1
168 45 1
168 48 1
168 49 1
168 54 1
168 67 1
168 70 1
168 71 1
168 78 1
168 83 1
168 84 1
168 85 1
168 90 1
168 91 1
168 92 1
168 95 1
168 103 1
168 107 1
168 108 1
168 117 1
168 120 1
168 121 1
168 123 1
168 124 1
168 131 1
168 134 1
168 135 1
168 142 1
168 143 1
168 144 1
168 148 1
168 149 1
168 151 1
168 160 1
168 164 1
168 166 1
168 168 1
169 1 1
169 8 1
169 9 1
169 10 1
169 12 1
169 13 1
169 15 1
169 17 1
169 18 1
169 20 1
169 23 1
169 27 1
169 30 1
169 37 1
169 38 1
169 39 1
169 40 1
169 45 1
169 47 1
169 51 1
169 54 1
169 56 1
169 61 1
169 62 1
169 65 1
169 72 1
169 75 1
169 78 1
169 79 1
169 84 1
169 85 1
169 86 1
169 90 1
169 94 1
169 97 1
169 99 1
169 106 1
169 107 1
169 113 1
169 116 1
169 117 1
169 120 1
169 124 1
169 129 1
169 136 1
169 137 1
169 140 1
169 146 1
169 151 1
169 153 1
169 156 1
169 157 1
169 159 1
169 162 1
169 163 1
169 167 1
170 2 1
170 4 1
170 6 1
170 7 1
170 10 1
170 11 1
170 14 1
170 18 1
170 23 1
170 24 1
170 25 1
170 29 1
170 30 1
170 31 1
170 38 1
170 39 1
170 41 1
170 47 1
170 50 1
170 51 1
170 53 1
170 54 1
170 58 1
170 62 1
170 67 1
170 68 1
170 74 1
170 80 1
170 81 1
170 83 1
170 86 1
170 87 1
170 92 1
170 94 1
170 97 1
170 98 1
170 101 1
170 106 1
170 117 1
170 118 1
170 120 1
170 121 1
170 125 1
170 127 1
170 133 1
170 147 1
170 153 1
170 155 1
170 157 1
170 158 1
170 161 1
170 165 1
170 169 1
171 0 1
171 2 1
171 6 1
171 8 1
171 10 1
171 20 1
171 22 1
171 23 1
171 30 1
171 31 1
171 32 1
171 34 1
171 35 1
171 42 1
171 45 1
171 49 1
171 57 1
171 58 1
171 59 1
171 61 1
171 63 1
171 65 1
171 66 1
171 68 1
171 77 1
171 78 1
171 81 1
171 82 1
171 84 1
171 85 1
171 90 1
171 93 1
171 96 1
171 97 1
171 102 1
171 105 1
171 107 1
171 109 1
171 111 1
171 113 1
171 123 1
171 124 1
171 128 1
171 133 1
171 135 1
171 139 1
171 141 1
171 143 1
171 144 1
171 147 1
171 148 1
171 151 1
171 158 1
171 165 1
171 166 1
172 1 1
172 2 1
172 3 1
172 7 1
172 9 1
172 10 1
172 12 1
172 13 1
172 17 1
172 20 1
172 22 1
172 23 1
172 24 1
172 25 1
172 27 1
172 28 1
172 29 1
172 35 1
172 40 1
172 41 1
172 44 1
172 47 1
172 51 1
172 54 1
172 66 1
172 67 1
172 71 1
172 72 1
172 74 1
172 77 1
172 79 1
172 80 1
172 81 1
172 84 1
172 89 1
172 90 1
172 91 1
172 92 1
172 93 1
172 94 1
172 95 1
172 96 1
172 101 1
172 105 1
172 108 1
172 110 1
172 113 1
172 114 1
172 115 1
172 116 1
172 118 1
172 121 1
172 125 1
172 127 1
172 129 1
172 135 1
172 136 1
172 137 1
172 139 1
172 144 1
172 146 1
172 147 1
172 150 1
172 153 1
172 154 1
172 157 1
172 159 1
172 162 1
172 163 1
172 165 1
172 167 1
172 171 1
173 1 1
173 3 1
173 6 1
173 10 1
173 12 1
173 13 1
173 19 1
173 27 1
173 31 1
173 33 1
173 36 1
173 47 1
173 48 1
173 50 1
173 53 1
173 56 1
173 59 1
173 60 1
173 64 1
173 69 1
173 76 1
173 79 1
173 84 1
173 85 1
173 86 1
173 88 1
173 93 1
173 95 1
173 96 1
173 98 1
173 100 1
173 101 1
173 107 1
173 108 1
173 109 1
173 110 1
173 111 1
173 117 1
173 119 1
173 123 1
173 131 1
173 134 1
173 135 1
173 141 1
173 145 1
173 147 1
173 151 1
173 152 1
173 153 1
173 154 1
173 157 1
173 159 1
173 168 1
173 170 1
174 7 1
174 9 1
174 14 1
174 16 1
174 17 1
174 23 1
174 24 1
174 25 1
174 26 1
174 28 1
174 33 1
174 35 1
174 38 1
174 39 1
174 41 1
174 43 1
174 52 1
174 53 1
174 56 1
174 58 1
174 65 1
174 72 1
174 79 1
174 81 1
174 85 1
174 86 1
174 87 1
174 89 1
174 92 1
174 95 1
174 98 1
174 100 1
174 101 1
174 103 1
174 104 1
174 108 1
174 110 1
174 114 1
174 118 1
174 120 1
174 122 1
174 123 1
174 125 1
174 127 1
174 128 1
174 129 1
174 130 1
174 134 1
174 135 1
174 138 1
174 145 1
174 148 1
174 152 1
174 153 1
174 156 1
174 160 1
174 161 1
174 170 1
174 174 1
175 0 1
175 7 1
175 12 1
175 13 1
175 15 1
175 16 1
175 17 1
175 19 1
175 26 1
175 31 1
175 34 1
175 35 1
175 37 1
175 38 1
175 44 1
175 49 1
175 56 1
175 57 1
175 58 1
175 69 1
175 71 1
175 74 1
175 77 1
175 79 1
175 90 1
175 94 1
175 105 1
175 109 1
175 110 1
175 111 1
175 118 1
175 123 1
175 124 1
175 131 1
175 134 1
175 142 1
175 143 1
175 146 1
175 149 1
175 152 1
175 153 1
175 155 1
175 158 1
175 163 1
175 164 1
175 166 1
175 170 1
175 175 1
176 2 1
176 5 1
176 6 1
176 7 1
176 8 1
176 9 1
176 10 1
176 14 1
176 17 1
176 21 1
176 23 1
176 28 1
176 34 1
176 38 1
176 39 1
176 45 1
176 46 1
176 52 1
176 54 1
176 55 1
176 56 1
176 64 1
176 65 1
176 67 1
176 70 1
176 73 1
176 74 1
176 79 1
176 80 1
176 82 1
176 85 1
176 86 1
176 88 1
176 91 1
176 93 1
176 94 1
176 97 1
176 98 1
176 101 1
176 106 1
176 107 1
176 113 1
176 116 1
176 118 1
176 121 1
176 124 1
176 125 1
176 127 1
176 136 1
176 147 1
176 149 1
176 153 1
176 154 1
176 158 1
176 159 1
176 169 1
176 170 1
176 172 1
177 10 1
177 15 1
177 16 1
177 27 1
177 28 1
177 32 1
177 34 1
177 35 1
177 37 1
177 38 1
177 40 1
177 47 1
177 54 1
177 61 1
177 63 1
177 64 1
177 66 1
177 72 1
177 75 1
177 78 1
177 80 1
177 83 1
177 88 1
177 98 1
177 99 1
177 100 1
177 102 1
177 109 1
177 110 1
177 115 1
177 119 1
177 122 1
177 124 1
177 128 1
177 129 1
177 132 1
177 136 1
177 141 1
177 145 1
177 155 1
177 158 1
177 167 1
177 170 1
177 171 1
177 172 1
177 173 1
177 175 1
177 177 1
178 3 1
178 4 1
178 6 1
178 11 1
178 21 1
178 25 1
178 30 1
178 33 1
178 34 1
178 49 1
178 57 1
178 69 1
178 72 1
178 86 1
178 88 1
178 94 1
178 103 1
178 105 1
178 106 1
178 107 1
178 114 1
178 143 1
178 150 1
178 160 1
178 162 1
178 167 1
178 177 1
179 6 1
179 14 1
179 17 1
179 19 1
179 21 1
179 37 1
179 40 1
179 41 1
179 42 1
179 43 1
179 46 1
179 49 1
179 52 1
179 55 1
179 58 1
179 59 1
179 60 1
179 61 1
179 63 1
179 64 1
179 65 1
179 66 1
179 68 1
179 71 1
179 72 1
179 74 1
179 77 1
179 79 1
179 81 1
179 99 1
179 102 1
179 104 1
179 105 1
179 108 1
179 109 1
179 111 1
179 117 1
179 119 1
179 126 1
179 128 1
179 132 1
179 134 1
179 136 1
179 139 1
179 140 1
179 142 1
179 152 1
179 155 1
179 164 1
179 165 1
179 166 1
179 169 1
179 175 1
179 176 1
180 5 1
180 6 1
180 16 1
180 21 1
180 23 1
180 26 1
180 27 1
180 29 1
180 32 1
180 34 1
180 35 1
180 37 1
180 41 1
180 42 1
180 46 1
180 49 1
180 53 1
180 55 1
180 64 1
180 71 1
180 72 1
180 75 1
180 79 1
180 83 1
180 85 1
180 87 1
180 88 1
180 90 1
180 94 1
180 95 1
180 97 1
180 98 1
180 100 1
180 102 1
180 110 1
180 112 1
180 114 1
180 117 1
180 121 1
180 124 1
180 130 1
180 133 1
180 139 1
180 141 1
180 143 1
180 149 1
180 151 1
180 153 1
180 155 1
180 158 1
180 162 1
180 164 1
180 167 1
180 168 1
180 172 1
180 173 1
180 174 1
180 175 1
180 179 1
181 0 1
181 6 1
181 7 1
181 19 1
181 22 1
181 26 1
181 32 1
181 41 1
181 42 1
181 44 1
181 47 1
181 51 1
181 54 1
181 57 1
181 61 1
181 64 1
181 65 1
181 68 1
181 69 1
181 77 1
181 78 1
181 79 1
181 81 1
181 82 1
181 84 1
181 85 1
181 91 1
181 94 1
181 97 1
181 98 1
181 99 1
181 104 1
181 105 1
181 108 1
181 113 1
181 117 1
181 120 1
181 122 1
181 129 1
181 131 1
181 132 1
181 133 1
181 134 1
181 135 1
181 136 1
181 143 1
181 144 1
181 147 1
181 148 1
181 149 1
181 150 1
181 155 1
181 158 1
181 160 1
181 161 1
181 164 1
181 166 1
181 168 1
181 170 1
181 172 1
181 174 1
181 177 1
181 180 1
181 181 1
182 13 1
182 14 1
182 18 1
182 21 1
182 23 1
182 26 1
182 34 1
182 37 1
182 43 1
182 50 1
182 58 1
182 59 1
182 82 1
182 88 1
182 89 1
182 90 1
182 95 1
182 103 1
182 105 1
182 108 1
182 120 1
182 122 1
182 124 1
182 128 1
182 129 1
182 131 1
182 135 1
182 136 1
182 139 1
182 140 1
182 143 1
182 149 1
182 151 1
182 154 1
182 156 1
182 158 1
182 159 1
182 169 1
182 172 1
182 176 1
183 0 1
183 3 1
183 7 1
183 17 1
183 20 1
183 27 1
183 30 1
183 33 1
183 35 1
183 39 1
183 44 1
183 51 1
183 52 1
183 60 1
183 61 1
183 67 1
183 68 1
183 76 1
183 80 1
183 85 1
183 86 1
183 87 1
183 88 1
183 89 1
183 91 1
183 93 1
183 94 1
183 97 1
183 101 1
183 106 1
183 107 1
183 110 1
183 113 1
183 117 1
183 119 1
183 121 1
183 122 1
183 124 1
183 127 1
183 130 1
183 131 1
183 133 1
183 134 1
183 138 1
183 151 1
183 152 1
183 153 1
183 154 1
183 159 1
183 161 1
183 162 1
183 165 1
183 166 1
183 172 1
183 173 1
183 176 1
183 182 1
184 14 1
184 15 1
184 19 1
184 37 1
184 43 1
184 44 1
184 47 1
184 49 1
184 56 1
184 57 1
184 59 1
184 62 1
184 63 1
184 71 1
184 72 1
184 74 1
184 77 1
184 80 1
184 83 1
184 84 1
184 85 1
184 87 1
184 90 1
184 91 1
184 92 1
184 93 1
184 98 1
184 102 1
184 105 1
184 109 1
184 110 1
184 111 1
184 112 1
184 115 1
184 117 1
184 122 1
184 123 1
184 129 1
184 132 1
184 133 1
184 134 1
184 135 1
184 136 1
184 138 1
184 143 1
184 149 1
184 151 1
184 161 1
184 164 1
184 169 1
184 173 1
184 176 1
184 177 1
184 179 1
184 181 1
184 182 1
184 183 1
184 184 1
185 1 1
185 2 1
185 6 1
185 7 1
185 8 1
185 11 1
185 18 1
185 19 1
185 20 1
185 21 1
185 24 1
185 27 1
185 48 1
185 49 1
185 50 1
185 51 1
185 57 1
185 64 1
185 65 1
185 66 1
185 67 1
185 73 1
185 81 1
185 90 1
185 97 1
185 99 1
185 103 1
185 106 1
185 109 1
185 116 1
185 118 1
185 119 1
185 120 1
185 123 1
185 125 1
185 126 1
185 127 1
185 130 1
185 140 1
185 142 1
185 150 1
185 153 1
185 154 1
185 160 1
185 161 1
185 163 1
185 169 1
185 176 1
185 179 1
185 185 1
186 2 1
186 9 1
186 20 1
186 21 1
186 23 1
186 24 1
186 25 1
186 29 1
186 39 1
186 45 1
186 65 1
186 69 1
186 70 1
186 73 1
186 74 1
186 77 1
186 82 1
186 86 1
186 87 1
186 92 1
186 95 1
186 96 1
186 97 1
186 102 1
186 105 1
186 108 1
186 115 1
186 117 1
186 120 1
186 122 1
186 124 1
186 125 1
186 130 1
186 134 1
186 136 1
186 147 1
186 148 1
186 150 1
186 151 1
186 155 1
186 156 1
186 159 1
186 160 1
186 161 1
186 162 1
186 163 1
186 165 1
186 169 1
186 176 1
186 178 1
186 180 1
186 183 1
186 185 1
186 186 1
187 0 1
187 2 1
187 3 1
187 5 1
187 8 1
187 12 1
187 13 1
187 24 1
187 28 1
187 29 1
187 30 1
187 34 1
187 41 1
187 43 1
187 47 1
187 52 1
187 53 1
187 59 1
187 70 1
187 72 1
187 73 1
187 74 1
187 75 1
187 86 1
187 87 1
187 91 1
187 92 1
187 93 1
187 94 1
187 96 1
187 97 1
187 102 1
187 106 1
187 110 1
187 112 1
187 113 1
187 115 1
187 119 1
187 121 1
187 122 1
187 129 1
187 132 1
187 142 1
187 144 1
187 146 1
187 148 1
187 151 1
187 152 1
187 156 1
187 157 1
187 165 1
187 173 1
187 174 1
187 176 1
187 177 1
187 183 1
187 186 1
187 187 1
188 3 1
188 5 1
188 7 1
188 8 1
188 9 1
188 18 1
188 20 1
188 25 1
188 27 1
188 28 1
188 30 1
188 38 1
188 41 1
188 42 1
188 44 1
188 47 1
188 48 1
188 50 1
188 51 1
188 54 1
188 59 1
188 62 1
188 63 1
188 65 1
188 71 1
188 75 1
188 78 1
188 81 1
188 92 1
188 94 1
188 103 1
188 107 1
188 108 1
188 115 1
188 116 1
188 119 1
188 120 1
188 121 1
188 125 1
188 126 1
188 127 1
188 130 1
188 132 1
188 133 1
188 137 1
188 139 1
188 145 1
188 162 1
188 169 1
188 172 1
188 181 1
188 187 1
189 0 1
189 4 1
189 8 1
189 11 1
189 16 1
189 21 1
189 22 1
189 23 1
189 26 1
189 27 1
189 31 1
189 32 1
189 35 1
189 40 1
189 46 1
189 48 1
189 49 1
189 56 1
189 58 1
189 60 1
189 63 1
189 64 1
189 68 1
189 71 1
189 76 1
189 82 1
189 84 1
189 90 1
189 97 1
189 98 1
189 102 1
189 105 1
189 108 1
189 109 1
189 111 1
189 112 1
189 115 1
189 117 1
189 123 1
189 131 1
189 133 1
189 134 1
189 135 1
189 138 1
189 144 1
189 145 1
189 149 1
189 152 1
189 163 1
189 164 1
189 166 1
189 168 1
189 171 1
189 173 1
189 177 1
189 181 1
189 184 1
189 187 1
189 188 1
189 189 1
190 3 1
190 4 1
190 6 1
190 13 1
190 14 1
190 23 1
190 25 1
190 29 1
190 34 1
190 38 1
190 41 1
190 43 1
190 47 1
190 62 1
190 63 1
190 64 1
190 67 1
190 71 1
190 72 1
190 79 1
190 81 1
190 82 1
190 85 1
190 92 1
190 99 1
190 100 1
190 103 1
190 111 1
190 116 1
190 122 1
190 123 1
190 124 1
190 128 1
190 129 1
190 130 1
190 131 1
190 135 1
190 145 1
190 148 1
190 149 1
190 151 1
190 157 1
190 159 1
190 161 1
190 162 1
190 164 1
190 165 1
190 166 1
190 171 1
190 173 1
190 174 1
190 177 1
190 178 1
190 180 1
190 183 1
191 2 1
191 3 1
191 5 1
191 7 1
191 12 1
191 13 1
191 18 1
191 19 1
191 24 1
191 25 1
191 29 1
191 31 1
191 35 1
191 37 1
191 39 1
191 41 1
191 44 1
191 51 1
191 53 1
191 57 1
191 62 1
191 67 1
191 68 1
191 71 1
191 76 1
191 80 1
191 87 1
191 88 1
191 92 1
191 93 1
191 96 1
191 108 1
191 115 1
191 116 1
191 117 1
191 119 1
191 124 1
191 127 1
191 129 1
191 131 1
191 135 1
191 142 1
191 145 1
191 146 1
191 153 1
191 156 1
191 158 1
191 159 1
191 162 1
191 165 1
191 170 1
191 181 1
191 182 1
191 183 1
191 184 1
191 189 1
191 191 1
192 5 1
192 11 1
192 12 1
192 15 1
192 20 1
192 22 1
192 23 1
192 24 1
192 26 1
192 29 1
192 34 1
192 35 1
192 43 1
192 44 1
192 45 1
192 50 1
192 56 1
192 62 1
192 69 1
192 93 1
192 102 1
192 127 1
192 132 1
192 133 1
192 139 1
192 140 1
192 144 1
192 153 1
192 164 1
192 174 1
192 185 1
192 191 1
192 192 1
193 5 1
193 10 1
193 11 1
193 12 1
193 18 1
193 23 1
193 27 1
193 31 1
193 33 1
193 34 1
193 35 1
193 45 1
193 47 1
193 50 1
193 54 1
193 55 1
193 64 1
193 65 1
193 66 1
193 80 1
193 81 1
193 87 1
193 88 1
193 91 1
193 92 1
193 93 1
193 95 1
193 98 1
193 100 1
193 101 1
193 103 1
193 107 1
193 108 1
193 114 1
193 115 1
193 118 1
193 120 1
193 123 1
193 126 1
193 127 1
193 128 1
193 132 1
193 133 1
193 136 1
193 137 1
193 138 1
193 139 1
193 142 1
193 143 1
193 144 1
193 148 1
193 151 1
193 153 1
193 158 1
193 165 1
193 168 1
193 170 1
193 172 1
193 174 1
193 183 1
193 188 1
193 193 1
194 4 1
194 5 1
194 6 1
194 11 1
194 12 1
194 13 1
194 15 1
194 21 1
194 22 1
194 23 1
194 31 1
194 36 1
194 37 1
194 39 1
194 42 1
194 43 1
194 46 1
194 53 1
194 59 1
194 61 1
194 63 1
194 66 1
194 68 1
194 71 1
194 72 1
194 76 1
194 77 1
194 83 1
194 90 1
194 91 1
194 98 1
194 105 1
194 110 1
194 111 1
194 112 1
194 120 1
194 123 1
194 141 1
194 145 1
194 148 1
194 152 1
194 155 1
194 160 1
194 163 1
194 164 1
194 165 1
194 167 1
194 168 1
194 170 1
194 171 1
194 176 1
194 177 1
194 179 1
194 180 1
194 181 1
194 185 1
194 188 1
194 190 1
194 193 1
195 0 1
195 5 1
195 8 1
195 10 1
195 11 1
195 14 1
195 15 1
195 22 1
195 23 1
195 24 1
195 29 1
195 30 1
195 31 1
195 40 1
195 43 1
195 44 1
195 52 1
195 54 1
195 58 1
195 63 1
195 64 1
195 65 1
195 66 1
195 70 1
195 71 1
195 72 1
195 76 1
195 81 1
195 82 1
195 84 1
195 85 1
195 86 1
195 89 1
195 90 1
195 91 1
195 94 1
195 100 1
195 103 1
195 107 1
195 110 1
195 111 1
195 112 1
195 117 1
195 122 1
195 123 1
195 129 1
195 139 1
195 141 1
195 149 1
195 158 1
195 160 1
195 162 1
195 168 1
195 173 1
195 176 1
195 180 1
195 181 1
195 185 1
195 189 1
195 195 1
196 2 1
196 3 1
196 6 1
196 8 1
196 9 1
196 13 1
196 24 1
196 28 1
196 31 1
196 45 1
196 46 1
196 47 1
196 48 1
196 53 1
196 55 1
196 56 1
196 57 1
196 58 1
196 62 1
196 67 1
196 69 1
196 71 1
196 72 1
196 76 1
196 77 1
196 82 1
196 86 1
196 88 1
196 90 1
196 91 1
196 93 1
196 96 1
196 97 1
196 99 1
196 102 1
196 103 1
196 112 1
196 115 1
196 116 1
196 120 1
196 126 1
196 129 1
196 130 1
196 137 1
196 138 1
196 141 1
196 153 1
196 155 1
196 156 1
196 160 1
196 163 1
196 165 1
196 169 1
196 172 1
196 175 1
196 176 1
196 186 1
196 187 1
196 196 1
197 8 1
197 18 1
197 21 1
197 22 1
197 34 1
197 39 1
197 41 1
197 45 1
197 46 1
197 47 1
197 48 1
197 51 1
197 52 1
197 61 1
197 62 1
197 65 1
197 71 1
197 73 1
197 80 1
197 81 1
197 82 1
197 84 1
197 86 1
197 89 1
197 91 1
197 92 1
197 94 1
197 97 1
197 98 1
197 106 1
197 119 1
197 120 1
197 127 1
197 132 1
197 133 1
197 135 1
197 136 1
197 144 1
197 146 1
197 150 1
197 151 1
197 158 1
197 159 1
197 160 1
197 169 1
197 170 1
197 171 1
197 172 1
197 177 1
197 185 1
197 186 1
197 188 1
197 189 1
197 194 1
198 3 1
198 4 1
198 9 1
198 17 1
198 18 1
198 20 1
198 22 1
198 24 1
198 25 1
198 33 1
198 35 1
198 36 1
198 38 1
198 40 1
198 41 1
198 45 1
198 48 1
198 49 1
198 51 1
198 53 1
198 57 1
198 59 1
198 60 1
198 64 1
198 66 1
198 67 1
198 69 1
198 71 1
198 72 1
198 76 1
198 85 1
198 88 1
198 93 1
198 94 1
198 96 1
198 101 1
198 103 1
198 105 1
198 110 1
198 111 1
198 112 1
198 114 1
198 116 1
198 117 1
198 118 1
198 121 1
198 123 1
198 131 1
198 134 1
198 136 1
198 137 1
198 140 1
198 143 1
198 146 1
198 147 1
198 150 1
198 152 1
198 153 1
198 156 1
198 157 1
198 164 1
198 165 1
198 168 1
198 172 1
198 185 1
198 191 1
198 193 1
198 196 1
198 197 1
199 1 1
199 7 1
199 13 1
199 17 1
199 18 1
199 20 1
199 27 1
199 29 1
199 32 1
199 34 1
199 35 1
199 38 1
199 39 1
199 40 1
199 41 1
199 47 1
199 50 1
199 51 1
199 53 1
199 57 1
199 58 1
199 62 1
199 63 1
199 65 1
199 74 1
199 75 1
199 80 1
199 84 1
199 86 1
199 87 1
199 90 1
199 93 1
199 94 1
199 95 1
199 101 1
199 103 1
199 114 1
199 115 1
199 117 1
199 118 1
199 120 1
199 122 1
199 126 1
199 129 1
199 131 1
199 134 1
199 136 1
199 137 1
199 141 1
199 146 1
199 158 1
199 160 1
199 161 1
199 163 1
199 165 1
199 166 1
199 169 1
199 185 1
199 186 1
199 187 1
199 191 1
199 194 1
199 196 1
199 199 1
0 0 2
1 0 2
1 1 2
2 0 2
2 1 2
3 0 2
3 2 2
4 2 2
4 4 2
5 0 2
5 2 2
5 3 2
5 5 2
6 3 2
6 4 2
7 4 2
7 7 2
8 0 2
8 2 2
8 3 2
8 4 2
8 7 2
9 0 2
9 4 2
9 6 2
9 7 2
9 9 2
10 0 2
10 2 2
10 3 2
10 5 2
11 3 2
12 2 2
12 3 2
12 5 2
12 6 2
12 7 2
12 8 2
13 0 2
13 4 2
13 5 2
13 6 2
13 7 2
13 8 2
13 10 2
13 11 2
13 12 2
14 4 2
14 7 2
14 8 2
14 9 2
14 10 2
14 12 2
14 13 2
14 14 2
15 3 2
15 5 2
15 7 2
15 8 2
15 12 2
15 13 2
15 15 2
16 2 2
16 3 2
16 5 2
16 9 2
16 12 2
16 13 2
16 15 2
16 16 2
17 0 2
17 3 2
17 4 2
17 8 2
17 12 2
17 15 2
17 16 2
17 17 2
18 1 2
18 2 2
18 9 2
18 10 2
18 13 2
18 15 2
19 0 2
19 2 2
19 3 2
19 4 2
19 5 2
19 6 2
19 7 2
19 11 2
19 16 2
19 19 2
20 0 2
20 2 2
20 5 2
20 6 2
20 12 2
20 14 2
20 17 2
20 18 2
20 20 2
21 0 2
21 4 2
21 9 2
21 11 2
21 12 2
21 13 2
21 14 2
21 15 2
21 16 2
21 19 2
21 20 2
21 21 2
22 5 2
22 8 2
22 12 2
22 14 2
22 15 2
22 18 2
22 19 2
22 22 2
23 3 2
23 4 2
23 5 2
23 9 2
23 12 2
23 13 2
23 16 2
23 18 2
23 21 2
23 22 2
24 0 2
24 5 2
24 6 2
24 7 2
24 12 2
24 14 2
24 15 2
24 16 2
24 17 2
24 19 2
25 5 2
25 7 2
25 8 2
25 11 2
25 12 2
25 14 2
25 15 2
25 22 2
25 23 2
25 24 2
25 25 2
26 2 2
26 4 2
26 6 2
26 9 2
26 10 2
26 12 2
26 14 2
26 15 2
26 16 2
26 18 2
27 1 2
27 2 2
27 4 2
27 11 2
27 12 2
27 16 2
27 17 2
27 23 2
27 24 2
28 6 2
28 7 2
28 10 2
28 13 2
28 14 2
28 17 2
28 22 2
28 24 2
28 26 2
29 0 2
29 2 2
29 4 2
29 5 2
29 7 2
29 8 2
29 12 2
29 13 2
29 15 2
29 18 2
29 20 2
29 21 2
29 23 2
29 25 2
29 28 2
29 29 2
30 3 2
30 4 2
30 5 2
30 7 2
30 10 2
30 12 2
30 16 2
30 17 2
30 18 2
30 19 2
30 27 2
30 28 2
30 30 2
31 2 2
31 3 2
31 4 2
31 8 2
31 9 2
31 13 2
31 14 2
31 22 2
31 25 2
31 30 2
32 2 2
32 3 2
32 4 2
32 5 2
32 8 2
32 9 2
32 12 2
32 13 2
32 15 2
32 16 2
32 20 2
32 21 2
32 22 2
32 23 2
32 24 2
32 25 2
32 26 2
32 28 2
32 31 2
32 32 2
33 1 2
33 7 2
33 9 2
33 10 2
33 15 2
33 16 2
33 18 2
33 25 2
33 31 2
33 33 2
34 1 2
34 3 2
34 21 2
34 33 2
35 0 2
35 3 2
35 4 2
35 5 2
35 8 2
35 10 2
35 12 2
35 15 2
35 16 2
35 17 2
35 18 2
35 19 2
35 20 2
35 21 2
35 25 2
35 26 2
35 28 2
35 29 2
35 32 2
35 34 2
36 0 2
36 4 2
36 5 2
36 9 2
36 11 2
36 13 2
36 14 2
36 18 2
36 19 2
36 21 2
36 24 2
36 26 2
36 28 2
36 29 2
36 32 2
36 33 2
36 35 2
37 2 2
37 3 2
37 5 2
37 7 2
37 8 2
37 10 2
37 12 2
37 20 2
37 21 2
37 22 2
37 25 2
37 27 2
37 31 2
37 33 2
37 34 2
38 0 2
38 2 2
38 5 2
38 9 2
38 13 2
38 17 2
38 22 2
38 24 2
38 25 2
38 27 2
38 32 2
38 38 2
39 0 2
39 3 2
39 9 2
39 12 2
39 13 2
39 15 2
39 16 2
39 18 2
39 22 2
39 26 2
39 29 2
39 32 2
39 34 2
39 35 2
40 1 2
40 2 2
40 3 2
40 5 2
40 7 2
40 8 2
40 10 2
40 12 2
40 16 2
40 17 2
40 19 2
40 21 2
40 22 2
40 25 2
40 26 2
40 27 2
40 28 2
40 30 2
40 32 2
40 34 2
40 36 2
40 37 2
40 38 2
40 39 2
40 40 2
41 2 2
41 4 2
41 7 2
41 9 2
41 12 2
41 18 2
41 19 2
41 21 2
41 22 2
41 26 2
41 27 2
41 28 2
41 29 2
41 35 2
41 37 2
41 38 2
42 4 2
42 5 2
42 6 2
42 9 2
42 10 2
42 12 2
42 13 2
42 18 2
42 23 2
42 25 2
42 26 2
42 28 2
42 29 2
42 31 2
42 33 2
42 37 2
42 39 2
42 41 2
42 42 2
43 2 2
43 11 2
43 16 2
43 19 2
43 20 2
43 21 2
43 26 2
43 33 2
43 36 2
43 38 2
43 43 2
44 2 2
44 3 2
44 5 2
44 6 2
44 7 2
44 9 2
44 10 2
44 11 2
44 13 2
44 14 2
44 16 2
44 18 2
44 24 2
44 25 2
44 29 2
44 32 2
44 34 2
44 37 2
44 39 2
44 41 2
44 42 2
44 43 2
44 44 2
45 0 2
45 5 2
45 6 2
45 9 2
45 13 2
45 15 2
45 18 2
45 21 2
45 26 2
45 29 2
45 36 2
45 37 2
45 38 2
45 40 2
45 44 2
45 45 2
46 0 2
46 2 2
46 6 2
46 9 2
46 10 2
46 11 2
46 12 2
46 13 2
46 15 2
46 16 2
46 18 2
46 19 2
46 21 2
46 23 2
46 27 2
46 31 2
46 36 2
46 37 2
46 40 2
46 42 2
47 1 2
47 3 2
47 5 2
47 7 2
47 10 2
47 13 2
47 14 2
47 18 2
47 19 2
47 20 2
47 22 2
47 23 2
47 24 2
47 27 2
47 28 2
47 29 2
47 36 2
47 38 2
47 39 2
47 40 2
47 41 2
47 42 2
47 47 2
48 0 2
48 5 2
48 6 2
48 7 2
48 9 2
48 10 2
48 12 2
48 13 2
48 14 2
48 15 2
48 17 2
48 18 2
48 19 2
48 24 2
48 26 2
48 27 2
48 28 2
48 32 2
48 35 2
48 40 2
48 41 2
48 45 2
48 46 2
49 0 2
49 8 2
49 9 2
49 16 2
49 18 2
49 23 2
49 26 2
49 27 2
49 28 2
49 29 2
49 30 2
49 32 2
49 36 2
49 37 2
49 40 2
49 44 2
49 48 2
50 1 2
50 8 2
50 12 2
50 13 2
50 19 2
50 21 2
50 22 2
50 27 2
50 30 2
50 34 2
50 35 2
50 37 2
50 49 2
50 50 2
51 5 2
51 6 2
51 10 2
51 17 2
51 18 2
51 19 2
51 21 2
51 23 2
51 27 2
51 28 2
51 32 2
51 35 2
51 36 2
51 39 2
51 40 2
51 41 2
51 44 2
51 47 2
51 50 2
51 51 2
52 5 2
52 6 2
52 7 2
52 11 2
52 32 2
52 34 2
52 35 2
52 43 2
52 51 2
53 3 2
53 15 2
53 16 2
53 19 2
53 21 2
53 23 2
53 24 2
53 25 2
53 30 2
53 31 2
53 33 2
53 35 2
53 36 2
53 37 2
53 39 2
53 40 2
53 41 2
53 42 2
53 46 2
53 47 2
54 6 2
54 8 2
54 14 2
54 15 2
54 17 2
54 19 2
54 20 2
54 21 2
54 22 2
54 25 2
54 35 2
54 38 2
54 42 2
54 46 2
54 47 2
54 53 2
54 54 2
55 0 2
55 1 2
55 4 2
55 11 2
55 13 2
55 16 2
55 17 2
55 21 2
55 25 2
55 26 2
55 27 2
55 32 2
55 33 2
55 34 2
55 36 2
55 38 2
55 42 2
55 43 2
55 44 2
55 46 2
55 47 2
55 50 2
55 52 2
55 54 2
55 55 2
56 2 2
56 3 2
56 9 2
56 10 2
56 11 2
56 12 2
56 15 2
56 17 2
56 19 2
56 20 2
56 23 2
56 24 2
56 26 2
56 29 2
56 32 2
56 36 2
56 37 2
56 38 2
56 44 2
56 45 2
56 48 2
56 49 2
56 51 2
56 53 2
56 56 2
57 1 2
57 2 2
57 5 2
57 6 2
57 9 2
57 10 2
57 15 2
57 17 2
57 19 2
57 22 2
57 23 2
57 24 2
57 26 2
57 29 2
57 31 2
57 32 2
57 34 2
57 37 2
57 38 2
57 40 2
57 47 2
57 48 2
57 54 2
57 56 2
58 3 2
58 5 2
58 9 2
58 10 2
58 16 2
58 18 2
58 21 2
58 22 2
58 24 2
58 25 2
58 26 2
58 28 2
58 29 2
58 35 2
58 37 2
58 41 2
58 42 2
58 44 2
58 45 2
58 48 2
58 49 2
58 57 2
59 1 2
59 2 2
59 4 2
59 5 2
59 8 2
59 10 2
59 12 2
59 14 2
59 15 2
59 16 2
59 20 2
59 21 2
59 23 2
59 25 2
59 26 2
59 27 2
59 30 2
59 31 2
59 35 2
59 37 2
59 42 2
59 44 2
59 45 2
59 46 2
59 48 2
59 52 2
59 53 2
59 57 2
59 59 2
60 3 2
60 4 2
60 5 2
60 7 2
60 12 2
60 14 2
60 15 2
60 16 2
60 17 2
60 20 2
60 22 2
60 24 2
60 26 2
60 28 2
60 37 2
60 39 2
60 49 2
60 54 2
60 56 2
60 58 2
61 8 2
61 9 2
61 10 2
61 13 2
61 16 2
61 18 2
61 24 2
61 25 2
61 26 2
61 28 2
61 30 2
61 31 2
61 35 2
61 38 2
61 41 2
61 45 2
61 46 2
61 47 2
61 48 2
61 49 2
61 50 2
61 54 2
61 56 2
61 60 2
62 0 2
62 1 2
62 3 2
62 5 2
62 6 2
62 7 2
62 8 2
62 10 2
62 11 2
62 12 2
62 16 2
62 18 2
62 20 2
62 24 2
62 25 2
62 26 2
62 29 2
62 30 2
62 31 2
62 32 2
62 34 2
62 35 2
62 38 2
62 41 2
62 46 2
62 49 2
62 54 2
62 57 2
62 58 2
62 60 2
62 61 2
62 62 2
63 0 2
63 2 2
63 5 2
63 6 2
63 7 2
63 9 2
63 14 2
63 17 2
63 18 2
63 19 2
63 20 2
63 21 2
63 23 2
63 24 2
63 25 2
63 35 2
63 37 2
63 38 2
63 40 2
63 43 2
63 51 2
63 58 2
63 63 2
64 0 2
64 2 2
64 3 2
64 6 2
64 7 2
64 9 2
64 10 2
64 14 2
64 16 2
64 17 2
64 19 2
64 23 2
64 25 2
64 28 2
64 36 2
64 38 2
64 39 2
64 41 2
64 42 2
64 44 2
64 45 2
64 48 2
64 52 2
64 54 2
64 55 2
64 58 2
64 61 2
64 62 2
64 63 2
64 64 2
65 1 2
65 3 2
65 4 2
65 5 2
65 7 2
65 8 2
65 11 2
65 12 2
65 13 2
65 14 2
65 15 2
65 16 2
65 17 2
65 21 2
65 22 2
65 23 2
65 25 2
65 27 2
65 28 2
65 30 2
65 32 2
65 43 2
65 45 2
65 46 2
65 47 2
65 49 2
65 50 2
65 51 2
65 54 2
65 56 2
65 58 2
65 60 2
65 61 2
65 65 2
66 2 2
66 5 2
66 6 2
66 8 2
66 9 2
66 12 2
66 13 2
66 17 2
66 20 2
66 21 2
66 22 2
66 23 2
66 24 2
66 27 2
66 29 2
66 31 2
66 33 2
66 39 2
66 42 2
66 44 2
66 46 2
66 47 2
66 49 2
66 52 2
66 53 2
66 54 2
66 58 2
66 59 2
66 61 2
66 62 2
67 0 2
67 1 2
67 3 2
67 4 2
67 7 2
67 12 2
67 13 2
67 14 2
67 17 2
67 20 2
67 21 2
67 22 2
67 26 2
67 30 2
67 31 2
67 32 2
67 33 2
67 35 2
67 36 2
67 37 2
67 38 2
67 46 2
67 49 2
67 50 2
67 51 2
67 52 2
67 53 2
67 56 2
67 57 2
67 61 2
67 63 2
67 64 2
67 66 2
67 67 2
68 4 2
68 5 2
68 7 2
68 9 2
68 11 2
68 12 2
68 13 2
68 15 2
68 16 2
68 19 2
68 23 2
68 24 2
68 25 2
68 26 2
68 28 2
68 32 2
68 33 2
68 38 2
68 40 2
68 41 2
68 42 2
68 45 2
68 46 2
68 47 2
68 52 2
68 54 2
68 57 2
68 61 2
68 62 2
68 63 2
68 68 2
69 5 2
69 6 2
69 19 2
69 20 2
69 32 2
69 33 2
69 39 2
69 40 2
69 43 2
69 45 2
69 49 2
69 53 2
69 54 2
69 56 2
69 63 2
69 64 2
70 3 2
70 4 2
70 5 2
70 6 2
70 7 2
70 9 2
70 12 2
70 13 2
70 15 2
70 16 2
70 17 2
70 20 2
70 23 2
70 25 2
70 26 2
70 27 2
70 30 2
70 31 2
70 35 2
70 36 2
70 41 2
70 44 2
70 46 2
70 48 2
70 51 2
70 55 2
70 56 2
70 58 2
70 61 2
70 62 2
70 64 2
70 66 2
70 70 2
71 0 2
71 4 2
71 6 2
71 7 2
71 8 2
71 11 2
71 12 2
71 15 2
71 16 2
71 17 2
71 18 2
71 20 2
71 21 2
71 23 2
71 26 2
71 27 2
71 29 2
71 32 2
71 35 2
71 38 2
71 39 2
71 40 2
71 44 2
71 45 2
71 46 2
71 47 2
71 48 2
71 49 2
71 52 2
71 53 2
71 58 2
71 59 2
72 3 2
72 4 2
72 5 2
72 6 2
72 7 2
72 8 2
72 12 2
72 13 2
72 20 2
72 23 2
72 25 2
72 27 2
72 31 2
72 32 2
72 34 2
72 37 2
72 44 2
72 45 2
72 48 2
72 49 2
72 53 2
72 56 2
72 57 2
72 59 2
72 60 2
72 61 2
72 64 2
72 65 2
72 66 2
72 68 2
73 7 2
73 8 2
73 9 2
73 10 2
73 12 2
73 14 2
73 16 2
73 17 2
73 18 2
73 19 2
73 20 2
73 22 2
73 23 2
73 24 2
73 25 2
73 27 2
73 29 2
73 32 2
73 35 2
73 39 2
73 41 2
73 43 2
73 44 2
73 45 2
73 48 2
73 49 2
73 50 2
73 51 2
73 53 2
73 56 2
73 63 2
73 66 2
73 71 2
74 3 2
74 4 2
74 5 2
74 12 2
74 13 2
74 14 2
74 15 2
74 16 2
74 20 2
74 22 2
74 23 2
74 24 2
74 25 2
74 26 2
74 27 2
74 28 2
74 29 2
74 31 2
74 35 2
74 36 2
74 38 2
74 39 2
74 42 2
74 44 2
74 48 2
74 53 2
74 54 2
74 56 2
74 59 2
74 60 2
74 61 2
74 64 2
74 65 2
74 66 2
74 68 2
74 71 2
74 72 2
74 74 2
75 2 2
75 3 2
75 5 2
75 7 2
75 9 2
75 12 2
75 14 2
75 16 2
75 18 2
75 20 2
75 24 2
75 26 2
75 28 2
75 29 2
75 30 2
75 31 2
75 36 2
75 38 2
75 44 2
75 51 2
75 53 2
75 55 2
75 57 2
75 59 2
75 60 2
75 61 2
75 63 2
75 64 2
75 65 2
75 70 2
75 71 2
75 72 2
75 75 2
76 0 2
76 3 2
76 7 2
76 10 2
76 12 2
76 14 2
76 20 2
76 22 2
76 23 2
76 25 2
76 27 2
76 29 2
76 30 2
76 32 2
76 35 2
76 38 2
76 39 2
76 41 2
76 46 2
76 47 2
76 49 2
76 53 2
76 58 2
76 60 2
76 61 2
76 63 2
76 65 2
76 66 2
76 69 2
76 71 2
76 72 2
76 74 2
76 75 2
76 76 2
77 0 2
77 2 2
77 7 2
77 10 2
77 18 2
77 20 2
77 22 2
77 26 2
77 29 2
77 32 2
77 36 2
77 37 2
77 43 2
77 46 2
77 47 2
77 48 2
77 51 2
77 56 2
77 59 2
77 61 2
77 64 2
77 66 2
77 68 2
77 73 2
77 74 2
77 75 2
77 77 2
78 1 2
78 4 2
78 5 2
78 6 2
78 7 2
78 11 2
78 14 2
78 15 2
78 18 2
78 20 2
78 23 2
78 26 2
78 30 2
78 31 2
78 32 2
78 33 2
78 38 2
78 40 2
78 41 2
78 44 2
78 48 2
78 49 2
78 54 2
78 57 2
78 62 2
78 65 2
78 67 2
78 69 2
78 71 2
78 73 2
78 74 2
78 75 2
78 77 2
79 2 2
79 3 2
79 9 2
79 10 2
79 11 2
79 15 2
79 16 2
79 17 2
79 22 2
79 23 2
79 24 2
79 25 2
79 26 2
79 27 2
79 30 2
79 31 2
79 32 2
79 33 2
79 34 2
79 35 2
79 37 2
79 38 2
79 39 2
79 45 2
79 47 2
79 48 2
79 51 2
79 55 2
79 58 2
79 59 2
79 60 2
79 62 2
79 63 2
79 64 2
79 65 2
79 66 2
79 68 2
79 72 2
79 73 2
79 74 2
79 75 2
79 76 2
79 77 2
80 0 2
80 3 2
80 9 2
80 10 2
80 12 2
80 13 2
80 15 2
80 16 2
80 17 2
80 20 2
80 23 2
80 24 2
80 29 2
80 30 2
80 31 2
80 35 2
80 36 2
80 38 2
80 40 2
80 41 2
80 43 2
80 46 2
80 48 2
80 51 2
80 53 2
80 57 2
80 59 2
80 60 2
80 61 2
80 64 2
80 68 2
80 71 2
80 72 2
80 74 2
80 76 2
80 78 2
81 0 2
81 2 2
81 3 2
81 4 2
81 6 2
81 8 2
81 9 2
81 13 2
81 14 2
81 15 2
81 17 2
81 19 2
81 22 2
81 24 2
81 28 2
81 30 2
81 31 2
81 40 2
81 44 2
81 45 2
81 52 2
81 56 2
81 58 2
81 59 2
81 61 2
81 63 2
81 69 2
81 71 2
81 72 2
81 75 2
81 77 2
81 78 2
81 80 2
82 2 2
82 3 2
82 4 2
82 5 2
82 7 2
82 8 2
82 10 2
82 12 2
82 13 2
82 15 2
82 16 2
82 17 2
82 18 2
82 21 2
82 22 2
82 26 2
82 32 2
82 38 2
82 41 2
82 44 2
82 45 2
82 48 2
82 51 2
82 53 2
82 56 2
82 57 2
82 58 2
82 59 2
82 61 2
82 62 2
82 64 2
82 65 2
82 70 2
82 71 2
82 75 2
82 76 2
82 77 2
82 78 2
82 79 2
82 80 2
82 81 2
82 82 2
83 0 2
83 3 2
83 5 2
83 6 2
83 8 2
83 9 2
83 10 2
83 12 2
83 13 2
83 14 2
83 17 2
83 20 2
83 22 2
83 29 2
83 35 2
83 38 2
83 40 2
83 41 2
83 45 2
83 46 2
83 47 2
83 53 2
83 56 2
83 59 2
83 60 2
83 61 2
83 69 2
83 70 2
83 72 2
83 77 2
83 78 2
83 79 2
83 81 2
83 83 2
84 0 2
84 4 2
84 5 2
84 6 2
84 7 2
84 8 2
84 9 2
84 10 2
84 14 2
84 15 2
84 16 2
84 18 2
84 21 2
84 23 2
84 24 2
84 28 2
84 29 2
84 30 2
84 32 2
84 33 2
84 35 2
84 36 2
84 41 2
84 46 2
84 47 2
84 49 2
84 51 2
84 53 2
84 54 2
84 56 2
84 58 2
84 60 2
84 62 2
84 66 2
84 67 2
84 73 2
84 74 2
84 75 2
84 76 2
84 77 2
84 81 2
84 84 2
85 1 2
85 3 2
85 4 2
85 5 2
85 6 2
85 8 2
85 9 2
85 13 2
85 15 2
85 16 2
85 17 2
85 19 2
85 20 2
85 22 2
85 24 2
85 27 2
85 29 2
85 31 2
85 35 2
85 36 2
85 39 2
85 46 2
85 47 2
85 49 2
85 55 2
85 57 2
85 59 2
85 60 2
85 64 2
85 66 2
85 68 2
85 70 2
85 71 2
85 72 2
85 73 2
85 77 2
85 79 2
85 80 2
85 81 2
85 82 2
85 85 2
86 1 2
86 5 2
86 8 2
86 9 2
86 14 2
86 15 2
86 19 2
86 22 2
86 27 2
86 28 2
86 31 2
86 35 2
86 36 2
86 37 2
86 43 2
86 44 2
86 46 2
86 48 2
86 49 2
86 55 2
86 61 2
86 62 2
86 64 2
86 66 2
86 67 2
86 71 2
86 73 2
86 76 2
86 80 2
86 84 2
87 2 2
87 8 2
87 10 2
87 12 2
87 14 2
87 17 2
87 19 2
87 24 2
87 26 2
87 28 2
87 32 2
87 39 2
87 41 2
87 45 2
87 48 2
87 51 2
87 61 2
87 63 2
87 64 2
87 65 2
87 66 2
87 70 2
87 78 2
87 79 2
87 80 2
87 84 2
87 85 2
87 86 2
88 0 2
88 2 2
88 4 2
88 5 2
88 6 2
88 15 2
88 17 2
88 18 2
88 20 2
88 21 2
88 22 2
88 23 2
88 27 2
88 36 2
88 37 2
88 39 2
88 42 2
88 46 2
88 47 2
88 48 2
88 49 2
88 52 2
88 53 2
88 56 2
88 57 2
88 59 2
88 63 2
88 64 2
88 65 2
88 66 2
88 68 2
88 69 2
88 71 2
88 75 2
88 76 2
88 77 2
88 78 2
88 81 2
88 83 2
89 2 2
89 3 2
89 5 2
89 6 2
89 8 2
89 10 2
89 12 2
89 14 2
89 16 2
89 18 2
89 19 2
89 22 2
89 25 2
89 40 2
89 45 2
89 46 2
89 48 2
89 49 2
89 50 2
89 54 2
89 59 2
89 61 2
89 63 2
89 66 2
89 72 2
89 75 2
89 79 2
89 82 2
89 86 2
89 87 2
89 89 2
90 0 2
90 9 2
90 10 2
90 12 2
90 13 2
90 14 2
90 15 2
90 21 2
90 22 2
90 27 2
90 29 2
90 31 2
90 36 2
90 38 2
90 40 2
90 45 2
90 47 2
90 48 2
90 49 2
90 50 2
90 51 2
90 53 2
90 54 2
90 55 2
90 56 2
90 58 2
90 59 2
90 60 2
90 65 2
90 67 2
90 70 2
90 74 2
90 79 2
90 87 2
90 88 2
90 89 2
91 0 2
91 6 2
91 7 2
91 9 2
91 12 2
91 14 2
91 15 2
91 16 2
91 18 2
91 20 2
91 23 2
91 24 2
91 28 2
91 29 2
91 42 2
91 45 2
91 48 2
91 52 2
91 54 2
91 56 2
91 63 2
91 71 2
91 76 2
91 79 2
91 80 2
91 82 2
91 83 2
91 85 2
91 90 2
91 91 2
92 0 2
92 2 2
92 4 2
92 5 2
92 6 2
92 7 2
92 8 2
92 10 2
92 12 2
92 13 2
92 15 2
92 17 2
92 20 2
92 21 2
92 26 2
92 28 2
92 31 2
92 36 2
92 39 2
92 40 2
92 41 2
92 43 2
92 48 2
92 49 2
92 56 2
92 57 2
92 58 2
92 59 2
92 60 2
92 61 2
92 63 2
92 64 2
92 65 2
92 66 2
92 71 2
92 74 2
92 75 2
92 78 2
92 79 2
92 80 2
92 81 2
92 83 2
92 85 2
92 89 2
93 2 2
93 6 2
93 7 2
93 9 2
93 11 2
93 15 2
93 16 2
93 17 2
93 21 2
93 27 2
93 30 2
93 32 2
93 37 2
93 40 2
93 42 2
93 43 2
93 44 2
93 47 2
93 48 2
93 49 2
93 64 2
93 68 2
93 69 2
93 71 2
93 73 2
93 76 2
93 79 2
93 80 2
93 81 2
93 83 2
93 85 2
93 89 2
93 90 2
93 92 2
93 93 2
94 0 2
94 2 2
94 3 2
94 5 2
94 6 2
94 7 2
94 8 2
94 13 2
94 17 2
94 20 2
94 22 2
94 25 2
94 28 2
94 30 2
94 32 2
94 35 2
94 40 2
94 42 2
94 45 2
94 47 2
94 48 2
94 50 2
94 53 2
94 58 2
94 59 2
94 62 2
94 63 2
94 66 2
94 69 2
94 70 2
94 75 2
94 76 2
94 77 2
94 78 2
94 83 2
94 85 2
94 89 2
94 90 2
94 92 2
94 93 2
95 1 2
95 3 2
95 5 2
95 7 2
95 8 2
95 12 2
95 14 2
95 19 2
95 20 2
95 21 2
95 23 2
95 28 2
95 32 2
95 36 2
95 37 2
95 38 2
95 41 2
95 43 2
95 45 2
95 47 2
95 49 2
95 51 2
95 53 2
95 54 2
95 58 2
95 59 2
95 60 2
95 61 2
95 62 2
95 64 2
95 66 2
95 70 2
95 71 2
95 73 2
95 74 2
95 77 2
95 80 2
95 82 2
95 84 2
95 85 2
95 86 2
95 88 2
95 92 2
95 93 2
96 0 2
96 1 2
96 5 2
96 6 2
96 7 2
96 9 2
96 10 2
96 11 2
96 16 2
96 18 2
96 19 2
96 21 2
96 22 2
96 23 2
96 24 2
96 26 2
96 27 2
96 28 2
96 31 2
96 32 2
96 35 2
96 37 2
96 39 2
96 40 2
96 41 2
96 46 2
96 53 2
96 55 2
96 56 2
96 58 2
96 59 2
96 63 2
96 64 2
96 66 2
96 67 2
96 68 2
96 73 2
96 74 2
96 75 2
96 77 2
96 78 2
96 81 2
96 82 2
96 85 2
96 88 2
96 89 2
96 91 2
96 93 2
96 94 2
97 2 2
97 3 2
97 5 2
97 6 2
97 7 2
97 9 2
97 10 2
97 13 2
97 16 2
97 17 2
97 23 2
97 24 2
97 26 2
97 27 2
97 31 2
97 35 2
97 36 2
97 37 2
97 38 2
97 40 2
97 41 2
97 44 2
97 45 2
97 46 2
97 47 2
97 48 2
97 51 2
97 53 2
97 59 2
97 60 2
97 67 2
97 68 2
97 70 2
97 72 2
97 73 2
97 74 2
97 75 2
97 79 2
97 80 2
97 81 2
97 86 2
97 89 2
97 92 2
97 94 2
97 95 2
98 1 2
98 4 2
98 6 2
98 7 2
98 9 2
98 10 2
98 12 2
98 15 2
98 17 2
98 20 2
98 22 2
98 23 2
98 24 2
98 25 2
98 28 2
98 29 2
98 30 2
98 32 2
98 33 2
98 37 2
98 38 2
98 39 2
98 40 2
98 41 2
98 46 2
98 47 2
98 48 2
98 53 2
98 54 2
98 58 2
98 59 2
98 62 2
98 63 2
98 65 2
98 68 2
98 70 2
98 71 2
98 72 2
98 78 2
98 79 2
98 81 2
98 82 2
98 89 2
98 90 2
98 95 2
99 0 2
99 4 2
99 6 2
99 14 2
99 15 2
99 17 2
99 22 2
99 25 2
99 27 2
99 30 2
99 38 2
99 40 2
99 41 2
99 46 2
99 47 2
99 48 2
99 49 2
99 51 2
99 52 2
99 53 2
99 54 2
99 55 2
99 56 2
99 58 2
99 59 2
99 61 2
99 65 2
99 66 2
99 67 2
99 75 2
99 76 2
99 78 2
99 79 2
99 80 2
99 85 2
99 86 2
99 89 2
99 97 2
99 98 2
100 0 2
100 6 2
100 8 2
100 9 2
100 13 2
100 15 2
100 16 2
100 18 2
100 19 2
100 29 2
100 31 2
100 36 2
100 38 2
100 39 2
100 40 2
100 44 2
100 47 2
100 54 2
100 56 2
100 57 2
100 59 2
100 60 2
100 61 2
100 62 2
100 63 2
100 67 2
100 69 2
100 70 2
100 71 2
100 75 2
100 76 2
100 78 2
100 80 2
100 84 2
100 85 2
100 87 2
100 88 2
100 89 2
100 90 2
100 91 2
100 92 2
100 94 2
100 99 2
101 0 2
101 5 2
101 6 2
101 9 2
101 10 2
101 13 2
101 14 2
101 15 2
101 17 2
101 18 2
101 21 2
101 22 2
101 26 2
101 27 2
101 28 2
101 35 2
101 36 2
101 40 2
101 41 2
101 45 2
101 51 2
101 53 2
101 56 2
101 57 2
101 61 2
101 63 2
101 64 2
101 65 2
101 66 2
101 71 2
101 72 2
101 76 2
101 80 2
101 83 2
101 84 2
101 85 2
101 87 2
101 93 2
101 94 2
101 96 2
101 97 2
101 98 2
101 99 2
102 9 2
102 10 2
102 11 2
102 14 2
102 15 2
102 17 2
102 18 2
102 26 2
102 29 2
102 31 2
102 35 2
102 44 2
102 45 2
102 47 2
102 49 2
102 53 2
102 57 2
102 59 2
102 63 2
102 65 2
102 69 2
102 70 2
102 72 2
102 73 2
102 76 2
102 77 2
102 79 2
102 80 2
102 83 2
102 84 2
102 85 2
102 87 2
102 88 2
102 90 2
102 92 2
102 94 2
102 100 2
102 102 2
103 3 2
103 4 2
103 5 2
103 7 2
103 8 2
103 10 2
103 13 2
103 14 2
103 15 2
103 16 2
103 17 2
103 20 2
103 21 2
103 23 2
103 24 2
103 26 2
103 27 2
103 28 2
103 29 2
103 30 2
103 32 2
103 33 2
103 34 2
103 35 2
103 39 2
103 41 2
103 46 2
103 48 2
103 49 2
103 53 2
103 54 2
103 55 2
103 56 2
103 59 2
103 60 2
103 61 2
103 63 2
103 64 2
103 66 2
103 67 2
103 68 2
103 70 2
103 71 2
103 72 2
103 75 2
103 76 2
103 77 2
103 78 2
103 79 2
103 81 2
103 83 2
103 91 2
103 92 2
103 93 2
103 95 2
103 96 2
103 97 2
103 100 2
104 14 2
104 15 2
104 19 2
104 28 2
104 34 2
104 37 2
104 40 2
104 43 2
104 47 2
104 50 2
104 59 2
104 63 2
104 75 2
104 81 2
104 90 2
104 94 2
104 96 2
104 97 2
104 99 2
104 104 2
105 2 2
105 5 2
105 6 2
105 8 2
105 15 2
105 18 2
105 21 2
105 22 2
105 23 2
105 24 2
105 26 2
105 32 2
105 38 2
105 40 2
105 42 2
105 44 2
105 45 2
105 47 2
105 48 2
105 52 2
105 54 2
105 56 2
105 60 2
105 61 2
105 63 2
105 66 2
105 71 2
105 72 2
105 73 2
105 76 2
105 77 2
105 79 2
105 82 2
105 83 2
105 84 2
105 89 2
105 94 2
105 95 2
105 99 2
105 100 2
105 101 2
105 102 2
105 104 2
105 105 2
106 0 2
106 1 2
106 4 2
106 5 2
106 6 2
106 10 2
106 11 2
106 20 2
106 23 2
106 24 2
106 25 2
106 27 2
106 29 2
106 31 2
106 34 2
106 35 2
106 39 2
106 41 2
106 42 2
106 46 2
106 47 2
106 55 2
106 56 2
106 58 2
106 59 2
106 61 2
106 64 2
106 65 2
106 66 2
106 67 2
106 69 2
106 70 2
106 72 2
106 73 2
106 74 2
106 75 2
106 76 2
106 78 2
106 80 2
106 82 2
106 83 2
106 88 2
106 90 2
106 91 2
106 94 2
106 95 2
106 100 2
106 102 2
106 106 2
107 0 2
107 2 2
107 4 2
107 5 2
107 6 2
107 7 2
107 8 2
107 12 2
107 19 2
107 20 2
107 21 2
107 24 2
107 27 2
107 28 2
107 29 2
107 30 2
107 31 2
107 34 2
107 36 2
107 37 2
107 40 2
107 45 2
107 46 2
107 47 2
107 50 2
107 51 2
107 54 2
107 55 2
107 57 2
107 58 2
107 59 2
107 61 2
107 62 2
107 64 2
107 65 2
107 71 2
107 73 2
107 74 2
107 76 2
107 78 2
107 81 2
107 85 2
107 86 2
107 93 2
107 94 2
107 97 2
107 100 2
107 101 2
107 103 2
107 105 2
107 106 2
108 3 2
108 4 2
108 6 2
108 9 2
108 10 2
108 12 2
108 13 2
108 14 2
108 15 2
108 17 2
108 19 2
108 20 2
108 24 2
108 28 2
108 29 2
108 30 2
108 31 2
108 36 2
108 37 2
108 40 2
108 41 2
108 46 2
108 47 2
108 48 2
108 51 2
108 53 2
108 56 2
108 57 2
108 59 2
108 62 2
108 78 2
108 81 2
108 82 2
108 86 2
108 87 2
108 89 2
108 91 2
108 93 2
108 94 2
108 95 2
108 97 2
108 99 2
108 101 2
108 105 2
108 106 2
108 107 2
108 108 2
109 0 2
109 2 2
109 7 2
109 9 2
109 10 2
109 12 2
109 15 2
109 16 2
109 21 2
109 22 2
109 23 2
109 24 2
109 25 2
109 26 2
109 28 2
109 31 2
109 35 2
109 37 2
109 38 2
109 40 2
109 45 2
109 46 2
109 48 2
109 49 2
109 51 2
109 53 2
109 57 2
109 58 2
109 59 2
109 61 2
109 62 2
109 64 2
109 65 2
109 67 2
109 79 2
109 80 2
109 81 2
109 84 2
109 85 2
109 87 2
109 88 2
109 90 2
109 91 2
109 93 2
109 95 2
109 96 2
109 97 2
109 99 2
109 101 2
109 103 2
109 104 2
109 105 2
109 106 2
109 107 2
110 1 2
110 2 2
110 11 2
110 12 2
110 17 2
110 21 2
110 22 2
110 23 2
110 25 2
110 26 2
110 28 2
110 29 2
110 39 2
110 41 2
110 45 2
110 49 2
110 57 2
110 58 2
110 59 2
110 62 2
110 65 2
110 68 2
110 74 2
110 77 2
110 79 2
110 80 2
110 82 2
110 85 2
110 89 2
110 93 2
110 96 2
110 97 2
110 98 2
110 101 2
110 102 2
110 103 2
110 104 2
110 105 2
110 106 2
110 109 2
111 2 2
111 4 2
111 5 2
111 7 2
111 8 2
111 12 2
111 14 2
111 18 2
111 19 2
111 20 2
111 21 2
111 22 2
111 24 2
111 25 2
111 29 2
111 30 2
111 36 2
111 37 2
111 41 2
111 42 2
111 45 2
111 46 2
111 48 2
111 51 2
111 58 2
111 59 2
111 60 2
111 61 2
111 62 2
111 63 2
111 65 2
111 66 2
111 72 2
111 74 2
111 75 2
111 76 2
111 81 2
111 82 2
111 83 2
111 87 2
111 90 2
111 91 2
111 94 2
111 95 2
111 96 2
111 97 2
111 98 2
111 100 2
111 102 2
111 103 2
111 105 2
111 108 2
111 110 2
112 0 2
112 1 2
112 3 2
112 16 2
112 24 2
112 33 2
112 40 2
112 41 2
112 54 2
112 55 2
112 57 2
112 58 2
112 62 2
112 65 2
112 69 2
112 76 2
112 77 2
112 79 2
112 80 2
112 88 2
112 91 2
112 95 2
112 104 2
112 108 2
112 112 2
113 0 2
113 2 2
113 3 2
113 6 2
113 10 2
113 24 2
113 25 2
113 26 2
113 29 2
113 30 2
113 31 2
113 35 2
113 36 2
113 40 2
113 41 2
113 42 2
113 47 2
113 48 2
113 52 2
113 57 2
113 58 2
113 60 2
113 70 2
113 71 2
113 72 2
113 73 2
113 75 2
113 76 2
113 80 2
113 81 2
113 82 2
113 83 2
113 85 2
113 86 2
113 87 2
113 88 2
113 90 2
113 91 2
113 92 2
113 96 2
113 97 2
113 100 2
113 101 2
113 102 2
113 103 2
113 104 2
113 105 2
113 109 2
113 110 2
113 112 2
114 2 2
114 3 2
114 6 2
114 7 2
114 10 2
114 13 2
114 15 2
114 16 2
114 17 2
114 18 2
114 21 2
114 22 2
114 25 2
114 31 2
114 32 2
114 35 2
114 36 2
114 39 2
114 41 2
114 42 2
114 44 2
114 46 2
114 47 2
114 48 2
114 51 2
114 54 2
114 56 2
114 58 2
114 63 2
114 65 2
114 70 2
114 72 2
114 73 2
114 74 2
114 75 2
114 76 2
114 77 2
114 79 2
114 81 2
114 82 2
114 86 2
114 88 2
114 89 2
114 90 2
114 91 2
114 93 2
114 94 2
114 96 2
114 97 2
114 99 2
114 102 2
114 103 2
114 104 2
114 106 2
114 108 2
114 109 2
114 114 2
115 1 2
115 4 2
115 6 2
115 7 2
115 8 2
115 10 2
115 12 2
115 14 2
115 15 2
115 18 2
115 19 2
115 21 2
115 22 2
115 23 2
115 28 2
115 30 2
115 31 2
115 35 2
115 36 2
115 37 2
115 38 2
115 39 2
115 44 2
115 45 2
115 46 2
115 47 2
115 48 2
115 58 2
115 62 2
115 65 2
115 74 2
115 76 2
115 79 2
115 82 2
115 84 2
115 85 2
115 86 2
115 89 2
115 93 2
115 95 2
115 97 2
115 98 2
115 100 2
115 104 2
115 112 2
115 113 2
116 2 2
116 3 2
116 5 2
116 6 2
116 11 2
116 12 2
116 13 2
116 14 2
116 15 2
116 17 2
116 19 2
116 20 2
116 21 2
116 22 2
116 25 2
116 28 2
116 30 2
116 33 2
116 35 2
116 37 2
116 39 2
116 40 2
116 44 2
116 47 2
116 54 2
116 56 2
116 60 2
116 62 2
116 63 2
116 66 2
116 68 2
116 72 2
116 73 2
116 74 2
116 75 2
116 79 2
116 80 2
116 82 2
116 87 2
116 88 2
116 89 2
116 90 2
116 92 2
116 94 2
116 99 2
116 101 2
116 103 2
116 107 2
116 108 2
116 114 2
116 115 2
116 116 2
117 1 2
117 4 2
117 12 2
117 18 2
117 20 2
117 25 2
117 26 2
117 27 2
117 31 2
117 32 2
117 33 2
117 34 2
117 35 2
117 41 2
117 44 2
117 46 2
117 49 2
117 53 2
117 56 2
117 59 2
117 61 2
117 65 2
117 66 2
117 67 2
117 68 2
117 69 2
117 71 2
117 72 2
117 77 2
117 78 2
117 80 2
117 82 2
117 83 2
117 84 2
117 87 2
117 88 2
117 89 2
117 91 2
117 93 2
117 96 2
117 97 2
117 99 2
117 100 2
117 102 2
117 103 2
117 105 2
117 106 2
117 107 2
117 112 2
117 115 2
117 117 2
118 2 2
118 3 2
118 5 2
118 8 2
118 9 2
118 12 2
118 15 2
118 21 2
118 23 2
118 24 2
118 27 2
118 28 2
118 29 2
118 31 2
118 35 2
118 37 2
118 38 2
118 45 2
118 48 2
118 49 2
118 57 2
118 64 2
118 66 2
118 70 2
118 72 2
118 78 2
118 81 2
118 85 2
118 86 2
118 87 2
118 89 2
118 93 2
118 94 2
118 96 2
118 97 2
118 99 2
118 102 2
118 105 2
118 106 2
118 107 2
118 108 2
118 110 2
118 112 2
118 115 2
118 116 2
118 117 2
118 118 2
119 2 2
119 3 2
119 5 2
119 9 2
119 15 2
119 17 2
119 20 2
119 21 2
119 22 2
119 24 2
119 27 2
119 28 2
119 32 2
119 41 2
119 42 2
119 43 2
119 48 2
119 50 2
119 56 2
119 60 2
119 66 2
119 70 2
119 71 2
119 75 2
119 77 2
119 83 2
119 86 2
119 91 2
119 92 2
119 93 2
119 94 2
119 95 2
119 96 2
119 97 2
119 99 2
119 100 2
119 101 2
119 102 2
119 103 2
119 104 2
119 105 2
119 107 2
119 110 2
119 111 2
119 113 2
119 114 2
119 115 2
119 117 2
120 0 2
120 4 2
120 6 2
120 9 2
120 12 2
120 15 2
120 16 2
120 17 2
120 18 2
120 23 2
120 25 2
120 27 2
120 28 2
120 29 2
120 31 2
120 32 2
120 34 2
120 38 2
120 40 2
120 41 2
120 42 2
120 45 2
120 46 2
120 47 2
120 48 2
120 49 2
120 54 2
120 56 2
120 60 2
120 62 2
120 64 2
120 66 2
120 75 2
120 77 2
120 79 2
120 82 2
120 84 2
120 90 2
120 92 2
120 95 2
120 100 2
120 102 2
120 103 2
120 105 2
120 107 2
120 108 2
120 109 2
120 112 2
120 115 2
120 116 2
120 117 2
120 118 2
120 119 2
120 120 2
121 0 2
121 2 2
121 3 2
121 5 2
121 7 2
121 11 2
121 14 2
121 16 2
121 18 2
121 24 2
121 25 2
121 26 2
121 27 2
121 30 2
121 31 2
121 35 2
121 39 2
121 41 2
121 42 2
121 44 2
121 46 2
121 49 2
121 51 2
121 54 2
121 57 2
121 58 2
121 60 2
121 61 2
121 62 2
121 70 2
121 78 2
121 81 2
121 88 2
121 89 2
121 91 2
121 93 2
121 94 2
121 99 2
121 100 2
121 102 2
121 105 2
121 113 2
121 114 2
121 118 2
121 119 2
121 121 2
122 0 2
122 7 2
122 12 2
122 14 2
122 20 2
122 21 2
122 22 2
122 25 2
122 26 2
122 27 2
122 32 2
122 37 2
122 38 2
122 40 2
122 42 2
122 44 2
122 45 2
122 46 2
122 47 2
122 49 2
122 51 2
122 54 2
122 55 2
122 56 2
122 57 2
122 59 2
122 60 2
122 61 2
122 65 2
122 70 2
122 71 2
122 79 2
122 82 2
122 85 2
122 87 2
122 88 2
122 89 2
122 96 2
122 97 2
122 101 2
122 102 2
122 105 2
122 109 2
122 111 2
122 117 2
122 119 2
122 120 2
122 121 2
122 122 2
123 2 2
123 3 2
123 5 2
123 6 2
123 9 2
123 10 2
123 11 2
123 12 2
123 18 2
123 20 2
123 23 2
123 24 2
123 25 2
123 26 2
123 27 2
123 29 2
123 30 2
123 32 2
123 37 2
123 38 2
123 39 2
123 40 2
123 41 2
123 42 2
123 44 2
123 45 2
123 49 2
123 50 2
123 51 2
123 60 2
123 61 2
123 63 2
123 64 2
123 65 2
123 66 2
123 67 2
123 73 2
123 74 2
123 77 2
123 81 2
123 82 2
123 84 2
123 88 2
123 89 2
123 90 2
123 91 2
123 92 2
123 93 2
123 95 2
123 100 2
123 102 2
123 103 2
123 106 2
123 107 2
123 108 2
123 111 2
123 116 2
123 117 2
123 119 2
123 121 2
123 122 2
123 123 2
124 2 2
124 3 2
124 5 2
124 6 2
124 7 2
124 16 2
124 17 2
124 18 2
124 19 2
124 26 2
124 27 2
124 28 2
124 29 2
124 32 2
124 35 2
124 39 2
124 42 2
124 44 2
124 49 2
124 51 2
124 56 2
124 58 2
124 59 2
124 66 2
124 68 2
124 69 2
124 74 2
124 78 2
124 79 2
124 80 2
124 83 2
124 87 2
124 89 2
124 90 2
124 92 2
124 96 2
124 97 2
124 99 2
124 102 2
124 103 2
124 106 2
124 108 2
124 110 2
124 113 2
124 115 2
124 116 2
124 117 2
124 118 2
124 120 2
124 121 2
124 124 2
125 0 2
125 5 2
125 6 2
125 10 2
125 12 2
125 16 2
125 17 2
125 18 2
125 19 2
125 21 2
125 23 2
125 26 2
125 27 2
125 28 2
125 31 2
125 33 2
125 34 2
125 38 2
125 40 2
125 42 2
125 46 2
125 47 2
125 51 2
125 53 2
125 58 2
125 59 2
125 63 2
125 65 2
125 72 2
125 73 2
125 76 2
125 77 2
125 78 2
125 82 2
125 86 2
125 88 2
125 89 2
125 92 2
125 93 2
125 94 2
125 96 2
125 99 2
125 100 2
125 103 2
125 106 2
125 115 2
125 118 2
125 119 2
125 121 2
126 3 2
126 4 2
126 6 2
126 9 2
126 10 2
126 15 2
126 16 2
126 17 2
126 18 2
126 21 2
126 22 2
126 23 2
126 26 2
126 29 2
126 30 2
126 31 2
126 34 2
126 35 2
126 37 2
126 39 2
126 40 2
126 45 2
126 46 2
126 48 2
126 49 2
126 50 2
126 51 2
126 53 2
126 54 2
126 60 2
126 62 2
126 68 2
126 69 2
126 73 2
126 74 2
126 78 2
126 86 2
126 87 2
126 88 2
126 90 2
126 94 2
126 96 2
126 97 2
126 98 2
126 102 2
126 105 2
126 107 2
126 110 2
126 115 2
126 116 2
126 120 2
126 121 2
126 123 2
127 0 2
127 2 2
127 3 2
127 4 2
127 5 2
127 6 2
127 8 2
127 12 2
127 13 2
127 14 2
127 15 2
127 16 2
127 17 2
127 20 2
127 21 2
127 23 2
127 24 2
127 28 2
127 33 2
127 34 2
127 36 2
127 37 2
127 38 2
127 39 2
127 40 2
127 43 2
127 44 2
127 47 2
127 51 2
127 56 2
127 58 2
127 62 2
127 63 2
127 64 2
127 65 2
127 66 2
127 67 2
127 70 2
127 73 2
127 77 2
127 79 2
127 83 2
127 86 2
127 89 2
127 90 2
127 91 2
127 93 2
127 95 2
127 96 2
127 99 2
127 103 2
127 107 2
127 108 2
127 109 2
127 111 2
127 113 2
127 116 2
127 117 2
127 118 2
127 121 2
127 127 2
128 2 2
128 3 2
128 4 2
128 5 2
128 6 2
128 8 2
128 9 2
128 10 2
128 13 2
128 15 2
128 22 2
128 27 2
128 28 2
128 37 2
128 38 2
128 47 2
128 49 2
128 53 2
128 55 2
128 56 2
128 57 2
128 59 2
128 61 2
128 63 2
128 67 2
128 71 2
128 72 2
128 74 2
128 75 2
128 76 2
128 78 2
128 79 2
128 82 2
128 83 2
128 86 2
128 87 2
128 88 2
128 89 2
128 92 2
128 94 2
128 99 2
128 102 2
128 103 2
128 106 2
128 107 2
128 108 2
128 109 2
128 116 2
128 122 2
128 125 2
129 1 2
129 2 2
129 6 2
129 7 2
129 8 2
129 11 2
129 12 2
129 13 2
129 16 2
129 18 2
129 22 2
129 24 2
129 25 2
129 28 2
129 29 2
129 35 2
129 37 2
129 39 2
129 40 2
129 41 2
129 42 2
129 45 2
129 51 2
129 52 2
129 55 2
129 61 2
129 65 2
129 66 2
129 67 2
129 70 2
129 72 2
129 73 2
129 74 2
129 75 2
129 76 2
129 77 2
129 80 2
129 82 2
129 85 2
129 86 2
129 88 2
129 91 2
129 96 2
129 99 2
129 100 2
129 102 2
129 103 2
129 105 2
129 108 2
129 110 2
129 111 2
129 113 2
129 116 2
129 118 2
129 121 2
129 122 2
129 125 2
129 126 2
129 128 2
130 2 2
130 3 2
130 6 2
130 7 2
130 10 2
130 11 2
130 12 2
130 13 2
130 15 2
130 18 2
130 19 2
130 23 2
130 26 2
130 28 2
130 29 2
130 31 2
130 33 2
130 35 2
130 44 2
130 47 2
130 48 2
130 49 2
130 53 2
130 56 2
130 57 2
130 60 2
130 61 2
130 63 2
130 64 2
130 66 2
130 68 2
130 76 2
130 78 2
130 80 2
130 82 2
130 86 2
130 88 2
130 91 2
130 93 2
130 94 2
130 100 2
130 101 2
130 103 2
130 106 2
130 107 2
130 108 2
130 111 2
130 114 2
130 115 2
130 118 2
130 121 2
130 124 2
130 126 2
130 128 2
131 1 2
131 4 2
131 7 2
131 11 2
131 13 2
131 17 2
131 21 2
131 23 2
131 24 2
131 25 2
131 26 2
131 28 2
131 31 2
131 32 2
131 34 2
131 35 2
131 37 2
131 38 2
131 40 2
131 41 2
131 42 2
131 44 2
131 46 2
131 47 2
131 51 2
131 57 2
131 60 2
131 62 2
131 63 2
131 64 2
131 65 2
131 66 2
131 73 2
131 75 2
131 77 2
131 79 2
131 80 2
131 82 2
131 83 2
131 84 2
131 86 2
131 89 2
131 91 2
131 93 2
131 94 2
131 97 2
131 103 2
131 104 2
131 111 2
131 113 2
131 115 2
131 116 2
131 117 2
131 122 2
131 123 2
131 124 2
131 125 2
131 129 2
132 2 2
132 5 2
132 6 2
132 7 2
132 8 2
132 13 2
132 14 2
132 15 2
132 18 2
132 20 2
132 21 2
132 23 2
132 26 2
132 27 2
132 29 2
132 36 2
132 37 2
132 39 2
132 40 2
132 43 2
132 46 2
132 48 2
132 49 2
132 51 2
132 53 2
132 57 2
132 59 2
132 60 2
132 65 2
132 73 2
132 74 2
132 76 2
132 78 2
132 79 2
132 82 2
132 86 2
132 87 2
132 89 2
132 94 2
132 97 2
132 98 2
132 100 2
132 103 2
132 107 2
132 108 2
132 109 2
132 110 2
132 114 2
132 116 2
132 119 2
132 122 2
132 125 2
132 129 2
133 3 2
133 5 2
133 6 2
133 7 2
133 8 2
133 9 2
133 12 2
133 14 2
133 18 2
133 19 2
133 20 2
133 22 2
133 23 2
133 24 2
133 25 2
133 26 2
133 31 2
133 36 2
133 37 2
133 38 2
133 40 2
133 42 2
133 44 2
133 45 2
133 51 2
133 52 2
133 55 2
133 56 2
133 57 2
133 64 2
133 65 2
133 68 2
133 69 2
133 71 2
133 72 2
133 73 2
133 74 2
133 76 2
133 79 2
133 84 2
133 85 2
133 87 2
133 88 2
133 89 2
133 95 2
133 98 2
133 100 2
133 102 2
133 103 2
133 106 2
133 107 2
133 108 2
133 111 2
133 115 2
133 120 2
133 121 2
133 122 2
133 124 2
133 125 2
133 127 2
133 131 2
133 133 2
134 4 2
134 6 2
134 13 2
134 16 2
134 22 2
134 25 2
134 31 2
134 36 2
134 38 2
134 42 2
134 44 2
134 50 2
134 52 2
134 56 2
134 58 2
134 69 2
134 70 2
134 75 2
134 78 2
134 85 2
134 88 2
134 89 2
134 99 2
134 100 2
134 101 2
134 110 2
134 112 2
134 113 2
134 116 2
134 120 2
134 121 2
134 126 2
134 133 2
135 1 2
135 5 2
135 6 2
135 7 2
135 12 2
135 13 2
135 14 2
135 15 2
135 22 2
135 26 2
135 27 2
135 28 2
135 30 2
135 37 2
135 38 2
135 39 2
135 40 2
135 44 2
135 45 2
135 50 2
135 52 2
135 56 2
135 59 2
135 60 2
135 61 2
135 62 2
135 63 2
135 64 2
135 70 2
135 73 2
135 74 2
135 76 2
135 77 2
135 78 2
135 80 2
135 81 2
135 86 2
135 88 2
135 90 2
135 91 2
135 94 2
135 96 2
135 102 2
135 105 2
135 107 2
135 108 2
135 109 2
135 111 2
135 115 2
135 116 2
135 117 2
135 119 2
135 128 2
135 129 2
135 130 2
135 132 2
135 134 2
136 0 2
136 1 2
136 3 2
136 5 2
136 7 2
136 8 2
136 11 2
136 12 2
136 13 2
136 21 2
136 23 2
136 25 2
136 27 2
136 31 2
136 38 2
136 39 2
136 41 2
136 43 2
136 46 2
136 49 2
136 50 2
136 54 2
136 56 2
136 57 2
136 58 2
136 60 2
136 61 2
136 62 2
136 63 2
136 67 2
136 69 2
136 70 2
136 72 2
136 73 2
136 75 2
136 77 2
136 86 2
136 87 2
136 88 2
136 93 2
136 96 2
136 97 2
136 100 2
136 116 2
136 117 2
136 118 2
136 119 2
136 120 2
136 121 2
136 122 2
136 124 2
136 125 2
136 127 2
136 128 2
136 131 2
136 133 2
136 135 2
136 136 2
137 0 2
137 1 2
137 2 2
137 3 2
137 6 2
137 7 2
137 9 2
137 10 2
137 12 2
137 13 2
137 14 2
137 15 2
137 21 2
137 22 2
137 24 2
137 25 2
137 27 2
137 31 2
137 35 2
137 36 2
137 37 2
137 38 2
137 40 2
137 45 2
137 47 2
137 48 2
137 51 2
137 53 2
137 55 2
137 56 2
137 59 2
137 60 2
137 63 2
137 65 2
137 70 2
137 71 2
137 74 2
137 76 2
137 78 2
137 80 2
137 82 2
137 84 2
137 85 2
137 86 2
137 89 2
137 92 2
137 93 2
137 95 2
137 96 2
137 97 2
137 100 2
137 101 2
137 107 2
137 111 2
137 115 2
137 116 2
137 119 2
137 120 2
137 121 2
137 125 2
137 126 2
137 128 2
137 131 2
137 136 2
138 1 2
138 2 2
138 5 2
138 9 2
138 15 2
138 18 2
138 19 2
138 22 2
138 24 2
138 25 2
138 26 2
138 27 2
138 30 2
138 32 2
138 33 2
138 39 2
138 40 2
138 41 2
138 46 2
138 47 2
138 49 2
138 50 2
138 55 2
138 56 2
138 59 2
138 61 2
138 62 2
138 64 2
138 68 2
138 70 2
138 73 2
138 78 2
138 79 2
138 80 2
138 81 2
138 82 2
138 84 2
138 87 2
138 91 2
138 96 2
138 97 2
138 98 2
138 103 2
138 104 2
138 108 2
138 109 2
138 113 2
138 115 2
138 117 2
138 120 2
138 121 2
138 124 2
138 125 2
138 127 2
138 128 2
138 129 2
138 130 2
138 132 2
138 134 2
138 136 2
138 138 2
139 0 2
139 2 2
139 7 2
139 11 2
139 12 2
139 14 2
139 17 2
139 19 2
139 26 2
139 30 2
139 35 2
139 36 2
139 38 2
139 39 2
139 43 2
139 48 2
139 50 2
139 51 2
139 52 2
139 55 2
139 60 2
139 73 2
139 76 2
139 82 2
139 83 2
139 94 2
139 95 2
139 96 2
139 100 2
139 103 2
139 107 2
139 111 2
139 112 2
139 115 2
139 117 2
139 122 2
139 128 2
139 132 2
139 134 2
139 135 2
139 137 2
139 139 2
140 1 2
140 2 2
140 7 2
140 11 2
140 15 2
140 18 2
140 23 2
140 24 2
140 25 2
140 30 2
140 31 2
140 34 2
140 35 2
140 40 2
140 57 2
140 69 2
140 81 2
140 87 2
140 91 2
140 95 2
140 97 2
140 98 2
140 99 2
140 102 2
140 104 2
140 105 2
140 106 2
140 112 2
140 123 2
140 131 2
140 133 2
140 137 2
140 140 2
141 0 2
141 3 2
141 6 2
141 9 2
141 10 2
141 13 2
141 14 2
141 15 2
141 17 2
141 20 2
141 29 2
141 30 2
141 33 2
141 36 2
141 39 2
141 40 2
141 41 2
141 42 2
141 44 2
141 45 2
141 47 2
141 48 2
141 49 2
141 55 2
141 57 2
141 60 2
141 61 2
141 62 2
141 63 2
141 64 2
141 66 2
141 67 2
141 68 2
141 70 2
141 71 2
141 77 2
141 78 2
141 83 2
141 84 2
141 85 2
141 89 2
141 90 2
141 96 2
141 98 2
141 99 2
141 103 2
141 106 2
141 109 2
141 110 2
141 113 2
141 119 2
141 121 2
141 122 2
141 123 2
141 124 2
141 132 2
141 133 2
141 135 2
141 140 2
142 0 2
142 2 2
142 3 2
142 5 2
142 6 2
142 8 2
142 12 2
142 15 2
142 17 2
142 18 2
142 20 2
142 22 2
142 24 2
142 26 2
142 27 2
142 29 2
142 30 2
142 33 2
142 34 2
142 35 2
142 39 2
142 42 2
142 48 2
142 51 2
142 53 2
142 55 2
142 57 2
142 61 2
142 65 2
142 66 2
142 68 2
142 71 2
142 73 2
142 81 2
142 86 2
142 88 2
142 89 2
142 90 2
142 91 2
142 93 2
142 97 2
142 98 2
142 99 2
142 100 2
142 101 2
142 103 2
142 105 2
142 110 2
142 114 2
142 117 2
142 118 2
142 119 2
142 120 2
142 121 2
142 122 2
142 123 2
142 125 2
142 126 2
142 127 2
142 129 2
142 131 2
142 133 2
142 136 2
142 137 2
143 2 2
143 3 2
143 5 2
143 6 2
143 7 2
143 12 2
143 15 2
143 17 2
143 18 2
143 19 2
143 20 2
143 24 2
143 26 2
143 30 2
143 32 2
143 33 2
143 40 2
143 43 2
143 45 2
143 51 2
143 53 2
143 54 2
143 57 2
143 60 2
143 61 2
143 66 2
143 68 2
143 72 2
143 74 2
143 75 2
143 77 2
143 79 2
143 80 2
143 82 2
143 86 2
143 87 2
143 93 2
143 94 2
143 96 2
143 97 2
143 100 2
143 106 2
143 109 2
143 110 2
143 111 2
143 114 2
143 118 2
143 122 2
143 123 2
143 127 2
143 130 2
143 138 2
144 1 2
144 2 2
144 3 2
144 4 2
144 6 2
144 11 2
144 16 2
144 19 2
144 22 2
144 25 2
144 27 2
144 29 2
144 32 2
144 35 2
144 36 2
144 38 2
144 39 2
144 44 2
144 47 2
144 49 2
144 51 2
144 54 2
144 56 2
144 58 2
144 59 2
144 61 2
144 62 2
144 66 2
144 68 2
144 70 2
144 73 2
144 75 2
144 76 2
144 79 2
144 82 2
144 83 2
144 86 2
144 90 2
144 94 2
144 95 2
144 96 2
144 98 2
144 99 2
144 100 2
144 102 2
144 105 2
144 108 2
144 109 2
144 112 2
144 113 2
144 115 2
144 116 2
144 118 2
144 120 2
144 124 2
144 125 2
144 129 2
144 130 2
144 131 2
144 134 2
145 0 2
145 6 2
145 9 2
145 10 2
145 11 2
145 12 2
145 15 2
145 19 2
145 22 2
145 23 2
145 24 2
145 25 2
145 27 2
145 28 2
145 29 2
145 30 2
145 33 2
145 38 2
145 39 2
145 46 2
145 48 2
145 49 2
145 52 2
145 55 2
145 57 2
145 59 2
145 64 2
145 66 2
145 67 2
145 70 2
145 72 2
145 74 2
145 75 2
145 79 2
145 83 2
145 86 2
145 89 2
145 90 2
145 93 2
145 95 2
145 96 2
145 102 2
145 103 2
145 105 2
145 109 2
145 111 2
145 113 2
145 114 2
145 118 2
145 122 2
145 125 2
145 129 2
145 131 2
145 132 2
145 133 2
145 135 2
145 136 2
145 139 2
145 144 2
146 4 2
146 8 2
146 13 2
146 14 2
146 16 2
146 17 2
146 20 2
146 25 2
146 26 2
146 27 2
146 28 2
146 29 2
146 30 2
146 31 2
146 36 2
146 37 2
146 44 2
146 50 2
146 51 2
146 53 2
146 54 2
146 57 2
146 60 2
146 61 2
146 67 2
146 68 2
146 70 2
146 79 2
146 82 2
146 83 2
146 84 2
146 85 2
146 87 2
146 89 2
146 91 2
146 92 2
146 93 2
146 95 2
146 97 2
146 98 2
146 99 2
146 102 2
146 103 2
146 104 2
146 105 2
146 106 2
146 108 2
146 111 2
146 113 2
146 115 2
146 118 2
146 119 2
146 120 2
146 121 2
146 123 2
146 125 2
146 130 2
146 134 2
146 137 2
146 138 2
146 139 2
146 140 2
146 141 2
146 146 2
147 3 2
147 8 2
147 12 2
147 13 2
147 14 2
147 18 2
147 19 2
147 23 2
147 25 2
147 30 2
147 32 2
147 36 2
147 37 2
147 38 2
147 39 2
147 43 2
147 44 2
147 45 2
147 46 2
147 48 2
147 51 2
147 57 2
147 63 2
147 64 2
147 67 2
147 70 2
147 71 2
147 72 2
147 75 2
147 79 2
147 82 2
147 86 2
147 87 2
147 88 2
147 89 2
147 91 2
147 92 2
147 93 2
147 97 2
147 99 2
147 100 2
147 101 2
147 102 2
147 105 2
147 107 2
147 108 2
147 111 2
147 114 2
147 115 2
147 116 2
147 118 2
147 122 2
147 123 2
147 124 2
147 125 2
147 128 2
147 132 2
147 133 2
147 138 2
147 147 2
148 0 2
148 3 2
148 4 2
148 7 2
148 10 2
148 11 2
148 12 2
148 14 2
148 15 2
148 17 2
148 18 2
148 19 2
148 23 2
148 25 2
148 28 2
148 29 2
148 34 2
148 36 2
148 38 2
148 40 2
148 41 2
148 42 2
148 43 2
148 44 2
148 49 2
148 50 2
148 56 2
148 58 2
148 59 2
148 64 2
148 65 2
148 66 2
148 68 2
148 72 2
148 73 2
148 75 2
148 76 2
148 83 2
148 84 2
148 92 2
148 93 2
148 96 2
148 97 2
148 100 2
148 103 2
148 105 2
148 107 2
148 110 2
148 115 2
148 119 2
148 122 2
148 123 2
148 124 2
148 127 2
148 128 2
148 129 2
148 130 2
148 131 2
148 133 2
148 136 2
148 141 2
148 143 2
148 144 2
148 145 2
148 146 2
149 0 2
149 2 2
149 3 2
149 5 2
149 7 2
149 12 2
149 13 2
149 18 2
149 22 2
149 23 2
149 24 2
149 26 2
149 29 2
149 31 2
149 37 2
149 38 2
149 39 2
149 40 2
149 42 2
149 44 2
149 46 2
149 49 2
149 51 2
149 53 2
149 56 2
149 59 2
149 61 2
149 63 2
149 66 2
149 68 2
149 70 2
149 71 2
149 75 2
149 78 2
149 81 2
149 85 2
149 86 2
149 87 2
149 90 2
149 91 2
149 93 2
149 95 2
149 101 2
149 105 2
149 107 2
149 108 2
149 109 2
149 110 2
149 112 2
149 113 2
149 115 2
149 116 2
149 117 2
149 120 2
149 121 2
149 122 2
149 127 2
149 128 2
149 130 2
149 135 2
149 137 2
149 143 2
149 146 2
150 7 2
150 11 2
150 17 2
150 21 2
150 22 2
150 26 2
150 27 2
150 28 2
150 34 2
150 35 2
150 41 2
150 43 2
150 47 2
150 52 2
150 54 2
150 55 2
150 59 2
150 68 2
150 83 2
150 84 2
150 89 2
150 107 2
150 110 2
150 113 2
150 114 2
150 116 2
150 122 2
150 136 2
150 140 2
150 149 2
151 3 2
151 4 2
151 7 2
151 8 2
151 9 2
151 10 2
151 12 2
151 20 2
151 22 2
151 23 2
151 25 2
151 28 2
151 29 2
151 34 2
151 36 2
151 37 2
151 39 2
151 40 2
151 42 2
151 45 2
151 47 2
151 48 2
151 50 2
151 52 2
151 57 2
151 61 2
151 62 2
151 64 2
151 65 2
151 66 2
151 68 2
151 69 2
151 71 2
151 72 2
151 74 2
151 77 2
151 78 2
151 79 2
151 80 2
151 82 2
151 83 2
151 86 2
151 87 2
151 89 2
151 90 2
151 94 2
151 96 2
151 97 2
151 98 2
151 100 2
151 105 2
151 106 2
151 107 2
151 110 2
151 111 2
151 114 2
151 115 2
151 116 2
151 117 2
151 118 2
151 119 2
151 121 2
151 122 2
151 124 2
151 129 2
151 130 2
151 132 2
151 133 2
151 135 2
151 142 2
151 143 2
151 144 2
151 145 2
151 146 2
151 147 2
151 148 2
151 149 2
152 1 2
152 2 2
152 3 2
152 4 2
152 6 2
152 12 2
152 14 2
152 18 2
152 19 2
152 20 2
152 22 2
152 23 2
152 24 2
152 26 2
152 27 2
152 28 2
152 29 2
152 31 2
152 33 2
152 35 2
152 36 2
152 39 2
152 41 2
152 44 2
152 45 2
152 46 2
152 48 2
152 49 2
152 53 2
152 59 2
152 60 2
152 64 2
152 71 2
152 74 2
152 75 2
152 84 2
152 87 2
152 91 2
152 92 2
152 96 2
152 99 2
152 101 2
152 102 2
152 103 2
152 111 2
152 112 2
152 114 2
152 118 2
152 126 2
152 129 2
152 130 2
152 131 2
152 133 2
152 135 2
152 138 2
152 140 2
152 141 2
152 142 2
152 145 2
152 148 2
152 149 2
153 0 2
153 3 2
153 6 2
153 7 2
153 8 2
153 12 2
153 13 2
153 15 2
153 17 2
153 19 2
153 21 2
153 23 2
153 24 2
153 25 2
153 31 2
153 38 2
153 39 2
153 42 2
153 45 2
153 46 2
153 47 2
153 49 2
153 53 2
153 57 2
153 59 2
153 60 2
153 61 2
153 73 2
153 74 2
153 78 2
153 80 2
153 83 2
153 84 2
153 86 2
153 87 2
153 89 2
153 90 2
153 91 2
153 93 2
153 97 2
153 98 2
153 100 2
153 105 2
153 106 2
153 107 2
153 108 2
153 110 2
153 111 2
153 112 2
153 115 2
153 116 2
153 119 2
153 124 2
153 127 2
153 131 2
153 132 2
153 135 2
153 142 2
154 4 2
154 13 2
154 18 2
154 21 2
154 24 2
154 28 2
154 29 2
154 32 2
154 34 2
154 37 2
154 43 2
154 45 2
154 52 2
154 53 2
154 54 2
154 57 2
154 65 2
154 68 2
154 70 2
154 78 2
154 82 2
154 87 2
154 92 2
154 98 2
154 101 2
154 105 2
154 107 2
154 114 2
154 121 2
154 128 2
154 133 2
154 134 2
154 135 2
154 139 2
154 144 2
154 147 2
154 149 2
155 1 2
155 3 2
155 4 2
155 5 2
155 9 2
155 12 2
155 13 2
155 15 2
155 22 2
155 23 2
155 24 2
155 27 2
155 30 2
155 34 2
155 35 2
155 37 2
155 38 2
155 39 2
155 40 2
155 42 2
155 45 2
155 47 2
155 48 2
155 49 2
155 51 2
155 53 2
155 54 2
155 57 2
155 58 2
155 60 2
155 61 2
155 62 2
155 63 2
155 64 2
155 65 2
155 66 2
155 69 2
155 75 2
155 78 2
155 79 2
155 80 2
155 82 2
155 83 2
155 84 2
155 87 2
155 89 2
155 90 2
155 91 2
155 94 2
155 97 2
155 98 2
155 100 2
155 103 2
155 105 2
155 107 2
155 109 2
155 110 2
155 111 2
155 112 2
155 113 2
155 114 2
155 115 2
155 116 2
155 117 2
155 118 2
155 119 2
155 120 2
155 121 2
155 122 2
155 123 2
155 124 2
155 125 2
155 126 2
155 129 2
155 135 2
155 141 2
155 142 2
155 143 2
155 146 2
155 148 2
155 153 2
156 0 2
156 1 2
156 2 2
156 3 2
156 4 2
156 5 2
156 7 2
156 10 2
156 12 2
156 16 2
156 20 2
156 22 2
156 23 2
156 25 2
156 27 2
156 31 2
156 32 2
156 37 2
156 38 2
156 40 2
156 44 2
156 46 2
156 47 2
156 49 2
156 55 2
156 61 2
156 62 2
156 63 2
156 67 2
156 68 2
156 71 2
156 72 2
156 76 2
156 77 2
156 78 2
156 79 2
156 80 2
156 85 2
156 87 2
156 89 2
156 93 2
156 94 2
156 99 2
156 100 2
156 107 2
156 108 2
156 110 2
156 112 2
156 116 2
156 118 2
156 119 2
156 120 2
156 122 2
156 127 2
156 128 2
156 132 2
156 133 2
156 136 2
156 139 2
156 140 2
156 141 2
156 142 2
156 145 2
156 148 2
156 149 2
156 150 2
156 151 2
156 153 2
156 155 2
157 0 2
157 5 2
157 7 2
157 12 2
157 14 2
157 17 2
157 18 2
157 20 2
157 21 2
157 22 2
157 24 2
157 29 2
157 30 2
157 32 2
157 37 2
157 38 2
157 42 2
157 45 2
157 46 2
157 47 2
157 48 2
157 49 2
157 53 2
157 57 2
157 62 2
157 70 2
157 73 2
157 74 2
157 75 2
157 79 2
157 80 2
157 83 2
157 84 2
157 85 2
157 86 2
157 87 2
157 91 2
157 103 2
157 106 2
157 108 2
157 110 2
157 112 2
157 113 2
157 117 2
157 119 2
157 122 2
157 127 2
157 129 2
157 130 2
157 131 2
157 132 2
157 133 2
157 136 2
157 138 2
157 140 2
157 141 2
157 144 2
157 145 2
157 146 2
157 147 2
157 149 2
157 153 2
157 154 2
157 155 2
157 156 2
158 3 2
158 4 2
158 5 2
158 6 2
158 8 2
158 12 2
158 13 2
158 15 2
158 18 2
158 19 2
158 21 2
158 22 2
158 25 2
158 27 2
158 30 2
158 32 2
158 33 2
158 35 2
158 36 2
158 37 2
158 38 2
158 40 2
158 41 2
158 46 2
158 47 2
158 51 2
158 52 2
158 55 2
158 60 2
158 61 2
158 62 2
158 63 2
158 65 2
158 66 2
158 67 2
158 70 2
158 73 2
158 74 2
158 76 2
158 79 2
158 80 2
158 81 2
158 82 2
158 84 2
158 88 2
158 91 2
158 96 2
158 97 2
158 100 2
158 101 2
158 103 2
158 106 2
158 108 2
158 111 2
158 113 2
158 116 2
158 117 2
158 119 2
158 123 2
158 125 2
158 126 2
158 129 2
158 131 2
158 132 2
158 135 2
158 138 2
158 139 2
158 142 2
158 143 2
158 151 2
158 152 2
158 154 2
158 157 2
158 158 2
159 4 2
159 6 2
159 7 2
159 8 2
159 10 2
159 11 2
159 14 2
159 15 2
159 19 2
159 20 2
159 21 2
159 22 2
159 23 2
159 24 2
159 26 2
159 27 2
159 29 2
159 30 2
159 32 2
159 35 2
159 36 2
159 39 2
159 40 2
159 44 2
159 45 2
159 47 2
159 48 2
159 49 2
159 52 2
159 53 2
159 54 2
159 56 2
159 59 2
159 60 2
159 61 2
159 62 2
159 67 2
159 70 2
159 73 2
159 74 2
159 79 2
159 80 2
159 85 2
159 86 2
159 90 2
159 92 2
159 94 2
159 96 2
159 97 2
159 100 2
159 103 2
159 106 2
159 108 2
159 110 2
159 111 2
159 115 2
159 119 2
159 121 2
159 127 2
159 128 2
159 129 2
159 131 2
159 133 2
159 135 2
159 136 2
159 137 2
159 138 2
159 139 2
159 143 2
159 145 2
159 148 2
159 155 2
159 157 2
160 7 2
160 9 2
160 10 2
160 11 2
160 19 2
160 23 2
160 24 2
160 27 2
160 31 2
160 32 2
160 35 2
160 36 2
160 37 2
160 39 2
160 40 2
160 41 2
160 46 2
160 50 2
160 53 2
160 57 2
160 58 2
160 59 2
160 60 2
160 61 2
160 63 2
160 64 2
160 68 2
160 71 2
160 72 2
160 73 2
160 74 2
160 76 2
160 80 2
160 87 2
160 88 2
160 93 2
160 96 2
160 97 2
160 102 2
160 103 2
160 106 2
160 113 2
160 118 2
160 119 2
160 120 2
160 121 2
160 123 2
160 125 2
160 129 2
160 131 2
160 136 2
160 137 2
160 138 2
160 141 2
160 142 2
160 146 2
160 147 2
160 148 2
160 149 2
160 154 2
160 157 2
160 159 2
161 2 2
161 4 2
161 7 2
161 11 2
161 14 2
161 15 2
161 16 2
161 17 2
161 19 2
161 20 2
161 21 2
161 25 2
161 26 2
161 27 2
161 29 2
161 35 2
161 36 2
161 46 2
161 48 2
161 49 2
161 50 2
161 53 2
161 56 2
161 62 2
161 66 2
161 68 2
161 70 2
161 71 2
161 73 2
161 74 2
161 77 2
161 80 2
161 83 2
161 85 2
161 90 2
161 91 2
161 93 2
161 94 2
161 98 2
161 101 2
161 106 2
161 107 2
161 110 2
161 111 2
161 114 2
161 115 2
161 116 2
161 117 2
161 120 2
161 121 2
161 123 2
161 124 2
161 125 2
161 126 2
161 128 2
161 129 2
161 130 2
161 138 2
161 143 2
161 144 2
161 149 2
161 151 2
161 152 2
161 153 2
161 155 2
161 157 2
162 2 2
162 3 2
162 4 2
162 11 2
162 13 2
162 15 2
162 18 2
162 20 2
162 22 2
162 23 2
162 25 2
162 26 2
162 27 2
162 30 2
162 35 2
162 37 2
162 40 2
162 42 2
162 44 2
162 45 2
162 46 2
162 47 2
162 48 2
162 51 2
162 54 2
162 56 2
162 58 2
162 59 2
162 60 2
162 61 2
162 63 2
162 64 2
162 67 2
162 68 2
162 69 2
162 71 2
162 72 2
162 75 2
162 77 2
162 80 2
162 81 2
162 84 2
162 86 2
162 87 2
162 88 2
162 90 2
162 96 2
162 99 2
162 100 2
162 103 2
162 105 2
162 113 2
162 114 2
162 116 2
162 117 2
162 121 2
162 125 2
162 126 2
162 127 2
162 128 2
162 129 2
162 131 2
162 136 2
162 142 2
162 145 2
162 147 2
162 155 2
162 156 2
162 157 2
162 158 2
162 162 2
163 0 2
163 2 2
163 5 2
163 8 2
163 10 2
163 15 2
163 17 2
163 21 2
163 25 2
163 28 2
163 32 2
163 35 2
163 38 2
163 42 2
163 43 2
163 44 2
163 50 2
163 51 2
163 52 2
163 56 2
163 59 2
163 61 2
163 67 2
163 68 2
163 71 2
163 73 2
163 75 2
163 76 2
163 82 2
163 85 2
163 89 2
163 91 2
163 94 2
163 100 2
163 102 2
163 104 2
163 105 2
163 107 2
163 109 2
163 111 2
163 113 2
163 114 2
163 116 2
163 121 2
163 122 2
163 124 2
163 126 2
163 130 2
163 132 2
163 134 2
163 135 2
163 136 2
163 137 2
163 143 2
163 144 2
163 145 2
163 146 2
163 153 2
163 156 2
163 159 2
163 161 2
164 0 2
164 1 2
164 6 2
164 8 2
164 9 2
164 12 2
164 14 2
164 16 2
164 18 2
164 21 2
164 22 2
164 24 2
164 31 2
164 36 2
164 40 2
164 41 2
164 43 2
164 44 2
164 45 2
164 46 2
164 51 2
164 52 2
164 56 2
164 58 2
164 59 2
164 60 2
164 62 2
164 64 2
164 67 2
164 70 2
164 72 2
164 73 2
164 74 2
164 77 2
164 78 2
164 80 2
164 81 2
164 82 2
164 83 2
164 91 2
164 93 2
164 94 2
164 95 2
164 96 2
164 97 2
164 98 2
164 99 2
164 103 2
164 105 2
164 106 2
164 107 2
164 108 2
164 109 2
164 111 2
164 112 2
164 113 2
164 114 2
164 117 2
164 119 2
164 120 2
164 126 2
164 127 2
164 128 2
164 132 2
164 133 2
164 135 2
164 137 2
164 138 2
164 141 2
164 145 2
164 146 2
164 149 2
164 151 2
164 155 2
164 157 2
165 0 2
165 2 2
165 3 2
165 4 2
165 7 2
165 10 2
165 12 2
165 13 2
165 17 2
165 18 2
165 21 2
165 23 2
165 25 2
165 26 2
165 33 2
165 39 2
165 42 2
165 46 2
165 47 2
165 48 2
165 49 2
165 54 2
165 56 2
165 58 2
165 59 2
165 61 2
165 65 2
165 70 2
165 74 2
165 75 2
165 77 2
165 78 2
165 80 2
165 83 2
165 84 2
165 87 2
165 89 2
165 90 2
165 94 2
165 95 2
165 97 2
165 103 2
165 108 2
165 110 2
165 113 2
165 114 2
165 118 2
165 121 2
165 122 2
165 124 2
165 127 2
165 128 2
165 131 2
165 132 2
165 133 2
165 134 2
165 136 2
165 141 2
165 145 2
165 148 2
165 151 2
165 152 2
165 155 2
165 157 2
165 160 2
165 164 2
166 3 2
166 4 2
166 7 2
166 9 2
166 11 2
166 13 2
166 16 2
166 18 2
166 23 2
166 25 2
166 26 2
166 30 2
166 36 2
166 37 2
166 38 2
166 39 2
166 40 2
166 41 2
166 42 2
166 43 2
166 46 2
166 47 2
166 48 2
166 49 2
166 50 2
166 52 2
166 53 2
166 57 2
166 61 2
166 62 2
166 64 2
166 67 2
166 71 2
166 72 2
166 73 2
166 74 2
166 77 2
166 78 2
166 82 2
166 89 2
166 90 2
166 91 2
166 93 2
166 95 2
166 96 2
166 100 2
166 108 2
166 109 2
166 114 2
166 115 2
166 120 2
166 121 2
166 123 2
166 126 2
166 131 2
166 132 2
166 137 2
166 138 2
166 144 2
166 145 2
166 147 2
166 149 2
166 150 2
166 151 2
166 152 2
166 153 2
166 155 2
166 156 2
166 158 2
166 165 2
167 0 2
167 1 2
167 8 2
167 9 2
167 10 2
167 15 2
167 16 2
167 21 2
167 22 2
167 24 2
167 25 2
167 27 2
167 28 2
167 29 2
167 35 2
167 36 2
167 40 2
167 44 2
167 45 2
167 47 2
167 52 2
167 56 2
167 57 2
167 58 2
167 59 2
167 60 2
167 61 2
167 62 2
167 64 2
167 66 2
167 71 2
167 75 2
167 76 2
167 77 2
167 78 2
167 79 2
167 80 2
167 82 2
167 86 2
167 87 2
167 89 2
167 90 2
167 91 2
167 92 2
167 98 2
167 99 2
167 100 2
167 104 2
167 107 2
167 108 2
167 109 2
167 110 2
167 112 2
167 114 2
167 116 2
167 118 2
167 125 2
167 139 2
167 143 2
167 145 2
167 146 2
167 147 2
167 150 2
167 153 2
167 156 2
167 161 2
167 162 2
167 164 2
167 166 2
167 167 2
168 4 2
168 9 2
168 10 2
168 11 2
168 12 2
168 16 2
168 17 2
168 18 2
168 22 2
168 23 2
168 28 2
168 31 2
168 37 2
168 41 2
168 44 2
168 45 2
168 46 2
168 49 2
168 50 2
168 51 2
168 52 2
168 56 2
168 57 2
168 58 2
168 61 2
168 62 2
168 65 2
168 66 2
168 70 2
168 72 2
168 74 2
168 76 2
168 77 2
168 78 2
168 79 2
168 85 2
168 92 2
168 95 2
168 96 2
168 98 2
168 100 2
168 103 2
168 109 2
168 110 2
168 112 2
168 121 2
168 129 2
168 130 2
168 131 2
168 133 2
168 134 2
168 135 2
168 136 2
168 145 2
168 152 2
168 155 2
168 160 2
168 162 2
168 163 2
168 165 2
168 167 2
168 168 2
169 4 2
169 7 2
169 8 2
169 9 2
169 12 2
169 17 2
169 22 2
169 23 2
169 25 2
169 29 2
169 30 2
169 33 2
169 34 2
169 35 2
169 38 2
169 40 2
169 44 2
169 45 2
169 49 2
169 53 2
169 54 2
169 58 2
169 60 2
169 61 2
169 63 2
169 65 2
169 73 2
169 75 2
169 78 2
169 79 2
169 80 2
169 81 2
169 82 2
169 83 2
169 84 2
169 90 2
169 91 2
169 93 2
169 94 2
169 95 2
169 99 2
169 100 2
169 103 2
169 105 2
169 106 2
169 107 2
169 115 2
169 118 2
169 126 2
169 128 2
169 129 2
169 132 2
169 133 2
169 135 2
169 136 2
169 138 2
169 139 2
169 145 2
169 147 2
169 151 2
169 153 2
169 156 2
169 158 2
169 162 2
169 163 2
169 164 2
169 167 2
170 2 2
170 3 2
170 4 2
170 6 2
170 15 2
170 17 2
170 19 2
170 20 2
170 21 2
170 22 2
170 24 2
170 26 2
170 28 2
170 32 2
170 37 2
170 39 2
170 47 2
170 49 2
170 52 2
170 53 2
170 54 2
170 56 2
170 58 2
170 61 2
170 63 2
170 64 2
170 65 2
170 66 2
170 67 2
170 71 2
170 75 2
170 77 2
170 83 2
170 84 2
170 85 2
170 86 2
170 87 2
170 92 2
170 93 2
170 94 2
170 95 2
170 97 2
170 98 2
170 100 2
170 101 2
170 102 2
170 103 2
170 105 2
170 107 2
170 114 2
170 117 2
170 119 2
170 131 2
170 133 2
170 135 2
170 139 2
170 142 2
170 146 2
170 147 2
170 151 2
170 153 2
170 155 2
170 158 2
170 159 2
170 161 2
170 166 2
170 167 2
170 168 2
171 2 2
171 4 2
171 10 2
171 13 2
171 14 2
171 15 2
171 16 2
171 17 2
171 18 2
171 22 2
171 23 2
171 27 2
171 28 2
171 34 2
171 35 2
171 38 2
171 39 2
171 40 2
171 41 2
171 44 2
171 45 2
171 47 2
171 48 2
171 51 2
171 53 2
171 61 2
171 64 2
171 65 2
171 66 2
171 69 2
171 71 2
171 73 2
171 74 2
171 81 2
171 82 2
171 84 2
171 87 2
171 89 2
171 90 2
171 93 2
171 95 2
171 96 2
171 98 2
171 100 2
171 101 2
171 102 2
171 103 2
171 105 2
171 113 2
171 115 2
171 119 2
171 120 2
171 122 2
171 123 2
171 124 2
171 125 2
171 128 2
171 133 2
171 136 2
171 138 2
171 143 2
171 147 2
171 151 2
171 153 2
171 155 2
171 157 2
171 162 2
171 164 2
171 165 2
171 167 2
172 0 2
172 2 2
172 4 2
172 6 2
172 11 2
172 13 2
172 16 2
172 17 2
172 18 2
172 20 2
172 21 2
172 22 2
172 23 2
172 24 2
172 25 2
172 26 2
172 31 2
172 35 2
172 36 2
172 37 2
172 38 2
172 44 2
172 46 2
172 48 2
172 51 2
172 52 2
172 53 2
172 56 2
172 57 2
172 59 2
172 62 2
172 64 2
172 66 2
172 68 2
172 70 2
172 73 2
172 76 2
172 83 2
172 84 2
172 90 2
172 91 2
172 92 2
172 94 2
172 96 2
172 97 2
172 98 2
172 100 2
172 108 2
172 110 2
172 112 2
172 117 2
172 119 2
172 121 2
172 125 2
172 126 2
172 127 2
172 128 2
172 130 2
172 137 2
172 138 2
172 140 2
172 143 2
172 145 2
172 147 2
172 148 2
172 149 2
172 152 2
172 154 2
172 156 2
172 158 2
172 160 2
172 164 2
172 165 2
172 166 2
172 167 2
172 168 2
172 170 2
172 171 2
173 0 2
173 4 2
173 5 2
173 6 2
173 7 2
173 9 2
173 12 2
173 13 2
173 15 2
173 18 2
173 24 2
173 25 2
173 30 2
173 31 2
173 32 2
173 40 2
173 42 2
173 43 2
173 46 2
173 50 2
173 52 2
173 53 2
173 54 2
173 58 2
173 59 2
173 62 2
173 66 2
173 71 2
173 73 2
173 75 2
173 76 2
173 81 2
173 83 2
173 88 2
173 91 2
173 92 2
173 93 2
173 94 2
173 95 2
173 96 2
173 99 2
173 100 2
173 103 2
173 108 2
173 109 2
173 111 2
173 112 2
173 113 2
173 114 2
173 115 2
173 117 2
173 124 2
173 125 2
173 126 2
173 131 2
173 132 2
173 138 2
173 142 2
173 143 2
173 144 2
173 146 2
173 147 2
173 148 2
173 151 2
173 152 2
173 156 2
173 158 2
173 165 2
173 166 2
173 168 2
173 170 2
173 173 2
174 0 2
174 2 2
174 3 2
174 4 2
174 8 2
174 11 2
174 12 2
174 14 2
174 21 2
174 23 2
174 26 2
174 32 2
174 35 2
174 38 2
174 41 2
174 42 2
174 43 2
174 44 2
174 46 2
174 48 2
174 53 2
174 54 2
174 56 2
174 59 2
174 61 2
174 62 2
174 63 2
174 66 2
174 70 2
174 73 2
174 74 2
174 75 2
174 76 2
174 77 2
174 79 2
174 84 2
174 89 2
174 90 2
174 93 2
174 98 2
174 99 2
174 100 2
174 103 2
174 105 2
174 106 2
174 109 2
174 111 2
174 115 2
174 116 2
174 118 2
174 121 2
174 123 2
174 125 2
174 126 2
174 135 2
174 136 2
174 138 2
174 143 2
174 145 2
174 150 2
174 151 2
174 153 2
174 154 2
174 158 2
174 159 2
174 161 2
174 162 2
174 163 2
174 164 2
174 173 2
174 174 2
175 3 2
175 5 2
175 6 2
175 7 2
175 13 2
175 14 2
175 15 2
175 16 2
175 17 2
175 22 2
175 23 2
175 24 2
175 25 2
175 28 2
175 32 2
175 38 2
175 41 2
175 42 2
175 44 2
175 53 2
175 54 2
175 55 2
175 58 2
175 59 2
175 60 2
175 64 2
175 65 2
175 68 2
175 70 2
175 71 2
175 72 2
175 73 2
175 78 2
175 79 2
175 82 2
175 83 2
175 84 2
175 86 2
175 90 2
175 93 2
175 97 2
175 98 2
175 99 2
175 100 2
175 101 2
175 103 2
175 105 2
175 106 2
175 111 2
175 113 2
175 115 2
175 119 2
175 124 2
175 125 2
175 127 2
175 132 2
175 134 2
175 136 2
175 141 2
175 142 2
175 147 2
175 154 2
175 156 2
175 158 2
175 159 2
175 160 2
175 161 2
175 162 2
175 164 2
175 165 2
175 166 2
175 167 2
175 172 2
175 173 2
175 174 2
175 175 2
176 0 2
176 3 2
176 6 2
176 12 2
176 13 2
176 20 2
176 23 2
176 24 2
176 26 2
176 27 2
176 30 2
176 31 2
176 32 2
176 34 2
176 37 2
176 45 2
176 49 2
176 52 2
176 58 2
176 59 2
176 60 2
176 63 2
176 67 2
176 68 2
176 70 2
176 71 2
176 72 2
176 77 2
176 85 2
176 86 2
176 87 2
176 88 2
176 89 2
176 91 2
176 92 2
176 94 2
176 102 2
176 105 2
176 110 2
176 111 2
176 112 2
176 114 2
176 115 2
176 119 2
176 122 2
176 123 2
176 124 2
176 125 2
176 126 2
176 128 2
176 129 2
176 131 2
176 137 2
176 141 2
176 143 2
176 144 2
176 145 2
176 146 2
176 147 2
176 148 2
176 149 2
176 152 2
176 153 2
176 160 2
176 162 2
176 164 2
176 169 2
176 170 2
177 0 2
177 2 2
177 7 2
177 10 2
177 17 2
177 19 2
177 21 2
177 22 2
177 27 2
177 28 2
177 30 2
177 32 2
177 40 2
177 41 2
177 44 2
177 45 2
177 49 2
177 50 2
177 51 2
177 58 2
177 59 2
177 62 2
177 67 2
177 70 2
177 75 2
177 77 2
177 81 2
177 82 2
177 83 2
177 84 2
177 88 2
177 93 2
177 101 2
177 103 2
177 107 2
177 108 2
177 111 2
177 113 2
177 114 2
177 115 2
177 118 2
177 121 2
177 122 2
177 125 2
177 126 2
177 132 2
177 140 2
177 141 2
177 142 2
177 144 2
177 145 2
177 149 2
177 152 2
177 155 2
177 159 2
177 161 2
177 163 2
177 167 2
177 169 2
177 171 2
177 172 2
177 175 2
177 177 2
178 3 2
178 9 2
178 10 2
178 19 2
178 22 2
178 34 2
178 41 2
178 48 2
178 50 2
178 51 2
178 55 2
178 62 2
178 63 2
178 67 2
178 80 2
178 86 2
178 95 2
178 107 2
178 121 2
178 123 2
178 128 2
178 134 2
178 140 2
178 141 2
178 142 2
178 143 2
178 146 2
178 147 2
178 153 2
178 154 2
178 159 2
178 160 2
178 169 2
178 171 2
178 173 2
178 175 2
179 1 2
179 2 2
179 4 2
179 5 2
179 7 2
179 10 2
179 12 2
179 13 2
179 14 2
179 15 2
179 18 2
179 19 2
179 20 2
179 21 2
179 23 2
179 25 2
179 26 2
179 27 2
179 28 2
179 36 2
179 37 2
179 38 2
179 51 2
179 54 2
179 55 2
179 56 2
179 57 2
179 58 2
179 60 2
179 61 2
179 62 2
179 65 2
179 68 2
179 71 2
179 72 2
179 73 2
179 74 2
179 76 2
179 78 2
179 79 2
179 80 2
179 83 2
179 86 2
179 87 2
179 88 2
179 89 2
179 90 2
179 91 2
179 92 2
179 94 2
179 95 2
179 96 2
179 102 2
179 105 2
179 107 2
179 108 2
179 109 2
179 113 2
179 116 2
179 117 2
179 120 2
179 122 2
179 126 2
179 129 2
179 131 2
179 132 2
179 134 2
179 138 2
179 139 2
179 145 2
179 149 2
179 152 2
179 153 2
179 156 2
179 157 2
179 158 2
179 159 2
179 162 2
179 164 2
179 166 2
179 167 2
179 169 2
179 175 2
179 178 2
179 179 2
180 2 2
180 4 2
180 6 2
180 7 2
180 9 2
180 10 2
180 12 2
180 14 2
180 15 2
180 17 2
180 20 2
180 21 2
180 24 2
180 29 2
180 33 2
180 37 2
180 39 2
180 40 2
180 41 2
180 44 2
180 45 2
180 46 2
180 47 2
180 50 2
180 51 2
180 54 2
180 55 2
180 56 2
180 57 2
180 59 2
180 61 2
180 62 2
180 63 2
180 64 2
180 67 2
180 68 2
180 72 2
180 74 2
180 75 2
180 76 2
180 77 2
180 80 2
180 82 2
180 83 2
180 84 2
180 85 2
180 87 2
180 93 2
180 96 2
180 98 2
180 101 2
180 102 2
180 106 2
180 108 2
180 109 2
180 111 2
180 114 2
180 117 2
180 121 2
180 122 2
180 123 2
180 124 2
180 131 2
180 138 2
180 140 2
180 142 2
180 145 2
180 146 2
180 148 2
180 153 2
180 155 2
180 156 2
180 160 2
180 162 2
180 163 2
180 168 2
180 169 2
180 170 2
180 171 2
180 172 2
180 173 2
180 175 2
180 176 2
180 179 2
181 1 2
181 6 2
181 7 2
181 9 2
181 12 2
181 14 2
181 15 2
181 20 2
181 24 2
181 25 2
181 28 2
181 31 2
181 32 2
181 35 2
181 36 2
181 37 2
181 38 2
181 40 2
181 41 2
181 42 2
181 43 2
181 44 2
181 49 2
181 51 2
181 58 2
181 61 2
181 63 2
181 64 2
181 67 2
181 69 2
181 70 2
181 73 2
181 74 2
181 76 2
181 77 2
181 80 2
181 82 2
181 86 2
181 87 2
181 88 2
181 90 2
181 92 2
181 96 2
181 97 2
181 98 2
181 106 2
181 108 2
181 113 2
181 114 2
181 115 2
181 118 2
181 119 2
181 120 2
181 122 2
181 124 2
181 126 2
181 128 2
181 129 2
181 130 2
181 131 2
181 132 2
181 134 2
181 136 2
181 137 2
181 148 2
181 149 2
181 150 2
181 151 2
181 153 2
181 156 2
181 157 2
181 159 2
181 164 2
181 165 2
181 166 2
181 167 2
181 171 2
181 180 2
181 181 2
182 1 2
182 7 2
182 11 2
182 14 2
182 15 2
182 16 2
182 17 2
182 24 2
182 43 2
182 51 2
182 55 2
182 60 2
182 67 2
182 76 2
182 77 2
182 80 2
182 82 2
182 86 2
182 87 2
182 90 2
182 93 2
182 95 2
182 104 2
182 105 2
182 108 2
182 111 2
182 114 2
182 134 2
182 135 2
182 140 2
182 144 2
182 150 2
182 151 2
182 152 2
182 153 2
182 154 2
182 165 2
182 169 2
182 178 2
182 181 2
182 182 2
183 2 2
183 4 2
183 5 2
183 6 2
183 11 2
183 12 2
183 14 2
183 15 2
183 16 2
183 17 2
183 18 2
183 20 2
183 25 2
183 28 2
183 30 2
183 31 2
183 32 2
183 34 2
183 37 2
183 38 2
183 39 2
183 40 2
183 43 2
183 44 2
183 47 2
183 52 2
183 54 2
183 56 2
183 60 2
183 61 2
183 63 2
183 65 2
183 67 2
183 68 2
183 71 2
183 76 2
183 77 2
183 85 2
183 88 2
183 90 2
183 92 2
183 94 2
183 99 2
183 101 2
183 105 2
183 107 2
183 108 2
183 109 2
183 110 2
183 116 2
183 119 2
183 120 2
183 121 2
183 122 2
183 123 2
183 125 2
183 127 2
183 128 2
183 130 2
183 131 2
183 132 2
183 134 2
183 135 2
183 136 2
183 140 2
183 141 2
183 143 2
183 145 2
183 146 2
183 148 2
183 149 2
183 151 2
183 152 2
183 153 2
183 155 2
183 156 2
183 158 2
183 159 2
183 161 2
183 163 2
183 164 2
183 165 2
183 166 2
183 169 2
183 170 2
183 171 2
183 175 2
183 177 2
183 178 2
183 179 2
183 180 2
183 181 2
184 0 2
184 2 2
184 6 2
184 8 2
184 12 2
184 16 2
184 18 2
184 21 2
184 23 2
184 25 2
184 30 2
184 31 2
184 33 2
184 35 2
184 37 2
184 39 2
184 41 2
184 42 2
184 45 2
184 49 2
184 51 2
184 55 2
184 56 2
184 57 2
184 58 2
184 59 2
184 62 2
184 63 2
184 66 2
184 68 2
184 71 2
184 73 2
184 76 2
184 77 2
184 80 2
184 82 2
184 84 2
184 88 2
184 89 2
184 93 2
184 94 2
184 96 2
184 97 2
184 98 2
184 101 2
184 102 2
184 103 2
184 109 2
184 114 2
184 123 2
184 125 2
184 126 2
184 127 2
184 129 2
184 131 2
184 135 2
184 137 2
184 138 2
184 142 2
184 143 2
184 145 2
184 152 2
184 153 2
184 159 2
184 161 2
184 165 2
184 166 2
184 167 2
184 169 2
184 170 2
184 174 2
184 176 2
184 180 2
184 184 2
185 4 2
185 5 2
185 6 2
185 9 2
185 10 2
185 13 2
185 16 2
185 17 2
185 20 2
185 21 2
185 22 2
185 25 2
185 26 2
185 28 2
185 35 2
185 36 2
185 39 2
185 41 2
185 42 2
185 45 2
185 46 2
185 47 2
185 50 2
185 53 2
185 59 2
185 63 2
185 66 2
185 67 2
185 70 2
185 71 2
185 72 2
185 73 2
185 75 2
185 82 2
185 84 2
185 85 2
185 88 2
185 89 2
185 90 2
185 91 2
185 95 2
185 97 2
185 100 2
185 101 2
185 102 2
185 103 2
185 107 2
185 114 2
185 117 2
185 119 2
185 120 2
185 123 2
185 125 2
185 126 2
185 131 2
185 133 2
185 137 2
185 138 2
185 141 2
185 143 2
185 145 2
185 147 2
185 149 2
185 152 2
185 157 2
185 159 2
185 161 2
185 163 2
185 165 2
185 167 2
185 168 2
185 169 2
185 177 2
185 180 2
185 181 2
185 183 2
186 3 2
186 4 2
186 5 2
186 6 2
186 8 2
186 9 2
186 12 2
186 13 2
186 14 2
186 15 2
186 17 2
186 18 2
186 21 2
186 24 2
186 25 2
186 27 2
186 32 2
186 37 2
186 39 2
186 41 2
186 42 2
186 44 2
186 45 2
186 48 2
186 51 2
186 53 2
186 54 2
186 57 2
186 59 2
186 60 2
186 62 2
186 63 2
186 64 2
186 65 2
186 66 2
186 68 2
186 70 2
186 74 2
186 75 2
186 79 2
186 82 2
186 83 2
186 84 2
186 86 2
186 88 2
186 89 2
186 90 2
186 98 2
186 99 2
186 100 2
186 101 2
186 102 2
186 105 2
186 106 2
186 107 2
186 108 2
186 113 2
186 116 2
186 117 2
186 118 2
186 120 2
186 124 2
186 125 2
186 126 2
186 129 2
186 132 2
186 135 2
186 138 2
186 144 2
186 147 2
186 151 2
186 157 2
186 160 2
186 165 2
186 169 2
186 170 2
186 171 2
186 177 2
186 181 2
186 183 2
187 4 2
187 6 2
187 7 2
187 8 2
187 10 2
187 13 2
187 14 2
187 15 2
187 16 2
187 18 2
187 19 2
187 23 2
187 24 2
187 25 2
187 26 2
187 28 2
187 29 2
187 31 2
187 34 2
187 38 2
187 40 2
187 45 2
187 48 2
187 49 2
187 54 2
187 57 2
187 60 2
187 63 2
187 64 2
187 73 2
187 75 2
187 76 2
187 78 2
187 84 2
187 85 2
187 86 2
187 90 2
187 91 2
187 95 2
187 96 2
187 97 2
187 98 2
187 100 2
187 103 2
187 104 2
187 105 2
187 106 2
187 107 2
187 113 2
187 115 2
187 116 2
187 118 2
187 120 2
187 121 2
187 126 2
187 133 2
187 135 2
187 137 2
187 153 2
187 156 2
187 159 2
187 162 2
187 163 2
187 164 2
187 165 2
187 166 2
187 167 2
187 169 2
187 171 2
187 173 2
187 174 2
187 176 2
187 177 2
187 178 2
187 179 2
187 183 2
188 0 2
188 2 2
188 5 2
188 9 2
188 16 2
188 19 2
188 20 2
188 21 2
188 22 2
188 23 2
188 25 2
188 27 2
188 34 2
188 36 2
188 39 2
188 41 2
188 44 2
188 45 2
188 47 2
188 48 2
188 51 2
188 53 2
188 55 2
188 56 2
188 57 2
188 58 2
188 61 2
188 64 2
188 66 2
188 69 2
188 71 2
188 72 2
188 73 2
188 74 2
188 76 2
188 78 2
188 79 2
188 82 2
188 83 2
188 84 2
188 87 2
188 88 2
188 90 2
188 91 2
188 92 2
188 93 2
188 94 2
188 95 2
188 101 2
188 103 2
188 104 2
188 105 2
188 108 2
188 109 2
188 113 2
188 118 2
188 119 2
188 121 2
188 122 2
188 123 2
188 127 2
188 128 2
188 132 2
188 136 2
188 138 2
188 142 2
188 143 2
188 144 2
188 145 2
188 155 2
188 156 2
188 158 2
188 159 2
188 161 2
188 162 2
188 163 2
188 164 2
188 166 2
188 167 2
188 169 2
188 170 2
188 171 2
188 175 2
188 179 2
188 183 2
189 1 2
189 2 2
189 3 2
189 4 2
189 5 2
189 8 2
189 10 2
189 11 2
189 14 2
189 16 2
189 18 2
189 19 2
189 20 2
189 21 2
189 22 2
189 25 2
189 27 2
189 29 2
189 30 2
189 32 2
189 36 2
189 39 2
189 43 2
189 46 2
189 47 2
189 48 2
189 54 2
189 58 2
189 62 2
189 68 2
189 71 2
189 72 2
189 73 2
189 76 2
189 78 2
189 82 2
189 83 2
189 86 2
189 87 2
189 90 2
189 92 2
189 93 2
189 95 2
189 96 2
189 97 2
189 99 2
189 100 2
189 101 2
189 103 2
189 105 2
189 106 2
189 107 2
189 111 2
189 112 2
189 114 2
189 116 2
189 117 2
189 118 2
189 120 2
189 121 2
189 124 2
189 125 2
189 126 2
189 128 2
189 131 2
189 132 2
189 133 2
189 137 2
189 140 2
189 144 2
189 149 2
189 151 2
189 155 2
189 156 2
189 163 2
189 164 2
189 166 2
189 167 2
189 170 2
189 173 2
189 175 2
189 178 2
189 179 2
189 180 2
189 183 2
189 186 2
189 188 2
190 0 2
190 3 2
190 7 2
190 9 2
190 12 2
190 13 2
190 14 2
190 15 2
190 21 2
190 22 2
190 25 2
190 27 2
190 32 2
190 33 2
190 35 2
190 37 2
190 38 2
190 39 2
190 41 2
190 42 2
190 44 2
190 45 2
190 46 2
190 51 2
190 57 2
190 62 2
190 64 2
190 66 2
190 71 2
190 73 2
190 79 2
190 80 2
190 82 2
190 84 2
190 90 2
190 91 2
190 94 2
190 98 2
190 100 2
190 102 2
190 105 2
190 107 2
190 111 2
190 112 2
190 113 2
190 114 2
190 115 2
190 118 2
190 119 2
190 121 2
190 123 2
190 126 2
190 132 2
190 138 2
190 139 2
190 141 2
190 144 2
190 145 2
190 146 2
190 148 2
190 150 2
190 154 2
190 156 2
190 160 2
190 164 2
190 165 2
190 166 2
190 167 2
190 168 2
190 170 2
190 172 2
190 173 2
190 176 2
190 177 2
190 180 2
190 181 2
190 183 2
190 185 2
190 189 2
190 190 2
191 0 2
191 3 2
191 6 2
191 9 2
191 12 2
191 18 2
191 19 2
191 20 2
191 24 2
191 27 2
191 28 2
191 31 2
191 35 2
191 38 2
191 39 2
191 43 2
191 50 2
191 51 2
191 54 2
191 58 2
191 61 2
191 63 2
191 71 2
191 72 2
191 74 2
191 79 2
191 80 2
191 81 2
191 83 2
191 84 2
191 85 2
191 86 2
191 89 2
191 92 2
191 93 2
191 96 2
191 97 2
191 100 2
191 101 2
191 103 2
191 104 2
191 105 2
191 113 2
191 114 2
191 115 2
191 117 2
191 119 2
191 121 2
191 124 2
191 125 2
191 128 2
191 129 2
191 134 2
191 135 2
191 136 2
191 139 2
191 141 2
191 144 2
191 146 2
191 147 2
191 155 2
191 157 2
191 158 2
191 160 2
191 162 2
191 164 2
191 166 2
191 170 2
191 171 2
191 172 2
191 174 2
191 175 2
191 177 2
191 182 2
191 185 2
191 187 2
191 190 2
192 1 2
192 2 2
192 4 2
192 6 2
192 10 2
192 11 2
192 12 2
192 13 2
192 32 2
192 33 2
192 34 2
192 38 2
192 43 2
192 52 2
192 53 2
192 55 2
192 59 2
192 62 2
192 64 2
192 67 2
192 68 2
192 72 2
192 83 2
192 94 2
192 97 2
192 100 2
192 105 2
192 112 2
192 113 2
192 118 2
192 124 2
192 130 2
192 134 2
192 136 2
192 137 2
192 139 2
192 140 2
192 147 2
192 150 2
192 156 2
192 165 2
192 178 2
193 0 2
193 5 2
193 7 2
193 8 2
193 9 2
193 11 2
193 12 2
193 13 2
193 17 2
193 19 2
193 21 2
193 32 2
193 35 2
193 36 2
193 40 2
193 41 2
193 42 2
193 43 2
193 46 2
193 47 2
193 49 2
193 50 2
193 54 2
193 57 2
193 58 2
193 60 2
193 65 2
193 66 2
193 69 2
193 71 2
193 74 2
193 75 2
193 78 2
193 79 2
193 81 2
193 82 2
193 84 2
193 87 2
193 88 2
193 89 2
193 90 2
193 94 2
193 95 2
193 96 2
193 97 2
193 99 2
193 101 2
193 102 2
193 103 2
193 108 2
193 111 2
193 113 2
193 114 2
193 116 2
193 117 2
193 119 2
193 121 2
193 124 2
193 126 2
193 127 2
193 128 2
193 132 2
193 141 2
193 142 2
193 143 2
193 144 2
193 145 2
193 146 2
193 147 2
193 148 2
193 151 2
193 154 2
193 155 2
193 156 2
193 158 2
193 162 2
193 163 2
193 170 2
193 176 2
193 178 2
193 181 2
193 185 2
193 186 2
193 189 2
193 192 2
194 5 2
194 6 2
194 9 2
194 10 2
194 11 2
194 26 2
194 27 2
194 28 2
194 29 2
194 30 2
194 32 2
194 36 2
194 37 2
194 38 2
194 45 2
194 47 2
194 49 2
194 50 2
194 53 2
194 54 2
194 58 2
194 60 2
194 62 2
194 65 2
194 66 2
194 68 2
194 73 2
194 75 2
194 76 2
194 77 2
194 78 2
194 79 2
194 82 2
194 83 2
194 86 2
194 88 2
194 89 2
194 90 2
194 91 2
194 94 2
194 95 2
194 96 2
194 97 2
194 98 2
194 99 2
194 105 2
194 106 2
194 108 2
194 113 2
194 117 2
194 120 2
194 121 2
194 122 2
194 124 2
194 127 2
194 129 2
194 130 2
194 132 2
194 133 2
194 137 2
194 138 2
194 140 2
194 141 2
194 142 2
194 143 2
194 145 2
194 147 2
194 151 2
194 152 2
194 156 2
194 158 2
194 159 2
194 164 2
194 166 2
194 169 2
194 173 2
194 179 2
194 181 2
194 184 2
194 185 2
194 187 2
194 190 2
194 193 2
195 2 2
195 3 2
195 7 2
195 10 2
195 13 2
195 14 2
195 19 2
195 20 2
195 21 2
195 22 2
195 23 2
195 24 2
195 31 2
195 35 2
195 37 2
195 38 2
195 40 2
195 42 2
195 45 2
195 46 2
195 47 2
195 50 2
195 52 2
195 53 2
195 54 2
195 56 2
195 57 2
195 58 2
195 61 2
195 63 2
195 65 2
195 66 2
195 67 2
195 70 2
195 72 2
195 73 2
195 75 2
195 77 2
195 79 2
195 80 2
195 87 2
195 89 2
195 92 2
195 96 2
195 97 2
195 100 2
195 101 2
195 103 2
195 105 2
195 106 2
195 107 2
195 109 2
195 110 2
195 111 2
195 117 2
195 119 2
195 120 2
195 124 2
195 125 2
195 126 2
195 127 2
195 130 2
195 131 2
195 133 2
195 135 2
195 142 2
195 144 2
195 145 2
195 149 2
195 152 2
195 155 2
195 156 2
195 158 2
195 160 2
195 161 2
195 163 2
195 164 2
195 167 2
195 168 2
195 169 2
195 171 2
195 174 2
195 175 2
195 177 2
195 179 2
195 182 2
195 183 2
195 187 2
195 188 2
195 190 2
195 191 2
196 0 2
196 1 2
196 4 2
196 9 2
196 12 2
196 13 2
196 14 2
196 15 2
196 16 2
196 17 2
196 18 2
196 22 2
196 23 2
196 24 2
196 25 2
196 29 2
196 30 2
196 34 2
196 36 2
196 40 2
196 41 2
196 42 2
196 45 2
196 46 2
196 48 2
196 50 2
196 56 2
196 57 2
196 59 2
196 64 2
196 66 2
196 67 2
196 76 2
196 77 2
196 78 2
196 79 2
196 80 2
196 81 2
196 87 2
196 90 2
196 91 2
196 92 2
196 94 2
196 95 2
196 97 2
196 98 2
196 99 2
196 102 2
196 103 2
196 105 2
196 106 2
196 124 2
196 127 2
196 128 2
196 131 2
196 132 2
196 133 2
196 134 2
196 137 2
196 139 2
196 140 2
196 141 2
196 144 2
196 149 2
196 151 2
196 155 2
196 156 2
196 159 2
196 160 2
196 163 2
196 164 2
196 169 2
196 171 2
196 174 2
196 177 2
196 178 2
196 179 2
196 181 2
196 185 2
196 186 2
196 190 2
196 192 2
197 3 2
197 5 2
197 6 2
197 8 2
197 9 2
197 13 2
197 14 2
197 16 2
197 17 2
197 19 2
197 20 2
197 25 2
197 27 2
197 29 2
197 30 2
197 32 2
197 39 2
197 41 2
197 47 2
197 50 2
197 51 2
197 53 2
197 54 2
197 56 2
197 58 2
197 61 2
197 62 2
197 63 2
197 64 2
197 65 2
197 66 2
197 70 2
197 75 2
197 78 2
197 79 2
197 81 2
197 82 2
197 86 2
197 87 2
197 88 2
197 92 2
197 93 2
197 96 2
197 99 2
197 102 2
197 103 2
197 106 2
197 108 2
197 111 2
197 112 2
197 115 2
197 116 2
197 121 2
197 122 2
197 124 2
197 127 2
197 131 2
197 135 2
197 137 2
197 139 2
197 141 2
197 146 2
197 149 2
197 152 2
197 155 2
197 156 2
197 158 2
197 159 2
197 161 2
197 162 2
197 170 2
197 171 2
197 175 2
197 176 2
197 177 2
197 179 2
197 185 2
197 187 2
197 188 2
197 189 2
197 191 2
197 193 2
197 196 2
197 197 2
198 1 2
198 2 2
198 4 2
198 6 2
198 12 2
198 13 2
198 14 2
198 19 2
198 21 2
198 22 2
198 23 2
198 24 2
198 27 2
198 28 2
198 29 2
198 30 2
198 31 2
198 36 2
198 38 2
198 45 2
198 49 2
198 53 2
198 57 2
198 59 2
198 62 2
198 63 2
198 64 2
198 65 2
198 67 2
198 68 2
198 71 2
198 72 2
198 74 2
198 76 2
198 77 2
198 78 2
198 79 2
198 80 2
198 87 2
198 88 2
198 89 2
198 90 2
198 91 2
198 95 2
198 97 2
198 98 2
198 99 2
198 100 2
198 103 2
198 104 2
198 106 2
198 107 2
198 109 2
198 112 2
198 113 2
198 118 2
198 120 2
198 122 2
198 123 2
198 133 2
198 134 2
198 136 2
198 137 2
198 138 2
198 139 2
198 141 2
198 142 2
198 146 2
198 147 2
198 148 2
198 153 2
198 155 2
198 158 2
198 159 2
198 161 2
198 162 2
198 163 2
198 168 2
198 170 2
198 174 2
198 175 2
198 177 2
198 183 2
198 185 2
198 186 2
198 187 2
198 188 2
198 189 2
198 193 2
199 3 2
199 6 2
199 7 2
199 9 2
199 12 2
199 13 2
199 14 2
199 20 2
199 21 2
199 27 2
199 30 2
199 34 2
199 38 2
199 39 2
199 40 2
199 42 2
199 43 2
199 44 2
199 45 2
199 48 2
199 49 2
199 50 2
199 51 2
199 52 2
199 53 2
199 56 2
199 57 2
199 61 2
199 64 2
199 66 2
199 67 2
199 70 2
199 71 2
199 75 2
199 76 2
199 77 2
199 78 2
199 80 2
199 81 2
199 82 2
199 84 2
199 86 2
199 88 2
199 89 2
199 92 2
199 93 2
199 98 2
199 99 2
199 102 2
199 104 2
199 105 2
199 108 2
199 109 2
199 111 2
199 114 2
199 118 2
199 121 2
199 129 2
199 133 2
199 135 2
199 143 2
199 144 2
199 146 2
199 151 2
199 153 2
199 155 2
199 157 2
199 159 2
199 165 2
199 167 2
199 168 2
199 171 2
199 173 2
199 174 2
199 176 2
199 177 2
199 179 2
199 180 2
199 184 2
199 186 2
199 190 2
199 193 2
199 194 2
199 198 2
1 1 3
5 5 3
6 5 3
7 0 3
7 2 3
7 5 3
7 7 3
8 3 3
8 5 3
8 7 3
8 8 3
9 2 3
9 3 3
9 9 3
10 0 3
10 5 3
10 6 3
11 1 3
11 3 3
11 9 3
11 11 3
12 3 3
12 7 3
12 11 3
12 12 3
13 0 3
13 2 3
13 4 3
13 6 3
13 7 3
13 8 3
13 9 3
13 13 3
14 6 3
14 11 3
14 12 3
14 14 3
15 13 3
15 15 3
16 5 3
16 6 3
16 9 3
16 10 3
16 12 3
17 1 3
17 2 3
17 8 3
17 14 3
17 15 3
17 17 3
18 1 3
18 2 3
18 3 3
18 5 3
18 8 3
18 11 3
18 12 3
18 13 3
18 16 3
18 17 3
19 6 3
19 10 3
19 12 3
19 14 3
19 19 3
20 1 3
20 2 3
20 4 3
20 8 3
20 9 3
20 12 3
20 14 3
20 17 3
20 19 3
20 20 3
21 4 3
21 5 3
21 8 3
21 9 3
21 10 3
21 11 3
21 14 3
21 15 3
21 18 3
21 21 3
22 2 3
22 5 3
22 6 3
22 8 3
22 9 3
22 10 3
22 14 3
23 0 3
23 7 3
23 13 3
23 14 3
23 19 3
23 21 3
23 22 3
24 0 3
24 1 3
24 2 3
24 4 3
24 6 3
24 7 3
24 9 3
24 12 3
24 15 3
24 17 3
24 19 3
24 20 3
24 22 3
25 2 3
25 5 3
25 7 3
25 8 3
25 13 3
25 14 3
25 18 3
25 20 3
25 21 3
25 24 3
25 25 3
26 1 3
26 2 3
26 3 3
26 4 3
26 5 3
26 7 3
26 13 3
26 14 3
26 16 3
26 23 3
26 26 3
27 1 3
27 2 3
27 11 3
27 12 3
27 13 3
27 18 3
27 19 3
28 1 3
28 4 3
28 5 3
28 8 3
28 17 3
28 24 3
28 25 3
28 28 3
29 0 3
29 3 3
29 4 3
29 5 3
29 7 3
29 10 3
29 11 3
29 13 3
29 16 3
29 17 3
29 18 3
29 21 3
29 26 3
30 2 3
30 4 3
30 8 3
30 11 3
30 12 3
30 14 3
30 17 3
30 18 3
30 27 3
30 28 3
30 30 3
31 2 3
31 5 3
31 6 3
31 12 3
31 13 3
31 16 3
31 20 3
31 22 3
31 29 3
31 31 3
32 0 3
32 5 3
32 10 3
32 23 3
32 29 3
32 31 3
32 32 3
33 1 3
33 3 3
33 6 3
33 14 3
33 18 3
33 20 3
33 25 3
33 26 3
33 27 3
33 28 3
33 30 3
33 33 3
34 2 3
34 6 3
34 7 3
34 8 3
34 9 3
34 12 3
34 20 3
34 24 3
34 29 3
34 30 3
34 34 3
35 2 3
35 7 3
35 8 3
35 9 3
35 11 3
35 18 3
35 19 3
35 20 3
35 25 3
35 27 3
35 31 3
35 32 3
35 34 3
35 35 3
36 6 3
36 7 3
36 10 3
36 11 3
36 13 3
36 16 3
36 19 3
36 25 3
36 26 3
36 29 3
36 31 3
36 32 3
36 33 3
37 6 3
37 12 3
37 13 3
37 15 3
37 16 3
37 17 3
37 19 3
37 20 3
37 21 3
37 22 3
37 23 3
37 24 3
37 29 3
37 32 3
37 33 3
37 37 3
38 2 3
38 12 3
38 17 3
38 19 3
38 24 3
38 26 3
38 28 3
39 0 3
39 1 3
39 3 3
39 4 3
39 7 3
39 8 3
39 15 3
39 19 3
39 20 3
39 25 3
39 27 3
39 28 3
39 33 3
40 0 3
40 1 3
40 3 3
40 10 3
40 14 3
40 16 3
40 18 3
40 20 3
40 21 3
40 22 3
40 25 3
40 27 3
40 29 3
40 30 3
40 31 3
40 35 3
40 36 3
41 0 3
41 1 3
41 2 3
41 4 3
41 8 3
41 9 3
41 10 3
41 11 3
41 12 3
41 20 3
41 24 3
41 25 3
41 27 3
41 30 3
41 41 3
42 0 3
42 4 3
42 5 3
42 13 3
42 14 3
42 15 3
42 19 3
42 21 3
42 26 3
42 32 3
43 0 3
43 3 3
43 4 3
43 5 3
43 7 3
43 8 3
43 10 3
43 14 3
43 15 3
43 17 3
43 18 3
43 23 3
43 24 3
43 28 3
43 32 3
43 34 3
43 35 3
43 38 3
43 39 3
43 40 3
43 42 3
43 43 3
44 2 3
44 6 3
44 10 3
44 14 3
44 16 3
44 17 3
44 19 3
44 21 3
44 22 3
44 25 3
44 32 3
44 34 3
44 36 3
44 44 3
45 1 3
45 2 3
45 3 3
45 4 3
45 6 3
45 8 3
45 9 3
45 11 3
45 18 3
45 21 3
45 25 3
45 27 3
45 28 3
45 34 3
45 35 3
45 45 3
46 6 3
46 10 3
46 13 3
46 14 3
46 15 3
46 17 3
46 22 3
46 25 3
46 26 3
46 27 3
46 30 3
46 32 3
46 33 3
46 36 3
46 40 3
46 46 3
47 0 3
47 8 3
47 11 3
47 12 3
47 14 3
47 16 3
47 24 3
47 25 3
47 33 3
47 34 3
47 35 3
47 39 3
47 41 3
48 0 3
48 1 3
48 5 3
48 6 3
48 8 3
48 11 3
48 12 3
48 16 3
48 22 3
48 26 3
48 30 3
48 41 3
48 43 3
49 0 3
49 1 3
49 4 3
49 5 3
49 8 3
49 15 3
49 18 3
49 21 3
49 23 3
49 24 3
49 26 3
49 29 3
49 31 3
49 32 3
49 33 3
49 36 3
49 37 3
49 40 3
49 41 3
49 42 3
49 44 3
49 46 3
50 2 3
50 7 3
50 9 3
50 20 3
50 25 3
50 29 3
50 34 3
50 35 3
50 38 3
50 41 3
50 44 3
50 45 3
50 46 3
51 8 3
51 9 3
51 11 3
51 18 3
51 20 3
51 21 3
51 25 3
51 27 3
51 29 3
51 30 3
51 41 3
51 45 3
51 47 3
51 48 3
52 4 3
52 8 3
52 16 3
52 17 3
52 18 3
52 20 3
52 24 3
52 25 3
52 26 3
52 27 3
52 29 3
52 30 3
52 31 3
52 32 3
52 35 3
52 36 3
52 39 3
52 41 3
52 43 3
52 46 3
52 47 3
52 49 3
52 50 3
52 52 3
53 1 3
53 4 3
53 5 3
53 6 3
53 7 3
53 9 3
53 11 3
53 12 3
53 16 3
53 17 3
53 18 3
53 21 3
53 22 3
53 24 3
53 25 3
53 28 3
53 29 3
53 30 3
53 33 3
53 35 3
53 37 3
53 38 3
53 39 3
53 46 3
53 47 3
53 50 3
54 3 3
54 5 3
54 6 3
54 14 3
54 24 3
54 30 3
54 32 3
54 34 3
54 35 3
54 36 3
54 41 3
54 43 3
54 45 3
54 47 3
54 48 3
54 50 3
54 51 3
54 54 3
55 3 3
55 9 3
55 11 3
55 12 3
55 20 3
55 26 3
55 28 3
55 29 3
55 30 3
55 47 3
55 48 3
55 55 3
56 5 3
56 6 3
56 16 3
56 17 3
56 18 3
56 19 3
56 21 3
56 22 3
56 23 3
56 24 3
56 30 3
56 31 3
56 32 3
56 33 3
56 35 3
56 38 3
56 39 3
56 42 3
56 46 3
56 49 3
56 50 3
56 52 3
56 53 3
57 1 3
57 3 3
57 4 3
57 5 3
57 7 3
57 13 3
57 19 3
57 22 3
57 23 3
57 25 3
57 26 3
57 32 3
57 34 3
57 36 3
57 37 3
57 46 3
57 47 3
57 48 3
57 50 3
58 3 3
58 6 3
58 10 3
58 23 3
58 25 3
58 26 3
58 28 3
58 31 3
58 32 3
58 33 3
58 38 3
58 40 3
58 41 3
58 44 3
58 45 3
58 48 3
58 55 3
58 56 3
58 58 3
59 4 3
59 10 3
59 13 3
59 14 3
59 19 3
59 25 3
59 28 3
59 29 3
59 31 3
59 33 3
59 36 3
59 40 3
59 41 3
59 43 3
59 47 3
59 48 3
59 53 3
59 54 3
59 55 3
59 58 3
59 59 3
60 2 3
60 4 3
60 5 3
60 6 3
60 9 3
60 13 3
60 19 3
60 23 3
60 26 3
60 28 3
60 29 3
60 37 3
60 40 3
60 46 3
60 51 3
60 57 3
60 58 3
60 60 3
61 0 3
61 1 3
61 3 3
61 6 3
61 12 3
61 13 3
61 15 3
61 16 3
61 18 3
61 19 3
61 21 3
61 22 3
61 24 3
61 29 3
61 35 3
61 36 3
61 37 3
61 39 3
61 42 3
61 46 3
61 48 3
61 50 3
61 58 3
61 59 3
61 60 3
62 1 3
62 3 3
62 4 3
62 7 3
62 11 3
62 18 3
62 19 3
62 20 3
62 23 3
62 25 3
62 27 3
62 29 3
62 35 3
62 37 3
62 39 3
62 40 3
62 42 3
62 44 3
62 45 3
62 50 3
62 51 3
62 52 3
62 53 3
62 54 3
62 59 3
62 62 3
63 3 3
63 5 3
63 6 3
63 9 3
63 10 3
63 14 3
63 15 3
63 17 3
63 23 3
63 29 3
63 32 3
63 35 3
63 37 3
63 38 3
63 40 3
63 42 3
63 43 3
63 45 3
63 49 3
63 51 3
63 56 3
63 59 3
63 62 3
63 63 3
64 4 3
64 6 3
64 8 3
64 16 3
64 18 3
64 19 3
64 21 3
64 31 3
64 33 3
64 34 3
64 36 3
64 37 3
64 39 3
64 40 3
64 42 3
64 44 3
64 46 3
64 47 3
64 49 3
64 56 3
64 57 3
64 61 3
65 0 3
65 1 3
65 6 3
65 10 3
65 13 3
65 15 3
65 26 3
65 27 3
65 28 3
65 34 3
65 35 3
65 36 3
65 38 3
65 47 3
65 52 3
65 54 3
65 62 3
65 63 3
65 65 3
66 4 3
66 6 3
66 10 3
66 12 3
66 13 3
66 14 3
66 15 3
66 16 3
66 19 3
66 22 3
66 23 3
66 25 3
66 29 3
66 31 3
66 33 3
66 39 3
66 40 3
66 48 3
66 51 3
66 55 3
66 58 3
66 59 3
66 63 3
66 66 3
67 1 3
67 8 3
67 9 3
67 10 3
67 11 3
67 18 3
67 22 3
67 27 3
67 30 3
67 33 3
67 34 3
67 36 3
67 38 3
67 45 3
67 46 3
67 47 3
67 48 3
67 50 3
67 52 3
67 53 3
67 54 3
67 67 3
68 4 3
68 5 3
68 12 3
68 15 3
68 16 3
68 19 3
68 22 3
68 23 3
68 24 3
68 26 3
68 27 3
68 28 3
68 29 3
68 33 3
68 34 3
68 39 3
68 44 3
68 46 3
68 47 3
68 48 3
68 52 3
68 56 3
68 59 3
68 60 3
68 63 3
68 66 3
69 7 3
69 8 3
69 12 3
69 13 3
69 20 3
69 21 3
69 22 3
69 25 3
69 30 3
69 34 3
69 35 3
69 36 3
69 37 3
69 38 3
69 43 3
69 44 3
69 46 3
69 48 3
69 52 3
69 54 3
69 55 3
69 56 3
69 59 3
69 62 3
69 67 3
70 2 3
70 4 3
70 6 3
70 7 3
70 11 3
70 12 3
70 17 3
70 20 3
70 21 3
70 24 3
70 30 3
70 33 3
70 38 3
70 44 3
70 45 3
70 48 3
70 50 3
70 51 3
70 52 3
70 55 3
70 56 3
70 58 3
70 59 3
70 62 3
70 66 3
70 70 3
71 0 3
71 3 3
71 5 3
71 10 3
71 15 3
71 21 3
71 31 3
71 36 3
71 37 3
71 39 3
71 48 3
71 49 3
71 58 3
71 61 3
71 66 3
71 71 3
72 10 3
72 12 3
72 13 3
72 15 3
72 18 3
72 21 3
72 22 3
72 23 3
72 31 3
72 37 3
72 40 3
72 42 3
72 45 3
72 46 3
72 47 3
72 48 3
72 49 3
72 50 3
72 51 3
72 54 3
72 55 3
72 56 3
72 58 3
72 59 3
72 60 3
72 61 3
72 66 3
72 68 3
73 1 3
73 2 3
73 3 3
73 11 3
73 20 3
73 25 3
73 30 3
73 33 3
73 37 3
73 38 3
73 41 3
73 54 3
73 56 3
73 62 3
73 68 3
73 69 3
73 70 3
73 72 3
73 73 3
74 1 3
74 2 3
74 3 3
74 6 3
74 15 3
74 19 3
74 23 3
74 24 3
74 25 3
74 26 3
74 27 3
74 30 3
74 34 3
74 35 3
74 36 3
74 41 3
74 48 3
74 52 3
74 57 3
74 63 3
74 64 3
74 65 3
74 68 3
74 69 3
74 70 3
74 73 3
74 74 3
75 2 3
75 5 3
75 11 3
75 12 3
75 15 3
75 17 3
75 18 3
75 24 3
75 26 3
75 28 3
75 30 3
75 33 3
75 34 3
75 36 3
75 42 3
75 43 3
75 44 3
75 45 3
75 47 3
75 51 3
75 55 3
75 57 3
75 59 3
75 67 3
75 68 3
75 70 3
76 7 3
76 11 3
76 12 3
76 13 3
76 14 3
76 17 3
76 21 3
76 23 3
76 25 3
76 28 3
76 33 3
76 35 3
76 38 3
76 39 3
76 41 3
76 43 3
76 48 3
76 50 3
76 52 3
76 55 3
76 60 3
76 63 3
76 65 3
76 66 3
76 74 3
76 75 3
77 0 3
77 1 3
77 3 3
77 4 3
77 5 3
77 7 3
77 10 3
77 13 3
77 14 3
77 19 3
77 21 3
77 22 3
77 24 3
77 26 3
77 33 3
77 38 3
77 41 3
77 46 3
77 48 3
77 56 3
77 57 3
77 62 3
77 64 3
77 66 3
77 68 3
77 77 3
78 3 3
78 5 3
78 10 3
78 14 3
78 18 3
78 22 3
78 23 3
78 24 3
78 29 3
78 31 3
78 34 3
78 35 3
78 40 3
78 42 3
78 44 3
78 46 3
78 49 3
78 50 3
78 56 3
78 57 3
78 64 3
78 67 3
78 68 3
78 72 3
78 74 3
78 75 3
78 76 3
78 78 3
79 0 3
79 2 3
79 5 3
79 6 3
79 9 3
79 10 3
79 14 3
79 15 3
79 21 3
79 22 3
79 23 3
79 29 3
79 32 3
79 40 3
79 42 3
79 44 3
79 49 3
79 52 3
79 58 3
79 60 3
79 61 3
79 64 3
79 66 3
79 68 3
79 70 3
79 71 3
79 72 3
79 79 3
80 0 3
80 2 3
80 4 3
80 7 3
80 9 3
80 11 3
80 12 3
80 13 3
80 14 3
80 16 3
80 17 3
80 19 3
80 23 3
80 28 3
80 30 3
80 33 3
80 34 3
80 45 3
80 47 3
80 49 3
80 52 3
80 53 3
80 54 3
80 58 3
80 62 3
80 66 3
80 67 3
80 74 3
80 76 3
81 7 3
81 8 3
81 9 3
81 10 3
81 14 3
81 16 3
81 17 3
81 19 3
81 21 3
81 24 3
81 25 3
81 28 3
81 29 3
81 30 3
81 33 3
81 34 3
81 35 3
81 37 3
81 38 3
81 39 3
81 41 3
81 48 3
81 50 3
81 52 3
81 55 3
81 59 3
81 60 3
81 61 3
81 62 3
81 66 3
81 67 3
81 69 3
81 70 3
81 72 3
81 73 3
81 74 3
81 75 3
81 76 3
82 2 3
82 3 3
82 7 3
82 13 3
82 14 3
82 16 3
82 17 3
82 19 3
82 34 3
82 35 3
82 38 3
82 42 3
82 44 3
82 46 3
82 52 3
82 56 3
82 57 3
82 59 3
82 64 3
82 68 3
82 75 3
82 76 3
82 82 3
83 1 3
83 3 3
83 11 3
83 17 3
83 21 3
83 23 3
83 26 3
83 30 3
83 36 3
83 38 3
83 40 3
83 41 3
83 42 3
83 46 3
83 47 3
83 57 3
83 58 3
83 61 3
83 62 3
83 63 3
83 64 3
83 65 3
83 66 3
83 67 3
83 72 3
83 77 3
83 79 3
83 82 3
84 1 3
84 4 3
84 12 3
84 14 3
84 16 3
84 19 3
84 20 3
84 22 3
84 34 3
84 36 3
84 40 3
84 42 3
84 44 3
84 45 3
84 47 3
84 48 3
84 49 3
84 56 3
84 57 3
84 58 3
84 61 3
84 71 3
84 72 3
84 77 3
84 78 3
84 82 3
84 84 3
85 6 3
85 7 3
85 9 3
85 11 3
85 15 3
85 16 3
85 19 3
85 22 3
85 26 3
85 31 3
85 32 3
85 34 3
85 36 3
85 38 3
85 42 3
85 45 3
85 56 3
85 58 3
85 61 3
85 64 3
85 67 3
85 69 3
85 71 3
85 72 3
85 74 3
85 78 3
85 79 3
85 81 3
85 83 3
85 84 3
86 2 3
86 3 3
86 5 3
86 7 3
86 10 3
86 12 3
86 13 3
86 17 3
86 18 3
86 20 3
86 24 3
86 25 3
86 26 3
86 27 3
86 28 3
86 33 3
86 43 3
86 44 3
86 45 3
86 48 3
86 51 3
86 53 3
86 59 3
86 65 3
86 66 3
86 68 3
86 69 3
86 70 3
86 72 3
86 74 3
86 77 3
86 86 3
87 0 3
87 3 3
87 8 3
87 11 3
87 12 3
87 17 3
87 30 3
87 32 3
87 33 3
87 37 3
87 39 3
87 41 3
87 46 3
87 49 3
87 51 3
87 52 3
87 55 3
87 62 3
87 69 3
87 74 3
87 81 3
87 82 3
88 7 3
88 8 3
88 11 3
88 17 3
88 20 3
88 25 3
88 34 3
88 35 3
88 41 3
88 43 3
88 44 3
88 45 3
88 47 3
88 50 3
88 52 3
88 54 3
88 55 3
88 61 3
88 62 3
88 65 3
88 69 3
88 70 3
88 78 3
88 79 3
88 81 3
88 86 3
89 3 3
89 4 3
89 5 3
89 7 3
89 8 3
89 9 3
89 11 3
89 17 3
89 20 3
89 25 3
89 30 3
89 32 3
89 33 3
89 34 3
89 39 3
89 47 3
89 48 3
89 62 3
89 65 3
89 69 3
89 70 3
89 72 3
89 73 3
89 76 3
89 77 3
89 78 3
89 81 3
89 82 3
90 0 3
90 2 3
90 6 3
90 8 3
90 10 3
90 14 3
90 16 3
90 18 3
90 19 3
90 30 3
90 34 3
90 36 3
90 40 3
90 43 3
90 44 3
90 45 3
90 50 3
90 51 3
90 56 3
90 57 3
90 58 3
90 60 3
90 64 3
90 67 3
90 78 3
90 80 3
90 83 3
90 84 3
90 85 3
90 86 3
90 90 3
91 2 3
91 4 3
91 5 3
91 9 3
91 14 3
91 17 3
91 20 3
91 21 3
91 28 3
91 31 3
91 43 3
91 47 3
91 49 3
91 50 3
91 55 3
91 61 3
91 63 3
91 64 3
91 65 3
91 67 3
91 70 3
91 72 3
91 77 3
91 79 3
91 80 3
91 81 3
91 82 3
91 84 3
91 86 3
91 88 3
91 89 3
91 91 3
92 1 3
92 3 3
92 11 3
92 17 3
92 18 3
92 20 3
92 25 3
92 27 3
92 31 3
92 32 3
92 35 3
92 37 3
92 38 3
92 39 3
92 46 3
92 47 3
92 51 3
92 55 3
92 56 3
92 58 3
92 64 3
92 65 3
92 73 3
92 75 3
92 84 3
92 86 3
93 1 3
93 2 3
93 4 3
93 8 3
93 11 3
93 17 3
93 28 3
93 30 3
93 31 3
93 35 3
93 38 3
93 39 3
93 43 3
93 45 3
93 48 3
93 49 3
93 52 3
93 58 3
93 61 3
93 62 3
93 67 3
93 69 3
93 70 3
93 72 3
93 74 3
93 79 3
93 84 3
93 87 3
93 88 3
93 90 3
93 91 3
94 2 3
94 3 3
94 5 3
94 8 3
94 11 3
94 12 3
94 17 3
94 18 3
94 20 3
94 21 3
94 23 3
94 25 3
94 26 3
94 27 3
94 28 3
94 37 3
94 38 3
94 42 3
94 43 3
94 46 3
94 50 3
94 52 3
94 53 3
94 54 3
94 55 3
94 58 3
94 61 3
94 62 3
94 64 3
94 65 3
94 67 3
94 70 3
94 71 3
94 74 3
94 75 3
94 76 3
94 81 3
94 85 3
94 89 3
94 92 3
94 93 3
95 9 3
95 12 3
95 15 3
95 23 3
95 24 3
95 28 3
95 36 3
95 37 3
95 43 3
95 45 3
95 47 3
95 48 3
95 50 3
95 51 3
95 54 3
95 55 3
95 62 3
95 65 3
95 74 3
95 78 3
95 79 3
95 86 3
95 87 3
95 89 3
96 3 3
96 5 3
96 6 3
96 7 3
96 8 3
96 17 3
96 18 3
96 20 3
96 26 3
96 28 3
96 29 3
96 30 3
96 33 3
96 35 3
96 39 3
96 48 3
96 52 3
96 53 3
96 54 3
96 60 3
96 62 3
96 65 3
96 72 3
96 74 3
96 76 3
96 87 3
96 88 3
96 89 3
96 90 3
96 91 3
96 94 3
96 96 3
97 1 3
97 2 3
97 3 3
97 6 3
97 10 3
97 17 3
97 18 3
97 25 3
97 27 3
97 30 3
97 31 3
97 39 3
97 40 3
97 42 3
97 44 3
97 48 3
97 53 3
97 59 3
97 75 3
97 83 3
97 85 3
97 88 3
97 89 3
97 93 3
97 94 3
97 95 3
98 0 3
98 4 3
98 6 3
98 14 3
98 16 3
98 17 3
98 18 3
98 21 3
98 27 3
98 30 3
98 37 3
98 48 3
98 49 3
98 50 3
98 51 3
98 52 3
98 56 3
98 58 3
98 59 3
98 61 3
98 62 3
98 64 3
98 68 3
98 74 3
98 77 3
98 78 3
98 82 3
98 83 3
98 92 3
98 98 3
99 4 3
99 10 3
99 13 3
99 14 3
99 25 3
99 27 3
99 28 3
99 32 3
99 36 3
99 37 3
99 42 3
99 44 3
99 49 3
99 50 3
99 54 3
99 59 3
99 61 3
99 77 3
99 78 3
99 84 3
99 85 3
99 86 3
99 89 3
99 92 3
99 94 3
99 95 3
99 99 3
100 2 3
100 8 3
100 10 3
100 12 3
100 13 3
100 14 3
100 15 3
100 16 3
100 19 3
100 20 3
100 31 3
100 35 3
100 36 3
100 37 3
100 38 3
100 40 3
100 41 3
100 43 3
100 44 3
100 55 3
100 56 3
100 57 3
100 58 3
100 61 3
100 63 3
100 64 3
100 72 3
100 77 3
100 78 3
100 80 3
100 82 3
100 85 3
100 86 3
100 90 3
100 91 3
100 93 3
100 96 3
100 98 3
100 100 3
101 0 3
101 2 3
101 4 3
101 6 3
101 7 3
101 8 3
101 11 3
101 12 3
101 17 3
101 19 3
101 23 3
101 24 3
101 28 3
101 29 3
101 30 3
101 33 3
101 35 3
101 38 3
101 39 3
101 48 3
101 53 3
101 54 3
101 55 3
101 62 3
101 65 3
101 74 3
101 76 3
101 85 3
101 86 3
101 88 3
101 92 3
101 94 3
101 95 3
101 97 3
101 101 3
102 4 3
102 6 3
102 13 3
102 15 3
102 19 3
102 22 3
102 26 3
102 29 3
102 31 3
102 38 3
102 39 3
102 46 3
102 49 3
102 52 3
102 57 3
102 58 3
102 59 3
102 60 3
102 61 3
102 62 3
102 64 3
102 66 3
102 68 3
102 73 3
102 74 3
102 77 3
102 87 3
102 99 3
102 100 3
102 102 3
103 1 3
103 8 3
103 9 3
103 15 3
103 16 3
103 18 3
103 28 3
103 31 3
103 33 3
103 34 3
103 38 3
103 39 3
103 42 3
103 47 3
103 53 3
103 57 3
103 58 3
103 63 3
103 68 3
103 69 3
103 80 3
103 81 3
103 82 3
103 89 3
103 93 3
103 94 3
103 95 3
104 1 3
104 3 3
104 7 3
104 13 3
104 16 3
104 17 3
104 20 3
104 23 3
104 24 3
104 25 3
104 29 3
104 30 3
104 33 3
104 34 3
104 35 3
104 40 3
104 41 3
104 42 3
104 45 3
104 48 3
104 50 3
104 51 3
104 52 3
104 55 3
104 57 3
104 58 3
104 59 3
104 65 3
104 74 3
104 78 3
104 79 3
104 81 3
104 86 3
104 87 3
104 88 3
104 91 3
104 97 3
104 101 3
104 103 3
105 4 3
105 5 3
105 6 3
105 10 3
105 15 3
105 21 3
105 23 3
105 26 3
105 27 3
105 28 3
105 31 3
105 32 3
105 35 3
105 36 3
105 37 3
105 41 3
105 42 3
105 45 3
105 46 3
105 51 3
105 52 3
105 54 3
105 55 3
105 56 3
105 61 3
105 64 3
105 66 3
105 72 3
105 79 3
105 83 3
105 90 3
105 99 3
105 104 3
106 3 3
106 6 3
106 7 3
106 8 3
106 11 3
106 12 3
106 13 3
106 15 3
106 21 3
106 27 3
106 31 3
106 32 3
106 34 3
106 42 3
106 43 3
106 45 3
106 50 3
106 53 3
106 55 3
106 67 3
106 69 3
106 74 3
106 75 3
106 80 3
106 86 3
106 87 3
106 88 3
106 89 3
106 91 3
106 94 3
106 96 3
106 97 3
106 98 3
106 99 3
106 100 3
106 104 3
107 1 3
107 3 3
107 7 3
107 11 3
107 18 3
107 27 3
107 33 3
107 34 3
107 35 3
107 39 3
107 45 3
107 46 3
107 52 3
107 53 3
107 54 3
107 58 3
107 59 3
107 64 3
107 68 3
107 69 3
107 70 3
107 77 3
107 79 3
107 80 3
107 86 3
107 87 3
107 92 3
107 94 3
107 95 3
107 97 3
107 100 3
107 101 3
107 103 3
107 104 3
108 0 3
108 4 3
108 10 3
108 14 3
108 15 3
108 22 3
108 23 3
108 27 3
108 29 3
108 30 3
108 32 3
108 35 3
108 37 3
108 38 3
108 40 3
108 41 3
108 44 3
108 53 3
108 56 3
108 58 3
108 59 3
108 64 3
108 66 3
108 70 3
108 72 3
108 73 3
108 86 3
108 89 3
108 90 3
108 95 3
108 98 3
108 100 3
109 6 3
109 7 3
109 10 3
109 14 3
109 19 3
109 22 3
109 23 3
109 26 3
109 32 3
109 36 3
109 37 3
109 39 3
109 42 3
109 43 3
109 45 3
109 49 3
109 53 3
109 58 3
109 60 3
109 71 3
109 72 3
109 73 3
109 79 3
109 87 3
109 90 3
109 93 3
109 94 3
109 98 3
109 99 3
109 108 3
110 4 3
110 5 3
110 10 3
110 13 3
110 19 3
110 21 3
110 22 3
110 23 3
110 26 3
110 32 3
110 36 3
110 37 3
110 41 3
110 42 3
110 44 3
110 45 3
110 46 3
110 49 3
110 50 3
110 54 3
110 55 3
110 60 3
110 61 3
110 68 3
110 69 3
110 76 3
110 77 3
110 84 3
110 90 3
110 97 3
110 108 3
110 110 3
111 1 3
111 4 3
111 10 3
111 13 3
111 14 3
111 15 3
111 17 3
111 19 3
111 24 3
111 26 3
111 29 3
111 32 3
111 36 3
111 44 3
111 46 3
111 48 3
111 49 3
111 53 3
111 57 3
111 59 3
111 61 3
111 63 3
111 64 3
111 71 3
111 72 3
111 73 3
111 77 3
111 79 3
111 95 3
111 96 3
111 100 3
111 102 3
111 109 3
111 110 3
112 2 3
112 8 3
112 11 3
112 16 3
112 20 3
112 26 3
112 27 3
112 33 3
112 35 3
112 40 3
112 53 3
112 56 3
112 60 3
112 70 3
112 73 3
112 74 3
112 86 3
112 87 3
112 88 3
112 91 3
112 92 3
112 93 3
112 96 3
112 97 3
112 99 3
112 112 3
113 3 3
113 6 3
113 7 3
113 9 3
113 11 3
113 12 3
113 13 3
113 25 3
113 27 3
113 33 3
113 35 3
113 36 3
113 41 3
113 42 3
113 45 3
113 50 3
113 53 3
113 54 3
113 55 3
113 57 3
113 58 3
113 59 3
113 62 3
113 65 3
113 69 3
113 74 3
113 77 3
113 81 3
113 87 3
113 88 3
113 91 3
113 92 3
113 94 3
113 95 3
113 96 3
113 100 3
113 102 3
113 103 3
113 106 3
113 107 3
113 112 3
113 113 3
114 3 3
114 4 3
114 8 3
114 13 3
114 17 3
114 18 3
114 20 3
114 28 3
114 30 3
114 33 3
114 34 3
114 37 3
114 39 3
114 44 3
114 45 3
114 48 3
114 50 3
114 51 3
114 52 3
114 55 3
114 65 3
114 67 3
114 69 3
114 70 3
114 71 3
114 76 3
114 80 3
114 82 3
114 83 3
114 84 3
114 89 3
114 91 3
114 93 3
114 96 3
114 98 3
114 103 3
114 106 3
114 109 3
114 112 3
114 114 3
115 0 3
115 1 3
115 2 3
115 12 3
115 13 3
115 17 3
115 18 3
115 20 3
115 24 3
115 25 3
115 27 3
115 28 3
115 30 3
115 32 3
115 34 3
115 35 3
115 38 3
115 41 3
115 43 3
115 48 3
115 52 3
115 53 3
115 55 3
115 60 3
115 61 3
115 62 3
115 65 3
115 70 3
115 77 3
115 82 3
115 88 3
115 92 3
115 93 3
115 94 3
115 95 3
115 97 3
115 101 3
115 102 3
115 104 3
115 106 3
115 107 3
115 108 3
115 110 3
115 111 3
115 112 3
115 114 3
116 1 3
116 3 3
116 4 3
116 7 3
116 8 3
116 11 3
116 14 3
116 19 3
116 24 3
116 28 3
116 31 3
116 33 3
116 38 3
116 39 3
116 41 3
116 42 3
116 43 3
116 44 3
116 47 3
116 51 3
116 52 3
116 55 3
116 62 3
116 63 3
116 65 3
116 69 3
116 75 3
116 80 3
116 86 3
116 88 3
116 91 3
116 93 3
116 95 3
116 96 3
116 100 3
116 103 3
116 106 3
116 107 3
116 111 3
116 113 3
116 116 3
117 2 3
117 3 3
117 6 3
117 8 3
117 15 3
117 17 3
117 21 3
117 22 3
117 23 3
117 28 3
117 31 3
117 33 3
117 37 3
117 40 3
117 42 3
117 44 3
117 50 3
117 58 3
117 59 3
117 62 3
117 71 3
117 79 3
117 82 3
117 84 3
117 102 3
117 103 3
117 104 3
117 106 3
117 107 3
117 108 3
117 110 3
117 113 3
117 114 3
117 115 3
117 116 3
117 117 3
118 3 3
118 9 3
118 11 3
118 12 3
118 15 3
118 16 3
118 17 3
118 26 3
118 28 3
118 30 3
118 33 3
118 38 3
118 45 3
118 46 3
118 47 3
118 49 3
118 50 3
118 53 3
118 57 3
118 67 3
118 71 3
118 81 3
118 86 3
118 88 3
118 91 3
118 95 3
118 97 3
118 101 3
118 104 3
118 105 3
118 106 3
118 108 3
118 113 3
118 114 3
118 115 3
118 117 3
119 1 3
119 3 3
119 6 3
119 7 3
119 17 3
119 20 3
119 25 3
119 26 3
119 27 3
119 28 3
119 34 3
119 39 3
119 42 3
119 43 3
119 45 3
119 47 3
119 48 3
119 50 3
119 51 3
119 52 3
119 53 3
119 54 3
119 59 3
119 63 3
119 73 3
119 75 3
119 76 3
119 79 3
119 80 3
119 86 3
119 87 3
119 91 3
119 93 3
119 94 3
119 95 3
119 96 3
119 97 3
119 98 3
119 103 3
119 106 3
119 107 3
119 110 3
119 115 3
120 2 3
120 4 3
120 5 3
120 7 3
120 8 3
120 10 3
120 11 3
120 12 3
120 14 3
120 15 3
120 17 3
120 18 3
120 25 3
120 28 3
120 31 3
120 33 3
120 35 3
120 38 3
120 40 3
120 42 3
120 45 3
120 47 3
120 51 3
120 62 3
120 67 3
120 69 3
120 70 3
120 73 3
120 75 3
120 78 3
120 80 3
120 89 3
120 91 3
120 93 3
120 94 3
120 96 3
120 98 3
120 99 3
120 101 3
120 106 3
120 108 3
120 110 3
120 113 3
120 115 3
120 118 3
121 1 3
121 4 3
121 7 3
121 8 3
121 11 3
121 17 3
121 18 3
121 20 3
121 22 3
121 23 3
121 29 3
121 30 3
121 33 3
121 35 3
121 38 3
121 40 3
121 43 3
121 45 3
121 51 3
121 55 3
121 59 3
121 65 3
121 67 3
121 73 3
121 74 3
121 75 3
121 76 3
121 81 3
121 93 3
121 95 3
121 104 3
121 105 3
121 112 3
121 113 3
121 116 3
121 118 3
121 119 3
122 4 3
122 5 3
122 6 3
122 14 3
122 15 3
122 16 3
122 33 3
122 36 3
122 37 3
122 42 3
122 44 3
122 46 3
122 53 3
122 56 3
122 63 3
122 64 3
122 66 3
122 68 3
122 72 3
122 74 3
122 80 3
122 87 3
122 89 3
122 90 3
122 93 3
122 98 3
122 99 3
122 101 3
122 103 3
122 105 3
122 106 3
122 107 3
122 111 3
122 112 3
122 114 3
122 117 3
122 120 3
122 121 3
122 122 3
123 6 3
123 20 3
123 21 3
123 26 3
123 28 3
123 32 3
123 33 3
123 39 3
123 40 3
123 46 3
123 52 3
123 53 3
123 57 3
123 58 3
123 60 3
123 62 3
123 63 3
123 67 3
123 68 3
123 74 3
123 77 3
123 78 3
123 79 3
123 81 3
123 82 3
123 83 3
123 84 3
123 86 3
123 93 3
123 96 3
123 98 3
123 102 3
123 104 3
123 105 3
123 108 3
123 113 3
123 114 3
123 115 3
123 116 3
123 118 3
123 123 3
124 0 3
124 4 3
124 7 3
124 10 3
124 14 3
124 15 3
124 16 3
124 21 3
124 22 3
124 23 3
124 24 3
124 27 3
124 28 3
124 30 3
124 32 3
124 37 3
124 44 3
124 56 3
124 57 3
124 58 3
124 62 3
124 71 3
124 74 3
124 77 3
124 78 3
124 79 3
124 80 3
124 81 3
124 82 3
124 84 3
124 86 3
124 89 3
124 91 3
124 95 3
124 100 3
124 102 3
124 105 3
124 109 3
124 112 3
124 114 3
124 117 3
124 123 3
125 9 3
125 11 3
125 12 3
125 17 3
125 25 3
125 28 3
125 30 3
125 34 3
125 35 3
125 37 3
125 39 3
125 40 3
125 41 3
125 47 3
125 48 3
125 50 3
125 52 3
125 53 3
125 54 3
125 56 3
125 59 3
125 60 3
125 61 3
125 69 3
125 70 3
125 71 3
125 73 3
125 74 3
125 77 3
125 81 3
125 84 3
125 85 3
125 86 3
125 88 3
125 89 3
125 90 3
125 91 3
125 92 3
125 96 3
125 97 3
125 103 3
125 104 3
125 105 3
125 111 3
125 113 3
125 114 3
125 115 3
125 120 3
125 122 3
125 124 3
126 5 3
126 11 3
126 14 3
126 18 3
126 22 3
126 25 3
126 28 3
126 30 3
126 33 3
126 39 3
126 45 3
126 46 3
126 47 3
126 52 3
126 55 3
126 59 3
126 63 3
126 65 3
126 69 3
126 70 3
126 75 3
126 84 3
126 86 3
126 87 3
126 89 3
126 93 3
126 96 3
126 97 3
126 100 3
126 101 3
126 102 3
126 103 3
126 104 3
126 107 3
126 112 3
126 115 3
126 116 3
126 118 3
126 119 3
126 120 3
126 122 3
126 125 3
127 0 3
127 2 3
127 7 3
127 11 3
127 14 3
127 16 3
127 22 3
127 23 3
127 24 3
127 28 3
127 35 3
127 38 3
127 39 3
127 41 3
127 43 3
127 47 3
127 51 3
127 52 3
127 54 3
127 55 3
127 57 3
127 61 3
127 62 3
127 69 3
127 73 3
127 77 3
127 78 3
127 80 3
127 84 3
127 85 3
127 86 3
127 91 3
127 92 3
127 93 3
127 96 3
127 97 3
127 99 3
127 104 3
127 106 3
127 107 3
127 113 3
127 116 3
127 118 3
127 119 3
127 121 3
128 4 3
128 5 3
128 6 3
128 21 3
128 23 3
128 26 3
128 27 3
128 28 3
128 32 3
128 33 3
128 38 3
128 44 3
128 50 3
128 54 3
128 56 3
128 58 3
128 60 3
128 63 3
128 64 3
128 75 3
128 78 3
128 82 3
128 96 3
128 98 3
128 99 3
128 100 3
128 104 3
128 105 3
128 107 3
128 108 3
128 111 3
128 121 3
128 122 3
128 123 3
128 128 3
129 0 3
129 3 3
129 8 3
129 10 3
129 12 3
129 17 3
129 18 3
129 22 3
129 24 3
129 25 3
129 28 3
129 30 3
129 32 3
129 33 3
129 35 3
129 41 3
129 42 3
129 45 3
129 46 3
129 50 3
129 51 3
129 52 3
129 53 3
129 54 3
129 55 3
129 61 3
129 62 3
129 63 3
129 64 3
129 67 3
129 68 3
129 69 3
129 70 3
129 71 3
129 72 3
129 73 3
129 74 3
129 75 3
129 76 3
129 79 3
129 80 3
129 81 3
129 86 3
129 88 3
129 89 3
129 90 3
129 91 3
129 93 3
129 94 3
129 95 3
129 96 3
129 97 3
129 98 3
129 100 3
129 101 3
129 103 3
129 104 3
129 110 3
129 114 3
129 115 3
129 117 3
129 118 3
129 119 3
129 120 3
129 121 3
129 124 3
129 125 3
129 127 3
129 128 3
130 7 3
130 12 3
130 17 3
130 20 3
130 24 3
130 32 3
130 34 3
130 45 3
130 49 3
130 50 3
130 52 3
130 55 3
130 56 3
130 62 3
130 69 3
130 70 3
130 73 3
130 74 3
130 76 3
130 77 3
130 81 3
130 88 3
130 89 3
130 90 3
130 91 3
130 97 3
130 101 3
130 106 3
130 112 3
130 116 3
130 119 3
130 120 3
130 124 3
131 0 3
131 5 3
131 10 3
131 14 3
131 19 3
131 23 3
131 29 3
131 37 3
131 38 3
131 40 3
131 44 3
131 47 3
131 49 3
131 50 3
131 53 3
131 56 3
131 59 3
131 61 3
131 62 3
131 64 3
131 66 3
131 68 3
131 72 3
131 73 3
131 76 3
131 77 3
131 82 3
131 84 3
131 86 3
131 90 3
131 91 3
131 95 3
131 97 3
131 98 3
131 102 3
131 103 3
131 107 3
131 108 3
131 110 3
131 116 3
131 117 3
131 118 3
131 119 3
131 120 3
131 121 3
131 128 3
131 130 3
132 0 3
132 2 3
132 5 3
132 7 3
132 10 3
132 14 3
132 16 3
132 19 3
132 20 3
132 21 3
132 22 3
132 23 3
132 27 3
132 29 3
132 32 3
132 34 3
132 35 3
132 40 3
132 41 3
132 42 3
132 49 3
132 50 3
132 53 3
132 57 3
132 59 3
132 60 3
132 61 3
132 71 3
132 74 3
132 80 3
132 83 3
132 84 3
132 87 3
132 89 3
132 90 3
132 104 3
132 105 3
132 108 3
132 110 3
132 111 3
132 114 3
132 117 3
132 128 3
132 130 3
132 132 3
133 0 3
133 1 3
133 2 3
133 6 3
133 11 3
133 14 3
133 23 3
133 29 3
133 31 3
133 32 3
133 35 3
133 37 3
133 40 3
133 43 3
133 48 3
133 49 3
133 56 3
133 57 3
133 59 3
133 60 3
133 67 3
133 71 3
133 77 3
133 78 3
133 82 3
133 86 3
133 87 3
133 89 3
133 96 3
133 98 3
133 99 3
133 100 3
133 101 3
133 102 3
133 108 3
133 110 3
133 111 3
133 117 3
133 120 3
133 122 3
133 123 3
133 124 3
134 1 3
134 2 3
134 3 3
134 5 3
134 11 3
134 17 3
134 23 3
134 25 3
134 28 3
134 31 3
134 32 3
134 33 3
134 34 3
134 37 3
134 43 3
134 45 3
134 47 3
134 48 3
134 50 3
134 51 3
134 52 3
134 54 3
134 67 3
134 68 3
134 69 3
134 70 3
134 75 3
134 82 3
134 83 3
134 93 3
134 94 3
134 95 3
134 96 3
134 99 3
134 101 3
134 103 3
134 104 3
134 106 3
134 113 3
134 116 3
134 119 3
134 121 3
134 125 3
134 127 3
134 134 3
135 0 3
135 2 3
135 4 3
135 5 3
135 6 3
135 10 3
135 12 3
135 13 3
135 14 3
135 16 3
135 19 3
135 27 3
135 31 3
135 32 3
135 36 3
135 42 3
135 43 3
135 44 3
135 49 3
135 50 3
135 56 3
135 59 3
135 62 3
135 65 3
135 68 3
135 69 3
135 72 3
135 73 3
135 79 3
135 80 3
135 83 3
135 90 3
135 93 3
135 94 3
135 99 3
135 102 3
135 103 3
135 104 3
135 105 3
135 106 3
135 110 3
135 119 3
135 124 3
135 127 3
135 131 3
135 132 3
136 2 3
136 7 3
136 17 3
136 20 3
136 21 3
136 24 3
136 25 3
136 28 3
136 34 3
136 36 3
136 39 3
136 48 3
136 49 3
136 50 3
136 55 3
136 56 3
136 58 3
136 59 3
136 63 3
136 65 3
136 67 3
136 69 3
136 72 3
136 75 3
136 76 3
136 90 3
136 91 3
136 92 3
136 93 3
136 95 3
136 96 3
136 98 3
136 103 3
136 104 3
136 105 3
136 106 3
136 114 3
136 116 3
136 117 3
136 123 3
136 126 3
136 127 3
136 129 3
136 131 3
136 134 3
137 0 3
137 2 3
137 7 3
137 8 3
137 9 3
137 17 3
137 18 3
137 27 3
137 29 3
137 34 3
137 37 3
137 39 3
137 43 3
137 45 3
137 47 3
137 50 3
137 51 3
137 57 3
137 62 3
137 65 3
137 72 3
137 73 3
137 75 3
137 86 3
137 87 3
137 90 3
137 92 3
137 98 3
137 99 3
137 101 3
137 103 3
137 104 3
137 107 3
137 109 3
137 110 3
137 113 3
137 115 3
137 118 3
137 127 3
137 131 3
137 134 3
137 135 3
138 0 3
138 9 3
138 15 3
138 19 3
138 22 3
138 23 3
138 28 3
138 36 3
138 38 3
138 48 3
138 55 3
138 56 3
138 57 3
138 61 3
138 62 3
138 66 3
138 71 3
138 74 3
138 77 3
138 84 3
138 85 3
138 88 3
138 95 3
138 99 3
138 100 3
138 106 3
138 109 3
138 110 3
138 111 3
138 114 3
138 115 3
138 117 3
138 120 3
138 123 3
138 125 3
138 132 3
138 133 3
139 0 3
139 3 3
139 7 3
139 11 3
139 14 3
139 17 3
139 18 3
139 20 3
139 25 3
139 27 3
139 28 3
139 29 3
139 30 3
139 32 3
139 33 3
139 34 3
139 35 3
139 37 3
139 39 3
139 40 3
139 45 3
139 46 3
139 48 3
139 50 3
139 53 3
139 56 3
139 60 3
139 61 3
139 62 3
139 73 3
139 75 3
139 79 3
139 80 3
139 86 3
139 87 3
139 90 3
139 91 3
139 93 3
139 95 3
139 96 3
139 97 3
139 106 3
139 112 3
139 113 3
139 116 3
139 120 3
139 125 3
139 127 3
139 131 3
139 132 3
139 134 3
139 136 3
139 137 3
140 2 3
140 3 3
140 6 3
140 7 3
140 8 3
140 10 3
140 11 3
140 18 3
140 21 3
140 24 3
140 27 3
140 28 3
140 33 3
140 34 3
140 36 3
140 38 3
140 42 3
140 43 3
140 48 3
140 51 3
140 55 3
140 60 3
140 62 3
140 69 3
140 71 3
140 74 3
140 76 3
140 79 3
140 80 3
140 89 3
140 94 3
140 97 3
140 104 3
140 106 3
140 111 3
140 112 3
140 116 3
140 119 3
140 122 3
140 130 3
140 140 3
141 5 3
141 13 3
141 16 3
141 19 3
141 21 3
141 22 3
141 23 3
141 26 3
141 30 3
141 32 3
141 36 3
141 39 3
141 40 3
141 41 3
141 42 3
141 46 3
141 48 3
141 49 3
141 55 3
141 56 3
141 60 3
141 61 3
141 63 3
141 66 3
141 68 3
141 72 3
141 74 3
141 79 3
141 82 3
141 85 3
141 91 3
141 92 3
141 98 3
141 105 3
141 106 3
141 109 3
141 110 3
141 111 3
141 112 3
141 113 3
141 114 3
141 123 3
141 124 3
141 128 3
141 130 3
141 132 3
141 133 3
141 136 3
141 137 3
142 1 3
142 9 3
142 10 3
142 12 3
142 17 3
142 18 3
142 21 3
142 22 3
142 23 3
142 24 3
142 25 3
142 26 3
142 27 3
142 28 3
142 34 3
142 36 3
142 37 3
142 41 3
142 43 3
142 47 3
142 48 3
142 53 3
142 54 3
142 58 3
142 69 3
142 70 3
142 73 3
142 74 3
142 75 3
142 76 3
142 80 3
142 81 3
142 83 3
142 85 3
142 86 3
142 87 3
142 88 3
142 92 3
142 98 3
142 101 3
142 106 3
142 110 3
142 112 3
142 113 3
142 114 3
142 115 3
142 116 3
142 117 3
142 119 3
142 120 3
142 122 3
142 124 3
142 125 3
142 127 3
142 129 3
142 130 3
142 140 3
143 0 3
143 2 3
143 5 3
143 10 3
143 16 3
143 21 3
143 22 3
143 29 3
143 30 3
143 31 3
143 32 3
143 35 3
143 37 3
143 47 3
143 48 3
143 49 3
143 56 3
143 59 3
143 60 3
143 61 3
143 63 3
143 64 3
143 68 3
143 77 3
143 79 3
143 81 3
143 82 3
143 83 3
143 85 3
143 100 3
143 102 3
143 104 3
143 122 3
143 124 3
143 128 3
143 131 3
143 132 3
143 134 3
143 137 3
143 141 3
143 143 3
144 1 3
144 4 3
144 6 3
144 9 3
144 11 3
144 13 3
144 14 3
144 15 3
144 23 3
144 25 3
144 26 3
144 29 3
144 34 3
144 37 3
144 46 3
144 52 3
144 54 3
144 57 3
144 59 3
144 60 3
144 61 3
144 62 3
144 66 3
144 78 3
144 79 3
144 82 3
144 90 3
144 99 3
144 120 3
144 124 3
144 126 3
144 129 3
144 134 3
144 135 3
144 138 3
145 4 3
145 5 3
145 9 3
145 19 3
145 20 3
145 21 3
145 22 3
145 23 3
145 25 3
145 29 3
145 30 3
145 31 3
145 33 3
145 36 3
145 39 3
145 40 3
145 44 3
145 51 3
145 57 3
145 59 3
145 63 3
145 66 3
145 68 3
145 70 3
145 71 3
145 79 3
145 80 3
145 84 3
145 85 3
145 97 3
145 98 3
145 99 3
145 104 3
145 105 3
145 107 3
145 110 3
145 111 3
145 115 3
145 117 3
145 122 3
145 123 3
145 130 3
145 132 3
145 138 3
145 139 3
145 140 3
145 144 3
145 145 3
146 1 3
146 7 3
146 11 3
146 12 3
146 17 3
146 18 3
146 21 3
146 24 3
146 27 3
146 28 3
146 32 3
146 33 3
146 37 3
146 39 3
146 45 3
146 48 3
146 49 3
146 52 3
146 56 3
146 57 3
146 58 3
146 59 3
146 60 3
146 62 3
146 63 3
146 65 3
146 66 3
146 67 3
146 69 3
146 73 3
146 74 3
146 83 3
146 88 3
146 91 3
146 92 3
146 93 3
146 95 3
146 97 3
146 112 3
146 114 3
146 116 3
146 120 3
146 124 3
146 127 3
146 136 3
146 140 3
146 141 3
146 142 3
146 146 3
147 1 3
147 2 3
147 3 3
147 5 3
147 6 3
147 9 3
147 14 3
147 15 3
147 18 3
147 24 3
147 25 3
147 27 3
147 30 3
147 31 3
147 32 3
147 35 3
147 37 3
147 38 3
147 45 3
147 47 3
147 55 3
147 62 3
147 65 3
147 74 3
147 77 3
147 81 3
147 87 3
147 88 3
147 92 3
147 93 3
147 94 3
147 99 3
147 101 3
147 102 3
147 103 3
147 110 3
147 113 3
147 124 3
147 125 3
147 126 3
147 129 3
147 130 3
147 134 3
147 136 3
147 137 3
147 139 3
147 142 3
147 144 3
147 146 3
148 2 3
148 7 3
148 13 3
148 15 3
148 21 3
148 23 3
148 31 3
148 36 3
148 40 3
148 49 3
148 53 3
148 55 3
148 57 3
148 58 3
148 61 3
148 68 3
148 72 3
148 78 3
148 81 3
148 83 3
148 88 3
148 90 3
148 91 3
148 95 3
148 98 3
148 100 3
148 103 3
148 105 3
148 108 3
148 109 3
148 117 3
148 131 3
148 133 3
148 144 3
148 147 3
149 1 3
149 3 3
149 6 3
149 8 3
149 9 3
149 11 3
149 15 3
149 16 3
149 17 3
149 22 3
149 29 3
149 30 3
149 31 3
149 32 3
149 40 3
149 41 3
149 47 3
149 49 3
149 58 3
149 59 3
149 61 3
149 66 3
149 71 3
149 75 3
149 76 3
149 77 3
149 81 3
149 83 3
149 88 3
149 89 3
149 98 3
149 100 3
149 101 3
149 105 3
149 106 3
149 111 3
149 117 3
149 119 3
149 121 3
149 122 3
149 123 3
149 133 3
149 135 3
149 141 3
149 143 3
149 148 3
150 3 3
150 5 3
150 7 3
150 8 3
150 9 3
150 12 3
150 17 3
150 20 3
150 21 3
150 22 3
150 24 3
150 26 3
150 27 3
150 28 3
150 29 3
150 30 3
150 33 3
150 34 3
150 35 3
150 36 3
150 38 3
150 39 3
150 45 3
150 47 3
150 50 3
150 51 3
150 53 3
150 54 3
150 58 3
150 65 3
150 67 3
150 69 3
150 74 3
150 75 3
150 86 3
150 87 3
150 90 3
150 93 3
150 100 3
150 104 3
150 106 3
150 108 3
150 113 3
150 115 3
150 121 3
150 126 3
150 136 3
150 137 3
150 141 3
150 149 3
151 0 3
151 3 3
151 4 3
151 11 3
151 14 3
151 15 3
151 19 3
151 22 3
151 29 3
151 31 3
151 36 3
151 37 3
151 40 3
151 41 3
151 44 3
151 45 3
151 46 3
151 47 3
151 49 3
151 50 3
151 54 3
151 55 3
151 56 3
151 57 3
151 61 3
151 62 3
151 64 3
151 66 3
151 69 3
151 76 3
151 77 3
151 78 3
151 79 3
151 82 3
151 84 3
151 85 3
151 89 3
151 90 3
151 96 3
151 98 3
151 100 3
151 102 3
151 104 3
151 106 3
151 108 3
151 109 3
151 112 3
151 117 3
151 132 3
151 137 3
151 144 3
151 145 3
151 150 3
151 151 3
152 2 3
152 5 3
152 7 3
152 9 3
152 10 3
152 16 3
152 17 3
152 19 3
152 21 3
152 22 3
152 26 3
152 31 3
152 32 3
152 37 3
152 40 3
152 41 3
152 42 3
152 45 3
152 54 3
152 58 3
152 59 3
152 63 3
152 64 3
152 66 3
152 70 3
152 71 3
152 72 3
152 76 3
152 77 3
152 78 3
152 79 3
152 80 3
152 81 3
152 90 3
152 92 3
152 99 3
152 101 3
152 102 3
152 104 3
152 105 3
152 111 3
152 113 3
152 115 3
152 118 3
152 120 3
152 123 3
152 130 3
152 135 3
152 136 3
152 149 3
152 152 3
153 1 3
153 3 3
153 8 3
153 11 3
153 17 3
153 22 3
153 23 3
153 24 3
153 25 3
153 26 3
153 27 3
153 30 3
153 32 3
153 34 3
153 35 3
153 36 3
153 38 3
153 40 3
153 45 3
153 48 3
153 50 3
153 54 3
153 55 3
153 61 3
153 62 3
153 63 3
153 68 3
153 74 3
153 76 3
153 80 3
153 81 3
153 84 3
153 87 3
153 103 3
153 105 3
153 107 3
153 108 3
153 112 3
153 113 3
153 124 3
153 125 3
153 127 3
153 128 3
153 131 3
153 134 3
153 135 3
153 138 3
153 142 3
153 147 3
153 149 3
153 151 3
153 153 3
154 1 3
154 7 3
154 9 3
154 10 3
154 11 3
154 12 3
154 19 3
154 20 3
154 21 3
154 22 3
154 25 3
154 30 3
154 33 3
154 35 3
154 36 3
154 37 3
154 43 3
154 46 3
154 48 3
154 50 3
154 52 3
154 53 3
154 54 3
154 58 3
154 67 3
154 68 3
154 73 3
154 77 3
154 80 3
154 81 3
154 86 3
154 87 3
154 88 3
154 89 3
154 92 3
154 93 3
154 94 3
154 97 3
154 99 3
154 103 3
154 107 3
154 111 3
154 113 3
154 114 3
154 116 3
154 118 3
154 124 3
154 125 3
154 130 3
154 134 3
154 139 3
154 140 3
154 141 3
154 152 3
154 154 3
155 3 3
155 4 3
155 5 3
155 8 3
155 10 3
155 13 3
155 14 3
155 15 3
155 16 3
155 22 3
155 26 3
155 29 3
155 31 3
155 32 3
155 34 3
155 47 3
155 48 3
155 56 3
155 58 3
155 59 3
155 60 3
155 61 3
155 63 3
155 66 3
155 68 3
155 71 3
155 76 3
155 82 3
155 93 3
155 98 3
155 99 3
155 100 3
155 101 3
155 103 3
155 106 3
155 107 3
155 108 3
155 111 3
155 115 3
155 119 3
155 120 3
155 123 3
155 127 3
155 131 3
155 135 3
155 141 3
155 142 3
155 148 3
155 151 3
155 152 3
155 154 3
155 155 3
156 1 3
156 7 3
156 9 3
156 16 3
156 19 3
156 20 3
156 23 3
156 24 3
156 25 3
156 26 3
156 27 3
156 29 3
156 30 3
156 31 3
156 32 3
156 38 3
156 39 3
156 43 3
156 45 3
156 53 3
156 55 3
156 66 3
156 68 3
156 69 3
156 70 3
156 73 3
156 81 3
156 86 3
156 87 3
156 89 3
156 91 3
156 92 3
156 93 3
156 94 3
156 97 3
156 99 3
156 101 3
156 102 3
156 103 3
156 104 3
156 106 3
156 107 3
156 108 3
156 110 3
156 112 3
156 123 3
156 125 3
156 127 3
156 132 3
156 136 3
156 139 3
156 140 3
156 146 3
156 149 3
156 153 3
156 155 3
156 156 3
157 0 3
157 1 3
157 5 3
157 7 3
157 8 3
157 9 3
157 11 3
157 12 3
157 16 3
157 17 3
157 18 3
157 20 3
157 24 3
157 27 3
157 28 3
157 30 3
157 42 3
157 44 3
157 47 3
157 51 3
157 53 3
157 54 3
157 60 3
157 69 3
157 77 3
157 87 3
157 89 3
157 92 3
157 95 3
157 96 3
157 97 3
157 101 3
157 103 3
157 104 3
157 105 3
157 108 3
157 110 3
157 112 3
157 115 3
157 119 3
157 121 3
157 125 3
157 127 3
157 128 3
157 132 3
157 134 3
157 136 3
157 138 3
157 139 3
157 140 3
157 149 3
157 156 3
157 157 3
158 0 3
158 8 3
158 10 3
158 12 3
158 19 3
158 21 3
158 23 3
158 26 3
158 29 3
158 31 3
158 33 3
158 34 3
158 36 3
158 37 3
158 40 3
158 42 3
158 43 3
158 50 3
158 57 3
158 59 3
158 60 3
158 63 3
158 64 3
158 74 3
158 77 3
158 84 3
158 98 3
158 99 3
158 101 3
158 102 3
158 103 3
158 108 3
158 109 3
158 111 3
158 123 3
158 126 3
158 128 3
158 131 3
158 132 3
158 133 3
158 135 3
158 137 3
158 138 3
158 148 3
158 149 3
158 156 3
158 158 3
159 1 3
159 2 3
159 12 3
159 16 3
159 18 3
159 23 3
159 27 3
159 28 3
159 31 3
159 33 3
159 35 3
159 37 3
159 44 3
159 45 3
159 47 3
159 52 3
159 58 3
159 62 3
159 63 3
159 66 3
159 67 3
159 68 3
159 73 3
159 77 3
159 78 3
159 82 3
159 85 3
159 87 3
159 88 3
159 91 3
159 92 3
159 96 3
159 97 3
159 100 3
159 103 3
159 104 3
159 110 3
159 112 3
159 114 3
159 118 3
159 120 3
159 127 3
159 130 3
159 133 3
159 134 3
159 135 3
159 139 3
159 140 3
159 142 3
159 147 3
159 148 3
159 153 3
159 154 3
159 155 3
160 0 3
160 2 3
160 5 3
160 6 3
160 14 3
160 21 3
160 22 3
160 30 3
160 32 3
160 36 3
160 40 3
160 44 3
160 46 3
160 50 3
160 56 3
160 63 3
160 66 3
160 68 3
160 69 3
160 72 3
160 74 3
160 77 3
160 78 3
160 80 3
160 82 3
160 90 3
160 91 3
160 93 3
160 94 3
160 97 3
160 98 3
160 102 3
160 105 3
160 106 3
160 117 3
160 122 3
160 123 3
160 124 3
160 127 3
160 130 3
160 131 3
160 132 3
160 133 3
160 134 3
160 136 3
160 139 3
160 140 3
160 141 3
160 143 3
160 145 3
160 147 3
160 149 3
160 151 3
160 152 3
160 155 3
160 156 3
160 157 3
160 158 3
161 5 3
161 6 3
161 7 3
161 12 3
161 16 3
161 24 3
161 25 3
161 29 3
161 30 3
161 33 3
161 38 3
161 39 3
161 41 3
161 43 3
161 47 3
161 48 3
161 52 3
161 53 3
161 54 3
161 56 3
161 59 3
161 62 3
161 69 3
161 70 3
161 74 3
161 75 3
161 78 3
161 80 3
161 81 3
161 86 3
161 89 3
161 91 3
161 92 3
161 96 3
161 104 3
161 105 3
161 106 3
161 107 3
161 108 3
161 109 3
161 118 3
161 121 3
161 123 3
161 124 3
161 126 3
161 127 3
161 128 3
161 129 3
161 134 3
161 136 3
161 140 3
161 142 3
161 144 3
161 145 3
161 150 3
161 152 3
161 153 3
161 154 3
161 157 3
161 159 3
161 161 3
162 8 3
162 10 3
162 11 3
162 12 3
162 18 3
162 20 3
162 22 3
162 24 3
162 25 3
162 26 3
162 30 3
162 34 3
162 38 3
162 41 3
162 43 3
162 45 3
162 47 3
162 51 3
162 53 3
162 55 3
162 67 3
162 70 3
162 73 3
162 74 3
162 75 3
162 81 3
162 84 3
162 87 3
162 91 3
162 93 3
162 95 3
162 96 3
162 97 3
162 99 3
162 103 3
162 106 3
162 107 3
162 109 3
162 111 3
162 116 3
162 118 3
162 119 3
162 125 3
162 126 3
162 127 3
162 130 3
162 133 3
162 136 3
162 137 3
162 139 3
162 140 3
162 142 3
162 147 3
162 150 3
162 152 3
162 153 3
162 155 3
162 157 3
162 160 3
163 8 3
163 10 3
163 11 3
163 12 3
163 13 3
163 18 3
163 24 3
163 33 3
163 34 3
163 35 3
163 38 3
163 39 3
163 43 3
163 44 3
163 45 3
163 50 3
163 55 3
163 57 3
163 59 3
163 70 3
163 74 3
163 80 3
163 81 3
163 87 3
163 89 3
163 91 3
163 92 3
163 94 3
163 97 3
163 98 3
163 102 3
163 104 3
163 106 3
163 114 3
163 118 3
163 119 3
163 129 3
163 130 3
163 132 3
163 142 3
163 143 3
163 149 3
163 150 3
163 160 3
163 162 3
163 163 3
164 1 3
164 3 3
164 4 3
164 6 3
164 11 3
164 13 3
164 16 3
164 21 3
164 22 3
164 24 3
164 25 3
164 26 3
164 31 3
164 34 3
164 36 3
164 37 3
164 38 3
164 41 3
164 44 3
164 46 3
164 58 3
164 59 3
164 60 3
164 61 3
164 64 3
164 68 3
164 73 3
164 77 3
164 78 3
164 79 3
164 83 3
164 92 3
164 95 3
164 100 3
164 105 3
164 107 3
164 108 3
164 113 3
164 117 3
164 122 3
164 124 3
164 126 3
164 128 3
164 130 3
164 131 3
164 132 3
164 135 3
164 136 3
164 138 3
164 144 3
164 148 3
164 149 3
164 151 3
164 152 3
164 163 3
164 164 3
165 1 3
165 2 3
165 4 3
165 8 3
165 22 3
165 24 3
165 25 3
165 30 3
165 33 3
165 34 3
165 36 3
165 38 3
165 39 3
165 41 3
165 43 3
165 46 3
165 51 3
165 52 3
165 53 3
165 54 3
165 61 3
165 67 3
165 69 3
165 79 3
165 85 3
165 88 3
165 91 3
165 93 3
165 101 3
165 105 3
165 109 3
165 115 3
165 118 3
165 120 3
165 123 3
165 129 3
165 130 3
165 131 3
165 135 3
165 136 3
165 137 3
165 138 3
165 143 3
165 146 3
165 147 3
165 148 3
165 150 3
165 152 3
165 153 3
165 160 3
165 161 3
165 163 3
166 0 3
166 2 3
166 5 3
166 6 3
166 8 3
166 10 3
166 13 3
166 16 3
166 24 3
166 31 3
166 32 3
166 36 3
166 39 3
166 42 3
166 46 3
166 48 3
166 49 3
166 52 3
166 57 3
166 65 3
166 68 3
166 71 3
166 76 3
166 79 3
166 81 3
166 82 3
166 84 3
166 85 3
166 87 3
166 89 3
166 93 3
166 97 3
166 99 3
166 109 3
166 110 3
166 112 3
166 116 3
166 119 3
166 126 3
166 129 3
166 131 3
166 132 3
166 133 3
166 137 3
166 138 3
166 140 3
166 144 3
166 148 3
166 149 3
166 151 3
166 152 3
166 154 3
166 155 3
166 157 3
166 161 3
166 164 3
166 166 3
167 4 3
167 5 3
167 13 3
167 14 3
167 15 3
167 19 3
167 23 3
167 26 3
167 28 3
167 29 3
167 36 3
167 37 3
167 39 3
167 40 3
167 42 3
167 44 3
167 46 3
167 47 3
167 49 3
167 54 3
167 55 3
167 56 3
167 58 3
167 59 3
167 60 3
167 65 3
167 67 3
167 68 3
167 70 3
167 72 3
167 78 3
167 80 3
167 81 3
167 82 3
167 84 3
167 85 3
167 98 3
167 99 3
167 102 3
167 103 3
167 105 3
167 106 3
167 109 3
167 110 3
167 111 3
167 115 3
167 117 3
167 123 3
167 124 3
167 128 3
167 131 3
167 140 3
167 141 3
167 142 3
167 144 3
167 147 3
167 149 3
167 151 3
167 158 3
167 161 3
167 163 3
167 167 3
168 5 3
168 6 3
168 10 3
168 11 3
168 12 3
168 13 3
168 14 3
168 20 3
168 21 3
168 22 3
168 23 3
168 25 3
168 27 3
168 29 3
168 31 3
168 36 3
168 39 3
168 40 3
168 42 3
168 46 3
168 47 3
168 53 3
168 56 3
168 57 3
168 69 3
168 79 3
168 83 3
168 84 3
168 91 3
168 97 3
168 100 3
168 101 3
168 102 3
168 106 3
168 112 3
168 117 3
168 118 3
168 122 3
168 128 3
168 131 3
168 135 3
168 141 3
168 143 3
168 148 3
168 150 3
168 152 3
168 159 3
168 161 3
168 162 3
168 164 3
168 167 3
169 0 3
169 9 3
169 11 3
169 12 3
169 16 3
169 17 3
169 18 3
169 20 3
169 22 3
169 24 3
169 25 3
169 26 3
169 41 3
169 47 3
169 48 3
169 51 3
169 53 3
169 54 3
169 57 3
169 61 3
169 62 3
169 67 3
169 69 3
169 71 3
169 80 3
169 81 3
169 83 3
169 89 3
169 92 3
169 93 3
169 94 3
169 95 3
169 96 3
169 97 3
169 101 3
169 103 3
169 109 3
169 110 3
169 112 3
169 113 3
169 114 3
169 116 3
169 118 3
169 119 3
169 120 3
169 125 3
169 130 3
169 131 3
169 134 3
169 139 3
169 150 3
169 152 3
169 153 3
169 156 3
169 165 3
169 167 3
170 1 3
170 3 3
170 4 3
170 5 3
170 7 3
170 8 3
170 9 3
170 15 3
170 20 3
170 23 3
170 24 3
170 25 3
170 30 3
170 32 3
170 33 3
170 47 3
170 48 3
170 50 3
170 51 3
170 52 3
170 62 3
170 66 3
170 70 3
170 72 3
170 74 3
170 79 3
170 83 3
170 84 3
170 87 3
170 89 3
170 97 3
170 103 3
170 106 3
170 113 3
170 114 3
170 116 3
170 118 3
170 119 3
170 120 3
170 121 3
170 125 3
170 127 3
170 136 3
170 138 3
170 140 3
170 142 3
170 147 3
170 149 3
170 153 3
170 157 3
170 158 3
170 159 3
171 5 3
171 6 3
171 9 3
171 13 3
171 14 3
171 15 3
171 18 3
171 19 3
171 21 3
171 26 3
171 29 3
171 34 3
171 36 3
171 37 3
171 40 3
171 42 3
171 43 3
171 44 3
171 49 3
171 58 3
171 59 3
171 60 3
171 64 3
171 66 3
171 72 3
171 73 3
171 77 3
171 78 3
171 81 3
171 85 3
171 87 3
171 88 3
171 91 3
171 98 3
171 102 3
171 105 3
171 108 3
171 110 3
171 113 3
171 122 3
171 123 3
171 124 3
171 127 3
171 132 3
171 135 3
171 141 3
171 145 3
171 146 3
171 149 3
171 153 3
171 155 3
171 157 3
171 158 3
171 160 3
171 161 3
171 162 3
171 166 3
171 168 3
171 169 3
172 0 3
172 2 3
172 3 3
172 8 3
172 9 3
172 10 3
172 21 3
172 25 3
172 32 3
172 33 3
172 35 3
172 38 3
172 45 3
172 46 3
172 52 3
172 53 3
172 55 3
172 58 3
172 60 3
172 62 3
172 63 3
172 64 3
172 65 3
172 67 3
172 70 3
172 71 3
172 73 3
172 74 3
172 76 3
172 81 3
172 82 3
172 88 3
172 92 3
172 94 3
172 96 3
172 98 3
172 101 3
172 103 3
172 106 3
172 109 3
172 111 3
172 117 3
172 123 3
172 126 3
172 132 3
172 137 3
172 140 3
172 141 3
172 146 3
172 147 3
172 148 3
172 150 3
172 152 3
172 153 3
172 154 3
172 157 3
172 160 3
172 162 3
172 165 3
172 166 3
172 170 3
172 171 3
172 172 3
173 3 3
173 4 3
173 5 3
173 6 3
173 9 3
173 19 3
173 22 3
173 26 3
173 28 3
173 37 3
173 42 3
173 44 3
173 45 3
173 46 3
173 49 3
173 54 3
173 59 3
173 60 3
173 64 3
173 75 3
173 77 3
173 79 3
173 82 3
173 83 3
173 84 3
173 86 3
173 87 3
173 91 3
173 92 3
173 93 3
173 95 3
173 99 3
173 100 3
173 102 3
173 108 3
173 109 3
173 123 3
173 124 3
173 127 3
173 131 3
173 133 3
173 134 3
173 140 3
173 143 3
173 148 3
173 151 3
173 152 3
173 153 3
173 158 3
173 164 3
173 166 3
173 167 3
173 168 3
173 169 3
173 170 3
173 171 3
174 1 3
174 3 3
174 7 3
174 10 3
174 12 3
174 19 3
174 20 3
174 22 3
174 25 3
174 26 3
174 35 3
174 38 3
174 39 3
174 47 3
174 48 3
174 51 3
174 52 3
174 59 3
174 60 3
174 62 3
174 63 3
174 66 3
174 67 3
174 69 3
174 75 3
174 76 3
174 77 3
174 79 3
174 80 3
174 86 3
174 90 3
174 91 3
174 93 3
174 95 3
174 97 3
174 100 3
174 101 3
174 105 3
174 106 3
174 110 3
174 112 3
174 114 3
174 125 3
174 127 3
174 130 3
174 137 3
174 144 3
174 158 3
174 161 3
174 163 3
174 165 3
174 170 3
174 171 3
174 172 3
174 174 3
175 5 3
175 13 3
175 14 3
175 18 3
175 19 3
175 25 3
175 26 3
175 29 3
175 32 3
175 33 3
175 41 3
175 43 3
175 45 3
175 49 3
175 52 3
175 54 3
175 56 3
175 57 3
175 58 3
175 59 3
175 63 3
175 64 3
175 66 3
175 68 3
175 72 3
175 76 3
175 77 3
175 82 3
175 83 3
175 84 3
175 85 3
175 88 3
175 90 3
175 100 3
175 102 3
175 104 3
175 108 3
175 109 3
175 110 3
175 111 3
175 122 3
175 124 3
175 127 3
175 130 3
175 133 3
175 134 3
175 141 3
175 144 3
175 148 3
175 151 3
175 153 3
175 155 3
175 158 3
175 159 3
175 161 3
175 165 3
175 166 3
175 167 3
175 170 3
175 171 3
175 173 3
175 174 3
176 6 3
176 8 3
176 12 3
176 16 3
176 20 3
176 24 3
176 31 3
176 33 3
176 35 3
176 36 3
176 41 3
176 43 3
176 45 3
176 50 3
176 51 3
176 52 3
176 53 3
176 56 3
176 61 3
176 62 3
176 70 3
176 73 3
176 74 3
176 88 3
176 91 3
176 93 3
176 94 3
176 95 3
176 96 3
176 99 3
176 102 3
176 103 3
176 104 3
176 106 3
176 113 3
176 114 3
176 118 3
176 122 3
176 125 3
176 128 3
176 129 3
176 134 3
176 136 3
176 137 3
176 146 3
176 147 3
176 150 3
176 154 3
176 160 3
176 161 3
176 162 3
176 163 3
176 168 3
176 169 3
176 176 3
177 0 3
177 4 3
177 13 3
177 15 3
177 16 3
177 18 3
177 19 3
177 20 3
177 22 3
177 23 3
177 29 3
177 32 3
177 36 3
177 37 3
177 41 3
177 42 3
177 46 3
177 53 3
177 56 3
177 57 3
177 58 3
177 61 3
177 78 3
177 82 3
177 84 3
177 90 3
177 94 3
177 99 3
177 100 3
177 101 3
177 107 3
177 108 3
177 109 3
177 112 3
177 113 3
177 114 3
177 118 3
177 122 3
177 124 3
177 125 3
177 128 3
177 132 3
177 134 3
177 137 3
177 138 3
177 139 3
177 140 3
177 142 3
177 144 3
177 145 3
177 150 3
177 152 3
177 154 3
177 158 3
177 166 3
177 168 3
177 171 3
177 174 3
178 1 3
178 4 3
178 7 3
178 9 3
178 10 3
178 12 3
178 20 3
178 22 3
178 24 3
178 25 3
178 27 3
178 41 3
178 42 3
178 45 3
178 46 3
178 47 3
178 52 3
178 55 3
178 61 3
178 69 3
178 73 3
178 74 3
178 76 3
178 77 3
178 78 3
178 80 3
178 81 3
178 88 3
178 92 3
178 94 3
178 95 3
178 101 3
178 103 3
178 107 3
178 112 3
178 114 3
178 115 3
178 116 3
178 117 3
178 118 3
178 120 3
178 125 3
178 126 3
178 127 3
178 129 3
178 135 3
178 137 3
178 142 3
178 150 3
178 151 3
178 154 3
178 158 3
178 159 3
178 161 3
178 162 3
178 163 3
178 165 3
178 172 3
178 174 3
178 176 3
178 177 3
178 178 3
179 0 3
179 6 3
179 12 3
179 14 3
179 16 3
179 23 3
179 24 3
179 26 3
179 31 3
179 32 3
179 36 3
179 39 3
179 40 3
179 44 3
179 45 3
179 56 3
179 58 3
179 59 3
179 62 3
179 65 3
179 71 3
179 72 3
179 77 3
179 79 3
179 84 3
179 86 3
179 90 3
179 91 3
179 92 3
179 101 3
179 102 3
179 104 3
179 105 3
179 107 3
179 109 3
179 116 3
179 117 3
179 124 3
179 128 3
179 131 3
179 132 3
179 147 3
179 152 3
179 156 3
179 163 3
179 164 3
179 167 3
179 170 3
179 171 3
179 173 3
179 175 3
179 179 3
180 0 3
180 4 3
180 5 3
180 6 3
180 12 3
180 19 3
180 31 3
180 32 3
180 39 3
180 42 3
180 46 3
180 52 3
180 54 3
180 58 3
180 59 3
180 60 3
180 61 3
180 64 3
180 68 3
180 72 3
180 77 3
180 79 3
180 80 3
180 82 3
180 83 3
180 86 3
180 90 3
180 93 3
180 98 3
180 99 3
180 103 3
180 108 3
180 109 3
180 110 3
180 111 3
180 112 3
180 117 3
180 120 3
180 121 3
180 122 3
180 123 3
180 124 3
180 128 3
180 130 3
180 131 3
180 132 3
180 133 3
180 139 3
180 143 3
180 146 3
180 147 3
180 151 3
180 160 3
180 164 3
180 166 3
180 168 3
180 169 3
180 171 3
180 177 3
180 179 3
181 2 3
181 5 3
181 6 3
181 9 3
181 10 3
181 13 3
181 17 3
181 21 3
181 23 3
181 28 3
181 29 3
181 31 3
181 40 3
181 44 3
181 45 3
181 47 3
181 62 3
181 65 3
181 66 3
181 67 3
181 72 3
181 73 3
181 78 3
181 90 3
181 97 3
181 99 3
181 100 3
181 102 3
181 105 3
181 111 3
181 114 3
181 115 3
181 121 3
181 122 3
181 124 3
181 128 3
181 135 3
181 148 3
181 151 3
181 153 3
181 155 3
181 158 3
181 160 3
181 167 3
181 168 3
181 169 3
181 173 3
181 174 3
181 175 3
181 178 3
181 179 3
181 181 3
182 3 3
182 8 3
182 11 3
182 12 3
182 17 3
182 18 3
182 20 3
182 24 3
182 28 3
182 29 3
182 33 3
182 36 3
182 40 3
182 41 3
182 47 3
182 48 3
182 52 3
182 54 3
182 55 3
182 56 3
182 58 3
182 61 3
182 62 3
182 65 3
182 66 3
182 67 3
182 75 3
182 79 3
182 80 3
182 81 3
182 82 3
182 86 3
182 88 3
182 89 3
182 94 3
182 96 3
182 97 3
182 100 3
182 103 3
182 113 3
182 116 3
182 119 3
182 124 3
182 126 3
182 128 3
182 130 3
182 133 3
182 134 3
182 139 3
182 140 3
182 144 3
182 147 3
182 148 3
182 152 3
182 154 3
182 156 3
182 158 3
182 159 3
182 165 3
182 168 3
182 169 3
182 170 3
182 172 3
182 173 3
182 177 3
182 178 3
182 180 3
182 181 3
182 182 3
183 0 3
183 1 3
183 2 3
183 3 3
183 8 3
183 9 3
183 11 3
183 15 3
183 19 3
183 20 3
183 24 3
183 37 3
183 38 3
183 39 3
183 43 3
183 47 3
183 49 3
183 53 3
183 54 3
183 55 3
183 56 3
183 57 3
183 59 3
183 61 3
183 63 3
183 68 3
183 70 3
183 73 3
183 74 3
183 75 3
183 78 3
183 79 3
183 83 3
183 84 3
183 86 3
183 87 3
183 92 3
183 95 3
183 98 3
183 106 3
183 109 3
183 114 3
183 115 3
183 118 3
183 119 3
183 123 3
183 124 3
183 126 3
183 129 3
183 133 3
183 134 3
183 135 3
183 137 3
183 138 3
183 139 3
183 140 3
183 141 3
183 142 3
183 145 3
183 146 3
183 153 3
183 159 3
183 162 3
183 168 3
183 169 3
183 172 3
183 174 3
183 180 3
183 183 3
184 0 3
184 2 3
184 4 3
184 6 3
184 10 3
184 13 3
184 14 3
184 16 3
184 17 3
184 19 3
184 20 3
184 21 3
184 22 3
184 23 3
184 24 3
184 29 3
184 31 3
184 33 3
184 34 3
184 44 3
184 45 3
184 49 3
184 56 3
184 57 3
184 60 3
184 62 3
184 63 3
184 64 3
184 68 3
184 71 3
184 72 3
184 77 3
184 78 3
184 79 3
184 84 3
184 85 3
184 93 3
184 95 3
184 97 3
184 99 3
184 102 3
184 111 3
184 112 3
184 114 3
184 116 3
184 121 3
184 124 3
184 128 3
184 130 3
184 144 3
184 159 3
184 164 3
184 166 3
184 171 3
184 173 3
184 174 3
184 177 3
184 179 3
184 180 3
185 0 3
185 5 3
185 8 3
185 17 3
185 25 3
185 26 3
185 27 3
185 28 3
185 30 3
185 31 3
185 36 3
185 38 3
185 39 3
185 55 3
185 57 3
185 58 3
185 61 3
185 62 3
185 65 3
185 67 3
185 70 3
185 74 3
185 76 3
185 78 3
185 80 3
185 81 3
185 88 3
185 89 3
185 90 3
185 91 3
185 92 3
185 94 3
185 95 3
185 98 3
185 101 3
185 103 3
185 104 3
185 106 3
185 107 3
185 117 3
185 120 3
185 125 3
185 126 3
185 127 3
185 131 3
185 133 3
185 134 3
185 136 3
185 137 3
185 140 3
185 142 3
185 146 3
185 147 3
185 148 3
185 150 3
185 151 3
185 157 3
185 161 3
185 162 3
185 170 3
185 173 3
185 174 3
185 177 3
185 180 3
185 183 3
185 184 3
185 185 3
186 1 3
186 3 3
186 9 3
186 11 3
186 17 3
186 18 3
186 20 3
186 21 3
186 25 3
186 28 3
186 29 3
186 31 3
186 34 3
186 35 3
186 36 3
186 38 3
186 39 3
186 43 3
186 48 3
186 52 3
186 54 3
186 56 3
186 58 3
186 62 3
186 65 3
186 67 3
186 69 3
186 70 3
186 75 3
186 77 3
186 79 3
186 84 3
186 86 3
186 91 3
186 96 3
186 97 3
186 100 3
186 102 3
186 103 3
186 104 3
186 106 3
186 107 3
186 110 3
186 112 3
186 116 3
186 120 3
186 121 3
186 122 3
186 123 3
186 129 3
186 130 3
186 135 3
186 140 3
186 145 3
186 147 3
186 148 3
186 152 3
186 155 3
186 161 3
186 163 3
186 165 3
186 167 3
186 169 3
186 170 3
186 174 3
186 175 3
186 176 3
186 179 3
186 181 3
187 0 3
187 6 3
187 8 3
187 11 3
187 13 3
187 16 3
187 17 3
187 19 3
187 23 3
187 24 3
187 26 3
187 28 3
187 31 3
187 33 3
187 34 3
187 36 3
187 39 3
187 48 3
187 50 3
187 51 3
187 52 3
187 59 3
187 64 3
187 69 3
187 74 3
187 75 3
187 76 3
187 77 3
187 79 3
187 80 3
187 82 3
187 88 3
187 91 3
187 93 3
187 95 3
187 99 3
187 101 3
187 104 3
187 106 3
187 107 3
187 109 3
187 112 3
187 114 3
187 116 3
187 117 3
187 118 3
187 129 3
187 134 3
187 136 3
187 139 3
187 140 3
187 142 3
187 150 3
187 157 3
187 169 3
187 172 3
187 182 3
187 186 3
188 0 3
188 2 3
188 4 3
188 8 3
188 12 3
188 15 3
188 17 3
188 18 3
188 20 3
188 33 3
188 34 3
188 35 3
188 36 3
188 43 3
188 50 3
188 54 3
188 56 3
188 65 3
188 68 3
188 69 3
188 70 3
188 71 3
188 77 3
188 81 3
188 87 3
188 89 3
188 91 3
188 95 3
188 103 3
188 106 3
188 111 3
188 112 3
188 115 3
188 116 3
188 117 3
188 119 3
188 123 3
188 127 3
188 129 3
188 134 3
188 137 3
188 140 3
188 146 3
188 154 3
188 156 3
188 158 3
188 159 3
188 161 3
188 169 3
188 174 3
188 179 3
188 180 3
188 183 3
188 185 3
189 0 3
189 12 3
189 13 3
189 16 3
189 26 3
189 27 3
189 29 3
189 36 3
189 38 3
189 40 3
189 46 3
189 49 3
189 50 3
189 55 3
189 57 3
189 58 3
189 59 3
189 60 3
189 61 3
189 62 3
189 63 3
189 68 3
189 70 3
189 72 3
189 74 3
189 80 3
189 82 3
189 83 3
189 89 3
189 90 3
189 91 3
189 95 3
189 98 3
189 102 3
189 104 3
189 105 3
189 106 3
189 107 3
189 108 3
189 110 3
189 111 3
189 119 3
189 120 3
189 122 3
189 127 3
189 129 3
189 132 3
189 133 3
189 135 3
189 138 3
189 142 3
189 152 3
189 155 3
189 160 3
189 166 3
189 173 3
189 175 3
189 179 3
189 180 3
190 3 3
190 5 3
190 6 3
190 10 3
190 19 3
190 22 3
190 23 3
190 24 3
190 25 3
190 29 3
190 34 3
190 35 3
190 40 3
190 49 3
190 50 3
190 53 3
190 60 3
190 61 3
190 64 3
190 66 3
190 75 3
190 77 3
190 78 3
190 81 3
190 82 3
190 86 3
190 90 3
190 97 3
190 98 3
190 99 3
190 100 3
190 105 3
190 110 3
190 112 3
190 117 3
190 123 3
190 124 3
190 129 3
190 131 3
190 132 3
190 135 3
190 142 3
190 144 3
190 145 3
190 147 3
190 148 3
190 149 3
190 150 3
190 151 3
190 152 3
190 158 3
190 159 3
190 164 3
190 167 3
190 168 3
190 170 3
190 171 3
190 173 3
190 179 3
190 185 3
190 186 3
190 187 3
190 189 3
190 190 3
191 1 3
191 6 3
191 12 3
191 13 3
191 17 3
191 18 3
191 19 3
191 20 3
191 21 3
191 22 3
191 25 3
191 27 3
191 28 3
191 33 3
191 35 3
191 36 3
191 38 3
191 40 3
191 43 3
191 51 3
191 54 3
191 58 3
191 63 3
191 69 3
191 72 3
191 76 3
191 79 3
191 80 3
191 81 3
191 85 3
191 90 3
191 93 3
191 96 3
191 97 3
191 98 3
191 100 3
191 101 3
191 105 3
191 109 3
191 112 3
191 113 3
191 115 3
191 118 3
191 120 3
191 125 3
191 126 3
191 133 3
191 135 3
191 137 3
191 140 3
191 142 3
191 143 3
191 146 3
191 148 3
191 150 3
191 156 3
191 157 3
191 159 3
191 161 3
191 164 3
191 165 3
191 169 3
191 170 3
191 172 3
191 178 3
191 180 3
191 182 3
191 185 3
191 187 3
191 188 3
191 189 3
191 190 3
192 1 3
192 4 3
192 6 3
192 14 3
192 17 3
192 18 3
192 24 3
192 25 3
192 27 3
192 35 3
192 36 3
192 38 3
192 39 3
192 41 3
192 48 3
192 50 3
192 51 3
192 52 3
192 54 3
192 55 3
192 58 3
192 64 3
192 65 3
192 66 3
192 67 3
192 70 3
192 72 3
192 73 3
192 74 3
192 78 3
192 81 3
192 87 3
192 89 3
192 92 3
192 96 3
192 97 3
192 100 3
192 101 3
192 103 3
192 107 3
192 108 3
192 112 3
192 115 3
192 116 3
192 117 3
192 118 3
192 120 3
192 121 3
192 123 3
192 124 3
192 142 3
192 147 3
192 156 3
192 157 3
192 159 3
192 162 3
192 164 3
192 172 3
192 176 3
192 177 3
192 182 3
192 183 3
192 184 3
192 186 3
192 188 3
192 189 3
192 192 3
193 0 3
193 1 3
193 6 3
193 8 3
193 9 3
193 12 3
193 24 3
193 27 3
193 28 3
193 33 3
193 34 3
193 35 3
193 39 3
193 40 3
193 44 3
193 47 3
193 48 3
193 49 3
193 51 3
193 53 3
193 56 3
193 58 3
193 65 3
193 67 3
193 69 3
193 73 3
193 80 3
193 86 3
193 87 3
193 92 3
193 95 3
193 100 3
193 104 3
193 107 3
193 111 3
193 112 3
193 113 3
193 116 3
193 118 3
193 119 3
193 120 3
193 127 3
193 136 3
193 141 3
193 142 3
193 143 3
193 150 3
193 154 3
193 155 3
193 157 3
193 159 3
193 161 3
193 162 3
193 163 3
193 165 3
193 168 3
193 178 3
193 192 3
194 0 3
194 12 3
194 15 3
194 16 3
194 17 3
194 19 3
194 22 3
194 23 3
194 25 3
194 27 3
194 34 3
194 35 3
194 43 3
194 44 3
194 52 3
194 55 3
194 58 3
194 59 3
194 66 3
194 68 3
194 72 3
194 74 3
194 83 3
194 84 3
194 89 3
194 94 3
194 97 3
194 98 3
194 102 3
194 115 3
194 116 3
194 122 3
194 124 3
194 127 3
194 128 3
194 131 3
194 136 3
194 138 3
194 140 3
194 141 3
194 148 3
194 149 3
194 152 3
194 158 3
194 159 3
194 160 3
194 164 3
194 166 3
194 171 3
194 173 3
194 176 3
194 179 3
194 189 3
194 190 3
194 191 3
195 1 3
195 2 3
195 6 3
195 10 3
195 12 3
195 16 3
195 21 3
195 26 3
195 27 3
195 30 3
195 32 3
195 33 3
195 40 3
195 42 3
195 44 3
195 46 3
195 47 3
195 48 3
195 54 3
195 57 3
195 63 3
195 64 3
195 65 3
195 66 3
195 74 3
195 75 3
195 78 3
195 79 3
195 84 3
195 85 3
195 87 3
195 89 3
195 92 3
195 100 3
195 103 3
195 105 3
195 111 3
195 121 3
195 122 3
195 124 3
195 129 3
195 132 3
195 133 3
195 135 3
195 145 3
195 147 3
195 148 3
195 149 3
195 151 3
195 154 3
195 160 3
195 161 3
195 166 3
195 171 3
195 175 3
195 179 3
195 180 3
195 184 3
195 189 3
196 1 3
196 3 3
196 7 3
196 8 3
196 10 3
196 11 3
196 19 3
196 20 3
196 23 3
196 27 3
196 29 3
196 32 3
196 34 3
196 35 3
196 37 3
196 38 3
196 42 3
196 43 3
196 44 3
196 45 3
196 47 3
196 48 3
196 50 3
196 51 3
196 53 3
196 54 3
196 68 3
196 70 3
196 74 3
196 75 3
196 76 3
196 78 3
196 80 3
196 81 3
196 85 3
196 88 3
196 89 3
196 91 3
196 92 3
196 93 3
196 94 3
196 95 3
196 103 3
196 105 3
196 106 3
196 110 3
196 112 3
196 113 3
196 114 3
196 116 3
196 117 3
196 120 3
196 126 3
196 132 3
196 134 3
196 139 3
196 140 3
196 146 3
196 155 3
196 157 3
196 159 3
196 162 3
196 163 3
196 164 3
196 168 3
196 170 3
196 172 3
196 173 3
196 178 3
196 181 3
196 182 3
196 185 3
196 186 3
196 188 3
196 191 3
196 193 3
197 1 3
197 6 3
197 7 3
197 9 3
197 12 3
197 13 3
197 18 3
197 24 3
197 30 3
197 34 3
197 35 3
197 41 3
197 43 3
197 50 3
197 51 3
197 52 3
197 54 3
197 62 3
197 65 3
197 66 3
197 69 3
197 71 3
197 77 3
197 81 3
197 87 3
197 88 3
197 89 3
197 91 3
197 92 3
197 93 3
197 97 3
197 99 3
197 101 3
197 102 3
197 107 3
197 110 3
197 115 3
197 116 3
197 123 3
197 124 3
197 125 3
197 126 3
197 127 3
197 128 3
197 129 3
197 130 3
197 133 3
197 136 3
197 138 3
197 139 3
197 144 3
197 145 3
197 146 3
197 154 3
197 156 3
197 165 3
197 166 3
197 171 3
197 178 3
197 179 3
197 180 3
197 183 3
197 184 3
197 185 3
197 186 3
197 187 3
197 191 3
197 192 3
197 193 3
197 196 3
197 197 3
198 1 3
198 3 3
198 7 3
198 8 3
198 9 3
198 11 3
198 26 3
198 29 3
198 30 3
198 33 3
198 34 3
198 44 3
198 46 3
198 48 3
198 50 3
198 51 3
198 52 3
198 53 3
198 55 3
198 59 3
198 60 3
198 61 3
198 67 3
198 68 3
198 72 3
198 75 3
198 76 3
198 79 3
198 87 3
198 89 3
198 91 3
198 95 3
198 99 3
198 101 3
198 103 3
198 104 3
198 107 3
198 112 3
198 113 3
198 114 3
198 121 3
198 122 3
198 128 3
198 129 3
198 130 3
198 131 3
198 134 3
198 139 3
198 144 3
198 147 3
198 152 3
198 154 3
198 156 3
198 159 3
198 163 3
198 166 3
198 172 3
198 178 3
198 182 3
198 184 3
198 187 3
198 189 3
198 191 3
198 192 3
198 193 3
198 196 3
198 197 3
199 5 3
199 9 3
199 12 3
199 14 3
199 20 3
199 27 3
199 28 3
199 29 3
199 30 3
199 33 3
199 34 3
199 35 3
199 36 3
199 42 3
199 45 3
199 48 3
199 50 3
199 51 3
199 52 3
199 54 3
199 56 3
199 60 3
199 69 3
199 70 3
199 73 3
199 74 3
199 75 3
199 78 3
199 80 3
199 81 3
199 84 3
199 88 3
199 89 3
199 90 3
199 92 3
199 97 3
199 100 3
199 102 3
199 104 3
199 106 3
199 107 3
199 108 3
199 109 3
199 119 3
199 120 3
199 122 3
199 124 3
199 125 3
199 129 3
199 132 3
199 134 3
199 141 3
199 144 3
199 149 3
199 153 3
199 156 3
199 163 3
199 164 3
199 167 3
199 169 3
199 170 3
199 181 3
199 182 3
199 188 3
199 189 3
199 190 3
199 192 3
199 193 3
199 196 3
199 198 3
