5 2 1
7 1 1
8 8 1
9 4 1
9 8 1
9 9 1
10 3 1
10 5 1
11 8 1
12 1 1
12 5 1
12 8 1
13 6 1
14 10 1
15 1 1
15 2 1
15 9 1
15 10 1
15 13 1
16 0 1
16 3 1
16 10 1
16 16 1
17 1 1
17 3 1
17 4 1
17 7 1
17 12 1
17 14 1
17 17 1
18 5 1
18 14 1
18 16 1
19 3 1
19 6 1
19 8 1
19 9 1
19 15 1
20 0 1
20 2 1
20 7 1
20 11 1
20 12 1
20 16 1
20 20 1
21 2 1
21 6 1
21 7 1
21 10 1
21 21 1
22 1 1
22 3 1
22 10 1
22 13 1
22 21 1
22 22 1
23 0 1
23 1 1
23 3 1
23 10 1
23 15 1
24 4 1
24 19 1
24 20 1
24 21 1
25 5 1
25 16 1
25 19 1
25 20 1
25 21 1
26 0 1
26 1 1
26 3 1
26 6 1
26 7 1
26 11 1
26 13 1
26 14 1
26 15 1
26 18 1
26 19 1
26 25 1
26 26 1
27 0 1
27 14 1
27 17 1
27 20 1
27 25 1
27 26 1
27 27 1
28 2 1
28 3 1
28 9 1
28 10 1
28 13 1
28 21 1
28 23 1
28 25 1
28 26 1
28 27 1
28 28 1
29 2 1
29 5 1
29 12 1
29 15 1
30 6 1
30 8 1
30 15 1
30 18 1
30 20 1
31 6 1
31 10 1
31 12 1
31 14 1
31 17 1
31 22 1
32 0 1
32 5 1
32 9 1
32 13 1
32 15 1
32 17 1
32 21 1
32 23 1
32 29 1
32 30 1
33 3 1
33 5 1
33 12 1
33 20 1
33 22 1
33 23 1
34 1 1
34 7 1
34 9 1
34 14 1
34 17 1
34 31 1
35 2 1
35 3 1
35 4 1
35 15 1
35 19 1
35 22 1
35 24 1
35 25 1
36 1 1
36 4 1
36 7 1
36 11 1
36 20 1
36 28 1
36 35 1
37 14 1
37 15 1
37 18 1
37 23 1
37 28 1
38 0 1
38 1 1
38 4 1
38 14 1
38 15 1
38 18 1
38 23 1
38 24 1
38 25 1
38 26 1
38 32 1
39 7 1
39 15 1
39 17 1
39 19 1
39 28 1
39 30 1
39 31 1
39 35 1
39 36 1
40 17 1
40 23 1
40 36 1
41 0 1
41 4 1
41 18 1
41 21 1
41 23 1
41 29 1
41 31 1
41 35 1
42 0 1
42 10 1
42 13 1
42 15 1
42 21 1
42 22 1
42 26 1
42 27 1
42 28 1
42 35 1
42 41 1
43 4 1
43 5 1
43 7 1
43 8 1
43 15 1
43 16 1
43 17 1
43 20 1
43 23 1
43 26 1
43 29 1
43 31 1
43 35 1
43 37 1
43 40 1
43 42 1
44 8 1
44 20 1
44 25 1
44 30 1
44 36 1
44 39 1
45 4 1
45 8 1
45 12 1
45 20 1
45 24 1
45 26 1
45 30 1
45 32 1
45 34 1
45 42 1
46 4 1
46 5 1
46 10 1
46 11 1
46 19 1
46 27 1
46 28 1
46 29 1
46 30 1
46 34 1
46 38 1
46 44 1
47 2 1
47 3 1
47 4 1
47 7 1
47 16 1
47 17 1
47 19 1
47 25 1
47 28 1
47 35 1
47 38 1
47 39 1
47 47 1
48 19 1
48 20 1
48 28 1
48 36 1
48 38 1
48 42 1
48 48 1
49 8 1
49 11 1
49 14 1
49 25 1
49 28 1
49 29 1
49 32 1
49 36 1
49 43 1
49 45 1
50 9 1
50 10 1
50 15 1
50 24 1
50 31 1
50 32 1
50 38 1
50 42 1
50 44 1
50 48 1
50 49 1
51 2 1
51 21 1
51 29 1
51 31 1
51 35 1
51 37 1
51 42 1
51 45 1
51 48 1
52 8 1
52 9 1
52 28 1
52 33 1
52 35 1
52 38 1
52 44 1
53 3 1
53 8 1
53 14 1
53 32 1
53 40 1
53 46 1
54 1 1
54 4 1
54 7 1
54 9 1
54 21 1
54 29 1
54 31 1
54 34 1
54 38 1
54 39 1
54 42 1
54 45 1
54 52 1
55 0 1
55 2 1
55 8 1
55 23 1
55 27 1
55 30 1
55 34 1
55 36 1
55 38 1
55 40 1
55 42 1
55 55 1
56 0 1
56 5 1
56 14 1
56 17 1
56 19 1
56 29 1
56 32 1
56 42 1
56 47 1
56 49 1
56 50 1
56 54 1
57 0 1
57 5 1
57 8 1
57 13 1
57 15 1
57 18 1
57 20 1
57 31 1
57 32 1
57 33 1
57 35 1
57 40 1
57 51 1
57 52 1
57 54 1
58 2 1
58 12 1
58 15 1
58 23 1
58 25 1
58 27 1
58 29 1
58 32 1
58 35 1
58 39 1
58 41 1
58 46 1
58 47 1
58 48 1
58 49 1
58 58 1
59 10 1
59 12 1
59 21 1
59 27 1
59 36 1
59 47 1
59 50 1
59 51 1
59 52 1
59 59 1
60 4 1
60 11 1
60 12 1
60 16 1
60 17 1
60 20 1
60 23 1
60 26 1
60 27 1
60 29 1
60 30 1
60 44 1
60 49 1
60 55 1
61 0 1
61 1 1
61 6 1
61 15 1
61 17 1
61 21 1
61 23 1
61 25 1
61 30 1
61 32 1
61 33 1
61 36 1
61 37 1
61 38 1
61 40 1
61 41 1
61 42 1
61 44 1
61 47 1
61 59 1
62 32 1
62 33 1
62 34 1
62 35 1
62 39 1
62 40 1
62 43 1
62 50 1
62 54 1
62 62 1
63 17 1
63 23 1
63 24 1
63 30 1
63 36 1
63 39 1
63 41 1
63 45 1
63 48 1
63 56 1
63 61 1
63 63 1
64 2 1
64 5 1
64 19 1
64 21 1
64 23 1
64 25 1
64 26 1
64 28 1
64 32 1
64 36 1
64 37 1
64 42 1
64 56 1
64 62 1
65 3 1
65 12 1
65 21 1
65 23 1
65 28 1
65 29 1
65 32 1
65 36 1
65 38 1
65 39 1
65 40 1
65 46 1
65 47 1
65 55 1
65 61 1
66 4 1
66 9 1
66 14 1
66 15 1
66 20 1
66 23 1
66 28 1
66 34 1
66 40 1
66 42 1
66 43 1
66 44 1
66 48 1
66 49 1
66 58 1
66 63 1
66 65 1
67 4 1
67 14 1
67 20 1
67 27 1
67 34 1
67 35 1
67 37 1
67 40 1
67 41 1
67 45 1
67 58 1
67 59 1
67 61 1
67 66 1
68 3 1
68 4 1
68 5 1
68 6 1
68 7 1
68 22 1
68 23 1
68 26 1
68 28 1
68 29 1
68 32 1
68 37 1
68 39 1
68 40 1
68 57 1
68 61 1
69 3 1
69 5 1
69 14 1
69 18 1
69 22 1
69 28 1
69 29 1
69 31 1
69 33 1
69 36 1
69 42 1
69 60 1
69 62 1
69 67 1
69 68 1
70 0 1
70 1 1
70 6 1
70 19 1
70 24 1
70 27 1
70 33 1
70 35 1
70 43 1
70 48 1
70 51 1
70 60 1
71 1 1
71 9 1
71 14 1
71 19 1
71 20 1
71 26 1
71 33 1
71 34 1
71 38 1
71 44 1
71 48 1
71 50 1
71 53 1
71 57 1
71 62 1
71 65 1
71 66 1
71 71 1
72 3 1
72 7 1
72 19 1
72 25 1
72 39 1
72 40 1
72 42 1
72 43 1
72 44 1
72 49 1
72 51 1
72 62 1
72 63 1
73 3 1
73 4 1
73 9 1
73 10 1
73 12 1
73 19 1
73 28 1
73 47 1
73 54 1
73 55 1
73 56 1
73 63 1
73 72 1
74 5 1
74 7 1
74 10 1
74 13 1
74 15 1
74 16 1
74 33 1
74 35 1
74 40 1
74 55 1
74 57 1
74 61 1
74 62 1
74 67 1
74 69 1
74 71 1
75 9 1
75 10 1
75 19 1
75 20 1
75 23 1
75 32 1
75 33 1
75 34 1
75 35 1
75 38 1
75 44 1
75 46 1
75 47 1
75 61 1
75 66 1
75 74 1
76 3 1
76 5 1
76 13 1
76 25 1
76 29 1
76 33 1
76 34 1
76 39 1
76 41 1
76 42 1
76 57 1
76 59 1
76 60 1
76 69 1
76 72 1
76 74 1
77 1 1
77 3 1
77 5 1
77 7 1
77 10 1
77 12 1
77 18 1
77 20 1
77 21 1
77 30 1
77 31 1
77 35 1
77 45 1
77 49 1
77 52 1
77 65 1
77 66 1
77 67 1
77 77 1
78 4 1
78 7 1
78 11 1
78 18 1
78 20 1
78 23 1
78 25 1
78 28 1
78 38 1
78 39 1
78 41 1
78 58 1
78 61 1
78 70 1
78 74 1
78 77 1
79 2 1
79 3 1
79 9 1
79 12 1
79 15 1
79 16 1
79 18 1
79 19 1
79 23 1
79 31 1
79 39 1
79 40 1
79 47 1
79 50 1
79 51 1
79 53 1
79 59 1
79 62 1
79 64 1
79 65 1
79 78 1
79 79 1
80 1 1
80 3 1
80 11 1
80 12 1
80 21 1
80 22 1
80 28 1
80 32 1
80 39 1
80 50 1
80 52 1
80 60 1
80 61 1
80 66 1
80 68 1
80 72 1
80 73 1
80 74 1
80 77 1
81 0 1
81 4 1
81 7 1
81 14 1
81 16 1
81 19 1
81 20 1
81 21 1
81 24 1
81 26 1
81 27 1
81 29 1
81 39 1
81 41 1
81 43 1
81 56 1
81 60 1
81 62 1
81 65 1
81 67 1
81 69 1
81 76 1
81 78 1
81 81 1
82 0 1
82 3 1
82 8 1
82 9 1
82 20 1
82 27 1
82 32 1
82 48 1
82 55 1
82 64 1
82 69 1
82 70 1
82 75 1
82 80 1
82 81 1
82 82 1
83 4 1
83 15 1
83 16 1
83 17 1
83 21 1
83 23 1
83 40 1
83 44 1
83 49 1
83 53 1
83 59 1
83 63 1
83 66 1
83 68 1
83 78 1
83 80 1
84 1 1
84 3 1
84 4 1
84 8 1
84 11 1
84 12 1
84 15 1
84 18 1
84 36 1
84 39 1
84 44 1
84 48 1
84 50 1
84 59 1
84 67 1
84 69 1
84 81 1
85 1 1
85 2 1
85 5 1
85 8 1
85 10 1
85 11 1
85 15 1
85 21 1
85 26 1
85 28 1
85 36 1
85 41 1
85 52 1
85 56 1
85 61 1
85 65 1
85 73 1
85 74 1
85 85 1
86 14 1
86 17 1
86 21 1
86 22 1
86 35 1
86 38 1
86 41 1
86 44 1
86 46 1
86 51 1
86 56 1
86 60 1
86 62 1
86 67 1
86 75 1
86 82 1
87 1 1
87 2 1
87 5 1
87 15 1
87 18 1
87 28 1
87 31 1
87 39 1
87 60 1
87 66 1
87 69 1
87 74 1
87 76 1
87 78 1
87 81 1
87 83 1
87 84 1
88 4 1
88 6 1
88 9 1
88 12 1
88 13 1
88 17 1
88 25 1
88 36 1
88 37 1
88 44 1
88 45 1
88 49 1
88 62 1
88 63 1
88 67 1
88 70 1
88 74 1
88 81 1
88 83 1
89 8 1
89 13 1
89 19 1
89 20 1
89 22 1
89 27 1
89 28 1
89 36 1
89 41 1
89 47 1
89 48 1
89 63 1
89 71 1
89 72 1
89 75 1
89 76 1
89 77 1
89 81 1
90 0 1
90 5 1
90 13 1
90 14 1
90 18 1
90 22 1
90 23 1
90 25 1
90 26 1
90 34 1
90 37 1
90 38 1
90 49 1
90 58 1
90 61 1
90 66 1
90 70 1
90 75 1
90 79 1
90 81 1
90 83 1
90 84 1
90 86 1
91 0 1
91 12 1
91 22 1
91 29 1
91 33 1
91 44 1
91 48 1
91 49 1
91 52 1
91 56 1
91 65 1
91 67 1
91 70 1
91 71 1
91 77 1
91 79 1
91 87 1
91 89 1
91 91 1
92 0 1
92 1 1
92 6 1
92 9 1
92 18 1
92 21 1
92 22 1
92 24 1
92 25 1
92 27 1
92 31 1
92 32 1
92 38 1
92 40 1
92 46 1
92 53 1
92 66 1
92 69 1
92 71 1
92 76 1
92 79 1
92 81 1
92 84 1
92 87 1
93 4 1
93 6 1
93 9 1
93 14 1
93 16 1
93 20 1
93 21 1
93 31 1
93 33 1
93 36 1
93 37 1
93 40 1
93 45 1
93 63 1
93 70 1
93 72 1
93 80 1
94 2 1
94 6 1
94 16 1
94 20 1
94 29 1
94 34 1
94 36 1
94 37 1
94 39 1
94 48 1
94 53 1
94 61 1
94 67 1
94 69 1
94 73 1
94 75 1
94 78 1
94 79 1
94 81 1
94 85 1
94 90 1
94 93 1
95 8 1
95 12 1
95 13 1
95 17 1
95 19 1
95 20 1
95 21 1
95 30 1
95 35 1
95 36 1
95 40 1
95 45 1
95 46 1
95 48 1
95 50 1
95 54 1
95 69 1
96 3 1
96 10 1
96 18 1
96 20 1
96 21 1
96 22 1
96 30 1
96 37 1
96 39 1
96 46 1
96 49 1
96 52 1
96 55 1
96 56 1
96 57 1
96 60 1
96 67 1
96 70 1
96 75 1
96 83 1
96 84 1
96 86 1
96 88 1
96 89 1
96 94 1
97 0 1
97 6 1
97 8 1
97 19 1
97 30 1
97 31 1
97 32 1
97 36 1
97 38 1
97 41 1
97 53 1
97 59 1
97 60 1
97 63 1
97 78 1
97 85 1
97 90 1
97 95 1
97 97 1
98 2 1
98 8 1
98 11 1
98 19 1
98 20 1
98 23 1
98 24 1
98 27 1
98 31 1
98 41 1
98 44 1
98 46 1
98 53 1
98 56 1
98 61 1
98 66 1
98 70 1
98 71 1
98 85 1
98 86 1
98 87 1
98 92 1
99 0 1
99 5 1
99 6 1
99 17 1
99 19 1
99 22 1
99 26 1
99 32 1
99 37 1
99 38 1
99 48 1
99 49 1
99 51 1
99 54 1
99 55 1
99 68 1
99 71 1
99 78 1
99 83 1
99 84 1
99 86 1
99 89 1
99 91 1
99 92 1
99 94 1
100 5 1
100 8 1
100 15 1
100 22 1
100 30 1
100 33 1
100 37 1
100 38 1
100 40 1
100 48 1
100 49 1
100 51 1
100 65 1
100 69 1
100 70 1
100 72 1
100 82 1
100 85 1
100 97 1
100 99 1
101 0 1
101 6 1
101 12 1
101 20 1
101 22 1
101 24 1
101 30 1
101 34 1
101 36 1
101 45 1
101 51 1
101 66 1
101 71 1
101 75 1
101 77 1
101 78 1
101 85 1
101 86 1
101 92 1
101 95 1
101 98 1
102 1 1
102 4 1
102 30 1
102 40 1
102 42 1
102 43 1
102 44 1
102 50 1
102 57 1
102 60 1
102 65 1
102 69 1
102 87 1
102 93 1
102 99 1
102 101 1
103 2 1
103 4 1
103 7 1
103 10 1
103 16 1
103 22 1
103 27 1
103 30 1
103 33 1
103 34 1
103 36 1
103 38 1
103 46 1
103 52 1
103 70 1
103 75 1
103 76 1
103 81 1
103 90 1
104 1 1
104 2 1
104 3 1
104 8 1
104 10 1
104 11 1
104 12 1
104 19 1
104 26 1
104 35 1
104 36 1
104 44 1
104 51 1
104 55 1
104 61 1
104 62 1
104 77 1
104 78 1
104 82 1
104 86 1
104 87 1
104 89 1
104 90 1
104 96 1
104 98 1
104 100 1
104 102 1
105 4 1
105 10 1
105 17 1
105 19 1
105 20 1
105 21 1
105 39 1
105 42 1
105 43 1
105 45 1
105 46 1
105 53 1
105 55 1
105 69 1
105 70 1
105 72 1
105 73 1
105 79 1
105 81 1
105 88 1
105 97 1
105 99 1
105 105 1
106 1 1
106 11 1
106 21 1
106 22 1
106 27 1
106 28 1
106 29 1
106 32 1
106 37 1
106 39 1
106 40 1
106 41 1
106 42 1
106 43 1
106 46 1
106 49 1
106 50 1
106 54 1
106 56 1
106 58 1
106 59 1
106 60 1
106 66 1
106 68 1
106 71 1
106 80 1
106 86 1
106 89 1
106 90 1
106 93 1
106 95 1
106 98 1
106 103 1
106 104 1
107 4 1
107 11 1
107 23 1
107 26 1
107 27 1
107 32 1
107 37 1
107 38 1
107 52 1
107 54 1
107 59 1
107 62 1
107 64 1
107 69 1
107 70 1
107 74 1
107 76 1
107 87 1
107 88 1
107 99 1
107 103 1
107 104 1
107 106 1
108 0 1
108 12 1
108 13 1
108 14 1
108 26 1
108 28 1
108 32 1
108 36 1
108 40 1
108 44 1
108 50 1
108 60 1
108 61 1
108 65 1
108 67 1
108 72 1
108 78 1
108 83 1
108 90 1
108 95 1
108 102 1
108 104 1
108 108 1
109 1 1
109 5 1
109 7 1
109 9 1
109 14 1
109 20 1
109 23 1
109 26 1
109 32 1
109 39 1
109 40 1
109 41 1
109 42 1
109 43 1
109 44 1
109 45 1
109 49 1
109 53 1
109 55 1
109 59 1
109 63 1
109 75 1
109 80 1
109 91 1
109 92 1
109 94 1
109 95 1
109 98 1
109 105 1
109 106 1
110 2 1
110 3 1
110 15 1
110 17 1
110 19 1
110 29 1
110 30 1
110 34 1
110 37 1
110 47 1
110 85 1
110 90 1
110 96 1
110 102 1
111 7 1
111 10 1
111 13 1
111 14 1
111 18 1
111 20 1
111 22 1
111 23 1
111 24 1
111 31 1
111 32 1
111 33 1
111 34 1
111 35 1
111 36 1
111 37 1
111 38 1
111 42 1
111 47 1
111 53 1
111 56 1
111 60 1
111 65 1
111 82 1
111 87 1
111 88 1
111 89 1
111 96 1
111 103 1
111 107 1
111 109 1
111 110 1
112 5 1
112 6 1
112 9 1
112 10 1
112 11 1
112 13 1
112 20 1
112 23 1
112 25 1
112 32 1
112 35 1
112 36 1
112 37 1
112 39 1
112 42 1
112 47 1
112 49 1
112 50 1
112 53 1
112 59 1
112 61 1
112 69 1
112 76 1
112 77 1
112 84 1
112 87 1
112 91 1
112 94 1
112 97 1
112 98 1
112 103 1
112 106 1
112 107 1
112 110 1
113 0 1
113 3 1
113 7 1
113 8 1
113 26 1
113 39 1
113 40 1
113 45 1
113 47 1
113 53 1
113 54 1
113 58 1
113 61 1
113 70 1
113 74 1
113 75 1
113 76 1
113 78 1
113 79 1
113 80 1
113 85 1
113 89 1
113 97 1
113 100 1
113 107 1
113 108 1
113 109 1
113 112 1
114 4 1
114 5 1
114 9 1
114 19 1
114 28 1
114 39 1
114 43 1
114 47 1
114 62 1
114 83 1
114 84 1
114 87 1
114 88 1
114 89 1
114 90 1
114 92 1
114 93 1
114 114 1
115 0 1
115 5 1
115 14 1
115 16 1
115 20 1
115 23 1
115 28 1
115 35 1
115 37 1
115 43 1
115 47 1
115 49 1
115 55 1
115 56 1
115 67 1
115 69 1
115 72 1
115 79 1
115 82 1
115 92 1
115 106 1
115 109 1
116 5 1
116 10 1
116 21 1
116 22 1
116 28 1
116 32 1
116 37 1
116 39 1
116 40 1
116 41 1
116 43 1
116 46 1
116 47 1
116 50 1
116 53 1
116 59 1
116 62 1
116 63 1
116 67 1
116 69 1
116 74 1
116 75 1
116 78 1
116 80 1
116 82 1
116 94 1
116 99 1
116 102 1
116 106 1
116 115 1
117 1 1
117 6 1
117 9 1
117 15 1
117 16 1
117 25 1
117 36 1
117 39 1
117 40 1
117 43 1
117 50 1
117 51 1
117 52 1
117 53 1
117 55 1
117 57 1
117 62 1
117 70 1
117 80 1
117 84 1
117 87 1
117 95 1
117 98 1
117 100 1
117 103 1
117 114 1
117 116 1
118 0 1
118 3 1
118 4 1
118 10 1
118 19 1
118 20 1
118 24 1
118 53 1
118 60 1
118 61 1
118 63 1
118 64 1
118 66 1
118 67 1
118 70 1
118 71 1
118 72 1
118 75 1
118 79 1
118 92 1
118 93 1
118 109 1
119 3 1
119 6 1
119 7 1
119 8 1
119 16 1
119 18 1
119 20 1
119 23 1
119 25 1
119 27 1
119 34 1
119 37 1
119 38 1
119 42 1
119 47 1
119 54 1
119 59 1
119 65 1
119 66 1
119 74 1
119 75 1
119 76 1
119 82 1
119 84 1
119 96 1
119 100 1
119 103 1
119 105 1
119 107 1
119 108 1
119 109 1
119 110 1
119 116 1
120 0 1
120 13 1
120 14 1
120 15 1
120 25 1
120 26 1
120 35 1
120 41 1
120 43 1
120 46 1
120 48 1
120 50 1
120 51 1
120 55 1
120 58 1
120 59 1
120 60 1
120 65 1
120 74 1
120 77 1
120 84 1
120 85 1
120 92 1
120 93 1
120 96 1
120 101 1
120 104 1
120 107 1
120 108 1
120 110 1
120 114 1
120 116 1
120 117 1
121 1 1
121 2 1
121 15 1
121 36 1
121 46 1
121 49 1
121 50 1
121 62 1
121 63 1
121 68 1
121 74 1
121 75 1
121 78 1
121 81 1
121 82 1
121 83 1
121 85 1
121 93 1
121 101 1
121 104 1
121 105 1
121 107 1
121 112 1
121 113 1
121 115 1
121 118 1
121 120 1
122 0 1
122 9 1
122 19 1
122 28 1
122 35 1
122 38 1
122 40 1
122 41 1
122 45 1
122 46 1
122 51 1
122 57 1
122 59 1
122 62 1
122 67 1
122 70 1
122 71 1
122 82 1
122 85 1
122 88 1
122 91 1
122 92 1
122 95 1
122 100 1
122 109 1
122 111 1
122 117 1
122 120 1
123 2 1
123 3 1
123 5 1
123 6 1
123 16 1
123 17 1
123 19 1
123 23 1
123 25 1
123 26 1
123 28 1
123 38 1
123 40 1
123 42 1
123 45 1
123 49 1
123 52 1
123 59 1
123 63 1
123 64 1
123 69 1
123 73 1
123 75 1
123 92 1
123 94 1
123 98 1
123 100 1
123 107 1
123 108 1
123 110 1
123 111 1
123 112 1
123 114 1
123 116 1
123 121 1
123 122 1
123 123 1
124 3 1
124 14 1
124 22 1
124 24 1
124 34 1
124 35 1
124 42 1
124 45 1
124 49 1
124 51 1
124 62 1
124 66 1
124 69 1
124 74 1
124 79 1
124 90 1
124 93 1
124 100 1
124 101 1
124 102 1
124 107 1
124 114 1
124 115 1
125 0 1
125 8 1
125 9 1
125 21 1
125 28 1
125 30 1
125 32 1
125 45 1
125 52 1
125 55 1
125 59 1
125 71 1
125 72 1
125 78 1
125 83 1
125 87 1
125 89 1
125 91 1
125 101 1
125 103 1
125 118 1
126 3 1
126 7 1
126 8 1
126 10 1
126 13 1
126 17 1
126 21 1
126 22 1
126 44 1
126 49 1
126 57 1
126 63 1
126 67 1
126 74 1
126 78 1
126 88 1
126 92 1
126 98 1
126 104 1
126 105 1
126 108 1
126 113 1
126 120 1
127 0 1
127 4 1
127 12 1
127 13 1
127 17 1
127 18 1
127 23 1
127 31 1
127 33 1
127 34 1
127 36 1
127 37 1
127 38 1
127 39 1
127 43 1
127 48 1
127 52 1
127 58 1
127 60 1
127 64 1
127 69 1
127 71 1
127 73 1
127 76 1
127 78 1
127 87 1
127 94 1
127 97 1
127 103 1
127 107 1
127 115 1
127 120 1
127 121 1
127 123 1
128 5 1
128 14 1
128 15 1
128 23 1
128 44 1
128 49 1
128 51 1
128 57 1
128 62 1
128 65 1
128 74 1
128 76 1
128 77 1
128 84 1
128 86 1
128 90 1
128 93 1
128 100 1
128 107 1
128 112 1
128 113 1
128 119 1
128 122 1
129 9 1
129 10 1
129 19 1
129 20 1
129 23 1
129 29 1
129 31 1
129 32 1
129 33 1
129 34 1
129 42 1
129 44 1
129 46 1
129 47 1
129 49 1
129 51 1
129 56 1
129 59 1
129 61 1
129 62 1
129 65 1
129 68 1
129 81 1
129 82 1
129 83 1
129 85 1
129 93 1
129 99 1
129 100 1
129 108 1
129 112 1
129 123 1
130 3 1
130 4 1
130 7 1
130 8 1
130 9 1
130 10 1
130 13 1
130 22 1
130 28 1
130 33 1
130 35 1
130 37 1
130 40 1
130 45 1
130 48 1
130 50 1
130 61 1
130 68 1
130 76 1
130 77 1
130 85 1
130 89 1
130 97 1
130 98 1
130 103 1
130 107 1
130 120 1
130 125 1
131 11 1
131 13 1
131 16 1
131 19 1
131 26 1
131 31 1
131 44 1
131 47 1
131 48 1
131 49 1
131 60 1
131 64 1
131 65 1
131 69 1
131 79 1
131 84 1
131 86 1
131 90 1
131 95 1
131 110 1
131 117 1
131 125 1
131 126 1
132 3 1
132 4 1
132 5 1
132 13 1
132 15 1
132 21 1
132 25 1
132 30 1
132 37 1
132 40 1
132 48 1
132 49 1
132 53 1
132 63 1
132 69 1
132 71 1
132 72 1
132 73 1
132 75 1
132 76 1
132 77 1
132 81 1
132 85 1
132 93 1
132 108 1
132 109 1
132 111 1
132 117 1
132 123 1
132 125 1
133 1 1
133 4 1
133 9 1
133 16 1
133 20 1
133 24 1
133 28 1
133 29 1
133 30 1
133 32 1
133 33 1
133 41 1
133 43 1
133 44 1
133 63 1
133 68 1
133 75 1
133 77 1
133 80 1
133 81 1
133 88 1
133 91 1
133 93 1
133 94 1
133 97 1
133 102 1
133 103 1
133 108 1
133 111 1
133 112 1
133 122 1
133 125 1
133 130 1
134 4 1
134 5 1
134 12 1
134 15 1
134 24 1
134 35 1
134 41 1
134 46 1
134 51 1
134 59 1
134 65 1
134 69 1
134 81 1
134 91 1
134 103 1
134 107 1
134 108 1
134 116 1
134 123 1
134 126 1
134 128 1
135 1 1
135 17 1
135 26 1
135 27 1
135 28 1
135 33 1
135 34 1
135 41 1
135 48 1
135 50 1
135 51 1
135 53 1
135 54 1
135 60 1
135 66 1
135 71 1
135 77 1
135 80 1
135 84 1
135 92 1
135 96 1
135 99 1
135 100 1
135 101 1
135 116 1
135 120 1
135 128 1
135 130 1
135 133 1
136 9 1
136 13 1
136 14 1
136 16 1
136 18 1
136 25 1
136 26 1
136 27 1
136 37 1
136 39 1
136 42 1
136 49 1
136 50 1
136 51 1
136 59 1
136 60 1
136 65 1
136 70 1
136 71 1
136 72 1
136 73 1
136 74 1
136 78 1
136 79 1
136 89 1
136 92 1
136 100 1
136 103 1
136 104 1
136 110 1
136 124 1
136 127 1
136 136 1
137 1 1
137 7 1
137 10 1
137 12 1
137 17 1
137 23 1
137 29 1
137 32 1
137 33 1
137 42 1
137 51 1
137 52 1
137 59 1
137 63 1
137 65 1
137 69 1
137 93 1
137 94 1
137 96 1
137 103 1
137 104 1
137 106 1
137 107 1
137 115 1
137 116 1
137 123 1
137 133 1
137 136 1
138 3 1
138 5 1
138 17 1
138 22 1
138 24 1
138 26 1
138 41 1
138 44 1
138 45 1
138 49 1
138 55 1
138 57 1
138 60 1
138 61 1
138 63 1
138 65 1
138 66 1
138 68 1
138 70 1
138 71 1
138 80 1
138 83 1
138 84 1
138 85 1
138 96 1
138 97 1
138 98 1
138 108 1
138 115 1
138 116 1
138 117 1
138 118 1
139 1 1
139 4 1
139 9 1
139 13 1
139 20 1
139 21 1
139 22 1
139 29 1
139 32 1
139 41 1
139 42 1
139 46 1
139 48 1
139 49 1
139 53 1
139 56 1
139 62 1
139 75 1
139 77 1
139 81 1
139 92 1
139 98 1
139 99 1
139 102 1
139 103 1
139 104 1
139 105 1
139 110 1
139 114 1
139 126 1
139 129 1
139 131 1
139 132 1
139 135 1
139 136 1
140 3 1
140 13 1
140 21 1
140 25 1
140 42 1
140 46 1
140 49 1
140 59 1
140 60 1
140 62 1
140 65 1
140 71 1
140 72 1
140 74 1
140 83 1
140 86 1
140 90 1
140 91 1
140 92 1
140 93 1
140 94 1
140 95 1
140 98 1
140 101 1
140 105 1
140 106 1
140 118 1
140 120 1
140 123 1
140 126 1
140 134 1
141 0 1
141 2 1
141 3 1
141 5 1
141 8 1
141 23 1
141 26 1
141 27 1
141 28 1
141 31 1
141 34 1
141 40 1
141 42 1
141 43 1
141 52 1
141 57 1
141 62 1
141 66 1
141 70 1
141 71 1
141 73 1
141 84 1
141 85 1
141 86 1
141 94 1
141 103 1
141 119 1
141 125 1
141 127 1
141 128 1
141 130 1
141 141 1
142 2 1
142 17 1
142 18 1
142 25 1
142 33 1
142 36 1
142 40 1
142 43 1
142 48 1
142 49 1
142 52 1
142 53 1
142 55 1
142 62 1
142 73 1
142 92 1
142 101 1
142 103 1
142 107 1
142 110 1
142 112 1
142 114 1
142 123 1
142 126 1
142 131 1
142 132 1
142 136 1
142 142 1
143 11 1
143 15 1
143 17 1
143 26 1
143 28 1
143 34 1
143 37 1
143 39 1
143 41 1
143 44 1
143 50 1
143 54 1
143 64 1
143 73 1
143 77 1
143 81 1
143 82 1
143 84 1
143 88 1
143 93 1
143 94 1
143 96 1
143 105 1
143 117 1
143 118 1
143 126 1
143 138 1
144 1 1
144 3 1
144 6 1
144 7 1
144 8 1
144 17 1
144 20 1
144 26 1
144 29 1
144 31 1
144 40 1
144 42 1
144 48 1
144 54 1
144 55 1
144 56 1
144 57 1
144 70 1
144 83 1
144 84 1
144 97 1
144 100 1
144 108 1
144 121 1
144 122 1
144 123 1
144 124 1
144 129 1
144 132 1
144 135 1
144 138 1
144 139 1
144 140 1
144 142 1
145 5 1
145 7 1
145 9 1
145 11 1
145 12 1
145 14 1
145 31 1
145 38 1
145 42 1
145 46 1
145 50 1
145 56 1
145 57 1
145 60 1
145 61 1
145 63 1
145 79 1
145 84 1
145 97 1
145 98 1
145 108 1
145 109 1
145 125 1
145 126 1
145 128 1
145 141 1
145 142 1
145 143 1
146 0 1
146 2 1
146 12 1
146 13 1
146 18 1
146 20 1
146 22 1
146 27 1
146 28 1
146 34 1
146 43 1
146 44 1
146 45 1
146 47 1
146 52 1
146 63 1
146 66 1
146 67 1
146 70 1
146 77 1
146 79 1
146 88 1
146 91 1
146 93 1
146 97 1
146 108 1
146 109 1
146 110 1
146 116 1
146 132 1
146 140 1
147 0 1
147 3 1
147 5 1
147 9 1
147 12 1
147 20 1
147 26 1
147 27 1
147 30 1
147 34 1
147 35 1
147 39 1
147 41 1
147 45 1
147 56 1
147 57 1
147 77 1
147 81 1
147 90 1
147 95 1
147 96 1
147 97 1
147 102 1
147 103 1
147 104 1
147 121 1
147 122 1
147 125 1
147 129 1
147 130 1
147 131 1
147 140 1
147 143 1
147 146 1
148 4 1
148 5 1
148 6 1
148 8 1
148 9 1
148 10 1
148 12 1
148 19 1
148 21 1
148 32 1
148 39 1
148 40 1
148 42 1
148 44 1
148 56 1
148 58 1
148 64 1
148 68 1
148 81 1
148 82 1
148 90 1
148 94 1
148 97 1
148 98 1
148 100 1
148 103 1
148 106 1
148 111 1
148 113 1
148 114 1
148 119 1
148 121 1
148 127 1
148 129 1
148 134 1
148 135 1
148 139 1
148 143 1
148 146 1
148 148 1
149 6 1
149 8 1
149 9 1
149 11 1
149 13 1
149 17 1
149 19 1
149 21 1
149 22 1
149 24 1
149 26 1
149 30 1
149 41 1
149 50 1
149 55 1
149 57 1
149 61 1
149 66 1
149 71 1
149 75 1
149 77 1
149 86 1
149 88 1
149 89 1
149 98 1
149 107 1
149 119 1
149 130 1
149 136 1
149 141 1
149 142 1
149 145 1
149 149 1
150 2 1
150 3 1
150 5 1
150 11 1
150 12 1
150 19 1
150 21 1
150 25 1
150 34 1
150 42 1
150 48 1
150 51 1
150 53 1
150 60 1
150 61 1
150 68 1
150 69 1
150 70 1
150 72 1
150 73 1
150 75 1
150 81 1
150 87 1
150 94 1
150 100 1
150 104 1
150 113 1
150 116 1
150 121 1
150 128 1
150 138 1
150 149 1
151 6 1
151 14 1
151 15 1
151 21 1
151 26 1
151 32 1
151 36 1
151 41 1
151 45 1
151 47 1
151 65 1
151 67 1
151 78 1
151 82 1
151 83 1
151 91 1
151 98 1
151 119 1
151 125 1
151 127 1
151 129 1
151 136 1
151 140 1
151 141 1
151 142 1
151 146 1
151 147 1
151 148 1
152 15 1
152 16 1
152 19 1
152 23 1
152 25 1
152 31 1
152 34 1
152 35 1
152 43 1
152 44 1
152 49 1
152 51 1
152 63 1
152 64 1
152 70 1
152 73 1
152 76 1
152 78 1
152 88 1
152 90 1
152 93 1
152 96 1
152 107 1
152 108 1
152 111 1
152 112 1
152 117 1
152 118 1
152 119 1
152 120 1
152 128 1
152 135 1
152 140 1
152 142 1
152 144 1
152 149 1
152 151 1
152 152 1
153 16 1
153 20 1
153 22 1
153 23 1
153 24 1
153 37 1
153 43 1
153 56 1
153 57 1
153 58 1
153 63 1
153 65 1
153 71 1
153 75 1
153 76 1
153 82 1
153 83 1
153 87 1
153 92 1
153 96 1
153 103 1
153 118 1
153 119 1
153 129 1
153 140 1
153 148 1
153 150 1
153 153 1
154 1 1
154 8 1
154 12 1
154 13 1
154 14 1
154 24 1
154 28 1
154 33 1
154 36 1
154 42 1
154 44 1
154 52 1
154 61 1
154 63 1
154 66 1
154 76 1
154 90 1
154 97 1
154 102 1
154 119 1
154 121 1
154 127 1
154 128 1
154 129 1
154 133 1
154 138 1
154 139 1
154 140 1
154 141 1
154 149 1
155 5 1
155 7 1
155 9 1
155 18 1
155 19 1
155 26 1
155 33 1
155 38 1
155 50 1
155 51 1
155 57 1
155 76 1
155 83 1
155 90 1
155 92 1
155 93 1
155 97 1
155 99 1
155 110 1
155 116 1
155 118 1
155 126 1
155 127 1
155 130 1
155 134 1
155 135 1
155 137 1
155 142 1
155 145 1
155 154 1
156 1 1
156 6 1
156 8 1
156 21 1
156 23 1
156 24 1
156 26 1
156 27 1
156 29 1
156 36 1
156 40 1
156 45 1
156 53 1
156 56 1
156 57 1
156 67 1
156 69 1
156 75 1
156 78 1
156 102 1
156 108 1
156 110 1
156 116 1
156 117 1
156 126 1
156 130 1
156 139 1
156 152 1
156 153 1
156 156 1
157 2 1
157 11 1
157 12 1
157 13 1
157 14 1
157 16 1
157 28 1
157 29 1
157 33 1
157 35 1
157 51 1
157 54 1
157 57 1
157 59 1
157 61 1
157 62 1
157 64 1
157 66 1
157 70 1
157 71 1
157 73 1
157 76 1
157 80 1
157 83 1
157 88 1
157 91 1
157 94 1
157 98 1
157 102 1
157 104 1
157 107 1
157 111 1
157 115 1
157 121 1
157 122 1
157 127 1
157 138 1
157 141 1
157 144 1
158 8 1
158 13 1
158 15 1
158 16 1
158 21 1
158 35 1
158 44 1
158 50 1
158 57 1
158 65 1
158 66 1
158 68 1
158 69 1
158 71 1
158 84 1
158 87 1
158 88 1
158 93 1
158 95 1
158 97 1
158 99 1
158 106 1
158 107 1
158 114 1
158 119 1
158 123 1
158 124 1
158 126 1
158 134 1
158 139 1
158 141 1
158 146 1
158 148 1
158 158 1
159 1 1
159 5 1
159 6 1
159 7 1
159 9 1
159 15 1
159 19 1
159 22 1
159 24 1
159 33 1
159 46 1
159 49 1
159 50 1
159 51 1
159 52 1
159 55 1
159 58 1
159 59 1
159 69 1
159 83 1
159 96 1
159 97 1
159 101 1
159 106 1
159 114 1
159 122 1
159 123 1
159 130 1
159 133 1
159 135 1
159 137 1
159 143 1
159 145 1
159 152 1
159 157 1
160 1 1
160 2 1
160 11 1
160 12 1
160 15 1
160 21 1
160 28 1
160 29 1
160 32 1
160 33 1
160 34 1
160 36 1
160 44 1
160 46 1
160 47 1
160 65 1
160 67 1
160 71 1
160 78 1
160 81 1
160 82 1
160 89 1
160 93 1
160 95 1
160 103 1
160 111 1
160 122 1
160 123 1
160 125 1
160 130 1
160 132 1
160 136 1
160 138 1
160 141 1
160 142 1
160 144 1
160 148 1
160 153 1
160 155 1
161 1 1
161 3 1
161 13 1
161 18 1
161 23 1
161 24 1
161 27 1
161 31 1
161 37 1
161 47 1
161 52 1
161 54 1
161 58 1
161 59 1
161 63 1
161 69 1
161 77 1
161 78 1
161 87 1
161 89 1
161 91 1
161 95 1
161 99 1
161 106 1
161 111 1
161 112 1
161 113 1
161 118 1
161 121 1
161 122 1
161 123 1
161 128 1
161 130 1
161 135 1
161 137 1
161 141 1
161 144 1
161 158 1
161 160 1
162 2 1
162 3 1
162 8 1
162 14 1
162 16 1
162 20 1
162 24 1
162 30 1
162 31 1
162 35 1
162 44 1
162 47 1
162 48 1
162 51 1
162 54 1
162 57 1
162 62 1
162 65 1
162 75 1
162 76 1
162 81 1
162 89 1
162 90 1
162 108 1
162 110 1
162 114 1
162 117 1
162 125 1
162 126 1
162 128 1
162 131 1
162 137 1
162 139 1
162 140 1
162 144 1
162 145 1
162 147 1
162 152 1
162 155 1
162 156 1
162 158 1
163 3 1
163 4 1
163 8 1
163 10 1
163 16 1
163 18 1
163 22 1
163 27 1
163 31 1
163 33 1
163 42 1
163 47 1
163 48 1
163 54 1
163 59 1
163 76 1
163 79 1
163 81 1
163 84 1
163 92 1
163 95 1
163 104 1
163 116 1
163 133 1
163 136 1
163 137 1
163 139 1
163 143 1
163 151 1
163 153 1
163 155 1
163 156 1
164 5 1
164 10 1
164 17 1
164 18 1
164 24 1
164 27 1
164 28 1
164 31 1
164 35 1
164 40 1
164 47 1
164 54 1
164 56 1
164 57 1
164 65 1
164 66 1
164 70 1
164 75 1
164 77 1
164 87 1
164 89 1
164 92 1
164 96 1
164 98 1
164 100 1
164 101 1
164 105 1
164 109 1
164 111 1
164 113 1
164 116 1
164 123 1
164 124 1
164 136 1
164 152 1
164 159 1
165 1 1
165 3 1
165 4 1
165 8 1
165 11 1
165 12 1
165 22 1
165 33 1
165 35 1
165 50 1
165 52 1
165 55 1
165 66 1
165 67 1
165 68 1
165 70 1
165 75 1
165 86 1
165 94 1
165 95 1
165 96 1
165 108 1
165 113 1
165 117 1
165 121 1
165 127 1
165 135 1
165 136 1
165 137 1
165 139 1
165 140 1
165 142 1
165 149 1
165 152 1
165 154 1
165 160 1
165 162 1
166 3 1
166 10 1
166 13 1
166 15 1
166 26 1
166 27 1
166 29 1
166 33 1
166 35 1
166 39 1
166 41 1
166 45 1
166 46 1
166 48 1
166 52 1
166 66 1
166 73 1
166 76 1
166 78 1
166 83 1
166 92 1
166 93 1
166 111 1
166 113 1
166 124 1
166 127 1
166 132 1
166 133 1
166 137 1
166 138 1
166 139 1
166 141 1
166 142 1
166 143 1
166 145 1
166 147 1
166 152 1
166 158 1
166 160 1
166 161 1
166 163 1
166 166 1
167 2 1
167 16 1
167 20 1
167 23 1
167 26 1
167 27 1
167 30 1
167 34 1
167 35 1
167 45 1
167 46 1
167 53 1
167 64 1
167 77 1
167 83 1
167 88 1
167 90 1
167 93 1
167 95 1
167 98 1
167 104 1
167 115 1
167 116 1
167 124 1
167 128 1
167 132 1
167 145 1
167 146 1
167 152 1
167 155 1
167 162 1
168 2 1
168 5 1
168 12 1
168 18 1
168 21 1
168 27 1
168 33 1
168 40 1
168 41 1
168 49 1
168 52 1
168 53 1
168 56 1
168 57 1
168 61 1
168 62 1
168 69 1
168 73 1
168 84 1
168 86 1
168 88 1
168 92 1
168 93 1
168 96 1
168 99 1
168 110 1
168 116 1
168 122 1
168 124 1
168 142 1
168 143 1
168 144 1
168 149 1
168 157 1
168 158 1
168 159 1
168 163 1
168 168 1
169 5 1
169 11 1
169 12 1
169 17 1
169 22 1
169 26 1
169 37 1
169 38 1
169 41 1
169 43 1
169 45 1
169 49 1
169 59 1
169 65 1
169 75 1
169 78 1
169 80 1
169 81 1
169 97 1
169 98 1
169 104 1
169 111 1
169 120 1
169 123 1
169 125 1
169 126 1
169 131 1
169 135 1
169 143 1
169 145 1
169 154 1
169 169 1
170 5 1
170 12 1
170 17 1
170 19 1
170 22 1
170 24 1
170 30 1
170 39 1
170 41 1
170 61 1
170 70 1
170 72 1
170 78 1
170 81 1
170 85 1
170 86 1
170 89 1
170 90 1
170 91 1
170 93 1
170 99 1
170 113 1
170 116 1
170 126 1
170 128 1
170 134 1
170 152 1
170 155 1
170 159 1
170 163 1
170 165 1
170 170 1
171 7 1
171 9 1
171 14 1
171 15 1
171 17 1
171 28 1
171 30 1
171 31 1
171 32 1
171 37 1
171 38 1
171 39 1
171 53 1
171 56 1
171 57 1
171 64 1
171 66 1
171 71 1
171 74 1
171 75 1
171 77 1
171 83 1
171 84 1
171 88 1
171 89 1
171 91 1
171 93 1
171 94 1
171 103 1
171 104 1
171 107 1
171 109 1
171 111 1
171 115 1
171 122 1
171 124 1
171 125 1
171 126 1
171 127 1
171 128 1
171 129 1
171 133 1
171 137 1
171 139 1
171 142 1
171 145 1
171 147 1
171 148 1
171 152 1
171 168 1
172 4 1
172 9 1
172 11 1
172 29 1
172 30 1
172 33 1
172 36 1
172 37 1
172 45 1
172 51 1
172 65 1
172 71 1
172 74 1
172 78 1
172 82 1
172 83 1
172 84 1
172 86 1
172 89 1
172 95 1
172 97 1
172 100 1
172 101 1
172 111 1
172 119 1
172 121 1
172 123 1
172 129 1
172 135 1
172 140 1
172 143 1
172 146 1
172 149 1
172 153 1
172 160 1
172 161 1
172 172 1
173 3 1
173 5 1
173 6 1
173 7 1
173 10 1
173 11 1
173 13 1
173 14 1
173 16 1
173 29 1
173 30 1
173 32 1
173 35 1
173 43 1
173 50 1
173 51 1
173 56 1
173 57 1
173 64 1
173 67 1
173 68 1
173 72 1
173 74 1
173 86 1
173 94 1
173 98 1
173 101 1
173 108 1
173 110 1
173 117 1
173 119 1
173 122 1
173 131 1
173 132 1
173 133 1
173 139 1
173 149 1
173 150 1
173 153 1
173 155 1
173 162 1
174 19 1
174 23 1
174 31 1
174 34 1
174 35 1
174 47 1
174 51 1
174 59 1
174 63 1
174 66 1
174 72 1
174 76 1
174 83 1
174 84 1
174 85 1
174 97 1
174 99 1
174 100 1
174 112 1
174 113 1
174 117 1
174 122 1
174 125 1
174 132 1
174 136 1
174 139 1
174 146 1
174 147 1
174 148 1
174 153 1
174 154 1
174 159 1
174 160 1
175 5 1
175 9 1
175 10 1
175 15 1
175 16 1
175 17 1
175 19 1
175 27 1
175 32 1
175 42 1
175 43 1
175 46 1
175 48 1
175 58 1
175 64 1
175 72 1
175 74 1
175 76 1
175 79 1
175 83 1
175 84 1
175 96 1
175 97 1
175 98 1
175 100 1
175 102 1
175 105 1
175 108 1
175 109 1
175 112 1
175 123 1
175 128 1
175 129 1
175 132 1
175 138 1
175 139 1
175 144 1
175 149 1
175 150 1
175 153 1
175 155 1
175 157 1
175 158 1
175 165 1
175 174 1
176 3 1
176 11 1
176 12 1
176 27 1
176 28 1
176 30 1
176 34 1
176 35 1
176 37 1
176 47 1
176 50 1
176 51 1
176 52 1
176 58 1
176 59 1
176 62 1
176 67 1
176 72 1
176 79 1
176 81 1
176 86 1
176 88 1
176 90 1
176 92 1
176 94 1
176 96 1
176 97 1
176 119 1
176 122 1
176 124 1
176 130 1
176 132 1
176 133 1
176 136 1
176 145 1
176 146 1
176 157 1
176 169 1
176 170 1
176 176 1
177 5 1
177 6 1
177 8 1
177 20 1
177 21 1
177 30 1
177 31 1
177 39 1
177 49 1
177 50 1
177 66 1
177 68 1
177 73 1
177 78 1
177 82 1
177 84 1
177 85 1
177 86 1
177 92 1
177 95 1
177 97 1
177 99 1
177 100 1
177 108 1
177 110 1
177 119 1
177 120 1
177 128 1
177 131 1
177 135 1
177 139 1
177 142 1
177 143 1
177 147 1
177 153 1
177 155 1
177 160 1
177 163 1
177 165 1
177 166 1
177 171 1
177 172 1
178 2 1
178 8 1
178 10 1
178 13 1
178 16 1
178 20 1
178 23 1
178 28 1
178 29 1
178 32 1
178 36 1
178 43 1
178 44 1
178 50 1
178 51 1
178 55 1
178 56 1
178 57 1
178 60 1
178 61 1
178 65 1
178 67 1
178 69 1
178 70 1
178 74 1
178 76 1
178 79 1
178 83 1
178 86 1
178 88 1
178 89 1
178 92 1
178 94 1
178 95 1
178 97 1
178 102 1
178 105 1
178 109 1
178 110 1
178 114 1
178 118 1
178 119 1
178 120 1
178 122 1
178 128 1
178 134 1
178 137 1
178 149 1
178 150 1
178 151 1
178 152 1
178 153 1
178 156 1
178 165 1
178 169 1
179 4 1
179 7 1
179 11 1
179 21 1
179 24 1
179 29 1
179 33 1
179 37 1
179 39 1
179 41 1
179 42 1
179 44 1
179 49 1
179 56 1
179 64 1
179 80 1
179 95 1
179 98 1
179 99 1
179 101 1
179 107 1
179 110 1
179 112 1
179 116 1
179 119 1
179 121 1
179 125 1
179 126 1
179 127 1
179 128 1
179 134 1
179 135 1
179 136 1
179 138 1
179 154 1
179 157 1
179 160 1
179 163 1
179 164 1
179 165 1
179 167 1
179 168 1
180 6 1
180 10 1
180 13 1
180 14 1
180 17 1
180 21 1
180 23 1
180 24 1
180 28 1
180 29 1
180 37 1
180 38 1
180 39 1
180 41 1
180 46 1
180 59 1
180 60 1
180 64 1
180 66 1
180 69 1
180 83 1
180 93 1
180 107 1
180 113 1
180 114 1
180 117 1
180 119 1
180 122 1
180 126 1
180 127 1
180 129 1
180 132 1
180 133 1
180 134 1
180 136 1
180 140 1
180 147 1
180 152 1
180 156 1
180 159 1
180 167 1
180 168 1
180 171 1
180 180 1
181 9 1
181 15 1
181 18 1
181 26 1
181 32 1
181 33 1
181 36 1
181 37 1
181 42 1
181 46 1
181 48 1
181 55 1
181 61 1
181 64 1
181 65 1
181 68 1
181 70 1
181 71 1
181 73 1
181 87 1
181 90 1
181 100 1
181 106 1
181 119 1
181 121 1
181 122 1
181 124 1
181 125 1
181 126 1
181 130 1
181 134 1
181 136 1
181 147 1
181 154 1
181 157 1
181 171 1
181 172 1
181 173 1
181 176 1
181 177 1
182 0 1
182 3 1
182 5 1
182 15 1
182 20 1
182 29 1
182 31 1
182 35 1
182 37 1
182 44 1
182 46 1
182 51 1
182 52 1
182 55 1
182 58 1
182 69 1
182 70 1
182 71 1
182 75 1
182 80 1
182 84 1
182 90 1
182 107 1
182 112 1
182 114 1
182 116 1
182 120 1
182 121 1
182 122 1
182 126 1
182 136 1
182 150 1
182 152 1
182 155 1
182 160 1
182 173 1
182 177 1
182 182 1
183 2 1
183 4 1
183 14 1
183 22 1
183 23 1
183 25 1
183 30 1
183 33 1
183 42 1
183 44 1
183 49 1
183 53 1
183 61 1
183 62 1
183 63 1
183 65 1
183 70 1
183 74 1
183 78 1
183 85 1
183 90 1
183 91 1
183 99 1
183 100 1
183 101 1
183 105 1
183 112 1
183 118 1
183 125 1
183 126 1
183 128 1
183 134 1
183 136 1
183 140 1
183 147 1
183 148 1
183 155 1
183 166 1
183 169 1
184 6 1
184 14 1
184 26 1
184 34 1
184 49 1
184 52 1
184 56 1
184 57 1
184 58 1
184 62 1
184 66 1
184 86 1
184 96 1
184 98 1
184 99 1
184 100 1
184 101 1
184 105 1
184 114 1
184 119 1
184 120 1
184 123 1
184 127 1
184 128 1
184 132 1
184 134 1
184 145 1
184 150 1
184 158 1
184 163 1
184 164 1
184 168 1
184 178 1
185 6 1
185 8 1
185 11 1
185 13 1
185 19 1
185 22 1
185 23 1
185 25 1
185 28 1
185 42 1
185 44 1
185 48 1
185 52 1
185 57 1
185 64 1
185 78 1
185 82 1
185 84 1
185 87 1
185 89 1
185 92 1
185 95 1
185 101 1
185 102 1
185 104 1
185 109 1
185 112 1
185 127 1
185 135 1
185 136 1
185 141 1
185 145 1
185 150 1
185 152 1
185 160 1
185 161 1
185 162 1
185 163 1
185 164 1
185 165 1
185 171 1
185 172 1
185 181 1
185 183 1
186 4 1
186 5 1
186 9 1
186 15 1
186 28 1
186 30 1
186 31 1
186 33 1
186 35 1
186 44 1
186 50 1
186 52 1
186 54 1
186 58 1
186 60 1
186 62 1
186 63 1
186 80 1
186 83 1
186 90 1
186 95 1
186 114 1
186 118 1
186 119 1
186 121 1
186 123 1
186 137 1
186 140 1
186 142 1
186 150 1
186 155 1
186 156 1
186 160 1
186 161 1
186 178 1
186 186 1
187 2 1
187 6 1
187 7 1
187 13 1
187 14 1
187 15 1
187 16 1
187 17 1
187 20 1
187 22 1
187 24 1
187 25 1
187 38 1
187 41 1
187 49 1
187 54 1
187 59 1
187 60 1
187 66 1
187 73 1
187 78 1
187 85 1
187 90 1
187 91 1
187 92 1
187 94 1
187 104 1
187 106 1
187 107 1
187 129 1
187 130 1
187 131 1
187 136 1
187 138 1
187 141 1
187 148 1
187 153 1
187 161 1
187 166 1
187 172 1
187 184 1
187 186 1
188 0 1
188 4 1
188 5 1
188 16 1
188 18 1
188 21 1
188 23 1
188 29 1
188 30 1
188 31 1
188 36 1
188 38 1
188 40 1
188 47 1
188 48 1
188 51 1
188 56 1
188 72 1
188 74 1
188 77 1
188 83 1
188 85 1
188 88 1
188 92 1
188 95 1
188 96 1
188 99 1
188 104 1
188 114 1
188 116 1
188 119 1
188 123 1
188 125 1
188 127 1
188 133 1
188 134 1
188 143 1
188 145 1
188 148 1
188 149 1
188 156 1
188 158 1
188 171 1
188 173 1
188 180 1
188 188 1
189 6 1
189 7 1
189 17 1
189 19 1
189 29 1
189 31 1
189 40 1
189 41 1
189 42 1
189 55 1
189 57 1
189 60 1
189 62 1
189 64 1
189 68 1
189 72 1
189 79 1
189 82 1
189 90 1
189 103 1
189 104 1
189 105 1
189 113 1
189 116 1
189 117 1
189 118 1
189 123 1
189 127 1
189 136 1
189 144 1
189 148 1
189 149 1
189 153 1
189 158 1
189 162 1
189 163 1
189 176 1
189 188 1
189 189 1
190 1 1
190 4 1
190 7 1
190 8 1
190 10 1
190 14 1
190 18 1
190 24 1
190 31 1
190 32 1
190 37 1
190 43 1
190 49 1
190 60 1
190 65 1
190 66 1
190 67 1
190 71 1
190 73 1
190 83 1
190 86 1
190 89 1
190 90 1
190 93 1
190 103 1
190 107 1
190 124 1
190 126 1
190 128 1
190 130 1
190 143 1
190 155 1
190 160 1
190 161 1
190 164 1
190 167 1
190 168 1
190 173 1
190 178 1
190 188 1
190 189 1
191 1 1
191 3 1
191 8 1
191 9 1
191 13 1
191 14 1
191 17 1
191 19 1
191 24 1
191 25 1
191 31 1
191 32 1
191 33 1
191 38 1
191 39 1
191 44 1
191 45 1
191 47 1
191 51 1
191 54 1
191 55 1
191 58 1
191 60 1
191 61 1
191 63 1
191 73 1
191 76 1
191 79 1
191 84 1
191 86 1
191 87 1
191 90 1
191 95 1
191 106 1
191 114 1
191 121 1
191 125 1
191 126 1
191 129 1
191 132 1
191 133 1
191 138 1
191 144 1
191 148 1
191 149 1
191 154 1
191 158 1
191 160 1
191 165 1
191 169 1
191 171 1
191 175 1
191 176 1
191 187 1
191 190 1
192 5 1
192 8 1
192 9 1
192 10 1
192 11 1
192 16 1
192 24 1
192 29 1
192 30 1
192 39 1
192 40 1
192 43 1
192 44 1
192 45 1
192 50 1
192 65 1
192 82 1
192 89 1
192 92 1
192 99 1
192 108 1
192 113 1
192 114 1
192 115 1
192 126 1
192 127 1
192 128 1
192 132 1
192 137 1
192 138 1
192 140 1
192 141 1
192 152 1
192 156 1
192 169 1
192 174 1
192 180 1
192 186 1
192 188 1
192 191 1
193 0 1
193 1 1
193 14 1
193 17 1
193 32 1
193 41 1
193 50 1
193 58 1
193 63 1
193 64 1
193 65 1
193 67 1
193 68 1
193 83 1
193 95 1
193 98 1
193 99 1
193 100 1
193 102 1
193 105 1
193 109 1
193 115 1
193 122 1
193 131 1
193 145 1
193 151 1
193 153 1
193 163 1
193 165 1
193 170 1
193 180 1
194 1 1
194 4 1
194 5 1
194 8 1
194 10 1
194 11 1
194 12 1
194 15 1
194 16 1
194 17 1
194 20 1
194 23 1
194 25 1
194 31 1
194 34 1
194 35 1
194 46 1
194 50 1
194 72 1
194 74 1
194 78 1
194 80 1
194 86 1
194 89 1
194 96 1
194 100 1
194 107 1
194 109 1
194 110 1
194 111 1
194 113 1
194 128 1
194 131 1
194 139 1
194 140 1
194 142 1
194 145 1
194 147 1
194 152 1
194 162 1
194 167 1
194 169 1
194 170 1
194 173 1
194 174 1
194 177 1
194 186 1
194 188 1
195 8 1
195 19 1
195 21 1
195 23 1
195 24 1
195 27 1
195 32 1
195 38 1
195 39 1
195 41 1
195 53 1
195 56 1
195 59 1
195 60 1
195 69 1
195 77 1
195 84 1
195 85 1
195 89 1
195 96 1
195 105 1
195 124 1
195 130 1
195 139 1
195 141 1
195 145 1
195 149 1
195 151 1
195 153 1
195 156 1
195 169 1
195 171 1
195 172 1
195 180 1
195 182 1
195 185 1
195 187 1
195 189 1
195 190 1
196 1 1
196 6 1
196 10 1
196 12 1
196 18 1
196 19 1
196 24 1
196 35 1
196 36 1
196 42 1
196 43 1
196 47 1
196 52 1
196 57 1
196 71 1
196 80 1
196 84 1
196 94 1
196 95 1
196 100 1
196 105 1
196 107 1
196 111 1
196 113 1
196 114 1
196 115 1
196 117 1
196 119 1
196 122 1
196 124 1
196 128 1
196 133 1
196 158 1
196 167 1
196 169 1
196 172 1
196 174 1
196 179 1
196 183 1
196 187 1
196 188 1
197 0 1
197 4 1
197 6 1
197 8 1
197 9 1
197 10 1
197 11 1
197 14 1
197 21 1
197 32 1
197 37 1
197 40 1
197 41 1
197 45 1
197 46 1
197 53 1
197 58 1
197 64 1
197 86 1
197 88 1
197 90 1
197 91 1
197 103 1
197 106 1
197 107 1
197 113 1
197 125 1
197 127 1
197 133 1
197 137 1
197 139 1
197 164 1
197 169 1
197 170 1
197 189 1
198 1 1
198 12 1
198 14 1
198 18 1
198 20 1
198 22 1
198 24 1
198 35 1
198 42 1
198 43 1
198 48 1
198 53 1
198 54 1
198 61 1
198 69 1
198 74 1
198 76 1
198 84 1
198 89 1
198 92 1
198 94 1
198 97 1
198 101 1
198 102 1
198 108 1
198 109 1
198 113 1
198 127 1
198 129 1
198 132 1
198 138 1
198 140 1
198 141 1
198 150 1
198 161 1
198 168 1
198 174 1
198 177 1
198 190 1
198 193 1
198 195 1
199 3 1
199 4 1
199 6 1
199 7 1
199 10 1
199 11 1
199 13 1
199 14 1
199 17 1
199 24 1
199 25 1
199 26 1
199 28 1
199 36 1
199 39 1
199 47 1
199 49 1
199 51 1
199 52 1
199 57 1
199 59 1
199 61 1
199 70 1
199 74 1
199 84 1
199 92 1
199 95 1
199 101 1
199 105 1
199 107 1
199 111 1
199 119 1
199 125 1
199 131 1
199 133 1
199 140 1
199 145 1
199 147 1
199 148 1
199 150 1
199 151 1
199 153 1
199 161 1
199 162 1
199 165 1
199 166 1
199 167 1
199 169 1
199 172 1
199 178 1
199 180 1
199 181 1
199 184 1
199 190 1
199 191 1
199 193 1
0 0 2
1 0 2
2 1 2
3 1 2
4 3 2
6 4 2
7 1 2
7 6 2
9 9 2
10 5 2
10 10 2
11 1 2
11 11 2
12 4 2
12 6 2
13 8 2
13 10 2
13 11 2
14 7 2
14 8 2
14 9 2
14 12 2
15 8 2
15 10 2
15 11 2
15 13 2
16 4 2
16 8 2
16 13 2
16 16 2
17 4 2
17 14 2
18 1 2
18 4 2
18 6 2
18 10 2
18 15 2
19 1 2
19 4 2
19 12 2
19 15 2
19 17 2
19 18 2
19 19 2
20 0 2
20 17 2
20 18 2
21 0 2
21 1 2
21 16 2
22 14 2
22 15 2
22 16 2
22 17 2
23 4 2
23 10 2
23 13 2
23 15 2
23 17 2
23 20 2
23 21 2
23 22 2
23 23 2
24 0 2
24 4 2
24 6 2
24 7 2
24 8 2
24 11 2
24 12 2
24 15 2
24 20 2
24 23 2
25 0 2
25 3 2
25 6 2
25 7 2
25 10 2
25 11 2
25 13 2
25 17 2
25 23 2
26 0 2
26 1 2
26 5 2
26 6 2
26 8 2
26 9 2
26 10 2
26 12 2
26 15 2
26 17 2
26 25 2
27 1 2
27 3 2
27 11 2
27 26 2
27 27 2
28 7 2
28 11 2
28 13 2
28 19 2
28 23 2
28 24 2
29 2 2
29 3 2
29 8 2
29 9 2
29 10 2
29 13 2
29 15 2
29 17 2
29 28 2
30 0 2
30 3 2
30 4 2
30 8 2
30 14 2
30 16 2
30 25 2
30 29 2
30 30 2
31 0 2
31 5 2
31 13 2
31 15 2
31 20 2
31 24 2
31 28 2
31 29 2
32 0 2
32 2 2
32 17 2
32 20 2
32 25 2
32 29 2
32 31 2
33 15 2
33 16 2
33 17 2
33 25 2
33 28 2
33 33 2
34 2 2
34 15 2
34 33 2
35 5 2
35 17 2
35 27 2
35 30 2
35 32 2
35 33 2
36 8 2
36 11 2
36 17 2
36 19 2
36 22 2
36 26 2
36 28 2
36 36 2
37 5 2
37 8 2
37 9 2
37 10 2
37 12 2
37 13 2
37 24 2
37 31 2
37 33 2
38 0 2
38 7 2
38 10 2
38 13 2
38 18 2
38 19 2
38 22 2
38 34 2
38 36 2
39 5 2
39 6 2
39 7 2
39 11 2
39 14 2
39 17 2
39 21 2
39 24 2
39 26 2
39 31 2
39 33 2
40 3 2
40 8 2
40 12 2
40 15 2
40 19 2
40 20 2
40 26 2
40 30 2
40 36 2
41 0 2
41 3 2
41 4 2
41 7 2
41 9 2
41 11 2
41 14 2
41 17 2
41 22 2
41 24 2
41 25 2
41 31 2
41 34 2
41 39 2
42 0 2
42 7 2
42 11 2
42 13 2
42 25 2
42 27 2
42 28 2
42 32 2
42 42 2
43 4 2
43 11 2
43 13 2
43 21 2
43 23 2
43 38 2
43 39 2
43 40 2
44 5 2
44 14 2
44 19 2
44 25 2
44 28 2
44 30 2
44 33 2
44 39 2
44 41 2
44 43 2
45 3 2
45 11 2
45 15 2
45 17 2
45 22 2
45 26 2
45 31 2
45 36 2
45 45 2
46 2 2
46 11 2
46 13 2
46 15 2
46 17 2
46 19 2
46 39 2
46 40 2
47 3 2
47 5 2
47 7 2
47 15 2
47 20 2
47 23 2
47 35 2
47 37 2
47 39 2
47 40 2
47 43 2
48 0 2
48 3 2
48 4 2
48 9 2
48 12 2
48 17 2
48 18 2
48 19 2
48 27 2
48 31 2
48 32 2
48 35 2
48 36 2
48 40 2
48 47 2
49 6 2
49 11 2
49 15 2
49 16 2
49 18 2
49 19 2
49 22 2
49 23 2
49 24 2
49 27 2
49 32 2
49 36 2
49 38 2
50 5 2
50 6 2
50 8 2
50 9 2
50 15 2
50 16 2
50 19 2
50 29 2
50 42 2
51 0 2
51 3 2
51 6 2
51 7 2
51 9 2
51 10 2
51 15 2
51 21 2
51 24 2
51 33 2
51 37 2
51 39 2
51 41 2
51 42 2
51 44 2
51 47 2
51 50 2
52 2 2
52 16 2
52 19 2
52 22 2
52 25 2
52 29 2
52 30 2
52 32 2
52 38 2
52 41 2
52 43 2
52 45 2
52 46 2
52 48 2
53 8 2
53 10 2
53 12 2
53 15 2
53 16 2
53 20 2
53 22 2
53 26 2
53 40 2
53 41 2
53 43 2
53 47 2
53 51 2
54 5 2
54 9 2
54 13 2
54 18 2
54 20 2
54 28 2
54 31 2
54 38 2
54 39 2
54 41 2
54 46 2
54 47 2
54 52 2
55 4 2
55 5 2
55 6 2
55 8 2
55 12 2
55 13 2
55 14 2
55 26 2
55 34 2
55 43 2
55 48 2
55 50 2
55 51 2
56 0 2
56 3 2
56 4 2
56 5 2
56 6 2
56 14 2
56 17 2
56 19 2
56 20 2
56 22 2
57 4 2
57 13 2
57 19 2
57 29 2
57 31 2
57 34 2
57 36 2
57 37 2
57 40 2
57 42 2
57 43 2
57 44 2
57 48 2
57 49 2
57 56 2
58 3 2
58 5 2
58 20 2
58 26 2
58 27 2
58 28 2
58 41 2
58 44 2
58 45 2
58 54 2
58 56 2
58 58 2
59 0 2
59 4 2
59 6 2
59 12 2
59 26 2
59 27 2
59 29 2
59 30 2
59 32 2
59 34 2
59 35 2
59 38 2
59 44 2
59 47 2
59 48 2
59 52 2
59 55 2
59 57 2
60 8 2
60 18 2
60 22 2
60 30 2
60 35 2
60 37 2
60 39 2
60 42 2
60 44 2
60 46 2
60 49 2
61 1 2
61 5 2
61 8 2
61 19 2
61 22 2
61 23 2
61 24 2
61 25 2
61 27 2
61 30 2
61 41 2
61 44 2
61 47 2
61 56 2
61 60 2
62 10 2
62 12 2
62 18 2
62 21 2
62 25 2
62 28 2
62 32 2
62 34 2
62 38 2
62 39 2
62 40 2
62 41 2
62 44 2
62 45 2
62 46 2
62 51 2
62 60 2
62 62 2
63 13 2
63 15 2
63 21 2
63 30 2
63 41 2
63 52 2
63 55 2
63 57 2
63 58 2
63 61 2
64 6 2
64 22 2
64 37 2
64 47 2
64 50 2
64 53 2
64 56 2
64 59 2
64 60 2
64 62 2
64 63 2
65 4 2
65 12 2
65 14 2
65 15 2
65 21 2
65 26 2
65 27 2
65 28 2
65 29 2
65 36 2
65 37 2
65 41 2
65 46 2
65 47 2
65 49 2
65 59 2
65 62 2
66 3 2
66 9 2
66 11 2
66 13 2
66 14 2
66 15 2
66 17 2
66 18 2
66 20 2
66 27 2
66 29 2
66 37 2
66 47 2
66 48 2
66 51 2
66 55 2
66 56 2
66 58 2
66 61 2
66 65 2
67 6 2
67 14 2
67 16 2
67 19 2
67 33 2
67 34 2
67 40 2
67 53 2
67 55 2
67 66 2
68 2 2
68 4 2
68 7 2
68 9 2
68 20 2
68 26 2
68 30 2
68 33 2
68 34 2
68 35 2
68 39 2
68 42 2
68 43 2
68 47 2
68 53 2
68 54 2
68 55 2
69 3 2
69 7 2
69 8 2
69 9 2
69 19 2
69 24 2
69 27 2
69 29 2
69 30 2
69 39 2
69 43 2
69 47 2
69 51 2
69 52 2
69 56 2
69 61 2
69 62 2
69 69 2
70 4 2
70 7 2
70 25 2
70 29 2
70 32 2
70 33 2
70 37 2
70 47 2
70 61 2
70 62 2
70 63 2
71 1 2
71 8 2
71 13 2
71 15 2
71 20 2
71 34 2
71 37 2
71 41 2
71 45 2
71 50 2
71 52 2
71 61 2
71 63 2
71 64 2
71 65 2
71 66 2
71 71 2
72 2 2
72 4 2
72 8 2
72 11 2
72 14 2
72 18 2
72 19 2
72 20 2
72 22 2
72 29 2
72 31 2
72 40 2
72 48 2
72 52 2
72 56 2
72 57 2
72 60 2
72 65 2
73 7 2
73 16 2
73 18 2
73 25 2
73 40 2
73 47 2
73 48 2
74 0 2
74 6 2
74 7 2
74 8 2
74 9 2
74 12 2
74 13 2
74 19 2
74 20 2
74 21 2
74 23 2
74 26 2
74 30 2
74 32 2
74 47 2
74 53 2
74 59 2
74 61 2
74 67 2
74 68 2
74 73 2
75 0 2
75 1 2
75 8 2
75 9 2
75 19 2
75 21 2
75 33 2
75 35 2
75 36 2
75 39 2
75 43 2
75 46 2
75 52 2
75 53 2
75 57 2
75 59 2
75 73 2
75 75 2
76 1 2
76 2 2
76 3 2
76 9 2
76 10 2
76 14 2
76 15 2
76 20 2
76 22 2
76 23 2
76 25 2
76 29 2
76 41 2
76 42 2
76 45 2
76 47 2
76 60 2
76 64 2
76 66 2
76 67 2
76 75 2
77 11 2
77 14 2
77 16 2
77 20 2
77 24 2
77 26 2
77 44 2
77 53 2
77 59 2
77 64 2
77 65 2
77 72 2
77 77 2
78 8 2
78 10 2
78 14 2
78 16 2
78 18 2
78 25 2
78 27 2
78 38 2
78 39 2
78 40 2
78 45 2
78 46 2
78 47 2
78 51 2
78 55 2
78 59 2
78 65 2
78 72 2
78 78 2
79 0 2
79 1 2
79 4 2
79 6 2
79 7 2
79 18 2
79 23 2
79 29 2
79 33 2
79 40 2
79 43 2
79 46 2
79 47 2
79 56 2
79 59 2
79 68 2
79 71 2
79 77 2
80 0 2
80 7 2
80 12 2
80 16 2
80 18 2
80 22 2
80 26 2
80 27 2
80 32 2
80 33 2
80 40 2
80 43 2
80 56 2
80 57 2
80 68 2
80 69 2
80 74 2
80 80 2
81 4 2
81 10 2
81 11 2
81 16 2
81 21 2
81 29 2
81 30 2
81 32 2
81 39 2
81 47 2
81 49 2
81 50 2
81 51 2
81 75 2
81 79 2
82 6 2
82 13 2
82 14 2
82 20 2
82 27 2
82 30 2
82 41 2
82 50 2
82 53 2
82 61 2
82 64 2
82 65 2
82 74 2
82 77 2
82 81 2
82 82 2
83 10 2
83 14 2
83 15 2
83 16 2
83 18 2
83 21 2
83 22 2
83 23 2
83 32 2
83 36 2
83 39 2
83 40 2
83 45 2
83 46 2
83 49 2
83 55 2
83 56 2
83 57 2
83 59 2
83 62 2
83 64 2
83 66 2
83 69 2
83 73 2
83 76 2
83 78 2
83 81 2
83 82 2
84 11 2
84 15 2
84 16 2
84 23 2
84 28 2
84 29 2
84 30 2
84 40 2
84 44 2
84 46 2
84 55 2
84 56 2
84 61 2
84 63 2
84 64 2
84 66 2
84 72 2
84 73 2
84 80 2
85 7 2
85 10 2
85 14 2
85 15 2
85 16 2
85 20 2
85 22 2
85 25 2
85 36 2
85 38 2
85 40 2
85 42 2
85 47 2
85 48 2
85 50 2
85 56 2
85 61 2
85 63 2
85 66 2
85 74 2
85 78 2
85 81 2
85 85 2
86 3 2
86 5 2
86 7 2
86 15 2
86 16 2
86 25 2
86 33 2
86 35 2
86 37 2
86 38 2
86 39 2
86 40 2
86 41 2
86 44 2
86 49 2
86 52 2
86 65 2
86 73 2
86 76 2
86 79 2
86 81 2
86 82 2
87 0 2
87 5 2
87 6 2
87 8 2
87 10 2
87 13 2
87 15 2
87 22 2
87 29 2
87 32 2
87 33 2
87 34 2
87 36 2
87 38 2
87 40 2
87 41 2
87 51 2
87 53 2
87 58 2
87 63 2
87 68 2
87 80 2
87 84 2
87 85 2
87 86 2
88 10 2
88 13 2
88 16 2
88 22 2
88 23 2
88 29 2
88 32 2
88 46 2
88 48 2
88 56 2
88 61 2
88 63 2
88 65 2
88 72 2
88 79 2
88 81 2
88 82 2
88 87 2
89 13 2
89 17 2
89 18 2
89 21 2
89 23 2
89 33 2
89 34 2
89 38 2
89 42 2
89 43 2
89 44 2
89 46 2
89 50 2
89 51 2
89 52 2
89 54 2
89 62 2
89 66 2
89 70 2
89 78 2
89 79 2
89 80 2
89 88 2
89 89 2
90 23 2
90 30 2
90 32 2
90 33 2
90 36 2
90 37 2
90 40 2
90 41 2
90 47 2
90 55 2
90 57 2
90 59 2
90 63 2
90 66 2
90 67 2
90 72 2
90 73 2
90 74 2
90 75 2
90 80 2
90 82 2
90 85 2
90 86 2
90 90 2
91 0 2
91 3 2
91 6 2
91 8 2
91 11 2
91 18 2
91 19 2
91 30 2
91 31 2
91 37 2
91 54 2
91 56 2
91 69 2
91 74 2
91 75 2
91 89 2
92 1 2
92 2 2
92 4 2
92 11 2
92 14 2
92 17 2
92 19 2
92 26 2
92 29 2
92 30 2
92 32 2
92 38 2
92 42 2
92 43 2
92 44 2
92 49 2
92 55 2
92 63 2
92 74 2
92 86 2
93 10 2
93 12 2
93 22 2
93 25 2
93 29 2
93 30 2
93 33 2
93 35 2
93 36 2
93 38 2
93 39 2
93 40 2
93 48 2
93 50 2
93 56 2
93 73 2
93 77 2
93 80 2
93 81 2
93 86 2
94 4 2
94 6 2
94 17 2
94 20 2
94 24 2
94 26 2
94 35 2
94 39 2
94 47 2
94 56 2
94 61 2
94 62 2
94 64 2
94 74 2
94 80 2
94 82 2
94 84 2
94 86 2
94 94 2
95 2 2
95 4 2
95 10 2
95 19 2
95 32 2
95 40 2
95 47 2
95 52 2
95 57 2
95 58 2
95 59 2
95 61 2
95 66 2
95 72 2
95 74 2
95 75 2
95 78 2
95 81 2
96 2 2
96 11 2
96 16 2
96 22 2
96 23 2
96 29 2
96 30 2
96 37 2
96 42 2
96 47 2
96 50 2
96 52 2
96 56 2
96 65 2
96 67 2
96 69 2
96 70 2
96 71 2
96 74 2
96 75 2
96 77 2
96 78 2
96 84 2
96 85 2
96 89 2
96 91 2
97 5 2
97 16 2
97 18 2
97 29 2
97 31 2
97 33 2
97 36 2
97 42 2
97 47 2
97 59 2
97 62 2
97 65 2
97 66 2
97 81 2
97 88 2
97 89 2
97 90 2
97 96 2
98 3 2
98 6 2
98 12 2
98 14 2
98 16 2
98 19 2
98 28 2
98 29 2
98 32 2
98 35 2
98 37 2
98 42 2
98 43 2
98 48 2
98 54 2
98 56 2
98 58 2
98 63 2
98 66 2
98 68 2
98 72 2
98 77 2
99 9 2
99 12 2
99 15 2
99 18 2
99 21 2
99 24 2
99 27 2
99 44 2
99 52 2
99 59 2
99 62 2
99 64 2
99 71 2
99 72 2
99 77 2
99 79 2
99 81 2
99 83 2
99 88 2
99 91 2
99 96 2
100 0 2
100 8 2
100 13 2
100 18 2
100 20 2
100 23 2
100 30 2
100 32 2
100 36 2
100 38 2
100 43 2
100 50 2
100 52 2
100 60 2
100 64 2
100 65 2
100 66 2
100 67 2
100 77 2
100 82 2
100 83 2
100 89 2
100 97 2
100 99 2
101 2 2
101 5 2
101 7 2
101 8 2
101 26 2
101 28 2
101 31 2
101 43 2
101 49 2
101 56 2
101 60 2
101 65 2
101 66 2
101 71 2
101 72 2
101 77 2
101 82 2
101 90 2
101 91 2
102 1 2
102 10 2
102 13 2
102 21 2
102 22 2
102 26 2
102 28 2
102 31 2
102 32 2
102 37 2
102 49 2
102 51 2
102 52 2
102 55 2
102 57 2
102 58 2
102 60 2
102 62 2
102 65 2
102 68 2
102 71 2
102 75 2
102 80 2
102 81 2
102 82 2
102 84 2
102 85 2
102 97 2
102 100 2
103 3 2
103 5 2
103 13 2
103 16 2
103 17 2
103 19 2
103 26 2
103 30 2
103 37 2
103 43 2
103 44 2
103 46 2
103 49 2
103 55 2
103 57 2
103 60 2
103 63 2
103 82 2
103 86 2
103 95 2
103 103 2
104 2 2
104 5 2
104 9 2
104 16 2
104 17 2
104 18 2
104 23 2
104 28 2
104 36 2
104 40 2
104 46 2
104 50 2
104 51 2
104 55 2
104 80 2
104 82 2
104 83 2
104 86 2
104 87 2
104 92 2
104 93 2
105 15 2
105 18 2
105 19 2
105 23 2
105 26 2
105 27 2
105 35 2
105 39 2
105 55 2
105 61 2
105 62 2
105 64 2
105 68 2
105 70 2
105 72 2
105 78 2
105 80 2
105 96 2
105 99 2
105 104 2
105 105 2
106 3 2
106 5 2
106 8 2
106 9 2
106 14 2
106 15 2
106 26 2
106 28 2
106 33 2
106 35 2
106 40 2
106 42 2
106 48 2
106 51 2
106 54 2
106 55 2
106 57 2
106 63 2
106 69 2
106 73 2
106 77 2
106 84 2
106 86 2
106 89 2
106 90 2
106 91 2
106 95 2
106 99 2
106 100 2
106 104 2
107 8 2
107 21 2
107 22 2
107 24 2
107 34 2
107 44 2
107 46 2
107 51 2
107 60 2
107 62 2
107 69 2
107 72 2
107 91 2
107 93 2
107 96 2
107 97 2
107 102 2
108 3 2
108 6 2
108 9 2
108 10 2
108 12 2
108 16 2
108 22 2
108 26 2
108 29 2
108 30 2
108 40 2
108 44 2
108 45 2
108 46 2
108 48 2
108 49 2
108 69 2
108 70 2
108 72 2
108 80 2
108 81 2
108 93 2
108 106 2
108 108 2
109 0 2
109 1 2
109 5 2
109 8 2
109 9 2
109 13 2
109 23 2
109 26 2
109 29 2
109 35 2
109 47 2
109 52 2
109 53 2
109 55 2
109 57 2
109 62 2
109 74 2
109 75 2
109 82 2
109 86 2
109 88 2
109 91 2
109 95 2
109 98 2
109 102 2
109 107 2
110 3 2
110 6 2
110 7 2
110 8 2
110 10 2
110 16 2
110 24 2
110 26 2
110 30 2
110 31 2
110 32 2
110 37 2
110 38 2
110 39 2
110 40 2
110 42 2
110 50 2
110 52 2
110 58 2
110 63 2
110 65 2
110 85 2
110 88 2
110 90 2
110 99 2
110 105 2
110 106 2
111 2 2
111 3 2
111 7 2
111 15 2
111 18 2
111 19 2
111 25 2
111 36 2
111 38 2
111 45 2
111 49 2
111 51 2
111 54 2
111 58 2
111 61 2
111 62 2
111 72 2
111 80 2
111 87 2
111 91 2
111 92 2
111 99 2
111 106 2
111 108 2
111 110 2
112 7 2
112 11 2
112 17 2
112 32 2
112 33 2
112 36 2
112 37 2
112 43 2
112 51 2
112 53 2
112 55 2
112 64 2
112 71 2
112 76 2
112 85 2
112 89 2
112 93 2
112 102 2
112 109 2
112 111 2
113 0 2
113 1 2
113 12 2
113 19 2
113 39 2
113 42 2
113 43 2
113 52 2
113 59 2
113 60 2
113 70 2
113 72 2
113 76 2
113 77 2
113 88 2
113 90 2
113 101 2
113 105 2
113 106 2
113 111 2
114 9 2
114 11 2
114 12 2
114 13 2
114 14 2
114 15 2
114 20 2
114 28 2
114 34 2
114 35 2
114 40 2
114 42 2
114 49 2
114 51 2
114 54 2
114 65 2
114 68 2
114 71 2
114 77 2
114 82 2
114 83 2
114 84 2
114 86 2
114 87 2
114 89 2
114 91 2
114 92 2
114 93 2
114 94 2
114 96 2
114 100 2
114 106 2
114 114 2
115 0 2
115 5 2
115 6 2
115 7 2
115 11 2
115 18 2
115 20 2
115 22 2
115 23 2
115 30 2
115 34 2
115 38 2
115 48 2
115 51 2
115 61 2
115 64 2
115 73 2
115 78 2
115 88 2
115 105 2
115 113 2
116 7 2
116 8 2
116 10 2
116 16 2
116 20 2
116 24 2
116 35 2
116 39 2
116 40 2
116 46 2
116 47 2
116 53 2
116 54 2
116 58 2
116 61 2
116 62 2
116 66 2
116 75 2
116 76 2
116 80 2
116 82 2
116 83 2
116 84 2
116 92 2
116 97 2
116 100 2
116 109 2
116 110 2
116 112 2
116 114 2
117 6 2
117 9 2
117 16 2
117 19 2
117 27 2
117 33 2
117 44 2
117 47 2
117 52 2
117 57 2
117 61 2
117 69 2
117 71 2
117 81 2
117 94 2
117 95 2
117 100 2
117 102 2
117 103 2
117 107 2
117 114 2
117 115 2
118 0 2
118 1 2
118 9 2
118 11 2
118 12 2
118 14 2
118 26 2
118 33 2
118 42 2
118 51 2
118 56 2
118 57 2
118 63 2
118 65 2
118 76 2
118 77 2
118 79 2
118 82 2
118 84 2
118 85 2
118 86 2
118 89 2
118 94 2
118 98 2
118 102 2
118 105 2
118 106 2
118 112 2
118 117 2
119 0 2
119 1 2
119 5 2
119 7 2
119 10 2
119 15 2
119 21 2
119 37 2
119 44 2
119 49 2
119 50 2
119 53 2
119 54 2
119 57 2
119 70 2
119 71 2
119 75 2
119 80 2
119 82 2
119 84 2
119 90 2
119 91 2
119 92 2
119 99 2
119 100 2
119 104 2
119 107 2
119 114 2
120 9 2
120 10 2
120 11 2
120 13 2
120 14 2
120 15 2
120 35 2
120 39 2
120 41 2
120 43 2
120 48 2
120 51 2
120 52 2
120 53 2
120 54 2
120 79 2
120 81 2
120 90 2
120 102 2
120 104 2
120 111 2
120 120 2
121 3 2
121 4 2
121 12 2
121 13 2
121 20 2
121 21 2
121 24 2
121 28 2
121 29 2
121 31 2
121 35 2
121 40 2
121 61 2
121 63 2
121 64 2
121 65 2
121 69 2
121 71 2
121 73 2
121 74 2
121 76 2
121 80 2
121 97 2
121 98 2
121 101 2
121 107 2
121 108 2
121 110 2
121 111 2
121 112 2
121 114 2
122 7 2
122 10 2
122 12 2
122 13 2
122 15 2
122 16 2
122 17 2
122 19 2
122 24 2
122 26 2
122 34 2
122 48 2
122 49 2
122 50 2
122 55 2
122 57 2
122 58 2
122 59 2
122 63 2
122 68 2
122 80 2
122 82 2
122 83 2
122 88 2
122 91 2
122 101 2
122 103 2
122 105 2
122 106 2
122 109 2
122 114 2
122 116 2
122 118 2
123 0 2
123 4 2
123 9 2
123 13 2
123 15 2
123 16 2
123 19 2
123 22 2
123 24 2
123 28 2
123 36 2
123 59 2
123 61 2
123 65 2
123 68 2
123 77 2
123 80 2
123 85 2
123 86 2
123 87 2
123 98 2
123 103 2
123 105 2
123 109 2
123 111 2
123 112 2
123 116 2
123 117 2
123 119 2
123 121 2
123 122 2
124 3 2
124 6 2
124 7 2
124 9 2
124 13 2
124 22 2
124 31 2
124 32 2
124 34 2
124 35 2
124 36 2
124 39 2
124 42 2
124 47 2
124 49 2
124 50 2
124 54 2
124 59 2
124 63 2
124 65 2
124 69 2
124 77 2
124 79 2
124 81 2
124 82 2
124 89 2
124 92 2
124 93 2
124 97 2
124 98 2
124 104 2
124 108 2
124 114 2
124 116 2
124 117 2
124 122 2
124 123 2
125 15 2
125 16 2
125 21 2
125 24 2
125 34 2
125 36 2
125 38 2
125 40 2
125 41 2
125 43 2
125 47 2
125 50 2
125 53 2
125 66 2
125 68 2
125 71 2
125 77 2
125 83 2
125 86 2
125 91 2
125 92 2
125 94 2
125 97 2
125 99 2
125 105 2
125 109 2
125 119 2
125 121 2
125 125 2
126 1 2
126 2 2
126 5 2
126 6 2
126 7 2
126 12 2
126 15 2
126 16 2
126 20 2
126 22 2
126 25 2
126 30 2
126 33 2
126 35 2
126 40 2
126 52 2
126 62 2
126 63 2
126 64 2
126 66 2
126 74 2
126 84 2
126 85 2
126 87 2
126 88 2
126 103 2
126 113 2
126 124 2
127 3 2
127 4 2
127 8 2
127 10 2
127 13 2
127 32 2
127 35 2
127 46 2
127 47 2
127 50 2
127 52 2
127 53 2
127 57 2
127 59 2
127 69 2
127 77 2
127 82 2
127 89 2
127 95 2
127 103 2
127 109 2
127 118 2
127 121 2
127 123 2
127 126 2
127 127 2
128 2 2
128 4 2
128 6 2
128 9 2
128 12 2
128 19 2
128 21 2
128 22 2
128 29 2
128 31 2
128 34 2
128 41 2
128 56 2
128 59 2
128 66 2
128 69 2
128 70 2
128 72 2
128 74 2
128 79 2
128 80 2
128 81 2
128 83 2
128 87 2
128 93 2
128 99 2
128 104 2
128 105 2
128 106 2
128 108 2
128 114 2
128 117 2
128 118 2
128 128 2
129 5 2
129 8 2
129 11 2
129 17 2
129 23 2
129 31 2
129 37 2
129 41 2
129 42 2
129 43 2
129 49 2
129 51 2
129 54 2
129 59 2
129 60 2
129 69 2
129 70 2
129 72 2
129 88 2
129 89 2
129 91 2
129 93 2
129 96 2
129 99 2
129 100 2
129 101 2
129 106 2
129 111 2
130 2 2
130 3 2
130 16 2
130 18 2
130 21 2
130 27 2
130 28 2
130 37 2
130 38 2
130 41 2
130 45 2
130 50 2
130 57 2
130 59 2
130 64 2
130 77 2
130 79 2
130 85 2
130 93 2
130 97 2
130 98 2
130 105 2
130 110 2
130 111 2
131 5 2
131 15 2
131 16 2
131 17 2
131 19 2
131 33 2
131 36 2
131 40 2
131 44 2
131 49 2
131 51 2
131 52 2
131 59 2
131 65 2
131 75 2
131 80 2
131 82 2
131 84 2
131 98 2
131 101 2
131 103 2
131 107 2
131 109 2
131 111 2
131 112 2
131 122 2
131 123 2
131 130 2
131 131 2
132 2 2
132 13 2
132 15 2
132 20 2
132 23 2
132 27 2
132 29 2
132 33 2
132 36 2
132 40 2
132 41 2
132 45 2
132 46 2
132 48 2
132 52 2
132 54 2
132 55 2
132 56 2
132 58 2
132 61 2
132 67 2
132 70 2
132 76 2
132 77 2
132 87 2
132 91 2
132 93 2
132 97 2
132 111 2
132 114 2
132 116 2
132 123 2
132 129 2
132 130 2
133 1 2
133 10 2
133 11 2
133 12 2
133 18 2
133 20 2
133 31 2
133 35 2
133 36 2
133 37 2
133 40 2
133 42 2
133 49 2
133 53 2
133 58 2
133 61 2
133 66 2
133 69 2
133 73 2
133 75 2
133 77 2
133 81 2
133 83 2
133 84 2
133 90 2
133 93 2
133 99 2
133 100 2
133 101 2
133 103 2
133 111 2
133 119 2
133 121 2
133 123 2
133 124 2
133 131 2
134 5 2
134 7 2
134 9 2
134 16 2
134 17 2
134 18 2
134 23 2
134 27 2
134 29 2
134 34 2
134 35 2
134 37 2
134 43 2
134 48 2
134 51 2
134 55 2
134 56 2
134 58 2
134 60 2
134 61 2
134 67 2
134 82 2
134 94 2
134 95 2
134 97 2
134 100 2
134 104 2
134 106 2
134 107 2
134 109 2
134 111 2
134 117 2
134 125 2
134 132 2
135 5 2
135 10 2
135 17 2
135 19 2
135 24 2
135 36 2
135 38 2
135 43 2
135 44 2
135 50 2
135 54 2
135 57 2
135 61 2
135 63 2
135 68 2
135 69 2
135 77 2
135 78 2
135 79 2
135 81 2
135 83 2
135 90 2
135 97 2
135 98 2
135 99 2
135 103 2
135 105 2
135 113 2
135 116 2
135 121 2
135 122 2
135 132 2
135 133 2
135 135 2
136 15 2
136 21 2
136 27 2
136 28 2
136 37 2
136 42 2
136 46 2
136 69 2
136 70 2
136 72 2
136 75 2
136 90 2
136 94 2
136 107 2
136 109 2
136 117 2
136 118 2
136 119 2
136 123 2
136 134 2
137 0 2
137 5 2
137 7 2
137 17 2
137 19 2
137 33 2
137 36 2
137 67 2
137 70 2
137 71 2
137 87 2
137 91 2
137 101 2
137 103 2
137 108 2
137 113 2
137 115 2
137 130 2
137 132 2
137 134 2
137 137 2
138 3 2
138 10 2
138 12 2
138 18 2
138 19 2
138 20 2
138 21 2
138 24 2
138 26 2
138 36 2
138 47 2
138 48 2
138 49 2
138 68 2
138 69 2
138 85 2
138 86 2
138 90 2
138 91 2
138 92 2
138 94 2
138 106 2
138 109 2
138 112 2
138 118 2
138 128 2
138 130 2
139 0 2
139 3 2
139 12 2
139 19 2
139 22 2
139 27 2
139 30 2
139 33 2
139 40 2
139 46 2
139 48 2
139 54 2
139 57 2
139 74 2
139 77 2
139 82 2
139 83 2
139 99 2
139 103 2
139 104 2
139 107 2
139 109 2
139 116 2
139 117 2
139 126 2
140 8 2
140 14 2
140 17 2
140 18 2
140 23 2
140 24 2
140 25 2
140 28 2
140 31 2
140 36 2
140 44 2
140 50 2
140 61 2
140 69 2
140 71 2
140 72 2
140 73 2
140 80 2
140 86 2
140 91 2
140 92 2
140 101 2
140 104 2
140 105 2
140 106 2
140 109 2
140 115 2
140 122 2
140 123 2
140 125 2
140 126 2
140 127 2
140 128 2
140 130 2
140 138 2
141 2 2
141 14 2
141 21 2
141 23 2
141 27 2
141 31 2
141 37 2
141 42 2
141 44 2
141 47 2
141 52 2
141 78 2
141 79 2
141 92 2
141 94 2
141 100 2
141 104 2
141 106 2
141 110 2
141 111 2
141 114 2
141 116 2
141 119 2
141 122 2
141 131 2
142 16 2
142 20 2
142 24 2
142 25 2
142 40 2
142 42 2
142 44 2
142 47 2
142 50 2
142 51 2
142 52 2
142 53 2
142 55 2
142 57 2
142 59 2
142 60 2
142 62 2
142 71 2
142 82 2
142 91 2
142 93 2
142 98 2
142 100 2
142 114 2
142 117 2
142 118 2
142 123 2
142 131 2
142 133 2
142 134 2
142 135 2
143 6 2
143 8 2
143 15 2
143 18 2
143 19 2
143 21 2
143 26 2
143 29 2
143 39 2
143 55 2
143 56 2
143 70 2
143 73 2
143 82 2
143 85 2
143 87 2
143 89 2
143 92 2
143 96 2
143 97 2
143 98 2
143 102 2
143 116 2
143 119 2
143 121 2
143 124 2
143 127 2
143 132 2
143 134 2
143 135 2
143 136 2
143 139 2
143 140 2
143 142 2
144 0 2
144 2 2
144 7 2
144 9 2
144 10 2
144 13 2
144 16 2
144 17 2
144 19 2
144 20 2
144 22 2
144 24 2
144 25 2
144 28 2
144 32 2
144 33 2
144 35 2
144 43 2
144 47 2
144 51 2
144 52 2
144 55 2
144 60 2
144 77 2
144 79 2
144 80 2
144 84 2
144 86 2
144 90 2
144 97 2
144 99 2
144 105 2
144 106 2
144 108 2
144 110 2
144 118 2
144 125 2
144 128 2
144 129 2
144 131 2
144 133 2
144 136 2
145 12 2
145 13 2
145 17 2
145 28 2
145 31 2
145 32 2
145 36 2
145 37 2
145 38 2
145 48 2
145 51 2
145 55 2
145 56 2
145 64 2
145 66 2
145 69 2
145 71 2
145 75 2
145 78 2
145 82 2
145 83 2
145 85 2
145 91 2
145 93 2
145 100 2
145 101 2
145 107 2
145 113 2
145 118 2
145 122 2
145 135 2
145 136 2
145 141 2
146 0 2
146 5 2
146 6 2
146 11 2
146 18 2
146 19 2
146 25 2
146 31 2
146 34 2
146 36 2
146 44 2
146 45 2
146 49 2
146 61 2
146 65 2
146 70 2
146 80 2
146 81 2
146 82 2
146 86 2
146 88 2
146 89 2
146 91 2
146 97 2
146 106 2
146 109 2
146 110 2
146 117 2
146 120 2
146 122 2
146 124 2
146 127 2
146 128 2
146 134 2
146 135 2
146 141 2
146 145 2
146 146 2
147 1 2
147 3 2
147 8 2
147 13 2
147 15 2
147 16 2
147 20 2
147 21 2
147 28 2
147 29 2
147 40 2
147 41 2
147 43 2
147 46 2
147 54 2
147 58 2
147 64 2
147 73 2
147 77 2
147 81 2
147 90 2
147 91 2
147 93 2
147 94 2
147 105 2
147 107 2
147 109 2
147 110 2
147 114 2
147 116 2
147 119 2
147 125 2
147 134 2
147 135 2
147 137 2
147 139 2
147 141 2
147 147 2
148 0 2
148 12 2
148 16 2
148 20 2
148 32 2
148 47 2
148 68 2
148 74 2
148 87 2
148 97 2
148 102 2
148 108 2
148 109 2
148 110 2
148 111 2
148 114 2
148 116 2
148 119 2
148 128 2
148 132 2
148 133 2
148 134 2
148 135 2
148 137 2
148 138 2
148 140 2
148 141 2
148 147 2
149 0 2
149 3 2
149 10 2
149 13 2
149 14 2
149 15 2
149 25 2
149 38 2
149 40 2
149 41 2
149 42 2
149 47 2
149 49 2
149 64 2
149 65 2
149 69 2
149 73 2
149 82 2
149 87 2
149 97 2
149 99 2
149 102 2
149 108 2
149 109 2
149 123 2
149 126 2
149 127 2
149 130 2
149 135 2
149 137 2
149 142 2
149 146 2
149 148 2
149 149 2
150 3 2
150 14 2
150 19 2
150 21 2
150 29 2
150 36 2
150 38 2
150 39 2
150 40 2
150 48 2
150 51 2
150 53 2
150 58 2
150 61 2
150 64 2
150 66 2
150 71 2
150 75 2
150 77 2
150 97 2
150 99 2
150 103 2
150 108 2
150 115 2
150 117 2
150 123 2
150 132 2
150 135 2
150 139 2
150 141 2
150 142 2
150 147 2
150 149 2
151 0 2
151 4 2
151 10 2
151 15 2
151 21 2
151 23 2
151 24 2
151 25 2
151 31 2
151 36 2
151 37 2
151 42 2
151 44 2
151 49 2
151 53 2
151 54 2
151 58 2
151 63 2
151 73 2
151 79 2
151 81 2
151 82 2
151 87 2
151 95 2
151 101 2
151 114 2
151 116 2
151 126 2
151 128 2
151 134 2
151 135 2
151 136 2
151 143 2
151 148 2
151 150 2
152 8 2
152 11 2
152 16 2
152 17 2
152 18 2
152 21 2
152 27 2
152 39 2
152 42 2
152 43 2
152 46 2
152 48 2
152 51 2
152 59 2
152 63 2
152 67 2
152 68 2
152 74 2
152 79 2
152 81 2
152 84 2
152 89 2
152 92 2
152 95 2
152 96 2
152 102 2
152 105 2
152 106 2
152 109 2
152 120 2
152 125 2
152 134 2
152 135 2
152 137 2
152 145 2
152 148 2
153 2 2
153 5 2
153 9 2
153 10 2
153 14 2
153 16 2
153 18 2
153 21 2
153 25 2
153 28 2
153 34 2
153 37 2
153 43 2
153 53 2
153 57 2
153 60 2
153 64 2
153 67 2
153 70 2
153 73 2
153 77 2
153 82 2
153 84 2
153 89 2
153 98 2
153 102 2
153 103 2
153 108 2
153 131 2
153 133 2
153 138 2
153 141 2
153 145 2
153 146 2
153 148 2
154 2 2
154 4 2
154 7 2
154 10 2
154 14 2
154 27 2
154 29 2
154 33 2
154 39 2
154 48 2
154 50 2
154 51 2
154 54 2
154 55 2
154 61 2
154 62 2
154 67 2
154 71 2
154 81 2
154 87 2
154 89 2
154 102 2
154 105 2
154 106 2
154 122 2
154 123 2
154 125 2
154 127 2
154 128 2
154 139 2
154 143 2
154 150 2
154 153 2
155 6 2
155 8 2
155 15 2
155 40 2
155 49 2
155 51 2
155 52 2
155 60 2
155 65 2
155 68 2
155 75 2
155 78 2
155 79 2
155 85 2
155 87 2
155 88 2
155 97 2
155 100 2
155 105 2
155 106 2
155 108 2
155 109 2
155 110 2
155 115 2
155 116 2
155 117 2
155 121 2
155 123 2
155 125 2
155 126 2
155 128 2
155 129 2
155 130 2
155 132 2
155 138 2
155 141 2
155 142 2
155 144 2
155 148 2
155 152 2
156 6 2
156 8 2
156 9 2
156 10 2
156 11 2
156 19 2
156 22 2
156 34 2
156 39 2
156 43 2
156 45 2
156 47 2
156 52 2
156 66 2
156 71 2
156 74 2
156 75 2
156 91 2
156 95 2
156 109 2
156 115 2
156 118 2
156 121 2
156 124 2
156 134 2
156 135 2
156 136 2
156 142 2
156 145 2
156 148 2
156 149 2
156 155 2
157 0 2
157 1 2
157 2 2
157 10 2
157 16 2
157 29 2
157 33 2
157 34 2
157 42 2
157 43 2
157 50 2
157 54 2
157 55 2
157 57 2
157 58 2
157 60 2
157 63 2
157 70 2
157 75 2
157 77 2
157 81 2
157 85 2
157 91 2
157 93 2
157 95 2
157 104 2
157 112 2
157 113 2
157 117 2
157 118 2
157 120 2
157 123 2
157 125 2
157 130 2
157 133 2
157 138 2
157 140 2
157 144 2
157 149 2
158 8 2
158 12 2
158 21 2
158 25 2
158 36 2
158 37 2
158 43 2
158 49 2
158 64 2
158 65 2
158 68 2
158 87 2
158 88 2
158 91 2
158 97 2
158 105 2
158 107 2
158 113 2
158 116 2
158 122 2
158 129 2
158 136 2
158 140 2
158 142 2
158 147 2
158 150 2
158 151 2
158 153 2
158 157 2
159 6 2
159 8 2
159 9 2
159 12 2
159 13 2
159 20 2
159 22 2
159 31 2
159 33 2
159 39 2
159 44 2
159 45 2
159 48 2
159 51 2
159 62 2
159 68 2
159 75 2
159 84 2
159 94 2
159 98 2
159 100 2
159 104 2
159 105 2
159 113 2
159 115 2
159 117 2
159 118 2
159 119 2
159 127 2
159 129 2
159 135 2
159 152 2
159 153 2
159 154 2
159 157 2
160 0 2
160 4 2
160 5 2
160 9 2
160 10 2
160 11 2
160 12 2
160 13 2
160 19 2
160 20 2
160 22 2
160 23 2
160 26 2
160 29 2
160 30 2
160 32 2
160 40 2
160 41 2
160 43 2
160 45 2
160 55 2
160 60 2
160 65 2
160 66 2
160 72 2
160 75 2
160 78 2
160 79 2
160 80 2
160 85 2
160 87 2
160 93 2
160 94 2
160 101 2
160 102 2
160 110 2
160 124 2
160 125 2
160 129 2
160 134 2
160 137 2
160 140 2
160 141 2
160 142 2
160 150 2
160 155 2
161 1 2
161 4 2
161 8 2
161 12 2
161 19 2
161 20 2
161 23 2
161 24 2
161 29 2
161 31 2
161 36 2
161 40 2
161 46 2
161 54 2
161 59 2
161 60 2
161 71 2
161 81 2
161 102 2
161 103 2
161 105 2
161 113 2
161 117 2
161 118 2
161 120 2
161 130 2
161 132 2
161 137 2
161 139 2
161 147 2
161 150 2
161 156 2
161 157 2
161 158 2
162 1 2
162 2 2
162 15 2
162 17 2
162 22 2
162 28 2
162 34 2
162 37 2
162 39 2
162 52 2
162 58 2
162 61 2
162 63 2
162 64 2
162 65 2
162 67 2
162 69 2
162 73 2
162 79 2
162 89 2
162 92 2
162 95 2
162 97 2
162 101 2
162 103 2
162 106 2
162 125 2
162 127 2
162 133 2
162 134 2
162 144 2
162 145 2
162 157 2
162 161 2
162 162 2
163 3 2
163 4 2
163 10 2
163 12 2
163 16 2
163 21 2
163 23 2
163 24 2
163 28 2
163 30 2
163 49 2
163 54 2
163 58 2
163 62 2
163 73 2
163 78 2
163 87 2
163 89 2
163 90 2
163 95 2
163 101 2
163 102 2
163 105 2
163 107 2
163 108 2
163 111 2
163 116 2
163 117 2
163 118 2
163 122 2
163 130 2
163 134 2
163 137 2
163 140 2
163 143 2
163 147 2
163 160 2
164 4 2
164 5 2
164 6 2
164 12 2
164 13 2
164 15 2
164 20 2
164 24 2
164 27 2
164 30 2
164 32 2
164 34 2
164 42 2
164 45 2
164 50 2
164 52 2
164 64 2
164 67 2
164 74 2
164 80 2
164 82 2
164 85 2
164 89 2
164 100 2
164 114 2
164 116 2
164 117 2
164 126 2
164 135 2
164 140 2
164 145 2
164 146 2
164 153 2
164 154 2
164 157 2
164 162 2
164 164 2
165 0 2
165 16 2
165 22 2
165 25 2
165 26 2
165 28 2
165 33 2
165 34 2
165 36 2
165 51 2
165 55 2
165 68 2
165 70 2
165 71 2
165 81 2
165 85 2
165 97 2
165 101 2
165 102 2
165 104 2
165 105 2
165 106 2
165 113 2
165 125 2
165 126 2
165 137 2
165 138 2
165 139 2
165 142 2
165 150 2
165 153 2
165 157 2
165 158 2
165 159 2
165 162 2
165 164 2
166 0 2
166 9 2
166 10 2
166 11 2
166 18 2
166 21 2
166 22 2
166 26 2
166 31 2
166 43 2
166 49 2
166 51 2
166 58 2
166 59 2
166 61 2
166 66 2
166 69 2
166 74 2
166 85 2
166 86 2
166 90 2
166 91 2
166 92 2
166 97 2
166 104 2
166 107 2
166 110 2
166 114 2
166 119 2
166 121 2
166 125 2
166 131 2
166 132 2
166 134 2
166 141 2
166 146 2
166 147 2
166 148 2
166 153 2
166 154 2
166 156 2
166 158 2
166 161 2
167 0 2
167 5 2
167 9 2
167 16 2
167 19 2
167 25 2
167 29 2
167 41 2
167 42 2
167 45 2
167 48 2
167 50 2
167 66 2
167 67 2
167 68 2
167 69 2
167 75 2
167 87 2
167 89 2
167 90 2
167 94 2
167 100 2
167 101 2
167 104 2
167 106 2
167 116 2
167 119 2
167 135 2
167 138 2
167 139 2
167 149 2
167 150 2
167 154 2
167 158 2
167 159 2
167 162 2
167 166 2
168 4 2
168 5 2
168 8 2
168 13 2
168 18 2
168 23 2
168 27 2
168 29 2
168 33 2
168 35 2
168 36 2
168 39 2
168 41 2
168 46 2
168 50 2
168 51 2
168 67 2
168 69 2
168 81 2
168 89 2
168 91 2
168 92 2
168 93 2
168 105 2
168 106 2
168 110 2
168 117 2
168 118 2
168 122 2
168 123 2
168 124 2
168 135 2
168 138 2
168 139 2
168 159 2
168 168 2
169 2 2
169 6 2
169 11 2
169 14 2
169 17 2
169 19 2
169 21 2
169 24 2
169 25 2
169 26 2
169 27 2
169 32 2
169 42 2
169 46 2
169 50 2
169 67 2
169 69 2
169 80 2
169 82 2
169 85 2
169 89 2
169 93 2
169 111 2
169 113 2
169 122 2
169 123 2
169 124 2
169 128 2
169 131 2
169 133 2
169 136 2
169 148 2
169 154 2
169 156 2
169 158 2
169 160 2
170 4 2
170 8 2
170 21 2
170 22 2
170 31 2
170 45 2
170 48 2
170 54 2
170 55 2
170 56 2
170 60 2
170 64 2
170 66 2
170 69 2
170 73 2
170 77 2
170 83 2
170 84 2
170 94 2
170 96 2
170 99 2
170 103 2
170 105 2
170 112 2
170 119 2
170 120 2
170 121 2
170 127 2
170 134 2
170 138 2
170 149 2
170 154 2
170 157 2
170 161 2
171 4 2
171 9 2
171 12 2
171 22 2
171 26 2
171 29 2
171 30 2
171 41 2
171 42 2
171 45 2
171 47 2
171 48 2
171 51 2
171 57 2
171 70 2
171 71 2
171 73 2
171 76 2
171 77 2
171 78 2
171 79 2
171 82 2
171 84 2
171 87 2
171 89 2
171 97 2
171 102 2
171 104 2
171 110 2
171 116 2
171 127 2
171 128 2
171 129 2
171 130 2
171 136 2
171 139 2
171 149 2
171 155 2
171 170 2
172 3 2
172 14 2
172 15 2
172 32 2
172 34 2
172 35 2
172 37 2
172 49 2
172 56 2
172 62 2
172 70 2
172 74 2
172 77 2
172 80 2
172 81 2
172 88 2
172 94 2
172 97 2
172 98 2
172 99 2
172 102 2
172 110 2
172 115 2
172 123 2
172 125 2
172 141 2
172 143 2
172 145 2
172 150 2
172 152 2
172 153 2
172 160 2
172 162 2
172 171 2
173 0 2
173 1 2
173 4 2
173 8 2
173 11 2
173 12 2
173 13 2
173 14 2
173 18 2
173 21 2
173 22 2
173 23 2
173 33 2
173 38 2
173 42 2
173 43 2
173 51 2
173 59 2
173 78 2
173 82 2
173 83 2
173 89 2
173 95 2
173 96 2
173 105 2
173 106 2
173 107 2
173 112 2
173 113 2
173 119 2
173 120 2
173 123 2
173 124 2
173 127 2
173 129 2
173 136 2
173 138 2
173 144 2
173 146 2
173 147 2
173 149 2
173 156 2
173 158 2
173 168 2
174 3 2
174 6 2
174 8 2
174 10 2
174 19 2
174 20 2
174 25 2
174 28 2
174 30 2
174 31 2
174 38 2
174 39 2
174 42 2
174 43 2
174 56 2
174 61 2
174 67 2
174 68 2
174 72 2
174 74 2
174 86 2
174 87 2
174 93 2
174 94 2
174 100 2
174 108 2
174 110 2
174 113 2
174 122 2
174 125 2
174 128 2
174 132 2
174 140 2
174 142 2
174 145 2
174 146 2
174 150 2
174 151 2
174 155 2
174 158 2
174 163 2
174 167 2
174 174 2
175 6 2
175 8 2
175 12 2
175 13 2
175 14 2
175 15 2
175 31 2
175 32 2
175 44 2
175 47 2
175 51 2
175 54 2
175 55 2
175 56 2
175 62 2
175 70 2
175 72 2
175 74 2
175 76 2
175 87 2
175 89 2
175 91 2
175 95 2
175 100 2
175 102 2
175 111 2
175 114 2
175 116 2
175 124 2
175 128 2
175 135 2
175 137 2
175 138 2
175 140 2
175 142 2
175 146 2
175 152 2
175 153 2
175 155 2
175 156 2
175 157 2
175 174 2
176 0 2
176 6 2
176 7 2
176 9 2
176 12 2
176 16 2
176 17 2
176 18 2
176 19 2
176 20 2
176 21 2
176 23 2
176 24 2
176 27 2
176 30 2
176 32 2
176 34 2
176 41 2
176 48 2
176 57 2
176 58 2
176 59 2
176 69 2
176 70 2
176 85 2
176 89 2
176 93 2
176 102 2
176 114 2
176 119 2
176 121 2
176 123 2
176 126 2
176 129 2
176 130 2
176 135 2
176 142 2
176 143 2
176 144 2
176 147 2
176 148 2
176 149 2
176 150 2
176 169 2
176 172 2
176 175 2
176 176 2
177 0 2
177 1 2
177 2 2
177 6 2
177 11 2
177 14 2
177 21 2
177 23 2
177 24 2
177 25 2
177 31 2
177 33 2
177 35 2
177 37 2
177 39 2
177 42 2
177 43 2
177 45 2
177 56 2
177 62 2
177 65 2
177 74 2
177 82 2
177 87 2
177 93 2
177 99 2
177 109 2
177 110 2
177 124 2
177 132 2
177 136 2
177 139 2
177 141 2
177 145 2
177 159 2
177 161 2
177 168 2
177 169 2
178 3 2
178 5 2
178 6 2
178 7 2
178 9 2
178 11 2
178 13 2
178 27 2
178 28 2
178 31 2
178 33 2
178 45 2
178 49 2
178 50 2
178 54 2
178 64 2
178 67 2
178 68 2
178 80 2
178 81 2
178 84 2
178 90 2
178 95 2
178 107 2
178 108 2
178 129 2
178 130 2
178 142 2
178 143 2
178 144 2
178 145 2
178 146 2
178 150 2
178 156 2
178 166 2
178 167 2
178 170 2
178 171 2
179 6 2
179 9 2
179 11 2
179 14 2
179 15 2
179 16 2
179 18 2
179 21 2
179 22 2
179 29 2
179 34 2
179 36 2
179 37 2
179 38 2
179 39 2
179 48 2
179 55 2
179 60 2
179 61 2
179 69 2
179 73 2
179 82 2
179 83 2
179 88 2
179 89 2
179 91 2
179 93 2
179 95 2
179 101 2
179 108 2
179 124 2
179 128 2
179 129 2
179 131 2
179 132 2
179 145 2
179 146 2
179 149 2
179 152 2
179 153 2
179 160 2
179 166 2
179 167 2
179 168 2
179 169 2
179 177 2
179 179 2
180 4 2
180 8 2
180 10 2
180 12 2
180 17 2
180 18 2
180 20 2
180 36 2
180 38 2
180 41 2
180 42 2
180 47 2
180 62 2
180 63 2
180 66 2
180 74 2
180 78 2
180 83 2
180 85 2
180 89 2
180 95 2
180 100 2
180 103 2
180 112 2
180 113 2
180 117 2
180 120 2
180 123 2
180 129 2
180 133 2
180 134 2
180 136 2
180 141 2
180 148 2
180 151 2
180 155 2
180 160 2
180 164 2
180 165 2
180 172 2
180 176 2
180 180 2
181 6 2
181 8 2
181 14 2
181 19 2
181 28 2
181 30 2
181 32 2
181 33 2
181 45 2
181 46 2
181 55 2
181 64 2
181 70 2
181 86 2
181 91 2
181 95 2
181 96 2
181 100 2
181 105 2
181 107 2
181 108 2
181 112 2
181 120 2
181 128 2
181 129 2
181 130 2
181 132 2
181 134 2
181 137 2
181 143 2
181 145 2
181 148 2
181 152 2
181 155 2
181 158 2
181 160 2
181 167 2
181 174 2
181 175 2
181 176 2
181 179 2
181 180 2
182 0 2
182 5 2
182 9 2
182 13 2
182 15 2
182 16 2
182 18 2
182 25 2
182 33 2
182 49 2
182 56 2
182 57 2
182 63 2
182 64 2
182 74 2
182 76 2
182 83 2
182 84 2
182 101 2
182 103 2
182 109 2
182 113 2
182 115 2
182 116 2
182 118 2
182 129 2
182 130 2
182 131 2
182 133 2
182 134 2
182 137 2
182 144 2
182 145 2
182 159 2
182 167 2
182 168 2
182 174 2
182 176 2
182 178 2
183 1 2
183 7 2
183 9 2
183 25 2
183 26 2
183 27 2
183 47 2
183 48 2
183 49 2
183 51 2
183 59 2
183 63 2
183 70 2
183 81 2
183 82 2
183 83 2
183 85 2
183 86 2
183 89 2
183 92 2
183 94 2
183 113 2
183 121 2
183 126 2
183 148 2
183 153 2
183 157 2
183 158 2
183 163 2
183 170 2
183 171 2
183 174 2
183 176 2
183 179 2
183 181 2
184 1 2
184 2 2
184 5 2
184 14 2
184 16 2
184 19 2
184 28 2
184 29 2
184 32 2
184 41 2
184 45 2
184 56 2
184 58 2
184 59 2
184 63 2
184 72 2
184 73 2
184 91 2
184 95 2
184 97 2
184 99 2
184 100 2
184 101 2
184 102 2
184 103 2
184 108 2
184 109 2
184 112 2
184 113 2
184 119 2
184 120 2
184 124 2
184 129 2
184 130 2
184 133 2
184 141 2
184 143 2
184 147 2
184 148 2
184 156 2
184 161 2
184 162 2
184 163 2
184 170 2
184 177 2
184 179 2
185 0 2
185 1 2
185 3 2
185 4 2
185 5 2
185 9 2
185 18 2
185 21 2
185 29 2
185 35 2
185 37 2
185 40 2
185 47 2
185 61 2
185 62 2
185 64 2
185 65 2
185 66 2
185 68 2
185 79 2
185 83 2
185 90 2
185 102 2
185 108 2
185 109 2
185 113 2
185 118 2
185 120 2
185 124 2
185 127 2
185 128 2
185 130 2
185 137 2
185 138 2
185 144 2
185 146 2
185 148 2
185 150 2
185 152 2
185 160 2
185 161 2
185 163 2
185 166 2
185 167 2
185 170 2
185 174 2
185 176 2
185 182 2
186 3 2
186 12 2
186 14 2
186 19 2
186 22 2
186 23 2
186 33 2
186 38 2
186 52 2
186 53 2
186 57 2
186 69 2
186 70 2
186 74 2
186 75 2
186 76 2
186 77 2
186 86 2
186 101 2
186 102 2
186 104 2
186 107 2
186 108 2
186 110 2
186 113 2
186 116 2
186 123 2
186 125 2
186 127 2
186 132 2
186 133 2
186 138 2
186 142 2
186 143 2
186 148 2
186 152 2
186 163 2
186 176 2
186 180 2
186 184 2
187 2 2
187 8 2
187 21 2
187 22 2
187 25 2
187 27 2
187 28 2
187 29 2
187 30 2
187 32 2
187 33 2
187 34 2
187 39 2
187 42 2
187 47 2
187 49 2
187 50 2
187 53 2
187 60 2
187 66 2
187 67 2
187 72 2
187 77 2
187 79 2
187 85 2
187 86 2
187 88 2
187 89 2
187 91 2
187 96 2
187 102 2
187 109 2
187 114 2
187 118 2
187 119 2
187 121 2
187 128 2
187 130 2
187 134 2
187 144 2
187 150 2
187 164 2
187 165 2
187 168 2
187 170 2
187 173 2
187 175 2
187 178 2
187 180 2
187 182 2
187 186 2
188 1 2
188 2 2
188 3 2
188 5 2
188 8 2
188 14 2
188 15 2
188 18 2
188 19 2
188 20 2
188 22 2
188 31 2
188 33 2
188 40 2
188 45 2
188 50 2
188 61 2
188 71 2
188 72 2
188 73 2
188 81 2
188 82 2
188 88 2
188 89 2
188 91 2
188 98 2
188 100 2
188 101 2
188 103 2
188 104 2
188 112 2
188 120 2
188 124 2
188 129 2
188 130 2
188 131 2
188 133 2
188 136 2
188 138 2
188 139 2
188 141 2
188 142 2
188 144 2
188 147 2
188 150 2
188 157 2
188 165 2
188 167 2
188 168 2
188 169 2
188 172 2
188 174 2
188 178 2
188 184 2
189 8 2
189 12 2
189 14 2
189 15 2
189 21 2
189 29 2
189 31 2
189 37 2
189 38 2
189 40 2
189 44 2
189 45 2
189 48 2
189 50 2
189 54 2
189 59 2
189 61 2
189 62 2
189 65 2
189 71 2
189 73 2
189 89 2
189 98 2
189 104 2
189 105 2
189 113 2
189 114 2
189 118 2
189 120 2
189 124 2
189 129 2
189 130 2
189 146 2
189 149 2
189 160 2
189 164 2
189 165 2
189 166 2
189 168 2
189 171 2
189 172 2
189 173 2
189 176 2
189 178 2
189 179 2
189 187 2
190 0 2
190 3 2
190 6 2
190 7 2
190 18 2
190 20 2
190 22 2
190 24 2
190 29 2
190 34 2
190 36 2
190 41 2
190 46 2
190 61 2
190 65 2
190 66 2
190 68 2
190 72 2
190 81 2
190 83 2
190 84 2
190 88 2
190 90 2
190 93 2
190 97 2
190 100 2
190 106 2
190 108 2
190 111 2
190 114 2
190 115 2
190 116 2
190 118 2
190 124 2
190 131 2
190 133 2
190 139 2
190 143 2
190 156 2
190 158 2
190 161 2
190 165 2
190 166 2
190 170 2
190 173 2
190 175 2
190 178 2
190 181 2
190 185 2
190 190 2
191 0 2
191 3 2
191 21 2
191 23 2
191 29 2
191 31 2
191 37 2
191 40 2
191 43 2
191 52 2
191 60 2
191 70 2
191 74 2
191 77 2
191 78 2
191 79 2
191 83 2
191 90 2
191 92 2
191 94 2
191 95 2
191 108 2
191 111 2
191 117 2
191 122 2
191 128 2
191 135 2
191 139 2
191 158 2
191 160 2
191 163 2
191 170 2
191 172 2
191 176 2
191 179 2
191 181 2
192 1 2
192 6 2
192 9 2
192 14 2
192 17 2
192 19 2
192 23 2
192 33 2
192 38 2
192 47 2
192 49 2
192 50 2
192 56 2
192 59 2
192 60 2
192 69 2
192 72 2
192 75 2
192 76 2
192 95 2
192 100 2
192 105 2
192 111 2
192 118 2
192 120 2
192 124 2
192 125 2
192 126 2
192 128 2
192 133 2
192 135 2
192 138 2
192 143 2
192 154 2
192 157 2
192 160 2
192 162 2
192 163 2
192 164 2
192 166 2
192 169 2
192 176 2
192 183 2
192 187 2
192 189 2
192 190 2
193 6 2
193 8 2
193 9 2
193 15 2
193 17 2
193 20 2
193 21 2
193 22 2
193 25 2
193 26 2
193 31 2
193 32 2
193 35 2
193 36 2
193 37 2
193 40 2
193 43 2
193 46 2
193 63 2
193 65 2
193 68 2
193 70 2
193 81 2
193 89 2
193 101 2
193 110 2
193 116 2
193 121 2
193 133 2
193 135 2
193 143 2
193 149 2
193 151 2
193 157 2
193 159 2
193 165 2
193 167 2
193 172 2
193 177 2
193 179 2
193 180 2
193 188 2
193 191 2
193 192 2
194 6 2
194 11 2
194 19 2
194 20 2
194 30 2
194 33 2
194 35 2
194 36 2
194 40 2
194 46 2
194 50 2
194 55 2
194 59 2
194 61 2
194 69 2
194 84 2
194 90 2
194 100 2
194 105 2
194 106 2
194 115 2
194 119 2
194 121 2
194 122 2
194 124 2
194 128 2
194 129 2
194 139 2
194 157 2
194 160 2
194 162 2
194 170 2
194 174 2
194 181 2
194 182 2
194 184 2
194 187 2
194 193 2
194 194 2
195 0 2
195 4 2
195 15 2
195 16 2
195 21 2
195 23 2
195 26 2
195 28 2
195 29 2
195 32 2
195 40 2
195 46 2
195 56 2
195 58 2
195 59 2
195 63 2
195 64 2
195 71 2
195 72 2
195 76 2
195 82 2
195 84 2
195 89 2
195 93 2
195 94 2
195 96 2
195 104 2
195 105 2
195 110 2
195 111 2
195 123 2
195 125 2
195 127 2
195 129 2
195 131 2
195 136 2
195 146 2
195 148 2
195 156 2
195 157 2
195 168 2
195 172 2
195 173 2
195 174 2
195 178 2
195 187 2
195 190 2
196 2 2
196 12 2
196 13 2
196 18 2
196 32 2
196 44 2
196 46 2
196 48 2
196 52 2
196 57 2
196 61 2
196 72 2
196 86 2
196 87 2
196 89 2
196 91 2
196 100 2
196 103 2
196 104 2
196 109 2
196 113 2
196 116 2
196 120 2
196 123 2
196 128 2
196 140 2
196 142 2
196 149 2
196 154 2
196 155 2
196 156 2
196 157 2
196 162 2
196 165 2
196 172 2
196 180 2
196 182 2
196 184 2
196 186 2
197 2 2
197 6 2
197 13 2
197 15 2
197 20 2
197 21 2
197 25 2
197 31 2
197 32 2
197 43 2
197 44 2
197 50 2
197 51 2
197 76 2
197 91 2
197 100 2
197 106 2
197 111 2
197 121 2
197 122 2
197 127 2
197 131 2
197 140 2
197 141 2
197 143 2
197 156 2
197 157 2
197 159 2
197 161 2
197 165 2
197 171 2
197 174 2
197 181 2
197 186 2
197 195 2
198 1 2
198 3 2
198 6 2
198 9 2
198 20 2
198 37 2
198 39 2
198 48 2
198 50 2
198 51 2
198 56 2
198 59 2
198 60 2
198 61 2
198 65 2
198 67 2
198 79 2
198 87 2
198 91 2
198 105 2
198 108 2
198 114 2
198 115 2
198 122 2
198 128 2
198 129 2
198 134 2
198 145 2
198 150 2
198 152 2
198 155 2
198 166 2
198 171 2
198 173 2
198 179 2
198 183 2
198 184 2
198 192 2
199 0 2
199 2 2
199 3 2
199 10 2
199 12 2
199 15 2
199 17 2
199 22 2
199 26 2
199 36 2
199 39 2
199 56 2
199 60 2
199 62 2
199 68 2
199 75 2
199 76 2
199 86 2
199 91 2
199 96 2
199 102 2
199 103 2
199 104 2
199 108 2
199 117 2
199 126 2
199 127 2
199 129 2
199 130 2
199 139 2
199 140 2
199 148 2
199 156 2
199 163 2
199 169 2
199 175 2
199 180 2
199 181 2
199 182 2
199 196 2
2 2 3
3 2 3
5 0 3
6 2 3
7 0 3
7 1 3
7 4 3
7 6 3
9 7 3
10 4 3
11 4 3
11 7 3
11 11 3
12 4 3
12 5 3
12 7 3
12 8 3
12 9 3
12 12 3
13 8 3
13 10 3
14 0 3
14 5 3
14 13 3
15 0 3
15 7 3
15 10 3
15 11 3
16 3 3
16 4 3
16 11 3
16 13 3
17 8 3
17 11 3
17 12 3
17 15 3
18 4 3
18 8 3
18 11 3
18 12 3
18 17 3
19 1 3
19 4 3
19 6 3
20 4 3
20 7 3
20 12 3
20 20 3
21 1 3
21 5 3
21 8 3
21 11 3
21 18 3
22 11 3
22 12 3
22 13 3
22 15 3
22 16 3
23 6 3
23 9 3
23 15 3
23 16 3
24 7 3
24 9 3
24 14 3
24 22 3
25 1 3
25 10 3
25 19 3
25 23 3
26 7 3
26 11 3
26 15 3
26 19 3
26 24 3
26 25 3
27 2 3
27 5 3
27 9 3
27 11 3
27 12 3
27 13 3
27 17 3
27 20 3
27 22 3
27 23 3
28 2 3
28 5 3
29 1 3
29 9 3
29 12 3
29 13 3
29 14 3
29 18 3
29 24 3
29 25 3
29 28 3
30 0 3
30 1 3
30 3 3
30 5 3
30 8 3
30 12 3
30 24 3
30 27 3
30 29 3
31 1 3
31 2 3
31 4 3
31 13 3
31 16 3
31 17 3
31 19 3
31 20 3
31 23 3
31 28 3
31 29 3
32 2 3
32 5 3
32 7 3
32 14 3
32 18 3
32 19 3
32 21 3
32 23 3
32 24 3
32 27 3
32 28 3
32 29 3
32 31 3
33 0 3
33 6 3
33 10 3
33 18 3
33 27 3
34 5 3
34 10 3
34 13 3
34 15 3
34 19 3
34 21 3
34 26 3
34 32 3
35 1 3
35 6 3
35 14 3
35 18 3
35 20 3
35 24 3
35 28 3
35 29 3
35 33 3
36 1 3
36 3 3
36 4 3
36 9 3
36 12 3
36 13 3
36 21 3
36 22 3
36 29 3
36 30 3
36 33 3
36 35 3
37 2 3
37 5 3
37 8 3
37 12 3
37 15 3
37 18 3
37 19 3
37 22 3
37 23 3
37 24 3
37 29 3
37 33 3
38 5 3
38 7 3
38 13 3
38 15 3
38 17 3
38 18 3
38 21 3
38 22 3
38 24 3
38 30 3
38 31 3
38 34 3
38 35 3
38 38 3
39 0 3
39 6 3
39 9 3
39 18 3
39 20 3
39 21 3
39 22 3
39 27 3
39 30 3
40 1 3
40 6 3
40 10 3
40 15 3
40 19 3
40 24 3
40 37 3
40 39 3
41 2 3
41 7 3
41 15 3
41 16 3
41 39 3
42 5 3
42 8 3
42 10 3
42 12 3
42 14 3
42 17 3
42 25 3
42 26 3
42 35 3
43 2 3
43 3 3
43 10 3
43 11 3
43 12 3
43 17 3
43 18 3
43 30 3
43 35 3
43 38 3
44 0 3
44 2 3
44 6 3
44 8 3
44 12 3
44 17 3
44 22 3
44 24 3
44 25 3
44 29 3
44 39 3
44 41 3
45 0 3
45 8 3
45 20 3
45 23 3
45 24 3
45 30 3
45 31 3
45 38 3
45 41 3
45 43 3
45 44 3
46 8 3
46 9 3
46 10 3
46 11 3
46 12 3
46 26 3
46 27 3
46 30 3
46 34 3
46 36 3
46 43 3
47 8 3
47 19 3
47 21 3
47 22 3
47 24 3
47 27 3
47 28 3
47 37 3
47 38 3
47 40 3
47 42 3
47 46 3
47 47 3
48 2 3
48 3 3
48 6 3
48 13 3
48 14 3
48 15 3
48 24 3
48 30 3
48 35 3
48 41 3
48 46 3
48 47 3
49 0 3
49 4 3
49 7 3
49 10 3
49 13 3
49 16 3
49 18 3
49 21 3
49 31 3
49 32 3
49 49 3
50 4 3
50 6 3
50 10 3
50 26 3
50 43 3
50 44 3
50 48 3
51 4 3
51 5 3
51 9 3
51 11 3
51 12 3
51 14 3
51 15 3
51 18 3
51 23 3
51 26 3
51 30 3
51 34 3
51 41 3
51 42 3
51 48 3
51 49 3
51 50 3
51 51 3
52 6 3
52 7 3
52 11 3
52 13 3
52 17 3
52 34 3
53 5 3
53 12 3
53 15 3
53 19 3
53 21 3
53 24 3
53 26 3
53 29 3
53 32 3
53 33 3
53 37 3
53 38 3
53 39 3
53 41 3
53 45 3
53 50 3
53 51 3
53 52 3
54 0 3
54 3 3
54 10 3
54 11 3
54 12 3
54 17 3
54 18 3
54 21 3
54 26 3
54 27 3
54 28 3
54 32 3
54 35 3
54 36 3
54 37 3
54 40 3
54 43 3
54 44 3
54 45 3
54 52 3
55 2 3
55 7 3
55 17 3
55 19 3
55 24 3
55 25 3
55 28 3
55 30 3
55 39 3
55 42 3
55 44 3
55 47 3
55 52 3
56 16 3
56 19 3
56 22 3
56 27 3
56 29 3
56 30 3
56 31 3
56 39 3
56 54 3
57 0 3
57 1 3
57 3 3
57 13 3
57 18 3
57 22 3
57 33 3
57 41 3
57 46 3
57 47 3
57 49 3
57 54 3
58 4 3
58 10 3
58 13 3
58 19 3
58 20 3
58 25 3
58 30 3
58 35 3
58 40 3
58 42 3
58 45 3
58 46 3
58 51 3
58 58 3
59 0 3
59 2 3
59 6 3
59 11 3
59 12 3
59 20 3
59 33 3
59 39 3
59 42 3
59 44 3
59 46 3
59 56 3
59 57 3
60 2 3
60 3 3
60 5 3
60 7 3
60 11 3
60 13 3
60 14 3
60 17 3
60 32 3
60 36 3
60 47 3
60 50 3
60 56 3
60 57 3
60 60 3
61 0 3
61 16 3
61 22 3
61 25 3
61 31 3
61 35 3
61 36 3
61 48 3
61 49 3
61 55 3
61 57 3
62 5 3
62 8 3
62 10 3
62 12 3
62 14 3
62 16 3
62 18 3
62 20 3
62 22 3
62 23 3
62 24 3
62 31 3
62 33 3
62 34 3
62 36 3
62 38 3
62 39 3
62 40 3
62 43 3
62 44 3
62 49 3
62 51 3
62 52 3
62 58 3
63 3 3
63 8 3
63 16 3
63 18 3
63 24 3
63 27 3
63 30 3
63 32 3
63 37 3
63 40 3
63 53 3
63 55 3
63 61 3
63 62 3
63 63 3
64 4 3
64 15 3
64 16 3
64 21 3
64 34 3
64 39 3
64 42 3
64 46 3
64 63 3
65 2 3
65 4 3
65 7 3
65 16 3
65 19 3
65 20 3
65 24 3
65 33 3
65 44 3
65 45 3
65 46 3
65 52 3
65 57 3
65 61 3
65 62 3
65 65 3
66 5 3
66 15 3
66 22 3
66 37 3
66 42 3
66 49 3
66 51 3
66 54 3
66 55 3
66 63 3
66 66 3
67 0 3
67 7 3
67 11 3
67 16 3
67 18 3
67 19 3
67 24 3
67 25 3
67 28 3
67 37 3
67 42 3
67 52 3
67 57 3
67 61 3
67 62 3
67 63 3
67 67 3
68 4 3
68 7 3
68 8 3
68 10 3
68 15 3
68 19 3
68 29 3
68 34 3
68 49 3
68 62 3
68 64 3
68 68 3
69 2 3
69 4 3
69 10 3
69 14 3
69 15 3
69 25 3
69 29 3
69 30 3
69 35 3
69 36 3
69 38 3
69 51 3
69 53 3
69 55 3
69 60 3
69 61 3
69 64 3
69 65 3
69 66 3
70 0 3
70 3 3
70 5 3
70 7 3
70 8 3
70 15 3
70 16 3
70 32 3
70 35 3
70 47 3
70 51 3
70 55 3
70 57 3
71 2 3
71 3 3
71 5 3
71 12 3
71 17 3
71 18 3
71 21 3
71 23 3
71 28 3
71 32 3
71 44 3
71 49 3
71 62 3
71 67 3
72 5 3
72 6 3
72 11 3
72 22 3
72 25 3
72 26 3
72 27 3
72 31 3
72 32 3
72 35 3
72 40 3
72 41 3
72 42 3
72 45 3
72 52 3
72 53 3
72 57 3
72 58 3
72 60 3
72 61 3
72 66 3
73 11 3
73 20 3
73 27 3
73 29 3
73 30 3
73 47 3
73 50 3
73 69 3
73 72 3
74 2 3
74 14 3
74 19 3
74 23 3
74 27 3
74 32 3
74 34 3
74 36 3
74 38 3
74 42 3
74 43 3
74 44 3
74 45 3
74 47 3
74 50 3
74 56 3
74 73 3
75 10 3
75 12 3
75 19 3
75 20 3
75 25 3
75 28 3
75 33 3
75 39 3
75 42 3
75 43 3
75 54 3
75 65 3
75 73 3
75 74 3
75 75 3
76 5 3
76 6 3
76 8 3
76 11 3
76 16 3
76 18 3
76 20 3
76 30 3
76 34 3
76 38 3
76 42 3
76 44 3
76 45 3
76 54 3
76 55 3
76 61 3
76 71 3
77 2 3
77 5 3
77 11 3
77 16 3
77 28 3
77 40 3
77 43 3
77 44 3
77 51 3
77 53 3
77 65 3
77 66 3
77 70 3
78 0 3
78 2 3
78 5 3
78 10 3
78 14 3
78 22 3
78 23 3
78 30 3
78 33 3
78 36 3
78 47 3
78 48 3
78 51 3
78 55 3
78 57 3
78 59 3
78 60 3
78 68 3
78 70 3
79 8 3
79 15 3
79 19 3
79 25 3
79 27 3
79 44 3
79 47 3
79 49 3
79 64 3
79 75 3
79 76 3
80 0 3
80 1 3
80 3 3
80 4 3
80 8 3
80 9 3
80 16 3
80 18 3
80 26 3
80 28 3
80 31 3
80 34 3
80 35 3
80 38 3
80 40 3
80 46 3
80 49 3
80 64 3
80 65 3
80 73 3
80 75 3
81 0 3
81 3 3
81 6 3
81 11 3
81 19 3
81 26 3
81 27 3
81 30 3
81 33 3
81 35 3
81 42 3
81 45 3
81 52 3
81 54 3
81 55 3
81 60 3
81 62 3
81 65 3
81 67 3
81 70 3
81 72 3
81 73 3
81 74 3
81 75 3
81 77 3
81 79 3
81 80 3
82 0 3
82 5 3
82 11 3
82 14 3
82 16 3
82 17 3
82 18 3
82 20 3
82 23 3
82 27 3
82 40 3
82 45 3
82 53 3
82 55 3
82 59 3
82 60 3
82 63 3
82 66 3
82 71 3
82 75 3
82 76 3
82 81 3
83 1 3
83 3 3
83 11 3
83 15 3
83 22 3
83 23 3
83 24 3
83 26 3
83 32 3
83 33 3
83 42 3
83 45 3
83 47 3
83 49 3
83 56 3
83 59 3
83 63 3
83 72 3
83 83 3
84 1 3
84 2 3
84 12 3
84 15 3
84 18 3
84 26 3
84 27 3
84 30 3
84 34 3
84 39 3
84 44 3
84 45 3
84 47 3
84 59 3
84 60 3
84 63 3
84 67 3
84 70 3
84 74 3
84 80 3
85 2 3
85 5 3
85 7 3
85 12 3
85 14 3
85 22 3
85 24 3
85 31 3
85 38 3
85 41 3
85 42 3
85 43 3
85 47 3
85 56 3
85 63 3
85 65 3
85 66 3
85 82 3
85 84 3
85 85 3
86 5 3
86 9 3
86 13 3
86 23 3
86 33 3
86 41 3
86 50 3
86 51 3
86 52 3
86 55 3
86 59 3
86 65 3
86 76 3
86 80 3
86 81 3
86 82 3
86 83 3
87 2 3
87 4 3
87 8 3
87 19 3
87 25 3
87 26 3
87 32 3
87 37 3
87 45 3
87 46 3
87 47 3
87 55 3
87 60 3
87 65 3
87 69 3
87 74 3
87 78 3
87 86 3
88 1 3
88 7 3
88 8 3
88 10 3
88 17 3
88 23 3
88 25 3
88 31 3
88 38 3
88 39 3
88 42 3
88 48 3
88 53 3
88 54 3
88 55 3
88 58 3
88 60 3
88 62 3
88 68 3
88 76 3
88 79 3
89 12 3
89 13 3
89 18 3
89 21 3
89 25 3
89 33 3
89 34 3
89 36 3
89 37 3
89 45 3
89 47 3
89 51 3
89 54 3
89 56 3
89 57 3
89 59 3
89 61 3
89 70 3
89 74 3
89 82 3
89 83 3
90 9 3
90 13 3
90 14 3
90 22 3
90 27 3
90 35 3
90 36 3
90 40 3
90 44 3
90 46 3
90 48 3
90 58 3
90 61 3
90 62 3
90 70 3
90 76 3
90 81 3
91 1 3
91 3 3
91 9 3
91 10 3
91 16 3
91 18 3
91 29 3
91 51 3
91 52 3
91 55 3
91 59 3
91 60 3
91 63 3
91 69 3
91 70 3
91 72 3
91 83 3
91 91 3
92 0 3
92 1 3
92 6 3
92 8 3
92 19 3
92 25 3
92 35 3
92 40 3
92 51 3
92 58 3
92 65 3
92 67 3
92 74 3
92 79 3
92 86 3
92 87 3
92 89 3
92 90 3
92 92 3
93 5 3
93 13 3
93 14 3
93 20 3
93 21 3
93 29 3
93 34 3
93 39 3
93 46 3
93 47 3
93 52 3
93 56 3
93 61 3
93 66 3
93 74 3
93 75 3
93 77 3
93 78 3
93 84 3
93 87 3
93 91 3
94 3 3
94 7 3
94 8 3
94 12 3
94 16 3
94 29 3
94 32 3
94 34 3
94 35 3
94 36 3
94 50 3
94 51 3
94 55 3
94 62 3
94 64 3
94 77 3
94 78 3
94 81 3
94 82 3
94 86 3
94 92 3
95 6 3
95 14 3
95 23 3
95 25 3
95 27 3
95 29 3
95 30 3
95 31 3
95 39 3
95 45 3
95 50 3
95 51 3
95 55 3
95 56 3
95 60 3
95 65 3
95 66 3
95 67 3
95 69 3
95 76 3
95 77 3
95 91 3
95 93 3
96 7 3
96 12 3
96 13 3
96 15 3
96 16 3
96 20 3
96 30 3
96 31 3
96 32 3
96 39 3
96 40 3
96 43 3
96 46 3
96 48 3
96 62 3
96 63 3
96 64 3
96 65 3
96 67 3
96 82 3
96 87 3
96 88 3
97 0 3
97 5 3
97 8 3
97 13 3
97 15 3
97 16 3
97 18 3
97 22 3
97 23 3
97 24 3
97 26 3
97 28 3
97 33 3
97 35 3
97 39 3
97 41 3
97 45 3
97 65 3
97 69 3
97 74 3
97 79 3
97 81 3
97 87 3
97 91 3
97 93 3
97 95 3
98 4 3
98 11 3
98 14 3
98 15 3
98 16 3
98 17 3
98 22 3
98 25 3
98 37 3
98 39 3
98 43 3
98 45 3
98 58 3
98 61 3
98 62 3
98 65 3
98 73 3
98 75 3
98 83 3
98 87 3
98 89 3
98 91 3
98 97 3
99 3 3
99 5 3
99 6 3
99 35 3
99 42 3
99 49 3
99 56 3
99 59 3
99 62 3
99 63 3
99 67 3
99 68 3
99 69 3
99 76 3
99 81 3
99 88 3
100 4 3
100 10 3
100 13 3
100 14 3
100 18 3
100 21 3
100 22 3
100 24 3
100 28 3
100 29 3
100 33 3
100 35 3
100 37 3
100 38 3
100 42 3
100 54 3
100 61 3
100 81 3
100 82 3
100 83 3
100 86 3
100 89 3
100 90 3
100 92 3
100 99 3
101 12 3
101 14 3
101 17 3
101 18 3
101 19 3
101 34 3
101 38 3
101 41 3
101 44 3
101 46 3
101 52 3
101 54 3
101 56 3
101 58 3
101 65 3
101 68 3
101 70 3
101 72 3
101 74 3
101 76 3
101 79 3
101 81 3
101 87 3
101 89 3
101 90 3
101 93 3
101 94 3
101 101 3
102 4 3
102 6 3
102 11 3
102 20 3
102 41 3
102 43 3
102 44 3
102 46 3
102 47 3
102 58 3
102 65 3
102 81 3
102 84 3
102 86 3
102 94 3
102 96 3
102 99 3
103 0 3
103 2 3
103 6 3
103 9 3
103 16 3
103 18 3
103 19 3
103 23 3
103 25 3
103 33 3
103 35 3
103 36 3
103 37 3
103 39 3
103 41 3
103 43 3
103 48 3
103 53 3
103 55 3
103 59 3
103 68 3
103 70 3
103 84 3
103 86 3
103 90 3
103 93 3
103 94 3
103 95 3
104 3 3
104 8 3
104 9 3
104 12 3
104 17 3
104 22 3
104 24 3
104 25 3
104 30 3
104 33 3
104 34 3
104 35 3
104 36 3
104 43 3
104 45 3
104 48 3
104 53 3
104 56 3
104 58 3
104 62 3
104 63 3
104 65 3
104 71 3
104 75 3
104 85 3
104 86 3
104 89 3
104 99 3
104 103 3
104 104 3
105 1 3
105 8 3
105 11 3
105 13 3
105 22 3
105 31 3
105 40 3
105 41 3
105 51 3
105 53 3
105 63 3
105 69 3
105 70 3
105 73 3
105 79 3
105 84 3
105 87 3
105 88 3
105 91 3
105 95 3
106 0 3
106 11 3
106 15 3
106 16 3
106 23 3
106 28 3
106 35 3
106 38 3
106 39 3
106 42 3
106 43 3
106 60 3
106 61 3
106 62 3
106 63 3
106 68 3
106 69 3
106 74 3
106 76 3
106 80 3
106 82 3
106 83 3
106 88 3
106 89 3
106 93 3
106 94 3
106 98 3
107 0 3
107 10 3
107 12 3
107 14 3
107 15 3
107 37 3
107 40 3
107 43 3
107 47 3
107 50 3
107 52 3
107 53 3
107 54 3
107 55 3
107 57 3
107 62 3
107 65 3
107 67 3
107 76 3
107 78 3
107 88 3
107 96 3
107 99 3
107 102 3
107 104 3
108 7 3
108 8 3
108 9 3
108 14 3
108 21 3
108 23 3
108 25 3
108 30 3
108 33 3
108 35 3
108 36 3
108 39 3
108 45 3
108 46 3
108 48 3
108 50 3
108 70 3
108 73 3
108 74 3
108 78 3
108 79 3
108 85 3
109 2 3
109 6 3
109 22 3
109 24 3
109 25 3
109 30 3
109 32 3
109 33 3
109 34 3
109 43 3
109 46 3
109 49 3
109 52 3
109 56 3
109 66 3
109 68 3
109 71 3
109 72 3
109 83 3
109 97 3
109 99 3
109 100 3
110 0 3
110 6 3
110 7 3
110 11 3
110 12 3
110 16 3
110 18 3
110 22 3
110 23 3
110 27 3
110 35 3
110 38 3
110 42 3
110 48 3
110 56 3
110 58 3
110 63 3
110 66 3
110 67 3
110 73 3
110 77 3
110 84 3
110 87 3
110 92 3
110 96 3
111 5 3
111 8 3
111 17 3
111 19 3
111 27 3
111 30 3
111 38 3
111 42 3
111 45 3
111 52 3
111 53 3
111 54 3
111 58 3
111 60 3
111 63 3
111 67 3
111 68 3
111 69 3
111 72 3
111 88 3
111 92 3
111 98 3
111 109 3
111 110 3
112 7 3
112 10 3
112 12 3
112 16 3
112 19 3
112 21 3
112 24 3
112 26 3
112 28 3
112 30 3
112 37 3
112 46 3
112 49 3
112 50 3
112 53 3
112 55 3
112 75 3
112 78 3
112 82 3
112 87 3
112 92 3
112 94 3
112 101 3
112 102 3
112 110 3
113 1 3
113 3 3
113 7 3
113 8 3
113 10 3
113 11 3
113 12 3
113 14 3
113 19 3
113 23 3
113 27 3
113 33 3
113 34 3
113 36 3
113 41 3
113 44 3
113 45 3
113 48 3
113 49 3
113 60 3
113 63 3
113 65 3
113 68 3
113 71 3
113 72 3
113 84 3
113 85 3
113 92 3
113 96 3
113 97 3
113 105 3
113 107 3
113 109 3
113 110 3
114 1 3
114 5 3
114 15 3
114 16 3
114 17 3
114 18 3
114 21 3
114 30 3
114 34 3
114 35 3
114 38 3
114 54 3
114 55 3
114 61 3
114 63 3
114 68 3
114 70 3
114 93 3
114 100 3
114 102 3
114 111 3
114 114 3
115 4 3
115 8 3
115 10 3
115 18 3
115 21 3
115 23 3
115 31 3
115 35 3
115 38 3
115 49 3
115 52 3
115 55 3
115 59 3
115 65 3
115 67 3
115 69 3
115 71 3
115 75 3
115 76 3
115 77 3
115 93 3
115 96 3
115 97 3
115 101 3
115 103 3
115 114 3
116 1 3
116 5 3
116 7 3
116 8 3
116 17 3
116 20 3
116 22 3
116 25 3
116 26 3
116 30 3
116 32 3
116 39 3
116 43 3
116 50 3
116 52 3
116 55 3
116 57 3
116 59 3
116 60 3
116 61 3
116 62 3
116 63 3
116 65 3
116 70 3
116 73 3
116 79 3
116 80 3
116 81 3
116 86 3
116 90 3
116 92 3
116 94 3
116 96 3
116 103 3
116 104 3
116 106 3
116 111 3
116 115 3
116 116 3
117 4 3
117 7 3
117 18 3
117 20 3
117 29 3
117 30 3
117 34 3
117 35 3
117 40 3
117 42 3
117 51 3
117 52 3
117 55 3
117 63 3
117 66 3
117 71 3
117 72 3
117 83 3
117 88 3
117 104 3
117 105 3
117 107 3
117 109 3
117 112 3
118 3 3
118 9 3
118 11 3
118 14 3
118 15 3
118 16 3
118 17 3
118 18 3
118 22 3
118 23 3
118 26 3
118 30 3
118 33 3
118 38 3
118 41 3
118 42 3
118 51 3
118 58 3
118 61 3
118 63 3
118 67 3
118 68 3
118 70 3
118 74 3
118 75 3
118 93 3
118 95 3
118 98 3
118 99 3
118 102 3
118 103 3
118 104 3
118 112 3
118 116 3
119 0 3
119 2 3
119 7 3
119 8 3
119 9 3
119 13 3
119 14 3
119 16 3
119 18 3
119 19 3
119 20 3
119 26 3
119 30 3
119 34 3
119 39 3
119 44 3
119 47 3
119 53 3
119 55 3
119 57 3
119 63 3
119 70 3
119 73 3
119 75 3
119 78 3
119 80 3
119 89 3
119 94 3
119 100 3
119 102 3
119 104 3
119 115 3
119 118 3
119 119 3
120 0 3
120 1 3
120 16 3
120 27 3
120 30 3
120 33 3
120 34 3
120 41 3
120 46 3
120 53 3
120 54 3
120 61 3
120 69 3
120 71 3
120 74 3
120 79 3
120 88 3
120 92 3
120 95 3
120 103 3
120 104 3
120 105 3
120 108 3
121 7 3
121 11 3
121 16 3
121 17 3
121 18 3
121 23 3
121 26 3
121 27 3
121 36 3
121 38 3
121 39 3
121 48 3
121 49 3
121 53 3
121 55 3
121 58 3
121 59 3
121 61 3
121 70 3
121 75 3
121 95 3
121 99 3
121 101 3
121 104 3
121 114 3
121 115 3
121 116 3
122 4 3
122 9 3
122 14 3
122 15 3
122 22 3
122 23 3
122 26 3
122 36 3
122 39 3
122 40 3
122 42 3
122 47 3
122 48 3
122 52 3
122 54 3
122 58 3
122 65 3
122 66 3
122 71 3
122 72 3
122 74 3
122 75 3
122 77 3
122 78 3
122 85 3
122 93 3
122 94 3
122 96 3
122 103 3
122 105 3
122 106 3
122 107 3
122 109 3
122 112 3
122 119 3
123 8 3
123 11 3
123 21 3
123 24 3
123 26 3
123 40 3
123 50 3
123 54 3
123 57 3
123 58 3
123 74 3
123 75 3
123 79 3
123 83 3
123 85 3
123 86 3
123 89 3
123 92 3
123 93 3
123 96 3
123 97 3
123 116 3
123 121 3
124 0 3
124 10 3
124 16 3
124 21 3
124 23 3
124 30 3
124 46 3
124 48 3
124 51 3
124 53 3
124 56 3
124 57 3
124 60 3
124 63 3
124 66 3
124 70 3
124 71 3
124 77 3
124 93 3
124 96 3
124 98 3
124 101 3
124 108 3
124 117 3
124 118 3
124 121 3
124 122 3
125 0 3
125 5 3
125 13 3
125 14 3
125 17 3
125 30 3
125 35 3
125 36 3
125 37 3
125 39 3
125 43 3
125 46 3
125 51 3
125 53 3
125 57 3
125 63 3
125 66 3
125 74 3
125 76 3
125 83 3
125 85 3
125 86 3
125 98 3
125 99 3
125 101 3
125 103 3
125 108 3
125 113 3
125 116 3
125 121 3
125 122 3
126 1 3
126 3 3
126 6 3
126 7 3
126 17 3
126 22 3
126 23 3
126 25 3
126 26 3
126 28 3
126 30 3
126 38 3
126 40 3
126 47 3
126 53 3
126 56 3
126 58 3
126 62 3
126 67 3
126 72 3
126 73 3
126 74 3
126 76 3
126 78 3
126 85 3
126 89 3
126 91 3
126 96 3
126 99 3
126 100 3
126 103 3
126 104 3
126 105 3
126 108 3
126 109 3
126 110 3
126 112 3
126 119 3
126 125 3
127 0 3
127 4 3
127 5 3
127 7 3
127 8 3
127 15 3
127 18 3
127 22 3
127 33 3
127 36 3
127 38 3
127 43 3
127 49 3
127 51 3
127 52 3
127 55 3
127 59 3
127 60 3
127 61 3
127 65 3
127 68 3
127 69 3
127 71 3
127 72 3
127 73 3
127 83 3
127 94 3
127 95 3
127 97 3
127 98 3
127 102 3
127 106 3
127 111 3
127 112 3
127 122 3
128 2 3
128 4 3
128 5 3
128 18 3
128 22 3
128 24 3
128 32 3
128 35 3
128 40 3
128 52 3
128 55 3
128 56 3
128 58 3
128 69 3
128 76 3
128 81 3
128 83 3
128 89 3
128 92 3
128 98 3
128 101 3
128 105 3
128 109 3
128 110 3
128 111 3
128 114 3
128 117 3
128 119 3
128 121 3
128 124 3
128 126 3
128 127 3
129 11 3
129 12 3
129 18 3
129 20 3
129 23 3
129 25 3
129 35 3
129 43 3
129 45 3
129 50 3
129 51 3
129 54 3
129 57 3
129 60 3
129 61 3
129 62 3
129 66 3
129 72 3
129 73 3
129 83 3
129 84 3
129 91 3
129 93 3
129 95 3
129 96 3
129 111 3
129 120 3
129 123 3
130 0 3
130 1 3
130 5 3
130 7 3
130 9 3
130 13 3
130 14 3
130 19 3
130 20 3
130 36 3
130 43 3
130 45 3
130 47 3
130 48 3
130 49 3
130 53 3
130 57 3
130 62 3
130 69 3
130 72 3
130 74 3
130 79 3
130 80 3
130 81 3
130 97 3
130 100 3
130 102 3
130 107 3
130 108 3
130 109 3
130 110 3
130 116 3
130 117 3
130 120 3
130 121 3
130 123 3
130 124 3
130 126 3
130 128 3
131 7 3
131 8 3
131 22 3
131 26 3
131 33 3
131 45 3
131 48 3
131 50 3
131 59 3
131 62 3
131 64 3
131 65 3
131 69 3
131 76 3
131 81 3
131 97 3
131 104 3
131 106 3
131 117 3
131 121 3
131 122 3
131 123 3
131 131 3
132 0 3
132 4 3
132 7 3
132 24 3
132 25 3
132 29 3
132 32 3
132 35 3
132 37 3
132 41 3
132 47 3
132 49 3
132 51 3
132 53 3
132 57 3
132 71 3
132 79 3
132 85 3
132 92 3
132 96 3
132 98 3
132 101 3
132 102 3
132 108 3
132 113 3
132 116 3
132 118 3
132 123 3
132 124 3
132 126 3
132 129 3
133 4 3
133 7 3
133 12 3
133 13 3
133 21 3
133 29 3
133 39 3
133 40 3
133 47 3
133 52 3
133 57 3
133 60 3
133 62 3
133 67 3
133 71 3
133 74 3
133 81 3
133 85 3
133 86 3
133 88 3
133 91 3
133 102 3
133 103 3
133 106 3
133 109 3
133 110 3
133 114 3
133 116 3
133 121 3
133 125 3
133 128 3
133 130 3
134 2 3
134 7 3
134 9 3
134 19 3
134 28 3
134 30 3
134 35 3
134 37 3
134 38 3
134 42 3
134 50 3
134 59 3
134 62 3
134 63 3
134 67 3
134 68 3
134 70 3
134 78 3
134 82 3
134 84 3
134 93 3
134 95 3
134 96 3
134 113 3
134 118 3
134 121 3
134 124 3
134 126 3
134 127 3
134 132 3
134 133 3
135 2 3
135 3 3
135 5 3
135 8 3
135 9 3
135 10 3
135 13 3
135 16 3
135 22 3
135 33 3
135 36 3
135 37 3
135 44 3
135 46 3
135 47 3
135 52 3
135 54 3
135 59 3
135 70 3
135 73 3
135 78 3
135 81 3
135 87 3
135 89 3
135 91 3
135 94 3
135 103 3
135 105 3
135 106 3
135 109 3
135 110 3
135 111 3
135 112 3
135 115 3
135 116 3
135 120 3
135 121 3
135 123 3
135 124 3
135 130 3
136 4 3
136 7 3
136 9 3
136 11 3
136 13 3
136 18 3
136 34 3
136 36 3
136 39 3
136 41 3
136 42 3
136 45 3
136 48 3
136 72 3
136 73 3
136 76 3
136 77 3
136 78 3
136 91 3
136 92 3
136 96 3
136 106 3
136 114 3
136 117 3
136 118 3
136 122 3
136 123 3
136 128 3
136 129 3
136 130 3
136 134 3
137 4 3
137 9 3
137 16 3
137 20 3
137 23 3
137 25 3
137 28 3
137 32 3
137 35 3
137 42 3
137 44 3
137 51 3
137 59 3
137 62 3
137 67 3
137 71 3
137 77 3
137 79 3
137 83 3
137 84 3
137 85 3
137 89 3
137 98 3
137 102 3
137 104 3
137 106 3
137 111 3
137 120 3
137 121 3
137 126 3
137 127 3
138 4 3
138 7 3
138 8 3
138 10 3
138 12 3
138 14 3
138 15 3
138 16 3
138 17 3
138 20 3
138 51 3
138 52 3
138 71 3
138 74 3
138 76 3
138 82 3
138 83 3
138 89 3
138 93 3
138 95 3
138 100 3
138 102 3
138 106 3
138 107 3
138 124 3
138 125 3
138 137 3
139 1 3
139 6 3
139 18 3
139 20 3
139 22 3
139 23 3
139 24 3
139 25 3
139 28 3
139 31 3
139 34 3
139 38 3
139 39 3
139 43 3
139 47 3
139 49 3
139 50 3
139 51 3
139 63 3
139 76 3
139 82 3
139 85 3
139 86 3
139 88 3
139 92 3
139 95 3
139 114 3
139 116 3
139 117 3
139 120 3
139 121 3
139 127 3
139 131 3
139 137 3
140 3 3
140 6 3
140 9 3
140 12 3
140 14 3
140 18 3
140 23 3
140 24 3
140 27 3
140 29 3
140 30 3
140 32 3
140 36 3
140 41 3
140 43 3
140 50 3
140 52 3
140 55 3
140 58 3
140 60 3
140 63 3
140 66 3
140 69 3
140 71 3
140 74 3
140 76 3
140 78 3
140 79 3
140 81 3
140 84 3
140 89 3
140 91 3
140 92 3
140 93 3
140 96 3
140 97 3
140 101 3
140 103 3
140 114 3
140 115 3
140 118 3
140 119 3
140 121 3
140 128 3
140 133 3
140 134 3
140 135 3
140 136 3
140 138 3
140 140 3
141 5 3
141 13 3
141 16 3
141 22 3
141 25 3
141 26 3
141 38 3
141 40 3
141 42 3
141 49 3
141 53 3
141 54 3
141 57 3
141 60 3
141 65 3
141 70 3
141 71 3
141 76 3
141 80 3
141 100 3
141 101 3
141 107 3
141 110 3
141 121 3
141 122 3
141 126 3
141 135 3
142 3 3
142 9 3
142 21 3
142 25 3
142 28 3
142 31 3
142 34 3
142 36 3
142 42 3
142 49 3
142 51 3
142 52 3
142 59 3
142 61 3
142 62 3
142 63 3
142 67 3
142 68 3
142 73 3
142 75 3
142 84 3
142 90 3
142 91 3
142 92 3
142 94 3
142 98 3
142 108 3
142 115 3
142 116 3
142 118 3
142 120 3
142 124 3
142 131 3
142 135 3
142 138 3
142 140 3
142 141 3
143 2 3
143 6 3
143 10 3
143 12 3
143 14 3
143 20 3
143 24 3
143 27 3
143 29 3
143 48 3
143 51 3
143 54 3
143 59 3
143 60 3
143 69 3
143 70 3
143 73 3
143 75 3
143 80 3
143 84 3
143 90 3
143 91 3
143 92 3
143 97 3
143 102 3
143 112 3
143 119 3
143 121 3
143 122 3
143 127 3
143 130 3
143 131 3
143 133 3
143 134 3
144 1 3
144 2 3
144 5 3
144 18 3
144 26 3
144 35 3
144 37 3
144 40 3
144 42 3
144 44 3
144 46 3
144 49 3
144 55 3
144 92 3
144 93 3
144 94 3
144 99 3
144 101 3
144 102 3
144 103 3
144 105 3
144 106 3
144 111 3
144 113 3
144 123 3
144 125 3
145 16 3
145 19 3
145 20 3
145 23 3
145 26 3
145 28 3
145 30 3
145 31 3
145 34 3
145 39 3
145 54 3
145 63 3
145 66 3
145 69 3
145 71 3
145 75 3
145 86 3
145 87 3
145 95 3
145 99 3
145 100 3
145 107 3
145 123 3
145 125 3
145 128 3
145 134 3
145 136 3
145 139 3
145 142 3
145 144 3
146 6 3
146 7 3
146 15 3
146 23 3
146 32 3
146 35 3
146 39 3
146 44 3
146 46 3
146 50 3
146 64 3
146 73 3
146 75 3
146 84 3
146 85 3
146 87 3
146 88 3
146 89 3
146 93 3
146 96 3
146 106 3
146 108 3
146 112 3
146 116 3
146 117 3
146 122 3
146 127 3
146 130 3
146 134 3
146 138 3
146 139 3
147 0 3
147 3 3
147 11 3
147 17 3
147 32 3
147 40 3
147 47 3
147 59 3
147 70 3
147 73 3
147 76 3
147 83 3
147 85 3
147 88 3
147 90 3
147 94 3
147 95 3
147 99 3
147 100 3
147 102 3
147 103 3
147 110 3
147 116 3
147 119 3
147 122 3
147 128 3
147 129 3
147 133 3
147 135 3
147 147 3
148 5 3
148 19 3
148 20 3
148 21 3
148 29 3
148 35 3
148 36 3
148 37 3
148 43 3
148 46 3
148 52 3
148 54 3
148 56 3
148 57 3
148 58 3
148 62 3
148 76 3
148 78 3
148 82 3
148 83 3
148 85 3
148 87 3
148 91 3
148 99 3
148 100 3
148 102 3
148 103 3
148 104 3
148 105 3
148 115 3
148 125 3
148 128 3
148 131 3
148 139 3
148 140 3
148 146 3
149 0 3
149 7 3
149 12 3
149 13 3
149 22 3
149 32 3
149 35 3
149 46 3
149 53 3
149 56 3
149 60 3
149 66 3
149 67 3
149 70 3
149 71 3
149 81 3
149 82 3
149 83 3
149 86 3
149 96 3
149 97 3
149 113 3
149 116 3
149 117 3
149 120 3
149 124 3
149 126 3
149 127 3
149 130 3
150 0 3
150 2 3
150 7 3
150 10 3
150 12 3
150 15 3
150 16 3
150 17 3
150 18 3
150 20 3
150 25 3
150 32 3
150 34 3
150 36 3
150 40 3
150 43 3
150 44 3
150 54 3
150 63 3
150 91 3
150 96 3
150 97 3
150 98 3
150 100 3
150 102 3
150 104 3
150 109 3
150 110 3
150 112 3
150 122 3
150 130 3
150 131 3
150 132 3
150 136 3
150 140 3
150 145 3
151 5 3
151 8 3
151 18 3
151 24 3
151 28 3
151 31 3
151 42 3
151 43 3
151 44 3
151 46 3
151 47 3
151 53 3
151 56 3
151 57 3
151 75 3
151 76 3
151 79 3
151 111 3
151 114 3
151 115 3
151 116 3
151 121 3
151 126 3
151 141 3
152 3 3
152 9 3
152 12 3
152 15 3
152 16 3
152 17 3
152 18 3
152 24 3
152 25 3
152 30 3
152 32 3
152 35 3
152 36 3
152 43 3
152 44 3
152 48 3
152 52 3
152 55 3
152 59 3
152 64 3
152 65 3
152 77 3
152 78 3
152 102 3
152 106 3
152 112 3
152 116 3
152 117 3
152 118 3
152 119 3
152 124 3
152 126 3
152 134 3
152 144 3
152 149 3
153 0 3
153 1 3
153 9 3
153 16 3
153 25 3
153 26 3
153 33 3
153 41 3
153 42 3
153 48 3
153 51 3
153 55 3
153 58 3
153 60 3
153 61 3
153 63 3
153 64 3
153 68 3
153 75 3
153 81 3
153 84 3
153 91 3
153 101 3
153 103 3
153 116 3
153 117 3
153 120 3
153 121 3
153 125 3
153 133 3
153 134 3
153 136 3
153 140 3
153 144 3
153 146 3
153 147 3
153 149 3
154 1 3
154 14 3
154 22 3
154 27 3
154 32 3
154 35 3
154 53 3
154 63 3
154 65 3
154 75 3
154 77 3
154 78 3
154 81 3
154 84 3
154 92 3
154 95 3
154 96 3
154 106 3
154 107 3
154 110 3
154 115 3
154 119 3
154 123 3
154 130 3
154 134 3
154 135 3
154 148 3
154 154 3
155 5 3
155 7 3
155 10 3
155 14 3
155 20 3
155 22 3
155 25 3
155 27 3
155 35 3
155 41 3
155 46 3
155 48 3
155 59 3
155 62 3
155 64 3
155 67 3
155 70 3
155 75 3
155 80 3
155 85 3
155 86 3
155 91 3
155 92 3
155 96 3
155 102 3
155 111 3
155 114 3
155 115 3
155 119 3
155 124 3
155 125 3
155 130 3
155 138 3
155 146 3
155 154 3
156 16 3
156 19 3
156 20 3
156 28 3
156 36 3
156 39 3
156 42 3
156 47 3
156 50 3
156 51 3
156 54 3
156 63 3
156 65 3
156 73 3
156 78 3
156 83 3
156 89 3
156 96 3
156 97 3
156 106 3
156 112 3
156 117 3
156 118 3
156 122 3
156 131 3
156 132 3
156 135 3
156 137 3
156 140 3
156 144 3
156 150 3
156 155 3
157 1 3
157 2 3
157 3 3
157 8 3
157 10 3
157 13 3
157 19 3
157 24 3
157 28 3
157 30 3
157 34 3
157 41 3
157 45 3
157 50 3
157 61 3
157 65 3
157 71 3
157 72 3
157 74 3
157 81 3
157 84 3
157 86 3
157 96 3
157 97 3
157 101 3
157 102 3
157 113 3
157 115 3
157 119 3
157 121 3
157 133 3
157 137 3
157 142 3
157 145 3
157 146 3
157 151 3
157 152 3
157 155 3
157 156 3
158 5 3
158 6 3
158 9 3
158 21 3
158 22 3
158 25 3
158 31 3
158 34 3
158 36 3
158 37 3
158 38 3
158 40 3
158 51 3
158 53 3
158 54 3
158 58 3
158 59 3
158 60 3
158 64 3
158 65 3
158 66 3
158 71 3
158 72 3
158 75 3
158 77 3
158 78 3
158 80 3
158 82 3
158 88 3
158 100 3
158 105 3
158 108 3
158 109 3
158 117 3
158 119 3
158 124 3
158 128 3
158 134 3
158 135 3
158 136 3
158 147 3
158 154 3
158 156 3
158 158 3
159 1 3
159 2 3
159 22 3
159 27 3
159 29 3
159 34 3
159 35 3
159 37 3
159 40 3
159 41 3
159 42 3
159 54 3
159 55 3
159 58 3
159 59 3
159 61 3
159 62 3
159 69 3
159 71 3
159 75 3
159 85 3
159 89 3
159 95 3
159 101 3
159 105 3
159 128 3
159 131 3
159 132 3
159 133 3
159 135 3
159 140 3
159 143 3
159 150 3
159 152 3
159 157 3
160 0 3
160 1 3
160 9 3
160 13 3
160 15 3
160 21 3
160 22 3
160 24 3
160 34 3
160 39 3
160 40 3
160 46 3
160 48 3
160 61 3
160 63 3
160 71 3
160 73 3
160 75 3
160 76 3
160 77 3
160 80 3
160 82 3
160 90 3
160 91 3
160 92 3
160 101 3
160 102 3
160 103 3
160 104 3
160 119 3
160 120 3
160 124 3
160 125 3
160 126 3
160 127 3
160 130 3
160 133 3
160 135 3
160 144 3
160 146 3
160 148 3
160 152 3
160 153 3
161 7 3
161 9 3
161 13 3
161 21 3
161 29 3
161 35 3
161 41 3
161 43 3
161 44 3
161 48 3
161 55 3
161 62 3
161 63 3
161 65 3
161 68 3
161 69 3
161 76 3
161 80 3
161 81 3
161 85 3
161 86 3
161 89 3
161 98 3
161 103 3
161 107 3
161 110 3
161 121 3
161 127 3
161 130 3
161 132 3
161 134 3
161 148 3
161 149 3
161 151 3
161 152 3
161 153 3
161 155 3
161 159 3
162 2 3
162 4 3
162 6 3
162 7 3
162 8 3
162 15 3
162 21 3
162 27 3
162 32 3
162 34 3
162 41 3
162 43 3
162 46 3
162 47 3
162 55 3
162 56 3
162 62 3
162 71 3
162 80 3
162 86 3
162 93 3
162 95 3
162 99 3
162 101 3
162 102 3
162 108 3
162 113 3
162 116 3
162 126 3
162 134 3
162 137 3
162 140 3
162 142 3
162 146 3
162 149 3
162 150 3
162 153 3
162 158 3
162 159 3
163 0 3
163 2 3
163 18 3
163 27 3
163 34 3
163 36 3
163 40 3
163 41 3
163 50 3
163 55 3
163 58 3
163 62 3
163 81 3
163 83 3
163 85 3
163 89 3
163 93 3
163 104 3
163 105 3
163 109 3
163 112 3
163 116 3
163 121 3
163 139 3
163 143 3
163 144 3
163 150 3
163 153 3
163 154 3
163 156 3
163 158 3
163 161 3
163 163 3
164 4 3
164 7 3
164 9 3
164 10 3
164 13 3
164 14 3
164 15 3
164 24 3
164 29 3
164 38 3
164 41 3
164 48 3
164 55 3
164 57 3
164 69 3
164 70 3
164 76 3
164 81 3
164 86 3
164 87 3
164 92 3
164 99 3
164 101 3
164 105 3
164 107 3
164 108 3
164 109 3
164 114 3
164 119 3
164 129 3
164 138 3
164 141 3
164 147 3
164 153 3
164 156 3
165 1 3
165 23 3
165 26 3
165 27 3
165 33 3
165 41 3
165 45 3
165 48 3
165 52 3
165 53 3
165 55 3
165 59 3
165 61 3
165 62 3
165 65 3
165 67 3
165 75 3
165 79 3
165 88 3
165 92 3
165 95 3
165 100 3
165 101 3
165 104 3
165 107 3
165 114 3
165 118 3
165 119 3
165 120 3
165 123 3
165 126 3
165 127 3
165 139 3
165 140 3
165 144 3
165 150 3
165 152 3
165 153 3
165 154 3
165 155 3
165 157 3
165 160 3
166 1 3
166 2 3
166 3 3
166 8 3
166 9 3
166 20 3
166 21 3
166 23 3
166 34 3
166 36 3
166 38 3
166 44 3
166 54 3
166 55 3
166 59 3
166 70 3
166 73 3
166 77 3
166 80 3
166 82 3
166 85 3
166 88 3
166 96 3
166 99 3
166 101 3
166 103 3
166 105 3
166 118 3
166 122 3
166 129 3
166 132 3
166 133 3
166 143 3
166 146 3
166 158 3
166 159 3
166 160 3
166 161 3
166 163 3
166 164 3
166 166 3
167 1 3
167 2 3
167 6 3
167 10 3
167 16 3
167 21 3
167 22 3
167 24 3
167 28 3
167 29 3
167 41 3
167 42 3
167 51 3
167 52 3
167 53 3
167 56 3
167 58 3
167 59 3
167 66 3
167 69 3
167 77 3
167 78 3
167 80 3
167 84 3
167 90 3
167 94 3
167 102 3
167 110 3
167 111 3
167 142 3
167 150 3
167 155 3
167 164 3
168 0 3
168 4 3
168 7 3
168 9 3
168 10 3
168 16 3
168 17 3
168 23 3
168 29 3
168 30 3
168 34 3
168 40 3
168 44 3
168 49 3
168 51 3
168 55 3
168 69 3
168 71 3
168 76 3
168 88 3
168 90 3
168 94 3
168 98 3
168 101 3
168 102 3
168 105 3
168 112 3
168 124 3
168 132 3
168 138 3
168 141 3
168 151 3
168 152 3
168 158 3
168 160 3
168 167 3
169 5 3
169 8 3
169 21 3
169 23 3
169 24 3
169 25 3
169 28 3
169 37 3
169 41 3
169 46 3
169 49 3
169 52 3
169 53 3
169 56 3
169 64 3
169 69 3
169 72 3
169 74 3
169 78 3
169 79 3
169 81 3
169 86 3
169 91 3
169 94 3
169 95 3
169 100 3
169 101 3
169 106 3
169 108 3
169 111 3
169 114 3
169 115 3
169 120 3
169 122 3
169 123 3
169 135 3
169 136 3
169 138 3
169 145 3
169 150 3
169 162 3
169 163 3
169 165 3
169 166 3
170 14 3
170 16 3
170 20 3
170 23 3
170 27 3
170 28 3
170 30 3
170 32 3
170 42 3
170 46 3
170 47 3
170 49 3
170 53 3
170 56 3
170 59 3
170 61 3
170 64 3
170 68 3
170 81 3
170 82 3
170 87 3
170 89 3
170 91 3
170 94 3
170 96 3
170 98 3
170 108 3
170 112 3
170 115 3
170 120 3
170 130 3
170 132 3
170 133 3
170 136 3
170 138 3
170 140 3
170 142 3
170 144 3
170 153 3
170 157 3
170 160 3
170 161 3
170 163 3
171 1 3
171 5 3
171 7 3
171 11 3
171 15 3
171 17 3
171 22 3
171 35 3
171 38 3
171 42 3
171 48 3
171 64 3
171 66 3
171 71 3
171 74 3
171 77 3
171 83 3
171 91 3
171 103 3
171 109 3
171 110 3
171 119 3
171 123 3
171 125 3
171 128 3
171 131 3
171 136 3
171 138 3
171 140 3
171 142 3
171 147 3
171 150 3
171 165 3
172 5 3
172 6 3
172 7 3
172 13 3
172 15 3
172 20 3
172 25 3
172 32 3
172 34 3
172 35 3
172 38 3
172 40 3
172 44 3
172 45 3
172 50 3
172 54 3
172 63 3
172 65 3
172 78 3
172 79 3
172 80 3
172 86 3
172 87 3
172 89 3
172 100 3
172 109 3
172 115 3
172 128 3
172 131 3
172 138 3
172 140 3
172 145 3
172 147 3
172 150 3
172 151 3
172 159 3
172 161 3
172 165 3
172 166 3
172 172 3
173 6 3
173 7 3
173 11 3
173 14 3
173 20 3
173 36 3
173 37 3
173 38 3
173 42 3
173 50 3
173 54 3
173 57 3
173 60 3
173 61 3
173 70 3
173 81 3
173 85 3
173 91 3
173 95 3
173 103 3
173 105 3
173 107 3
173 110 3
173 117 3
173 135 3
173 137 3
173 139 3
173 148 3
173 154 3
173 156 3
173 158 3
173 172 3
174 3 3
174 10 3
174 11 3
174 13 3
174 16 3
174 19 3
174 21 3
174 23 3
174 26 3
174 34 3
174 36 3
174 45 3
174 51 3
174 54 3
174 56 3
174 71 3
174 72 3
174 76 3
174 80 3
174 88 3
174 93 3
174 94 3
174 95 3
174 100 3
174 108 3
174 115 3
174 119 3
174 123 3
174 124 3
174 129 3
174 132 3
174 138 3
174 146 3
174 149 3
174 151 3
174 153 3
174 156 3
174 167 3
174 168 3
175 15 3
175 17 3
175 19 3
175 38 3
175 41 3
175 52 3
175 53 3
175 54 3
175 60 3
175 64 3
175 74 3
175 75 3
175 76 3
175 82 3
175 85 3
175 88 3
175 93 3
175 96 3
175 104 3
175 111 3
175 122 3
175 126 3
175 134 3
175 136 3
175 137 3
175 141 3
175 149 3
175 155 3
175 156 3
175 161 3
175 164 3
175 166 3
176 2 3
176 4 3
176 5 3
176 6 3
176 7 3
176 12 3
176 15 3
176 21 3
176 25 3
176 31 3
176 39 3
176 46 3
176 49 3
176 53 3
176 54 3
176 56 3
176 62 3
176 71 3
176 74 3
176 77 3
176 78 3
176 83 3
176 84 3
176 85 3
176 86 3
176 96 3
176 98 3
176 99 3
176 101 3
176 103 3
176 106 3
176 107 3
176 117 3
176 118 3
176 119 3
176 120 3
176 127 3
176 129 3
176 132 3
176 133 3
176 138 3
176 139 3
176 140 3
176 143 3
176 144 3
176 150 3
176 153 3
176 155 3
176 157 3
176 162 3
176 163 3
176 166 3
176 171 3
176 174 3
177 4 3
177 7 3
177 8 3
177 14 3
177 18 3
177 25 3
177 27 3
177 32 3
177 37 3
177 38 3
177 39 3
177 42 3
177 43 3
177 51 3
177 53 3
177 55 3
177 56 3
177 58 3
177 76 3
177 77 3
177 82 3
177 86 3
177 88 3
177 91 3
177 93 3
177 94 3
177 97 3
177 108 3
177 111 3
177 112 3
177 121 3
177 125 3
177 126 3
177 127 3
177 130 3
177 135 3
177 137 3
177 139 3
177 140 3
177 142 3
177 144 3
177 145 3
177 148 3
177 153 3
177 156 3
177 157 3
177 159 3
177 160 3
177 161 3
177 166 3
177 169 3
178 1 3
178 4 3
178 8 3
178 14 3
178 22 3
178 34 3
178 38 3
178 48 3
178 51 3
178 54 3
178 56 3
178 62 3
178 66 3
178 74 3
178 76 3
178 78 3
178 83 3
178 84 3
178 85 3
178 90 3
178 93 3
178 101 3
178 103 3
178 107 3
178 110 3
178 122 3
178 124 3
178 128 3
178 130 3
178 136 3
178 138 3
178 146 3
178 149 3
178 153 3
178 154 3
178 156 3
178 158 3
178 171 3
178 173 3
178 174 3
178 177 3
179 2 3
179 13 3
179 23 3
179 30 3
179 33 3
179 38 3
179 44 3
179 46 3
179 49 3
179 56 3
179 60 3
179 61 3
179 65 3
179 69 3
179 74 3
179 77 3
179 79 3
179 82 3
179 83 3
179 93 3
179 99 3
179 107 3
179 111 3
179 121 3
179 123 3
179 128 3
179 135 3
179 136 3
179 141 3
179 144 3
179 153 3
179 154 3
179 158 3
179 159 3
179 160 3
179 163 3
179 165 3
179 168 3
179 172 3
179 173 3
179 175 3
180 0 3
180 1 3
180 2 3
180 7 3
180 8 3
180 11 3
180 14 3
180 15 3
180 21 3
180 26 3
180 30 3
180 32 3
180 35 3
180 37 3
180 43 3
180 44 3
180 53 3
180 55 3
180 61 3
180 62 3
180 68 3
180 75 3
180 82 3
180 87 3
180 88 3
180 89 3
180 95 3
180 96 3
180 97 3
180 100 3
180 107 3
180 109 3
180 110 3
180 111 3
180 115 3
180 116 3
180 119 3
180 126 3
180 127 3
180 130 3
180 134 3
180 135 3
180 142 3
180 144 3
180 146 3
180 147 3
180 154 3
180 158 3
180 164 3
180 165 3
180 172 3
180 176 3
180 177 3
180 178 3
180 180 3
181 3 3
181 7 3
181 16 3
181 22 3
181 26 3
181 29 3
181 32 3
181 34 3
181 38 3
181 55 3
181 64 3
181 66 3
181 74 3
181 79 3
181 82 3
181 83 3
181 85 3
181 86 3
181 88 3
181 89 3
181 91 3
181 92 3
181 93 3
181 95 3
181 96 3
181 101 3
181 109 3
181 112 3
181 121 3
181 122 3
181 123 3
181 124 3
181 131 3
181 134 3
181 139 3
181 141 3
181 147 3
181 150 3
181 152 3
181 159 3
181 162 3
181 168 3
181 174 3
181 175 3
181 179 3
182 5 3
182 7 3
182 11 3
182 12 3
182 18 3
182 19 3
182 21 3
182 24 3
182 28 3
182 34 3
182 39 3
182 42 3
182 43 3
182 44 3
182 50 3
182 59 3
182 71 3
182 74 3
182 75 3
182 76 3
182 80 3
182 82 3
182 84 3
182 89 3
182 92 3
182 93 3
182 94 3
182 97 3
182 99 3
182 101 3
182 103 3
182 108 3
182 110 3
182 116 3
182 122 3
182 126 3
182 130 3
182 131 3
182 133 3
182 139 3
182 141 3
182 143 3
182 151 3
182 154 3
182 167 3
182 171 3
182 173 3
182 174 3
182 177 3
183 4 3
183 9 3
183 15 3
183 17 3
183 21 3
183 24 3
183 34 3
183 44 3
183 49 3
183 50 3
183 51 3
183 54 3
183 57 3
183 60 3
183 69 3
183 84 3
183 91 3
183 95 3
183 102 3
183 104 3
183 111 3
183 112 3
183 114 3
183 115 3
183 119 3
183 126 3
183 127 3
183 137 3
183 142 3
183 143 3
183 145 3
183 147 3
183 148 3
183 155 3
183 163 3
183 169 3
183 171 3
183 177 3
183 179 3
184 0 3
184 4 3
184 7 3
184 9 3
184 15 3
184 21 3
184 25 3
184 30 3
184 36 3
184 40 3
184 41 3
184 44 3
184 50 3
184 54 3
184 56 3
184 67 3
184 72 3
184 73 3
184 74 3
184 75 3
184 77 3
184 85 3
184 87 3
184 90 3
184 91 3
184 92 3
184 93 3
184 100 3
184 101 3
184 102 3
184 107 3
184 108 3
184 109 3
184 111 3
184 113 3
184 119 3
184 123 3
184 130 3
184 135 3
184 139 3
184 145 3
184 147 3
184 148 3
184 153 3
184 155 3
184 158 3
184 168 3
184 169 3
184 170 3
185 1 3
185 4 3
185 9 3
185 11 3
185 12 3
185 16 3
185 17 3
185 18 3
185 26 3
185 28 3
185 29 3
185 30 3
185 31 3
185 37 3
185 40 3
185 46 3
185 51 3
185 53 3
185 55 3
185 70 3
185 80 3
185 83 3
185 87 3
185 92 3
185 94 3
185 104 3
185 108 3
185 110 3
185 115 3
185 116 3
185 117 3
185 120 3
185 125 3
185 132 3
185 136 3
185 148 3
185 150 3
185 151 3
185 160 3
185 170 3
185 172 3
185 175 3
185 178 3
185 181 3
186 0 3
186 1 3
186 2 3
186 15 3
186 16 3
186 18 3
186 23 3
186 35 3
186 47 3
186 66 3
186 68 3
186 69 3
186 72 3
186 89 3
186 90 3
186 93 3
186 94 3
186 98 3
186 106 3
186 107 3
186 115 3
186 120 3
186 122 3
186 123 3
186 126 3
186 129 3
186 134 3
186 137 3
186 138 3
186 140 3
186 146 3
186 152 3
186 157 3
186 161 3
186 165 3
186 169 3
186 177 3
186 182 3
186 183 3
186 184 3
186 186 3
187 12 3
187 17 3
187 19 3
187 21 3
187 35 3
187 42 3
187 48 3
187 50 3
187 55 3
187 59 3
187 63 3
187 64 3
187 65 3
187 67 3
187 76 3
187 80 3
187 82 3
187 84 3
187 89 3
187 91 3
187 92 3
187 94 3
187 97 3
187 101 3
187 111 3
187 112 3
187 113 3
187 116 3
187 118 3
187 120 3
187 123 3
187 126 3
187 133 3
187 143 3
187 153 3
187 172 3
187 173 3
187 183 3
188 8 3
188 14 3
188 26 3
188 32 3
188 35 3
188 45 3
188 49 3
188 50 3
188 55 3
188 56 3
188 58 3
188 59 3
188 63 3
188 67 3
188 82 3
188 85 3
188 87 3
188 88 3
188 90 3
188 94 3
188 104 3
188 108 3
188 112 3
188 113 3
188 114 3
188 115 3
188 118 3
188 119 3
188 125 3
188 126 3
188 129 3
188 136 3
188 137 3
188 138 3
188 140 3
188 144 3
188 150 3
188 156 3
188 160 3
188 168 3
188 170 3
188 178 3
188 186 3
188 187 3
189 2 3
189 3 3
189 7 3
189 10 3
189 12 3
189 20 3
189 27 3
189 28 3
189 39 3
189 52 3
189 61 3
189 62 3
189 66 3
189 74 3
189 77 3
189 79 3
189 88 3
189 89 3
189 96 3
189 97 3
189 99 3
189 100 3
189 105 3
189 109 3
189 110 3
189 111 3
189 117 3
189 124 3
189 126 3
189 130 3
189 131 3
189 133 3
189 135 3
189 142 3
189 149 3
189 151 3
189 152 3
189 156 3
189 163 3
189 169 3
189 179 3
189 181 3
189 182 3
189 184 3
189 188 3
190 2 3
190 4 3
190 6 3
190 7 3
190 9 3
190 10 3
190 12 3
190 14 3
190 20 3
190 21 3
190 31 3
190 34 3
190 40 3
190 48 3
190 58 3
190 59 3
190 62 3
190 64 3
190 65 3
190 67 3
190 69 3
190 70 3
190 75 3
190 80 3
190 84 3
190 88 3
190 93 3
190 96 3
190 99 3
190 106 3
190 109 3
190 111 3
190 115 3
190 116 3
190 118 3
190 125 3
190 133 3
190 141 3
190 143 3
190 145 3
190 156 3
190 162 3
190 172 3
190 180 3
190 187 3
191 4 3
191 8 3
191 13 3
191 16 3
191 19 3
191 22 3
191 27 3
191 28 3
191 31 3
191 34 3
191 37 3
191 38 3
191 40 3
191 44 3
191 46 3
191 51 3
191 57 3
191 63 3
191 68 3
191 69 3
191 84 3
191 87 3
191 88 3
191 91 3
191 93 3
191 95 3
191 104 3
191 105 3
191 109 3
191 111 3
191 119 3
191 127 3
191 128 3
191 129 3
191 135 3
191 136 3
191 138 3
191 144 3
191 146 3
191 148 3
191 153 3
191 155 3
191 157 3
191 158 3
191 159 3
191 160 3
191 161 3
191 162 3
191 169 3
191 174 3
191 176 3
191 178 3
191 188 3
192 1 3
192 3 3
192 6 3
192 11 3
192 14 3
192 22 3
192 25 3
192 28 3
192 37 3
192 41 3
192 48 3
192 54 3
192 58 3
192 62 3
192 65 3
192 68 3
192 70 3
192 71 3
192 80 3
192 84 3
192 86 3
192 97 3
192 109 3
192 118 3
192 121 3
192 130 3
192 136 3
192 139 3
192 146 3
192 152 3
192 155 3
192 165 3
192 166 3
192 169 3
192 172 3
192 178 3
192 182 3
192 183 3
192 184 3
192 187 3
192 188 3
193 2 3
193 10 3
193 16 3
193 17 3
193 22 3
193 23 3
193 29 3
193 30 3
193 33 3
193 35 3
193 42 3
193 52 3
193 54 3
193 57 3
193 58 3
193 60 3
193 63 3
193 64 3
193 69 3
193 70 3
193 78 3
193 80 3
193 82 3
193 84 3
193 85 3
193 100 3
193 101 3
193 103 3
193 104 3
193 105 3
193 106 3
193 107 3
193 116 3
193 118 3
193 122 3
193 123 3
193 137 3
193 145 3
193 149 3
193 152 3
193 153 3
193 154 3
193 162 3
193 167 3
193 169 3
193 171 3
193 174 3
193 182 3
193 184 3
193 190 3
193 191 3
193 193 3
194 1 3
194 6 3
194 9 3
194 14 3
194 19 3
194 23 3
194 24 3
194 37 3
194 49 3
194 53 3
194 54 3
194 56 3
194 63 3
194 76 3
194 77 3
194 79 3
194 85 3
194 87 3
194 89 3
194 90 3
194 93 3
194 99 3
194 100 3
194 110 3
194 111 3
194 119 3
194 120 3
194 124 3
194 125 3
194 126 3
194 132 3
194 133 3
194 138 3
194 145 3
194 147 3
194 148 3
194 151 3
194 155 3
194 157 3
194 158 3
194 165 3
194 166 3
194 169 3
194 170 3
194 173 3
194 175 3
194 181 3
194 182 3
194 184 3
194 187 3
194 188 3
194 193 3
195 0 3
195 7 3
195 9 3
195 11 3
195 14 3
195 20 3
195 25 3
195 27 3
195 29 3
195 31 3
195 34 3
195 41 3
195 54 3
195 66 3
195 69 3
195 72 3
195 73 3
195 79 3
195 82 3
195 84 3
195 85 3
195 86 3
195 87 3
195 97 3
195 113 3
195 118 3
195 121 3
195 128 3
195 132 3
195 134 3
195 143 3
195 147 3
195 148 3
195 149 3
195 158 3
195 166 3
195 168 3
195 169 3
195 172 3
195 185 3
195 193 3
195 194 3
195 195 3
196 0 3
196 10 3
196 20 3
196 24 3
196 31 3
196 34 3
196 38 3
196 43 3
196 49 3
196 68 3
196 80 3
196 84 3
196 92 3
196 94 3
196 97 3
196 103 3
196 106 3
196 107 3
196 110 3
196 112 3
196 113 3
196 114 3
196 115 3
196 127 3
196 135 3
196 137 3
196 146 3
196 151 3
196 158 3
196 161 3
196 163 3
196 167 3
196 174 3
196 177 3
196 181 3
196 185 3
196 190 3
197 4 3
197 5 3
197 10 3
197 11 3
197 15 3
197 24 3
197 29 3
197 36 3
197 38 3
197 41 3
197 42 3
197 46 3
197 51 3
197 66 3
197 68 3
197 69 3
197 78 3
197 79 3
197 80 3
197 87 3
197 89 3
197 95 3
197 97 3
197 102 3
197 109 3
197 112 3
197 119 3
197 124 3
197 130 3
197 139 3
197 142 3
197 143 3
197 144 3
197 152 3
197 162 3
197 172 3
197 174 3
197 178 3
197 184 3
197 188 3
197 192 3
197 195 3
197 197 3
198 6 3
198 12 3
198 13 3
198 18 3
198 31 3
198 32 3
198 35 3
198 41 3
198 49 3
198 50 3
198 56 3
198 67 3
198 74 3
198 76 3
198 77 3
198 78 3
198 82 3
198 83 3
198 87 3
198 92 3
198 97 3
198 101 3
198 102 3
198 103 3
198 106 3
198 112 3
198 115 3
198 118 3
198 119 3
198 121 3
198 127 3
198 129 3
198 130 3
198 133 3
198 138 3
198 140 3
198 142 3
198 154 3
198 157 3
198 161 3
198 165 3
198 166 3
198 169 3
198 175 3
198 176 3
198 186 3
198 188 3
198 190 3
198 196 3
199 6 3
199 14 3
199 17 3
199 18 3
199 19 3
199 26 3
199 30 3
199 36 3
199 40 3
199 43 3
199 47 3
199 48 3
199 53 3
199 59 3
199 69 3
199 72 3
199 73 3
199 75 3
199 78 3
199 82 3
199 95 3
199 102 3
199 105 3
199 108 3
199 109 3
199 115 3
199 119 3
199 121 3
199 122 3
199 127 3
199 139 3
199 150 3
199 157 3
199 166 3
199 181 3
199 187 3
199 194 3
