327 9
0 0.3214329 0.6593575 -0.0077743195 0.77661115 1.0402325 0.23519105 0.38258055 -0.21633846 -1.1097566
1 0.43805045 0.5535459 -0.8194668 0.042566005 1.0553229 0.44922617 0.845826 -0.9901792 -0.18027335
2 0.43417633 -0.1514489 1.3987463 -0.26277113 -0.07107546 1.210354 0.53898185 -0.6726378 -0.64960504
3 0.32344005 -0.524117 -0.24066101 0.6867869 -0.07569393 1.0023458 0.85191417 0.8628598 -0.45470122
4 1.1179614 -0.16644034 0.054567784 -0.13012168 0.2369479 2.1843581 -0.17383838 0.08136185 0.04585183
5 0.75153464 0.09946115 0.2581661 0.1016578 -0.11356406 0.6983803 1.897498 0.7222071 0.055134974
6 -0.58358157 0.98559254 0.5143536 -0.6964917 0.2286277 1.0107425 0.719173 0.5606898 -0.80494285
7 0.69949496 0.1885493 0.34745657 0.25178277 -0.102704555 0.786625 2.0235305 0.4290569 0.18960187
8 0.1132496 0.7102273 -0.7218115 -0.2537715 1.1825919 0.6543712 0.7499164 -1.1390265 -0.053341564
9 0.49847245 0.7704283 -0.69494855 -0.22790866 0.9639306 0.6077304 0.53661835 -0.9596512 -0.098412275
10 0.7744263 0.0025666093 1.6469843 -0.20383325 -0.12488789 1.0951538 0.6014528 -0.5243563 -0.7279107
11 0.0053751864 -0.07844477 -0.09188232 0.06713545 -0.09278323 -0.06199761 0.06200139 -0.005403903 -0.033937387
12 -0.23271914 0.49686256 -0.31969 0.08391915 -0.646406 0.9808905 0.7059917 0.1540134 -1.601494
13 0.5228535 0.8692148 -0.114150226 0.8153452 1.3981482 0.37055436 0.3699604 -0.4510043 -0.7816831
14 0.032478582 0.5207014 -0.09193994 0.2239019 -0.4871696 0.8147551 0.4803274 -0.014629513 -1.3132464
15 0.5291267 0.067312546 0.09850553 0.28350818 0.29548576 0.54285187 1.3208941 0.7093296 0.012973681
16 0.21883246 0.26511225 -0.4884203 0.7867685 1.3187286 0.4593986 0.92565936 -1.0935028 -0.39256772
17 0.4062349 0.01064107 1.2506465 -0.29782045 0.015553319 1.0506692 0.58206326 -0.8983274 -0.41522288
18 0.5206488 -0.05328517 -0.37394184 0.34720695 -0.14983818 0.9336148 1.4333211 1.0528781 -0.10718353
19 -0.54859215 0.60765487 -0.15389125 0.09048805 -0.55897295 0.97867024 0.84707594 -0.08429734 -1.3971089
20 0.7512715 0.59690803 -0.049340885 0.8202582 1.2442256 0.104306914 0.44588834 -0.41305348 -1.1039501
21 0.8724202 -0.5472464 -0.19504607 -0.14489678 0.2207978 2.1089394 0.17251623 0.16444397 0.14110026
22 0.31535494 0.3356042 -0.9089028 0.33200872 1.0344478 0.69160056 0.5940173 -0.9034664 -0.16233175
23 0.074200615 -0.011720274 0.10103288 0.017298844 -0.02193235 -0.07327722 0.07193225 -0.100773364 -0.021073394
24 0.43019563 0.55385214 0.021675467 0.8510219 1.3120513 0.2895414 0.49454972 -0.41537488 -0.8508588
25 1.4649951 0.7075194 -0.8084516 -0.7584345 0.56050086 0.13901529 0.83132386 -0.6860158 -0.48908296
26 0.34593132 1.0044316 -0.46308362 0.13964678 1.0738454 0.31651783 0.34174392 0.34041098 -0.68174845
27 0.58843064 -0.030899547 0.18628848 0.24694036 0.06171961 0.7924079 1.8974931 0.83852327 0.09387639
28 1.2062901 0.43363923 -0.88615906 -0.43603352 0.6810004 0.23993744 0.5895221 -0.44598693 -0.53968585
29 0.7482757 -0.035948478 0.13051261 0.26645544 0.273762 0.45814785 1.660547 0.64021003 0.021887898
30 0.6441034 0.35264012 0.26384464 0.38364926 0.16822237 0.590528 1.8062111 0.6119139 0.21975161
31 0.39809254 -0.06083228 -0.20627668 0.3110917 0.16779886 1.9371504 -0.075710244 0.19268288 0.04200694
32 1.0077739 -0.3801389 0.6625221 0.7683163 0.4525217 1.1577852 1.471402 0.6968335 0.33907914
33 0.6800782 0.35762647 0.19296962 0.53378856 -0.17428009 0.4139866 1.7174522 0.6074419 -0.24141091
34 0.79810995 0.08725626 1.4148593 -0.47830325 -0.1945221 0.87303674 0.5393584 -0.7094111 -0.93054396
35 0.49592042 0.005618196 0.2667041 0.17255211 0.0705123 0.88132286 1.7826524 0.77354014 0.1862526
36 0.34503064 0.91494644 -0.12613627 0.436323 1.5307764 0.52352715 0.17788763 -0.0504158 -0.4769185
37 -0.50462264 0.023261005 0.2733513 -0.24518123 0.53076917 0.87685597 0.9656291 0.67132235 -0.48620006
38 0.16138701 0.60371625 -0.20987579 0.1832846 0.8074983 0.24499458 0.33648652 -0.43269697 -1.0781165
39 1.1285113 0.23915179 -1.1397846 -0.6479718 0.8633091 0.34219676 0.23588566 0.083762415 -0.9920975
40 0.8797701 -0.20010464 -0.5380401 0.547052 -0.1576685 1.7413666 -0.027979927 -0.47328317 -0.21859846
41 0.7829786 -0.28118673 -0.19510452 0.26665342 0.35713178 2.1344213 -0.09811099 0.17622276 0.035272725
42 0.529551 0.7732678 -0.047154017 0.8184138 1.1898009 0.23611784 0.41331187 -0.28433743 -0.9883764
43 0.6673414 0.89414173 0.029922817 0.73458725 1.0625436 0.31165594 0.32309785 -0.031211458 -0.8331436
44 0.5061132 0.30073857 0.19333172 0.24103643 -0.06977648 0.5652661 1.9824836 0.096707396 0.34803563
45 0.31521934 0.7539645 -0.020398948 0.6762006 1.1913403 0.39333117 0.3384656 -0.040750984 -0.488114
46 0.761624 0.29428026 -1.0174294 -0.46426257 0.8990435 0.2145234 0.73233235 -0.22699213 -0.57333845
47 0.19060375 0.09039406 1.0207663 -0.55039436 0.09956521 0.9363317 0.5345966 -0.96454686 -0.54725623
48 0.9116452 -0.5920211 0.2338271 0.043543644 -0.21369174 1.7751 0.6326326 -0.029987933 0.26050103
49 0.50252414 1.0225254 -0.17841054 0.61727136 0.9608906 0.33703575 0.25396004 -0.17446154 -0.7722108
50 1.141082 -0.35752997 0.46111983 0.8483996 0.6584033 0.9215802 1.2548652 0.38435555 0.38201502
51 1.147631 0.29470515 -0.6048232 -1.0424082 0.88283247 -0.02939261 0.6445585 -0.18099144 -0.87739396
52 0.30140895 0.7294334 -1.0029114 -0.16164692 0.6216374 0.5122181 0.8512384 -0.8342663 -0.1819941
53 -1.1274692 0.09810224 0.26046753 -0.8904381 1.2862859 1.218962 0.86883795 0.33823255 -0.7261346
54 -0.26100457 0.5321105 -0.21176235 -0.084057964 -0.580704 0.89414746 0.707029 0.18486977 -1.627543
55 -0.052652586 0.46118802 -0.74118763 -0.088610105 -0.7263083 1.3244456 0.29332983 0.028781513 -1.0734774
56 -0.0601556 0.6937677 -0.49863806 0.38275123 -0.8869369 1.268136 0.63132256 0.22928049 -1.437746
57 0.42516845 0.42631733 -0.6156881 -0.00981445 0.7335556 0.6138133 0.69719046 -1.0317979 -0.017858583
58 0.55638176 0.16955782 -0.83599937 0.20531358 0.8794259 0.5732127 0.95786834 -0.8582054 0.15858305
59 0.65385705 0.75689375 -0.0035871405 0.89174217 1.1450568 0.11543192 0.6091903 -0.38015926 -0.84616184
60 0.17059183 1.0759058 -0.569085 -0.28555998 1.0215999 0.67203546 0.48866668 -1.1521432 -0.25990862
61 0.62521416 0.39152247 0.28505093 0.018687118 -0.44943523 0.802162 1.7114358 0.7344089 0.003395868
62 0.21844895 0.9339438 -0.16928402 0.03925681 1.3798398 0.43560618 0.68015736 -0.8432391 -0.12936907
63 0.88029534 0.15042478 -0.21319808 0.059992667 0.36034518 2.0242255 -0.15615451 0.07695479 0.26307532
64 0.99495244 0.43049914 -0.92357975 -0.56943655 0.9064234 0.13343795 0.7740938 -0.39916706 -0.506437
65 0.5596648 0.5063981 0.18036062 0.516062 1.0733153 0.2671622 0.4270445 -0.6295427 -0.66155505
66 0.83756644 -0.1399137 -0.26455426 0.13640887 0.4590768 2.193258 -0.11461153 -0.034985647 0.21024415
67 0.23821855 0.8417824 -0.746736 -0.20682015 1.0227866 0.5436572 0.7087277 -1.0566272 -0.22858918
68 1.0620434 -0.18342474 0.23949564 -0.15928896 0.07072818 1.8099856 -0.20294872 -0.7293553 -0.18734467
69 0.86452776 -0.055819813 0.032517146 0.2161852 0.2655449 1.8363917 -0.33710092 -0.76895577 -0.17065606
70 0.9436013 0.24502291 0.5379936 0.21716322 -0.22111732 1.1835752 1.4055008 0.3615997 0.5198122
71 0.4453176 0.63095206 -0.29077563 0.8841141 1.3261683 0.46592015 0.40958506 -0.589117 -0.63389665
72 0.54725075 0.7403645 -0.0991862 0.5902595 1.3539946 0.24714129 0.38482508 -0.25665605 -0.8675632
73 0.68922067 0.1072825 0.21901013 0.1738474 -0.13315158 0.7875582 2.070288 0.7969831 0.078057446
74 -0.1229556 0.5190312 -0.38836545 0.25919685 -0.6665906 0.9629673 0.5791316 -0.017044703 -1.5547038
75 0.6234143 0.3198066 -0.25583938 0.50242585 1.0346805 0.19448772 0.6398056 -0.45804664 -0.64205945
76 0.7553536 0.8424726 0.16788642 0.89153856 1.1200492 0.08526792 0.5751222 -0.48599532 -1.0663453
77 0.9505073 -0.38997927 -0.19653621 -0.32258895 0.33239326 2.350698 -0.078424565 0.13402961 0.055654217
78 0.16085884 0.2867875 0.5471762 0.11358897 0.12974876 0.77654994 1.4061513 0.7381753 -0.13003498
79 0.6604345 -0.14919096 0.50509846 0.2062948 0.033183284 1.1005819 1.6208528 0.6363399 0.27130726
80 0.7573305 -0.15507656 -0.6241484 0.61093825 0.4089622 1.7552935 -0.26841336 -0.5850382 -0.1315034
81 0.8346796 -0.0020487355 -0.8236351 0.22163372 0.21581262 1.6653169 -0.21550444 -0.64498246 -0.22655669
82 -0.377291 0.6701314 -0.3175946 0.31004173 -0.39058357 1.0972329 0.5548085 0.33648032 -1.2506125
83 -0.16363601 0.46560353 -0.26825503 0.02937993 -0.6834125 1.0424126 0.5899567 0.06547561 -1.5887624
84 0.922069 -0.094804004 -0.040581327 -0.22892037 0.55781686 2.2839613 -0.1552312 0.14472555 0.23817721
85 0.21675877 0.5324916 -0.8841047 0.007952604 1.1156831 0.6838835 0.87239605 -1.2129672 -0.042716645
86 0.9220341 0.05116789 1.6257448 -0.026720798 0.031925227 0.846493 0.88503635 -0.3576925 -0.44953912
87 0.7378435 0.24292408 0.29049116 0.28944257 -0.025096627 0.64890337 1.8830945 0.8105194 0.067972325
88 -0.8328093 0.8362864 0.11701034 -0.89308125 0.7084046 1.4317083 0.39536723 0.6941604 -0.60573006
89 -0.03731428 -0.11002759 0.021601345 -0.044315204 -0.030096702 0.05751656 0.084433585 0.04870918 -0.0757824
90 0.46246493 1.0255733 -0.36355084 0.71771413 1.0509101 0.3425298 0.37812456 0.047777813 -0.6769953
91 0.9127232 -0.22355686 1.0764542 -0.20251325 -0.0103412615 1.2225854 0.29949543 -0.6181001 -0.38774356
92 0.6581259 -0.11382491 0.19860877 0.1613836 -0.20936523 1.1964613 1.8589661 0.6015076 0.34020567
93 -0.04236415 0.64200103 -0.2553861 0.47464684 -0.6132229 1.0050452 0.5873384 0.20707406 -1.3085709
94 0.031858478 0.36281562 -0.34734866 0.49129072 -0.6276443 1.0698224 0.4933799 0.16475528 -1.1151106
95 0.49897924 -0.29874036 1.3744011 -0.22762674 0.072544016 0.9380314 0.64413625 -0.66977614 -0.9742415
96 0.57228404 -0.057182282 1.0884887 -0.3253197 0.053444155 1.2693841 0.122303635 -0.9294195 -0.7314735
97 0.59350514 0.68576854 -0.015182427 0.7277591 1.2708651 0.2263234 0.44948637 -0.4748317 -1.0696768
98 0.76527196 -0.065023646 0.38676715 0.4568644 0.16427597 0.69915235 1.8476081 0.5864776 0.09322722
99 0.9566782 0.025148477 0.12118974 0.02517646 0.15185584 2.1883216 0.1309331 0.24232663 0.36382857
100 0.84159243 0.59058166 0.14409278 0.362656 1.058325 0.37199864 0.24098277 -0.3987327 -0.47382727
101 1.0560701 -0.21581534 0.25280485 -0.26495367 0.3244836 2.224553 -0.124238916 -0.2680487 0.1704336
102 0.13457511 0.1791816 -0.8319479 0.4920783 1.153181 0.6429755 0.9139796 -1.0657873 -0.26289397
103 1.1914642 -0.14775947 0.22169729 -0.011905357 0.072742715 2.1429925 -0.1063672 -0.22342488 0.08407987
104 0.67643327 0.89994377 -0.09427026 1.0915178 1.3672765 0.20933114 0.51210994 -0.39493853 -1.1299434
105 1.005018 -0.12995532 0.15534468 -0.09432789 0.37949213 2.2198973 -0.19800286 -0.048018157 0.0040806555
106 0.255441 0.41794655 -0.847896 0.4109819 1.0249827 0.7802491 0.72644174 -1.1587088 -0.03855259
107 1.3199391 0.026740156 0.13777354 0.001984161 0.19124827 2.2750866 -0.1562364 0.0021521824 0.15681107
108 0.47411954 0.4426109 -0.19901508 -0.1649203 1.1992604 0.3130948 0.29872876 -0.7405875 -0.7169897
109 -1.1467061 -0.036370818 -0.049378302 -0.8517497 1.1308726 1.2768626 0.70996094 0.24300511 -0.78878874
110 0.45432308 0.16618416 -0.50927013 0.33624735 0.7813708 0.46958748 0.510576 -0.18296807 -0.27171597
111 1.2423584 -0.09750768 0.16075005 -0.23584558 0.27934134 2.301997 -0.07151518 0.040005885 0.28599653
112 -0.8678591 0.7303015 0.24839464 -0.70793897 0.5804668 1.6816579 0.46491504 0.8891729 -0.69126976
113 -0.6926422 0.6934771 0.31197044 -0.18811168 0.2850293 0.9024454 0.92243874 0.62800616 -0.54827136
114 -0.8726459 0.5453409 -0.19027266 -0.69421136 1.064755 0.84353954 0.26132601 -0.10203563 -1.0758139
115 0.54041135 -0.11459733 0.25983253 -0.33923125 0.06094473 0.44798136 1.7960817 0.5731745 -0.10716751
116 -0.8218394 1.0579692 0.22911051 -0.6014429 0.3881288 1.504349 0.5600827 0.8563631 -0.7776545
117 -0.23451166 0.12162482 -0.9023471 0.050987147 1.2772 0.8114201 1.0574242 -1.121675 0.018390244
118 0.20355494 0.524822 0.9398438 -0.4431364 0.28022557 0.8114676 0.33062783 -0.9677668 -0.36828983
119 0.9228904 -0.33924127 -0.15825981 0.5305941 0.34216568 0.6862887 1.0982699 0.6273675 0.086728826
120 0.60634655 0.093348645 -0.89432496 0.53249526 0.6529804 1.235222 0.016779412 -0.8759988 -0.18361248
121 0.7474019 -0.21687013 0.46905348 0.08219347 -0.010551762 0.6160527 1.9114405 0.5631498 -0.1013965
122 0.34159157 -0.28427845 1.2534178 -0.24256358 -0.045848943 1.0593002 0.48561406 -0.6377852 -0.8744259
123 0.03681714 0.79884297 -0.4851797 -0.41202232 1.0298753 0.6744572 0.5438992 -1.0225765 -0.20216843
124 0.705436 -0.03295603 1.2421756 -0.067655995 0.24436101 1.0431535 0.29034555 -0.6228302 -0.40169343
125 0.8340459 -0.27347884 -0.03808447 -0.044140294 0.43951252 2.261158 -0.05311258 0.088327944 0.21895273
126 0.43483177 0.3994694 -0.7882008 0.37967932 1.2428653 0.5332324 0.90197814 -0.7975501 0.025497433
127 0.59775734 0.22212397 0.016224511 0.2371675 0.858879 2.073796 -0.20560208 -0.1553535 0.45394155
128 0.6251547 0.8662378 -0.45358685 0.64728934 1.2624182 0.22144075 0.44679847 -0.1655094 -0.83162355
129 0.22648789 0.36868522 -0.7692463 0.17903635 1.2092544 0.60160697 0.7866474 -0.9708414 -0.11317691
130 1.3384404 -0.40946826 -0.06706124 -0.54629904 0.2870372 1.945377 0.040938005 -0.07154694 0.10434937
131 0.56416875 0.74798554 -0.26626256 0.741771 1.4081342 0.29443967 0.32449672 -0.22906236 -1.0568502
132 -0.71476865 0.60535485 0.52758294 -0.26417497 0.51453805 1.2898036 0.7651013 0.79053915 -0.22500229
133 0.06306412 0.519591 -0.60261613 -0.05701625 1.0775348 0.61836207 0.544699 -0.85784215 -0.21762744
134 0.65774566 0.825925 -0.14619985 0.85837895 1.3677832 0.22932538 0.5068776 -0.34111428 -0.8271094
135 -0.55021673 0.9323276 0.07087021 -0.77081555 0.59413606 0.9073615 0.5173732 0.6701801 -0.7624338
136 1.0502013 -0.061864052 -0.032259308 0.0612925 0.12734014 2.2283673 -0.09661214 -0.009316646 0.15195806
137 -0.5755083 0.73554546 0.2580686 -0.057374626 0.20449108 0.9909599 0.40810648 0.5279531 -1.0509659
138 1.1064901 -0.19136338 0.8206832 0.75258845 0.442249 1.3185519 0.721643 0.2950797 0.3800581
139 0.8255165 0.06441031 -0.19041756 0.10498224 0.3254079 1.9903411 -0.15338768 -0.49993053 0.23735867
140 -0.36207342 0.7482118 -0.19164743 -0.38587183 0.21532576 1.741809 0.06588621 0.9397901 -0.36668044
141 1.4984353 0.6359787 -0.587565 -1.0572689 0.8529314 0.25240603 0.75599515 -0.7307187 -0.34372282
142 0.6720813 0.4888225 -0.70430446 -0.39035195 0.92084885 0.60183173 0.53253275 -0.9566529 -0.09384124
143 1.0287423 0.20923297 0.45315778 0.13524386 -0.4499167 1.0419515 1.7404265 0.60490143 0.18223317
144 -0.12932312 0.7499399 -0.0072534326 -0.019964742 -0.54482836 0.8562271 0.4563026 -0.062243324 -1.4181076
145 0.53953683 -0.23513296 1.2973739 0.068899654 -0.08983234 0.913199 0.9012595 -0.39124373 -0.47240406
146 0.4952193 1.0531989 -0.06769765 0.7721125 1.4353216 0.41401705 0.2225218 0.1370228 -0.70565355
147 1.2503769 0.4270187 -0.4596052 -0.9080087 0.8275662 -0.07513913 1.1547365 -0.02130924 -0.22122218
148 0.26123434 1.1672971 -0.5056155 -0.2057501 1.1812469 0.5363018 0.53944844 -0.97734123 -0.23897202
149 0.23796715 -0.124349125 1.3145438 -0.24293399 -0.14612211 0.74962175 1.128994 -0.21088654 -0.8313697
150 -0.5935508 0.7877399 0.13681799 -0.68482673 0.5732629 1.1469796 0.3820486 0.6450005 -0.65136296
151 -0.4632799 0.4587148 0.41335177 -0.60330045 0.41277614 1.4996837 0.2863719 0.7227704 -0.2623343
152 0.72292465 0.094197154 1.4615612 0.01717522 0.2775166 0.8072595 0.54712963 -0.87822306 -0.6793646
153 0.13717808 0.689932 -0.8712791 -0.12801509 1.200284 0.720354 0.7431587 -1.1422963 -0.11298406
154 1.6900127 0.4291483 -0.2643635 -0.98979443 0.6739136 0.15036955 0.50511175 -0.7373953 -0.7172936
155 0.08424629 0.08885279 -0.04760353 -0.10364512 -0.02080573 -0.041203022 0.10109566 0.032668248 -0.066423826
156 -0.65149134 0.2564295 0.00274297 -0.21149431 -0.1275116 0.9220517 0.9066815 -0.20510633 -1.0445938
157 0.53167915 0.9783262 -0.2670625 0.7371678 1.4925661 0.41944927 0.32698864 0.08178619 -0.6729499
158 0.74867094 -0.078964464 0.26099682 0.422143 -0.116174415 0.8277749 1.8737108 0.6436872 0.038787816
159 0.6959297 -0.34035107 0.11187304 0.26066494 -0.05412764 1.2390176 1.5674094 0.6391998 0.3868005
160 0.085471086 -0.028742896 0.017846584 -0.0816235 0.05531201 0.08192297 -0.103428215 -0.03642061 0.087697096
161 0.99498266 -0.28042477 0.2412564 0.7811467 0.4917032 0.6700266 0.70646787 0.4372656 -0.12165631
162 -0.39821398 0.64541465 -0.62156373 0.20085064 -0.71880686 1.2453257 0.65466034 -0.10693521 -1.4102086
163 0.14560246 0.13810082 -0.7877837 0.13457268 1.1938523 0.61201227 0.5537834 -0.81710345 -0.37568057
164 1.280949 -0.20313203 -1.4518327 -0.20532084 0.8372019 0.75867504 0.12775418 -0.23786254 -0.659829
165 -0.59297675 1.1929355 0.16789621 -0.9032316 0.4154374 1.198255 0.618115 0.86984324 -0.6872069
166 0.7318026 0.35773525 0.22337988 0.19355832 -0.08541279 0.73062724 1.9467945 0.89146405 -0.07969018
167 0.89111996 0.51504594 -1.0938926 -0.7187156 1.051235 0.17630404 0.94248426 -0.39751855 -0.42031148
168 1.0574163 0.30328408 -1.1116097 -0.46947917 0.9362783 0.13409398 0.4636682 -0.0055940994 -1.1319467
169 0.42618585 0.9608572 -0.4793102 -0.29825968 1.3043327 0.48957863 0.7056512 -0.9853745 -0.13016362
170 0.89831024 -0.12464813 0.22375247 0.24862914 0.011484327 0.8812779 1.6968514 0.75504905 0.17321455
171 -0.90105283 1.1719807 -0.39994875 -0.5869986 0.5768747 1.2498255 0.41193354 0.70278406 -1.1457121
172 1.1927729 0.034495857 -1.5339433 -0.48474428 0.73069024 0.61866874 0.29607338 -0.20981628 -0.93410903
173 0.84253865 0.14762828 -0.7394708 -0.2694731 0.82279414 0.12400578 0.57690084 -0.31581265 -0.83120036
174 0.7869239 -0.016852789 0.4984462 0.6623394 0.08890064 0.6986421 1.5624837 0.48994637 0.06703549
175 1.3057599 0.24611348 -0.40337852 -0.980945 0.771158 -0.11528528 1.2113979 -0.07984217 -0.37065476
176 0.9605103 -0.17761211 1.2651806 -0.47319496 -0.09773834 1.0542209 0.3842864 -0.9692981 -0.84943795
177 0.7985191 0.082651496 0.7756549 0.24987979 -0.051263403 0.8706882 1.6545789 0.5944865 0.030716319
178 0.48699754 0.8619572 -0.16381326 0.74395984 1.0763836 0.06739864 0.5474513 -0.38288686 -1.2534637
179 1.0133873 -0.34836155 0.6356727 0.22567962 -0.02627935 0.913026 1.0656481 0.34200346 0.053835254
180 -0.7327015 1.1699175 -0.08681784 -0.7955157 0.55014145 1.3687441 0.23979399 0.76690483 -0.81057423
181 1.3356867 0.17860803 -0.8814162 -0.77244866 0.7212731 0.497417 0.6127491 -0.18413028 -0.072236285
182 -0.25742415 0.47234964 -0.5689951 0.076591305 -0.5520357 1.1656907 0.50744504 0.16669749 -1.5666262
183 0.15565692 0.5249417 -0.8216029 0.055494342 1.2146912 0.6466616 0.9233077 -1.1590493 0.04794939
184 -0.623193 0.964389 0.63106257 -0.5764373 0.253827 1.427431 0.4129592 0.80529314 -0.8786715
185 -0.5135944 1.0572317 0.25526932 -0.93998504 0.33482155 1.1711063 0.42191583 0.6198246 -0.8120113
186 -0.16294003 1.0258305 -0.4025617 0.52266747 -0.33083096 1.0221672 0.29837126 0.40880132 -1.3211013
187 -0.057715297 -0.013310526 0.058574636 -0.06607155 -0.05530193 -0.054984704 -0.052848313 -0.0886677 -0.108405165
188 0.94486594 0.5016602 -1.2305962 -0.11334073 1.1011508 0.23365599 0.4769815 -0.06470554 -0.85945123
189 0.9646046 0.34114644 -1.4452958 -0.24039729 0.12913582 0.281964 0.5772129 0.023386743 -1.0832196
190 1.0986302 -0.13133149 0.3071923 -0.19248772 0.47783485 2.3139749 -0.21522434 -0.016792426 0.18002549
191 0.41452065 0.7931805 -0.4880275 0.07715822 1.0654227 0.5244398 0.5678093 -1.1206245 -0.31300247
192 0.7014637 0.35943437 -0.17162113 0.38614905 1.0706899 0.27511346 0.53528875 0.005675381 -0.3927177
193 1.1177319 -0.37024343 -0.22273129 -0.214749 0.33728513 2.2443519 -0.007021309 0.27196044 0.2176714
194 -0.010555865 0.44945106 -0.075225934 -0.00567706 -0.62631327 1.0070395 0.36998814 0.11575964 -1.5646174
195 -0.27916303 0.6958899 -0.17172232 0.13083227 -0.69286984 1.0831889 0.62200135 0.112771936 -1.6845955
196 -0.04351842 0.7005528 -0.079727635 -0.0029387826 -0.6412461 0.8908506 0.45018464 -0.045343965 -1.5814676
197 -0.358379 0.62383527 -0.22777759 0.19566868 -0.60830116 0.98715454 0.71347314 -0.044108924 -1.6072141
198 0.56592375 0.90661913 -0.3301639 0.58735514 0.9327295 0.08494171 0.35478723 -0.2620399 -1.3722687
199 0.8904107 0.14893371 0.51010764 0.4228149 0.07193147 0.62995666 1.9272321 0.75368816 -0.04388314
200 1.0355942 0.13507232 0.13001505 0.71981305 0.19046831 1.9321973 0.08042378 0.20814125 0.28322864
201 -0.571343 0.42460456 -0.24129403 0.1950267 -0.42469737 1.2065324 0.62858427 -0.07963433 -0.99697113
202 0.69002676 -0.11716836 -1.0589846 0.36422032 0.64201254 1.2346063 0.085220106 -0.78079724 -0.15522587
203 1.3897595 0.0035343566 0.922272 -0.7206498 -0.06746096 0.9050427 0.099518806 -0.65360904 -0.853511
204 1.505762 0.075187035 0.2584947 -0.21868178 -0.106543995 2.045618 -0.22026247 -0.30906895 -0.13754907
205 0.88894045 -0.11321334 1.277489 -0.36200312 -0.13818318 1.0010601 0.67096055 -0.913088 -0.6437007
206 0.55324954 0.055588428 1.0889709 -0.2144643 -0.4726889 0.95933723 0.5111962 -0.57132244 -0.95688987
207 0.5596615 0.91429806 -0.04784275 0.6070529 1.3699759 0.2351624 0.2931793 -0.25839967 -1.0412688
208 1.3595405 0.37916023 -0.7641089 -0.81225955 0.55550325 0.12891358 0.862337 -0.5357584 -0.4644421
209 -0.06994583 0.5497207 -0.37294218 0.35584196 -0.6144254 0.93701005 0.6097799 0.04822559 -1.3087556
210 1.5515296 0.46517324 -0.6687372 -1.1491438 0.73372906 0.31530765 0.830368 -0.43604 -0.18001485
211 -0.45608556 1.0458145 0.5968651 -0.8443797 0.16054495 0.93165267 0.73781073 0.33670026 -0.70461345
212 -0.20167203 0.5257692 -0.53483194 0.38532725 -0.515718 1.1430602 0.3833313 -0.09371174 -1.3486748
213 -0.38639608 0.845886 -0.38485786 0.040667422 -0.47566113 1.0908328 0.6096825 0.3269266 -1.4612474
214 0.4383338 -0.19729891 1.6081176 -0.29248002 -0.045993175 1.249259 0.67083126 -0.81611466 -0.813294
215 0.72432184 0.84654295 -0.042185865 0.5977824 1.4624635 0.28245565 0.2722954 0.0030515003 -0.7159418
216 1.3784012 0.28953198 -0.8460352 -0.96458125 0.784712 0.12241886 0.5483129 -0.3302813 -0.9714413
217 0.52507013 0.7377577 -0.32124546 0.38999224 1.1755742 0.29507327 0.60854155 -0.5181147 -0.47371233
218 -0.5612124 1.1286471 0.17296694 -1.0028929 0.116477884 1.0822995 0.74361104 0.56036055 -0.8644109
219 -0.18533395 0.71550286 0.005541145 0.36621585 -0.52057004 0.8550325 0.7160837 0.35290354 -1.2093692
220 0.7043257 0.113276206 -0.79817516 -0.2884666 0.49652556 0.16215096 1.0665911 -0.19073498 -0.29870865
221 1.4215759 0.29744267 -1.0918243 -0.6946566 0.6092973 0.2498119 0.84381074 -0.38101235 -0.55217093
222 0.9107389 0.21211055 -1.2420826 -0.7440032 1.0039653 0.2652213 0.8844946 -0.5247087 -0.64572126
223 -0.36841416 0.57343453 -0.17740971 0.10611963 -0.6195986 1.010339 0.8912005 0.25152463 -1.5503762
224 0.045518696 0.5333451 -0.7602457 -0.18090047 -0.70066905 0.9013419 0.5492078 0.0069023003 -1.6361432
225 -0.4254635 1.1138915 -0.2965676 -0.41733968 -0.37183556 0.8470834 0.64601076 -0.024504969 -1.0301869
226 -0.6240754 0.59663445 0.043349415 -0.8647716 0.3506392 1.5956117 0.34424812 0.9445742 -0.5474723
227 0.7711043 0.061988685 0.34298515 0.34500828 0.10737962 0.7589723 1.9065849 0.6270872 0.19896133
228 0.44716105 0.93504816 -0.5278823 0.17412648 1.1272144 0.47994485 0.6013078 -1.058702 -0.23150969
229 0.97429097 0.25205436 -1.2818971 -0.39305735 0.6210978 0.22375622 0.7459656 0.040532753 -0.7237936
230 0.8224806 0.16309962 0.27361846 0.5268167 0.07394251 0.67362523 1.5899724 0.65442663 0.06675355
231 1.2362274 0.021569798 0.092609614 -0.16613571 0.06875227 2.2813811 -0.24610217 -0.31748366 0.031722225
232 0.86076087 -0.22850782 0.578534 0.4237267 0.36399257 0.69382674 1.9124942 0.4394117 0.20781264
233 -0.4322297 0.55965084 -0.15344857 -0.036904044 -0.50463766 0.9518349 0.74427426 -0.110726826 -1.4064454
234 -0.086612135 -0.04063854 -0.95929617 -0.12509249 1.300251 0.41617122 1.2635027 -0.96673274 -0.23721683
235 0.74204755 -0.13674328 -0.0126677435 -0.020944692 0.52112186 2.3697867 -0.23163675 0.18744904 0.12877297
236 1.0902044 0.13935953 1.3749782 0.1152878 0.26081103 0.6551878 0.5099102 -0.793916 -0.57582486
237 0.94580626 0.04267601 0.51192683 0.08219068 -0.083403565 0.835507 1.7768178 0.7434705 0.15281741
238 -0.79166216 0.9267806 0.057239268 -0.30018947 0.4657593 1.5593641 0.4133276 0.80627906 -0.36155605
239 0.6556282 0.79655224 -0.02941863 0.81735146 1.1743008 0.21303976 0.45209724 -0.34470788 -0.9287939
240 0.85346437 0.71664524 -0.0030355304 0.5870381 1.059767 0.072383545 0.4468383 -0.45296156 -1.069902
241 0.58685184 0.21257852 -0.8036276 0.12807709 0.025371097 1.707867 -0.20224226 -0.5475284 -0.15091935
242 1.3389063 0.10541091 -0.22232983 0.1966919 -0.014918414 2.0523157 -0.15222009 -0.21103117 0.05603293
243 0.44149745 -0.17745893 1.3767356 0.056838866 -0.009654703 1.116344 0.5177529 -0.79316205 -0.85913265
244 0.98800087 0.008116598 0.45622218 0.25153 -0.1462716 0.8903507 1.8356552 0.7316015 0.20497926
245 0.14375232 0.19443269 1.1663756 -0.4239117 -0.23462689 0.7519076 1.0608511 -0.21417102 -0.6432403
246 0.55971164 0.3240972 1.1445143 0.15330955 0.14943439 0.63935566 0.2926268 -0.6511338 -0.9378036
247 1.3650941 0.6197582 -0.86748093 -0.82716 0.73308265 0.21429671 1.0463895 -0.6855114 -0.3254159
248 0.7030958 0.2059844 0.44287613 0.23663354 -0.22284158 0.7722574 1.9750717 0.5054672 0.14643092
249 0.9247443 -0.14634436 0.05615121 0.17495336 0.31152925 2.2787628 0.11610321 -0.10049361 0.34621903
250 -0.6682925 1.1407689 0.074801624 -1.1143411 0.2668498 1.274216 0.6305285 0.70335394 -0.76044434
251 0.8839837 -0.3055786 -0.7400897 0.22545017 -0.060263623 1.8174214 -0.06393694 -0.2180736 -0.0899705
252 0.44686195 0.25854498 0.52627414 -0.14462897 -0.047829628 0.82087815 1.848706 0.99893594 -0.03060916
253 1.2477787 -0.042362247 -1.3786108 -0.33567226 0.6088766 0.73585445 0.18622334 -0.20829563 -0.5743177
254 1.6399146 0.31605867 -0.76102656 -0.83753693 0.78552055 0.16536939 0.76614666 -0.891869 -0.7546207
255 0.85660386 0.5583068 -0.92385775 -0.70544213 0.8919503 0.113374695 0.43009412 0.19297245 -0.91727465
256 -0.18776895 0.42753062 -0.3297527 0.07504435 -0.59850013 0.7321987 0.8922884 -0.055954553 -1.3906506
257 0.6797853 -0.07823549 0.39596805 -0.38224646 0.63373816 2.1586287 -0.23929624 0.37014315 0.08460905
258 -0.18982337 0.5275067 -0.4090765 0.15040526 -0.6989385 0.9727638 0.65174603 -0.046604972 -1.5396255
259 0.6523579 0.6816739 -0.3472783 0.69932145 1.2916691 0.24136108 0.44686154 -0.32575545 -0.892749
260 -0.3267442 0.33652264 -0.4579232 0.08627798 -0.7335998 1.2062219 0.72104543 -0.05760216 -1.462411
261 0.074429356 -0.107019916 -0.07763653 -0.08895556 -0.025143676 0.005331556 -0.04191425 0.020504143 0.10230206
262 0.33177254 0.6438272 0.116740845 0.57458454 1.0870441 0.111458436 0.43723452 -0.38641167 -1.2980217
263 0.21412182 0.54997873 -0.71243596 0.28106976 1.2847447 0.809446 0.54551417 -0.8348144 0.011449396
264 0.7207637 0.023287488 -1.1497471 0.22272815 0.8207194 1.0871977 0.058280066 -0.74337476 -0.30143908
265 0.8485284 0.09920222 1.4183357 -0.51992786 -0.013459995 0.82235956 0.42989466 -0.63938695 -0.86160505
266 0.6130407 0.5892411 0.16306224 0.6852525 1.0793412 0.22520393 0.36739114 -0.47087526 -0.99088997
267 -0.7686043 0.92657083 0.28747267 -0.3212412 0.57492775 1.524478 0.4908328 0.86145115 -0.3556514
268 0.95207745 0.014160708 1.2981375 -0.5615474 0.06474096 0.983602 0.22821903 -0.8626319 -0.9832046
269 0.69099605 -0.19767669 1.3447689 0.25011754 -0.1994191 0.7281093 0.855074 -0.1523506 -0.7852617
270 0.7494208 0.30176476 1.6966196 -0.0049604955 0.06336739 0.89098483 0.69743955 -0.71626675 -0.64605063
271 0.6079915 0.09229769 1.379814 -0.04556727 0.1596557 0.78983814 0.6409973 -0.73287106 -0.5561575
272 1.3262483 0.23088168 0.08099716 0.26977077 0.04089405 1.9790261 -0.100495465 -0.011453434 0.15168406
273 0.86684674 0.13435097 -1.1021585 -0.46748078 0.848449 0.3712559 0.31061223 -0.037468765 -0.95437264
274 1.3924167 -0.2735854 -0.20828749 -0.24526466 0.07844824 1.5447885 0.08361992 -0.18494335 0.09563908
275 0.6748854 0.87033635 0.013252371 0.47904634 1.1306195 0.17889036 0.38171783 -0.50252706 -0.8968933
276 0.8996937 0.068078116 -0.17520566 0.06456952 0.4672499 2.3642082 -0.22268344 -0.16173002 0.2551536
277 1.2759124 0.76173615 -0.6038059 -0.9552106 0.9199865 0.27236688 0.59184045 -0.8334001 -0.5309552
278 1.1682124 0.4918421 -0.6268585 -0.44654056 0.8044823 0.11899797 0.7437214 -0.3232315 -0.41230556
279 -0.27668032 0.76433814 0.54176974 -0.92430526 0.10787637 1.0184487 1.0014096 0.83947587 -0.28213072
280 0.48499253 -0.18773027 1.6865718 -0.36499172 -0.037916437 1.1018808 0.88007134 -0.6486182 -0.6735327
281 0.39111117 -0.26109773 1.3364371 -0.50735074 0.002753884 1.246745 0.41910166 -0.67131704 -0.73026
282 1.0679733 0.43169653 -1.0448711 -0.35179076 1.4073465 0.10314256 0.56104004 -0.0821447 -1.0262165
283 -0.58739907 0.637638 0.3580638 0.050384246 0.13289586 1.0699439 0.99682605 0.7020107 -0.35078678
284 0.61144584 0.03566261 0.89905643 -0.1427335 -0.08250977 0.8283908 0.11569457 -0.4347863 -0.9730762
285 -0.12182313 0.5590414 -0.74828213 -0.38352346 1.462933 0.72062075 0.7297364 -1.1096491 -0.09960966
286 1.2044874 0.34362695 -0.74911284 -0.66107106 0.74181265 0.094405085 0.60343015 -0.34881935 -0.8037843
287 0.86121887 0.6961573 -0.9013333 -0.32595924 0.8024684 0.069867745 0.97948354 -0.4308947 -0.49104586
288 0.72523504 -0.094922766 0.49918625 0.07451762 -0.029703755 0.823788 1.6132878 0.79776764 0.092704214
289 -0.4821089 -0.6222479 -0.0007199659 -0.05780265 0.51481736 0.86246353 0.6913279 -0.0751446 -1.2324017
290 -0.6190707 -0.37663972 0.124612175 0.045123085 0.7326538 0.68751466 0.6692671 0.14975345 -1.377887
291 -0.49757507 -0.40245184 0.5507341 -0.62834555 0.70481515 0.8918317 0.6043613 -0.07440572 -1.1745516
292 -0.30811366 -0.65563357 0.15076663 -0.40374693 0.6333064 0.5638861 0.8321697 0.11165136 -1.3305212
293 -0.523188 -0.23444557 0.056155268 -0.31890154 0.9115474 0.5145676 0.68866986 0.09235425 -1.2377381
294 -0.64793134 -0.15461826 0.1299047 -0.29240927 0.5927339 0.66139746 0.82168007 0.13985015 -1.0654242
295 -0.48804036 -0.42744532 0.27094835 -0.032996144 0.13491522 0.8276102 0.67207736 -0.35691437 -1.2564485
296 -0.7102011 -0.17565887 0.08222728 -0.53499955 0.55425596 0.6991338 1.059532 0.013379286 -0.9032925
297 -0.4848283 -0.5677871 -0.008498383 -0.47146633 0.15574807 0.72714895 1.097111 0.14413542 -1.3040577
298 -0.3155567 -0.7381693 0.45802507 -0.46210954 0.33248827 0.54018337 1.4752282 0.14958565 -1.1116123
299 -1.080471 -0.035178814 -0.15740995 -0.032599054 0.2581958 1.0620197 0.9561117 -0.10324498 -1.0622635
300 -0.9722411 0.3845084 -0.25814497 -0.06125434 0.12508065 0.7637508 1.1566575 -0.1576307 -1.1574615
301 -0.46243095 -0.5153108 0.22093898 -0.3800812 0.6551949 0.55942047 0.92398393 0.10562086 -1.2250129
302 -0.8298404 -0.17597878 0.11125358 -0.46120462 0.34555107 0.9670208 0.9256379 -0.015096525 -1.0846791
303 -0.60677797 -0.6245151 -0.047293924 -0.23300326 0.643582 0.75201166 0.773629 0.031549003 -1.3463043
304 -0.33174068 0.0070829648 -0.09960008 -0.34370053 0.019847319 0.7997215 0.5164582 0.15202583 -1.4765552
305 -0.3403511 -0.76815283 0.6781503 -0.3028644 0.38061002 0.7432087 1.01311 -0.24563086 -1.250506
306 -0.5715234 -0.21786392 -0.21800403 -0.38710862 0.63006485 0.44420972 1.0654602 0.054635044 -1.0420387
307 -0.55947655 -0.31339502 0.45675102 -0.45695478 0.49389094 0.65584 0.9983728 0.09696723 -1.0888182
308 -0.34519348 -0.49630946 0.014987226 -0.33858198 0.67015135 0.48583645 0.7772179 -0.007160455 -1.3231212
309 -0.20578925 -0.26729152 0.68493414 -0.5539395 0.18952402 0.75740737 0.74731916 -0.04795211 -0.89086086
310 -0.624961 -0.6932364 0.3034356 -0.49001682 0.25464177 0.91875786 1.1974652 -0.14137703 -1.1296492
311 -0.37216827 -0.039135568 0.5106938 -0.4496118 -0.025626455 0.801742 0.76379514 -0.30831996 -1.0990157
312 -0.3014361 -0.3496921 0.28827596 -0.48616534 0.27890733 0.5256371 1.0331033 0.1592591 -1.0401102
313 -0.2779975 -0.33370212 0.15271324 -0.07041964 0.39225245 0.401376 0.91418934 -0.2821942 -1.2197767
314 -0.2027933 -0.024358768 0.6564802 -0.5046774 0.36675975 0.41048265 1.0704817 0.004035628 -0.88167727
315 -0.63257205 -0.027433544 0.44495514 -0.3695602 0.55316764 0.79576164 0.6509683 0.14517474 -0.9940814
316 -0.5840251 -0.3370484 0.12562546 -0.18810584 0.7561068 0.6034964 0.7349903 -0.1594662 -1.1719207
317 -0.38539958 -0.3502941 -0.0033223308 -0.47830713 0.64893216 0.6779441 0.72340643 0.12637444 -0.8668001
318 -0.8197172 -0.31384942 0.437305 -0.69736 0.8623683 0.7898519 1.0714346 -0.09484198 -1.0240015
319 -0.98391443 0.3624509 -0.03354505 0.15714055 -0.056262456 0.87858534 1.1701009 -0.31256574 -0.87491065
320 -0.3896915 -0.61837727 -0.28737724 -0.16609155 0.7518653 0.50585514 1.0440036 -0.3520758 -0.73436254
321 -0.8271158 -0.12834033 0.14191651 -0.21517237 0.03549171 0.78601944 1.1143622 -0.33254987 -1.228929
322 -0.576744 -0.47742638 0.25245646 -0.4905866 0.7206299 0.6521019 0.98001474 -0.055359 -1.2194549
323 -0.095050775 0.0638137 0.051482413 0.0013219648 -0.09825487 -0.02093033 0.00212072 -0.086199366 0.027446218
324 -0.6202109 -0.59295475 -0.08458774 -0.31549332 0.8047119 0.82583666 0.6910023 -0.085462175 -1.076972
325 -0.6362074 -0.37391737 0.29839656 -0.4632061 0.69504845 0.53657126 1.1312773 0.0045311167 -1.4031506
326 -0.81646955 -0.32366064 0.009060027 -0.6703623 0.87130064 1.0703298 0.6071052 0.35563534 -1.146594
0 0.085471086 -0.028742896 0.017846584 -0.0816235 0.05531201 0.08192297 -0.103428215 -0.03642061 0.087697096
1 0.6473259 -0.9367846 0.36351115 1.29002 0.7618858 0.63042015 -0.3970232 -0.87629753 -0.4910682
2 0.36237916 0.72687936 -0.35073763 1.6710099 -0.9526378 1.4435301 0.4843168 0.30457938 -0.2979227
3 0.27916682 0.8115318 0.7591627 0.8089623 -0.026818817 0.36189035 0.23418555 -0.91435915 -0.04221139
4 0.5813875 0.45777345 1.009276 0.86075354 -0.18139869 0.80301297 0.7374431 -0.37229452 0.8590029
5 0.3251557 1.2690057 0.27316 0.46542057 -0.25755844 0.42222387 0.36755288 -0.6516187 -0.7368453
6 1.901831 0.20779863 -0.08514248 0.19389904 0.29691353 0.55433494 0.8573816 0.05845671 -0.6011588
7 0.17319094 1.2804124 0.5262404 0.6221966 0.020611921 0.23347667 0.50158525 -0.9393479 -0.750656
8 0.4322048 -0.45306712 0.41335928 1.3069891 0.5265027 0.5326887 -0.6421442 -0.8474468 -0.3914487
9 0.5370734 -0.67197007 0.38251328 1.0086093 0.59361035 0.63846236 -0.6550519 -0.9872962 -0.70932454
10 -0.03155744 0.027326068 -0.03114834 0.0960605 -0.0031475888 0.06262565 0.10236551 0.04566941 -0.07911544
11 0.2613116 0.8484482 -0.06389036 -0.32062942 -0.0055768793 1.4352103 0.4221153 -0.49249008 -0.16812894
12 0.07493467 -0.26197705 -0.026953747 -0.41812932 0.04451372 1.5963463 0.6248251 -0.4004315 -0.29976693
13 -0.12404934 -0.21715996 0.21462616 1.0052594 0.999348 1.1764694 -0.5395686 0.1950692 -0.7042407
14 0.86962914 0.12865333 -0.02248907 -0.52730894 0.12840289 1.7420028 0.53868634 -0.5535101 -0.012024219
15 0.39495948 0.669184 0.9146904 0.49215764 -0.3144504 0.27382877 0.28493404 -0.62375706 -0.58981764
16 0.08424629 0.08885279 -0.04760353 -0.10364512 -0.02080573 -0.041203022 0.10109566 0.032668248 -0.066423826
17 0.23978892 0.9445517 -0.26437542 1.6491777 -0.825551 1.5655127 0.4536174 0.29120302 -0.106982455
18 0.041600548 0.8872461 0.62152517 0.5732471 0.3564759 0.3680581 -0.09203718 -0.660073 -0.4508477
19 0.90515965 0.40698513 0.090490624 -0.54459167 0.07173396 1.5464591 0.35445777 -0.20384651 -0.15671907
20 -0.42663527 -0.27191904 0.45929044 0.7932315 1.1611515 1.2055789 -0.41499045 -0.19368277 -0.672738
21 0.07590132 0.14052491 0.96829927 0.6780429 0.5098067 0.52834433 1.058664 -0.6038575 0.022378441
22 0.6266921 -0.5868448 0.15725021 1.3424915 0.8065951 0.49303976 -0.284132 -0.8138446 -0.47741067
23 0.41827765 -0.9884688 0.828826 0.25261316 -0.5739519 1.0280476 -0.24275003 -0.5799237 -1.3196275
24 -0.12261694 -0.1724526 0.026797133 0.87721276 1.0224706 0.87701803 -0.51521057 -0.5059456 -1.0044178
25 0.24391884 -0.99494135 0.60866004 0.20889111 -0.42210707 1.1189265 -0.25321037 -0.32230842 -1.2546523
26 -0.118929446 -0.17519894 -0.16788754 0.5934478 1.2800118 1.0148826 -0.27359453 -0.29143077 -1.6615753
27 0.16489431 1.1474401 0.6745116 0.729949 -0.43521577 0.38494027 0.5564487 -0.7426755 -0.62435263
28 0.2701573 -0.8750661 0.49429148 -0.02613746 -0.11594637 1.1152773 -0.16791531 -0.68353665 -0.89966553
29 0.17684312 0.6571097 0.7515714 0.44988713 -0.25240794 0.27789223 0.008445789 -0.87119025 -0.8057115
30 0.40114242 1.2490821 0.7625356 0.6453957 -0.39985523 0.29567817 0.40076536 -0.9050838 -0.56930125
31 -0.17366824 0.5848963 1.2476943 0.47817203 0.54998654 0.57331234 1.0711603 -0.5081438 -0.20884396
32 -0.33703727 1.088087 0.2773029 0.5296277 0.47111517 0.42155728 0.36859894 -0.95127887 -0.81190205
33 0.24387583 1.2183723 0.522119 0.7419937 -0.086972065 0.25168148 0.0872924 -0.9534401 -0.6206237
34 0.5725359 0.787489 -0.22309901 1.5682572 -0.87792003 1.1995463 0.48744175 0.4118126 -0.36947632
35 0.26509282 1.0925101 0.5520177 0.6917054 -0.34248903 0.31935653 0.42362362 -0.7499133 -0.7438885
36 -0.15587425 -0.2702778 -0.02986706 0.5858484 1.3180135 1.2276279 -0.3710596 -0.103079 -1.4807091
37 -0.045108635 0.092765674 -0.0063676834 -0.1048531 0.05315153 -0.0671682 0.074238814 0.059708647 -0.05606303
38 -0.0011906088 -0.060952198 0.50920254 0.6971642 1.2497599 0.85845715 -0.30701622 0.13141775 -0.5631592
39 0.07749535 -0.63580596 1.2221094 0.067190565 0.23382871 0.95667213 -0.2635498 0.07700376 -1.2489924
40 0.004312652 -0.017374469 0.91134536 0.8464423 0.9309497 0.42713022 0.96119946 -0.31781143 -0.13224836
41 -0.1686777 0.26460192 1.1689363 0.601177 0.616997 0.5047109 1.2398368 -0.5009076 -0.3541062
42 -0.21171759 -0.32489997 0.3188531 0.3700373 1.0744514 1.2320125 -0.48445857 0.080184475 -0.8086984
43 -0.2585404 -0.15934 -0.12099697 0.8392246 1.1611364 1.1620514 -0.49076244 -0.1372293 -1.439228
44 0.17787126 1.0497901 0.6299108 0.25595742 -0.3017497 0.39371324 0.047527723 -0.8439193 -0.86087716
45 -0.22494067 -0.2205142 -0.12262186 0.84284735 1.213681 0.92774457 -0.26869696 -0.1588532 -1.4833661
46 -0.01857411 -0.8592525 1.1401598 0.19902347 -0.1811857 1.1211596 -0.3414977 -0.10539982 -1.1615353
47 0.08450129 1.2202932 0.084073156 1.4874403 -0.9582741 0.9754893 0.38918903 0.020071922 -0.57913667
48 -0.23887153 0.7548065 0.5984164 0.79520375 0.48845765 0.63310033 1.332246 -0.36855122 -0.33594358
49 -0.192341 -0.0995771 -0.1400485 0.8192665 0.9745958 0.6340692 0.12714542 -0.22583564 -1.4942425
50 -0.12491562 0.8521919 0.9521202 0.64832306 0.03551829 0.5289649 0.6153659 -0.57387775 -0.22852401
51 0.18934721 -0.925304 0.7694937 -0.14038518 -0.5581375 1.3523732 -0.279808 -0.32366303 -1.2376999
52 0.3649045 -0.8179671 0.18351048 0.7014262 0.5561585 0.6570953 -0.18597478 -1.0559598 -0.58210546
53 1.5122466 0.35736716 0.62080514 0.24094357 -0.70631266 0.25501722 0.73107177 -0.40402538 -0.857853
54 0.8213651 0.34069678 -0.08365498 -0.516656 -0.071912296 1.7235662 0.6764035 -0.2751541 -0.08710707
55 0.5084725 0.13149612 0.010888789 -0.6330664 0.11389944 1.8827906 0.6337997 -0.4399307 -0.15042183
56 0.6089606 0.3420951 -0.004934443 -0.29057056 0.0052477536 2.1715214 0.4119413 -0.28213927 0.40553036
57 0.0053751864 -0.07844477 -0.09188232 0.06713545 -0.09278323 -0.06199761 0.06200139 -0.005403903 -0.033937387
58 0.3027213 -1.335081 0.6831723 1.1310531 0.062416695 0.7757599 -0.24315645 -0.45232388 -1.0981976
59 -0.4406761 -0.24661602 0.31274524 0.76143324 1.2379812 1.2960658 -0.510396 -0.054063283 -0.8159513
60 -0.021398107 0.010866947 0.02260085 0.03282461 0.10499288 0.048901122 0.11015444 -0.0961967 -0.063937955
61 -0.015212388 1.0611918 0.7135288 0.17074573 -0.3036726 0.6807812 0.4408378 -1.0300488 -0.4940732
62 0.69767857 -0.14613333 0.2997225 1.3719217 0.51328164 0.38287774 -0.7901365 -0.73763597 -0.2565659
63 -0.19616044 0.19828643 1.3332433 0.6364971 0.41407382 0.57687247 0.8649616 -0.17114916 -0.23196259
64 0.20202476 -0.69489044 0.87410235 0.48515603 -0.41788042 0.73821855 -0.3931989 -0.4596479 -1.2582545
65 -0.22592528 -0.24529052 0.08462817 0.6801711 0.97088206 0.84743416 -0.15512753 -0.2863599 -0.95386267
66 0.09215771 0.40356123 1.0413407 0.60565907 0.5945629 0.59337556 1.1902883 -0.3822783 -0.023845544
67 0.6196437 -0.6537956 0.35314158 0.6702292 0.5902492 0.67199993 -0.57842 -0.91166717 -0.61205935
68 -0.30967715 -0.013067047 1.0446538 0.3858664 0.37112984 0.7138205 1.1712017 -0.22672273 -0.44168922
69 -0.23645827 0.39373717 1.2754238 0.7045017 0.5224427 0.5839327 0.8687216 -0.19301364 -0.14895207
70 -0.033784624 1.2027897 0.41711208 0.7219323 0.12386425 0.39245617 0.7602176 -0.7656514 -0.73731154
71 -0.08529607 -0.36123344 0.14192265 1.1148169 1.048037 0.8262332 -0.26385602 -0.21662197 -0.715168
72 -0.10044413 -0.37564167 0.01519504 0.82301134 1.1570902 1.0452269 -0.2777563 -0.24384342 -1.0832744
73 0.32129854 1.143252 0.61294234 0.45606628 -0.21735796 0.31420907 0.55949944 -1.0440004 -0.642653
74 0.22812852 0.122213624 0.12823987 -0.44036743 -0.02032974 1.8616152 0.6749358 -0.41345823 0.085173115
75 -0.15274511 -0.22842288 0.29233685 0.6156093 0.928709 1.1081023 -0.6537999 -0.20920198 -0.9981606
76 -0.28866583 -0.4032391 0.07551437 0.27007413 1.0590552 1.4312923 -0.14650652 0.10575879 -0.80955887
77 0.056308515 0.5455902 1.3334833 0.8512584 0.6442953 0.49509498 1.215521 -0.3691956 0.034099672
78 0.47683015 1.149727 0.61744916 0.33155936 -0.31989503 0.44414043 0.24564496 -0.8835877 -0.4649514
79 0.14715347 1.2896758 0.20242622 0.58527815 0.07673719 0.42656675 0.6139289 -0.6737003 -0.6904376
80 -0.058683973 0.38423917 1.1583562 0.6828196 0.56814134 0.5114418 1.173986 -0.20710161 -0.16935945
81 -0.095050775 0.0638137 0.051482413 0.0013219648 -0.09825487 -0.02093033 0.00212072 -0.086199366 0.027446218
82 0.28462395 0.21520585 -0.115557335 0.058034807 -0.5085693 2.3340576 0.6142824 0.054988887 0.3707499
83 0.2864725 0.27204153 0.079009086 -0.542206 -0.20622635 1.8037342 0.3930418 -0.6301703 0.02031169
84 -0.03731428 -0.11002759 0.021601345 -0.044315204 -0.030096702 0.05751656 0.084433585 0.04870918 -0.0757824
85 0.45745608 -0.52645284 0.3359931 1.0474151 0.9583105 0.5403887 -0.4452085 -0.9351299 -0.5435316
86 0.17839828 1.0168921 -0.3136305 0.8987597 0.09447849 0.5780313 1.0714085 0.22895345 -0.8455143
87 0.41987503 0.7938114 0.2576623 1.1110371 -0.26502067 0.33616197 0.16301416 -0.9050801 -0.134242
88 1.0578591 0.7989185 -0.19672932 0.25615522 -0.31165177 1.3706384 0.21668224 0.40695602 0.010798879
89 0.6450737 -0.88401943 0.26421374 1.0158535 0.63665575 0.6466998 -0.52189595 -1.1585088 -0.5465702
90 -0.11210324 -0.114772975 -0.082592174 0.7051888 1.2616086 1.0021542 -0.3632616 -0.038268913 -1.5583127
91 0.35169247 0.94765556 -0.10616794 1.3520418 -0.7199718 0.9667748 0.53527814 0.35830343 -0.54998505
92 0.13014704 1.272534 0.256578 0.34548974 -0.15846841 0.5565657 0.50843084 -0.84366655 -0.7809232
93 0.6180638 0.41057116 0.034112558 -0.57016975 0.293671 1.7151756 0.12896463 -0.36951476 -0.044677194
94 0.63799125 -0.06320169 -0.16757447 -0.4400069 -0.20629054 1.5940768 0.19470924 -0.041677527 -0.44376624
95 0.18002132 0.7322433 0.03814135 1.8906744 -0.9933011 1.2525446 0.349996 0.7091166 -0.595279
96 0.21351013 1.1853536 -0.05284892 1.5464519 -0.6546629 0.901881 0.016221976 -0.04791299 -0.30447793
97 -0.28136027 -0.16069806 0.17800575 0.8122917 0.8723933 1.2017028 -0.52039427 0.3289536 -0.80384326
98 0.41443822 1.2676641 0.70803225 0.6154332 -0.093614265 0.35746723 0.17191115 -1.007933 -0.41311583
99 -0.05105189 0.30878174 0.8246961 0.64372367 0.5815978 0.3899194 0.7648843 -0.4446426 -0.30191842
100 -0.04282346 -0.00017451268 -0.40957597 0.8458018 1.1904683 0.92897445 -0.37987155 -0.277973 -1.8067249
101 -0.14838548 0.44788435 1.002968 0.56478554 0.45798764 0.6887944 1.2116749 -0.45044878 -0.03645519
102 0.5078618 -0.92903864 0.285354 1.3284674 0.51716876 0.53375787 -0.24809608 -0.7155386 -0.84118557
103 -0.2900984 0.24333361 1.077147 0.69695747 0.68634444 0.59907526 1.0371149 -0.56723565 -0.1625708
104 -0.33968416 -0.118878305 0.25449955 0.9531713 0.97902036 1.1024455 -0.5174551 -0.1218955 -0.66896975
105 -0.023951653 0.57423264 1.1680528 0.6218496 0.6175727 0.57291496 1.150783 -0.53176653 -0.055268567
106 0.45454046 -0.92934364 0.16239771 1.2925543 0.86876786 0.6835397 -0.17100972 -0.60427874 -0.73795784
107 -0.09677153 0.3705954 1.1869076 0.4565585 0.51417726 0.7398652 1.2566305 -0.39885184 -0.052481607
108 -0.098685004 -0.2411575 0.37622333 0.5944486 1.1019459 0.9429693 -0.36735773 -0.38567126 -0.5319269
109 1.7233369 0.27085516 0.3107833 0.035548378 -0.30946612 0.5909198 0.48460495 -0.04205153 -0.7728251
110 0.31080168 -0.20013745 -0.18173313 0.9566848 1.1002798 0.640463 -0.08573234 -0.0003307853 -1.0704026
111 0.078418635 0.646242 1.3401586 0.83199215 0.6507367 0.48736858 1.10945 -0.4298088 -0.021510107
112 1.8388457 0.43385896 -0.18401176 -0.1423607 -0.03198612 0.9819316 0.74971706 -0.031870756 -0.6037943
113 1.9419706 -0.26874152 0.45221937 0.1432255 -0.25020394 0.99613893 0.9803117 -0.31558967 -0.013898122
114 1.2687014 0.15932 0.40967357 0.2590946 -0.4359133 0.29724628 0.7906566 -0.32320136 -0.6099063
115 0.13168986 1.05165 0.32716218 0.54830253 -0.28976044 0.49572447 0.15019289 -1.0065526 -0.5679513
116 1.5514804 0.45883808 0.11735096 0.16413873 -0.17980231 0.97797704 0.55964535 0.37053317 -0.24669097
117 -0.057715297 -0.013310526 0.058574636 -0.06607155 -0.05530193 -0.054984704 -0.052848313 -0.0886677 -0.108405165
118 0.6055381 1.0118505 0.75033975 1.2868028 -0.72552425 1.1729329 0.1375981 0.7772716 0.23236015
119 0.074429356 -0.107019916 -0.07763653 -0.08895556 -0.025143676 0.005331556 -0.04191425 0.020504143 0.10230206
120 0.8285672 -0.42230448 0.31795928 1.443595 0.91053724 0.31512675 -0.03252565 -0.18312782 -0.17346074
121 0.24550083 1.1363885 0.55226547 0.50259274 -0.20153822 0.45286208 0.06066835 -0.9749882 -0.42396152
122 0.24502838 0.9075562 -0.38945803 1.2913359 -0.68743265 1.6341659 0.7141802 0.18218936 0.055548716
123 0.52390087 -0.34772286 0.075564496 1.1796155 0.64876205 0.55604 -0.72361606 -1.2059221 -0.42345843
124 0.24182037 0.96524274 0.030889995 1.5744363 -0.8654936 1.2042638 0.45611367 0.21692498 -0.038210683
125 -0.024379335 0.5619523 0.85285246 0.30454412 0.52341056 0.6953772 0.9410989 -0.64396846 -0.11464926
126 0.4838917 -1.0360957 0.30503643 1.1868364 0.7186123 0.80570865 -0.33273545 -0.9253958 -0.68567884
127 0.071847 0.45486224 0.70515734 0.47964853 0.6781375 0.77854526 1.4718441 -0.98109466 0.1721985
128 0.023314463 -0.10397484 -0.21675152 0.71893287 1.0308598 0.90112007 -0.29952276 -0.023033338 -1.6259485
129 0.7766286 -0.71208256 0.21966268 1.3088948 0.5570477 0.38079023 -0.33689198 -0.99313873 -0.5457749
130 -0.11559902 0.25519204 1.0495975 0.5534558 0.66025704 0.6197584 1.1791568 -0.41666153 -0.29235983
131 -0.08592485 -0.47337794 0.103561535 0.7330547 1.0523523 1.1264746 -0.43307713 -0.15679976 -1.0882783
132 1.7229859 -0.17749792 -0.07423208 0.4260363 -0.105841234 0.8290454 0.7040283 -0.17138551 -0.009218037
133 0.41230568 -0.2374607 0.22538626 1.2301412 0.78560525 0.4183588 -0.54308087 -1.0391908 -0.5018218
134 -0.077098794 -0.34005058 -0.02212587 0.7689219 0.64570093 0.89249986 -0.29972726 0.19951804 -1.3341875
135 1.5979366 0.08564749 -0.036073957 0.045032866 0.034274522 0.8846173 0.9112733 0.050053537 -0.45361876
136 -0.14599456 0.101286516 1.077329 0.28417346 0.29181904 0.81965274 0.9080082 -0.2937501 -0.07703397
137 1.6872218 0.12778422 0.17633256 -0.06597724 -0.18198074 0.9290417 0.91042143 -0.7370829 0.013463417
138 -0.060627215 1.0769548 0.55313206 0.6193196 -0.031235853 0.5417218 0.41809824 -0.8674829 -0.37225094
139 -0.17134076 0.63511133 0.9534741 0.73088944 0.56345284 0.45865974 1.031719 -0.60788566 -0.3571298
140 1.3524588 -0.024958245 0.79368246 0.091840394 -0.6478528 0.80766326 0.75482506 -0.7673611 0.24029775
141 0.25503716 -0.72654754 0.79033655 0.5736633 -0.39260006 0.68738323 -0.5844649 -0.5280011 -1.4727235
142 0.5349744 -0.8118686 0.37032548 0.42213657 0.31849453 0.90076107 -0.58036435 -0.9205614 -0.52260256
143 0.15515913 1.340592 0.4245997 0.7094216 -0.27866846 0.41285646 0.17213325 -1.0429829 -0.7342666
144 0.583948 0.36142474 -0.2315998 -0.13775302 -0.035797507 1.7060778 0.30830464 -0.179657 0.1376315
145 0.14320806 0.96259505 -0.3261265 1.1167636 -0.6111403 1.5012364 0.4674413 0.3327539 -0.11924564
146 -0.18950936 -0.11714894 -0.012201746 0.5901492 1.219394 0.9437059 -0.32785743 -0.17130752 -1.664831
147 0.34052885 -0.9118489 0.7974856 0.09352667 -0.4067332 1.0975806 -0.23077993 -0.03452354 -1.4630917
148 0.50705576 -0.39539874 0.07878013 1.1912409 0.4067108 0.68870986 -0.79928464 -1.4126223 -0.38266608
149 0.017110864 0.014342057 0.032473564 -0.104399405 0.03616002 0.060718723 0.058736973 0.04933209 -0.08984853
150 1.6567973 0.10799641 -0.042035818 -0.12181126 0.04052937 0.90265346 0.75447184 0.04937811 -0.5616423
151 1.9149597 -0.12740701 -0.18807234 0.20282234 0.13361208 0.78314155 1.072176 -0.20095086 -0.34105718
152 0.5885696 0.73162115 -0.022109082 1.3844476 0.13195403 0.54962206 0.6406643 0.42610034 -0.11356542
153 0.4964973 -0.41920337 0.15070596 1.1424067 0.6984549 0.75294757 -0.9235171 -1.1220088 -0.46353877
154 0.34072116 -0.58550924 0.80150175 0.23644163 -0.3242921 0.8717234 -0.27462843 0.07351162 -0.7670003
155 0.028549207 0.060184903 -0.039836723 -0.016844817 0.10188413 0.10070232 -0.10436627 0.08408121 0.109867215
156 0.23351961 0.7979746 -0.13023706 1.7222944 -0.8455329 1.4282902 0.25985065 0.34111166 -0.019903598
157 0.10719782 -0.19330363 -0.25797188 0.82997495 1.1277701 0.8634557 -0.45002857 -0.67850137 -1.3099163
158 0.2943675 1.1304408 0.6275133 0.7266353 -0.31296057 0.26039174 0.20701239 -1.2171603 -0.6784747
159 0.022070063 0.04062414 -0.01101311 -0.07679609 -0.03568514 -0.0947508 0.10456349 0.04138262 -0.08754909
160 0.49667868 0.7933403 -0.59205526 1.5451446 -0.76809305 1.428148 0.64486307 0.42428845 -0.20737807
161 -0.04110257 0.8652958 0.77382773 0.59419644 -0.21413648 0.44692296 0.29849666 -0.8722492 -0.36581537
162 0.48036408 0.22743455 0.06525639 -0.49973184 -0.06147953 1.8823512 0.44362864 -0.43069842 0.016990988
163 0.47631693 -0.58860046 0.23416121 1.235894 0.6831629 0.76217645 -0.8330752 -1.1338346 -0.37845036
164 0.1569334 -0.8374956 1.1870998 0.092634045 -0.55160075 1.1831731 -0.44147968 -0.18944508 -1.4303186
165 1.8904753 0.30290863 0.07760809 0.0015493825 0.3837114 0.8717431 0.6078277 0.49623483 -0.5230219
166 0.19990766 1.2979146 0.34540516 1.0745673 -0.87393236 0.54619634 0.36787224 -0.6455987 -0.8059516
167 -0.0011010121 -0.71460134 0.944694 0.47072798 -0.385986 0.8484743 -0.31836888 -0.3105883 -1.1491282
168 0.4014881 -1.0383061 1.0654596 0.7247564 -0.2785831 0.8788752 -0.311697 -0.067246646 -0.90568745
169 0.8506946 -0.78138655 0.36754587 1.2906339 0.73719597 0.55146474 -0.4984383 -0.91991794 -0.32557845
170 0.25211182 1.2573303 0.29965037 0.5607262 -0.16222493 0.29412526 0.37706518 -1.1484447 -0.92767334
171 1.4331506 -0.3146376 0.4023615 0.14254515 -0.6650084 0.5045073 0.68877417 -0.021388805 -0.8382361
172 0.048298836 -0.95978445 1.1488216 -0.13434194 -0.2675239 1.4451592 -0.42227018 -0.34182903 -1.7187208
173 -0.22026315 -0.57831275 1.4082866 0.29659986 0.39183617 0.8322975 -0.11627776 -0.10212951 -0.8176495
174 0.37136826 1.2619227 0.6699751 0.6066616 -0.19694713 0.35627437 -0.040154863 -0.8345951 -0.5049384
175 0.3254233 -0.75279313 0.6504561 0.34363165 -0.31777167 0.83533335 -0.3669679 -0.31323817 -1.2853297
176 0.60493535 0.76994526 -0.2140978 1.3107933 -0.70760655 1.4448824 0.41331467 0.45244285 0.03632992
177 0.1963757 1.1482992 0.52548623 0.66119903 -0.31315267 0.4609283 0.19132459 -0.7594647 -0.4962926
178 -0.41825145 -0.19659512 0.37943384 0.78602135 1.2142297 1.2232485 -0.34331 0.09354274 -0.7350635
179 0.34227848 1.1577095 0.55877954 0.8284071 -0.28419095 0.45037043 -0.055874314 -0.5461357 -0.31167987
180 1.3390266 0.19021831 0.16568413 0.7596034 -0.9797092 0.4588658 0.71605355 0.3266071 -0.76823753
181 0.26504764 -0.97603595 0.90237546 0.4920006 -0.4028568 0.9736076 -0.432638 -0.2508479 -1.0316213
182 0.5219527 0.4591786 0.14404513 -0.56116396 0.026148658 1.6766784 0.25852093 -0.41347712 -0.023173291
183 0.41519818 -0.7059748 0.04818427 1.3451824 0.8040283 0.694063 -0.40310422 -1.1430818 -0.58184415
184 1.8856586 0.04985798 0.009221558 -0.12804778 -0.19201033 1.1229566 0.98499024 -0.070632964 -0.26003703
185 1.3994371 0.4708033 -0.1626341 -0.15843844 -0.012379406 0.89667004 0.7505411 -0.23141597 -0.4873207
186 0.96985805 -0.10535773 0.5645283 0.2494955 -0.2372153 1.3314112 0.95949775 -0.64847225 0.8558399
187 0.65622926 0.12767144 0.029574608 -0.36338028 -0.001534305 1.9430182 0.58311355 -0.65053546 0.4519044
188 0.074997455 -0.9176029 0.57072157 0.13192506 0.10556029 1.1848211 -0.081103586 0.17552353 -1.160469
189 0.04218264 -0.93865013 0.7631965 0.068763845 0.09558535 1.290844 -0.20355324 0.18456674 -1.4319153
190 -0.047763024 0.22246571 1.0387249 0.5995133 0.69446677 0.6238075 1.2139323 -0.4800603 -0.18823637
191 0.69005024 -0.7842328 0.23400891 1.245412 0.60164285 0.576565 -0.41812786 -1.2859123 -0.3364355
192 -0.43465027 -0.2485717 0.1556494 0.70832163 1.0300857 1.2334261 -0.5867303 -0.26677915 -1.1294006
193 -0.12470935 0.47352317 1.2092059 0.92018604 0.6075687 0.44877383 1.2638053 -0.44347948 -0.270869
194 0.34187922 0.37402594 0.13344568 -0.14903367 0.004008272 1.3189608 1.1504071 -1.3203248 0.17034382
195 0.97024447 -0.31342083 0.07540678 -0.17687875 -0.097910404 1.6676358 0.7304701 -0.55478686 0.3921377
196 0.6517255 -0.22106154 -0.20701662 -0.18972579 0.25109082 1.6596661 0.6139087 -0.83743614 0.43337202
197 0.8198779 0.26051438 0.15147229 -0.4661716 -0.0075490666 1.7926109 0.431556 0.040541254 0.030093437
198 -0.22292066 -0.16616234 0.19708294 0.4746157 1.2356473 1.278179 -0.37641177 0.24195841 -0.93178874
199 0.06199725 0.88087946 1.1461339 0.7478702 -0.037069164 0.48548374 0.5378707 -0.36641395 -0.16734593
200 -0.28103778 0.64560056 1.0816702 0.3922361 0.4537667 0.82436836 0.9157359 -0.5263035 0.025461309
201 0.24870066 0.28108826 -0.24653855 -0.01892054 -0.39443552 2.3456175 0.64969444 -0.051171508 0.20859088
202 0.9062691 -0.7413325 -0.105236046 1.3228136 1.0289649 0.44174486 0.050810196 -0.38096002 -0.62540954
203 0.43164223 0.9645248 -0.29903737 1.8568795 -0.6873918 1.0391728 0.38134834 0.36912453 -0.5783867
204 -0.20480055 0.16465896 1.0420601 0.5358808 0.4897199 0.6576582 1.3231076 -0.50038075 -0.18166494
205 0.15177107 0.9221469 -0.2782487 1.5657969 -0.63707507 1.3169008 0.6414708 0.41953468 -0.3361075
206 0.4125383 1.0101306 0.026600638 1.551527 -0.89326686 1.2773412 0.3090434 0.36073944 -0.05522349
207 -0.33256292 -0.35185698 0.2167381 0.5745478 0.97912544 1.0433345 -0.33778793 -0.26536855 -1.2305589
208 0.31473672 -1.0018659 0.8193752 -0.0053932695 -0.49156633 1.2077823 -0.25283304 -0.49841094 -1.4327021
209 0.41421762 0.22293924 -0.21018055 -0.15033814 -0.067631535 1.8178864 0.35627282 0.0155268 0.03328181
210 0.29416227 -0.9139275 0.7867006 0.51789993 -0.07890078 0.87800103 -0.43165618 -0.011520241 -1.3878903
211 1.5738692 0.09057715 -0.31572965 -0.054857925 0.20749375 0.9282147 1.1446086 0.14909716 -0.80743885
212 0.61878264 0.26583135 0.17234226 -0.51027584 -0.054413844 2.0138323 0.39705023 -0.5396333 0.32055146
213 0.60239434 0.15811212 -0.01214597 -0.45104155 5.935182e-05 1.9094683 0.5663327 -0.44142172 0.15578409
214 0.15614207 0.6568066 0.49823508 1.3876168 -1.1217587 1.1012256 0.19208086 0.62580246 -0.44860575
215 -0.2130486 0.0045563607 -0.05091469 0.90501094 1.1640162 0.7405624 -0.28539926 -0.8095636 -1.1432326
216 0.23627391 -0.77708614 0.69831866 0.25701535 0.032438423 0.8832378 -0.17963819 -0.07778506 -1.482762
217 -0.1561042 -0.3361139 0.37020764 0.6844574 0.54511315 0.7766205 -0.47207493 -0.45038772 -1.0906961
218 1.9296349 0.3961889 0.04543268 0.017373342 -0.21122244 0.8004116 0.79968137 0.28029534 -0.7093086
219 0.6993513 0.14715102 0.03212967 -0.41054696 -0.18261175 1.7579795 0.84272915 -0.38578716 0.11591546
220 0.075476915 -0.21305166 0.69406796 0.23721635 -0.3586616 0.5566537 -0.252923 -0.6032522 -1.1068493
221 0.11677058 -0.7618258 0.7008077 -0.036104146 -0.32103464 0.87956727 0.62137693 -0.10275964 -1.1382402
222 0.44029808 -1.0534658 0.3959757 0.7907528 -0.13896428 0.9636973 -0.64765203 -0.70977354 -0.5858841
223 0.41568616 -0.030163724 0.11834182 -0.44984835 -0.25431788 2.0546045 0.6485427 -0.31964028 0.1186958
224 0.5659505 -0.093909726 0.286338 -0.2467112 0.5526205 1.1743728 -0.068289 0.30263862 -0.538144
225 0.83442557 0.027811952 -0.007922277 -0.3211455 0.18782638 1.3916655 1.283196 -0.40018538 -0.08674529
226 2.050384 0.38781586 0.07928947 -0.029061483 -0.014983081 0.84818137 0.62788516 -0.05181131 -0.46594575
227 0.24701887 1.0232629 0.76124066 0.44951153 -0.109904364 0.2753767 -0.035096325 -0.6735495 -0.6663412
228 0.27218258 -0.684884 0.00821041 1.0811887 0.5113567 0.8595909 -0.47215098 -0.52208346 -0.4810589
229 -0.09113718 -0.48276505 1.7530731 0.23813647 -0.08094396 0.7774369 0.04154984 0.10650452 -0.76486844
230 0.33687708 0.86326754 0.88227826 0.73869663 -0.15052347 0.10518905 0.39997795 -1.013664 -0.57453305
231 -0.41298145 0.25464258 0.7636038 0.731367 0.8537733 0.4687252 1.2215171 -0.2835843 -0.87862784
232 0.57439023 0.9554879 0.58336735 0.747817 -0.1492556 0.20214133 0.38141972 -1.3478429 -0.4499447
233 0.42153087 0.2951269 -0.09823436 -0.52676433 0.06268488 1.7526526 0.22466467 -0.4252245 -0.15443344
234 0.7953506 -0.6284542 0.24181837 1.4214313 0.7157097 0.49047053 -0.7265312 -1.2970418 -0.5475982
235 0.1176019 0.7505709 1.0360627 0.5663523 0.7454991 0.50633675 1.089392 -0.38415942 -0.041209757
236 0.5017405 0.85153925 -0.12864959 1.6306779 -0.6643983 1.0709072 0.59952265 0.49430814 -0.17378514
237 -0.023877462 0.035161443 -0.09252882 -0.07854348 -0.09393045 -0.06109546 0.098401085 0.078633875 0.032063484
238 1.7607074 0.11839169 0.10172766 0.5635703 -0.11232486 0.3754098 0.8904323 -0.7330272 0.0023765343
239 -0.15360111 -0.53594553 0.23790097 0.5360672 0.8702242 1.065983 -0.3159516 -0.23909853 -0.78793913
240 -0.17893475 -0.28518185 0.34046373 0.83187383 1.1378282 0.86530846 -0.19481792 -0.3489297 -0.64209247
241 -0.020926718 0.6894083 0.9145489 0.98912597 0.6363789 0.56082803 0.8465599 0.12320709 0.09071819
242 0.03541076 0.04637595 -0.06265538 -0.065697685 0.011537407 0.09957828 -0.1071809 6.989638e-05 -0.07627717
243 -0.13255689 0.8660402 -0.2747288 1.6805186 -0.50214374 1.2892301 0.06661165 0.6628061 -0.69762623
244 0.12090111 1.3810484 0.4202003 0.42182332 0.042555712 0.32120213 0.28750542 -1.187295 -0.89539844
245 0.2774192 0.48505282 -0.47902748 1.7290982 -0.13247135 0.8723764 0.5286144 0.37623632 -0.40938732
246 0.53448117 0.9652873 0.08779507 1.7422565 -0.5310804 1.1520933 0.4818655 0.59275484 0.05913083
247 0.647639 -0.86832756 1.0210131 0.1959355 -0.37423748 0.8892957 -0.42315385 -0.007752665 -1.1743711
248 0.4848457 1.2366109 0.57706404 0.54095817 -0.28307295 0.28302693 0.20510702 -1.020424 -0.6090942
249 -0.07666302 0.54898554 1.2277462 0.7631024 0.63494515 0.44191653 1.076846 -0.3288688 -0.22320926
250 1.3015305 0.13378133 -0.29777828 0.10021489 0.42089173 0.8455195 0.95540136 0.21147183 -0.6222743
251 0.25729355 0.53535384 0.7129485 0.36904594 0.57522404 0.47642192 1.3544796 -0.24565226 -0.3915041
252 0.24139725 1.2247975 0.33815673 0.5044593 -0.49298176 0.57425326 0.37209576 -1.0330664 -0.4797384
253 -0.11761333 -0.8026396 1.3087937 0.047763005 -0.2926188 1.2730767 -0.3910353 -0.26043355 -1.3653917
254 0.48148715 -0.9644356 0.90946823 0.28215706 -0.38591 0.8468732 -0.34836128 -0.5074209 -1.5228734
255 -0.009660908 -0.68342346 0.9321789 0.861251 -0.7537623 0.891037 -0.23933509 0.0610393 -0.82145244
256 0.79632777 0.27604255 -0.12114477 -0.5112443 0.00028508244 1.7199806 0.4686796 -0.4652276 0.05772492
257 0.060516197 0.42915913 1.0090952 0.56663793 0.866215 0.52176493 1.4534653 -0.3302255 -0.2652475
258 0.6119086 0.31964415 -0.2575319 -0.4600052 0.14925116 1.6959792 0.37678534 -0.15701295 -0.30901206
259 -0.4144289 -0.36105615 0.36366057 0.8358812 1.1305131 1.2793727 -0.5421292 -0.07155083 -0.7000692
260 0.5501884 0.2392593 -0.24478075 -0.45133978 -0.052891947 2.1423903 0.30117595 -0.53722894 0.05258958
261 0.5300536 1.631239 0.75802875 0.47559047 -0.2911374 0.39339322 0.23638506 -1.0648319 -0.7380444
262 -0.5608397 -0.28695711 0.26065543 0.8971273 1.2294269 1.3592708 -0.4330675 0.036386628 -0.75818765
263 0.6769105 -0.5632307 0.48356527 1.0458802 0.98428106 0.46042955 -0.33876827 -0.5574172 -0.35803744
264 0.80074656 -0.3028855 0.029220859 1.3244354 0.7715853 0.355364 0.06989119 -0.014889283 -0.2044016
265 0.012869417 0.6195508 0.40314654 1.5007998 -0.8604705 0.96840715 0.47557497 0.45498556 -0.31514597
266 -0.42615324 -0.2788161 0.34558028 0.7140152 1.2365906 1.0703086 -0.25888085 -0.18328518 -1.0482727
267 1.9273114 -0.34994444 0.5044701 0.258778 -0.37819907 0.7439048 0.4251739 -0.6423478 0.1433544
268 0.59347576 0.8751555 0.0029636743 1.5072472 -0.9600075 1.0150726 0.5747571 0.37988713 -0.47530144
269 0.51316816 1.0634501 0.067528225 1.7637082 -0.84379566 1.3680453 0.044443946 0.48074347 0.031340227
270 -0.14840305 1.0779172 -0.0012117233 1.2276406 -0.08559396 0.8175019 0.9942405 -0.002867979 -0.3120633
271 0.18787587 1.0218213 0.25295097 1.8822091 -0.9212761 1.121197 0.14870849 0.42686936 -0.32213926
272 0.015380949 0.33202562 1.0483334 0.63770074 0.37486613 0.5179558 1.1787521 -0.83018327 -0.21282415
273 -0.2931777 -0.40604222 1.3959178 0.10516165 0.41709185 1.0495784 -0.24889955 0.13693546 -0.8560064
274 -0.33546755 0.48580343 1.1399271 0.6861471 0.43848985 0.64667094 1.2256948 -0.3919472 -0.24864945
275 -0.25944063 -0.37720993 0.39069864 0.6990698 1.211723 1.083604 -0.42750636 -0.1978981 -0.9833434
276 0.11064857 0.63641536 1.175276 0.7688044 0.56560874 0.5146741 0.93114245 -0.66804886 0.13528731
277 0.27795863 -0.8508337 0.80280733 0.5274943 -0.5816007 0.8707763 -0.36077437 -0.34724426 -1.2647855
278 0.70008063 -0.9213944 0.74744564 0.18556824 0.0019508307 0.8423881 -0.6194315 -0.57164264 -1.1186624
279 1.2443855 0.06887868 -0.18101422 0.74773866 0.7474714 0.45925853 1.0019842 0.20042345 -0.12071308
280 0.57576936 0.87068343 -0.47583094 1.1217986 -0.66848433 1.5227331 0.19445589 0.3324984 0.0448184
281 0.60050166 0.98872435 0.15725236 1.7536228 -0.7986595 1.5113024 0.39509463 0.42385417 0.45859554
282 -0.021052208 -0.8451266 0.7346638 0.3502974 -0.62312627 1.2393355 -0.50801486 -0.5388525 -0.76484865
283 2.1618454 -0.078668326 -0.042534143 0.30941385 -0.24984099 0.86640704 0.74796194 -0.15002944 -0.28213137
284 -0.010358321 0.033788905 -0.05588852 -0.03084449 0.0075065293 -0.07069135 0.08096198 0.04864914 -0.09509483
285 0.4904676 -0.7382024 0.19232842 1.4373757 0.8266639 0.5311429 -0.32491463 -0.85635674 -0.57204604
286 0.17207044 -0.92046815 0.8929747 0.6404412 -0.1093379 0.7322723 -0.22401646 -0.45864043 -0.96700037
287 0.37014255 -0.9234242 0.91731304 -0.0077703665 -0.230005 1.042631 -0.11786087 -0.0081961425 -1.4256623
288 0.3219297 0.79595846 0.6888657 0.46830228 -0.08939019 0.33670485 0.5263615 -0.9862463 -0.35582995
289 1.3309442 0.23367152 0.7931537 -0.34859362 0.6301433 0.7669053 -0.099871404 0.10877604 -0.4780179
290 1.0972852 0.59311837 1.1195383 -0.307367 0.62469774 0.890184 0.005789435 0.1790533 -0.060621034
291 1.1292526 0.41914785 0.8728746 -0.23002392 0.3582877 0.86481047 -0.16776505 0.24495885 -0.2987727
292 1.1512284 0.5114185 0.7517721 -0.27747968 0.84590894 0.7985305 -0.22514662 0.12215351 -0.3524473
293 1.1744468 0.5295824 0.6076642 -0.2790382 0.64013976 0.97189194 -0.43041003 -0.072607115 -0.23802364
294 0.89314127 0.6073229 0.49474937 -0.12194883 0.5734924 0.84328234 -0.33321625 0.076380864 -0.38240117
295 1.2055598 0.6332189 0.8021446 -0.32466006 0.58337885 1.0385013 -0.19794388 0.22302887 -0.19938262
296 1.0892445 0.5045023 0.53518426 -0.11457359 0.14106183 0.81487054 -0.18143131 0.049389638 -0.29030296
297 1.1706482 0.48568347 0.68594754 -0.22776917 0.36316532 1.0396516 -0.35782343 -0.0055734506 -0.085431986
298 1.3669976 0.61791503 0.79169273 -0.47324565 0.4368622 1.3395331 -0.14837672 -0.019924795 0.045767076
299 1.4815769 0.8296572 0.730037 0.0010029372 -0.046384003 1.0641901 -0.05720054 0.7208428 -0.23447676
300 1.2896458 0.67708635 0.6050765 -0.31694344 0.14294961 1.287092 -0.26865476 0.35417843 -0.16370112
301 1.3910232 0.3659389 0.35815844 -0.07475374 0.81488353 0.86209685 -0.3511584 -0.1911299 -0.072956026
302 1.4084698 0.54365516 0.77750003 -0.12622392 0.2062482 0.9080734 -0.20437212 0.3392272 -0.27414992
303 1.3769306 0.56284064 0.92389846 -0.289809 0.5437817 0.9482028 -0.2916613 0.12531452 -0.17285255
304 0.7811523 0.48392573 0.61843354 -0.49711722 0.23279224 1.1581197 -0.11330713 0.24898636 -0.3777355
305 1.3757813 0.37615296 0.70074457 -0.35867786 0.36685497 1.107951 -0.32678607 0.24455838 -0.34347337
306 1.2964574 0.5737412 0.5932092 -0.38127488 1.0226197 0.9842997 -0.34317914 -0.0250889 -0.20697623
307 1.0881145 0.70914567 0.5674057 -0.40070754 0.6482376 1.0187669 -0.39464542 -0.028318722 -0.29100442
308 1.532686 0.34203154 0.45328096 -0.3147964 0.23256707 0.8811189 0.20316292 0.032622248 -0.3445909
309 1.1488736 0.3703631 0.46383503 -0.14857757 0.35667098 1.0441837 -0.20406109 0.04400532 -0.1141384
310 1.2529008 0.4834606 0.76989186 -0.29099593 0.5089373 1.078614 -0.23541151 0.12707403 -0.013335097
311 0.074200615 -0.011720274 0.10103288 0.017298844 -0.02193235 -0.07327722 0.07193225 -0.100773364 -0.021073394
312 1.1842681 0.39703926 0.7339423 -0.36224556 0.40452453 1.0220687 -0.14273073 0.2651283 -0.30142036
313 0.89719796 0.13462406 0.61484784 -0.33668974 0.0912045 1.1894763 -0.19849147 -0.16391408 -0.044644114
314 1.2376835 0.46389508 0.27614766 0.19679002 0.524741 0.6496713 -0.28056014 0.11595851 -0.27705434
315 1.0390171 0.13748397 0.72076106 -0.18272173 0.24151288 1.0244159 -0.5000998 0.30718336 -0.4046998
316 0.88657784 0.53084713 0.4959953 -0.1869008 0.7754169 0.9269945 -0.27992776 -0.1294726 0.006621483
317 1.3643986 0.40100533 0.64708114 -0.05060155 0.42769063 0.81206703 0.07811713 0.2202862 -0.072383806
318 1.1341103 0.7379803 0.71869385 -0.2418329 0.6127628 0.85709584 -0.3017454 0.08968635 -0.30824947
319 1.0792688 0.74193144 0.8372637 0.069213204 0.025992492 1.0616647 -0.12643144 0.5881413 0.019533008
320 1.085611 0.68179405 0.6844406 -0.26718014 0.7407063 0.84078485 -0.29291135 0.010663557 -0.39294347
321 1.2658322 0.7982072 0.46094057 -0.13155395 0.2112845 0.95002586 -0.22389962 0.24630438 -0.2780747
322 1.121649 0.8075012 0.52401966 -0.30323622 0.43250474 0.75030154 -0.30914924 -0.15705389 -0.47838804
323 1.2946019 0.8146805 0.86514705 0.0032009203 0.39737725 0.8529812 -0.30980483 0.15508309 -0.013524979
324 1.0376457 0.6266536 0.70080745 -0.36222836 0.8090524 1.0927589 -0.36434302 -0.046313364 -0.11909866
325 0.54593176 1.1567416 0.35511047 -0.32422554 0.38754183 0.8494038 0.12033998 -0.30931208 -0.48202035
326 0.84311163 0.33529022 0.40135 -0.34131876 0.449934 1.2124435 -0.4154249 -0.13164338 -0.08780143
0 -0.012333791 0.104955316 0.08929486 -0.058601074 -0.09041675 -0.025082164 -0.102964245 -0.056308217 -0.06608674
1 1.5069107 0.7046887 0.1554563 -0.16530168 -0.9624372 0.7135721 0.23611021 0.14690612 0.16029018
2 -0.025948804 1.1213961 -0.15276082 0.3297097 -0.4847684 1.6042887 -0.5244446 -0.15551797 -0.8472448
3 0.50168943 0.9245833 1.06417 0.81409234 0.6462872 0.97432625 -0.24253888 -1.6744369 -0.85023946
4 0.42289352 0.5349359 0.90250796 0.07020851 0.9995071 1.1598005 -0.32177782 -0.83882314 -0.11268393
5 0.6615135 1.0239583 0.6643798 0.88378745 0.4827103 0.6602981 -0.50404394 -1.2858157 -1.0929028
6 1.0033492 0.094704196 0.11054203 -0.26154235 0.6545108 0.8123965 0.6673778 0.688475 -1.4441729
7 0.856403 1.117397 0.54163945 1.0247893 0.55086386 0.52408767 -0.54445803 -1.5369955 -0.8532426
8 1.6998961 0.9484909 0.3690749 0.08593784 -0.81739116 0.41296968 -0.112901464 0.082079485 0.1464163
9 1.9276181 0.3822702 0.3078295 0.31870952 -0.68010956 0.4087552 -0.00021666652 0.07323837 0.15704907
10 0.02210342 0.9479942 0.25618097 0.21266943 -0.41710392 1.3610889 -0.42010653 -0.39304286 -0.58393973
11 0.5606967 -0.27179036 0.24566859 0.8963746 0.22892141 1.1867086 0.34931317 0.9169707 -0.7711965
12 0.4601 -0.30281532 0.40901938 1.0531943 0.1732744 0.8835609 0.54751766 0.45027247 -0.63889325
13 1.5135986 -0.18707488 -0.81474584 0.00030395272 0.46216503 1.0358539 -0.048997093 0.09672566 0.29590487
14 0.47316396 -0.08449859 0.3542376 0.43946943 0.67960376 1.0756768 0.0010098863 0.88694805 -1.0850804
15 0.074429356 -0.107019916 -0.07763653 -0.08895556 -0.025143676 0.005331556 -0.04191425 0.020504143 0.10230206
16 1.6150666 0.5851149 -0.04396662 -0.22217888 -0.6502026 0.95806396 -0.061361607 0.3668842 0.38770396
17 0.20596942 1.1681303 -0.36434406 0.065116085 -0.42839566 1.7231698 -0.7906843 0.13419627 -0.6882366
18 0.022070063 0.04062414 -0.01101311 -0.07679609 -0.03568514 -0.0947508 0.10456349 0.04138262 -0.08754909
19 0.4187156 -0.20838621 0.4946107 0.9096881 0.4979033 0.991503 0.28301978 0.8259825 -0.77288663
20 2.151089 -0.62236065 -0.5900423 0.5140929 0.040699963 0.7417315 -0.07382274 -0.6410309 -0.10369395
21 0.46251282 0.64185333 0.82416195 -0.08611555 0.9983444 1.2837119 -0.5132809 -0.76284754 0.11539204
22 1.2570207 0.6849012 0.28755838 -0.10419493 -0.8854607 0.8474333 -0.2060042 0.2794761 0.03362465
23 -0.006805261 -0.056691527 -0.034178164 0.09012727 -0.08497678 -0.0701031 -0.05848531 -0.0733749 -0.09822914
24 1.952704 -0.2600798 -0.5795649 0.2950197 0.07308221 0.982335 -0.23585734 -0.06944449 0.5734994
25 0.87793106 1.2019638 -0.9892284 1.3332379 0.5392786 0.6073937 0.65262127 0.17225815 0.67829406
26 1.4931736 -0.24473427 -0.6461905 0.6274279 -0.05881575 0.51093227 0.3531267 -0.35089767 -0.08260045
27 0.8639926 1.1594975 0.9021191 0.894156 0.4590284 0.6231832 -0.53681177 -1.3940868 -1.0604222
28 1.1922641 1.1151171 0.14052062 0.45810646 0.2725491 0.18515909 1.0891132 0.23674838 0.7682491
29 0.9696156 0.6286979 1.2795804 0.6713553 0.6346239 0.80388194 -0.752291 -1.2144583 -0.57672656
30 0.97117126 0.80347425 0.9494903 0.6459727 0.31103188 0.57625395 -0.3547947 -1.4560307 -0.89931834
31 0.5430639 0.3988233 0.89759856 0.15424265 1.219608 1.0881733 -0.45718908 -0.46611086 0.3475279
32 0.72922236 0.7201118 1.2325037 0.6417699 0.36985734 0.78445923 -0.33577415 -1.3172557 -0.67102766
33 0.44704223 0.9863898 1.0663885 0.4168478 0.66312826 0.8951375 0.01800742 -1.4274108 -1.0670493
34 0.14274977 0.9275687 -0.0643552 0.1435532 -0.4661654 1.4142661 -0.3881385 -0.13170622 -0.6105445
35 0.7037209 0.8032419 0.86381537 0.9870818 0.56290406 0.77210325 -0.62750363 -1.346725 -1.1105739
36 1.4548174 -0.16131453 -0.83912104 0.144611 -0.0077865114 1.1944876 -0.09576384 0.041868813 0.23222634
37 -0.023908602 0.070474304 0.017428981 0.092385426 -0.09240231 -0.050843053 -0.008934259 0.097779766 0.012292796
38 1.4755741 -0.24339698 -0.4152871 0.28323042 -0.028265286 1.0992785 0.08351556 -0.13215515 0.72383887
39 0.81261164 0.7480973 -0.77769804 1.2093989 0.7051226 0.40371594 0.74229926 -0.0983303 0.35424173
40 0.32164007 0.25359404 0.90751135 0.15591916 1.031833 1.3011981 -0.4346623 -0.4026941 -0.034694467
41 0.32364067 0.62625784 0.88370645 -0.23626237 0.64459187 1.2693845 -0.110828646 -0.41548243 0.24321401
42 1.6496356 -0.32433158 -0.6903692 0.21075757 0.23898934 1.359742 -0.031771872 -0.16415519 0.8212424
43 1.888583 -0.43128526 -0.7717253 0.5838953 0.0054184985 0.69686836 0.05498072 -0.48512653 -0.0910944
44 0.83937913 0.8599695 0.82022834 0.96511847 0.5274938 0.71985865 -0.625074 -1.4159098 -1.0565809
45 1.8005854 -0.3233412 -0.8495786 0.5079839 -0.11682499 0.8191764 0.07860202 -0.359998 0.063872784
46 1.0336117 1.0070081 -0.9586396 1.4157537 0.41679847 0.41178885 0.45566615 -0.14747836 0.56837523
47 0.124946974 1.0375776 0.103877515 0.069560125 -0.7209233 1.5136535 -0.3602399 -0.017452396 -0.7155352
48 0.24406242 0.6298331 0.7649334 0.18230928 0.30359507 1.4011613 -0.6622127 -0.92054254 -0.1806335
49 1.9327142 -0.40930548 -0.84415 0.6358455 0.058817457 0.6248956 0.16861491 -0.69404155 -0.08419942
50 0.47144735 1.0111654 1.2549895 0.6508513 0.26279402 0.9623504 -0.06420037 -1.4169152 -1.0872023
51 1.6461025 0.5909301 -0.6000654 0.74356455 0.57897425 0.013313874 0.30311888 -0.3773691 0.43850386
52 1.3586186 0.25685394 0.31362414 0.44306952 -0.5129872 0.4773409 0.33964455 0.18401378 0.4287234
53 0.43282595 0.22737394 0.021332406 0.07294679 0.7918044 1.1467462 1.3884741 0.50130844 -1.3852242
54 0.62495846 -0.45836195 0.27990508 1.0949291 0.11287035 1.0363028 0.56424993 0.74987835 -0.6093724
55 0.5688458 0.04792796 0.38668543 0.5530855 0.107823335 1.1290103 0.7625672 0.93366206 -0.57817596
56 0.7745134 -0.47080022 0.16969596 1.056507 -0.028703125 1.2044842 0.31440625 0.9409001 -0.73845506
57 1.5612838 0.51479226 0.21311049 -0.111169174 -0.9781351 0.88016814 -0.0007202826 0.4002169 0.040140744
58 -0.028632786 -0.046487108 -0.021387538 -0.10972325 0.002894865 -0.011740605 -0.033015743 0.027784944 0.052148834
59 1.6277298 -0.38594043 -0.6332359 0.37172264 -0.12445789 1.471235 -0.13768467 -0.01010557 0.68385667
60 1.7102085 0.62844133 0.5251457 0.48240945 -0.7929308 0.3299622 0.0754026 0.13797125 0.21421356
61 0.08424629 0.08885279 -0.04760353 -0.10364512 -0.02080573 -0.041203022 0.10109566 0.032668248 -0.066423826
62 1.6447557 0.6606957 -0.15023004 -0.6128582 -0.56387603 0.63846964 0.08630666 0.27111262 -0.21886891
63 0.21563183 0.7923197 0.792643 -0.07510044 1.2733471 1.4494222 -0.38496578 -0.44150066 0.2924612
64 1.1380675 0.86019003 -0.6856956 1.0615988 0.65975183 0.56778705 0.6220293 -0.071389474 1.0424864
65 0.085471086 -0.028742896 0.017846584 -0.0816235 0.05531201 0.08192297 -0.103428215 -0.03642061 0.087697096
66 0.35273433 0.7572497 1.0077554 0.1610034 0.8300259 1.2826228 -0.5200452 -0.6261452 0.15737426
67 1.3386492 0.36094692 0.4284935 -0.038355224 -0.70355153 0.6658662 0.06364856 -0.29917234 0.3521095
68 0.5369663 0.32711405 0.9499494 -0.073494 1.0431021 1.0893867 -0.268918 -0.51241803 0.16687417
69 0.8835809 0.1000651 0.136598 0.019663803 1.0373048 0.80737555 -0.2753142 -0.599174 0.46857738
70 0.38629508 0.93874013 0.27748471 0.5404559 0.07436887 0.9925077 -0.63285035 -1.1328698 -1.0122045
71 1.6393013 -0.055366132 -0.5106234 0.29158953 -0.24214327 1.24464 -0.24558197 -0.005286772 0.7995005
72 1.6721098 -0.4045578 -0.88223773 0.54724693 -0.10639278 1.2507349 0.06369506 -0.10795737 0.4674317
73 0.6754149 0.79655427 0.7788197 0.94718415 0.47943372 0.66722447 -0.39451998 -1.3800099 -0.8892198
74 0.49571082 -0.20336212 0.34737107 1.1019915 0.013794442 1.1259068 0.4196531 0.9548047 -0.7094362
75 2.0166812 -0.44989416 -0.72592866 0.7538761 0.05659956 0.5567829 0.13013172 -0.56636834 -0.08197561
76 1.4200671 -0.1399214 -0.6796541 0.44705373 0.0375157 1.2595639 -0.037040975 -0.15799469 0.80329037
77 0.6079746 0.5958281 0.4292516 0.06364695 1.3290826 0.97227275 -0.40913072 -0.7563706 0.33558288
78 0.67896044 0.6830014 1.121598 1.0503713 0.43664902 0.8176693 -0.4723173 -1.3698876 -1.0619607
79 0.77425694 0.9327639 0.58450663 0.7970903 0.4936555 0.5363244 -0.4817429 -1.2978035 -0.97246194
80 0.47111484 0.054273773 1.075631 0.32624185 0.86544734 1.2392836 -0.48907194 -0.4483669 0.059668988
81 0.017110864 0.014342057 0.032473564 -0.104399405 0.03616002 0.060718723 0.058736973 0.04933209 -0.08984853
82 0.41994062 0.20213251 0.07340028 0.7100339 0.21771303 1.1996336 0.16504246 1.0763781 -0.9844144
83 0.6098269 -0.18977496 0.38485852 1.2035036 -0.08312841 1.0399181 0.40119717 0.9466005 -0.74675965
84 0.054286174 0.021941714 0.097971335 0.017014861 -0.020305144 0.07209745 -0.07855468 -0.09321181 0.0421019
85 1.6615453 0.93503225 0.06258955 -0.070949845 -0.7615537 0.6209674 0.20391855 0.31459233 0.45279694
86 0.16177994 1.0362829 0.19608468 -0.022607818 -0.33132893 1.2617435 -0.32716587 -0.2348078 -0.8316492
87 0.41601938 0.83960617 0.687348 0.646431 0.60362834 0.77805036 -0.31915212 -1.132032 -0.7474985
88 0.94656247 1.208716 -0.9225846 0.21462457 0.87280554 0.23590952 1.0017272 0.7481743 -0.88830715
89 1.4260824 0.70849836 0.13536713 0.15723434 -1.1001244 0.83260375 -0.27033907 0.37649238 -0.028333064
90 1.4543791 -0.26250923 -0.54458797 0.21266924 0.021734674 1.1428066 0.088818796 0.047003783 0.5212789
91 0.034818504 0.96949774 -0.13916579 0.17038435 -0.14929047 1.5649153 -0.787586 -0.28172114 -0.59306896
92 0.7007617 0.85903984 0.7253203 0.78538233 0.5580926 0.7801625 -0.42257977 -1.5085295 -1.0079507
93 0.5587269 -0.39848936 0.5458336 1.3317021 0.13792716 1.0553662 0.376595 0.8593119 -0.9504161
94 0.60411763 -0.006622985 0.3681981 0.9173274 -0.40514204 1.0537144 0.5221623 0.917937 -0.44375375
95 0.038053624 1.259819 0.101501666 0.19169234 0.06625545 1.3679585 -0.74477816 -0.28761742 -0.5539811
96 -0.025205664 1.1789662 0.13090675 0.2842533 -0.24040885 1.5454584 -0.48641297 -0.08112345 -0.9484116
97 1.9928446 -0.57007396 -0.7172051 0.46243957 0.09052803 0.78546125 -0.013961734 -0.551166 -0.054601107
98 0.7650529 0.7913626 1.0364887 1.0789171 0.50306827 0.7153322 -0.5153881 -1.3622189 -0.9383628
99 0.5595177 0.57988167 1.1059452 0.4958907 0.98851734 1.0434827 -0.634155 -0.8776074 0.08636749
100 2.0676537 -0.46988308 -1.0039095 0.5875135 -0.33823505 0.74670964 0.28816915 -0.6368789 -0.31403416
101 -0.057715297 -0.013310526 0.058574636 -0.06607155 -0.05530193 -0.054984704 -0.052848313 -0.0886677 -0.108405165
102 1.7232394 0.76568747 0.3332148 -0.26478446 -0.85883975 0.7642869 0.16213366 0.05616397 0.47362858
103 0.6457384 0.6153897 1.2118775 -0.16362953 0.5814633 0.90751463 -0.36515987 0.2162683 0.110469125
104 1.8723922 -0.51882803 -0.70401037 0.38321325 -0.023738837 0.804751 0.10998448 -0.39174122 -0.024756588
105 0.35066894 0.5434677 0.6519202 0.11418348 1.1150719 1.3314744 -0.61348987 -0.5461278 0.20438822
106 2.1088004 0.6612282 0.37777 -0.36301574 -0.6269882 0.77739495 -0.11745798 0.017579705 0.5345475
107 0.68933696 0.51013476 1.1023422 0.08510779 0.98379177 1.0610197 -0.6908733 -0.38724393 0.23022743
108 1.6325296 -0.26135927 -0.57832026 0.1920327 0.19932401 0.7355479 0.036291625 -0.37731776 0.19595702
109 0.28790835 1.2559019 -0.3635535 -0.008087573 0.42280632 0.9849464 1.8023224 0.3205602 -0.8143027
110 2.011366 -0.5148368 -0.6099988 0.5830152 -0.20337245 0.6817509 0.17184868 -0.7923082 -0.14739521
111 0.67349607 0.5535113 0.82666063 0.24936482 0.8905796 0.8971344 -0.5226721 -0.9343269 -0.1692951
112 0.8653863 -0.213559 -0.012202826 0.11894033 0.75320435 1.0741814 0.85838056 0.7681566 -1.4070339
113 0.74148387 -0.02158168 0.23656814 0.048881717 0.6171767 0.8280212 1.1865876 0.4123466 -1.0971569
114 0.6161835 1.4449815 -0.470493 -0.21277928 0.709127 0.84107965 1.6526114 0.74444026 -1.1365458
115 0.7447052 0.8384745 0.8736403 0.86980665 0.50291264 0.85376954 -0.57737625 -1.4869567 -0.93522745
116 0.9110089 0.100076176 0.12425205 -0.36954084 0.7288847 1.0121979 1.3156047 0.5464741 -1.1116266
117 2.0339587 0.61404926 0.36880827 0.15066443 -0.8262844 0.50763965 -0.0012170828 0.22334373 0.21971728
118 -0.1176393 1.661496 -0.19906041 0.47180885 -0.03180295 1.6102794 -0.6552929 0.108013704 -0.6667947
119 0.71913695 0.86956906 1.0957083 0.6803959 0.40632975 0.7966104 -0.213149 -1.6230183 -1.1206592
120 1.312848 0.78721625 0.73740774 -0.14095747 -0.1550753 0.5005349 -0.114332914 0.6317387 0.3238422
121 0.38344797 0.821014 1.0770499 0.8831679 0.0664126 0.7415967 -0.2451098 -0.9040205 -1.080631
122 0.05760192 0.590788 -0.5256126 0.27358216 -0.47867838 1.4648193 -0.32761234 -0.14018106 -0.5343052
123 1.7240156 0.45413968 0.09727292 0.2977104 -0.9462642 0.70702535 0.08871153 0.02981648 0.39690772
124 0.045757417 0.8665257 0.15153149 0.14870921 -0.43159273 1.4458268 -0.4696572 -0.18776825 -0.6636211
125 0.501568 0.3472298 1.3303462 0.27807376 1.0385661 1.3132482 -0.40865445 -0.768659 0.14297281
126 1.7004417 0.6889622 0.4115477 0.013085215 -0.8821631 0.6189612 0.15580045 -0.16594827 0.37640703
127 0.3929639 0.7384704 0.74824727 0.3474914 1.3649244 1.246912 -0.47648388 -0.6823745 0.34088403
128 1.607646 -0.21048667 -0.754362 0.4141661 0.17814925 1.3792303 -0.06072124 0.18067569 0.897607
129 -0.095050775 0.0638137 0.051482413 0.0013219648 -0.09825487 -0.02093033 0.00212072 -0.086199366 0.027446218
130 0.0704734 -0.08793052 -0.055433273 -0.097638555 -0.09943373 -0.04144512 -0.014152288 -0.09125148 -0.05973689
131 1.6336854 -0.24116376 -0.840667 0.46490294 0.15654923 1.4313558 -0.2692547 0.028902626 0.9233103
132 0.75273985 0.61366457 -0.13961254 -0.22336192 0.58590037 0.8855948 1.1864697 0.7624496 -0.7305724
133 1.405671 0.107130565 0.862251 0.34385905 -0.5500723 0.28456438 0.14030164 -0.46891633 0.027971517
134 0.0053751864 -0.07844477 -0.09188232 0.06713545 -0.09278323 -0.06199761 0.06200139 -0.005403903 -0.033937387
135 0.6196651 0.38424325 0.03014828 -0.14204991 0.36358452 0.6062017 1.0979279 0.033313535 -0.99733716
136 0.5712181 0.38610962 0.72687894 0.120580405 1.0594506 1.1888682 -0.72879857 -0.4011424 0.10314826
137 0.4764522 0.41901502 -0.31045997 0.31970868 0.49098915 1.0577393 0.38474494 0.9501739 -1.0361896
138 0.41687405 0.6347853 1.0621902 0.3407523 0.85135925 0.9995196 -0.22270697 -1.2213267 -0.5742371
139 0.3567429 0.41267934 0.68511844 0.19718626 1.0542517 1.2299126 -0.667507 -0.34036133 -0.11078267
140 0.48815587 1.3644747 -0.19762236 0.11485964 0.337442 0.82681155 1.1440489 0.99984705 -1.1254816
141 1.4533169 1.0512022 -0.29175305 1.0524969 0.874715 0.14871442 0.54738426 0.092466295 0.9471829
142 1.8944407 0.43528566 0.13659145 0.10918447 -0.75020295 0.6687212 0.115190096 0.24384947 0.39162135
143 0.72802544 0.90836984 0.6154174 0.5843187 0.66133887 0.6742595 -0.5243542 -1.3661537 -0.64803207
144 0.39732516 -0.037539676 0.14108537 0.72337747 -0.18989705 1.2473899 0.7146329 0.77498364 -0.7243648
145 0.20719278 0.6929826 0.31717446 0.2419713 -0.46141022 1.207305 -0.43971348 -0.19586067 -0.57218534
146 1.6566545 -0.56916124 -0.8229317 0.5495107 -0.06349113 0.7712142 0.21425006 -0.4580434 -0.28691596
147 0.028549207 0.060184903 -0.039836723 -0.016844817 0.10188413 0.10070232 -0.10436627 0.08408121 0.109867215
148 1.7555377 0.33683494 0.36295804 0.51561254 -0.90623367 0.45591563 0.16648793 0.24193366 0.19439554
149 0.18770634 0.9772117 -0.19698876 0.35778123 -0.5223992 1.129126 -0.21625812 0.16053964 -0.39463574
150 0.5676933 0.43226585 -0.004492597 -0.2720675 0.0903856 1.0683995 1.5642279 0.09285236 -0.7030536
151 0.9802931 0.14531781 -0.11585121 -0.30986193 0.5654901 1.0004085 0.65061533 0.76605505 -1.4773772
152 0.1902933 0.9622949 -0.20364462 0.22455001 -0.51276904 1.1665976 -0.20786765 0.119348206 -0.28071347
153 1.7254058 0.25246134 0.4448881 0.3082067 -0.70426685 0.5812254 0.100094676 0.0121232215 0.4227888
154 1.3328855 0.8890761 0.081163764 0.97632354 0.9300806 0.28725135 0.30801034 -0.011783552 1.181967
155 1.0309548 0.3722901 -0.78729063 -0.2146761 0.76079816 0.7618863 0.4441893 0.679582 -1.230653
156 0.03541076 0.04637595 -0.06265538 -0.065697685 0.011537407 0.09957828 -0.1071809 6.989638e-05 -0.07627717
157 1.8265688 -0.32324302 -0.8920602 0.40467712 0.122876994 0.75287694 0.26409543 -0.4099501 0.12536669
158 0.76820064 0.9560012 0.6976664 0.7592449 0.5983705 0.717221 -0.6325231 -1.3448739 -0.91749096
159 0.5595336 0.5815154 1.2442952 0.4021157 0.18033008 1.1561681 -0.40376225 -1.3347616 -0.4258851
160 -0.06746491 0.6086407 -0.06662046 0.43507338 -0.39366624 1.3783989 -0.2176079 -0.04561993 -0.52538776
161 0.53802884 0.8808139 1.2036313 0.45134652 0.560572 0.8366532 0.048287064 -1.4964818 -0.95859456
162 0.48830432 -0.3051314 0.34553283 0.8831615 -0.16108689 1.3158253 0.84341556 0.76214445 -0.6609537
163 1.3786297 0.5852442 0.405131 -0.00026300887 -0.81785816 0.77780926 -0.12592275 0.52628434 0.08337889
164 0.82609254 1.2036858 -0.9708052 1.4704437 0.8817017 0.49530628 0.54688746 -0.6869668 0.61168456
165 1.1528852 0.1822017 0.30863267 -1.000995 0.39480466 1.013045 0.94690305 0.40968403 -1.4857551
166 0.074200615 -0.011720274 0.10103288 0.017298844 -0.02193235 -0.07327722 0.07193225 -0.100773364 -0.021073394
167 1.2396517 1.2236722 -0.9611677 1.3674511 0.4729308 0.56962854 0.618694 -0.24050407 0.9709143
168 1.2001811 0.8848647 -0.6561695 1.0983415 0.45937032 0.5367704 0.44172668 -0.29356852 1.0608841
169 1.6430651 0.97474813 0.11193448 0.59088314 -0.5973629 0.31286067 0.59241945 0.0842962 0.7472747
170 0.58784354 0.9612062 0.5545547 0.80653274 0.6732847 0.6439269 -0.33101353 -1.3782355 -1.0278934
171 0.5604453 1.2501804 -0.78240263 0.039066453 0.7372585 0.8645857 1.592268 0.6930573 -0.9820828
172 1.0360571 1.2335027 -0.9572474 1.4083688 0.75657445 0.4847427 0.6332749 -0.43969187 0.76102895
173 1.137904 0.79874736 -0.6733649 0.8534265 0.79214656 0.45757067 0.20170125 -0.32525486 0.83875364
174 0.47200766 0.84031194 1.0793858 1.0192844 0.27973345 0.8747801 -0.033633117 -1.6328988 -0.80266863
175 1.488834 1.0248845 -0.6547436 0.8729134 0.7520016 0.313207 0.1985224 -0.482012 0.895164
176 0.4184826 1.0781497 -0.22290893 0.11944081 -0.51833797 1.2531767 -0.53247917 0.6448208 -0.82486486
177 0.482615 1.0328585 0.5277618 0.7294808 0.8033337 0.70185643 -0.27319568 -1.3286301 -0.8919865
178 1.2032686 0.054705445 -0.9286233 0.38634348 0.014993046 1.2804506 -0.082210965 -0.2153804 0.6514067
179 0.40045446 0.890543 0.62852526 0.27041274 0.51207036 0.6945134 -0.22865997 -1.0237248 -0.9498423
180 0.6502865 1.3541844 -0.6879458 -0.17181106 0.38941363 1.0869167 1.5080322 0.8534897 -0.9236297
181 1.3545127 1.2655736 -0.4902381 0.6806733 0.64157873 -0.06176688 0.768313 0.43186057 0.24511349
182 0.56534064 -0.28409013 0.21033767 0.5875023 0.2775283 1.2791166 0.52127486 0.9715095 -0.7856324
183 1.976109 0.6619841 0.400013 -0.26652747 -0.5874224 0.6204805 0.24876373 0.201431 0.4737875
184 1.1764456 0.036583778 -0.25097847 -0.24556237 0.7246894 0.96480125 0.85171723 0.77733314 -1.6738209
185 1.1209221 0.18467553 -0.10446488 -0.4170451 0.5264662 0.8226322 1.0590291 0.54558694 -1.372112
186 0.3611272 1.5644231 0.3024491 -0.12093266 0.11227702 0.76654744 0.29655215 0.9009894 -0.97005856
187 0.7439063 0.5212651 0.7314281 0.07206959 0.16979559 0.83979326 0.15683548 1.1470696 -0.3695306
188 0.033612464 -0.08410047 0.013895392 0.025410017 0.059036836 -0.022448845 -0.108574 0.058018524 -0.06562771
189 -0.045108635 0.092765674 -0.0063676834 -0.1048531 0.05315153 -0.0671682 0.074238814 0.059708647 -0.05606303
190 0.16706747 0.63476795 0.58713 -0.016586479 1.1376883 1.3981543 -0.49235827 -0.5427378 -0.10014743
191 1.6109899 0.5060065 0.37713724 0.1801132 -0.7709882 0.5071061 -0.037546653 0.075012 0.29952005
192 2.0774302 -0.5049326 -0.52022946 0.71402836 -0.060294565 0.6982373 0.018860761 -0.35023353 0.102554895
193 0.2507884 0.6829152 0.74008095 -0.0060129077 1.1081815 1.4235171 -0.43668842 -0.6424666 0.053095017
194 0.7317663 0.62933254 1.0390509 0.25501665 0.15006527 0.99949735 0.4953402 1.4498372 -0.58616376
195 0.32955882 0.98772895 -0.22141798 0.57521063 0.103108935 1.1026734 0.22732526 1.3048401 -1.1180065
196 0.8404934 0.554038 0.9646444 0.23645279 0.2553888 1.006 0.3241867 1.4643304 -0.4734778
197 0.59901416 -0.35978773 0.24013638 1.1737591 0.20349869 1.1592839 0.5653369 0.96983236 -0.75504297
198 1.8391442 -0.49786723 -0.6908461 0.38405553 0.027785063 0.87853444 0.09172282 -0.41274217 0.03612049
199 0.6916942 0.7401585 1.0675176 0.86610246 0.22952911 0.73045 -0.6663542 -1.0973061 -0.5166042
200 0.85876745 0.45928293 1.2532642 0.0035856955 0.53761613 0.8458422 -0.43478778 -0.7400174 -0.015916392
201 0.609615 -0.29571685 -0.06345194 0.41021475 0.1733918 1.2380228 0.25688407 0.6897539 -0.4620651
202 1.0557182 0.53955156 0.9143049 -0.42572758 -0.003943184 0.72387 -0.18191935 0.6075534 -0.11824208
203 -0.12028247 0.75950134 -0.12270131 0.1292478 -0.22173269 1.5667275 -0.14073808 0.07554119 -0.6801916
204 0.15160775 0.5828161 0.65269727 0.14885476 1.0302389 1.1825306 -0.22550872 -0.22604783 0.16953684
205 -0.023877462 0.035161443 -0.09252882 -0.07854348 -0.09393045 -0.06109546 0.098401085 0.078633875 0.032063484
206 0.13913767 1.2363 -0.14643212 0.13305482 -0.74218076 1.6651708 -0.49269375 0.13964538 -0.54925346
207 1.6620961 -0.32817644 -1.001091 0.31222826 0.13456859 1.4280361 0.009408429 -0.101255484 0.67028195
208 1.3653052 1.1995691 -0.033733916 0.92551476 0.36922038 0.1988602 0.79947776 0.09553838 1.0041237
209 0.28826827 0.02880132 0.22238423 0.61478364 0.2286742 1.2939329 0.33258656 0.8862121 -0.79957664
210 1.2162231 1.1958967 -0.045063082 0.8523239 0.9947944 0.2736137 0.31098267 -0.25405744 1.0841928
211 0.984829 -0.069742285 0.14379507 -0.33617556 0.33121783 0.99778324 0.9718175 0.48233768 -0.82984585
212 0.54755634 -0.18203229 0.3453229 1.1486467 0.055390723 1.0523643 0.5292866 0.9127803 -0.65765315
213 0.43864003 -0.14165087 0.2156791 0.90111196 0.12026265 1.1573063 0.37419885 0.8872819 -0.8443421
214 0.22503959 1.0983543 0.4179131 0.5903183 -0.13440715 1.1788915 -0.81810313 -0.6826456 -0.8687747
215 1.1750615 -0.57322043 -0.8144662 0.24589226 -0.28656766 1.1861627 0.47997126 -0.510348 -0.17332889
216 1.1378897 1.1648022 -0.6419245 1.2638249 0.74351406 0.3127119 0.38595638 -0.02692483 0.7007125
217 1.9752085 -0.4480831 -0.49684408 0.79869604 -0.032854736 0.45573682 -0.0015673406 -0.3419175 -0.29084256
218 1.0997632 0.0114770485 0.2748663 -0.35992014 0.72609836 0.9060951 0.87628543 0.8002229 -1.4725732
219 0.3356062 -0.0063826935 0.35904357 0.53682977 0.3253621 1.161465 0.2524154 0.90192074 -0.7912715
220 -0.010358321 0.033788905 -0.05588852 -0.03084449 0.0075065293 -0.07069135 0.08096198 0.04864914 -0.09509483
221 1.0053709 0.7647417 -0.8700951 1.2649643 0.8615862 0.54406404 0.39754033 -0.34337348 0.6809818
222 1.1582077 1.346508 -1.023909 1.314733 0.46969476 0.60006785 0.6050162 -0.29291347 0.9662458
223 0.42315215 0.101611845 -0.12539776 0.6735179 0.28399497 1.301817 0.13942328 1.1562611 -0.88535094
224 0.3645288 0.08880233 -0.104039595 0.8508341 0.09249727 1.0590951 0.1508599 0.79963124 -0.71955574
225 0.961765 0.19026883 0.27611217 -0.2259184 -0.1819587 1.0360614 0.30680922 0.85308903 -0.713898
226 0.8459146 0.25280985 -0.58009773 -0.31664765 0.6331143 0.7974416 1.0524169 0.22318654 -1.0427035
227 0.6518976 1.0023354 1.0258033 1.0332354 0.440356 0.59821033 -0.26951766 -1.4492261 -0.87289935
228 1.7744347 0.15186027 0.37614954 0.13413808 -0.58127743 0.6803263 -0.2254072 0.16991365 0.2775095
229 1.1742055 1.1009779 -0.9568437 1.2717499 0.50814146 0.5593347 0.3873268 -0.6033268 0.8692636
230 0.71474516 0.85804343 0.7945751 1.3971078 0.46399316 0.76049757 -0.4871571 -1.6679432 -0.8182689
231 0.03373276 0.31935635 0.8963103 -0.09263209 0.9766849 1.4039619 0.17533787 -0.46581736 -0.02781222
232 -0.03155744 0.027326068 -0.03114834 0.0960605 -0.0031475888 0.06262565 0.10236551 0.04566941 -0.07911544
233 0.6223037 -0.4409531 0.30784547 0.99389225 0.23139592 1.2046175 0.48886737 0.85686743 -0.86026275
234 1.937031 0.6857257 0.19145767 0.24139892 -0.65906674 0.4435482 -0.11208956 0.2901451 0.25699916
235 0.40782657 0.3041935 1.1857756 0.15228994 0.98457706 1.3004688 -0.36886638 -0.744166 0.07280768
236 -0.00330341 1.1234243 -0.23870663 0.12416976 -0.46930933 1.7475256 -0.49287176 0.09156284 -0.58922005
237 -0.03731428 -0.11002759 0.021601345 -0.044315204 -0.030096702 0.05751656 0.084433585 0.04870918 -0.0757824
238 0.5579256 0.7917453 -0.54027283 0.2820947 0.33962658 1.0472504 -0.05692838 1.2027174 -1.1485033
239 1.682931 -0.4530225 -0.44941226 0.59970963 -0.0074929176 0.8818992 0.066493794 -0.23126513 0.38200623
240 2.0943081 -0.5181306 -0.803795 0.54668015 -0.06630451 0.73848337 0.09957485 -0.4356774 -0.16392566
241 0.7902371 0.79341155 0.91231054 0.24845293 1.4202942 0.93010527 -0.6613262 -0.5835073 0.3223301
242 0.62040013 0.33583307 0.5630088 -0.0038848151 0.97581136 1.0913081 -0.5186928 -0.904323 0.020657724
243 -0.021398107 0.010866947 0.02260085 0.03282461 0.10499288 0.048901122 0.11015444 -0.0961967 -0.063937955
244 0.59207964 0.80141956 0.90822184 0.683063 0.4474339 0.81494796 -0.24559872 -1.3548334 -1.0742261
245 0.4581584 0.872216 0.19452713 -0.250723 -0.5224163 1.1624546 -0.26594934 0.3467343 -0.4591533
246 0.11501662 1.2926548 -0.20665121 0.05616973 -0.3702126 1.5370312 -0.6568364 -0.04290721 -0.7986859
247 0.75908804 0.9547559 -0.48916313 1.4575588 0.45698205 0.49670002 0.6735402 0.4798551 0.6152136
248 0.64893454 1.224151 0.25699824 1.0553379 0.67680293 0.4391118 -0.3321245 -1.4378226 -0.67077804
249 0.22639626 0.5142072 1.0240257 0.13585638 0.97403264 1.5932589 -0.5256983 -0.49192283 0.2665468
250 0.95754796 0.32543927 0.1717203 -0.69536626 0.5288678 0.96991605 0.9364602 0.41750726 -1.4241213
251 0.30620652 0.3545099 0.721872 0.15740754 1.2080352 1.3799525 -0.5089549 -0.576643 0.19159298
252 0.88605976 0.9007169 1.1208727 1.0401267 0.5017977 0.6344959 -0.5733505 -1.3077929 -0.995054
253 0.89911395 1.0302749 -0.9246593 1.3457663 0.82596946 0.42836928 0.32051083 -0.66524786 0.5442059
254 1.0674582 1.0278121 -0.013666032 0.7909003 0.32293358 0.28757256 0.9937282 -0.011881866 0.861514
255 1.0912776 1.0552524 -0.6940539 0.9471987 0.6985932 0.41516706 0.7688825 -0.21535173 0.8011649
256 0.54722387 -0.11273029 0.32518917 0.8057871 0.20563692 1.1193765 0.642785 0.9784628 -0.6595125
257 0.293316 0.54078597 1.0368527 0.28391278 1.3606554 1.5220634 -0.4754506 -0.80277157 0.4324078
258 0.45198393 0.29488167 0.08602904 1.1132079 -0.045265563 0.91993266 0.4361735 1.0307463 -0.3975017
259 1.8504162 -0.24250235 -0.6420513 0.32930106 0.26280838 1.1076494 -0.18215798 -0.21275413 0.7188978
260 0.59183186 -0.221322 0.09114726 1.0403911 0.12766121 1.0336568 0.36056444 0.99156326 -0.57995826
261 0.77815217 0.7610286 0.81657505 0.889014 0.3435493 0.79210705 -0.6449719 -1.4341744 -0.9938898
262 1.733886 -0.59279335 -0.552836 0.4079211 -0.040158924 1.0200152 -0.0009788513 -0.624217 0.18217357
263 1.519895 0.49178693 0.36757845 -0.14184824 -0.28229558 0.6473606 0.0651298 0.084988736 0.59478
264 1.2140329 0.5646265 0.8447748 -0.32199603 -0.11418066 0.75749433 -0.0005641504 0.8016691 0.33721843
265 0.22439916 0.9811896 0.13048454 0.05564144 -0.029144125 1.4121596 -0.8001623 -0.1873738 -0.6415184
266 1.576125 -0.4260944 -0.7729097 0.33206096 0.18897499 1.2593929 -0.0791559 -0.25361282 0.56372714
267 0.5929754 0.7347456 -0.6086678 0.34193656 0.48041514 0.7613566 0.43574926 0.93089235 -1.2898606
268 0.04588466 0.99455607 -0.08998975 0.05753727 -0.53789926 1.7589884 -0.5082095 -0.01411713 -0.8204215
269 -0.11315182 1.2178079 0.48633078 0.67446786 -0.13567808 1.3336223 -0.49448612 -0.45980698 -1.1730508
270 0.15380019 0.498363 -0.35702616 0.304457 -0.24696368 1.4254459 -0.7019806 -0.5522295 -0.36146724
271 -0.013584939 1.4065697 -0.35378462 0.34007925 -0.28177562 1.6429284 -0.67442507 0.24086075 -0.7049647
272 0.6477294 0.19580062 0.7796316 -0.09530663 0.9612601 1.1500025 -0.52860844 -0.865052 0.08509087
273 0.86328816 1.0266907 -0.6352326 1.3913668 0.55877095 0.23693743 0.17302339 -0.8328577 0.37192246
274 0.476083 0.42555574 0.70353806 0.0031458887 1.0942568 1.2279141 -0.7753406 -0.13266467 -0.08278246
275 1.5091456 -0.26259133 -0.6127641 0.35947523 0.0010878526 1.2332941 -0.0007042914 -0.03781181 0.6920664
276 0.46703085 1.0353132 0.55891585 0.5073521 1.2668078 0.7809484 -0.40464664 -0.46550643 0.5051338
277 1.1524751 1.2146757 -0.34504938 1.1904098 0.6363814 0.31178692 0.7473983 -0.022552079 0.88677645
278 1.3894222 1.1554278 0.04409073 0.8051496 0.5836244 0.13656685 0.6939864 -0.1296018 1.0342269
279 0.8566479 0.42666462 0.2550487 -0.54266995 -0.3417004 1.0294344 0.6335451 0.53633446 -0.8851443
280 0.004628195 1.2370112 -0.32075313 0.12011736 -0.3060717 1.8643681 -0.68704623 0.13591471 -0.74140084
281 -0.019399345 1.1911806 0.04476111 0.31018996 -0.4356206 1.689044 -0.643559 -0.301524 -0.8249015
282 0.75984526 1.2712407 -0.83118904 1.2587761 0.3512122 0.52836055 0.4017026 0.010384692 0.64527357
283 0.7217321 0.7632625 -0.05845147 -0.36852586 0.50886697 0.9921582 1.270401 0.8057502 -1.0206579
284 -0.25898212 1.4561195 -0.33035964 0.38582358 -0.1834505 1.8356427 -0.52208287 0.040907487 -0.55950147
285 1.6987971 0.9688461 0.41144654 -0.08803359 -0.5908455 0.48265123 -0.0993549 0.26904133 0.2233275
286 1.1784049 1.400504 -0.5012069 0.9214758 0.5004003 0.48000553 0.44130078 -0.001524247 1.0793704
287 0.76164895 1.2071308 -0.7493425 1.4544188 0.5135115 0.45249197 0.36673865 -0.13100423 0.65026474
288 0.6257744 0.6983709 0.78038245 0.3789168 0.9393641 0.8974463 -0.4941345 -1.2142068 -0.6611969
289 0.6751851 -0.15725134 0.15499489 -0.005102767 0.3668244 1.1174563 1.4848659 0.05471612 -0.2909215
290 0.547483 0.10736749 0.2978286 0.32710388 0.46211278 0.8697329 1.5221752 0.078065135 0.12750639
291 0.4344812 -0.00028263917 0.1185967 0.23691322 0.13969412 1.3094945 1.6811336 -0.034112282 -0.2303893
292 0.27176744 0.09810444 0.34884435 0.1549119 0.049830623 1.2535079 1.2382648 0.060030922 -0.11406093
293 0.3220864 0.2765196 0.24859795 0.23877853 0.06969913 1.472967 1.6834373 0.35502556 -0.24564914
294 0.19760753 0.248907 -0.06898829 0.26076248 0.05515057 1.3971181 1.4871018 0.16472764 -0.50556344
295 0.75634074 -0.3294985 0.3493891 -0.005708372 0.16627976 0.99105316 1.1066983 -0.103485234 0.072372235
296 0.37237868 0.22167686 0.10784329 0.1333013 0.011391053 1.1312687 1.62305 -0.14602135 -0.5503826
297 0.3871419 0.264639 0.1912269 0.21242121 0.040387586 1.3680439 1.7274225 0.21899736 -0.3282641
298 0.46870983 0.080203936 0.17145278 0.2984791 0.12064748 1.3713288 1.7567406 0.16817729 0.010253816
299 0.42433485 -0.010112266 0.21950647 0.07431584 0.36124218 1.3434035 1.5946536 0.0545212 -0.13590012
300 0.20648971 -0.44252518 0.43185258 0.6891159 0.59234095 1.2849351 0.84743816 0.2918903 -0.64070153
301 0.36432472 0.16351086 0.078448884 0.19573617 -0.072043344 1.3593113 1.5988717 -0.020805355 -0.27988788
302 0.5183073 0.0014910775 0.08564032 0.22797215 0.14560005 1.2574748 1.38192 0.30638003 -0.39911494
303 0.45568419 0.1916484 0.16502395 0.12631205 0.23364621 1.3257802 1.5566714 0.37154603 -0.3361839
304 0.45416003 0.091861784 0.0076501435 0.6253788 0.20641713 1.0582786 0.99134487 0.7500476 -0.13919792
305 0.6233087 0.3957973 0.24519986 0.023449427 -0.010464851 0.8629546 1.3262371 0.31247687 -0.23613818
306 0.42258638 -0.04113302 0.12862001 0.1738276 -0.14023833 1.4137882 1.5238912 -0.053156793 -0.17736402
307 0.37576464 0.33029118 -0.10599366 0.34713012 0.22800401 1.1292742 1.7348986 -0.062851906 0.01754923
308 0.43202394 0.40915474 -0.14419052 -0.022342866 0.14912504 1.3598047 1.763205 0.25051394 -0.36636406
309 0.65413773 -0.04986813 0.025819212 0.3598992 0.11357301 1.0355088 1.3662773 0.26467854 -0.27656397
310 0.46866232 -0.1291189 0.1521065 0.05756786 0.32563698 1.4009959 1.6099172 0.068875685 -0.31860337
311 0.11035305 0.1354975 -0.05648296 0.19530167 -0.1319675 1.5521717 1.390738 0.0016314685 -0.35105512
312 0.38138413 0.13212702 0.13754983 0.44135016 -0.020027306 1.3230373 1.5850376 0.20745079 -0.21926704
313 0.31783128 0.5031164 0.053091604 0.49074414 0.17132781 0.9307935 1.7429371 0.011584736 -0.058285203
314 0.4310662 0.030670287 0.22075129 0.53719896 -0.030934239 1.4322786 1.6094813 0.3914221 -0.102223925
315 0.6399303 0.21334924 -0.023481235 -0.117741376 0.15659744 1.0901543 1.5363631 0.27795953 -0.44897
316 0.4603744 -0.12541303 -0.030651102 0.39488417 0.0078010517 1.1861306 1.5057627 -0.0104152635 -0.34255022
317 0.544862 0.10908189 -0.015272076 0.17838576 0.2735413 1.1008211 1.5896658 0.21658465 -0.36965668
318 0.4753102 0.40700832 -0.06246043 0.14394414 0.4035068 1.0140564 1.809906 -0.038942978 -0.48423025
319 0.6313194 -0.24217385 0.3707773 0.15127477 0.23157029 1.2454075 1.4664104 0.25207084 -0.5539271
320 0.45380747 0.12400635 0.17549092 0.103350684 0.14861672 1.3207575 1.5268089 0.18894497 -0.18645643
321 0.41146815 -0.019836508 0.2213825 0.3321917 0.18895929 1.2085601 1.4605658 0.19234364 -0.38043666
322 0.3750775 0.5057404 0.06850217 0.40584105 0.1849422 0.9713378 1.697478 0.14721033 -0.07645426
323 0.36711413 0.037105482 0.21914428 0.045478445 0.30618393 1.409481 1.5418005 0.09180992 -0.37927255
324 0.41106513 0.06488725 0.4070649 0.43049565 0.12924099 1.4492669 1.5286711 0.5250447 -0.03240472
325 0.52475476 -0.06825872 -0.03064673 0.53599226 0.3762407 1.0988511 1.1248617 0.6434854 -0.61884016
326 0.42023334 -0.15338016 0.20092735 0.44526002 0.29527014 1.2979101 1.3203018 0.3691982 -0.5313867
0 0.052849505 0.002700117 -0.03645106 -0.09682861 -0.11108977 0.0034753084 -0.06385345 -0.012329552 -0.046734374
1 -0.013869654 -0.13036107 -0.11515679 0.5988697 -0.13044597 0.5941484 0.796178 -0.6883396 -1.1257015
2 0.06593178 -0.87989587 0.99180233 0.08779893 0.16129658 0.58754575 -0.24425639 0.8547176 -1.3877337
3 0.23462477 -0.49486795 0.4446547 0.07898825 0.6036439 1.1496845 0.4986269 -0.13270147 -0.12113744
4 -0.24543326 0.20284994 0.3894571 -0.14245924 0.16734225 1.8163981 0.19102757 -0.52491915 -0.5275094
5 0.49511033 -0.6378111 0.8122016 -0.014840783 0.6862927 1.4889073 0.7694152 0.079443656 0.23820767
6 0.88136476 0.34589937 0.90468115 1.2672423 0.36577132 0.8132569 -0.533321 0.008081723 -0.22116497
7 0.47260457 -0.47472978 0.62708676 -0.1326045 0.68537813 1.4307196 0.8027593 0.043770194 0.0937636
8 0.07480296 0.1363157 -0.10753396 0.5976592 0.27601653 0.293847 1.2210522 -0.7302496 -1.1046866
9 -0.028632786 -0.046487108 -0.021387538 -0.10972325 0.002894865 -0.011740605 -0.033015743 0.027784944 0.052148834
10 0.92978877 0.21322332 0.461287 0.0055427314 -0.57969725 1.5946214 -0.537892 -0.100057125 -0.6205054
11 0.64659876 0.27525863 1.5298424 1.1814635 -0.05629014 0.3588042 0.5097872 0.1356809 0.02901606
12 0.90148306 0.083379805 1.4110373 1.0600772 -0.33495975 0.35521448 0.7072914 0.14543171 0.0942256
13 0.1389065 0.51742667 0.6066581 -0.08357882 0.46179515 -0.25014287 1.2471364 -0.17481902 -1.3317817
14 0.86559397 0.042956047 1.0202719 1.1633224 0.008597605 0.32552522 0.14385802 0.46364892 -0.34281886
15 0.08254397 -0.19038962 0.56952465 0.09970012 0.27782816 1.1582452 0.744477 0.016030736 -0.053773537
16 -0.013790748 0.14584479 -0.07128782 0.95139915 0.050667897 0.31053543 1.1937838 -0.9999911 -1.2624363
17 0.033612464 -0.08410047 0.013895392 0.025410017 0.059036836 -0.022448845 -0.108574 0.058018524 -0.06562771
18 -0.09598695 0.0118010705 0.06567878 -0.024566332 -0.07967574 0.03503819 -0.0042742887 -0.061346028 -0.012284769
19 0.6958651 -0.1738005 1.4276081 1.2031186 -0.029710578 0.2646094 0.44796827 0.27504212 -0.04178619
20 0.028549207 0.060184903 -0.039836723 -0.016844817 0.10188413 0.10070232 -0.10436627 0.08408121 0.109867215
21 0.1698087 0.22739042 0.30147183 -0.026076615 -0.042018004 1.631723 -0.078171454 -0.34239316 -0.56492716
22 -0.023667969 -0.16038845 -0.05806585 0.88651043 0.10615032 0.5871393 0.96917474 -0.99601245 -0.79945445
23 -0.06987116 -0.019598432 -0.090876885 -0.07416394 -0.09533874 0.04367345 0.030437179 0.06239348 0.028575089
24 0.6255611 0.31755978 0.6035246 -0.05111774 -0.29177728 0.06780772 1.0427173 -0.16069621 -0.67856187
25 0.103918105 -0.29620683 0.7817174 0.36825317 0.8019407 -0.06659206 0.24945316 -1.2210965 -1.0380358
26 0.6703794 0.4778642 0.49891725 -0.44888765 0.19958246 -0.020086624 1.0880052 -0.58965313 -1.1127816
27 0.53091 -0.58793426 0.5397561 -0.25051832 0.8075175 1.4282634 0.9463611 0.058354236 0.041477535
28 0.29407904 -0.72600126 0.3723286 0.5547227 0.38688377 0.13559812 0.46477607 -1.4029818 -1.2066714
29 -0.03155744 0.027326068 -0.03114834 0.0960605 -0.0031475888 0.06262565 0.10236551 0.04566941 -0.07911544
30 0.50262725 -0.15620962 0.5861815 -0.095687576 0.41794977 1.420892 0.81018305 -0.08429845 0.16590972
31 -0.0045176 0.3678528 0.32329878 -0.019839143 -0.44090238 1.4080409 0.3882681 -0.27986372 -0.6785212
32 0.19535367 -0.02535106 0.6086489 -0.2327081 0.14385772 1.611631 0.63732785 -0.078856476 -0.108318046
33 0.62754625 -0.55076396 0.73274994 -0.30823922 0.8359268 1.4737138 0.4337777 0.19719061 0.014647413
34 -0.11613515 0.27189004 1.2872772 0.21913317 0.24351825 0.76670843 -0.12757961 0.9072625 -0.9704773
35 0.5375714 -0.22746165 0.4601746 -0.18674517 0.40511283 1.4437327 0.51733506 0.04668891 -0.0972429
36 0.5459902 0.56721 0.6737835 -0.30840537 -0.011746836 0.060889725 0.839485 -0.4901189 -0.8615012
37 -0.017195145 0.08326297 -0.00047368475 -0.067526236 -0.05239834 0.1069825 0.006456243 0.011415561 0.09389208
38 0.53946066 -0.1971433 0.29965904 -0.2060733 0.41464314 -0.10733289 0.9457544 -0.32173342 -1.2035505
39 0.23953994 -0.53646904 0.7801416 -0.07655331 0.6266224 -0.19375859 0.33995467 -1.0758861 -1.4069108
40 -0.33650416 0.38871416 0.17943001 0.06450672 0.37418613 1.9010376 0.049863774 -0.51283807 -0.8988434
41 0.18343012 0.47801727 -0.21664485 0.39924031 0.040951006 1.8163885 0.054019466 0.19396944 -0.97960675
42 0.6689574 0.569599 0.44980103 -0.2393165 0.30758494 -0.09041969 1.2036368 -0.48788622 -1.0364817
43 0.6173232 0.36506432 0.32393157 -0.24903767 0.017547684 0.16377425 1.1804278 -0.6308685 -0.91974354
44 0.5778869 -0.24272592 0.6651693 -0.3271487 0.7198401 1.3778034 0.8834693 -0.025616497 0.10619795
45 0.6525877 0.88434356 0.4724666 -0.16541708 0.49907237 -0.02046237 0.7109587 -0.6774643 -0.89824253
46 -0.09982663 -0.5774189 1.1143034 -0.2183477 0.5843761 0.087316506 0.34204245 -1.183913 -1.2181588
47 0.08403903 0.41654283 1.4184912 -0.43959162 -0.36133713 0.5903957 0.019318344 0.52239317 -1.2174789
48 0.47831 -0.005851527 0.5421663 -0.33183384 -0.5984952 1.6324418 -0.20363224 -0.038941395 -0.75979453
49 0.91170824 0.24435939 0.3118073 -0.27067956 0.020639509 -0.036593474 0.62007076 -0.28516796 -1.1143504
50 0.42232758 -0.37879905 0.5053503 0.086851306 0.24703532 1.3429215 0.5141952 0.038499527 -0.032052558
51 0.5234163 -0.38949528 0.6595613 0.08537637 0.472362 -0.2420996 0.2508224 -0.9352866 -1.2733119
52 -0.032789316 -0.066700175 -0.0661165 0.53355527 0.08134065 0.40022254 0.6446436 -0.78150207 -1.3209679
53 0.9290014 1.0937718 0.91820395 1.4381596 0.7553281 0.4604006 0.4401977 0.57494426 -0.21714836
54 0.90243036 0.20013188 1.5055925 1.2419175 -0.3557358 0.5071706 0.3440662 -0.15023726 0.112184614
55 0.53182477 0.033906605 0.9989278 0.8861835 -0.41242754 0.41418198 0.61431384 -0.29345515 -0.02388853
56 0.6978861 0.14468351 1.7412744 1.1772006 -0.10920991 0.40185246 0.28763282 -0.049807515 0.03266055
57 0.07291413 -0.22624747 -0.04169925 0.7451664 -0.08714181 0.4079941 0.9091509 -0.67463565 -1.0254635
58 0.074200615 -0.011720274 0.10103288 0.017298844 -0.02193235 -0.07327722 0.07193225 -0.100773364 -0.021073394
59 0.64365923 0.19561583 0.3813931 -0.45617366 0.55480516 0.11299332 1.4003007 -0.54156345 -0.7590672
60 0.023483502 0.06372395 -0.02351565 0.03524775 0.093819566 0.004311906 0.069939815 -0.07492854 0.073064685
61 0.65371644 -0.44047472 0.4795593 -0.032504216 0.46389732 1.1076751 0.8367818 -0.056331195 0.0987164
62 0.5551159 -0.14884062 -0.12082837 1.0281616 -0.39680007 0.3118754 1.0843046 -0.73049384 -0.83431655
63 0.37094834 0.5342002 -0.327059 0.5226057 0.1946827 1.5759903 -0.28072774 -0.2039176 -0.93098027
64 0.19966435 -0.86327785 0.6814739 0.21454407 0.6787252 -0.02963432 0.42573863 -1.1167086 -1.1713805
65 0.72552407 0.49348184 0.452404 -0.15874371 0.24711806 0.0033085772 1.0579193 -0.057737257 -0.7808603
66 -0.2650736 0.17034218 0.16520438 0.17994124 0.042434353 1.5882999 0.15671183 -0.6313225 -0.7210442
67 0.11205604 -0.02432094 -0.102112725 0.5272648 -0.05768737 0.55089545 0.8535313 -0.95762175 -1.0207675
68 -0.24107684 0.14786477 0.0027377494 0.085011706 0.3250887 1.9357499 0.23109531 -0.023084387 -0.9583687
69 -0.006414949 0.6496654 0.3721209 -0.32370847 0.35516 0.9370844 0.16434702 -0.5742772 -0.85598165
70 0.7047445 -0.25909838 0.7828254 -0.2813611 0.34482425 1.5077028 0.1066463 -0.16669023 0.081176765
71 0.40286207 0.37116957 0.25514033 -0.09536607 0.48343483 -0.010110673 1.4236438 -0.35224646 -1.122948
72 0.7404624 0.46661147 0.36286077 -0.47467768 0.11220312 0.09360043 0.99591684 -0.7280147 -1.1159601
73 0.43739578 -0.54689294 0.6345306 -0.22573864 0.7218892 1.2332724 0.7012654 0.057866268 -0.043700833
74 0.6134407 0.124739066 1.4401311 1.1159216 -0.003491831 0.46831328 0.6150254 0.12570234 0.14208454
75 0.57926893 0.29612932 0.24688649 -0.47180194 0.16716784 0.50083494 1.2220638 -0.5232406 -0.6180926
76 0.32660413 0.32920364 0.67250943 -0.39066356 0.65525645 -0.024181314 0.9642438 -0.833227 -1.0093412
77 0.263507 0.5142586 0.23409167 -0.2647525 0.17465852 1.8687814 -0.25353622 -0.41503873 -0.82312244
78 0.47294968 -0.31230476 1.0423062 0.2584243 0.3885877 1.095251 0.79585063 -0.07710254 0.41722393
79 0.5963863 -0.3544379 0.44904795 -0.38770998 0.49338776 1.3157139 0.8893061 -0.016780488 -0.09633396
80 -0.1195763 0.51213366 0.09123557 0.17627452 0.37313494 1.3142531 0.06783715 -0.15310252 -0.84115905
81 -0.33554974 0.53884417 0.034638423 0.28996825 0.26235116 1.8420132 -0.025057955 -0.28005663 -1.1776526
82 0.5149322 0.23740773 1.297016 1.1223726 0.17109303 0.39365682 0.5009787 0.617325 -0.16944692
83 0.63771695 0.39158782 1.5660256 1.0369909 -0.095859244 0.560676 0.7134497 0.0140455095 0.23318505
84 0.052105293 0.056448314 -0.11020872 -0.0047716033 0.035623472 -0.064733215 -0.07437542 0.07071006 -0.075819455
85 0.12514503 0.004837983 0.056321323 0.84608006 0.03012762 0.21516931 0.884979 -1.1661956 -1.2000726
86 0.7512143 0.15578389 0.8664472 -0.0823638 -0.11490778 1.4953635 -0.7339322 0.051154334 -0.47232747
87 0.35688132 -0.5331665 0.5314056 0.052127987 0.6945673 1.2801845 0.85689753 0.14543515 0.040531237
88 1.1617053 0.79149085 0.89334697 1.2637553 0.68416595 0.55214643 -0.54367113 0.26936084 -0.45034194
89 0.022070063 0.04062414 -0.01101311 -0.07679609 -0.03568514 -0.0947508 0.10456349 0.04138262 -0.08754909
90 0.76408774 0.5466051 0.43424356 -0.4244663 0.13084745 0.013920101 1.103007 -0.49994922 -1.1112716
91 -0.13788828 -0.094143644 1.6050822 -0.07976336 -0.40422776 0.64893204 -0.19461997 0.33311594 -0.95080864
92 0.66242164 -0.32225522 0.49636948 -0.26963368 0.63157004 1.285152 0.8834322 -0.1947966 0.12134011
93 0.98558515 0.09282825 1.0636038 0.75598776 -0.2898129 0.6774539 0.4110152 0.019871913 0.12960218
94 0.8762074 0.26213634 1.1199758 0.64413244 0.18548313 0.76738274 0.17674805 -0.0124681555 0.24644205
95 -0.0057532256 -0.00028350297 1.6225895 -0.1887773 -0.080576085 0.904412 -0.2861232 0.7530842 -1.0492307
96 0.06744746 0.44800776 1.3483149 -0.15153661 0.110966526 0.9319352 -0.4462508 0.82182515 -1.3049964
97 0.2859327 0.60441226 0.5927253 -0.3858535 0.5562486 -0.05051242 1.2869073 -0.50047696 -1.2136062
98 0.5211655 -0.37974608 0.7149844 -0.01872766 0.58122313 1.3461293 0.57455784 -0.24144906 0.218245
99 -0.2663671 0.35002425 0.059896167 0.069138184 0.69641334 1.6653764 -0.097011134 0.1560833 -1.1183436
100 0.60136 0.4105005 0.39035603 -0.41638303 0.3376344 0.20391402 1.0236697 -0.7536004 -0.81270343
101 -0.2602166 0.30971745 0.31931424 -0.07527281 0.16849104 1.7324198 0.046737023 -0.1407645 -0.95165074
102 0.0946072 -0.10886949 0.1519864 0.8559413 -0.2481868 0.36834347 1.1391264 -1.1301981 -0.9266983
103 -0.31741074 0.22630921 0.063409 -0.12633453 0.1392511 1.8953617 0.44018948 0.09465469 -1.1049634
104 0.47302347 0.45908687 0.34524602 -0.24557382 0.49701354 0.023745097 1.2694805 -0.30905616 -1.0633615
105 -0.17780234 0.4733483 -0.06524997 0.28840032 0.33792067 1.5071499 0.12076133 -0.3356631 -0.94940495
106 0.21413504 -0.054421358 -0.32985744 1.0076814 0.2309263 0.30179885 1.2253549 -0.9316369 -1.2057304
107 0.047560815 0.1443952 -0.12597863 -0.04162082 0.10758725 1.9096409 -0.046723917 -0.018982816 -1.1123618
108 0.5344314 0.29767612 0.40574932 -0.3722014 0.22168101 0.044345688 1.0640723 -0.24118517 -1.0457243
109 1.1816007 1.126395 0.66892374 1.0814419 1.3625289 0.62633395 0.016192622 0.6128764 -0.3151236
110 0.4611319 0.40216902 0.49822932 -0.3272687 0.16235371 0.114086345 1.2285143 -0.5654147 -0.9682099
111 0.13905747 0.55847764 -0.34303042 0.40267017 0.6347967 1.7989978 -0.22828944 0.15591855 -1.1916603
112 0.68498176 0.23120342 1.0827618 1.5074447 0.50379586 0.48455968 -0.5671953 0.07942462 -0.49379292
113 1.1933664 0.78023696 0.43561685 0.99566066 0.7286834 0.60031843 -0.34977776 0.561293 -0.60895294
114 0.9956167 0.9154762 0.58142906 0.9898683 0.9611877 0.52751064 -0.10483441 0.70062196 -0.58454007
115 0.50182396 -0.17367163 0.30727386 -0.22280756 0.63058436 1.2158641 0.82773346 -0.09234505 -0.10117405
116 0.4704544 0.6010185 1.1538316 0.9581008 0.77358186 0.51668835 -0.07575904 0.7508695 -0.43397218
117 0.21533705 -0.37224972 -0.1723796 0.8264865 0.07013949 0.4861361 1.1405813 -1.204156 -1.2022728
118 -0.11419761 0.79152405 0.77510613 0.33587977 0.43019292 1.3121203 -0.6295459 0.3189591 -1.0275213
119 0.29881662 -0.23730707 0.48065025 -0.19200586 0.6920774 1.2524399 1.0268745 0.09896097 -0.06727627
120 0.24541837 -0.14021775 -0.1602887 0.78259814 0.2891929 0.3942284 0.85754997 -0.9169962 -0.93232405
121 0.06221991 -0.5266461 0.7032867 -0.24583311 0.59376025 1.3757491 0.5574812 0.21622355 -0.2735652
122 -0.2886744 0.16886824 1.6127369 -0.22972283 -0.08809696 0.54148567 0.061295867 1.0283483 -1.5881674
123 -0.023178773 -0.21791933 -0.208732 0.8142991 -0.17034777 0.60238594 1.1258075 -0.9092319 -1.2231427
124 -0.123948924 0.21274382 1.2443967 -0.28939694 0.011465005 0.7743624 -0.40282565 0.5716842 -1.4812089
125 -0.28757498 0.1517011 0.26470563 -0.0776123 0.48107967 1.4332445 -0.11474102 -0.47104707 -0.90093905
126 0.06801276 0.06920104 -0.043745045 1.1051997 0.3362536 0.27273306 0.6270414 -0.8728625 -1.0233855
127 -0.22414607 0.38323408 -0.30545285 0.39771146 0.59442997 1.9155642 -0.16039202 -0.11404218 -1.4106606
128 0.50898427 0.668983 0.35750183 -0.27599052 0.33663544 0.063934416 1.2236538 -0.52476805 -1.0849842
129 0.0683528 -0.08208338 -0.11353409 0.75970286 0.09484629 0.33597583 0.9186498 -0.9973311 -1.3392338
130 0.072040506 0.348693 0.3089914 -0.25379056 0.046548896 1.670786 0.0199854 -0.4496685 -0.69146377
131 0.52573794 0.502315 0.40145215 -0.37454662 0.52010465 -0.10152896 1.4008188 -0.21643747 -1.1270769
132 1.2248261 1.4560115 0.51661426 0.106696814 1.1711267 0.23085721 -0.045709044 0.26591957 -0.7517177
133 -0.06099578 -0.3189757 -0.052906245 0.42457712 0.1574652 0.63169193 0.9339581 -0.66315573 -0.8793794
134 0.0053751864 -0.07844477 -0.09188232 0.06713545 -0.09278323 -0.06199761 0.06200139 -0.005403903 -0.033937387
135 0.7720173 0.030958412 0.6858484 0.5553596 0.6840286 0.76063687 -0.15374605 0.33967155 -0.19710216
136 -0.34385088 0.36994117 0.026009513 0.11833311 0.39785704 2.0220973 -0.001975647 -0.16475946 -1.1404693
137 0.7523035 0.19603132 1.0808583 1.3790326 0.27983257 0.39569968 -0.5140331 -0.1772431 -0.34694853
138 -0.035269756 -0.15399052 0.6105133 0.08412971 0.58295804 1.4935303 0.85187715 0.09606855 0.012605861
139 -0.045108635 0.092765674 -0.0063676834 -0.1048531 0.05315153 -0.0671682 0.074238814 0.059708647 -0.05606303
140 0.95945406 0.5156426 0.9865677 0.86727655 1.0981888 0.36212474 -0.3716563 0.6609631 -0.5442087
141 0.0861762 -0.5269276 0.6373271 0.48126474 0.61624014 -0.06414182 0.25508252 -1.1541696 -1.3610765
142 -0.11720526 -0.26707983 0.25485915 0.6545681 0.1614559 0.17180379 0.7560015 -0.9493393 -1.2452928
143 0.59107363 -0.27959955 0.5136038 -0.09266062 0.6566385 1.306485 0.6856931 0.13431188 0.048370745
144 0.085471086 -0.028742896 0.017846584 -0.0816235 0.05531201 0.08192297 -0.103428215 -0.03642061 0.087697096
145 0.4909411 0.09526978 0.9091778 -0.21929108 0.634219 0.7084084 -0.5110687 0.5819886 -0.9061712
146 0.66930157 0.76376265 0.4591371 -0.24044739 -0.003457044 0.11793367 0.90380764 -0.54051185 -0.81801486
147 0.59462506 -0.6845229 0.63461393 0.1443421 0.50320864 -0.257694 0.5018239 -1.0930269 -1.3574046
148 -0.25729632 -0.022843152 -0.021182332 0.5519377 -0.10283201 0.5434036 0.84406716 -0.89630336 -1.4497333
149 -0.057715297 -0.013310526 0.058574636 -0.06607155 -0.05530193 -0.054984704 -0.052848313 -0.0886677 -0.108405165
150 0.9696188 0.4466755 0.9560735 0.76796675 0.5663902 0.7629242 -0.4826931 0.3749653 -0.32094446
151 0.9768783 0.3484568 0.8953922 1.5532018 0.34461096 0.41503337 -0.6116759 -0.045953285 -0.5311972
152 0.8722583 0.13763358 1.1252936 -0.30364582 -0.58303446 1.458848 -0.58426 0.1005938 -0.6191984
153 -0.059475835 0.042394616 -0.24612679 0.6896834 -0.1286747 0.8448055 0.865157 -0.8614983 -1.0660179
154 -0.071074665 -0.698195 0.69380474 0.5177325 0.3058027 0.005682933 0.28930745 -1.0687793 -1.3552142
155 1.0656562 0.54949814 1.1788653 1.0459958 1.0358582 0.48489785 -0.6460011 0.5536252 -0.61579025
156 1.0033863 0.30109823 0.739869 0.490672 0.19042231 0.58074224 -0.23259957 0.563246 -0.59282154
157 0.69968396 0.44698855 0.4970722 -0.20178048 0.16551958 -0.014066213 0.85574025 -0.57677233 -0.8725179
158 0.46199185 -0.4668781 0.6022535 -0.108758084 0.72646046 1.3961331 0.71375245 -0.023823934 0.12451752
159 0.65171194 -0.08202608 0.3765287 -0.5072916 -0.00060811907 1.6100563 0.65002376 -0.23442379 -0.17830339
160 -0.18841507 -0.060333386 1.1957194 -0.059353273 -0.17544825 1.0849138 -0.32449424 0.46042746 -1.0784383
161 0.32752484 -0.30966157 0.5855053 -0.02338241 0.86968935 1.3736192 0.8801251 0.154772 0.09729423
162 0.48354307 0.27563787 1.2642306 1.0065411 -0.20687026 0.8280347 0.6165109 0.31355938 0.15204187
163 0.08509478 -0.1358582 -0.25015646 1.149914 -0.015212939 0.542366 1.2636387 -0.8855758 -0.97741073
164 0.03561904 -0.41638458 1.2450724 0.0041723964 0.6281105 -0.19406833 0.26919037 -1.2542311 -1.170493
165 0.9241573 0.8707688 1.0585563 0.3960573 1.1352932 0.50472176 -0.57287914 0.6152128 -0.7416356
166 -0.095050775 0.0638137 0.051482413 0.0013219648 -0.09825487 -0.02093033 0.00212072 -0.086199366 0.027446218
167 0.42605007 -1.1011628 0.5775769 0.07116005 0.75045204 0.037700415 0.37722555 -1.015622 -1.1212064
168 0.40864915 -0.5101353 0.8180527 -0.052772764 0.6205162 -0.11135958 0.19665457 -1.2621268 -1.2065927
169 -0.11057716 0.19738504 -0.27398297 0.38688636 0.41299072 0.7605693 0.77266675 -0.65835744 -1.1661129
170 -0.006805261 -0.056691527 -0.034178164 0.09012727 -0.08497678 -0.0701031 -0.05848531 -0.0733749 -0.09822914
171 0.9358933 1.3282517 0.5329275 0.8321624 1.1002427 0.7710247 -0.03508429 0.50346965 -0.42661616
172 -0.087418124 -0.4699754 1.163434 -0.048361465 0.686067 -0.15031864 0.46026552 -1.2840536 -1.3238124
173 0.30578202 -0.78130436 0.83222914 0.032091774 0.3755884 -0.08224346 0.45856366 -1.2742947 -1.3485265
174 0.58523756 -0.39153504 0.6781126 -0.061372593 0.92530787 1.2193415 0.7565384 0.14619678 0.15099815
175 0.84375185 -0.6915567 0.57325196 0.1258811 0.38480186 -0.28252977 0.3742905 -0.8435664 -1.2749869
176 1.3985294 0.68118525 1.2757666 1.450538 -0.45594102 -0.18376942 1.1211381 -0.8213634 -0.09048078
177 0.48596442 -0.75206643 0.43709955 -0.050871886 0.80983883 1.2402408 0.6776819 0.08246099 -0.060947925
178 0.3988366 0.5921631 0.41526493 -0.22290374 0.5545055 -0.075548574 1.4150532 -0.29790443 -1.1769956
179 0.2937475 -0.30954444 0.39817062 -0.29674718 0.6866529 1.4973347 0.58343446 -0.082854904 -0.17559275
180 1.2730198 1.3031417 0.4384482 1.0149343 1.0695138 0.5415585 -0.06155097 0.35841113 -0.47180542
181 0.18290767 -0.6055849 0.26988992 0.4778932 0.42888716 0.063791886 0.63492376 -1.1615463 -1.4129417
182 0.45055172 0.18934007 1.4895331 1.3447019 -0.17682454 0.42348388 0.59069645 0.19792253 -0.06573192
183 0.1279902 -0.023028705 0.0017075345 0.7585205 0.045591064 0.22762196 1.0497992 -0.89578575 -1.2543609
184 0.9825451 0.28207654 0.9359448 1.316813 0.55773294 0.40658906 -0.63554 0.47454864 -0.7599425
185 0.8717922 0.27016205 0.99752814 1.4762057 0.25910228 0.48435098 -0.4585714 0.23208763 -0.47787628
186 1.6726741 0.69660294 1.3594884 1.3378587 -0.6375836 -0.13905445 1.2362782 -0.80162233 -0.087225385
187 0.58821315 0.09775859 0.84772575 1.0414302 0.06844181 0.6810997 0.46344358 -0.08395306 0.17509364
188 0.33224803 -0.12898485 0.96370274 0.15227519 0.7770367 -0.2341399 0.21076035 -1.0946165 -0.84095263
189 -0.0019893441 -0.09417212 1.1665792 0.1734262 0.674533 -0.2180037 0.45220265 -1.1024532 -0.94481605
190 -0.0003923208 0.429345 0.019921321 0.062031146 0.21980248 1.8569492 -0.014023922 -0.4073131 -0.88227564
191 0.109586336 -0.12561664 -0.21665041 0.89085984 -0.045544166 0.429181 1.0958503 -1.0414678 -1.2201308
192 0.29103786 0.15449072 0.18313771 -0.23267026 0.43209085 0.35482898 1.0868051 -0.6531941 -0.8269251
193 0.45897192 0.6001721 -0.029080836 -0.15333281 -0.21198322 1.860366 -0.028022312 -0.37262365 -0.8889135
194 1.2279391 0.4436226 0.78091455 1.008421 -0.70416474 0.31366354 0.82965904 -0.5211621 -0.055837084
195 1.1353012 0.6313476 1.0258223 0.68158543 -0.5002362 -0.021118078 0.95856965 -0.16361578 -0.23609884
196 1.0138069 0.38266507 0.998389 0.9796666 -0.53099453 0.350276 0.51757944 0.056789603 -0.21512824
197 0.6544658 0.14379956 0.95779365 0.7747327 0.039705973 0.66725045 0.7309893 0.058532637 0.21666002
198 0.017110864 0.014342057 0.032473564 -0.104399405 0.03616002 0.060718723 0.058736973 0.04933209 -0.08984853
199 0.3519049 -0.12666489 0.4200587 0.06684323 0.6998566 1.1054038 0.8590185 0.13913563 0.004777813
200 -0.18836938 0.11902701 0.19204585 -0.2339691 0.26876733 1.6137574 0.53000784 -0.12335369 -0.6867055
201 0.62740105 0.26306203 1.0458457 1.0540129 -0.061941355 0.4121772 0.5792728 0.3721261 -0.13959545
202 0.12009979 -0.15948834 -0.2524857 1.0382278 0.118782476 0.5223756 1.3329859 -0.99724275 -0.96317124
203 -0.1142532 -0.18168306 1.0957136 0.46861386 -0.30722427 0.31022838 0.00041497409 0.2368413 -0.91106224
204 -0.41203055 0.38568142 0.07754364 0.09474186 0.5531793 1.7694759 -0.01953833 -0.23652826 -1.0952337
205 -0.25403675 0.13480568 1.4551187 0.060229838 -0.34637484 0.5752483 0.11314052 0.94993854 -1.3989754
206 -0.03731428 -0.11002759 0.021601345 -0.044315204 -0.030096702 0.05751656 0.084433585 0.04870918 -0.0757824
207 0.61017865 0.15644388 0.2138758 -0.297394 -0.10262341 0.21228081 1.0779774 -0.6032443 -1.0578823
208 0.2628938 -0.8747412 0.6741513 0.43362707 0.83462465 -0.069682494 0.28390744 -1.3038905 -1.3036798
209 0.3803845 0.08939313 1.3581651 1.099949 -0.4461519 0.21753658 0.4345092 0.30083597 -0.4059998
210 0.32675397 -0.685433 0.58364886 0.37571403 0.60744333 -0.15687318 0.48882258 -1.1849219 -1.4202931
211 1.16837 0.3090492 0.8507267 1.0622393 0.36634102 0.6912885 -0.50798357 -0.033322025 -0.1879957
212 0.6969493 0.21040748 1.5739317 1.2403191 -0.17053118 0.41066304 0.47934115 0.0768964 0.09554163
213 0.56226903 0.34234485 1.4137592 1.3348312 0.05702138 0.5351831 0.52839386 0.47349876 -0.016936088
214 0.39865896 -0.5537885 0.51865596 0.006518096 0.6758096 1.3738966 0.85414046 0.0235854 0.06592136
215 0.7939827 0.47942963 0.30933708 -0.48628312 0.078002416 0.055905845 0.8334392 -0.6853042 -1.2828244
216 0.42633775 -0.18991385 0.7250295 -0.3237193 0.3855634 -0.07779731 0.5466683 -1.1088797 -1.322133
217 0.42580277 0.12267981 0.17510974 -0.10437727 0.14282078 0.15089655 1.2313437 -0.69918346 -1.1508296
218 0.89017487 -0.057070486 0.8613622 1.1357571 0.3309702 0.7463468 -0.61099434 -0.12133876 -0.26005045
219 0.46286595 0.27586955 1.321644 1.1974475 -0.19160451 0.50778216 0.37280032 0.27700093 -0.16835639
220 0.20230782 -0.2071434 0.5824342 0.23766766 0.4695208 0.13079776 0.22570863 -0.99187565 -0.8545609
221 0.37021634 -0.3078686 0.8875612 0.22473255 0.9300566 -0.28906906 0.18281862 -1.2224157 -1.118887
222 0.03054569 -1.1851338 0.8591294 -0.06977249 0.94162726 0.4127624 0.15031919 -0.9880936 -0.7774232
223 0.5353802 0.72136873 1.4743086 0.7274296 -0.12236289 0.1527006 0.8076886 0.037669893 -0.107257016
224 0.34860414 0.23648606 1.6394784 1.0733099 0.1930594 0.08070401 0.35114476 0.027873432 -0.14802606
225 0.9340741 0.5526174 0.96612304 0.7502919 -0.43211243 0.02432639 0.544633 -0.32036814 -0.27958998
226 1.0080713 0.75580347 1.1120793 1.3284382 0.8761193 0.6086314 -0.77325255 0.1033329 -0.4283277
227 0.58727604 -0.23211615 0.84839815 -0.13718505 0.64087856 1.410297 0.78592557 -0.09036862 0.32162276
228 0.017619796 0.22231527 -0.031744327 0.6248997 0.19488204 0.08795638 1.4581174 -0.66341287 -1.4655694
229 0.3262638 -0.71297926 0.9778524 -0.12513208 0.44085956 -0.17619105 0.22322787 -1.0562783 -1.4495367
230 0.8015149 -0.17495134 0.91917837 -0.00564105 0.786993 1.4500757 0.52502215 -0.13645087 0.4606918
231 -0.4346459 0.26199263 0.06847149 -0.11434057 0.115713075 1.4805387 0.5696152 -0.12752648 -1.107171
232 0.48441 -0.74310154 0.5891259 -0.030641023 0.75857526 1.5074853 0.45940435 0.0018710798 0.03791606
233 0.8279553 0.2923914 1.3072197 1.1858543 0.037282646 0.36602107 0.32930756 0.44178027 -0.18610643
234 0.23430626 -0.40577447 -0.048614178 0.93074274 -0.117221326 0.3590776 0.79085666 -0.9170733 -1.0915905
235 -0.18619658 0.22572465 0.16248901 0.04244846 0.28567296 1.7143788 0.11580274 -0.4088582 -0.781696
236 0.054286174 0.021941714 0.097971335 0.017014861 -0.020305144 0.07209745 -0.07855468 -0.09321181 0.0421019
237 0.5190165 -0.2730624 0.5667741 -0.09740713 0.62905943 1.4625453 0.9967144 -0.19846845 0.27778396
238 1.1215091 0.6791739 1.3323357 1.2352146 1.1782128 0.23295839 -0.55465335 0.5010265 -0.5592362
239 0.08424629 0.08885279 -0.04760353 -0.10364512 -0.02080573 -0.041203022 0.10109566 0.032668248 -0.066423826
240 -0.012333791 0.104955316 0.08929486 -0.058601074 -0.09041675 -0.025082164 -0.102964245 -0.056308217 -0.06608674
241 -0.28634757 0.40445513 -0.38710922 0.45596445 0.5096751 1.5756321 0.17693914 -0.20453583 -1.1501185
242 0.074429356 -0.107019916 -0.07763653 -0.08895556 -0.025143676 0.005331556 -0.04191425 0.020504143 0.10230206
243 0.03541076 0.04637595 -0.06265538 -0.065697685 0.011537407 0.09957828 -0.1071809 6.989638e-05 -0.07627717
244 0.46716622 -0.4192976 0.6004318 -0.4767312 0.68005574 1.5910345 0.67221695 0.08251739 -0.112744346
245 -0.2859422 -0.6453597 1.3407433 -0.12357813 0.033888638 0.6129161 -0.03543569 0.73078924 -1.2450871
246 0.25269252 -0.2403149 1.3125232 -0.109623834 0.60572827 1.2114146 -0.14610672 0.79783297 -0.3998608
247 0.47782242 -1.0340258 0.7591459 0.33100563 0.6225597 -0.15763344 0.3125621 -1.1746836 -1.2328125
248 0.3509998 -0.5935449 0.7418007 -0.061486267 0.79654294 1.1414583 0.6539116 -0.24615914 0.12108246
249 -0.09303654 0.11664817 0.18218495 -0.14500484 0.32813904 1.5345551 0.32942453 -0.015177782 -0.7380589
250 0.58497554 0.7976486 0.9023451 0.9717156 0.6065136 0.7231073 -0.7903522 0.11453276 -0.63233626
251 0.19599336 0.5102778 -0.1945027 0.07595895 0.24507959 1.7502868 -0.058616586 -0.1648634 -1.1212132
252 0.65375316 -0.4558342 0.5384716 -0.31878403 0.43821776 1.4016434 1.0429016 0.08606611 0.027419787
253 0.082982846 -0.42858407 1.1557255 0.15637818 0.6118431 -0.21673718 0.17462172 -1.114466 -1.2115953
254 0.5389257 -1.0539545 0.47109243 0.2699612 0.68048066 -0.025015686 0.36492264 -1.0407319 -1.3205646
255 0.36524197 -0.65270936 0.82158905 0.089720495 0.48100713 -0.22111514 0.1941079 -1.1261597 -1.384094
256 0.73442453 0.3436292 1.354787 1.151177 -0.25671273 0.33599883 0.371813 0.0025424561 -0.11178214
257 0.045508463 0.7856366 0.11025831 -0.0013138799 0.22293954 1.6254408 -0.19654824 -0.35034215 -0.9780877
258 0.60683334 0.04016198 1.2411513 1.3164876 0.09138316 0.4889319 0.2770262 0.4031762 -0.093400136
259 0.42243683 0.4196793 0.29975143 -0.25436318 0.40019336 -0.07183628 1.4918143 -0.31310815 -1.3487008
260 0.33859617 0.24084616 1.4255977 1.0304375 -0.11246252 0.6634279 0.62756103 -0.019853694 0.22812276
261 0.2678813 -0.4544829 0.60382444 0.075689614 0.82392675 1.2626108 0.9675762 -0.30228326 0.19748104
262 0.42028123 0.28733167 0.52941465 -0.44923615 0.5929092 -0.17225565 1.5301542 -0.3333413 -1.2907825
263 0.13798302 -0.34225965 0.12584873 0.8437197 -0.017483974 0.2328833 0.92436254 -1.1303523 -0.98838884
264 0.101081 -0.18608433 -0.2656086 1.1776919 0.20523278 0.5136211 1.2940228 -1.2678838 -0.9366459
265 -0.21536584 0.27806363 1.1209849 -0.39242384 -0.115657315 1.3482019 -0.51954293 0.51928926 -1.5137697
266 -0.010358321 0.033788905 -0.05588852 -0.03084449 0.0075065293 -0.07069135 0.08096198 0.04864914 -0.09509483
267 0.9494791 0.6031999 0.98521495 0.9458 0.7143882 0.4001288 -0.5153619 0.39192432 -0.5709503
268 0.00017606386 0.42951697 1.1753025 -0.19632933 -0.013243744 1.193145 -0.665483 0.6837261 -1.6474416
269 0.15922883 0.34472466 1.4938155 -0.19671488 -0.20932826 0.83948666 -0.41873303 0.88426536 -1.5289941
270 1.0791396 0.15753937 1.0217781 0.17572692 -0.61294436 1.3199346 -0.67996967 -0.3144704 -0.3817713
271 -0.023908602 0.070474304 0.017428981 0.092385426 -0.09240231 -0.050843053 -0.008934259 0.097779766 0.012292796
272 -0.007107271 -0.03536766 -0.11061197 0.08487327 0.04140009 -0.028102372 0.081190825 0.005051004 0.07970169
273 0.0033422445 -0.569576 0.98997146 0.11198076 0.45129132 -0.06003928 0.2656078 -1.1611015 -1.2570417
274 -0.07051033 0.5808008 0.23902428 -0.13126159 0.16269042 1.593888 0.1874572 -0.36987233 -0.68728304
275 0.5523981 0.34977454 0.37369564 -0.45956507 0.22047533 0.05541277 1.3489652 -0.38363886 -1.1017019
276 -0.115092725 0.48149833 -0.18396722 0.26267308 0.32961234 1.9094824 -0.035251796 -0.022549435 -1.2124563
277 0.27597952 -0.33152583 0.6509957 0.3196087 0.44801897 -0.21710011 0.56574935 -1.222134 -1.2655435
278 0.37411237 -0.8239204 0.4284491 0.21378496 0.5678911 -0.061516 0.53198314 -1.070774 -1.3116646
279 1.1836721 0.06499657 1.0409124 0.6936886 -0.27456626 0.75695974 -0.5186833 -0.30503833 -0.110320985
280 -0.3325981 0.52172226 1.3320857 -0.20691454 0.13490103 0.18613312 0.2148235 0.77643037 -1.6650902
281 0.18498 0.2783491 1.4617764 -0.1139842 -0.15493178 1.0890588 -0.57007897 0.77060074 -1.2243205
282 0.5728946 -1.1232605 0.77805924 0.011458998 0.4964243 -0.12890166 0.28093788 -0.9569718 -1.3387573
283 1.1996624 0.37347034 0.38863036 0.33891672 0.8738621 0.3373672 -0.014049406 0.6731984 -0.6983694
284 -0.3619312 -0.10808761 1.7968122 -0.36769843 -0.008789188 0.7806658 -0.049117796 0.5857741 -0.97821236
285 0.12826703 -0.18810502 -0.04100217 0.83535016 0.081941046 0.4453371 0.9466252 -1.4194907 -1.0964162
286 0.25605035 -0.38739923 0.83277744 0.109468475 0.4155966 -0.2065348 0.5302163 -1.2332877 -1.2283868
287 0.30005744 -0.24869767 0.63030964 0.6718308 0.51799047 -0.101566695 0.13304175 -1.1408406 -0.95856
288 0.004368933 -0.31554133 0.3823783 -0.08929298 0.38121003 1.7274195 0.43442425 -0.17769784 -0.30672148
289 1.0916642 -0.3204194 0.33588147 0.2572483 0.11577123 -0.037422225 0.43283013 0.34006277 -0.9109775
290 0.50355476 -0.89029336 0.59968156 0.5177065 -0.38064164 0.3648881 0.32090223 0.8041061 -1.1292217
291 0.7187383 -0.5094558 0.19895534 0.58026177 0.08713529 0.43589216 0.50783753 0.75905323 -0.83037764
292 1.2183867 -0.70778084 0.45751953 0.39109126 -0.24996321 0.253206 0.47496733 0.49858746 -0.7233245
293 1.0721433 -0.90106606 0.37309828 0.11011073 -0.04748402 0.38466898 0.59064543 0.4449433 -0.7057025
294 0.79025453 -1.3488442 0.61450166 0.085865095 0.2551912 0.097194344 0.54903024 0.072364025 -0.8271774
295 0.8593433 -0.28874785 0.7173099 0.32938457 0.12891111 0.03272253 0.39641768 0.50969 -0.72377115
296 1.2867298 -0.8458222 0.22404844 0.009814318 -0.004871124 0.6319415 0.39085287 0.37453583 -0.6178645
297 1.0996822 -0.9629055 0.7374206 0.42591488 -0.04505398 0.13833867 0.56766564 0.3709822 -0.51556355
298 1.4643642 -0.4207687 0.53605694 0.8069007 -0.37524283 0.5225378 0.28811267 0.7824535 -0.67534536
299 0.9626786 -0.07013224 0.6868864 0.4956168 0.29527298 0.43284053 0.43807876 0.7718746 -0.3578898
300 1.3703189 -0.3015987 0.5744056 0.6488475 0.12099629 0.22160466 0.24991347 0.5079644 -0.5498137
301 1.2459823 -0.61978495 0.544014 0.32485324 0.008729536 0.31046462 0.33369476 0.5092286 -0.61034006
302 1.3531295 -0.6672285 0.5946826 0.5837374 0.13173859 0.25033793 -0.004432811 0.31133288 -0.4821306
303 0.8707949 -0.31249827 0.93543106 0.5797748 0.05338441 0.26250884 0.41060877 0.9951202 -0.6325918
304 0.41815677 0.07175248 0.9861522 0.6358972 -0.2636302 0.47514108 -0.088719755 0.7537655 -0.91459346
305 1.387668 -0.90266305 0.3463675 0.7240002 -0.38809207 0.4502429 0.39689273 0.8504632 -0.9789448
306 1.1477481 -1.060128 0.47696266 0.1497833 0.10058582 -0.02435509 0.20942399 -0.10621952 -1.0150399
307 0.967801 -0.54072684 0.48732078 0.44587734 -0.08581178 0.22675927 0.3444506 0.7982971 -0.9748295
308 1.2732792 -0.7946831 0.22736831 0.63346535 -0.1566962 0.24366973 0.42294875 0.8125967 -1.0531617
309 1.1222223 -0.31376925 0.40162387 0.44657093 -0.15765877 0.1898286 0.35732383 0.58843935 -0.8592666
310 1.3176808 -0.6352326 0.055799924 0.6939817 -0.06113365 0.35964903 0.5764747 0.32567084 -0.5702292
311 0.0704734 -0.08793052 -0.055433273 -0.097638555 -0.09943373 -0.04144512 -0.014152288 -0.09125148 -0.05973689
312 -0.057583332 0.090242654 -0.0780033 0.09494861 0.0072735813 0.0489523 -0.03347156 -0.060308166 -0.09941704
313 1.190096 -0.088241234 0.67692214 0.5813324 -0.30520803 0.29297033 0.41848046 0.5591053 -0.5985839
314 1.3772156 -0.31569096 0.40220928 0.3253075 -0.4251242 0.9106131 -0.26578242 0.35332167 -0.6535526
315 1.3522942 -0.24335878 0.07986242 0.3302115 0.43026626 0.7425707 -0.11080427 0.7087493 -0.79030377
316 0.60059565 -0.8724163 0.2819796 0.22444914 -0.32679108 0.5888517 0.4202587 0.35512197 -0.9114731
317 0.7672552 -0.17481022 0.12349322 0.6577368 0.10246572 0.735529 0.37916967 0.56269354 -0.51897275
318 0.8619738 -0.11310512 0.42405918 0.8580141 -0.12800606 0.430934 0.11891635 0.8401215 -0.8946929
319 1.4000304 0.27056125 0.49235255 0.1637613 0.5529326 0.29374856 0.23135132 0.5079109 -0.4645319
320 1.3737081 -0.5713104 0.52564824 0.6033241 -0.3901323 0.41569772 0.2290093 0.94957 -0.99829364
321 -0.023877462 0.035161443 -0.09252882 -0.07854348 -0.09393045 -0.06109546 0.098401085 0.078633875 0.032063484
322 1.1322541 -0.7977317 0.3434275 0.18475804 0.1115188 -0.020485431 0.4012942 0.3642056 -1.0544819
323 1.1042217 -0.46073326 0.43153217 1.0459912 -0.17404313 0.49169573 -0.09953079 0.7294523 -0.88448274
324 0.95211244 -0.4765355 0.7333185 0.7122387 -0.6029312 0.2641056 0.22804585 0.90611917 -1.1343926
325 -0.021398107 0.010866947 0.02260085 0.03282461 0.10499288 0.048901122 0.11015444 -0.0961967 -0.063937955
326 0.91964436 -0.5985942 0.37283194 0.565942 0.020083623 0.42210552 0.17266406 0.89873356 -1.0255781
0 0.0704734 -0.08793052 -0.055433273 -0.097638555 -0.09943373 -0.04144512 -0.014152288 -0.09125148 -0.05973689
1 0.8002466 0.008911418 1.0890617 -0.3480004 0.38607347 0.11002871 0.67165 0.07588114 -1.3088746
2 -0.81976867 0.2857073 0.74413747 0.5253451 -0.0029850977 0.6885255 -1.1622255 0.71841645 -1.0026182
3 0.103995055 0.20075278 1.4169283 0.5151848 0.71977645 0.32086286 -0.20207535 -0.17498267 0.100338474
4 -1.4269083 0.9814498 1.2913569 0.6400118 1.1871698 0.55926275 0.45400175 0.36986014 -0.23628782
5 -0.1234335 0.119391896 1.6047524 0.53303856 0.7964919 0.9680336 -0.4068921 -0.35735446 0.30613402
6 0.27138114 1.1871575 -0.17874391 0.23098129 0.49291977 1.6724077 -0.750552 -0.64549434 -0.8974653
7 0.074200615 -0.011720274 0.10103288 0.017298844 -0.02193235 -0.07327722 0.07193225 -0.100773364 -0.021073394
8 0.8808886 0.59349006 1.2006223 -0.2535529 0.62750477 -0.4353406 0.30869356 0.26017445 -1.4218502
9 0.7085858 0.29598844 1.1625981 -0.08386094 0.53110003 -0.10518688 0.5751505 0.43279743 -0.8302978
10 -1.0122957 0.052121665 0.60964066 0.81684715 -0.3813226 0.8953955 -0.43687484 0.15671569 -0.7165644
11 0.27053666 1.2426217 0.6739051 -0.37682775 0.013200109 0.10397518 -0.40637118 -0.8332344 -1.1910713
12 0.2174141 1.0938169 0.63441473 -0.2492797 -0.17071845 0.14142309 -0.2909959 -0.8487173 -1.2174515
13 0.70385927 0.922243 1.1299921 -0.031606175 -0.9795617 0.83975303 0.9449216 0.8966638 -1.1394662
14 0.13166185 1.1644264 0.8344978 -0.50904274 -0.2648667 0.17195782 -0.28095302 -0.7307138 -1.039303
15 -0.2973255 0.035661254 1.5159733 0.49916518 1.104939 0.8848306 -0.7460823 -0.31469792 0.02235886
16 0.30623394 -0.1821931 1.1293142 -0.4211028 0.13855372 0.024820553 0.29065207 0.73917156 -1.3869278
17 -0.095050775 0.0638137 0.051482413 0.0013219648 -0.09825487 -0.02093033 0.00212072 -0.086199366 0.027446218
18 0.08215661 0.019629853 1.6229129 0.5428993 0.9623358 0.8907917 -0.53554726 -0.34517202 0.2372711
19 0.09461985 1.0458584 0.4290241 0.15741152 -0.021991638 0.51666445 -1.0183017 -0.94632405 -1.2180661
20 1.0886339 0.4633376 1.3671013 0.44060266 -0.82526433 0.6593809 1.0604447 0.2373292 -0.7495313
21 -1.1286776 0.78099996 1.2312275 0.6395976 1.2710316 0.45590895 0.4909361 0.260485 -0.29951584
22 0.7115938 0.17120518 1.137756 -0.5224854 0.5673178 0.36388224 1.0593612 0.36114302 -1.0999231
23 0.022070063 0.04062414 -0.01101311 -0.07679609 -0.03568514 -0.0947508 0.10456349 0.04138262 -0.08754909
24 0.6658326 -0.18561961 0.81458956 0.5760933 -0.7495492 1.0900022 0.7088051 0.475862 -1.0754224
25 0.9440392 -0.089630246 1.2288414 0.64532584 0.5729186 -0.18606554 0.30976865 0.28178057 -1.0003252
26 0.9621808 0.6900432 0.9713695 0.3820619 -0.72762257 1.06911 0.9940012 1.0405968 -1.0092933
27 -0.17428531 0.22854537 1.6309091 0.49862355 0.89311063 1.0440285 -0.60982686 -0.19601391 0.30902326
28 0.50688916 0.11976106 0.6651318 0.99979967 0.040723912 0.0831397 0.20148657 0.9695782 -1.177919
29 -0.11052552 -0.052622855 1.3131584 0.5573602 0.57580286 0.90208226 -0.019627128 -0.38608462 0.20204015
30 -0.47434843 0.28990853 1.6692824 0.4589615 0.88808995 0.812627 -0.5197158 -0.33903164 0.21433206
31 -1.0221202 1.0308433 1.2696733 0.38458967 0.8049955 0.23160583 0.2811936 0.11990589 -0.07794183
32 -0.39853448 0.22396001 1.9560689 0.6801659 0.93415797 0.84637856 -0.23956081 -0.0051571466 0.4260878
33 -0.0724972 0.07488305 1.5988827 0.77359533 0.6696214 1.0144064 -0.5498872 -0.25292003 0.30436468
34 -0.8523835 0.16256435 0.8997555 0.32299614 0.15915942 0.68665946 -1.1027132 0.6662117 -0.8554352
35 0.054286174 0.021941714 0.097971335 0.017014861 -0.020305144 0.07209745 -0.07855468 -0.09321181 0.0421019
36 0.96146274 0.69664675 1.0860896 0.09526926 -0.7711861 0.94629854 0.8386441 0.7652754 -0.9641471
37 -0.057583332 0.090242654 -0.0780033 0.09494861 0.0072735813 0.0489523 -0.03347156 -0.060308166 -0.09941704
38 0.3420559 0.51301336 0.71568745 -0.2729037 -0.71055007 0.73433954 0.62849444 -0.036768958 -0.85834324
39 0.9183377 0.3907348 0.43189883 1.3984381 0.6369773 0.25861773 0.7259963 0.5464093 -1.0479827
40 -0.012333791 0.104955316 0.08929486 -0.058601074 -0.09041675 -0.025082164 -0.102964245 -0.056308217 -0.06608674
41 -0.98880565 0.6236687 1.0972035 0.6330346 0.98204154 0.33964378 0.5588206 0.6123659 -0.305019
42 0.8890157 0.585826 1.1754911 -0.19144076 -0.7873499 0.7954737 0.84139353 0.7626004 -1.0978278
43 1.2638237 0.683593 0.78801614 0.08800735 -0.6803971 1.1923169 0.6116301 0.52983433 -0.73937804
44 -0.10801645 0.4482837 1.3073249 0.41320145 0.8778427 1.0327287 -0.66720015 -0.22095555 0.25594288
45 0.7920116 0.5169063 0.9802419 0.31305903 -0.4619231 0.85886425 0.84207815 1.039695 -0.8986439
46 1.0570699 0.47760108 0.5587785 0.8472974 0.470715 0.2157401 0.7445962 0.6293234 -1.2625927
47 -0.5611622 0.10715027 0.63133585 0.817621 -0.19211417 0.50874573 -0.66038084 0.65742373 -0.865987
48 -1.3699028 0.55939806 1.0357544 0.8785424 0.5675971 0.7066538 0.046160657 0.28598028 -0.2850726
49 1.0055104 0.43680295 0.9842733 0.30199662 -0.6861075 1.1532443 0.9238334 0.73080754 -0.896437
50 -0.40330434 0.3269167 1.3819658 0.6130855 1.0216566 0.81779957 -0.23831059 -0.1969077 0.23059711
51 -0.023877462 0.035161443 -0.09252882 -0.07854348 -0.09393045 -0.06109546 0.098401085 0.078633875 0.032063484
52 0.801094 0.18243065 1.3258936 -0.42552298 0.49621284 -0.113046214 0.6126459 0.15171254 -1.2456635
53 -0.06987116 -0.019598432 -0.090876885 -0.07416394 -0.09533874 0.04367345 0.030437179 0.06239348 0.028575089
54 0.023018885 1.3646957 0.7628628 -0.18755622 -0.20812877 0.1855968 -0.52946377 -0.97539103 -1.1047107
55 0.07989133 1.2795212 0.80310845 -0.26460573 -0.3331295 0.30725035 -0.23996255 -1.110365 -1.0313402
56 0.025291799 1.3483301 0.8036789 -0.16891323 -0.21286401 0.1832091 -0.584717 -1.0152174 -1.0765742
57 0.076097146 -0.18306418 1.065355 -0.5855918 0.8108483 0.3615283 0.9509763 0.3318128 -0.90134865
58 0.085471086 -0.028742896 0.017846584 -0.0816235 0.05531201 0.08192297 -0.103428215 -0.03642061 0.087697096
59 0.999866 0.7313371 1.3554354 0.24583735 -0.89250624 0.69915307 1.2223545 0.11034929 -0.75803477
60 1.0157213 0.542954 1.1189847 -0.23136298 0.5800567 -0.3998499 0.19969127 0.14550206 -1.3369292
61 -0.08070405 0.27563918 1.7845409 0.67034584 0.7763704 0.817967 -0.66266954 -0.249443 0.33010533
62 1.1592586 0.47089744 1.3123081 -0.3449472 -0.0011680305 0.03532169 0.31633776 0.6697963 -1.3023573
63 -1.1577365 0.7364799 1.108986 0.31752107 1.231977 0.55237305 0.40524858 0.032006435 -0.29276335
64 0.4013028 0.18706949 0.93714637 1.3004222 0.5530708 -0.21407643 0.84072316 0.54600513 -1.1026574
65 1.0237136 0.49877602 0.9705483 -0.055824712 -0.8186487 1.0469891 0.7396634 0.7875797 -1.0819888
66 -0.8843772 0.64696324 1.3350409 0.6170917 1.1809592 0.55776536 0.11048438 0.33220813 0.011424463
67 0.8258832 0.57397115 1.1596111 0.04470838 0.06869983 0.3669536 0.6409111 1.1744496 -0.6845649
68 -1.0575504 0.46325508 1.3870206 0.11900364 1.1855899 0.33506626 0.45029327 0.37050566 -0.39663947
69 -1.3110003 1.02555 1.2450335 0.7130973 0.95298207 0.34108138 0.4782302 0.22302425 -0.2354523
70 -0.54484224 0.5115206 1.4070202 0.80417305 0.29597026 0.9438095 -0.58674914 -0.056448627 0.29138476
71 0.7333769 0.9372637 0.7860746 0.44617772 -0.8078031 0.7386399 0.91502464 0.8246062 -1.1042193
72 0.71531224 0.34820375 0.8440312 0.5833444 -0.6650753 0.90923357 1.0755492 0.48833334 -1.0736328
73 -0.14757857 0.12885249 1.4361396 0.48905835 0.98162264 0.8258309 -0.77187735 -0.26651147 0.07741135
74 -0.20008186 1.2015301 0.8454302 -0.31962198 -0.2855338 0.13026983 -0.52965856 -0.93818265 -1.1660838
75 0.77800936 0.046963178 1.5030584 0.55956525 -0.72684586 0.49966013 0.91870475 0.17947888 -0.7584325
76 -0.023908602 0.070474304 0.017428981 0.092385426 -0.09240231 -0.050843053 -0.008934259 0.097779766 0.012292796
77 -1.530942 0.5064046 1.3072785 0.5029168 1.1460781 0.6415593 0.3850322 -0.08947166 -0.46557543
78 -0.12929499 0.26179713 1.3719025 0.63917243 0.6693401 1.3457409 -0.41950613 -0.21372634 0.48480445
79 -0.13694823 0.22987726 1.3871262 0.7135483 0.65651673 1.1185381 -0.40161437 -0.22765446 0.3402983
80 -0.99689025 0.59119993 1.091538 0.46844622 1.1068648 0.5137914 0.4334854 0.5212968 -0.27965027
81 -1.2385314 0.6415519 1.2126186 0.5844704 1.1731673 0.50031316 0.3744312 0.30025265 -0.3418536
82 -0.27559498 1.3478711 0.6688942 -0.27062306 -0.30279464 0.6051459 -0.8598552 -0.57266855 -0.95148456
83 0.07486176 1.3950762 0.8840672 -0.29804003 -0.33192602 0.19338033 -0.3031858 -0.9903732 -0.989318
84 -1.5609928 0.87211657 1.0519413 0.7818945 0.5004443 0.84264207 0.268799 0.13663734 -0.25723147
85 0.8255378 -0.01162486 1.2398448 -0.3316136 0.77725047 0.08672046 0.742173 0.38119695 -1.2922647
86 -1.1589485 0.34834462 0.7694327 0.69531393 -0.115282886 0.7156385 -0.6190026 0.21976064 -0.6636867
87 -0.63209736 0.06274569 1.2007931 0.48536468 0.66420007 0.7892537 -0.6235179 0.101464055 -0.16809635
88 0.6066412 1.2946525 -0.15022917 -0.20610648 0.325377 1.9920385 -0.51530766 0.09405417 -0.67695534
89 0.074429356 -0.107019916 -0.07763653 -0.08895556 -0.025143676 0.005331556 -0.04191425 0.020504143 0.10230206
90 1.1256963 0.8131858 0.9664761 0.46398038 -0.7129318 0.9747274 1.0978689 0.67219806 -0.8613503
91 -1.0398835 0.29030365 0.82352346 0.85776216 -0.32610428 0.7030256 -0.6449537 0.14237249 -0.6909207
92 -0.126977 0.13790394 1.6205927 0.6233493 0.8399463 1.3396345 -0.29535595 -0.062694944 0.4924126
93 0.06227387 1.3237323 0.7182952 -0.30932084 -0.20766976 0.32038707 -0.6788346 -0.8830248 -1.1666528
94 -0.032925483 0.7803957 0.75726676 -0.34943306 0.16231115 0.3439448 -0.11975351 -1.0727612 -0.7189213
95 -0.7797884 0.051357776 0.93658954 0.50426763 0.1843275 0.50223565 -1.1546353 0.46794713 -0.9534285
96 -0.7120381 0.17865697 0.7247207 0.47276998 0.03611436 0.6139289 -1.1861087 0.65772635 -1.0817894
97 0.84403783 1.0434345 1.1259037 0.07671637 -1.1051865 0.65179986 0.76040196 0.5018378 -0.872349
98 -0.30074868 -0.03256222 1.6893826 0.43869025 0.85307276 1.1165434 -0.6793355 -0.41578642 0.17941059
99 -1.1061 0.6744673 1.2358234 0.45995846 1.196223 0.4443947 0.31623247 0.15042588 -0.2955907
100 0.96809113 0.46552238 1.1859329 0.34521526 -0.8925893 1.0626436 1.0084703 0.83528477 -0.99198127
101 -1.0044166 0.5282265 1.0889744 0.69951594 0.81791055 0.4962156 0.08773748 0.4659219 -0.25903833
102 0.67201686 -0.060643923 1.0218288 -0.34625733 0.7717166 0.36518112 1.1994135 0.38000923 -1.5447148
103 -1.2611665 0.3482209 1.2183195 0.35277164 1.3022466 0.6377077 0.36735582 0.37889734 -0.40076023
104 0.54835385 0.8443743 1.088265 -0.16794603 -0.7836279 0.77735007 0.9501135 0.8740565 -0.8507158
105 -1.1777453 0.7106502 1.2907227 0.78489256 0.93330956 0.55426824 0.39414632 0.16067655 -0.15650523
106 0.63770497 -0.032769926 1.015307 -0.46021858 0.37993932 0.28966644 0.7233968 0.48225352 -1.5725969
107 -1.0124863 0.1569101 1.1389679 0.04924038 1.1106942 0.67529535 0.40817064 0.481141 -0.3506453
108 0.8850027 0.7127571 1.140803 0.21362895 -0.46155062 0.6255332 1.2181237 0.59882694 -0.93563634
109 0.76908255 1.1011769 -0.3339247 0.1852308 0.6078618 1.4905547 -0.17137866 -0.3191332 -0.7980392
110 0.69927776 0.11162613 0.83207005 0.46695557 -0.81986976 1.082319 0.71755433 0.6903612 -1.033989
111 -1.217171 0.9053016 1.3520004 0.47728148 1.1500499 0.62656987 0.5280189 0.17706081 -0.16958165
112 -0.13533805 1.4077485 -0.062286753 -0.010565883 0.07415335 1.3336363 -0.2883617 -0.726392 -1.0781404
113 0.3680691 1.084843 -0.15419005 0.7363474 0.19282277 1.0552185 -0.8474072 -1.0857536 -1.4584949
114 0.6374477 1.2430556 -0.1201447 -0.08550314 0.41489404 1.7515132 -0.5650863 -0.1966492 -0.68452114
115 -0.24496146 0.15461272 1.4652246 0.49543792 0.8271711 0.91356105 -0.62592185 -0.4595766 0.1861941
116 0.14196827 1.1797558 -0.013894755 -0.054338094 0.3118952 1.3676134 -0.96006763 -0.4902219 -1.0857062
117 1.0304701 0.35334882 1.2007707 -0.15801084 0.52792704 -0.0132053355 0.7966943 0.2202365 -1.1780992
118 0.2896741 -0.111687675 0.36120287 -0.1632711 -0.3289633 0.5276578 0.031636566 0.24711895 -1.7405255
119 -0.2185852 -0.040195756 1.4402862 0.34357667 0.8422772 0.81265026 -0.28079483 -0.27362248 0.08676559
120 0.7210223 -0.0030156628 1.5096155 -0.7731865 0.79182297 0.3773703 0.95105505 0.7501752 -0.9849658
121 0.007934838 0.042524956 1.4002594 0.64075 0.90356493 0.9525597 -0.56707895 -0.21538536 0.1717517
122 -0.20887206 -0.042257376 0.6993504 0.7410872 0.20263542 0.4645129 -1.1879925 1.1432043 -1.094531
123 0.89368963 0.6994086 1.002005 -0.13255747 0.7536112 -0.33885244 0.48270065 0.36930966 -1.2700516
124 -1.0088956 0.14417104 0.90740377 0.47404036 0.03290671 0.6395726 -0.9857778 0.7558257 -0.93329704
125 -1.2863636 0.7579393 1.2781326 0.6304945 1.0873456 0.53452927 0.25471815 0.037724454 -0.25126678
126 0.7451526 -0.032183655 1.3891746 -0.49316067 0.42007303 -0.044337157 0.46377456 0.30292648 -1.3139474
127 -1.3229934 0.8841594 1.2802315 0.6043488 1.043406 0.45718458 0.3631973 0.2891753 -0.25917196
128 0.8065592 0.33562407 0.93004 0.53637564 -0.65883905 0.6006818 0.8418227 0.75690883 -1.2931293
129 0.69537556 0.02311601 1.3750697 -0.32496455 0.24083062 -0.24457315 0.49552563 0.061458126 -1.2687981
130 -0.010358321 0.033788905 -0.05588852 -0.03084449 0.0075065293 -0.07069135 0.08096198 0.04864914 -0.09509483
131 0.8941721 0.7126664 1.0997689 0.020250788 -0.83374083 0.83680147 0.92865753 0.9667942 -1.2208219
132 0.22762936 1.4001261 -0.5466653 0.6996518 0.35396364 1.6228528 -0.35023347 -0.64429426 -1.2784952
133 0.8126687 0.6700365 0.86964506 -0.1275195 0.609074 -0.46078363 0.30305108 -0.1693107 -1.474177
134 0.78250635 0.47599164 1.0494033 0.25971514 -1.0383718 0.89046204 0.6726952 0.8635954 -1.1167331
135 0.3078162 0.9374744 -0.08357407 -0.18076038 0.5196955 1.9979916 -0.3383213 -0.48069838 -0.7431045
136 -1.3000898 0.44882596 1.2489183 0.49344775 1.2847162 0.5723155 0.50116694 0.18955956 -0.42380115
137 0.28852877 1.3567337 0.05958889 -0.18811968 0.1875872 1.1915538 -0.47931 -0.716722 -0.9584414
138 -0.6091571 0.4892437 1.5478334 0.6494848 1.0646378 0.9238815 -0.007276391 -0.0689135 0.3375363
139 -0.03155744 0.027326068 -0.03114834 0.0960605 -0.0031475888 0.06262565 0.10236551 0.04566941 -0.07911544
140 0.47432038 1.289731 -0.21345782 -0.264505 0.5250713 1.6457093 -0.8171872 -0.017221082 -1.0133324
141 0.7860316 -0.21901485 1.2141579 1.4966092 0.25418162 -0.022547716 0.30362675 0.7257883 -1.1674488
142 0.77248645 -0.107554 1.2383441 0.028966455 0.5006417 -0.13459074 0.47962478 0.43470195 -1.2486095
143 -0.26775363 -0.045947462 1.7664748 0.28821355 0.84826964 0.7602136 -0.70368636 -0.13834678 0.12833032
144 0.08424629 0.08885279 -0.04760353 -0.10364512 -0.02080573 -0.041203022 0.10109566 0.032668248 -0.066423826
145 -0.439094 -0.075035475 0.86450875 0.5159311 0.01613316 0.12458723 -0.5550623 0.73974746 -0.9504622
146 0.94923127 0.44135967 1.2184196 0.276443 -0.9067659 1.0013207 0.92137265 0.68446416 -0.9081971
147 0.7567668 0.39148393 0.6155882 0.95073444 0.17755362 -0.06371382 0.38014486 0.57904303 -1.3698766
148 0.85496676 0.6774092 0.8572586 -0.4089062 0.48548117 -0.08494805 0.39029193 0.2414216 -1.1502651
149 -1.0476185 0.26637578 1.1466348 0.59994495 0.16471764 0.62942195 -1.4299767 0.82590556 -1.0363159
150 0.57632405 0.99187154 0.19569778 -0.014513721 0.46724513 1.8191407 -0.39376295 -0.40245274 -0.07889375
151 0.056799147 0.92384994 -0.30612916 0.4128125 0.3467294 1.4777046 -0.6564771 -0.3983859 -1.0905726
152 -0.94131947 0.29075578 0.5731388 0.22686894 -0.44172335 0.88767457 -0.6588881 -0.052078467 -0.8942006
153 0.72081137 0.47898546 1.2647607 -0.4070989 0.54565597 -0.41625345 0.43422008 0.27976203 -1.3244115
154 1.0248256 -0.12485244 1.314589 1.20905 0.50639236 -0.22197357 0.21282595 0.30514017 -1.2265209
155 0.6547163 1.0858295 -0.116136886 -0.2091678 0.690437 2.1012158 -0.7419346 -0.36722314 -0.9230972
156 -0.91110706 0.4887782 0.6959528 0.024514724 -0.17951679 0.5477808 -1.0436887 -0.12740138 -1.0292171
157 0.97053885 0.64098155 1.0378653 0.562864 -0.46790397 0.7957092 0.807656 0.87361944 -0.6686453
158 -0.17482331 0.14861973 1.3058021 0.5054664 0.716303 1.1108563 -0.45503837 -0.20623563 0.26202443
159 -0.71814364 0.4287492 1.5607492 0.60127103 0.92008686 0.9571937 0.08817673 0.15227523 0.32119748
160 -0.9366398 0.42720866 0.962702 0.29326862 -0.20911177 0.57447773 -1.275766 0.44819754 -0.9924727
161 -0.22139372 0.20033827 1.4686036 0.52213055 0.9138629 0.87853676 -0.48343328 -0.09180198 0.20619796
162 -0.05770538 1.4092698 0.73726416 -0.20640497 -0.32034975 0.3052849 -0.45532525 -0.8456333 -1.0039184
163 0.8174087 0.0880205 1.0225619 -0.30247378 0.79909176 0.20229469 0.97510505 0.4360664 -1.445885
164 1.0642859 0.5730072 0.23568814 1.2994088 0.6838789 0.37615356 1.0998079 0.56674594 -1.5919958
165 -0.028632786 -0.046487108 -0.021387538 -0.10972325 0.002894865 -0.011740605 -0.033015743 0.027784944 0.052148834
166 -0.09897551 0.25722852 1.4188912 0.6081635 0.4937343 1.1646919 -0.7867716 -0.30703017 0.3210538
167 0.36410612 0.3736098 0.6497405 0.429575 0.3599799 0.10932255 0.8468772 0.73062855 -1.129985
168 0.97028804 0.56766224 0.7885949 0.59367436 0.53463596 -0.3224129 0.27595723 0.5558145 -1.3003278
169 1.127569 0.46323004 1.3165224 -0.20990804 0.5907822 -0.3745115 0.32009163 0.26491162 -1.3365556
170 -0.20512404 0.22336556 1.53973 0.7542082 0.94516486 0.8459916 -0.490992 -0.37374654 0.23694694
171 0.51705307 0.92418313 -0.05449308 -0.23475385 0.45587036 1.9181292 -0.49093696 -0.49072608 -0.83405185
172 0.6866367 0.5461887 0.43000063 1.1206778 0.061630704 0.29701215 0.8561459 0.6875387 -1.414869
173 1.0189043 0.6532546 0.2629168 1.412845 0.6374981 0.37150192 0.81152123 0.57392293 -1.3917452
174 -0.28317586 0.24352843 1.6890647 0.3252851 0.8018331 0.6764066 -0.6464165 -0.3759381 0.21616693
175 0.73356533 -0.26302022 0.6983197 0.9028993 -0.0779822 0.33566067 0.12917882 0.6178705 -1.2197162
176 -0.856044 0.557114 0.30068973 0.3614448 0.15903255 0.8231518 -1.0348496 0.42925063 -0.9522445
177 -0.039514143 0.1638088 1.3711299 0.5626971 0.9975956 1.1351794 -0.5506564 -0.22497706 0.27160877
178 0.052105293 0.056448314 -0.11020872 -0.0047716033 0.035623472 -0.064733215 -0.07437542 0.07071006 -0.075819455
179 -0.31966528 0.09589059 1.4327407 0.33689433 0.87902755 0.8767591 -0.5664754 -0.00389427 0.09346133
180 1.1861333 1.2153513 0.11235143 -0.058386683 0.02073222 1.8506674 -0.19624119 0.082817994 -0.22979058
181 0.9501178 0.6022452 0.97799087 0.6470122 0.522299 -0.4256473 0.42410898 0.23595782 -1.1083794
182 -0.1728555 1.3625288 0.90830433 -0.23160407 -0.29084298 0.21895638 -0.42150196 -0.89083457 -0.79150015
183 0.783698 0.23348945 1.2232248 -0.60322964 0.9215084 0.077060595 0.9796586 0.4631628 -1.3287871
184 0.66884613 1.4893384 -0.18306859 0.103535436 0.5560864 1.4213711 -0.88876307 -0.7780981 -1.2347027
185 0.71312183 1.3818568 -0.14503197 0.10649672 0.7925631 1.7110553 -0.62720925 -0.7005031 -0.95989996
186 -0.15673044 0.6749759 0.4682176 0.08908938 0.010886011 0.08134762 -0.9139851 0.7637369 -1.2324804
187 0.47494888 1.6896433 0.9792296 -0.38510057 -0.18803954 0.5046486 -1.1372502 -0.9187664 -0.8841603
188 0.99641246 0.7388836 0.37504953 1.5084574 0.035907116 0.4518836 1.0614147 0.65183514 -1.4304798
189 0.6486701 0.5467446 0.48611525 1.2850738 -0.09460534 0.17537914 0.8285428 0.35106343 -1.2326736
190 -1.2494138 0.7372363 1.1504776 0.75556475 1.4384209 0.23826408 0.5030376 0.18488558 -0.58959776
191 0.70203745 0.22819382 1.1189117 -0.40046892 0.7071317 -0.094630264 0.64983207 0.32845107 -1.3177658
192 -0.057715297 -0.013310526 0.058574636 -0.06607155 -0.05530193 -0.054984704 -0.052848313 -0.0886677 -0.108405165
193 -1.5309355 0.42749828 1.4876584 0.44299018 0.8365714 0.82673985 0.36692518 0.14095144 -0.17523466
194 0.6035396 1.2222397 1.0045049 -0.24670401 -0.51792294 0.44410923 -1.013624 -1.0216342 -1.1444235
195 -0.030875733 1.0067221 0.1785416 -0.34203085 -0.048493795 0.39188197 -0.7628929 0.3161248 -1.228085
196 0.42551938 1.6813836 1.0766872 -0.42680702 -0.041930042 0.4519464 -1.4289463 -0.9113569 -1.1896589
197 -0.10253492 1.4135505 0.93025404 -0.34173697 -0.10024233 0.123429984 -0.45405445 -1.0638041 -1.0709658
198 0.033612464 -0.08410047 0.013895392 0.025410017 0.059036836 -0.022448845 -0.108574 0.058018524 -0.06562771
199 -0.6057468 0.03135167 1.160237 0.510654 0.6615403 0.6243645 -0.70756733 -0.25301355 -0.36937684
200 -0.9138417 0.2900803 1.4644712 0.36270472 1.1052684 0.58381474 0.2110757 0.2989461 -0.09202459
201 -0.41101906 1.127664 0.83831906 -0.10179264 -0.68113786 0.3197757 -0.38032252 -0.60359395 -0.8220454
202 0.8000647 -0.03491689 1.3533202 -0.77580523 0.6356794 0.3332492 0.81327254 0.5337972 -1.3458395
203 -1.2191064 0.37374604 0.93471694 0.42075557 0.1963427 0.57060087 -1.1927648 0.61062086 -1.1190535
204 -1.521859 0.83124375 1.2719809 0.5077359 0.9944615 0.58567166 0.51391 -0.016339866 -0.30125588
205 -0.39714408 -0.091633886 1.1745496 0.62203676 0.608424 0.6767644 -1.4444833 0.7552676 -0.66901726
206 -0.76361865 0.09687363 0.9858739 0.6434948 0.31649843 0.71556133 -1.6096696 0.99670255 -1.2262654
207 0.9379666 0.30558005 1.0587269 0.17749295 -0.8742256 1.031247 0.8578792 0.49982 -1.1047288
208 0.67357385 0.007485918 0.9503502 1.4612647 0.010476721 -0.011060014 0.39842045 0.45041645 -1.2073181
209 0.0110480115 1.0924202 0.68093795 -0.26571366 -0.60774606 0.55010176 -0.10547994 -0.79981166 -0.90950435
210 0.840291 -0.1629509 1.1007862 1.300081 0.08933567 -0.12100027 0.2012533 0.27730286 -1.1857976
211 0.5310622 1.3537625 -0.0020175818 -0.35035273 0.56431687 1.7139466 -0.7312528 -0.53769296 -0.8282938
212 0.0038840014 1.3455265 0.8525835 -0.18734647 -0.528578 0.24885029 -0.31746337 -0.7752081 -0.97010916
213 -0.055497497 1.2956883 0.8733693 -0.45822892 -0.21482839 0.12560043 -0.41309398 -0.89201385 -1.1820616
214 -1.0736063 0.35755047 1.042873 0.48188913 0.17676908 0.7098676 -1.5084702 0.6757685 -1.0633544
215 0.5485897 -0.052452825 0.8550777 0.06999316 -0.8311102 0.8994481 0.74421036 0.0674045 -1.2178179
216 0.54497623 0.18730341 0.33856818 0.5970173 0.33769438 0.48482195 0.9957379 0.47326535 -1.3594258
217 0.8491761 0.15360393 1.2661203 0.15824963 -0.46990502 0.27321213 0.87300277 -0.14979 -0.977054
218 0.50265765 1.3660272 -0.14548488 -0.14171623 0.6867829 1.6052048 -0.6384903 -0.6418144 -0.8911773
219 -0.10852663 1.159544 0.6708083 -0.2157818 -0.2269142 0.27172562 -0.5680141 -0.722161 -1.0484096
220 0.43960628 -0.35264128 0.8664422 0.84355795 -0.17228323 0.39318696 0.4568356 0.11454017 -0.8437183
221 0.9909604 0.49319762 0.22485271 1.1413251 0.28740343 0.35948366 0.77480215 0.33589262 -1.4449506
222 0.89953315 0.6645246 0.5921459 0.8468963 0.4071879 0.12335665 0.690882 0.7270993 -1.1934203
223 -0.25189286 1.4503616 0.86833537 -0.1827022 -0.42129308 0.28255326 -0.76012903 -0.8367721 -1.0606726
224 0.0126972245 1.2246308 0.5759546 -0.40376383 -0.2601008 0.53558844 -0.34506422 -0.92113525 -1.1616207
225 0.620418 1.7069626 0.4562256 -0.5605874 0.38401458 1.1921309 -0.8384491 -0.796233 -0.7028239
226 0.028549207 0.060184903 -0.039836723 -0.016844817 0.10188413 0.10070232 -0.10436627 0.08408121 0.109867215
227 -0.24417622 0.13703871 1.7185661 0.5675365 0.81845623 0.8632822 -0.58486813 -0.17240116 0.24589747
228 0.9353776 0.29165643 1.3182573 -0.18609446 0.5106003 -0.21301772 0.5170487 0.4474988 -1.2155396
229 1.245133 0.89061 0.5845662 1.0456216 0.4468557 0.33673865 0.96101105 0.4231621 -0.92253935
230 0.023483502 0.06372395 -0.02351565 0.03524775 0.093819566 0.004311906 0.069939815 -0.07492854 0.073064685
231 -1.2064645 0.6147822 1.2077887 0.50269073 1.4333674 0.5375244 0.49712357 0.3869624 -0.36903438
232 -0.058001146 0.14920484 1.7657939 0.79236287 0.82466537 0.70204365 -0.55174035 -0.1769659 0.26902246
233 -0.12274704 1.3185606 0.8188965 0.008749684 -0.29153305 0.30807006 -0.5719486 -1.0826902 -0.9966884
234 0.52951294 0.03643518 1.3477391 -0.48379573 0.65633094 0.13054197 0.8941023 0.4043152 -1.0431781
235 -1.1554321 0.67690855 1.1049002 0.7924255 1.2028916 0.30751446 0.19578859 0.21008419 -0.3894273
236 0.017110864 0.014342057 0.032473564 -0.104399405 0.03616002 0.060718723 0.058736973 0.04933209 -0.08984853
237 0.03541076 0.04637595 -0.06265538 -0.065697685 0.011537407 0.09957828 -0.1071809 6.989638e-05 -0.07627717
238 0.081524715 0.9895602 -0.08704217 -0.29307246 0.57577896 1.7023884 -0.8651659 -0.2859937 -0.9924933
239 0.6201522 0.17545806 0.9830634 0.2843526 -0.52213013 0.7029393 0.8926946 0.42691666 -0.9950426
240 1.0040436 0.69081515 1.494823 0.47719643 -0.77601224 0.6251036 1.3603355 0.119123824 -0.7141599
241 -1.2775979 0.5169127 1.2021682 0.7668127 1.3176035 0.45046538 0.5118381 0.1009151 -0.49191198
242 -1.0297606 0.57895637 1.0246234 0.853818 1.2867073 0.31227523 0.674939 0.43890357 -0.5268057
243 0.0053751864 -0.07844477 -0.09188232 0.06713545 -0.09278323 -0.06199761 0.06200139 -0.005403903 -0.033937387
244 -0.7327232 0.3740258 1.6459767 0.7612844 0.82870704 0.87304753 -0.43405035 -0.08625259 0.23381528
245 -0.98835605 0.2556078 0.9126289 0.69445646 -0.0776289 0.75437456 -1.2853402 0.6610939 -1.0838121
246 -1.1251497 0.32158053 0.85071266 0.5011303 -0.08643813 0.80546486 -0.7458072 0.3285449 -0.69035876
247 0.9772745 0.58533174 1.025 1.0353925 0.6477742 -0.21922733 0.77208495 0.44110483 -1.1046724
248 -0.141906 0.15027207 1.7827563 0.5533447 0.9627799 1.0018592 -0.6297864 -0.11685559 0.34403476
249 -0.95081395 0.3834027 1.2740687 0.390445 1.0686575 0.7459645 0.33860695 -0.10580289 -0.07690714
250 -0.031131258 1.0028753 0.13813536 -0.4463381 0.07405848 1.6678156 -0.71446824 -0.24438386 -0.79879636
251 -1.577242 1.0462595 1.4283928 0.86541545 0.9491978 0.49811307 0.409916 -0.08809119 -0.2769971
252 -0.14505027 0.46225768 1.6496242 0.738788 0.7568568 1.0807562 -0.47703806 0.05668462 0.5292808
253 1.1131791 0.37948537 0.38988614 0.8709141 0.7533114 0.53712296 0.9074153 0.54145586 -1.2204156
254 0.7893173 0.2732901 0.80649686 1.2639631 0.13660562 -0.112905785 0.29633486 0.90589094 -1.4012814
255 -0.03731428 -0.11002759 0.021601345 -0.044315204 -0.030096702 0.05751656 0.084433585 0.04870918 -0.0757824
256 0.1253526 1.356037 0.9620442 -0.4669479 -0.18317176 0.24012764 -0.6910898 -0.90256333 -1.0059092
257 -1.3149309 0.7574394 1.3453255 0.58454734 1.225754 0.5636644 0.4395167 0.15691945 -0.28271094
258 -0.07558775 1.0928441 0.6669562 -0.3794396 -0.48527 0.46421286 -0.47597843 -0.5792441 -1.1531581
259 1.0389754 1.0000544 1.3024522 -0.19421905 -0.65157 0.58575183 1.0176661 0.7126615 -1.0199909
260 0.09678769 1.3681731 0.8053013 -0.2415886 -0.2029991 0.15337254 -0.47574058 -0.8445993 -0.97153777
261 -0.36636618 -0.06859478 1.4642645 0.27028114 0.5016361 0.863075 -1.0495842 0.21521628 -0.110999204
262 0.8323581 0.64429796 1.1990639 0.4090593 -0.75115615 0.68539137 1.3666062 -0.14600709 -0.8302105
263 0.8430251 0.030912254 1.3622627 -0.560506 0.5025957 -0.07666951 0.5021769 0.29236305 -1.3762438
264 0.5964175 -0.19866204 1.1219568 -0.69148326 0.92948943 0.52963424 0.94971335 0.7005013 -1.3066914
265 -0.94391125 0.22710532 1.006674 0.8572667 -0.06043847 0.6840434 -1.0810099 0.6730125 -0.7951901
266 0.6872618 0.5158151 1.3326311 0.5304134 -0.88542455 0.83047616 1.4642954 0.362307 -0.8594978
267 0.28023487 1.1926146 -0.1616615 0.08889415 0.5058253 1.4073851 -0.9627882 -0.41142267 -0.9956394
268 -0.9095195 0.2793033 0.96959174 0.51785713 0.046646938 0.7442174 -1.5760388 0.66124517 -1.1159737
269 -0.98641026 0.1521867 0.8877202 0.6525696 -0.18020417 0.76883703 -1.1001855 0.4005615 -0.8348601
270 -1.0018219 0.16791448 0.62306184 0.58925533 -0.25072294 0.85555476 -0.7588382 0.45175582 -0.90101475
271 -0.92753756 0.2686129 0.9519438 0.51081795 0.1242657 0.7253928 -1.2416925 0.59493256 -0.90782964
272 -1.2882358 0.80933315 1.1954255 0.51701283 1.2368323 0.37935314 0.51379305 0.18097924 -0.39378113
273 1.126747 0.640129 0.2470468 1.1118119 0.75507313 0.49019492 1.041307 0.43359196 -1.2533091
274 -1.012559 0.7220499 1.20648 0.546263 1.1900171 0.40705425 0.2944779 0.14764176 -0.21092331
275 0.94572175 0.6744404 1.3389825 0.092430286 -0.9723551 0.705059 1.2521214 0.3510896 -1.2589481
276 -1.0847163 0.4316784 1.2820606 0.16592626 0.84307396 0.3642471 0.17748943 0.19477116 -0.37731344
277 0.97536564 -0.31645596 1.098977 1.6467487 0.22249988 0.096602276 0.3038227 0.3149017 -1.1529028
278 0.53729945 0.13781768 1.2828424 0.7273815 0.16293716 -0.056706425 0.26396096 0.9281839 -0.6591311
279 0.47000185 1.1729425 0.12938046 -0.2942045 0.6228362 1.6172111 -0.65220124 -0.63389105 -0.72995764
280 -0.62697464 0.14456956 0.9632532 0.6915835 0.36031973 0.6370103 -1.5763763 1.0529269 -1.1747819
281 -1.3671596 0.48318052 0.71657485 0.54119396 -0.41943455 0.5689381 -0.2055645 -0.12138473 -0.8005787
282 0.9994089 0.67238086 0.65412235 0.8393225 0.51849365 0.16604999 0.6626636 0.97289944 -1.2310728
283 0.13454254 1.1667581 -0.17742905 0.5869308 0.31572017 1.4307375 -0.87975717 -0.9443529 -1.5184518
284 -0.9463499 0.41751698 0.61365974 0.42590386 0.055990618 0.83204913 -1.0731403 0.4304956 -0.9507137
285 0.91655105 0.25894344 1.2760127 -0.5010415 0.45528868 0.5337095 1.2185162 0.45999968 -1.0786495
286 0.48958963 -0.14843945 0.88001263 1.1572634 0.37409928 -0.007872015 0.43911192 0.565052 -1.0126151
287 1.1100991 0.6271031 0.15244652 1.0506625 0.5111931 0.52477384 0.61383694 0.45624766 -0.9834987
288 -0.11817534 -0.05248492 1.6984606 0.6218547 0.89369535 0.7273618 -0.3445352 -0.19052994 0.20491505
289 -0.3602965 -0.23760507 0.62112594 -0.10826171 0.17316133 0.93471277 0.24521908 -1.2322445 -1.1456789
290 -0.13262235 -0.39223224 0.35602412 -0.012740261 0.30338025 1.3034091 0.048046757 -0.94819766 -1.252405
291 -0.08567057 -0.16066815 0.28640103 -0.29306993 0.4365329 1.4550154 0.20540914 -0.87914336 -0.98535377
292 -0.28550482 0.04433949 0.38438144 0.17299326 -0.46256417 1.1912317 0.02833921 -0.63166964 -0.9036964
293 -0.17927773 -0.16955683 0.22459705 -0.17622942 0.28809825 1.4448749 0.07790027 -0.90773684 -1.1672969
294 -0.12167517 -0.2008835 0.3197708 -0.031792637 0.17430341 1.1031647 0.25386283 -1.0081854 -1.3635015
295 -0.021398107 0.010866947 0.02260085 0.03282461 0.10499288 0.048901122 0.11015444 -0.0961967 -0.063937955
296 -0.10787842 0.2995729 0.4745218 -0.1864498 0.12160481 1.4224657 -0.049774095 -0.7381767 -0.36595896
297 -0.52460325 0.282157 0.30550793 0.15996423 -0.21825434 1.6835862 0.34863457 -0.9401942 -0.750428
298 -0.03289804 -0.11578323 0.43490863 0.16519794 -0.139977 1.1101787 0.19691768 -0.9885581 -1.005186
299 -0.39794156 -0.16620025 0.41223675 0.23832604 -0.015919253 0.8879764 -0.22371145 -0.8366804 -1.1555288
300 -0.116534814 0.36172295 0.16164723 0.69333005 0.16806833 0.82215065 -0.4761605 -1.4168798 -1.4675629
301 -0.21482876 0.080814764 0.26924294 -0.011014743 0.023332154 1.5570656 0.31568122 -0.7697467 -0.9021242
302 -0.080883935 0.17158014 0.12970024 0.08486403 0.15999743 1.5310134 -0.19310443 -1.1044816 -1.1161939
303 -0.018735461 -0.49364564 0.5497261 0.16401409 0.124874994 1.3850627 0.09845437 -0.99320394 -0.9537564
304 -0.27715105 0.29308823 0.4637909 -0.2710271 -0.13047443 1.1570519 0.09830304 -0.9840453 -0.8396246
305 -0.4832545 -0.037485138 0.47760963 -0.04799392 -0.09604706 1.3048849 0.057034045 -1.0802696 -1.1041564
306 -0.31743118 -0.06950462 0.36281818 -0.043126963 0.18600994 1.4474665 0.60097134 -0.82385284 -0.75758934
307 -0.011455167 -0.06679756 0.091015324 0.10428359 0.20460458 1.1508155 0.3590454 -0.87779313 -1.3605509
308 -0.22298984 -0.059696686 0.33762124 -0.12579192 -0.34286624 1.599856 0.48115513 -0.62819433 -0.9861552
309 0.0064006215 0.08382987 0.32724354 0.24372984 -0.077315494 1.0078627 -0.050491907 -0.89078665 -0.93879527
310 -0.41844648 0.19384249 0.40495384 -0.11630968 -0.10751842 1.4618969 0.43464535 -0.9600096 -0.8721054
311 -0.0027665352 0.2051708 0.3483791 -0.090126656 -0.09076648 1.1082923 0.21836753 -1.2002993 -1.2392874
312 -0.006805261 -0.056691527 -0.034178164 0.09012727 -0.08497678 -0.0701031 -0.05848531 -0.0733749 -0.09822914
313 -0.56861234 -0.094214775 0.5539715 -0.136506 0.22719996 1.0896503 0.011879223 -0.6332566 -0.7308122
314 -0.5484507 -0.11546767 0.35901442 0.16253759 -0.45976457 1.1934627 -0.09799083 -0.3679987 -0.9817602
315 -0.3165453 0.6250685 -0.17146857 0.5317789 -0.15863712 1.6488299 0.06918174 -1.0296137 -1.1969017
316 -0.3110484 -0.03252896 0.40162745 -0.026022114 -0.35087255 1.3023995 0.38045165 -0.8206315 -0.99224555
317 -0.55518407 0.11964694 0.41006577 -0.008780929 0.14799175 1.1138531 -0.19761342 -0.78153056 -0.9538936
318 0.21373235 0.5404191 -0.083904415 -0.248535 0.5006793 1.7346315 -0.20097047 -0.63505715 -0.9068369
319 0.041542668 0.3439745 0.1495683 0.5968689 -0.014990758 0.8880406 -0.4886527 -1.3112838 -1.5648861
320 -0.30076241 -0.24709262 0.42743754 -0.055130407 -0.14341518 1.5239892 0.12367463 -0.85459536 -1.0425968
321 -0.34680086 0.07525158 0.16574706 0.5933192 0.14937742 1.0774864 -0.29007155 -1.2645231 -1.4531903
322 -0.25056472 -0.13175054 0.3968414 0.05654483 -0.1888689 1.3568797 0.33192477 -0.89339435 -1.0993866
323 -0.20685534 -0.042481486 0.33192277 0.023178566 -0.0637072 1.5256674 0.3472675 -0.92692363 -0.952847
324 -0.45730102 0.1248261 0.20783345 0.0010378319 -0.042450767 1.4679425 0.2913353 -0.87744576 -1.1386105
325 -0.045108635 0.092765674 -0.0063676834 -0.1048531 0.05315153 -0.0671682 0.074238814 0.059708647 -0.05606303
326 -0.6920785 0.5662953 0.277867 0.026204567 -0.38593003 1.2139319 0.10488191 -0.9006086 -0.96173155
