327 9
0 -0.22872041180569183 0.39337921163364814 0.1772185584662986 -0.06534839926217736 0.048752416474509834 -0.30137328821515774 0.018032438423723384 0.011122489731934783 0.09764896807324641
1 -0.15592729383911935 0.2270267196683037 0.11338471246505458 0.02713197842084559 -0.008458734743075066 0.454559485738224 0.10570359011008001 0.02937189896976114 -0.0066410623589420615
2 -0.06735211046658486 0.0025011103937526494 -0.07472786964816937 0.038049469222376196 -0.059201516485695105 0.00019883970075661463 0.019117002836872593 -0.4731969390859617 0.05463490209507088
3 -0.1557719126106467 -0.05892926691744824 -0.07626941980189157 0.013926323550749178 0.03155282915009581 -0.008550396583885027 0.0019355689786259586 0.031379760733392215 0.029550776914162392
4 -0.11884038793109951 -0.05724522991882212 0.02724388102121996 0.4219316588089261 -0.04460888592217809 -0.06343183603809617 -0.013813615620956288 0.04981330611868888 -0.0003586180337282663
5 -0.36512474639881304 -0.29573399986168164 0.089396311909976 -0.22306535663471852 0.019168794707610338 0.008575543725366622 -0.0010653469113754332 0.04730208822714485 0.01563722640385728
6 -0.07488556451877189 0.035112566924149415 -0.18246243182068855 -0.013297560488882084 -0.03930663581120873 -0.008845611964518016 0.00795419628040231 -0.026399016296153835 -0.5985591583552827
7 -0.23773684962688307 -0.20126971233045965 0.07235593221036762 -0.1508795315112401 0.0276051518327763 0.0074571867404951715 0.0005964578386412676 0.013491512817304862 0.005750466114437259
8 -0.1284484389372246 0.17356786522711168 0.056541232706205535 0.034279835697996926 -0.03664046768834747 0.4630773535495414 0.31157789263872254 0.03659087673322914 -0.004337807302324723
9 -0.15329986022022762 0.2169282021877524 0.11347306462822565 0.0455549245496475 -0.005277254407080193 0.4455102521816192 0.21384724070078007 0.03269096123574042 -0.012532156971194596
10 -0.025986132041623807 -0.005984957729248552 -0.012998175506245713 0.015993267396393715 -0.003758933340971865 0.003492467932659351 0.010757205888424774 -0.2550328561095981 0.01237046893518161
11 1.3180301680493793e-16 -7.808204653534697e-17 5.179568512517542e-16 -1.131914356399832e-16 -5.775570439871611e-16 2.1977513781504226e-17 -1.780518779068149e-17 -3.855626985419782e-17 -1.7849344617383655e-17
12 -0.12884718994036273 0.07626193947596692 -0.37302365181526365 0.027849927332969544 0.42512442130571865 0.0024718197739321897 -0.009758273133767014 0.04171239622583334 0.11395211964909718
13 -0.15735314674183415 0.27559876249561227 0.15485823913694702 -0.04516260632567355 0.038802045217235265 -0.1750095200413884 0.05898169294607233 0.002844426230411664 0.025064037106153434
14 -0.129506785208012 0.1058715646570339 -0.2636923937841757 0.014500546155185194 0.31248980151382144 -0.023593487417301027 -0.009918775337508921 -0.004340711108205125 0.08708562877575494
15 -0.3712975238183367 -0.2157422904824674 0.11892636263051391 -0.1964827776518725 0.03393630595999019 -0.0016296394389636456 -0.030311944507721518 0.027990810816250142 -0.03638893960749152
16 -0.06468161463404747 0.10530520986297037 0.057070048288053184 0.0004832032008845189 0.0041963797050930144 0.10459477537504004 0.13035266937646667 0.0070411177844165555 -0.008390087886713226
17 -0.03992517384283704 0.0016236278313811936 -0.04311340220633356 0.012723032988403944 -0.031400744438050285 0.0020764177520940156 0.012115287712060859 -0.34647915674582985 0.040706571544152075
18 -0.059508564934653375 -0.04396629095609247 0.014678476345990375 -0.025960145394630197 0.00507558628653179 0.004951129470048518 -8.152098594641745e-05 0.011232643437622557 -0.003918689373375199
19 -0.11674325413994904 0.06982382334762335 -0.33737645854029696 0.018098996495937884 0.3132263437186034 -0.0027442969728548546 -0.004720895733215091 0.03182094734571034 -0.012687334893571236
20 -0.16695422649799074 0.29246157856755917 0.15334957677547117 -0.046599409598677116 0.029108740503191094 -0.21545994595041648 0.0158041096099366 0.007763136818061331 0.08365062198014248
21 -0.14402322619567295 -0.07074116786439381 0.0009945058610351383 0.3311950684234795 -0.06334476349357705 -0.049891575488335324 -0.005469151992077632 0.04655829806328327 -0.008190510435435398
22 -0.11809162157475642 0.17341909217211132 0.0878965400150203 0.02975749580615674 -0.005531688629761167 0.3706178036440473 0.24881404313144886 0.022874905834843917 -0.015555787393030087
23 1.7400957642654817e-17 -1.1254604402129658e-17 1.7423302985312543e-17 -9.68810503185458e-18 -6.6735287716153675e-18 -8.455726410463148e-17 1.273565810489364e-16 8.700757517145654e-18 2.2003697224658744e-17
24 -0.12223881917193848 0.21129763608003133 0.11718255389751166 -0.03517296784852042 0.02723217391103507 -0.146381380651657 0.0248894374998802 -0.0038852321344188087 0.0013235989047773026
25 -0.049221931525027754 0.06519781398795751 0.02609872656347372 0.011820559100804573 -0.012770031272754088 0.18588303018673688 -0.26581350152099753 -0.005045671070761799 -0.005717043340956903
26 -0.11021222578831508 0.187036926438497 0.08641820775330623 -0.02923032993526284 0.014672305980585271 -0.11230755297168249 -0.05574515227478422 -0.004011210253462018 -0.08314290322104555
27 -0.1912420406895739 -0.15927168323748664 0.05763624671660468 -0.12419719103919358 0.021112305966737216 0.004280124016702893 -0.0007133345588256254 0.03333093944244701 -0.003835494255724486
28 -0.13227795691882718 0.18005792795186626 0.08933244737726287 0.043708841273222804 -0.017436453023751984 0.2742951825571893 -0.43468200983339716 -0.0004820090866461303 -0.005485182672871904
29 -0.2945925229226077 -0.20264336523317614 0.09401624671748009 -0.16462080688547892 0.027388636242201263 0.01383117567184238 -0.029410856267798723 0.04484691101475421 -0.012754616813377726
30 -0.23883365586576152 -0.1740574767943704 0.07966139538586947 -0.15368363751975106 0.029246370766797803 -0.00533029557133763 -0.003647806821630646 0.03537817092468277 -0.012954479700968273
31 -0.13555865788905813 -0.05329788322452493 0.0017600207569633225 0.35675415156152923 -0.008063827003002644 -0.050227445012827075 -0.0009644370488582367 0.041655912127966606 -0.020348655990810836
32 -0.1090253020025158 -0.0886229269420357 0.032412226506571 -0.03287752011245421 0.008312126800551668 -0.003602531797797448 -0.00034543373940812666 0.01753554646433319 0.007514547932395836
33 -0.3617425378432309 -0.24458437968319344 0.056068149038571005 -0.20284061031827466 0.09807704377751415 -0.005597696719824222 -0.00013963689088706193 0.04964421650669838 0.013565036251603428
34 -0.03628638477076592 -0.003464889814803096 -0.02356377649774662 0.02004839550707845 -0.00360121106027832 0.007989152015147098 0.01868673076996945 -0.43778129224327944 0.03975447371911101
35 -0.3967810482449065 -0.32863364250200533 0.11986140222364833 -0.2299201214539422 0.040274863412075014 0.009044304753316764 0.0006666313190273939 0.048051311512022736 0.003758523521945425
36 -0.20755037148409625 0.34126241561757503 0.16541111213860146 -0.030288113478860502 0.029062420797557536 -0.1396335169375365 0.09081663967540209 -0.004421583366130412 -0.13002912790821136
37 -0.09703209097025339 0.008407962597916948 -0.14519040278237363 -0.036804248485442864 -0.07292717725813218 -0.010137913095121041 0.00805209428662923 0.006016039720607893 -0.19746186547175015
38 -0.3568522117542166 0.5208971116459693 0.07124669703192091 -0.05850245372019002 0.05033676159729084 -0.11478768536493705 0.0039695581617787135 0.0017273989292522786 0.07727091766684381
39 -0.07757138592013349 0.1081824041630172 0.013147736203403024 0.005933589599930357 -0.023294268989009936 0.17638300669584187 -0.42767203531595027 -0.010793675716586659 0.01577014929805965
40 -0.09671106977773394 -0.016658999627136774 0.0005484956600212168 0.2869562661233739 -0.004934806762019192 -0.00809569030577828 0.0241441033784562 0.02558978380414704 -0.005447957732547109
41 -0.08600252410143638 -0.04605666669168469 0.0166574207990618 0.2058617268728914 -0.01736597763234683 -0.024841141227077375 -0.0026052416704930637 0.030755853550147313 -0.002368819334383378
42 -0.26385727401561826 0.467971746512876 0.250967463503224 -0.07713125021948312 0.05672574029230527 -0.35359150712331266 0.03269887941063602 -3.578435353063111e-05 0.04290575874713073
43 -0.2244996578679699 0.3813784181903322 0.1824325960979419 -0.05982385474903838 0.06571086381568073 -0.2759314236618992 -0.020692590662537622 -0.0034164145538256472 -0.06448006734713853
44 -0.20715666168758062 -0.1604537014832695 0.06154680704515738 -0.12686335252863648 0.023780572323685623 0.027370867137963037 0.01801968172679121 0.022984898560709854 -0.006916697964195992
45 -0.23296558897885528 0.34304567641150363 0.16977689498140996 -0.06672921926858678 0.04047190994489741 -0.2104076560054888 0.016698809068711268 -0.0012005124049091684 -0.1346334922763969
46 -0.07513850838617576 0.10377278046463871 0.04672089307475969 0.006633388004628856 -0.008092490143678898 0.1313652671608809 -0.16563404616195593 0.005733102918538834 0.021348542463081353
47 -0.07840548308729484 0.023510619044452095 -0.10353688283351527 0.010967210481075365 -0.0772700654837926 0.022640739442616825 0.03639510015025485 -0.39244247353342915 0.04483378376959025
48 -0.11714451533008659 -0.07363552217347247 0.02443440378433007 0.18126052005714438 -0.0163371020017411 -0.03085918674856447 0.0005723450107009989 -0.0663046154485035 0.0048752236947495736
49 -0.17412855142552194 0.2941149125685167 0.14619011410503985 -0.04746696490678289 0.04945586467403497 -0.19482987714361438 -0.010107719829466896 -0.0037956301907453318 -0.06986639374949645
50 -0.05139091692463614 -0.039927206305517764 0.016085315988521233 -0.005470605538636336 0.002098469315921328 -0.0007655264560624195 -0.001779107368504016 0.010398724362215263 0.002539751317376445
51 -0.07820306333687614 0.11141795586339051 0.029363974406463045 0.00013074593410753295 -0.035051709189835224 0.14658946772043194 -0.3478464985519236 -0.0034163959124667923 0.005055641369666607
52 -0.12959243849119786 0.1874818635332229 0.08242210759412535 0.0327237249455053 0.0024263863558467843 0.44489261254086176 0.10969206597040294 0.022853130696581646 -0.028998128756971334
53 -0.001480189697606078 0.0006778256316711445 -0.003485960126132925 -0.000597811340525724 -0.0029343105661738976 -8.139081797194811e-05 -0.0005535837956251785 -0.0003441077469104132 -0.02674874726664305
54 -0.16175288513206115 0.09688094586421683 -0.45886367286065816 0.020957491388108138 0.40492802756192203 0.0016763314177039217 -0.009125213542541586 0.053991867699300984 0.07357071720667147
55 -0.08378355918224609 0.045675129972646535 -0.2282453524801189 0.035352372882844686 0.2807648950334006 0.0017612137682087982 -0.0054178023089567606 0.03203338136093754 0.04205671512903512
56 -0.03259872717352009 0.017821735910394723 -0.09434733984906828 0.008850882238194633 0.13117286171315584 0.0037060409298416675 -0.003479750303237038 0.019878583136907737 0.044926595023496635
57 -0.20563362040749827 0.25054674303042196 0.1346978808582578 0.032863569956548225 -0.013102322127324907 0.5655200008742591 0.3331135564540768 -0.011000951589281136 -0.009573893517333247
58 -0.03400583689340955 0.04745828341690893 0.023878483460993343 0.0098934898524676 -0.004288825086855128 0.1336141667109274 0.023502631728408236 0.006237062900354653 -0.00471932892805125
59 -0.27691934263380197 0.44073613323952654 0.24831629489101176 -0.08677301179293939 0.055483431108405465 -0.3400478848760006 0.010131086736017293 0.0034713676019857346 0.05066868322013414
60 -0.045897220728753865 0.06437633569801197 0.03156845841143959 0.006306280768645423 0.001981407271081399 0.12464426609320173 0.09175852942048092 0.011776492727509347 -0.004884590026556777
61 -0.27369958181901505 -0.21503408939977445 0.04897368546255693 -0.1590487044924931 0.0596344599894043 0.007510539228640104 0.0038072372714991936 0.023862631544006654 -0.05812120501328287
62 -0.04415525542429628 0.06845773419779322 0.03712376107362455 0.0006487803835650372 0.0034667891945745284 0.060823493007718804 0.07955793061967678 0.0037790938672091334 -0.0005475270751983207
63 -0.1648274937559217 -0.04491796357675166 0.04160989924377165 0.5199661775305697 -0.052312320433792796 -0.07168920400411688 0.0038042912829034064 0.05436795445757718 -0.04560769042329973
64 -0.14665403390803186 0.2080712067027757 0.09277914122745322 0.02594429376323916 -0.026864425060315944 0.4703350370518845 -0.5859547863871982 -0.012036320428587668 -0.014183114149505295
65 -0.2709013212137956 0.39408313702659437 0.1819034481326004 -0.06650730693061879 0.0282578531125343 -0.21971613500007245 0.02647520516583086 -0.08874609024436192 0.025673920945681206
66 -0.06451297564590727 -0.03172686461654907 0.012104858547247719 0.2215616649925339 -0.020979898824050543 -0.03060835978164193 -0.005443494322456575 0.026197977409174556 -0.002342993353001909
67 -0.1096478589998849 0.16275637857403724 0.07343272553178483 0.01725757993366421 -0.007863204048954589 0.27800701600754585 0.14102578238962332 0.02493745801230818 0.03189122680632635
68 -0.08539914986551259 -0.035686090371126314 0.013631514313066672 0.2924068824597323 -0.03020423644251879 -0.04122474865879295 -0.0032300772496012286 -0.04250207295643517 0.013472621668504627
69 -0.11805043154851358 -0.013971143600825513 0.027523282915750548 0.3545636710810746 -0.03673050263407908 -0.05586093971376216 0.004030483011754025 -0.033857639293054825 0.009455260016710168
70 -0.17577017065377404 -0.14075244096428433 0.05188743581645523 -0.06106118137038015 0.014023633464347644 -0.0013979145353673302 -0.0011195355669615795 0.0008308796130457577 -0.007450299398523637
71 -0.24440112006340273 0.4304723413993009 0.22972533199634781 -0.05954470731261983 0.046653342634042166 -0.21898830260199822 0.10350454071964098 -0.00026211038726938867 -0.0021786367184519163
72 -0.20804036046132535 0.36118447027161976 0.1902666912410264 -0.05906933321138269 0.039540166318742305 -0.27395522710175185 0.0033478272106776167 -0.005799637740986069 -0.015151527278377252
73 -0.3358010595719854 -0.28324149044450403 0.10333995312534626 -0.1997381689442039 0.038533003246297305 0.008651429761565901 -0.0004201821005631804 0.035318564205931595 0.007800006645803884
74 -0.1341159673414307 0.09883467224501953 -0.3229680541976453 0.021932536108806553 0.369950074303235 -0.008452799833734126 -0.008834956541585965 0.034358229075956113 0.13319651331202678
75 -0.278132997133243 0.32172339572771785 0.17020416757883866 -0.05088918823034695 0.0010216273316231645 0.04073054697048331 0.019329119474109268 -0.019716994512470522 -0.013097306655371647
76 -0.11983966941091033 0.21275093418654337 0.11044855798035709 -0.03616288782767731 0.02271671579259346 -0.17445293634924552 0.010409569625658303 0.005480241567686411 0.0726252854438594
77 -0.06002624166864467 -0.03209115481748202 0.012519763197784797 0.21839732118335795 -0.02381143511092792 -0.031094326340641115 -0.005499908009047662 0.02464586616733089 -0.006938275898635427
78 -0.3849451093910954 -0.22297119188313633 -0.001956308107010583 -0.20588439806500802 -0.014403784304295165 -0.01563481936207137 0.0069337260986289395 -0.021543589858978657 -0.0656636794862811
79 -0.35913216024517186 -0.29608113241201095 0.1063214409589835 -0.16616198323686793 0.03197826399663964 0.0008541515885433692 0.0025561318652312618 0.01691175115601406 0.0028607953217577547
80 -0.07344385991681882 0.011590961728142364 0.023895910715815 0.1929846506415256 -0.01883449254742901 -0.004939499292962986 0.023588641953603558 0.01932233086527603 -0.01838921923243763
81 -0.1152008960359356 0.022271121687552405 0.023355651439565913 0.28884934637537085 -0.005602280765786568 0.03219811875916893 0.03336735431779414 0.0349827461020939 -0.01185498146769058
82 -0.04732280749048791 0.02834117435878058 -0.13966111676364812 0.015508488578640936 0.18184126169829384 0.0005295833720505335 -0.0016861884025794833 0.008756473934174464 -0.010001223630297752
83 -0.10613730013840694 0.06294672290461564 -0.3040415839508908 0.020671872092911294 0.32750761104103765 0.004150236417230223 -0.008165388112266149 0.03249624333652368 0.091062027177692
84 -0.09056190567813785 -0.046901595591244745 0.020386949350943873 0.33566119313845527 -0.03599872403358356 -0.04923040351307441 -0.0060037581357686035 0.03776083800632236 -0.008358111378005718
85 -0.10159213125816043 0.15090517109024637 0.07584859121567605 0.03570766033028333 -0.010409523008175619 0.42157125914088794 0.3030617594486486 0.0261774486261984 -0.0033289208827801072
86 -0.06832266792857632 -0.03995263676238759 -0.0014111463992945218 -0.0034216769676122696 0.0008859087127464015 0.00392419890915856 0.010482804566355503 -0.29796085877623735 0.02426743707062858
87 -0.38445333484780014 -0.3199311725629214 0.11299265236353734 -0.24271435501861957 0.04449686250634743 0.00742720397036708 -0.002310801292781278 0.056594204659904966 -0.0021007533879326547
88 -0.025327938823713942 0.008973729694001727 -0.05781657039772156 -0.004527133505127877 -0.015238590872838787 -0.003866492129187593 0.0021317088502052104 -0.017374608289781563 -0.41029384532731056
89 5.642881931629974e-18 1.0109506396808355e-17 4.831873417500101e-17 1.2137688297187302e-17 1.2010385047114451e-17 6.882076558881501e-17 4.3887548291914137e-17 3.53150761959377e-19 8.452622574242009e-18
90 -0.2028653263269818 0.3102728772921552 0.16009406603195908 -0.06564974381083839 0.07621654091424 -0.2660504470526405 -0.030242214909383485 -0.010607593730312758 -0.09346826053479657
91 -0.07839428339739597 -0.032310574873069646 -0.006064267512279577 0.08474041100778608 -0.009369147928909723 -0.009100671314725188 0.008807602219141281 -0.3739985759011883 0.04414634543123087
92 -0.2605625803326912 -0.2167156331153149 0.07549588640118375 -0.13276533383428174 0.024501156073530855 -8.22854857973921e-05 0.001854826472092799 0.005275206506348956 0.003754104529573674
93 -0.12219417581799723 0.041484175125822496 -0.27609400381979887 0.024939176119514846 0.3783777373305678 0.008393881167342188 -0.004605865191289009 0.03773540665241888 0.07036716837402993
94 -0.16616793290363166 0.08728421809132644 -0.34946189336604544 0.044755481068699206 0.4402984431657366 -0.011094185935127858 -0.0076353617861920076 0.05485590340256841 0.14870323151556028
95 -0.004168884750526526 -0.00031272087861031563 -0.003366293694975559 0.001977869136171334 -0.00035540127002923707 0.0004265578996209792 0.0016736070587307454 -0.06575753270337475 0.009909317929930064
96 -0.029635228900383944 -0.004330058583613355 -0.013151930722132018 0.04392661381085895 -0.009705727138133922 -0.0007054137868607928 0.008547145708623896 -0.24677814107617993 0.029012935596030368
97 -0.20744983742091533 0.3692301028373243 0.19656496243742988 -0.05868173600806128 0.039243439075567425 -0.2653407414974797 0.036840903806838576 0.002772013944613065 0.04873828852216522
98 -0.15271445648790208 -0.12336656444557845 0.04273707386015875 -0.08285235618246291 0.014526601834010819 0.005403219519560258 -0.0034428813035946595 0.009909837599916257 0.002961563549700623
99 -0.15000799910783605 -0.0843856962915785 0.030150334844495474 0.4676332763960888 -0.04754781056599916 -0.06820365390666396 -0.007980123925033606 0.03564034144664322 -0.003008251432901596
100 -0.11889119703368826 0.1972723921846525 0.10600708449394142 -0.02636388817804308 0.02137488378372348 -0.08730150955496431 -0.023329518395106684 -0.029966156522148957 -0.07503675808346483
101 -0.07365328547291833 -0.038927457601960765 0.01552788706190957 0.26595645990414385 -0.027845558395701103 -0.03873453838066699 -0.005921542282417347 -0.005053605205609549 0.002230911322297745
102 -0.09716527580989451 0.14536696797845977 0.058353081419575924 0.014452474460971271 -0.01764523882579737 0.2635668383633549 0.20977029223302282 0.015398090949487521 -0.014211335310661495
103 -0.15325543176558604 -0.0732452740013389 0.03141848347553287 0.5216015039993149 -0.05379021323749847 -0.07487993004435989 -0.011093353460199865 0.01195842299212178 0.014208162831301564
104 -0.09831140405714764 0.18380981044253222 0.10256594410624881 -0.032759749657650446 0.026175226655622916 -0.15747226909504147 0.013396882297329691 -0.0012670807105768923 0.037446554460647735
105 -0.150368363750521 -0.07279775293171666 0.03300738519742134 0.5550621202145234 -0.0590521696260428 -0.08272260789973947 -0.01661558109722294 0.06073076798882787 -0.0022536522843445493
106 -0.11018432844718523 0.17272548177378577 0.09065497957241223 0.0254632014452596 -0.0025158266537780123 0.32380074391974467 0.2889448833547474 0.02424708135179002 0.00024880109501200346
107 -0.11869070851257628 -0.06291411182524802 0.02657572018229811 0.4076822995732376 -0.041512264550587805 -0.059779932961113946 -0.010966200066852286 0.051707681053615145 0.0046356493061782324
108 -0.3199327673076737 0.476654863096045 0.16633446531498344 -0.007030136812914045 -0.07325585372377853 0.14303180779610108 -0.07278702671566084 0.015021561597785728 0.09660553306928005
109 -0.016210317124992598 0.007789639578200677 -0.03622606097432879 -0.005388502251214911 -0.03780269878418195 -0.002070977629357571 0.002632050512405293 0.003981676057433153 -0.043870977641683184
110 -0.3546892625551893 0.40512028506245196 0.18919276745601826 0.017856103646692788 -0.04375893764333144 0.04093588199607024 0.04820329143423384 0.041215905276008664 -0.0397872377746241
111 -0.10337026165459237 -0.0538884864042922 0.02368499582611887 0.3983698096224164 -0.042484522036925605 -0.058775205315752914 -0.008556787473575958 0.04103786025950196 -0.000585273981099884
112 -0.014183920346310339 0.007738929282745625 -0.038535566306276754 -0.0031031519300370354 -0.015105280077892974 -0.0028720779784940703 0.0023794766955112824 -0.008641156584398771 -0.16782841488320419
113 -0.12799631944998477 0.025630431612451217 -0.16696621813061943 -0.04330745090390165 -0.10341434205006601 -0.02149017554676557 0.010348492705694502 -0.04057912764173962 -0.4062255653844097
114 -0.05911611323129945 0.05897534471176696 -0.05676581972659067 -0.01598564231991242 -0.0891721241707669 0.010654836673682468 0.026387302532861735 0.019209609658162412 -0.015985751867959065
115 -0.4444907027877676 -0.3026885078561784 0.023940241957483337 -0.2657345423539314 -0.055894804026793844 0.020366779067812278 -0.018417855307839834 0.004189983022052857 -0.032865416636250956
116 -0.050714284776870996 0.022011433978286126 -0.12287055635441459 -0.003638282607894503 0.0200966059320521 -0.0052296433314689295 0.004551342221857478 -0.029455386977820863 -0.625607234320473
117 -0.0798267574529267 0.10388490271765022 0.027490767541207627 0.018571457170661904 -0.03315607057201072 0.28347177828922193 0.22477177108152865 0.024609580289935595 0.012203894448463114
118 -0.05922556421562287 0.03632648219450596 0.0012839674968811018 0.03960525217829239 -0.008393814111186936 0.015082225256839266 0.038339530663012995 -0.30396893706896805 -0.009992156552916524
119 -0.17556412632024443 -0.08085747403443302 0.06102405602528424 -0.032573742763821315 0.010576951951464332 0.009188980034123384 -0.02769555589502165 0.027295649639063495 0.00020115313102447968
120 -0.0717315573799127 0.07755809278548473 0.048239214169941605 0.07375781413116736 -0.0036189954104431194 0.0736354729537237 0.10316412036259955 0.008158153162848677 -0.02065110741090829
121 -0.38253739309712137 -0.3087199238599103 0.09513214509469978 -0.21568572664789365 0.018452786171303314 0.0043499013576885496 0.001483161962954791 0.01609705184692987 0.01606354777382388
122 -0.11271944203199012 -0.015914815911450154 -0.0939939752756066 0.040317421729154465 -0.07358136446989925 -0.0025612000678585027 0.020198410398948628 -0.5755652845543818 0.09100045655304292
123 -0.16481655472980516 0.24070807918237466 0.10805587436902056 0.030140205627275277 -0.01059038753772524 0.4124887051066026 0.2831206958774068 0.01995690222400926 -0.006956323957518754
124 -0.08811084008033963 -0.00420096166645761 -0.03050727434904896 0.05678005352644107 -0.0330872649217478 -0.020557726597251736 0.018689645438715097 -0.4916961511740098 0.044799196882959344
125 -0.13915837118979013 -0.07322511842884222 0.029424286000299903 0.4905159424830069 -0.053118933504104106 -0.0693189694111059 -0.007303036929048444 0.05032340097320198 -0.001705209130248967
126 -0.10052900116289298 0.1537222404458815 0.08258559304175933 0.012200657703616228 0.000568100941838791 0.21670802629046146 0.17044065420988613 0.010062885476514204 -0.031029940473210303
127 -0.08439929433223475 -0.00316752916710021 0.0313271564192806 0.22668483626741998 -0.020375413587561682 -0.019764887999414296 0.021471652844868495 0.027429978175910683 -0.005998690046459734
128 -0.14650165867518986 0.2637589158522511 0.146811142687457 -0.043656947020290895 0.03731740227997773 -0.18848638076293792 -0.024792818316822587 -0.006041936142114301 -0.01253678993840391
129 -0.19205158895426488 0.2840310580935188 0.12382695344702291 0.023835987298615493 -0.02702113497241405 0.49389792521058784 0.364569004026474 0.043322314683526326 0.00637365338472533
130 -0.11991900723026529 -0.05355947544883806 0.025415498445036686 0.4351465429679144 -0.048594219743965286 -0.039158464715999985 -0.03700197026958152 0.040986330713697845 -0.00816309862345292
131 -0.17768711687725738 0.31705817648639206 0.16954129895478237 -0.05689070888125791 0.037352766647171735 -0.25543852424221103 -0.0052446197593488935 -0.0006288533781079682 0.02549810032474726
132 -0.008279855768375633 0.002729499595542924 -0.018731452824996338 -0.002053683071981338 -0.0034666770234593226 -0.0012661223054900698 0.0011949779069487813 -0.007558994745928556 -0.11350567786766398
133 -0.2118470105492839 0.3028636381293816 0.09498814975703239 0.031263964366548325 -0.006038805788470391 0.4735079989490603 0.3257859153210955 0.03264843857036447 0.017657487319926373
134 -0.20719220404725686 0.37110784227990845 0.2093369342432453 -0.06695135905508262 0.05581551620734222 -0.3047595170320006 0.008356103770633791 -0.004156819875117912 -0.011313815429274884
135 -0.09423355731364257 0.06087452340422469 -0.16963047983476742 -0.020154864950019905 -0.08080579425634793 -0.012470788163241672 -0.030950347259943257 -0.020309316857910438 -0.6505518080549171
136 -0.07711664536375967 -0.03898909626494084 0.016348541020564832 0.27788216078800354 -0.03046021111250669 -0.037326715031013875 -0.0037920262271510952 0.03024281089223322 -0.0005142644717710549
137 -0.08106531405141201 0.05654383324379499 -0.16942316757492928 -0.0006896682302065163 0.07499812797735395 -0.02594418583336084 -0.0022383358128644274 -0.01234947010435586 -0.279496076080827
138 -0.13135277040631244 -0.1002715182984573 0.035924913727934944 0.01832112009297447 0.002537489617583991 -0.011472417218191226 0.0019562206235006667 -0.043256986699252035 0.018362372448404645
139 -0.11102329716902526 -0.03296542934328179 0.029123654854062233 0.3690171107145165 -0.03643858495700721 -0.017693814494968926 0.0022020401050185613 0.039777269070568874 0.0022901092929361946
140 -0.021316487843640413 -0.002154243464341674 -0.018536578868524348 0.03853271257421913 0.0005450167625370773 -0.0032372671128066046 0.0016322468663476526 -0.012380616122383956 -0.1416468900138672
141 -0.04072069405543301 0.059309415406543435 0.02678426758197324 0.009681066538039915 -0.011542481838660665 0.16983349252084542 -0.24341149419683905 -0.003506746713157481 -0.003849914742495037
142 -0.166376391771222 0.22653264131727738 0.11229603056450418 0.05569275615571228 -0.010530133584186249 0.4959064772701432 0.0878139263866675 0.026888215916430754 -0.006840575345351324
143 -0.17351148794774038 -0.15038469530041096 0.05467970953311678 -0.11270926789528875 0.02188124410757003 0.003407948701195959 -0.0015260576456659466 0.016427288864080423 0.0022513490172012683
144 -0.14126272670240156 0.09008677612671638 -0.3502924102235585 0.02621770148700939 0.39776146515376515 -0.008521821536274485 -0.0067636699602401686 -0.043770081308248616 -0.000335440259296903
145 -0.04888518391445861 -0.013703822114728072 -0.033858520591986074 -0.006815444867684186 -0.02783776536794961 -0.001180117976786597 0.008977858947912738 -0.2335761513755844 0.022860664360336642
146 -0.133559169682802 0.2382950853815998 0.12997537831178835 -0.04211266060342125 0.035041114760798124 -0.19967582960018967 -0.012911329191764697 -0.00968758715572774 -0.08000706591910105
147 -0.07060227719972709 0.051143047401390564 0.03642892603357356 -0.010565600171537565 -0.00823500456009622 0.1239423755920497 -0.24371890388834283 -0.0014094134452565018 -0.005622677235216732
148 -0.09531239655423895 0.14485089535310502 0.07209791925510206 0.014249189544820972 0.0013219411017500009 0.22789461916726636 0.19386017941520037 0.020908687468688205 0.005467979642518099
149 -0.003984944868246602 8.477907968072029e-06 -0.002937829772612078 0.0012032549255223547 -0.0010800421167397494 0.0019451966465212243 0.002803945925727301 -0.044151315719552706 -0.0008543985042579396
150 -0.007356091087938571 0.0023048744848298635 -0.01475020905929441 -0.0018814015006874511 -0.007544727924106232 -0.0011823960807667104 0.0003119546662192512 -0.0033974565564074276 -0.08651104851215731
151 -0.04373155569482586 0.01724934709813525 -0.100766110958091 0.007241086952414796 -0.0373457771890559 -0.008637068937914038 0.004593761144450675 -0.012061012338600706 -0.36416669845596555
152 -0.04110876896609304 0.012038863974089898 -0.022712657446142263 0.0025627462594669226 -0.027144049736429664 -0.006467558207718108 0.011046081888136824 -0.2646784512542253 0.022112854533838634
153 -0.07719771352536016 0.11143248598935397 0.05565906220419207 0.01627028345908068 -0.002449949962874479 0.23978293540356044 0.16802145354009448 0.018888217698171467 0.0012228255143629744
154 -0.05922410131779935 0.08697258063182244 0.03614649718846145 0.007887659725480185 -0.010578940594675727 0.15068474754145564 -0.2926841550519021 -0.04822545696578613 0.001399187212483964
155 -1.5334398057157187e-17 -8.20853645072134e-18 -2.1658650764769546e-17 2.2356729360933703e-17 4.8888470242212724e-17 1.6194591339145137e-17 -2.485376609611083e-17 -2.5744398037098336e-17 3.100842012671803e-18
156 -0.004568126092190998 0.0023764186505566094 -0.010486819786354701 -0.0017468194169916 -0.0080818330543498 -0.001269648190184352 0.0008412115145102624 0.0007913321296527852 -0.014865258184606102
157 -0.12898280568330395 0.22765035537872422 0.12561798146220204 -0.04106184649311934 0.03261427101793715 -0.18649921410033207 -0.022161774337203368 -0.009131665950703563 -0.09572080704487361
158 -0.4125120367034289 -0.33959448634782563 0.12178226050690835 -0.2355989987097299 0.046146577436606856 0.013542749434130964 -0.0008938789555640973 0.05170971960706912 0.00675233966178292
159 -0.227052189609398 -0.18590609804580183 0.06470150492778395 -0.07659427833072362 0.019097511328147604 -0.006539268479266563 -0.0009072001234487162 0.029841740886822444 0.0022937074826508575
160 5.694506226843044e-17 3.4847652326937135e-18 7.94375420809535e-17 -6.954519154711013e-18 5.25234114513072e-17 1.41696751896908e-17 -1.3962589582998944e-17 7.035955503794701e-17 -6.777148704812719e-17
161 -0.1872279708247658 -0.10303052965952655 0.06252085674143817 -0.026648517243165724 0.011216931150866659 -0.012718091181658762 -0.00171767633891552 0.027718168842417807 0.009224996296109499
162 -0.08464452440651875 0.05188812115068915 -0.25619290622833035 0.022450029492601165 0.331477458416202 0.004568352313097762 -0.005446829199937775 0.031597179846693864 0.0723485258228892
163 -0.15943075505107926 0.23474745583937684 0.0963541922473043 0.02161971532055474 -0.024106223885044336 0.34909344400174197 0.21800906267107872 0.027459169552726027 0.02323001951668342
164 -0.024325357284064632 0.033781681994551185 0.012551941520973168 0.010748736463741733 -0.007370816611926148 0.08727196097024363 -0.11743362122636922 -0.004126562246614518 -0.0024112151042949177
165 -0.029553461549626375 0.0107269873607134 -0.06540466375539952 -0.0022070287109755347 -0.010779800256767965 -0.0018164847879939907 0.004303089481076755 -0.022999252039591477 -0.4697422457980184
166 -0.03203134632104024 -0.026384455222093053 0.00940896935343559 -0.018851688492817764 0.004852805332832705 0.00040598486548874173 4.6487026733578544e-05 0.007340681163977268 -0.001716918449807946
167 -0.04359437414322153 0.05780895413911496 0.02601886821489968 0.009731859664567756 -0.006700726850563893 0.1643098637833956 -0.16756035161121974 -0.004044825277341016 -0.003530849040554297
168 -0.040665406315909 0.06093833125878165 0.020601440881168883 0.002222331200583113 -0.008666859939397236 0.07141970885064873 -0.18545331461364165 -0.00126507891450653 0.018858437458061726
169 -0.03678076516519541 0.049144366198582486 0.024453128639898652 0.006690631868346878 -0.00028012255916461034 0.12189255720864484 0.05818304538707857 0.0084660055164687 -0.0024452536627606446
170 -0.39388654016429475 -0.3258585635426343 0.11961876321907645 -0.2229534787646285 0.04036254891772048 0.01102464745146991 -0.0019071048034405406 0.03877238828125974 0.008452271926249881
171 -0.022811143994397154 0.009675468988579246 -0.056112340045247025 2.512527826899142e-05 0.02302928280910928 -0.0012967852805430271 0.0007560515196164489 -0.005976528043097512 -0.21061408058803463
172 -0.01750315761249457 0.026142173800595036 0.011169049164029027 0.004009717448294788 -0.004372023828100978 0.07130099919598533 -0.152320026022021 -0.0029201352739218703 0.002354243866490224
173 -0.1879632371356486 0.26443974361609124 0.06357110918559113 -0.008787385149478672 -0.0730017710509069 0.208673255140975 -0.5043229134960703 0.0011807257985113882 0.01773228027920565
174 -0.32707858546180724 -0.23739465828331713 0.0986113066189056 -0.1662069882939437 0.03352641743514051 -0.0034091257550100417 -0.0006171381439025138 -0.009244704694043492 0.009453944953836087
175 -0.007330638532913745 0.010931154004063973 0.004210294847306942 0.0002571971450769307 -0.0020463891551634476 0.024336879562943992 -0.057505035824091756 -0.0013386122733307266 -0.001640209213856554
176 -0.020695262550759017 -0.003985884592984107 -0.012770450632419536 0.013229526246284888 -0.002448983886576486 0.003695889009520794 0.00887873510491332 -0.2808866509312256 0.029952192582278093
177 -0.40702450030349885 -0.33207754389269395 0.11601000104949277 -0.21467070695833226 0.04087993368413711 0.006840828091685705 0.0002356153534809264 0.009120367946842864 0.00030781867097748057
178 -0.16333197698293497 0.2956147649805684 0.15767417695472133 -0.05007537048608474 0.03409416014946946 -0.2262210153114181 0.038547032819281395 0.005099031464291607 0.0720045942673697
179 -0.1797588063088101 -0.1420539144781208 0.046509838047699106 -0.04692608052247357 0.011930394622471122 -0.004397610475216266 0.0008797756311942817 -0.07757132270615892 0.022650067351577385
180 -0.026144013617782562 0.011426565068821705 -0.06559895437305142 -1.878620610845588e-06 0.021607740956691185 -0.0009247415180064876 -0.0005172056613636286 -0.0077992524887684905 -0.2863294147746792
181 -0.0612849002097875 0.07278151988507217 0.03223023574933681 0.03453336800700105 -0.016768793033079158 0.20611737221356297 -0.3127715877953986 -0.003931810365196077 -0.0038223397198614024
182 -0.11312306695467755 0.06534162575918219 -0.32137332494978843 0.020634218869929104 0.3412872709545328 0.007074826449662824 -0.0068738353066757065 0.05348585595755699 0.10184531033585995
183 -0.12373536713640713 0.18549410864493304 0.09253056209818492 0.03235764021997412 -0.002496899832055349 0.4209971891746922 0.3324330015611249 0.028123590104580626 0.0012365934151898586
184 -0.017605474631282095 0.007931319241582472 -0.04744475677978776 -0.0008807933789221509 0.013712696862503305 -0.0019106809676816391 0.002227932808605375 -0.008795869169355222 -0.2346915081660169
185 -0.04764992314356889 0.021981047251258275 -0.10862364175944005 -0.0022938606467066427 -0.0059341953062878785 -0.003578353760750743 0.005701761406270756 -0.030209511071189663 -0.5185191810396671
186 -0.04011318580596073 0.025190973600098095 -0.10339412136434938 0.00747128680257636 0.1398281712839735 -0.002048778906571494 -0.0035890835087378573 0.018789376375279193 0.0158838388401903
187 3.228696625139701e-17 -1.392821726048983e-17 5.638597769691271e-17 -1.7198920080742734e-17 2.253773690899142e-17 -6.119025417519817e-18 7.020999550551816e-18 -1.4455947142193464e-17 -4.7764276322171564e-17
188 -0.09869635482607142 0.15755893861557135 0.07467803520958655 0.0004229522676550816 -0.004997962760161216 0.1461480668504762 -0.2979428280408073 -0.009086302438016555 -0.024901353878769468
189 -0.03894128969994509 0.052769937289747305 0.001200461055784949 0.00778997737016906 0.008897712839666552 0.11231462311950019 -0.24745091130551722 -0.003188748342044596 0.013478238076690264
190 -0.0690228176346356 -0.035106166151810385 0.014810622698873116 0.25649480291620325 -0.026177002916701938 -0.03779542239387663 -0.00604210467717856 0.02387274849752106 -0.0014912897930862868
191 -0.13861795383263287 0.21363465113786959 0.10264388132142759 0.012602965618790823 -0.00022115398764699755 0.2544430433990248 0.2651071017567013 0.026576501964264556 0.04081181371779817
192 -0.20322820894458662 0.20846165888267182 0.11485415470789372 -0.04994093452675382 -0.007059706706913584 -0.007650649440665737 -0.09563066171118616 0.013627882530023784 -0.0594200122942831
193 -0.018527200279878777 -0.009278388445711352 0.0032988817330012704 0.06606761194309105 -0.007683817815776094 -0.009657215375479448 -0.002042569147311957 0.005934948097192698 -0.0029187907791658183
194 -0.06517201004126486 0.038734830836775244 -0.17635264532332015 0.011990075692568979 0.1617872862310197 -0.0013168397797264197 -0.0011677637367647168 -0.025428420202284696 0.014083734258061439
195 -0.046000105999967705 0.02693880406433096 -0.13683756923748017 0.012922432842201799 0.16765994977466392 0.0009482798829725966 -0.002071335519374687 0.012984476017921132 0.015567788166628745
196 -0.06940447901684618 0.0397255568164354 -0.18884616302186058 0.015062796159969024 0.1896066213916166 0.00044466105038084376 -0.0026572012882247254 -0.006210317997889623 0.03142740176319998
197 -0.06902974872496233 0.04114175436211329 -0.1963801456908467 0.015928785284384753 0.21305748104709135 0.0021310408829576096 -0.005624639590610019 0.022449673939475667 0.007544109847540352
198 -0.10417912347585846 0.18607811831390872 0.0911542400787554 -0.026959539228448858 0.020021920520871032 -0.13248019404558078 -0.026870258764751694 0.0027780925611181765 0.06440968576011129
199 -0.21510549778289406 -0.18360554103386628 0.06650201856324191 -0.14009081927200867 0.02678296786851112 0.0060286755237638975 0.003199374518775037 0.022585281224303828 0.007086738679700503
200 -0.06852458928638744 -0.04163463852907885 0.015662646190313954 0.15363222806126084 -0.01350615876182857 -0.022092428985257737 -0.0017407762897218365 0.023085402282785574 0.0035544610036660766
201 -0.2543177407324816 0.08673453512614986 -0.5020487612209195 0.047548018690443304 0.48441708313014437 0.04679403082267459 -0.0020933533565227463 0.009860017662304267 -0.017012989936607825
202 -0.07313785636989555 0.057355024032826864 0.03835722010874325 0.1124552153502845 -0.012382138579169994 0.11909749442780845 0.09124770932387759 0.01207427173090041 -0.02600372049479772
203 -0.030934382942526782 -0.003230299076406313 -0.011494360952929933 0.040089250237467976 -0.004056395933221169 0.015773847528273002 -0.01840171525303984 -0.3037678509628285 0.031115812364757647
204 -0.07033997062032091 -0.034125431255848056 0.013345121995489938 0.2603250438359 -0.02604503143464711 -0.035876304613326936 -0.002436253589912449 -0.00913394535599118 0.006483619913556209
205 -0.03642987939693131 -0.005338763120229847 -0.022487648414462935 0.022563428993363704 -0.0026775092389317206 0.006907218011734279 0.01519379905677279 -0.46225144817077063 0.05210397161730901
206 -0.07655231232018257 0.008497305346190453 -0.10623638175483721 0.03465869058177811 0.05768051226617682 0.004347214549127778 0.0233929865358043 -0.6057356112541668 0.06999273285721579
207 -0.09826769104470576 0.17690711098716047 0.09664901378021376 -0.03217890532105144 0.02467267891238211 -0.15038779685248352 0.004778424771218872 -0.0053229159075364775 0.0008097986705750048
208 -0.04208846609452918 0.05539136584981095 0.023494669311999138 0.008055721688858654 -0.012085902588251303 0.16837182489161787 -0.28110238991798614 -0.006160153281671617 -0.004264576640719541
209 -0.1863247612397632 0.09792102168127498 -0.40162648880126844 0.026452378292769294 0.48605427408425106 -0.0028519131528119334 -0.010732234999804588 0.05902603566427498 0.1279946430661526
210 -0.020567889923242655 0.02914631738098418 0.013038653386177873 0.005167450107989507 -0.006744537267259645 0.09606997291131295 -0.16118348213525668 -0.0030807256196025415 -0.0026563749229909627
211 -0.04292367784454867 0.016586904029922266 -0.08736832087440603 -0.004391928188823307 -0.021271792576022134 -0.001978396981873766 0.008861664658940538 -0.037440765541232136 -0.4132078447033851
212 -0.12106253597572386 0.07132333623091337 -0.3294014566373367 0.04098263982407088 0.3772894956664581 -0.0032036811993103767 -0.005292275650902486 0.04294737346756091 0.10680638052065011
213 -0.16084399168900043 0.0953389249448463 -0.4641816145944534 0.03956758760794145 0.5407023672866346 0.006836953334506879 -0.010381419279319034 0.05178426453972745 0.06097233483937468
214 -0.0070371321056116815 -0.0004478312414234998 -0.006082223330287788 0.003997232380811151 -0.0012245561892332267 0.0007442334522756844 0.003627563577719863 -0.12036250856924315 0.017537517899907127
215 -0.20903096475777583 0.36717085480090084 0.20354551488706957 -0.06221426710821813 0.049183211794956 -0.26966798724934904 -0.04742002342987738 -0.009056832292661654 -0.07853005291242737
216 -0.038859208738724976 0.05647104985795466 0.02156302698707421 0.008575691386614204 -0.013341013718370863 0.13497285186954264 -0.2803385674349814 -0.005530384457352103 0.00520432499053833
217 -0.17981669374888867 0.2989197036790053 0.16358501589931845 -0.029088375555005406 0.02787880592581729 -0.004116307204493691 0.043209998194887245 0.005553927637594744 -0.0680972677368147
218 -0.032717185096152054 0.012663535937135185 -0.07091545302226533 -0.00047773048984138376 0.006281620973758845 -0.0008965565126245794 0.006632913417519874 -0.02196217434793927 -0.44860078296491923
219 -0.14090684991444405 0.08004529432221331 -0.3200453019267674 0.016199628764457494 0.37962351819063855 -0.017795133854007994 -0.009248968798929164 0.00010070076018430103 0.053985104522993044
220 -0.16093613787392455 0.10244676027154945 0.006794134199560529 -0.0025300545306092596 -0.026067124097162945 0.3456211149414937 -0.316289058212199 0.0021894567636498476 0.0037059786543656207
221 -0.030412562743201806 0.0390060046824037 0.016572242671890773 0.006203073218626568 -0.007360659645440539 0.12433418528824862 -0.2102188713208844 -0.003195018824569914 -0.0018354354577441072
222 -0.007445271150731986 0.009947350245997159 0.004656405879184883 0.00167633970020151 -0.0021909382676908425 0.029176556366808652 -0.06172585053730771 -0.0016572452935154178 0.003201381032493786
223 -0.09741039556923639 0.05788743512006215 -0.2775604731606896 0.021669851089963405 0.302900340341767 0.0019614966493658867 -0.005528332952311915 0.02435169770530315 0.05583469115095164
224 -0.11149752240622035 0.06855500528570116 -0.31239149906747143 0.024260962271375048 0.34620737589407086 0.014553398529729094 -0.03218464512659112 0.04398216955623697 0.1002242478697171
225 -0.11655774004429557 0.09377549289800391 -0.23763446338512959 0.011181249926307413 0.23287785016370274 0.025398028817796695 0.02010969486876354 0.020346795928782194 -0.13568361974630647
226 -0.040456701990650296 0.008888254335964987 -0.0703213919679245 0.028233589942334245 -0.015574805110587581 -0.006327335719429211 0.0051046957641298135 -0.011232239274046365 -0.33431164157198046
227 -0.3370074917705508 -0.28003904199997426 0.10089194268504678 -0.21458635409557125 0.038007275417047084 0.009878063956372364 -0.0010073119053658386 0.04052725761376042 -0.0011324491744905607
228 -0.19717994557367646 0.3113211452887671 0.15346927897259777 0.015474268744218334 0.005303312182943285 0.29995575520192214 0.3295163448944542 0.033322142565004924 0.05605500034929158
229 -0.06271831412277351 0.09420903383052347 0.03248679376714891 0.007050325573620702 -0.01645888218423747 0.15609341029494508 -0.34282559945029545 -0.004136368851331897 0.02159621997884877
230 -0.23203062876308841 -0.16221833909419617 0.07512810559743492 -0.13571299088626326 0.02395506945066515 -0.0024200777949154426 -0.0034804147105673647 0.015027744845237128 -0.013033666553443802
231 -0.09462349789558745 -0.0451830953856464 0.022774446736286914 0.3412935816193644 -0.03612909907989922 -0.050854434779605294 -0.007494606724687564 0.03848178548155698 0.0070333650259924215
232 -0.07797445064086664 -0.06466534357571307 0.022899910378695973 -0.04694775977201454 0.008839317562807385 0.0032887061443730788 0.003219904161642568 0.0004498326526734809 0.006576655021717405
233 -0.09488085457175117 0.05644694434213316 -0.27200669156231366 0.018335501853907872 0.28269333113116196 0.002253799498937818 -0.0011622780245640538 0.0332409585563271 -0.009920588908627495
234 -0.028917831269594033 0.03482735326434914 -0.0064906025862275125 0.002704559860231163 -0.03208100062975836 0.08865025239300585 0.06510367787352436 0.011944928298507705 0.01369866679988474
235 -0.12146318928731044 -0.06268804063891635 0.024978756848310427 0.41951149704123425 -0.04412934258423157 -0.05849740135290031 -0.00567664651528329 0.04470565119651888 -0.006751282166181066
236 -0.030182816265378637 0.011449886793793227 0.002832174775027452 0.009434756451896969 0.001991992819048085 -0.0134690650522411 0.00744529465236441 -0.2030370394342997 0.016147060294292363
237 -0.1597621956784383 -0.13722786597568723 0.050063023849829365 -0.10121799989522268 0.01748784751995013 0.0036152656441948046 -8.335003529445198e-05 0.019069048826677957 0.009121908645845275
238 -0.008781437418193929 0.0033335458108618393 -0.0216273210219522 -0.0012411674770378366 -0.004193397595754397 -0.0014603303902487393 0.0013121678131482169 -0.007887995915348259 -0.1416509364154586
239 -0.2730597459512028 0.47676910474873685 0.253315478191057 -0.07575619935632691 0.05120600696611245 -0.31836593823199205 -0.017117059725906717 -0.0007742124919529944 -0.005071840593674834
240 -0.16485870543126152 0.2914943176999302 0.1494291035394344 -0.04275515844386684 0.027027988345985285 -0.17749381334887543 -0.006637111849460544 0.006432238781579917 0.08780996719261101
241 -0.004135293035721921 -0.0013414420836083288 0.001089640745808019 0.016085739165696483 -0.0013163731920317584 -0.0010380143902594752 0.00032346074335163965 0.0015014712540123267 -7.306169891298116e-05
242 -0.05504863622879335 -0.02736972632217249 0.012316931965017845 0.21920957653328435 -0.022547901643961508 -0.03068453424407735 -0.00091929046098709 0.025636816553978328 0.0023114506983069115
243 -0.010292271882677041 0.0003700818003168166 -0.009099684421319844 0.00476106765417418 -0.003223391536845625 0.0022521522464837474 0.00546119382277211 -0.13375465834755998 0.01457091427718233
244 -0.22524533204621877 -0.19279437994268261 0.07061595861899583 -0.1434915166958919 0.02686904613624713 0.0032248188975857253 -0.0012587290240692293 0.021370306216285603 0.006152775115957374
245 -0.09990985310054923 -0.01880950780535956 -0.08404684946628273 -0.02142078220954887 -0.04019979734572388 -0.0007423755598516058 0.012897300530356095 -0.29254414192539924 -0.054367010030031075
246 -0.07888022105907537 0.050885406222820145 -0.043050993837738444 0.010595023252622812 0.0013161446115565528 -0.03013662107053206 0.015333480382015692 -0.3700425573182998 0.0732693778986623
247 -0.03939259088185401 0.05587381297880723 0.025791334687202308 0.011199986091163629 -0.007706359020385941 0.17435481303388423 -0.18624416962050264 -0.0006492064408267299 -0.010518753868615715
248 -0.3238704135649821 -0.27481821493715536 0.10011990100343501 -0.20252169313424828 0.039334940144191685 0.006599762483127116 0.001667311734492733 0.03240138700962023 0.003621480973616287
249 -0.08886175209520925 -0.04539456778165878 0.016451689991942544 0.30529042985711236 -0.03232571052163335 -0.041777667746953025 -0.004054997508844955 0.02517793605714311 -0.005323719487829646
250 -0.028532412596073434 0.011881829924687004 -0.06569410658175247 -0.001021773307628815 0.003084172209774984 -0.0026912750199409798 0.003598991891687954 -0.017262429461414163 -0.4516426452079944
251 -0.09740959050058551 -0.02864199796566429 0.0005341394773012924 0.2974155464542644 -0.006508148929710995 -0.029279669782303838 0.007475735564372193 0.027614813416684276 -0.0025534623079632706
252 -0.3214986940178676 -0.25465326849944653 0.07402735322536579 -0.18243107316659948 0.029506561912576272 0.00617870692624094 0.004100972232659542 0.026300582484340782 -0.08695774577605297
253 -0.04474402913051675 0.057395467787023 0.026475459751183598 0.023410935286578043 -0.009089720364113872 0.08284255349711105 -0.18189435830810177 -0.003073235259536371 -0.00686951688110161
254 -0.019041773933076978 0.0278841154350371 0.011662652777431693 0.004878446661308071 -0.005176984316857082 0.08662808176461644 -0.14535524591484134 -0.004758571609742301 -0.003304041980915669
255 -0.08356058161646605 0.12021851931367886 0.029956184889809733 0.002888018168755127 -0.023186066092979525 0.11931016579488683 -0.3045692586963409 -0.002968260011619444 -0.05515819781859901
256 -0.17250602621809785 0.07743659046618112 -0.43088990878566197 0.010354488220620095 0.4115663354707014 -0.0004006780917266145 -0.007824210691776917 0.056593719111347085 0.09842251984423296
257 -0.07465248792204365 -0.03641865216275318 0.010672551527492854 0.25050070673056357 -0.026165441270685492 -0.037124262954833495 -0.00303537169463463 -0.038597324662359905 -0.033121194929415634
258 -0.09942548569936556 0.05903968215792314 -0.2834649121090689 0.02053888769286622 0.3165348334850058 0.0010380605109671995 -0.007957641626259388 0.03304706519931186 0.10191512241427204
259 -0.23305630853397433 0.40124422850613484 0.2130902873483746 -0.05126071092737392 0.03366142153040143 -0.1653096059248623 0.014615362708951782 0.005307429015651138 0.0360206622581418
260 -0.0719751143805911 0.042941501218705616 -0.21100233122999693 0.012816255752492844 0.22296534579512461 0.0009954096568463274 -0.005353252671315991 0.02704163394705855 0.08258301965244673
261 -8.756300413299126e-18 6.521156645127472e-18 -2.87207203244034e-17 -7.951488355041196e-18 -2.9045085534794904e-17 4.1622504678533056e-19 3.1295355117917832e-18 4.541930747065355e-18 2.1826644465620865e-18
262 -0.1356570539110648 0.22366148087994334 0.09078840538339042 -0.03945846588088553 -0.00612944409077889 -0.17668883589130951 0.011044200173061802 -0.0007493198663873296 0.06703657229536682
263 -0.14048990225536098 0.20225848400586258 0.10854826983341878 0.04141105789645326 0.0005483683128868457 0.37915670679819397 0.3319468465565174 0.027769593677170336 -0.030911824953079772
264 -0.07177959042064704 0.07958017566709828 0.042956793835783214 0.05619782819577307 -0.007223387325986164 0.1678211569168855 0.038621215817938356 0.008567397449730998 -0.01826512628482971
265 -0.05860824596178323 -0.0011241698115145545 -0.05656424887180408 0.019797336401833576 -0.029461019045363922 0.004869815293279281 0.02332309116536995 -0.576770013645927 0.04300246834020071
266 -0.13718299576924195 0.24412322578471515 0.1335751678463944 -0.040374124330586854 0.028325080646508006 -0.19842142688475092 0.007841469220942582 -0.0012455794738809342 0.03157098560673694
267 -0.024041885371069622 0.009933433464356487 -0.0573308739094792 -0.0032686999071069654 -0.001255151700496863 -0.0023344969582201657 0.002276052085672895 -0.015952059995232176 -0.3411028176327074
268 -0.022324615668119142 -0.003383243265511847 -0.014337247511803226 0.01578962176470669 0.0010970535385401803 0.0037953171041382704 0.009513501622771479 -0.2941426544896854 0.034033310095054274
269 -0.030510747878561006 -0.018779604020325295 -0.00048302793085681526 -0.00963336486870066 0.0015067785848330538 0.0008922826500779604 0.0036230574124297794 -0.10089456840800194 0.015750158687277024
270 -0.02104371099326275 -0.007037718220816011 -0.0070210710020364095 0.014221758634300639 -0.002596108000179261 -1.812668177511825e-05 0.006494752660468214 -0.19606661786757293 0.012902392696582412
271 -0.037062843146582224 -0.018987594350610378 -0.0019603838957795777 -0.0011400909773994193 -0.0016030868632064268 0.0022430825894529634 0.00657980068110105 -0.15327518909035237 0.017459184586394973
272 -0.10754098120983481 -0.05593583503113095 0.025799925970799317 0.3295367846642285 -0.03231472076127506 -0.05158323901878896 -0.006542301706561632 0.04032080088533478 0.00866722743267924
273 -0.1009255041367061 0.14832160047877901 0.06424153461344569 0.011308599610401197 -0.01668724195164681 0.220227932814859 -0.4217617715029412 -0.006097195829655092 -0.000375008580416718
274 -0.07405010463036951 -0.03413788631565368 0.018891193044725352 0.15104222026514555 -0.014615283155154039 -0.0014174282054929856 -0.03393993604588217 0.00838107084078449 6.681103978729632e-05
275 -0.18203656369828325 0.31643434342778637 0.16292254319440494 -0.04536675846914254 0.031335716695214955 -0.20442716310928927 0.02131003296158385 -0.026180302385424438 0.04399141304062777
276 -0.02258805383030957 -0.012058216081581278 0.005491118669097836 0.080204130066588 -0.009391709070775365 -0.01208256488135835 -0.0006415533224721095 0.010446527515588732 0.00021913629757568136
277 -0.0658308603525357 0.09924990124875178 0.046996851922702976 0.010594615594134974 -0.012109472304746514 0.19369271855421064 -0.17760440310429304 0.0009008773415088254 0.0015312353424251095
278 -0.1341185812443607 0.19682457526175812 0.08862874092754482 0.01083997873019928 -0.0174288492061733 0.3154616251793356 -0.4154050463133094 0.0023918467890658053 0.0011972026108570952
279 -0.1216955677552674 -0.03507171273387203 -0.0945749439375084 -0.05420942418017376 -0.06029321389599655 -0.005608960736636159 0.011169582772223526 -0.04861115780595916 -0.45809564138396924
280 -0.014214091624811015 -0.0035581382563564024 -0.007035575627006516 0.005021477143227511 -0.0018690722491150442 0.002480684517641748 0.0048245096579881755 -0.13931969510880976 0.004124917750366038
281 -0.00374533716489083 9.378993231714321e-05 -0.003701266964725879 0.002039655143650977 -0.0008278125858633402 0.00036903360374840696 0.0015938198147793247 -0.06083582955121564 0.00933258131459434
282 -0.01750338429641331 0.027377654570519435 0.012737773433435531 -0.0005841910068051303 -0.0018323897469717167 0.024899073811352774 -0.0889546651091929 -0.002297611825519718 -0.00015713165099078647
283 -0.03209855151018222 -0.003998231528109281 -0.035738121658402885 -0.010473861048422635 0.0242834187253113 -0.0019779010856499166 0.0021384309709529723 -0.0029720449564771315 -0.062231367417498004
284 -0.06262824167086911 0.022199435222620058 -0.06430418043569748 0.02680870167881023 -0.03362586105861416 -0.01577856455315462 0.005474231057338722 -0.24987763420905834 0.02068925941191751
285 -0.005116694105203701 0.007010870027723061 0.0036965433657129474 0.0012668644898665153 -0.0004301345196796506 0.020256803913154285 0.016852839839730693 0.0009321544110055666 -0.00024023655640438888
286 -0.0807701316948292 0.11301424346225074 0.051746619031687605 0.0060442400076217906 -0.016641465728806565 0.21691132798850485 -0.44602527889870236 -0.009831237922685827 -0.005606722216896925
287 -0.10604011864248945 0.1511884979751384 0.07049698963857014 0.022255908265761685 -0.015606105142128245 0.3517272654178297 -0.2816624556716592 0.00638486383987934 -0.0031848489499757726
288 -0.022320881788786637 -0.018356388348739483 0.005769720738750452 -0.0135981296869399 0.002359815886623898 0.0010163412797890858 0.0007622335350508649 0.0015804593885289059 0.002857116756643731
289 -0.0823337831714463 0.04611948756741134 -0.18556220399273818 -0.02631744539362636 -0.1649855878791914 -0.018662175306747943 0.014025768208017155 0.023093101898286738 0.07051941469145552
290 -0.10261682556374882 0.06387437685199956 -0.22634766070240947 -0.038062037212108456 -0.214229661783775 -0.029508470779361577 0.012923394957665556 0.03998717408853311 0.053741854176679704
291 -0.09269510013172119 0.048757003703785454 -0.19928354631186954 -0.03731270072346583 -0.2303757953538429 -0.021172240448402078 0.011383476094111387 -0.02113758106208512 0.0510933675014516
292 -0.16441053290197669 0.09501660089865094 -0.37250055900607826 -0.0689860973533604 -0.4204824763612804 -0.03715540597442184 0.018283717536300523 0.05105791419273386 0.15764681834662847
293 -0.1632922432263095 0.12884529734661068 -0.26234599059725394 -0.05547831081590455 -0.3228540037539585 -0.05149069679918247 0.0179379232709442 0.035817733666873686 0.0992596065951225
294 -0.15635894893898603 0.09600771702279733 -0.313179186726055 -0.058243038755511886 -0.29964233996463424 -0.03879524964306687 0.00958138601713132 0.04242111654584987 -0.02198988433058169
295 -0.0983208422855367 0.04978660660355948 -0.20869330099690941 -0.020009180536448797 -0.11508265636867387 -0.012198309130991162 0.017594715120879675 -0.0625186669273464 0.08355945923640822
296 -0.13160218106989643 0.07687466961565939 -0.2656096621728448 -0.048767288938403056 -0.28131339871442074 0.001720598218828623 0.03380916810716103 0.03403819403042234 0.04889542991392077
297 -0.07144953944383622 0.04033893642609204 -0.1800465518797963 -0.02577201458680394 -0.10808202519393292 -0.014165193898733752 0.0035842110530580036 0.028248635255970937 0.03212291869359066
298 -0.0851226359256066 0.01591185942246077 -0.12877231058907546 -0.04631315115710158 -0.17101882532067442 -0.015540151286329056 0.007120278331273141 0.02120498319303593 0.07345755387150796
299 -0.047388224092442074 0.028300271317105507 -0.11475658779403151 -0.011858181102753605 -0.05854641131902183 -0.011357956570411703 0.00779177456782176 0.0062829328028587 -0.05894237814466856
300 -0.0434908012360471 0.023944526419266213 -0.10277502235489303 -0.007781242671616716 -0.011527168036102795 -0.008281013194076623 0.006359848686045284 0.007417110791205879 -0.03499378818601706
301 -0.20292436556200089 0.14777411132690363 -0.3536826306984903 -0.07847160031331854 -0.42649799158798823 -0.06031669439920954 0.014463556316391754 0.05576315255348367 0.15548916148029485
302 -0.05836069438905632 0.03060126962716631 -0.15151725968039617 -0.01894697924534991 -0.07410511027589406 -0.01079739960936471 0.004545923999076198 0.009731568530133653 -0.09631779204992116
303 -0.08186402386684423 0.04820485482908571 -0.18799314719074622 -0.03594527115940273 -0.20910149119282534 -0.020372319460779047 0.008584728461612224 0.027297496751793597 0.07093318375058673
304 -0.28465681117065783 0.1776159868849998 -0.6676947912080714 -0.05001145225807009 -0.045805098491723616 -0.03308514886583544 -0.03048947714065967 0.05547423237088808 0.0663308331802307
305 -0.06412245215878662 0.03454849267380535 -0.13837298513899063 -0.027555674209296978 -0.16633282353327788 -0.01504968256247921 0.006019491192074882 -0.060003220740961836 0.08353061174282668
306 -0.011942628036605521 0.007615836491480893 -0.022785676455944273 -0.005037709330640224 -0.031110147720859946 -0.003204369080458446 0.002556754331415491 0.0065852285768520325 0.020269078941302015
307 -0.13430901949426385 0.05087624014507405 -0.25830223233131056 -0.05583169275920309 -0.27468399566509816 -0.02482548508631979 0.009090148587661148 0.018990725104349473 -0.010991420286323644
308 -0.1311141943694434 0.09269366178768455 -0.24321703123644517 -0.05041911288472525 -0.2830074864801024 -0.037534377885425275 0.009826464868515617 0.034368551158189965 0.13410149593624932
309 -0.21572444228419504 0.042686331040787 -0.35068740322082165 -0.06184843009122715 -0.27093929921223653 -0.027864808599532536 0.022629370017072412 -0.26338772297597746 -0.0006183804796168137
310 -0.056290453263581175 0.02988802210979822 -0.13185986903126387 -0.024044940220756626 -0.15578138817816758 -0.012690586481355582 0.010551633497048143 0.02118289491084546 0.014759119605627407
311 -0.06058269348735385 0.02783556321460785 -0.13675475795378825 -0.017097836052172428 -0.10085068695742186 -0.009640468777052612 0.007822652204217443 -0.045604597271742896 0.005689571817224738
312 -0.21068831590790765 0.05751910387491817 -0.35685353469269165 -0.0917859672340127 -0.3335226276506336 -0.01939468545092293 -0.01534080696483883 0.010750619436261872 0.08243103600771509
313 -0.1580991124271598 0.10871318837664926 -0.28375396176866513 -0.05115680509831771 -0.2650568624876309 -0.008049390015683609 0.0027816216859215255 -0.04617611445098081 0.12266481703335998
314 -0.2350777119356602 0.07458257581461429 -0.3572901446480043 -0.0873543323922034 -0.39057060130256444 -0.025104431178933417 0.0069416697134916635 -0.18741974796702612 -0.02959060561237842
315 -0.07565784898139558 0.03468235855493746 -0.16389328869947037 -0.0247170930649895 -0.1470103712926722 -0.013926730817158072 0.00785087198660641 -0.0007102136595733752 -0.1121731852527505
316 -0.20529628116893445 0.15435400816321776 -0.3641506759540905 -0.07627961950285195 -0.4417950232699573 -0.06106919482408879 0.013274580428182515 0.07495407301687457 0.15690406826408632
317 -0.2637162449041643 0.12793103719503446 -0.41967843958170575 -0.05408351503706305 -0.45597128402246523 -0.02462895628063596 0.004185838309787813 0.06462081338059518 0.002367567039320661
318 -0.024245798641588007 0.011411698220291975 -0.055393767831820165 -0.012180886569498992 -0.07168672206869948 -0.004645857002391261 0.002352637834488699 0.010596297610127267 0.011957416612394882
319 -0.05801531241168756 0.04163293389731994 -0.10435988707625166 -0.006468068888250251 0.023017419935091786 -0.016373584966405525 0.0030780587789708803 -0.012340905029543684 -0.05150256276948493
320 -0.17952339456522587 0.0979869482353372 -0.24278174648245446 -0.06134352155929564 -0.30068598100577426 0.04443051664437342 0.025402661724825807 0.04469342481438244 0.10002772006678014
321 -0.08405971785392415 0.04677725941144643 -0.19790359333102212 -0.030094278278982978 -0.13905571512954007 -0.015556471156517917 0.00699348780533037 0.023560544980756153 0.025072875374212027
322 -0.13982824273851557 0.07561297638775992 -0.3093755723253099 -0.0601518926437422 -0.3452088565979605 -0.029903488072816665 0.013064815662298824 0.04314180390692741 0.09083392377031513
323 5.685013342269471e-19 -4.499865866469569e-19 1.6269442182999392e-18 2.985505613858431e-19 1.9684160791027736e-18 1.5218795346697503e-19 -1.5468827619938392e-19 -4.023095995838446e-19 -1.5594126951597747e-18
324 -0.1506943345359132 0.05865401254219349 -0.26828503960362643 -0.0536934482326393 -0.2996379454787019 -0.0046471416445937426 0.03407201672474894 0.053225079006259945 0.07277172537786383
325 -0.01501045804736682 0.008799158942174866 -0.03322904909514043 -0.007504006799705724 -0.038588556097703224 -0.002482831244666149 -0.002675526182065261 0.005274670442471092 0.02024807449382516
326 -0.06307936361054384 0.03539681604371958 -0.1437638869555498 -0.02438740130650026 -0.14365804543243368 -0.014859056060981268 0.007347710878728959 0.020633243961376575 0.0107593647410811
0 0.0 0.0 0.0 0.0 0.0 0.0 0.0 0.0 0.0
1 -0.09435353519325784 0.13963670972613798 0.07206826081263555 0.024657196380932903 -0.0004861247173371399 0.31124140103624365 0.24571636232641808 0.024368759884921987 -0.0041057904163406675
2 -0.07432703368293384 -0.027173162815411746 -0.025614007399041027 0.016048311841327885 0.003307929066877433 0.01154037338603123 0.02484630187640859 -0.6423357701797159 0.064875315599486
3 -0.4928851090926693 -0.29292720433349584 0.08367677376139263 0.050119868061966985 -0.034273622986849085 0.056514409399606065 0.07156932133308089 0.0829969966915091 0.018124378016559195
4 -0.06201878582857664 -0.021851511505067867 -0.022273476576231646 0.06030699089897415 -0.03175153218737741 -0.007851135432640176 0.0021169979946908187 -0.0027781152100583516 -0.006957588712365433
5 -0.37605736303180304 -0.3048040872058915 0.09764791101571074 -0.19122643962601216 0.03858886415339106 0.002023419847218516 0.003169212622649132 0.003734427189978026 -0.06327274067220344
6 -0.03686698227044757 0.01300341170921736 -0.07817013798182948 -0.004671225863112043 -0.03308824382473076 -0.0014651603101139149 0.008031040462328685 -0.01420026912034061 -0.4034138283093074
7 -0.28513793724273473 -0.23506298837761416 0.08126072598864678 -0.09327880146074441 0.021573249915381783 -0.00754148107671429 -0.0007475155586393403 0.04684253276788091 0.006667620004594048
8 -0.12580972345649827 0.1293725618432345 0.08410713546617077 0.010477160139403564 0.0021952961099289104 0.2829112556523334 0.2259168626605793 0.008595981106441553 0.0020627228391854532
9 -0.15576721406330898 0.22872770668734332 0.11839791480051713 0.03222004218369074 -0.004564767305680638 0.49795205649623975 0.23172757746847958 0.03604403163894876 0.0015100380012042938
10 0.0 0.0 0.0 0.0 0.0 0.0 0.0 0.0 0.0
11 -0.17060414717057562 -0.003912937305396754 -0.2546006012194731 0.010652465793723842 0.3168819884414056 0.002670846179257206 -0.005089817434913801 0.013074339023293888 0.06202582265134269
12 -0.15507857710358225 0.0931744243983488 -0.26654472232674237 0.12995369725303882 0.3797316661989348 0.014143676726017435 -0.09386667507187631 0.045756907380561165 0.06684872603020997
13 -0.10450128962836543 0.18426756438862565 0.09637933544804662 -0.026860387418122095 0.016000031268336448 -0.10836459890003905 0.03457859884451702 0.004363888012834076 0.035207242274001564
14 -0.08572528958986163 0.04911891980316028 -0.25150398488444836 0.017420218971404382 0.2756837062463474 0.004690590798770997 -0.0032323339802635895 0.03375060429681667 -0.04737574542617767
15 -0.44455036638468304 -0.28472263466323805 0.07146207488585622 -0.09223783792100701 -0.03258215766998761 0.05235834825253215 -0.02416501798387294 0.061538184986340026 -0.03909473560527388
16 0.0 0.0 0.0 0.0 0.0 0.0 0.0 0.0 0.0
17 -0.022692236449080062 -0.005231656476952075 -0.012554584494682532 0.015011549681381929 -0.0009602817821221637 0.0028052827924401804 0.008096319852521055 -0.2732273319462396 0.03160689181863787
18 -0.4006070064082163 -0.1970964216392326 0.06425132070605731 -0.07997657387551114 -0.05995445789580989 -0.050513249265798116 0.013126593184725255 0.061273279637787496 0.07426793818460456
19 -0.04844535550243309 0.02781512041587108 -0.1425013810105786 0.00818897107678452 0.12955636675862586 0.0013601142246180986 -0.00119285580452606 0.02396992922060352 -0.03452814018541937
20 -0.18434971055734772 0.31971620922579763 0.16947897812137938 -0.05006886334594765 0.0323480732276247 -0.22315611080814268 0.01069889155358646 0.007049521677372932 0.07330897011869644
21 -0.29563468978124074 -0.12937123745870127 0.01900331246173423 0.6019079776427468 -0.064856578481405 -0.04180731408584669 -0.021598910069078325 0.0399762061451315 0.0018213520074145634
22 -0.16055093391248748 0.24048765808232575 0.12379130140424213 0.03426133139330429 -0.00126555068931717 0.4147011242590287 0.37958445889777626 0.02858777447051552 -0.0018796164513512304
23 -0.0075794586094231646 0.012074441142597555 0.005106790674613327 0.0006664577110105119 -0.002106179819510332 0.02839651307689635 -0.058972630160428766 -0.00134826061275865 -0.0020913288304614894
24 -0.12364299219724315 0.21257948414918285 0.11595821688567778 -0.02753739753172785 0.023907631135308357 -0.08994476235395701 0.035305132236364126 -0.00199671098444612 -0.018203937182104907
25 -0.12626070817431242 0.18216632783959416 0.0528932787475728 0.021151555480151202 0.015468075270275224 0.37789887324350646 -0.5255554984153129 -0.002509205864997763 -0.004179858463114603
26 -0.19229254554279565 0.3334520253032255 0.18390667216963957 -0.05598040120241098 0.043855790123166025 -0.24877685337408492 -0.024862973141720344 -0.01022001833000284 -0.10845243087327293
27 -0.20116828537424955 -0.1621139512359197 0.05538045070489631 -0.0822078010981023 0.016114197843196093 -0.0014680778582655902 0.0012253402241087662 -0.01335360113930929 0.006564902561230529
28 -0.11933121359023358 0.16021138731030518 0.02813923179610421 0.015089281409108292 0.005078672213688114 0.30678913381479345 -0.3840091635242337 0.0007348254313306163 0.009149526558609322
29 -0.38941128893425536 -0.25473282891592164 0.08884735933612088 -0.11732379544043182 -0.0018423649823074329 0.06919272894460607 -0.049314575083348654 0.04637228163186764 -0.015206276030334332
30 -0.32854971043188247 -0.26861813839269033 0.09661637586805584 -0.14222637129972085 0.028796320637100793 0.0032873747314802327 -0.0008592744331573915 0.04281134446208429 0.004907866479854496
31 -0.23147635760949528 -0.11961980890670648 0.03650803172783456 0.5722236501209462 -0.07500172543193848 -0.08768584820172606 -0.008067167064695034 0.060614303116614594 0.014828155090589651
32 -0.21002382537508796 -0.116447085977735 0.07030549121434443 0.011770589448874037 0.0098896598657882 -0.04275041657210627 -0.0005187342102533233 0.019385173393986536 -0.001234841234831874
33 -0.37464839798178173 -0.30856854987869387 0.10893077350344078 -0.20312007757195044 0.03635070991091196 0.010592086692045914 0.002639787270304397 0.016245924430259264 0.013047751405729389
34 -0.0603170382172139 -0.009384774500222726 -0.03794335169630347 0.03357782851198187 -0.004021798703580797 0.011579112273220137 0.02838019232715664 -0.7495763559920746 0.0537862224554128
35 -0.4829583052787726 -0.37561821625631525 0.1090999657362688 -0.22338760317735834 0.01963264122069229 0.003872982291569023 0.0038585567884282155 -0.037765623083661944 0.01458859436088323
36 -0.15285659588876524 0.26384893804395676 0.14058471945118092 -0.04816685494344417 0.03129329347314335 -0.21544146667117406 -0.017283998924719712 -0.0036716070837253486 -0.0451827200055885
37 0.0 0.0 0.0 0.0 0.0 0.0 0.0 0.0 0.0
38 -0.32757996650032484 0.466835872573359 0.10123495494195763 -0.015643542476485566 -0.10938010683813289 -0.22999223429605484 0.02114388992803666 0.05131562262459321 0.16658599821365666
39 -0.09629701894128834 0.11018819648651199 0.002496662053155986 0.03416988175076079 -0.036811083777349776 0.10567753683108384 -0.3444467458648741 -0.004668384473241788 0.02163612158787274
40 -0.2504575091480397 -0.036722689311072546 0.05621192770540663 0.6204726463642187 -0.06615543607885792 -0.08793255840760268 0.009452380125345062 0.06925338655408854 -0.04038687320224143
41 -0.17495363001954173 -0.08596270963483976 0.03550414911009584 0.5374741079649172 -0.05192706274715377 -0.07903818608127841 -0.009155014416897027 0.06038209968345123 0.00325625478271454
42 -0.2472221777423538 0.4298706904084434 0.20880971094505774 -0.07011640068735722 0.0328149839339873 -0.3133804852930215 -0.04897985237760643 0.003490635721238043 0.08541203733421128
43 -0.1484895515952222 0.2573818615313599 0.14344000156519 -0.04758592005617676 0.03713044868660482 -0.20433829913837745 -0.018895880066120953 -0.006592068849676295 -0.06727451455994894
44 -0.3940956059248207 -0.30226671931404553 0.07723693995919445 -0.23422738842636817 -0.002321527711519103 0.017059934721448625 -0.025495883722903925 0.058262974023677284 0.018550682571286194
45 -0.1914022307848039 0.33480319090542215 0.1878035703605164 -0.06281507141620975 0.04769470893868678 -0.29402215477210214 -0.01739837527661478 -0.012358000460690374 -0.08112288044215844
46 -0.05646390307644979 0.08174648381182903 0.03252819232624383 0.007350341080860159 -0.012172420966495541 0.1666430934540403 -0.37321426964171134 -0.008481191825887954 0.0015040785465596559
47 -0.09160225376034735 -0.050598951842750525 -0.009663899083045336 -0.003425109483820037 0.004164612018347294 0.010188856458150417 0.020091347713938588 -0.5726331646159105 0.055372448281537534
48 -0.10796115479715562 -0.06595303715880976 0.02137204306055945 0.1987692585482201 -0.016816772835665517 -0.03210892480090029 0.0009871885514634944 -0.04494800471163233 -0.00682101162136838
49 -0.16195510993829257 0.265684707588942 0.15062875891327757 -0.026870792447305485 0.03547554411003641 -0.20318290347325896 -0.05327181999959814 -0.04195029662133369 -0.1063093251070773
50 -0.6081623766200399 -0.43972551338474214 0.15910716309604953 0.26569607988638777 -0.00673928444899217 -0.06226930150443134 -0.007385930787543014 0.01012658656938627 0.018001758922474936
51 -0.06747795779355714 0.08380749252813288 0.012933644066871888 0.012666110050811745 0.007443575191452814 0.23951264383864307 -0.4416130940067737 -0.007535206478539046 -0.0054527640350567836
52 -0.203028200497669 0.2375013089422642 0.1394176981851179 0.04422498046083446 0.006975804437578226 0.32764251837723674 0.1097321158918523 0.026293640054891605 0.009118833474820261
53 -0.016653341803306094 -0.010126469199443502 -0.003328201948330616 -0.009185351366941544 -0.0036507651950205733 0.0004981172652260085 -0.0016135315060588865 -0.00043786531372674793 -0.059472115779165856
54 -0.09954412741033221 0.04408288834016455 -0.26062176768493023 0.04989457060299727 0.256876861177883 -0.002368857610599473 -0.004031764083225912 0.03153838729830084 -0.060590475825837285
55 -0.08672173337188563 0.04930724072181479 -0.24349615729035778 0.024197558526780745 0.3145595103326109 0.008120843853075928 -0.004840633585121342 0.03196179298652384 0.04297570975941999
56 -0.06435659110389973 0.038437447073022026 -0.1851520595345947 0.00962221597144866 0.1828352575894603 0.00046074203995288224 -0.0006883453233580289 0.030992086922482044 0.062113737872525325
57 0.0 0.0 0.0 0.0 0.0 0.0 0.0 0.0 0.0
58 -0.009149024262963212 0.01450442950605924 0.007571734344811351 0.002940827880063758 -0.0013500977179925027 0.044496034268558 -0.009565764036112383 0.0019275882280939763 -0.001025746839926121
59 -0.19213204672333026 0.3365246081178929 0.17774102249462206 -0.05466948184876078 0.03543862417337851 -0.26095368993682827 0.003536317364224345 0.004052354802464993 0.06995246817092737
60 0.0 0.0 0.0 0.0 0.0 0.0 0.0 0.0 0.0
61 -0.20778163843548952 -0.1567997987771317 0.03727134161644851 -0.025029218035370965 0.036080282408678506 -0.007406619662375544 -0.001967505033566701 0.038561701902823486 0.012160964730600065
62 -0.09992842968950347 0.07548341419749147 0.024663063042244426 -0.002663867792049125 -0.025819651100783648 0.16743236662505803 0.1707166790297896 0.009597048342894095 0.002326537295980145
63 -0.29780515461735696 -0.11604217504482352 0.03937071059082101 0.6178426560389692 -0.07569524639968195 -0.03918776290921795 -0.12579423144955182 0.029390129945635234 0.025630072845492593
64 -0.126618879009718 0.14292184163957442 0.07779680429456418 -0.0018803205537374465 -0.015420680505685637 0.323560981683843 -0.5655746800511564 -0.008155753188456237 -0.015683404296763844
65 -0.3046380122165902 0.47070404446595915 0.24356485865850402 -0.02246971695622531 0.08562882299624869 -0.19124283437551823 0.07440879801393002 0.00940002507788088 -0.029216550758624164
66 -0.09623299301127755 -0.052334853086524746 0.018374722655200643 0.27767482633239154 -0.028482492032350978 -0.04064401421224558 -0.008573060501285056 0.03142333822741556 -0.005097049441318404
67 -0.14844967370576534 0.21236546014938387 0.07454147177508404 0.018535933231587618 -0.02734479613015414 0.3688031380847357 0.1560898496308577 0.02261819538044761 -0.005359403175941364
68 -0.18339227900064575 -0.044818518191655325 0.019886544127865665 0.4771549891727237 -0.009765561329589063 -0.05880480339146181 -0.05584704384925913 0.05062877581721083 0.006864503139675293
69 -0.19891626002939122 -0.026871870446267532 0.05291814461380741 0.4928209554839664 -0.05234274640982747 -0.09218188050179384 -0.007325408076116135 0.019330473888393335 0.031085511878160832
70 -0.29823982805941335 -0.23731984452791396 0.08238516485256688 -0.07370056574251953 0.023618636177926543 -0.008010664057357357 0.004421132435714165 -0.029081451442325303 0.0042351232497432525
71 -0.26425262500697916 0.43271147346637173 0.2380428901646883 -0.04802687937751278 0.03961328396967463 -0.08282672132575068 0.17873393666230863 0.010337740455445043 0.016435137704053436
72 -0.18693927478786818 0.3243625922740962 0.1811082313226729 -0.05264650911405626 0.03796235352071877 -0.19747247214284525 -0.005371195670599464 -0.007202228264414042 -0.035290562918453026
73 -0.5585732536624065 -0.45431749293205353 0.15489307853797657 -0.2627038269068394 0.052722879867561585 0.008334884811592246 -0.0015697780153605472 0.06943267376944189 -0.04884568725400281
74 -0.14650158817927925 0.05919772067259421 -0.3633685500542894 0.09671972378103151 0.4802693665055018 0.002091156506168987 -0.009290345082784998 0.06410846434313387 0.10389137348334612
75 -0.24342699945859403 0.39855394397054666 0.1833758720206137 -0.05981578069526046 0.00834312456865264 -0.18684689570586846 -0.014894498563271198 0.012475085819055707 0.05713813077118473
76 -0.2209327526004063 0.3483003813722589 0.07458379953049425 -0.048328810444838055 0.10146993506361701 -0.23840361078330252 -0.04536682286024236 0.006917810341350721 0.0819775946850096
77 -0.08111838954809221 -0.040646839999200046 0.017612550994069404 0.2856667360702854 -0.029709175895652796 -0.039022424991454745 -0.006011951997737901 0.033412450053353374 -0.001435146047534443
78 -0.39430341514524647 -0.3048517048045382 0.07434716177677737 -0.21108575970414978 -0.010560170820752264 -0.0034153170328786735 -0.002612544365219741 0.06816761949587609 0.009105876775844532
79 -0.4088079698975752 -0.3191122301971437 0.0901952951727236 -0.08151607578610845 0.045598097199345454 -0.010247444041303034 0.0036370798156469806 -0.026407211167222493 0.005579218641348066
80 -0.1996261551551078 -0.058101490895024005 0.04000012888873759 0.5474739644399595 -0.056286856060721265 -0.08865319554052818 -0.005303525041952853 0.05544463022049268 -0.052371326737002476
81 0.0 0.0 0.0 0.0 0.0 0.0 0.0 0.0 0.0
82 -0.05023370307552053 0.028394960216844015 -0.1408720263337057 0.017852522046498783 0.18767202276814116 0.0033277058176873677 0.00013481490038811913 -0.024121886982469223 0.052527546714842874
83 -0.08043268427370714 0.03058265488141893 -0.1948199634985479 0.014181436785992343 0.26275337275072275 0.003959349696155427 -0.006486290819699949 0.02819768464482319 0.06793962612355271
84 0.0 0.0 0.0 0.0 0.0 0.0 0.0 0.0 0.0
85 -0.05435056402472649 0.07812442524594194 0.04010194838301313 0.01050602399799602 0.0012433707765133778 0.15671085976095123 0.10276730551138469 0.012436739069083567 -0.0009057686047005609
86 -0.10093309142051629 -0.042135310910164835 0.015493467899789608 0.02918986195068893 -2.4271908995404272e-05 -0.021004624909872094 0.0020312581022596077 -0.15392718244983458 -0.04451106749887217
87 -0.4697197200006329 -0.31924750782982714 0.12638185660904558 -0.1327586671781836 0.03141755354061994 0.08694913435718947 0.0764152010229106 -0.12201391319246832 0.0058880061337962175
88 -0.020243288562675155 0.008766498314936968 -0.04961210994663906 -0.003072744291205047 -0.0002461697687740737 -0.0021227470448987543 0.0026836195688347097 -0.01768921300047368 -0.0486370632665738
89 -0.058049705903919405 0.0878307071745548 0.04347665574689413 0.01976911959997248 -0.004694455601483487 0.22476664074114366 0.1537209552443583 0.015609115395666598 0.005007720039341887
90 -0.15760867840476186 0.2831843439826592 0.15893385431443272 -0.04985457739527332 0.04194251670080444 -0.2404405187717692 -0.012959438126176646 -0.008342876284677433 -0.08201857452380472
91 -0.05956158936237698 -0.024278958251907196 -0.016747419696672032 0.0005645106579717994 -0.0051885420159257 0.006499381416439813 0.016076073219280555 -0.4106643671449489 0.004075139951964618
92 -0.29493945618527007 -0.22788743620018675 0.05666611346176416 -0.1159415784787742 0.046690848902955474 0.002161092222006333 0.0006103778229530579 0.007303945339331752 -0.006879364734252239
93 -0.1055419199194131 0.06060687037902614 -0.29257952913000707 0.003861316638350782 0.20070376359319306 -0.00095934774025928 -0.007210709582637488 0.06068045181398835 0.13797623991447458
94 -0.13130208945199875 0.11500356242945595 -0.2392537384793983 0.007669007346304478 0.22606250728884653 0.007414713831328927 -0.07259437011024178 0.03722368089943401 -0.006266465220448355
95 -0.015847920450794726 -0.0032124122450943354 -0.00984703192987436 0.00787674108222725 -0.0013567266471052797 0.0030141378271235668 0.006831522314814125 -0.22712384966208704 0.024327161186841993
96 -0.10841467821216032 -0.07408211379187571 0.008771787973549525 -0.037698465170921645 0.009635100323780994 0.006257292452499044 0.012997404318026862 -0.3185486896627739 0.03652623406658374
97 -0.24739526682852334 0.4328614429961364 0.2191417084327452 -0.07260918104668708 0.03327730140943898 -0.3261593075406681 0.018499247566604787 -0.004855550112187239 0.07412532512649614
98 -0.3115957250210481 -0.25363921856740645 0.08643152768961698 -0.15835746718261406 0.03002167641991713 0.006215190514880008 0.0016805853026627922 0.03892355556744971 0.011833291089512808
99 -0.30033417625081915 -0.10823109856041169 0.08234590950440283 0.4874178258802626 -0.044116643112063904 -0.055428697872108634 0.012539410933503381 0.05400493219635958 -0.019414144557502226
100 -0.09396501664826916 0.16586613583247928 0.09134520887471255 -0.030104511666236743 0.02326617583004744 -0.14502657353102483 -0.01862229086081189 -0.009800732563681332 -0.08516709096339933
101 -0.27992315127387796 -0.12061819925537552 0.03345069706265435 0.7204746829671175 -0.025473109679329593 -0.11635473644018786 -0.010510616899000333 0.08093481005026448 -0.012185709192268492
102 -0.10506959421878391 0.158473643137076 0.08216839628516479 0.0161799691157118 0.0009469489790017801 0.247756046185521 0.19198520637802455 0.01290211125067417 -0.010720787057799464
103 -0.12681343175745186 -0.04612619341613017 0.029262656727116344 0.3991521381365617 -0.03712097493100888 -0.026787249540236865 0.016607919751814287 0.053791629802406433 0.005934353223024493
104 -0.1869303474702085 0.30517435646464053 0.1688481318961083 -0.05265447466654052 0.034754850739089585 -0.1909688392325907 0.049926315451202456 0.008944296506466219 0.06305578056161754
105 -0.17067562841996453 -0.09610909923550807 0.036791102091081114 0.4520435864702273 -0.04181772341447405 -0.06511120873523941 -0.008466122400625336 0.052242306715295936 0.007951205712022593
106 -0.09094854600394583 0.14279265986387152 0.07451901864632422 0.022167156385962315 -0.0009241835978193913 0.2451638342460344 0.22657796269218752 0.01483094800460922 -0.008484902067772552
107 -0.20580912591305608 -0.08399454802529645 0.0013723509325565836 0.5979957862467787 -0.04657614839028076 -0.08643694793563016 -0.009688042495272147 0.07719229764225066 0.02117023493413663
108 -0.3311702141494521 0.4757706290330996 0.16241749685484422 0.03072504196283375 0.014748872909789226 -0.05235462464655592 0.11898437916684021 0.050838543731667546 0.12333275167401311
109 -0.0375934280119694 0.01742436045052903 -0.08155566225781069 -0.011811460186072894 -0.05859418974015874 -0.005792114005675736 0.0005907121963547712 0.0006046891301323783 -0.2714916182947492
110 -0.1855004776097433 0.2729399456943884 0.13272450375063713 0.0004081467634603354 0.006006415817322701 -0.1698570297268189 0.03764609485451897 -0.05275811602774436 -0.0651175727975434
111 -0.14426665418215537 -0.07459328642928763 0.03306889551761682 0.4302642632914122 -0.04276293775710085 -0.06267298196605388 -0.006388815436850659 0.052203033897995556 0.004343311061206402
112 -0.03373618777907022 0.016616805716171607 -0.08808890748917386 -0.00517204043247801 -0.003383662962691999 -0.0025344383199980133 0.0026908314424943596 -0.010363573361643941 -0.3075200044014754
113 -0.012873911162218808 0.004930048691266023 -0.028336821903086232 -0.0024119479569037674 -0.008825400751826773 -0.0017310985243503174 0.001308711975566356 -0.010484050300151636 -0.19610497303311242
114 -0.08962630345319572 -0.040773543075108894 -0.027185329120301846 0.01591920210691495 -0.0008936988748638504 -6.948113445439008e-05 -0.003077359287523841 0.006759326070675664 -0.29199730791028344
115 -0.4066328093311615 -0.30492538405922254 0.10318095478963234 -0.20699039422919127 0.0641971114819871 0.04450500618043079 0.01964688841870986 0.03179025908812274 0.014513235099817213
116 -0.1008138308027313 0.040885776802776455 -0.2273336221453441 -0.020990212961500557 -0.1064323272379405 -0.010629533426217658 0.01654503757369987 -0.03788308883623368 -0.5678841861220025
117 0.0 0.0 0.0 0.0 0.0 0.0 0.0 0.0 0.0
118 -0.037093333292972805 -0.010920036813419368 -0.017529393377435774 0.04264045337676352 -0.012864494994970452 -0.0029154301446860063 0.007348022959165636 -0.2678844041109367 0.017079282244025537
119 0.0 0.0 0.0 0.0 0.0 0.0 0.0 0.0 0.0
120 -0.10187518274717472 0.12287597990133789 0.03147969253702227 0.03967030487967007 -0.035413930368617876 0.17313100415040641 0.17509566794053197 -0.029750210142183972 -0.0033093528226665466
121 -0.4710827609308985 -0.34077357831650706 0.09163002786172232 -0.2107915484224992 0.036230449818993496 0.03482705676765774 0.026486499794364442 0.02818608871445087 0.05666635098382972
122 -0.03857397053967057 -0.004604247283407949 -0.033763286185573754 0.020427246530344008 0.013768189042605496 0.004592466047134125 0.015990637143006123 -0.4510801597380198 0.05000713003710477
123 -0.13692797624949346 0.15172616573995817 0.08890041057888269 0.014232868550829086 0.002190479146927809 0.3168462478496079 0.2894613778632767 0.02704711483954139 -0.002160083892430145
124 -0.12752924216137046 -0.0723707178906042 -0.006145250064858014 0.009641900734589308 0.0016888417250364458 0.009863975778332477 0.023171570953048885 -0.6372996465938816 0.07420381013643403
125 -0.27434682767874374 -0.14862923146715434 0.01335732899351667 0.3923545259219133 -0.024971912750565848 -0.0707343473597319 -0.004574308435605237 0.07073102240888998 0.013542278266164184
126 -0.07630295175788913 0.12229384485192245 0.061520708999538286 0.012517326927592274 -0.0033812602943295946 0.16794755382578766 0.1324532301601441 0.014709641109967198 0.007185513680182681
127 -0.08411586694362885 -0.04973538555319234 0.01212992785747395 0.19899703824528558 -0.010478718650530102 -0.028129740045313576 -0.0033778682913080415 0.006732708254813183 -0.0006547750088346005
128 -0.13138179762099003 0.23460292836161029 0.1318831338751367 -0.042896889193123296 0.033206160819990546 -0.18818020013084624 -0.036677733106552014 -0.010786523876955155 -0.08049498018090119
129 -0.13048767888996507 0.13676540811273832 0.08121850690133868 0.029736676726317413 -0.0035461324721082063 0.3941115840760335 0.31301447777110813 0.027205439755522063 -0.006008538085946364
130 -0.16615809133782689 -0.07706333604765753 0.033667103242114686 0.5690196899116471 -0.057250022563264356 -0.08162346474224026 -0.011559424341514515 0.05255534826605247 -0.0005589807793437361
131 -0.2723125172306207 0.48431732172480907 0.25988749665273564 -0.07215552207287627 0.054127415718656396 -0.2992390549796881 0.013937798220774553 0.0034191629737468188 0.018148965375083332
132 -0.048686119055950834 0.030722164876681196 -0.08384276776583519 -0.003945034698053284 -0.023279481046921624 0.014048769390915672 0.02678366898413914 -0.048833404965374284 -0.35201592067311877
133 -0.2706362035152088 0.15452518397564902 0.12363137356899058 -0.0037725828152188074 -0.02556910399936547 0.32410848345100224 0.3191703706601737 0.03382676083676848 0.004671351428128911
134 -0.2317828902186392 0.37876371651249285 0.18155471563847278 -0.057543007030894336 0.016498685830698447 -0.14551151866459353 -0.08732769277928686 -0.04941009631503062 -0.05270641494829994
135 -0.09993963147759696 0.046574642283568016 -0.23568159023348195 -0.01975526355527131 -0.06471744835341389 -0.007895035798506745 0.008870334726069186 -0.005353037935024215 -0.5959564819518297
136 -0.2791195137646551 -0.11869789003160132 -0.01874690192764803 0.5201068388836867 -0.013044967815001026 -0.06678579137981185 -0.027333445769648832 0.08486622061085344 0.023904011874679172
137 -0.052720501657314726 0.010883282873941665 -0.10394142790671478 0.0004090402893531652 0.06312033136904947 -0.0025357618741113823 0.0019770323569145913 0.005641618201898021 -0.14745616943158907
138 -0.3880843456073325 -0.2986685401146832 0.10446006791287904 -0.008038344458849503 0.012927392565207443 -0.013907635484753166 0.0009278518943155401 -0.007161941033094288 0.018831688190948628
139 -0.25560476804836435 -0.13424440748448777 0.0659138151749372 0.5599049092148699 -0.052104547413599656 -0.10388704107500323 -0.011591164180378775 0.05667056147219346 0.01014883865788238
140 -0.031977902960818504 -0.003980563257647495 -0.03799609746482056 -0.013645240290181092 -0.007530681487812273 -0.0031685815860349005 0.0008618743264566689 -0.0028110200537896568 -0.09743781336527871
141 -0.08270425677410813 0.07669890813413284 0.05068886433808084 -0.004635839909489114 -0.008065806208883152 0.21453982871309138 -0.3193931964011564 -2.18051440595657e-05 -0.01229707275602269
142 -0.10199605571971111 0.15215830513749828 0.05691335732799837 0.014108242307930886 -0.014631974121562237 0.2790232388553935 -0.021140826783827994 0.010978483950913552 0.0029462347308568215
143 -0.3916500867716538 -0.33003762066464876 0.11699757767093498 -0.24693315005752442 0.04318577409144693 0.007983281809487635 0.002114990064951732 0.015205635795258942 0.009996775673957172
144 -0.1345592673581377 0.06954292661249807 -0.35623800770306463 0.014126442551316684 0.28679785739518504 0.0034877198346125542 -0.0007868357642723473 -0.02069999782762886 -0.0014338620080161454
145 -0.06768375918925687 -0.001367628463395268 -0.07376429013920102 0.03390800406432733 0.04779949009121694 0.008154434025968996 0.025178996093497802 -0.6453008927245879 0.07834226300737265
146 -0.11313017544519291 0.20197406466667062 0.10415788234773406 -0.03551478983973024 0.025097842531945525 -0.174363831323669 -0.014747888391979276 -0.003908432579808203 -0.04159892969528306
147 -0.054883851553860274 0.08363684105681768 0.0350729594936748 0.007845115651504603 -0.012000319032277607 0.18727908267580762 -0.41385629178981015 -0.011025337761739536 -0.015776788020086658
148 -0.09472212365210955 0.08188521483479416 0.05815357582300935 0.008726919172757147 -0.0004240276563276998 0.2696523058805711 0.23041921085114409 0.012528653355701568 0.00708689420411416
149 0.0 0.0 0.0 0.0 0.0 0.0 0.0 0.0 0.0
150 -0.044478792531287545 0.019516059467584255 -0.0990513808040269 -0.010852630953529464 -0.04469458757065351 -0.0061589749377502405 0.007485582127397234 -0.0038449932710947657 -0.3969102851102321
151 -0.029250128839664425 0.010978692829466246 -0.0648130077503563 -0.0026509076508194193 0.0019426263642267532 -0.0005487107942372814 0.005408420309687802 -0.019534188762178183 -0.4122732618569121
152 -0.08740196231520031 -0.0036158058942524812 -0.03248530575637095 0.015299226423920738 -0.02833942495598755 0.012299252843805812 0.03277841244781604 -0.3393220367350209 -0.04539587649762436
153 -0.0891355692068651 0.1365213192116406 0.06894004283104169 0.007154947283360296 0.0024582893221296413 0.1670140352652673 0.16999532569087755 0.01688083798850438 0.006395734858959983
154 -0.11233667661752683 0.13089115380867003 0.021701859862946576 0.04021502948658792 -0.06075096093974566 0.29024374863257346 -0.5160159262709401 -0.02581590049581536 -0.026148169443804797
155 0.0 0.0 0.0 0.0 0.0 0.0 0.0 0.0 0.0
156 -0.016924089748230595 -0.005038772748602448 -0.008491831664135127 0.01192160007329797 -0.002294003379828571 0.0027615551554256465 0.00547833822316806 -0.2046751380455794 0.02392758001040906
157 -0.16789460254071317 0.27706409184460107 0.1485586024098098 -0.031080883242278062 0.02797442003505604 -0.07252929684115157 0.08387655997966754 -0.0012015306972779911 -0.07307511102626063
158 -0.3496399306973649 -0.28649797444582764 0.10438410238652633 -0.1810136558080013 0.03577202780264811 0.010808289226140995 -0.0009722442633783901 0.049790991217508525 0.0063823339132805185
159 0.0 0.0 0.0 0.0 0.0 0.0 0.0 0.0 0.0
160 -0.03131161651612464 -0.0027645290035970584 -0.02327795697939562 0.01734893768567456 -0.0007156935053085094 0.008261220782406705 0.015725725933920374 -0.44112813822545355 0.03820516332626462
161 -0.1719447969327661 -0.13138068519310633 0.046642622745535975 -0.020738988697495297 0.00578963116933097 -0.0010116541663444893 -0.0018945126070014267 0.02614002253944239 0.009044930451502519
162 -0.10246401466730459 0.05926177240239431 -0.2954340181446999 0.021278903014351147 0.3497638401321327 0.008797647047268804 -0.010054830167474587 0.04426415217363533 0.1062870788092647
163 -0.0663552843102931 0.09399942978488245 0.047358287501693325 0.010185952441226017 0.0027674914552633825 0.1862280917038403 0.15992131096026657 0.01129005706057314 0.0006278778065915967
164 -0.038678494214918244 0.056031779335650476 0.02124722152528021 0.007624348531701015 -0.014257686927072825 0.14782411043846164 -0.3192291572959864 -0.005434909666223984 0.004716415705670205
165 -0.0554333702772481 0.02525500369445467 -0.1273038458559115 -0.015448300976000593 -0.09614972694852014 -0.009762771681244752 0.00995512084392234 -0.002213149130484322 -0.4110406460662817
166 -0.07253726538170856 -0.05904287671796583 0.019471511292418923 -0.043705722360853475 0.007017260537946703 0.0026526110196812016 0.003019899741837768 -0.03710904191737769 0.004751048499953067
167 -0.05734142352504118 0.040064027029029815 0.02837779158373284 -0.005360115853595609 -0.005366455269321171 0.10936307821198489 -0.23235669810688436 -0.0025263220375424116 -0.00426172947606061
168 -0.01934512528102256 0.02995873939540143 0.012527471686918016 0.003926975587887203 -0.004984613814359709 0.07111677514884905 -0.09233059328508067 -0.0007999392077236697 0.003060541911502987
169 -0.06125005733719924 0.08397499095522494 0.041138319812236646 0.02040603776856099 -0.0031301725741120336 0.22957227500697514 0.1717903278719724 0.01426116381817836 0.0006194462772631667
170 -0.28234967193722127 -0.23769986933918932 0.0835824459361017 -0.1816726693034078 0.03042175411856027 0.005986235151471582 0.0025109480912626206 0.0318082117958558 0.005262178779826625
171 -0.032549186798968364 0.019029766655434443 -0.05520316320950371 -0.004493088371209052 -0.03970773061913213 0.01902698388280631 -0.04498148986493225 -0.007675978629846708 -0.2756161489286834
172 -0.026316975771508162 0.039413774801016446 0.013883188238807492 0.0046022214312282 -0.008661668422551868 0.1004109817280661 -0.24012760108212855 -0.005363305457734725 0.0032181475144761073
173 -0.09888656463471006 0.12247515774234514 0.019431673600687444 0.03541437069362932 -0.02470418333910927 0.06100435636563335 -0.2378184771240269 0.00280922123958976 0.041736480792549505
174 -0.36652919057657696 -0.29210759190603847 0.08315925068037044 -0.18753265169039787 0.010254947556284479 0.0012492724604782094 0.002042484494978347 0.02210455589330095 0.011531733163412732
175 -0.09695639489572766 0.10381203030132327 0.03295538096886121 0.007638739027568258 0.004873111074460414 0.28702370822182144 -0.48808248439553703 -0.004595351751952029 -0.014057025997449249
176 -0.048681416748675564 -0.003331462190252746 -0.04444064182987637 0.022999120774483652 0.01146856100090763 0.00804148659779051 0.01948469592489018 -0.5334276019315222 -0.0003039959326396592
177 -0.4404897836126834 -0.3523855945304426 0.12203085673558339 -0.19603811928002832 0.03812789162818423 0.006341611678116579 0.004831133317990476 -0.014913016384386552 0.020893518304396414
178 -0.21274126164226118 0.3759388709851098 0.20066694769604843 -0.061063440398943236 0.04022634910326446 -0.28276396786543895 0.009617441378653476 0.0026721582563764604 0.05323775984935284
179 -0.3888332935721287 -0.30549891232443965 0.09106812815415805 -0.1975033695477078 0.01719027798163497 0.009902247849197274 0.0017430592669792928 -0.027837362700662574 0.021241258350579894
180 -0.03250780860702715 -0.013086180962761563 -0.01114524654947794 -0.0058079077889205575 -0.0019470406065844577 0.003346062874105842 0.0021554311973482837 -0.09268993582728244 -0.10864723227928724
181 -0.05904030761896985 0.07947463959958947 0.0331910998853989 0.010946239392171847 -0.016361177538524025 0.23772626403422212 -0.40289891495940977 -0.011088230765600643 -0.0029726620496955207
182 -0.1454513157672335 0.05434272533929944 -0.34161200884459614 -0.0013790126147348947 0.3007851960768451 0.0025137803671691212 -0.005818679928717855 0.046842672549805446 0.12197287408558058
183 -0.08858591128224722 0.1354642520077296 0.06849765067230561 0.022298042284523836 -0.003142276896700852 0.29727445580499734 0.24740463977540011 0.021597680590048303 -0.0012842078462267017
184 -0.03562263682590481 0.017500543218860968 -0.09240079665043159 -0.00579058148866679 -0.002898719049553015 -0.004634626550832225 0.004008255433434154 -0.007029262758833845 -0.30114266922927824
185 -0.13984665522704934 0.007587620982458516 -0.22807805416839835 -0.035980646802193116 0.05538443314042798 -0.007071126175823075 0.009546988873706058 -0.0007058650052060185 -0.572544562589419
186 -0.01315774749651392 -0.0006658846180770833 -0.0148261916704116 0.028633668770645555 0.013950688497763888 -0.004057246695219834 -7.262517961186731e-05 0.0024321573268231743 -0.030119814903804314
187 -0.09222984299725401 0.055233695848647346 -0.2728915225117854 0.024293710375746378 0.32969602794475417 0.005837995336975714 -0.005920543720712581 0.03650104064825419 0.04996156323629918
188 -0.04789358732910108 0.06873575228053494 0.009707631822657872 0.0021231559588752442 0.01773070451711212 0.08349083627380202 -0.23092647241907815 -0.0034883300429569943 0.008474002004586225
189 -0.05129252866367582 0.07534411985866916 0.012908191419505253 0.0031672813133674983 0.016568442670959693 0.0957128533571244 -0.25675635114595585 -0.004219652006091721 0.008539297709577011
190 -0.05781649981372697 -0.027394739108935036 0.010214820080055195 0.20806220093670447 -0.02123117485337066 -0.02946298946987441 -0.004951718496237148 0.016717163334879565 -0.003503086029486253
191 -0.04850739836524833 0.07053942641130548 0.033763095532950815 0.016102063190455488 -0.00249466064226771 0.19611539335521133 0.15035166675891207 0.011252499820429081 0.00019433356990199786
192 -0.16448956085263247 0.2835273832493242 0.14847081405747292 -0.04541065716175489 0.03372639025381105 -0.1793742658496746 0.007164698742431094 0.003396814757875091 -0.00045724415800503005
193 -0.05725567819890077 -0.03144478494901436 0.012571673487443794 0.1770055922731116 -0.019197023999946435 -0.027127296887150588 -0.00398523015455323 0.007764288522862433 -0.0034714258489502094
194 -0.03817092424789678 -0.004706229176445337 -0.044186385357297686 0.012902448585513796 0.06983499629296658 0.0014336995215840696 0.0021196281767680075 0.00903673111377609 -0.01993683485950209
195 -0.06185320546440005 0.03368407153898868 -0.17669325955045329 0.017170766474125486 0.22140600020085313 0.004391193257998016 -0.0018098137029976182 0.01940032612939576 -0.04562082381145135
196 -0.05800395865615584 0.04276508510041452 -0.12573291875935078 0.017457128877736035 0.16693219432213888 0.04124640196799985 0.01813764663696296 0.016870356030403495 -0.006869479323042973
197 -0.07013957528694317 0.0415394902523781 -0.2001291626957666 0.007859914687363889 0.16781267596314636 0.002588321726400035 -0.004438534705620542 0.022616896382969362 -0.014287350322083944
198 -0.04447734748902769 0.07818057398172397 0.03433362902820839 -0.011893090754670954 0.0049770294894828995 -0.06096198800819435 -0.0007376214436351445 0.0029456916956827656 0.03899360470218678
199 -0.26546749572548034 -0.18932680800339766 0.06699306674673149 0.16220747482772077 -0.0101592111403967 -0.029493094483694495 -0.0097729578143419 0.04137346557710783 0.012726052797723876
200 -0.21541328458732828 -0.10856415614209637 0.007653380175728425 0.5049554496147179 -0.03785160263049276 -0.07515516264976704 -0.008950772407145018 0.07233118657229949 0.024168571382452722
201 -0.002963885414846505 0.0018919441967892782 -0.009621730057043417 0.0012277707454219598 0.013366531164107291 -3.5619872019446356e-05 -0.00010196893740449138 -0.0020809934486290616 -0.0002376652983006858
202 -0.0806315674919396 0.10951905733213918 0.047736619976725736 0.0099047631867038 0.0025801159199499604 0.1319562046208404 0.14415278647097252 -0.0006512237269186745 -0.074801791148885
203 -0.04335953309432664 -0.008922879106382495 -0.025223837717586902 0.022776620442438434 -0.0025887495844689585 0.006718725550230882 0.023768775129730874 -0.5684195527707826 0.058861916959510666
204 -0.0954439353115577 -0.04833689632722078 0.019682878651763748 0.2983474671109457 -0.029994440855635872 -0.04059504884709 -0.0032863467107855215 0.03429004554128343 -0.0016929306118714826
205 -0.05133362541216885 -0.007900019213585732 -0.031202996278848847 0.03006905209708525 -0.0013330281217229297 0.008421411667174809 0.02260741753690881 -0.6476875651191265 0.06736908630299239
206 -0.05992522853508842 -0.025260094483801763 -0.01351935043555384 0.014119190537232514 -0.001022858306235637 0.0042507796383149605 0.016367820949316186 -0.47671526454775587 0.0563909025425204
207 -0.21672953503195225 0.37519271191978487 0.2021718586420094 -0.05482575453864121 0.04434032222349175 -0.21079786616446883 -0.06847684124289469 -0.001867912403517117 -0.029013906473584587
208 -0.022892619538964997 0.034005646458575255 0.01375300696160755 0.005310843633694198 -0.006856368937714121 0.09987810957236722 -0.190711998243433 -0.00416664476195995 -0.0025139793006885517
209 -0.14935152931959336 0.09399663608497488 -0.38774872804768973 0.02310657944841554 0.37957159297269805 -0.007600374576431711 -0.00995372124474699 0.017505507823712105 0.13453691457279457
210 -0.06486014305001662 0.09865942656964734 0.04327208569250269 0.006418319168300805 -0.012439875128894898 0.19551460500993 -0.4179820254730403 -0.010536141253692212 -0.00017895579478643055
211 -0.04185254925059641 0.015665753649532543 -0.08960110691248602 -0.0009342288575585984 0.024779576558350936 0.0014298729619588264 0.006274108641997104 -0.017976436902330747 -0.45466045132583705
212 -0.06852233610260207 0.03903524288092447 -0.20286189445115196 0.013844814233226036 0.22886612438911016 0.00553905359128454 -0.005469613905646863 0.03336278566368104 0.05680340647096322
213 -0.12766242949703926 0.07909240197480534 -0.3577102440362917 0.029442075570425757 0.41691138770726355 0.015953331979809613 -0.03112029385304208 0.05242662262382733 0.10253145003047752
214 -0.046813879918323545 -0.01432046569071882 -0.005094549431526424 0.01383420112836856 -0.0035718125652374018 0.019447965344065638 -0.014843637982458266 -0.3141230921122351 0.0378450982148558
215 -0.12200558211849465 0.18521887498831896 0.10919647988113383 -0.027193977942432522 0.026911345847375836 -0.08096905734391975 0.03536619552013965 0.007576145533223112 -0.01899740880207779
216 -0.06950972479556505 0.11251323222176983 0.05295347752193304 -0.0018781731257144479 -0.0028984290004492198 0.09612343628039427 -0.2813246738036591 -0.008107185524078853 -0.007110856410488334
217 -0.3419961472871896 0.5171594609693921 0.2823956691770501 -0.05540272980290921 0.03000012922068825 0.04548200650838476 -0.14815426325348066 0.008131303552583777 0.009142204354236383
218 -0.03132705315091936 0.01303388810240568 -0.07344988379960904 -0.008970557631928765 -0.03350178472171099 -0.005997703849705383 0.0046088206892814735 -0.008676747968262923 -0.3978969029334378
219 -0.10806893418163908 0.05158114562393629 -0.2821780913190803 0.05370510958726176 0.32428537015424536 0.0016808143714952483 -0.0034937428881015816 0.03241180284495993 -0.06043324245146611
220 -0.07051411566714184 0.030819037418420937 0.03460334940526016 -0.01216354114107736 -0.0017705857904243443 0.09771276954480676 -0.16706579423389153 0.004864780947744002 -0.010278603250602432
221 -0.0858371559759429 0.06708884829775275 -0.01723720396828059 0.07803349651160253 0.04157387190545225 0.13329501656097173 -0.28811916829790213 0.00941801114576026 -0.02545943607668219
222 -0.010536473203481807 0.016879881067983323 0.008519042986588973 0.0011452150947638261 4.1507266691552727e-05 0.03150837698501216 -0.004315219756095823 0.00015799962488488023 0.0031868738050202894
223 -0.07591521792306628 0.041841796681550726 -0.22744904134944857 0.02279252562918132 0.3038402142245398 0.007656303807110725 -0.005933329989869967 0.04082431756339246 0.0755513986279813
224 -0.11212716706529958 0.1153871785872388 -0.12800410385209524 -0.011701053821959467 0.007258620723159075 -0.025146064650751705 -0.04139530274989002 0.014075009550599194 0.032682786875997696
225 -0.10941106660448031 0.03231143752713761 -0.2381846662353956 0.0894009255100686 0.25589465575007275 -0.004759468615851341 -0.0031675495920834187 0.03190973010841471 -0.207677105978922
226 -0.024617768369637843 0.010729808931930986 -0.05724499486379699 -0.003431905755586703 -0.022181099570222122 -0.0022104705413127346 0.003809593769415845 -0.0016844737164645688 -0.16667354602841813
227 -0.45504975054569513 -0.29152408772782745 0.08665301012877856 -0.22834486954622718 -0.020829907536501373 0.035185789457167375 -0.052356357018299285 0.05777060326052659 0.037576922561025766
228 -0.20128984846781128 0.3210108919682099 0.15590490359852618 -0.006917575077768036 0.011946106317370388 0.17423405613230766 0.2094849015413491 0.01353580300468329 0.0059720335698788
229 -0.04776450239184199 0.03821067657213047 -0.015991861253445892 0.040696608139437894 -0.024200788828885166 0.069082797460406 -0.19738734327926621 -0.0018849248964530518 0.0170385683551393
230 -0.18879584520820888 -0.15118012559665625 0.054791908021292114 -0.05884395464696478 0.01368648443423193 0.0024513574786632453 0.0009125438343349445 0.011344205149189355 0.001959083827237384
231 -0.04861463599330972 -0.0021676943206913888 0.017379435930280816 0.13592352022985174 -0.012226480549597215 -0.034653721955071645 -0.005014878251891874 0.013653322580108837 -0.011218115908482018
232 -0.09824122116137947 -0.08213442415641806 0.03015507273611501 -0.057067538237254904 0.01153167216072592 0.0041207019901972975 0.003297233304648414 0.004052897057135505 0.005056169205062824
233 -0.04385224209257429 0.023806854049757804 -0.12743509369633213 0.01128386152403821 0.1606626999343829 0.004772320375085296 -0.0028925860396078226 0.02615229347111323 0.02815902889591521
234 -0.03456502739249571 0.050748267564836066 0.02658877176176866 0.011284342238859534 -0.0017544862278922498 0.14526367188974193 0.121991081300343 0.011979726803531477 0.0003613459433371411
235 -0.11580458262200065 -0.04566482900841762 0.000583386223605642 0.25050804221167844 -0.05590864277040544 -0.04251413437277172 -0.0015048692751432786 0.037929371225929105 0.013289501456761669
236 -0.03210960171960542 -0.005170885531698468 -0.024315063301199973 0.016971521873822715 3.6547498094758026e-05 0.004885437250326446 0.014649653431049707 -0.351214722974087 -0.02174252770060909
237 0.0 0.0 0.0 0.0 0.0 0.0 0.0 0.0 0.0
238 -0.04307781462484081 -0.01292986931050205 -0.03288816003870294 -0.011961813646603993 0.004728608619765965 0.002060849839540819 0.005200970866232813 -0.02416881532640498 -0.2209563390999171
239 -0.2819279003631463 0.4702911959031228 0.2263002969447463 -0.05623792055237202 0.059355037653838226 -0.15349038852203176 -0.06336809129157071 0.011272129990899545 0.044686190712444195
240 -0.25624048811950784 0.3665981320748945 0.2115685455142703 0.02049554507676345 0.028558823780875896 -0.17590608684656117 0.07721407404253802 0.013708097428641184 0.05625654900609437
241 -0.11099232353968144 -0.013123098519888445 0.024712668319819872 0.22387926891175686 -0.028350424461155325 -0.04253218692023515 -0.0013288686372336248 -0.004512865546431726 0.017437215173992715
242 0.0 0.0 0.0 0.0 0.0 0.0 0.0 0.0 0.0
243 -0.03655647071984179 0.01644032699524308 -0.0036126911000902086 0.0078062025202522 0.0005468884522529938 -0.01558707370853525 0.011592177894379517 -0.3276072122241967 0.04074442347471088
244 -0.1086367573050086 -0.09283041733157955 0.03442798745097524 -0.06479512674610287 0.013762905592469822 0.0010275926850071217 0.001361153044189728 0.01645047643733624 0.005877599176456999
245 -0.059153414362316505 0.019044969530582018 -0.021839930841608665 0.023625086224501823 -0.002183542287745298 0.01215016337483764 0.030292338873438407 -0.4825578673339813 -0.026005391032424698
246 -0.028096762781983343 -0.003681723290510321 -0.020241988857475118 0.017976618033986484 0.0010904326424535646 0.005461134010682421 0.013243254781919685 -0.33877755681778077 0.03313342027172366
247 -0.06710255102569726 0.08454636357437134 0.0006724756667316093 0.006067133884694985 -0.05035877347368899 0.21815396150042912 -0.42337613826173043 -0.00449919886176461 -0.0009516135260361631
248 -0.21233009744701953 -0.1776008219964902 0.06208261538879595 -0.12077971715588365 0.02208346492801956 0.004245687715559819 0.0031735246249335203 0.007220763435938704 0.0018103018808527745
249 -0.19076860400334483 -0.10400504746780603 0.043790751524351634 0.4731405298953649 -0.04480199395797929 -0.07218565379694639 -0.007011846660960492 0.05483846111366984 0.001762025700751291
250 -0.06808001809040007 0.025274371464721432 -0.1433139752163233 -0.001293761128388392 0.014088191726289176 -0.0017204135007572495 0.007887463400665432 -0.04482124894264502 -0.4439315630089304
251 -0.1446854326780401 -0.060481106604864394 -0.018798592149020774 0.2634982057838622 -0.04024942764391398 -0.0400509016599979 0.002416642404282334 0.02900531046823297 -0.09097074225456345
252 -0.36128392348271965 -0.2928849787050245 0.09335968698008756 -0.2017335329754514 0.046952242907473206 0.006974822083213925 0.0031307181360381155 -0.0021189145933035256 0.014541559842530067
253 -0.026888489395880955 0.03874438573021096 0.01397600330290333 0.004161468470875452 -0.009198597936088546 0.09953762469004494 -0.23990701964243147 -0.006552580004409731 0.0032955015052154465
254 -0.03212764841953067 0.046352392440466725 0.019352779272052496 0.007068222045933241 -0.011130889472749473 0.14513936761487678 -0.22884009116765916 -0.0047660278661735235 -0.0033119848998015814
255 -0.05710459680218137 0.07274376466220335 0.03194928541529083 0.016944629520350606 -0.015759101946172145 0.22374435368230156 -0.42181257441069403 -0.0565396661175038 0.007853383449538509
256 -0.20710824981818207 0.11373507045374633 -0.5716239117567918 0.019159819103802454 0.4714944408835143 0.003394624858886812 -0.004538110642469867 0.07416417756134006 -0.07750322501937303
257 -0.03944220713397521 -0.021557832939325568 0.00886060570876072 0.13775569425292572 -0.013540643995455931 -0.02080165505470146 -0.0013723461172668787 0.01669037788512227 -0.003117286690646684
258 -0.10755320674146007 0.0630128606095557 -0.30889411462740163 0.015364416226935981 0.29967351802967873 0.0027278640592739403 -0.007497529045364007 0.04425847656151664 0.08238089791376559
259 -0.20470962123309122 0.36621547520656195 0.19433434326359156 -0.055331076490963804 0.03961320663152745 -0.2487235883731201 0.041539035104155714 0.009148370607412068 0.0897835326678685
260 -0.03050887271137034 0.018860246675222642 -0.09880960253217005 0.007492947298466285 0.1256356669965722 0.002080742579902827 -0.0034984855578471634 0.015607286992280506 0.025344277887257374
261 -0.05855009645870925 -0.04973073389164824 0.016450441069223255 -0.03956049473025326 0.00745280026750145 0.0011504389882885321 -0.0011442594429734699 0.010479639173763114 -0.0017264898150341171
262 -0.12943631184903706 0.23485525356516135 0.1286237874252817 -0.039279938485165006 0.028880646326781088 -0.20321485946381973 0.007041550286560851 0.0018059826724633522 0.04820130285879641
263 -0.15615757566795077 0.19838123641867175 0.05080988740035891 0.049126952286441435 -0.06667564357061885 0.2673819928883264 0.25265246512525186 0.021369744878724572 0.03237430082945346
264 -0.08340322144584648 0.07783945391094164 0.00964920513641077 0.04984338877666469 -0.031224028262824423 0.13640889367386913 0.13416375004943162 -0.0482468217330803 -0.07863434340448129
265 -0.11704677820808107 -0.04705377697727334 -0.002535507858647132 0.07359849923623657 -0.009516076642272206 0.01116731567919295 -0.022521616529669414 -0.4655018286506933 0.043602882823471995
266 -0.28054063779781785 0.47731949787638595 0.2587378322356208 -0.0509189007699634 0.0532563121451768 -0.3306516106674957 0.02768489600769406 0.007641425485801307 0.04322212017866213
267 -0.015028385699110596 0.007035041232582999 -0.03303636863357519 -0.004496259243469312 -0.01992890915412939 -0.0011051434133649413 -0.000559254766397744 -0.00523842792491967 -0.10520540854659474
268 -0.028656850507918705 -0.005085355394742881 -0.017745170322039837 0.017157488526049917 -0.00035072992081846145 0.0035784239832260673 0.011416273836221787 -0.33468226812325563 0.011072382651104325
269 -0.019035258199423175 -0.0022921477290574494 -0.010962985680115986 0.01097936215068326 -0.00026040548650440757 0.004846429856053029 0.006598318877806235 -0.2206174801108778 0.01611130909978528
270 -0.1163217701866526 -0.07232694507097132 0.011439004854847246 0.06599500014509987 -0.006011935866608569 -0.010766607176723902 0.006743969007560584 -0.2528840954143637 0.014206741580138385
271 -0.02200745548913939 -0.007084476763189155 -0.00771928839056409 0.013229333921376787 -0.0021015922504329055 0.0025869152772405716 0.008430630370367861 -0.24810503547958457 0.025988098320029424
272 -0.14418944409406576 -0.08226335365758754 0.03067545260946172 0.3591503266890678 -0.03287658856482719 -0.04898989498958035 -0.006138752207443881 0.04416108588042874 -2.3251389015667252e-05
273 -0.07493116644359198 0.09976777671475735 0.043457240636926533 0.03350491186763261 -0.0114249246294346 0.0016796540194749048 -0.13495595839175226 0.0074903819312910356 0.036748597654081804
274 -0.17404833342629483 -0.09299195015086817 0.03346938973058659 0.5336865778064305 -0.053055068004822785 -0.07568253668991937 -0.007958124063792817 0.03488948151626826 0.004254414465699017
275 -0.23453424309761664 0.41221940051181016 0.2202433759514308 -0.06243472281527065 0.044378163215616426 -0.27099460347819865 0.0393877043583491 0.006643255330649649 0.07899562032356652
276 -0.1050231207178903 -0.0655716955138478 0.026791167965046072 0.21428836354600767 -0.020580110812837157 -0.031138480874584713 -0.0001408098619154194 0.01605632282302966 0.00377292642557348
277 -0.06908591516685095 0.10193318609796202 0.048916312725174924 0.010639440025557728 -0.011557129295123383 0.2433206455052201 -0.3678849080172633 -0.006050064506623178 -0.014385672489322241
278 -0.10382941922895049 0.15124012334059603 0.049952074280495286 0.00633208337529837 -0.037105002469711525 0.2707452451844116 -0.30742673740397536 0.001920573186900965 0.0006211523948349018
279 -0.08236605329021733 0.025136884784434876 -0.10370553172959503 0.06348198297044418 -0.07273730484776203 0.011625303491967618 0.03993617102118144 -0.12078706499589954 -0.4198102685592339
280 -0.03208334073743871 -0.0013337698899630991 -0.034230087366638996 0.016484156971076306 0.014114200706169392 0.004323316840681833 0.011092222867761509 -0.34505477164863124 0.011892331126427253
281 -0.009942430908988073 0.0006116405654733878 -0.008764637056739156 0.005862449776441271 0.0019447586526141678 0.0025605507470513613 0.006019179979627249 -0.12944952285422562 0.009957107404561176
282 -0.07274615272567143 0.06877966711117423 0.012801115002859015 0.00832149969278821 0.023680994441841893 0.20942747192080827 -0.31826942883573056 0.0006566518928015839 0.012482616360260454
283 -0.0063723430635954405 0.0037922822525985425 -0.016874296563836627 -0.00016025115932337137 0.00806781565253638 0.00022215216690419295 0.0004593098514181263 -0.0028925919320893626 -0.0752429726842525
284 0.0 0.0 0.0 0.0 0.0 0.0 0.0 0.0 0.0
285 -0.07849530054978934 0.12088431477051521 0.06365748127888467 0.023054851472565394 -0.0028005512355837175 0.2601888558170449 0.21950403317229986 0.022793982552934782 0.0005993477697774805
286 -0.0999771361029508 0.12513861146442037 0.061157821819884745 0.05261977936650006 -0.021091047790845984 0.2998130640218014 -0.4145922653104378 -0.001538250768509317 -0.003028692590422419
287 -0.04952277652286954 0.07165516896543424 0.030144897511996893 0.009094010746994851 -0.011358861523070654 0.1911568093496201 -0.3734495894280881 -0.009229007209334814 -0.007827939561870882
288 -0.3255280663130318 -0.2551007481068398 0.08022371560073276 -0.09471790505327457 0.03380615732613336 6.839382546302274e-05 -0.0024037198313090996 0.03841807650797946 -0.032110312074209287
289 -0.08345766646962116 0.04693475509811569 -0.1863189741071926 -0.03505633800835007 -0.22651109094239236 -0.019512455411496408 0.014802110208391067 0.03123455064944188 0.03861553903849119
290 -0.15733431934751407 0.07042787195744954 -0.321517070290049 0.0038856257390810075 -0.37209769595672837 -0.040980439991214763 0.014096585391754247 0.05955028027374083 0.1252251954685176
291 -0.14026277819176247 0.06545323688838298 -0.27359703412241504 -0.023905423037155628 -0.3278350782807084 -0.01702509351052398 -0.012297084256882593 0.0477310033214289 0.03645346922057879
292 -0.17228078217023618 0.0934552107665267 -0.37455937888826335 -0.04959248930381931 -0.4460138941915666 -0.042657825768656794 0.010892939587656119 0.07716429281526867 0.19652075570439675
293 -0.17645443014010925 0.11575361214531 -0.3227258186703545 -0.06886230678275977 -0.37571309680822523 -0.027452627852179674 -0.012306469919211692 0.06809313760698067 0.2111380619190391
294 -0.28884139594849595 0.13947918653755384 -0.4442588844540991 -0.12365196889153603 -0.5324042743654344 -0.0713695994278137 0.019909143319957266 0.0816345333118885 0.131389326445054
295 -0.10153274771694054 0.058191788667391296 -0.22741314147351557 -0.041163467729771246 -0.2401336348504289 -0.023015474085997842 0.010722946113590667 0.047308270368605555 0.110940893424669
296 -0.2267776614069306 0.08095711282335497 -0.4363747907248217 -0.08888361226974721 -0.39809222677950057 -0.03692339500012352 0.010699123456051032 0.05420700411292896 -0.07621520421097605
297 -0.07802256469342209 0.04139034372368343 -0.18216007604986342 -0.034926405335939374 -0.20490488602698767 -0.017476679361471133 0.011269941772524649 0.030286272389299197 0.01445822451504243
298 -0.08722279805555054 0.051084121533773404 -0.21362220361288806 -0.02722742796667785 -0.1524235161837927 -0.02039698951539149 0.010242151369272428 0.02642581877880628 0.07740746644932879
299 -0.03333521945847048 0.01579656578357321 -0.08135759101759749 -0.014184739460135614 -0.07543450743190454 -0.008611874290597812 0.005694315055024917 0.00972417583246643 -0.08297217950500399
300 -0.06528910870537417 0.03557046162649229 -0.1566052237002695 -0.02408859946033537 -0.12114670084389267 -0.012995733301901036 0.007831185350839443 0.014053155048842848 -0.04561837609015396
301 -0.18143249836925784 0.12715749541990112 -0.32945612613103664 -0.07242382245553727 -0.4213081940530165 -0.015168341451803092 0.035131333019372823 0.06465402479676174 0.13936148762580064
302 -0.08517101508236252 0.040253486905086365 -0.1916594784062484 -0.03618610345727214 -0.20010818174282446 -0.01667249398380648 0.01120465906949991 0.024138576611687845 -0.07773889718060951
303 -0.1343152678176548 0.07493725675828143 -0.30319550828500136 -0.05328591628318178 -0.3312714177468899 -0.03429807436559854 0.020104282263760487 0.039215056972455004 0.02935704887955313
304 -0.2181015444282829 0.10036446414350896 -0.36385827310331803 -0.021810055728868398 -0.2523172801622252 -0.011453748305815928 -0.08915307893186589 0.06323697646465098 0.1786528041874599
305 -0.1335265817454181 0.07198694109037472 -0.3042803757140873 -0.05268178983273917 -0.3110585652430861 -0.026047008635756933 0.013107152551287872 0.043605843948045474 0.07043533154703265
306 -0.14163278267672103 0.10009169876924225 -0.26875679615727444 -0.059601209191466595 -0.3448064177714427 -0.043037288409751163 0.014641260131043287 0.05537899147079178 0.16310350030678214
307 -0.17224713551699897 0.09777431826801691 -0.38617336531843555 -0.07179126289463657 -0.41095876747586235 -0.037271370424892473 0.011617975257926764 0.07111657068241037 0.1769906797472567
308 -0.20329841546571278 0.1120694722222974 -0.47763370154035567 -0.07897453015661343 -0.38606531175941494 -0.040840256342614685 0.013085913643005502 0.05785331522382725 -0.199039869256712
309 -0.22456236958497386 0.12898499366671387 -0.5111759500969726 -0.07491079100888445 -0.3975114752100401 -0.015631411475670886 0.03808656034631046 0.04057125913069231 -0.014190392146910034
310 -0.09113862455254054 0.04803565752005179 -0.20337308423148767 -0.03895697163546597 -0.2333306252199939 -0.017010657016667374 0.009771305299064096 0.01863048414706495 0.03947019886105665
311 0.0 0.0 0.0 0.0 0.0 0.0 0.0 0.0 0.0
312 -0.24781258265348544 0.1416171439857621 -0.5720254468341168 -0.09310320124507991 -0.4937952918298418 -0.03823368193931531 -0.008360683329649154 0.07794675367415811 0.05563344130010463
313 -0.19057758524797488 0.08763044620215338 -0.3690278863038554 -0.06216348385015368 -0.20463716955457764 0.02396431001890447 -0.08934961449581039 0.04220055869081408 -0.020886462880130335
314 -0.22448608169862372 0.11356643948526195 -0.32062973092392766 -0.07992541157020418 -0.36347459690091294 0.012879963253299648 0.06403294986113194 0.04835068519352979 0.00998833792183787
315 -0.08176084243766191 0.05957821485513873 -0.1411219699966589 -0.03228214818513231 -0.16830434237122985 -0.019946012096541066 -0.0153783479471495 0.010465070565872737 0.02505020956911681
316 -0.3041488238503187 0.14009071244489213 -0.3804383174401137 -0.07402579047249364 -0.3816204402792517 -0.03652402179509852 0.040430852972549676 0.084959292625931 0.1562723693409328
317 -0.2703596972350955 0.09220520018051648 -0.49025510983129506 0.028517721832693375 -0.43846794897365204 -0.05051296086548025 0.026611910956364396 0.06622177196669818 -0.2017230437355436
318 -0.03532568365183531 0.018100613941959203 -0.07950315978910043 -0.013824625604266078 -0.08473854191145355 -0.007266503669921537 0.002523655516841001 0.01562394589555465 0.023509177250986807
319 -0.08112366615864368 0.04187067323096465 -0.1839950691869257 -0.030818540795597486 -0.18724118961476366 -0.01546757003673372 0.00636001542357436 0.006535832300016222 -0.05847110531726403
320 -0.1974891586487896 0.10519948645771925 -0.3458123764986367 -0.08710071685096005 -0.43760839791170086 -0.05175307516301535 0.019133861498652194 0.06513054350591074 0.16433776629695737
321 -0.10453068724949362 0.028089699487339737 -0.19537391265668955 -0.04486325188041362 -0.17218797693773855 -0.016833041791563506 0.008488796933557495 0.02337826402821482 -0.04765624777065275
322 -0.15979675871087265 0.04476268377191816 -0.2759216701587068 -0.07818496068033606 -0.28545312734342904 -0.02903151113164275 0.004222004844074778 0.05591226460856089 0.09731116663797688
323 -0.11930319120784712 0.03082710083972637 -0.21300818744445488 -0.05265059182651747 -0.2536143499121181 -0.021990371444944572 0.01306265765039686 0.028188532051358572 0.041064061692874174
324 -0.15223553556936525 0.0910129798191565 -0.3541923954809709 -0.06761867213193923 -0.38135854443377604 -0.03810696098829485 0.012152967829156616 0.07157659657821056 0.18085012198924197
325 -0.09400978891744523 -0.01762902687693993 -0.0889197624001173 -0.04705081277933515 -0.056237523106735715 -0.008438377997076968 0.0005958626155001217 0.023197134808764074 0.039429568555767756
326 -0.16410005646510484 0.12026876431136362 -0.3267328441110438 -0.04450336000828916 -0.1712828228008397 -0.00987500711141166 0.013040783621519617 0.0613774550538611 0.1823735201029348
0 0.0 0.0 0.0 0.0 0.0 0.0 0.0 0.0 0.0
1 -0.1213590095057045 0.1657691430448345 0.051684793982809646 0.034287064058751524 -0.010879121582590901 0.36449554648803456 0.2808152402222301 -0.0407169262620959 -0.0031806402631648525
2 -0.05084675901732776 -0.00861794054294858 -0.032692742120717024 0.03126451219336585 -0.00033642448334071233 0.007269273483484368 0.022297754898275738 -0.626184987362079 0.05938153615528022
3 -0.3811943697416819 -0.31304042235453383 0.11370956447976055 -0.15548201934270148 0.03445934153912507 -0.0009812993925226395 0.00044270627970845606 0.03294168500529393 0.012139454100418742
4 -0.17854743180466434 -0.10372190705054346 0.040891703123250266 0.4568565187345335 -0.04485805719996472 -0.06799636665214182 -0.00538208479330874 0.05410325033895934 0.003117570850849711
5 -0.3267061512754407 -0.27535692039823106 0.10002109737876388 -0.1725748390029755 0.036288132968935856 0.0056745253415455 0.0009012258802557657 0.03612768488244069 0.012534023528005046
6 -0.03704998646093333 0.01758271871887549 -0.09725065478501671 0.0021271903167070006 0.0590895190706177 -0.00017869798357298197 0.004337020950532979 -0.010241489089302074 -0.35152762363494927
7 -0.12381572295510776 -0.10716444601887504 0.039585020308120174 -0.08299576294376884 0.01621825595772328 0.0016536908059611053 -0.0007632595891139959 0.02026169905637263 0.0011442206606871379
8 -0.04520970686108725 0.056128801569664794 0.023811335644034138 0.015500046083323575 -0.0040455067794080085 0.1719160505472285 0.1377285163352241 -0.02888253879044203 0.0025568045545109196
9 -0.12040744914640969 0.17704461089550708 0.08890478990553193 0.030230931071677302 -0.001469855098437846 0.38990976295188184 0.2920350621933029 0.03470731098399586 0.006924311837790754
10 -0.05565458186342067 -0.02503617866196682 -0.011887501841155603 0.029338612267604584 -0.0032464417954702137 0.0009453595710264744 0.01566509916546556 -0.3455613456942017 0.01748736766593144
11 -0.10712707289707975 0.064410096971216 -0.3189180135169559 0.027233849188270518 0.3743766554308509 0.002730777903064418 -0.0056183377266522515 0.0454954146240206 0.09909933132225199
12 -0.206029574514356 0.10214112745213841 -0.4012439710448519 0.01850196655874701 0.34066809951154825 0.0070265940872834675 0.016824654626887193 0.06954921945940426 0.16101512772526497
13 -0.1921246278539896 0.30945285060753325 0.13019601994741672 -0.023778881456044444 0.06151862763712439 -0.2545847490661297 0.005242732409682458 -0.009207869165405178 -0.08518371387651441
14 -0.09196938960487983 0.03511571918598547 -0.22141338657651505 0.0732018239584959 0.26786950183654495 -0.006231754883801197 -0.004442206511438448 0.015036999478559129 -0.11505473801651671
15 0.0 0.0 0.0 0.0 0.0 0.0 0.0 0.0 0.0
16 -0.09368416173777719 0.14969945694470116 0.07963360582414872 0.014255974542588014 0.0015991086648813537 0.22348700660838855 0.23368624043226124 0.015024384174238865 0.0020958351011436697
17 -0.011209771735423181 -0.002189310352929 -0.007353219380943161 0.008236833924969005 -0.0008266629350018332 0.002286007226954274 0.00783138818258294 -0.1777505629555636 0.018996955525374015
18 0.0 0.0 0.0 0.0 0.0 0.0 0.0 0.0 0.0
19 -0.07484137984966156 0.03769937753132237 -0.20602961139304804 0.04196694617849993 0.24032978788503864 -0.0008541304273723591 -0.0015762810747629386 0.037806644145575996 0.018323411746696723
20 -0.10777497202096749 0.18524051476396075 0.1009169034401057 -0.026798230544176963 0.01997483269491652 -0.11513345506828249 0.0009065184014050904 0.0022464298461364303 0.004333039117816838
21 -0.15395575090891697 -0.0888709055740656 0.036145637967821394 0.4432732291896082 -0.04437265614026531 -0.06645320408429395 -0.008436431809082035 0.023962406721324738 0.008084971246937215
22 -0.16121548593623675 0.2156693775509538 0.08493409405725197 0.04799380426900165 -0.00963327126240323 0.4275141337467324 0.38251374315865977 -0.14844738177713152 -0.05651918641870677
23 0.0 0.0 0.0 0.0 0.0 0.0 0.0 0.0 0.0
24 -0.20385995289927092 0.3559725193194409 0.18807759225894358 -0.04630891593159685 0.0352549044956695 -0.17499632717978753 0.05975769508464403 0.0064295781195923855 0.004439332914930799
25 -0.026859554979078354 0.03914213570768473 0.0122064482011708 0.0051511800453457445 -0.010010808648289817 0.09855476054697838 -0.23094155009641165 -0.006603717431539693 0.0026995245276911026
26 -0.20125925237939146 0.31567660434442296 0.10686926138213378 -0.04036340285798888 0.027668191254196835 -0.1247808252338799 -0.03440601501811488 -0.000744534255874776 -0.050416440482499686
27 -0.31045023642236436 -0.26031139177828727 0.09516609850748695 -0.1813759103120271 0.036160777459970164 0.0038830475797294434 0.00043916578794514385 0.03035762882859519 0.005261502023384932
28 -0.04276769333517491 0.054665947901366495 0.004942322568752459 0.0069047940798605545 -0.03196447689561927 0.13935897048427648 -0.12902401123714244 0.0036131646289582213 0.012738730797681872
29 -0.1260480753911867 -0.09782376504131779 0.03804624513736799 0.015740301508111076 0.004204742504207272 -0.008132031240992245 -0.0009127252612042059 0.018542107181786595 0.0014328140718981486
30 -0.29691635858376286 -0.22599068894085714 0.09048134901292343 -0.14631429412490707 0.028023161754661543 0.032129379238044375 0.02439592721018087 0.029498188728514018 0.00773024784733597
31 -0.12432794521338746 -0.05734889495177403 0.027986388410501578 0.4215157033416937 -0.04102208781713603 -0.05988972048414258 -0.005866777309227355 0.039618298610641964 0.004915671214859334
32 -0.2544951322671183 -0.20288049350892928 0.07257805840158345 -0.0413829696683895 0.015514630735939526 -0.011116070909949607 -0.0005427204802864365 0.03405306390344346 0.011787150905767152
33 -0.19030943518820162 -0.15388423115096264 0.05573555476084729 -0.045275210812903685 0.01203787602423361 -0.0011860572197665287 0.0015686367934723594 0.013849819689772058 0.01709987105652014
34 -0.06956769564863897 -0.024533039887549887 -0.024378425808355694 0.01755648628762113 -0.0010746244683054343 0.008941686619480046 0.024881938566645573 -0.5743844439190033 0.051060068215774315
35 -0.3831486435503123 -0.3159293388631836 0.11126900600780919 -0.18373668932322543 0.03815461549325869 0.0020766980135463677 0.000258250715469932 0.045161696642047215 0.005913820616160874
36 -0.20370390432361796 0.3544636263955825 0.15807083524744456 -0.05517555360578687 0.0668584719390419 -0.2741640791938181 0.011653751515959964 -0.005552659760534759 0.011602278603681505
37 0.0 0.0 0.0 0.0 0.0 0.0 0.0 0.0 0.0
38 -0.18694875667708713 0.30597745875488086 0.15021804323620572 -0.006424340692412251 0.005110252805366242 -0.09479954255628509 0.06613059681676726 0.01413574804975412 0.04148750313727024
39 -0.08523074533019308 0.10978967530766864 -0.008334237908963047 0.004224473167145 -0.05261948457175898 0.2087173961339396 -0.47003775901447414 -0.007747702247557561 0.012383712047705636
40 -0.21214264914899678 -0.09952782424955801 0.01890389366962604 0.6770490552708844 -0.052313796764965545 -0.09867500076217875 -0.010467886188974821 0.07244762861035255 -0.005940038784614635
41 -0.109648580304611 -0.02389603746328394 -0.007926589324449784 0.2901993248434606 -0.06176472683571685 -0.009029012624137458 0.02620512075599255 -0.02526261011610649 0.0006632164891240956
42 -0.17738426207267646 0.3168075122103221 0.16809023429701367 -0.05167068068413791 0.03538508873099694 -0.2542746025823197 0.013616951429577017 -0.000481143563721626 0.030348171444702334
43 -0.19426461227508923 0.32504514546477786 0.15010846212270018 -0.048012116140931434 0.0723057806035264 -0.2310069436657952 -0.021628101191570492 0.0014587981598283342 -0.0627948698953035
44 -0.14901716031148318 -0.12374614877020503 0.0425445823840691 -0.08039882291793779 0.014305210109658503 0.0006133968717448598 0.0013930291351553618 0.012497966865829165 -0.0013067398001365025
45 -0.2142343917901326 0.3677898754102036 0.19022969858970756 -0.05380625973551576 0.036038353020560895 -0.21323945018781068 -0.02169777330996049 0.001620326998346294 -0.03739221615943618
46 -0.0725759264097527 0.10668783902485743 0.038263449403544425 0.007398113413016366 -0.02015070950895979 0.197194938829407 -0.4524416818005248 -0.007089252321582622 0.01903256693428765
47 -0.0506130078964467 -0.00017990567368955546 -0.04600997863358457 0.01747126403030698 -0.02547724445647724 0.007001172196589309 0.018295012035082728 -0.5159858966601505 0.061628436219205544
48 -0.09918711256054984 -0.0559755775187233 0.016924689222278966 0.21216697112464444 -0.020553549734591735 -0.03186136367203672 0.004054320703986247 -0.06072478382579426 -0.007571531902197131
49 -0.1580623967511627 0.2736782805328274 0.14841993353223198 -0.04423845996684248 0.03156234604791711 -0.18262293652949332 -0.04858474638515361 -0.004084742695821665 -0.06375353298459759
50 -0.20600635345098325 -0.1667491450751384 0.05974700141522389 -0.08231799518999794 0.020997822605930718 0.001329561647805472 0.002114037526168785 0.01850257562377648 0.009065830978698819
51 -0.07980564283305805 0.1288309067496095 0.06320855462228747 -0.002291335138522712 -0.0017425529572878803 0.09742199726968197 -0.25795252539174485 -0.010931830537663827 -0.04350968655673229
52 -0.17450814923228963 0.2407965950922053 0.05098037073317429 0.026628724952302545 -0.017648888478026127 0.43471631230624563 0.26436144037774933 0.02850777003543091 0.020930657624395253
53 -0.0035941837147605874 0.0019823787056633545 -0.010521736692737892 -0.0011200024266487395 -0.005225253474181818 -0.0007948188867730346 0.0006173087520371278 0.0005955296074656867 -0.031781792625654545
54 -0.12062730907194337 0.08625469886233089 -0.30511921628243344 0.009608547945299644 0.26730852438694785 -0.014305231134842986 -0.007845697670083022 0.04808758539035807 0.08667627940402674
55 -0.12945061345514602 0.07436643692676854 -0.3492275825098185 0.0009516426029970748 0.19997090395772907 -0.006467560860330369 0.00033513004644311877 0.05666781253220213 -0.025783646243457067
56 -0.10848487919294804 0.07867864066628638 -0.275653872470548 0.022517514963493957 0.37523071680296954 0.0063052060550346746 -0.005456751275276186 0.044188066173768595 0.06432068534158725
57 -0.024405735311936336 0.03655031714487017 0.017296515917986297 0.007757413413426692 -0.0012441029377654505 0.09332718584129783 0.08158730649247245 -0.0011946649346921323 -0.004447619867117773
58 0.0 0.0 0.0 0.0 0.0 0.0 0.0 0.0 0.0
59 -0.12714876936111652 0.23080935885389445 0.11902525137172876 -0.035700187646568966 0.02571018627328912 -0.16995663771256864 0.028286438092487758 0.003388955464317291 0.062476092546024445
60 -0.07773418894880775 0.10994861687335179 0.054101136598143224 0.02256148292258031 -0.0019406010491826435 0.30258806731358995 0.2065977669988395 0.01828690810801015 0.004924757246559393
61 0.0 0.0 0.0 0.0 0.0 0.0 0.0 0.0 0.0
62 -0.04103975994917172 0.05014171440347533 0.013606825023881667 0.006188122097813427 -0.0023023747815518253 0.09848167554588262 0.07187159136999731 -0.044833133801504346 -0.0610613779089165
63 -0.07108811104872531 -0.03736119505614971 0.014634450437959235 0.25536056523918566 -0.02837874507231205 -0.03623728579771277 -0.004170433971427522 0.022772354256916504 2.2474369870329478e-06
64 -0.06530173959365718 0.09874094249521288 0.04212621952308839 0.009567449796213889 -0.017852046256159892 0.20999499766682952 -0.4571621140908037 -0.012152673777753049 0.01141535757546461
65 0.0 0.0 0.0 0.0 0.0 0.0 0.0 0.0 0.0
66 -0.10882382532514351 -0.06099236833478346 0.020349395334729244 0.25993275931271853 -0.02508777842929499 -0.036953999759882956 0.0006507439496980408 -0.03485717223563846 0.008714633258052306
67 -0.18043504105495237 0.21618789603708868 0.06196232254892024 0.05264731359641775 -0.03807807663063968 0.36419582487264324 0.34467480312657267 -0.045351155952523904 -0.0014289013682937588
68 -0.17060132030836672 -0.07595347013341301 0.027112322040447532 0.4781838061354974 -0.05672669757602208 -0.060221576692138325 0.009753434960564238 0.05895605679173633 0.006921654856129821
69 -0.18917581454835974 0.08742153445185896 0.0676362965585662 0.36475860285371775 -0.05460994711055591 -0.07799352674579368 -0.009668702474176116 0.06093118542651602 0.05370724480143025
70 -0.32397724177677373 -0.2581001907865558 0.07850430527052993 -0.12296749150012487 0.027411191546968472 0.0029498215621589735 0.00792722897083263 -0.23224350138797364 0.03403183478515053
71 -0.22085633684490538 0.38352165120506443 0.19838662851918779 -0.038710417250196416 0.0325046802466344 -0.09685140467305628 0.07834418305150107 0.0062375983510633455 0.04609831063103103
72 -0.16030716405984186 0.29003809402901326 0.16055025324735284 -0.053188769960490795 0.04337208653528892 -0.2569949917199008 -0.0034705896527680805 -0.005377603075297031 -0.009746617958168904
73 -0.43043097598868446 -0.3512554589264948 0.12496707564129508 -0.16905582039375608 0.03801200245269896 0.0002888106597138419 -0.000595326466666791 0.054230024830413684 0.012122075781617614
74 -0.11645137616702356 0.0694655611181627 -0.34157961924767977 0.029864967506858242 0.43613704181635127 0.007697944645689611 -0.008974103655686617 0.04564427138311022 0.11467170498678816
75 -0.10519752316965285 0.18364961191115758 0.09887757461656778 -0.02735282739789752 0.023065365043325653 -0.11961619358257435 -0.006409508351756736 0.0023093135771188635 -0.013640672831177515
76 -0.17465736554382866 0.3121509767391232 0.1622879095777541 -0.04567928182490081 0.029610576454430243 -0.20131385806756244 0.015276481168495726 0.0022303963584074083 0.06576002404521186
77 -0.037267581228702135 -0.014726794030311754 0.00886379343144458 0.1255252240600954 -0.014232155769103944 -0.01829796212928412 -0.0030646931448838825 0.011129647981611094 0.0009766368969058978
78 -0.32928946061220205 -0.2687871079931598 0.09626106084011128 -0.14809608042613284 0.03121868875191668 0.0028558663635619933 0.003932282135145315 0.04416512528062135 0.00850880928830333
79 -0.24208566916898477 -0.20700848878476738 0.07540406914109443 -0.1449878128178978 0.029242770195375998 0.002155928363617266 0.0013588788150053909 0.023295331116547146 -0.0018162288551512727
80 -0.10960949736980811 -0.03919543278966088 -0.0041900989498157145 0.35872738548613736 -0.0025658113962593134 -0.05165154660850964 -0.008814163755197538 0.0397671202775095 0.014048150931839662
81 0.0 0.0 0.0 0.0 0.0 0.0 0.0 0.0 0.0
82 -0.06876173937259156 0.03958716561402353 -0.19459836562630067 0.020480552176544785 0.24283980729572585 0.0033955823739219254 -0.0007512094244667939 -0.026519581005892294 0.02342916645075704
83 -0.08782336041577195 0.05109272184047332 -0.2620848039823093 0.024351487997678063 0.33988862317506546 0.008080062156484644 -0.007367030570310298 0.04512181414628179 0.081277758748664
84 0.0 0.0 0.0 0.0 0.0 0.0 0.0 0.0 0.0
85 -0.09393621598715923 0.14117507140855862 0.0697852437769387 0.03238418298872237 -0.008705698276935923 0.3818353501724801 0.22827184826495797 0.017082400396450908 -0.004909083199976541
86 -0.06833705935299077 -0.02322444494420197 -0.02922043514434029 0.03416979241774563 -0.0016901862435676907 0.0038260033837185957 0.02269026581330098 -0.4781264085829787 -0.023124291963918877
87 -0.27151672952737177 -0.2200426035227077 0.07537898280943728 -0.10054859008551492 0.023381980977410136 0.001852317356565443 -0.0017266650717725964 -0.003757371908715325 0.01171336996078169
88 -0.015038098785709312 0.010106550063738493 -0.02053682613771695 -0.00040991964881372526 -0.009683509739373932 0.02210943526196925 -0.03003335234784925 -0.008626313265662062 -0.1629237829753491
89 -0.04670673367312946 0.06599392750422775 0.028988957761211454 0.016667599614172038 -0.0008418258873127722 0.19089767805308774 0.16270349792787428 -0.03255574462534682 -0.0004074320388694893
90 -0.24486426897801356 0.4128440332657952 0.1733926014015798 -0.053901886648262426 0.05746052359372877 -0.22080109900703848 0.07483321540865985 -0.0016693849533497894 0.010857185187333787
91 -0.09630939486365789 -0.03965558516485081 -0.020754443200988106 0.12576167811034997 -0.01464552365483979 -0.008293129393637832 0.020001094901462988 -0.5866600422295608 0.04815995586337979
92 -0.27165082812614416 -0.22694039512488565 0.08037238338447673 -0.1526430023608129 0.029998823745994926 0.004603112498083924 0.001536619022843587 0.026570414934013936 0.00045600101509389926
93 -0.04833414427747139 0.028357294841064785 -0.1473787128287943 0.017419242768277627 0.20577690397797543 0.0030369827249603545 -0.00454416621397501 0.03004747818426192 0.060419663480143736
94 -0.11518122559814051 0.07407753291462103 -0.2680336927770673 0.020121212213122103 0.2253774917250041 0.05304716496948223 0.04299566168151702 -0.0033657492405090353 0.023201016838924865
95 -0.06069197486420678 -0.025343716371674204 -0.011950560669257416 0.04165765601609457 -0.0025223920241104823 0.00252391896932722 0.011875754164880866 -0.3935881579553495 0.04784262742443883
96 -0.01684203130956731 -0.004992810503998433 -0.006520253958763101 0.01074873268630166 -0.0023981433245321643 3.324879490698432e-05 0.0063798807357569225 -0.17907416143820779 0.0190675885221063
97 -0.14259157559021393 0.2526135046336989 0.1373563810915667 -0.04091058127379432 0.030859049755610653 -0.18340783977227398 -0.0029890823229774856 0.002394800749158654 0.0017283277859808368
98 -0.19713888529085874 -0.1572288551273368 0.053388937825366724 -0.10335053119746573 0.016890600754529122 0.008604503815099536 -0.00010313688835509567 0.01862548218037606 0.00174099907321386
99 -0.28695343367677645 -0.1808887379307466 0.07045462741298476 0.5204139430646497 -0.04804616579889117 -0.07767350401487173 -0.014054303458538638 0.07604944301668705 0.005169696479631906
100 -0.09063375107051555 0.15738271776567223 0.08754081257870278 -0.025285457441244247 0.021008491382724735 -0.11467947173534815 -0.01691940226988188 -0.003415290774125943 -0.06803610242220495
101 0.0 0.0 0.0 0.0 0.0 0.0 0.0 0.0 0.0
102 -0.05656811914844008 0.0867229819723308 0.043528970625293435 0.020685551844117658 -0.005321496247603672 0.23518549594498672 0.1927757028842213 0.0107901637725603 -0.005587409306372208
103 -0.14185041416894884 -0.03606400102507208 0.0063405020468961255 0.41057952020350985 -0.04008673652032388 -0.011094031853507293 0.04158082297622463 0.0018172360661162493 -0.008573119340916837
104 -0.15983751262067605 0.2841848204158874 0.15332009194453336 -0.04132805596820264 0.03192943158532159 -0.19152955364840946 0.024204431665013095 -3.5906836467894466e-05 -0.014719428666819336
105 -0.19771690271441686 -0.10471954443767317 0.04351389022211023 0.6077845946404011 -0.059726387953599976 -0.090270204927629 -0.011827926443673205 0.037902620849411386 0.00916743908666132
106 -0.02759937657665053 0.04330190810722124 0.022303487220520946 0.010269257863179723 -0.0024195840528072644 0.11427465957212019 0.10128110167831857 0.008970372534979674 0.00151790538997781
107 -0.1059533637454783 -0.053561574507930955 0.024090555845522693 0.36405758460855514 -0.03526354025346314 -0.050799950852922805 -0.004152417772392496 0.044630397005151215 0.003113011223473491
108 -0.294161361155427 0.47743529694904974 0.21745081992382576 -0.03465628024431996 0.012465082836477116 -0.21356249510716763 0.07191712265661812 0.010111600394720616 -0.026847990652465688
109 -0.02503719652126073 0.01233726717831605 -0.050623976856309844 -0.011010044128751804 -0.05653677997653101 -0.004051038238441401 -0.0004261610063019546 0.008772782358095796 -0.07178619054357498
110 -0.11163258996585286 0.18966276985654423 0.10466049532865673 -0.031935960560060865 0.02609804688442008 -0.11713073452749005 0.005956305018675053 0.0013050327062749548 -0.055217550226866884
111 -0.2625550750023598 -0.1723361168553819 0.0675338979447356 0.3961415666366701 -0.03576736794799407 -0.06835390575965677 -0.010732911120746756 0.05277632184183844 0.010111217743201784
112 -0.0486699898256818 0.02510446324126306 -0.13796071849981228 0.002766676745593841 0.08822927344653125 -0.002202107415415492 0.00019849302420115554 0.0023618469128058104 -0.27772759100907524
113 -0.07825100985862747 0.04310958046140488 -0.20099147229362577 -0.017718497473587707 -0.059284439539325995 -0.012776339216758482 0.013099413892171724 0.016911670246681137 -0.2969644207435431
114 -0.006359739968149352 0.002965407070642774 -0.014348435405143339 -0.0010196231859578588 -0.007139515746471117 -9.603921782002617e-05 -0.0011141736497998057 -0.0032500742043987856 -0.11252318157604596
115 -0.29205521670440265 -0.24009753463669828 0.08707922521061762 -0.11851531394359294 0.027503650520028185 -3.877107106038561e-05 0.003455799720470466 0.006070962312250187 0.008635869289757112
116 -0.025910244529975285 0.011979118990517961 -0.06264992780276017 -0.008568509263229461 -0.043986154075994155 -0.0063468129972116035 0.003217618179960346 -0.004930025323793635 -0.21952797890509448
117 -0.07835594297802208 0.11654694475598522 0.05801646118636183 0.024933695822261216 -0.0034669590749546713 0.3150854619430836 0.23435395647357513 0.024355779150652165 0.005818080476017932
118 -0.005857795574350886 -0.0018998460131892806 -0.0031123258764482924 0.003039065178411964 -0.0005694113255290585 0.00021406609937313196 0.0024969437474999215 -0.07442104700837718 0.010220740380949635
119 -0.26043260660708223 -0.2128633377605217 0.0766615626616071 -0.12503281763059781 0.023721118555429556 0.006319384808295424 -0.0007778715336004082 0.04029794616558726 0.010562220830402412
120 -0.0929504692315227 0.1032499298445615 0.0065756275567064315 0.0516858825840086 -0.007800650664080111 0.24988568216385956 0.16126880553159384 -0.03421369147228723 -0.006866360880636138
121 -0.29606227072711044 -0.22413064326754475 0.05335333194068697 -0.09440137112593038 0.05580851289844938 0.0004091190713780326 -0.0024347043225692935 -0.016522306693256276 0.02692669844834703
122 -0.05240124571210479 0.011971243780467825 -0.032053343065113 0.021545327830708314 0.01282589197771153 -0.006010547066085671 0.018357064245758895 -0.49625137764305477 0.04336132102603596
123 -0.12492130954064717 0.19025131421862626 0.0950462961547054 0.023543866700474043 0.003997807965878173 0.34486225255381436 0.2811449821806286 0.02397722792922616 -0.0074002879272307325
124 -0.10085713000115865 -0.013767025832014052 -0.04110404110235312 0.07748023386459339 0.018457526670581034 0.039768860089742716 0.04719633360726024 -0.6071319482483007 0.05518655206028392
125 -0.07307138819560008 -0.037899531305218274 0.01625180104273643 0.19072630503780902 -0.01916578602431592 -0.02562881949964998 -0.001910891036650702 0.0293148619423381 -0.005789361595307148
126 -0.07228081454477889 0.10448756679732839 0.051590561489627255 0.023442188264339067 -0.004148567598514239 0.2733464533790541 0.22945244217259853 0.017817347617294355 0.002398631585914192
127 -0.048938041576322686 -0.02346563247542356 0.009648635378549458 0.18118423781151827 -0.017432902616349975 -0.024239864742739786 -0.00048687529028825237 0.018383000250000052 0.0005078404633106984
128 -0.10135302545586401 0.18749707142095823 0.1062023005860301 -0.034508338391210674 0.026082447571665605 -0.1626105478014575 0.018006853543530127 -0.0033542397066420797 0.017719676251993263
129 0.0 0.0 0.0 0.0 0.0 0.0 0.0 0.0 0.0
130 0.0 0.0 0.0 0.0 0.0 0.0 0.0 0.0 0.0
131 -0.12495334784927774 0.22945373359872465 0.1288456274929733 -0.041246416254755544 0.03321658343521592 -0.20005753311343538 0.01548069912714763 -0.004818189737950187 0.007770487194147767
132 -0.049851373138302076 0.024818374762814652 -0.11556876514298313 -0.012070043231747962 -0.06185195582943033 -0.007678643358831676 0.005977172177889114 -0.0070994923474297115 -0.2091324659558546
133 -0.15464022770375135 0.10354762700804672 0.04497946289250096 0.03841656825087367 0.022880665596699445 0.2817860707100173 0.2369849227289635 0.03549413825751888 0.016056744777191937
134 0.0 0.0 0.0 0.0 0.0 0.0 0.0 0.0 0.0
135 -0.14063021679351675 0.0472122255793794 -0.23948479289523616 -0.04567652153114258 -0.181468997450839 -0.033006485105900776 0.02299737681837749 0.005556788472021622 -0.49099550799261493
136 -0.16283632917518517 -0.0760035152275964 0.03463751452001176 0.5462447461681108 -0.053717843420414954 -0.07617384504430108 -0.00598896160109385 0.021691552164738392 0.009209669754773674
137 -0.07609351324202322 0.04281768859000934 -0.20211176667399133 0.009598553629122372 0.14442317176845498 -0.0017994111029080548 -0.0026409217662696836 -0.046641644540926584 -0.20527845847041407
138 -0.2368284441221738 -0.17344458736548476 0.06613817652574769 0.18064463203484168 -0.010032696100061342 -0.037581768626272355 -0.0030168867938909646 0.05230296009057981 0.009887448782875948
139 -0.24812586876262582 -0.12032270139601053 0.012563907639448712 0.6611254169035651 -0.013209345131008004 -0.09514390935730355 -0.010399079954091606 0.006491775350171619 0.018369150920845217
140 -0.03228142722904502 0.01575975640798118 -0.07507076584746673 -0.0053788322735889744 -0.017520698948231012 -0.0030349060208606444 0.002057745948992725 -0.012524237031566925 -0.2533673322593345
141 -0.03248345436996332 0.047729838590250095 0.020017968334812078 0.007193877124533571 -0.010592426516842172 0.13103058852245578 -0.2409037639498386 -0.005079291506689586 -0.0009737674034340414
142 -0.086668654027034 0.13565505723781707 0.06963269896165619 0.016744150842489453 0.001546208529840707 0.24557460372467352 0.20992453575659586 0.022214152031533898 0.007940187652580602
143 -0.2800698041996608 -0.2276021447732337 0.08495259180531983 -0.07465284158063232 0.021996576091884903 -0.0034698691890066883 0.0012363925532583933 0.024751272382815333 0.011398817011279816
144 -0.12694501586906368 0.06401707402009207 -0.33257769841490753 0.007883576990921919 0.23367517596420145 0.0030773398899092584 0.0012744664610492367 -0.00545503639057242 -0.056965958249456265
145 -0.10634284204690232 -0.02463578963780363 -0.0210678159199482 0.03549144181462802 0.025637895511823956 0.04555107899007396 0.060780615836745676 -0.3560592893615435 0.04600943964702126
146 -0.12014252707348469 0.21191672877471687 0.11596736929467175 -0.038758727980536395 0.030826826846595497 -0.18384075406476144 -0.019561910590199027 -0.008300555796883848 -0.0790069167563938
147 0.0 0.0 0.0 0.0 0.0 0.0 0.0 0.0 0.0
148 -0.10007568557840564 0.13793915868626072 0.04709206269407846 0.022155545497378425 0.023163686161295514 0.2870807235967675 0.20891017691914882 0.025821572118702455 0.0007735607344012685
149 -0.004460040500947814 0.0008155470543343039 -0.00397472842943431 0.0014503322146705649 -0.0017028078400773109 0.0015032481102780462 0.0026681059836134503 -0.03757129674828325 0.00020975531762046048
150 -0.06604843214616864 0.02778303744933361 -0.1457181921498269 -0.023087667918939698 -0.13180042050146262 -0.011309751760515347 0.012323379119767245 0.005915522912747418 -0.29283680543151047
151 -0.032818992933657906 0.01756382410233477 -0.08265162511219114 0.003384425792258117 0.0521110519819481 -0.0010122787695256404 0.004326971305689886 -0.014128107498297217 -0.30571923235208304
152 -0.10286648903106568 0.036881606374735136 -0.09838888612862554 0.035363321992952834 0.030014317128203714 0.07601365972168146 0.04758736945655218 -0.5745715872275347 0.05037755306672375
153 -0.1613881579306146 0.23747981970709478 0.08901771639868486 0.02675803437426362 0.020606507194058817 0.37813956295391377 0.33425285359584433 0.03953736168658834 0.03941420232219182
154 -0.056831965829170904 0.07511324736573212 0.037836757397555675 0.020789794354526468 -0.012536235129128784 0.15673986675741486 -0.3109408433570386 -0.006409829438434306 -0.007241113490094389
155 -0.03129252549944535 0.02306924945636152 -0.050668554576789065 -0.004766567444861001 0.006840415447263306 -0.015043400738675652 0.004181905257330882 -0.014762984151263748 -0.37388556204820717
156 0.0 0.0 0.0 0.0 0.0 0.0 0.0 0.0 0.0
157 -0.1870000528520139 0.32356029071893533 0.17508334742225803 -0.053810922450513846 0.03860862099679002 -0.22392868498026258 -0.04980782278610113 -0.007742493511350603 -0.08663344266758218
158 -0.11397745442091692 -0.09607397293302097 0.03547776919842907 -0.05626948764460414 0.012334327570937633 0.001942754514398456 0.002092901313352661 -0.011498373224368003 0.007873435061710806
159 -0.11912821354516942 -0.08843526981154487 0.02941281816670942 0.05098786852387454 -0.0026800085761089 -0.013079293851784858 0.0022084065821052047 0.0012817131646534708 0.007063848815122965
160 -0.1382022476642112 0.016426833536827178 -0.16211443525222724 0.05299410613204933 0.06093228045846813 0.026579477768250783 0.038319684502059796 -0.6676566719498613 0.11436457785263965
161 -0.112460996219108 -0.0881645880942331 0.03120184271450097 -0.02409163795367606 0.00838862600892947 -0.00033263225227356925 -0.0004018775123535179 0.013849648489394658 0.009713202507037022
162 -0.03659403232147851 0.02304876539050324 -0.1057249649174807 0.0013735555334282335 0.07537137074328769 -0.0018773078991365171 0.0008155673238031098 0.019281032817187283 0.05181653728267269
163 -0.07972947927663745 0.10122036881791602 0.013938454833824745 0.030264311450506457 0.023046900814165158 0.25588071584774474 0.2200714725239293 -0.03915934645684799 -0.058348452275100285
164 -0.014721939194596165 0.021399700137990706 0.00725689327664065 0.004021821412377967 -0.005934236852361168 0.048900447471272514 -0.13125760161756106 -0.0018301466298861807 0.006743735087427911
165 -0.010446514482923693 0.003059314079248067 -0.02154113156856396 9.863745442677544e-05 -0.0016276268134741984 0.0007528390638716415 0.0034520175524559416 -0.011666043048960443 -0.14960467933909838
166 0.0 0.0 0.0 0.0 0.0 0.0 0.0 0.0 0.0
167 -0.0480363980417852 0.07031287788181652 0.02863295808892682 0.010218348856274768 -0.014002465079005781 0.18874949552717205 -0.4076492800307158 -0.010375054182627921 -0.0011710786523545745
168 -0.050955620778414465 0.07951966311038008 0.036864590985019506 0.004908807546301436 -0.008339833870218616 0.11362040635504764 -0.2670852802822758 -0.004634370284772323 0.02343023698128481
169 -0.06086208712648998 0.08917840685752418 0.0437272492305462 0.0210346676749501 -0.007294762875770972 0.2561961922847173 0.08305494296814755 0.01504400945571468 0.004683916775545803
170 -0.19726050624698396 -0.17054772306871022 0.0629684455739608 -0.12331509809752352 0.023428791684507306 0.005692629148069121 0.0012465710475927192 0.006624691696568319 0.006508380051761396
171 -0.022178460790442805 0.00782102035143208 -0.042559533823431785 -0.003662586950132318 -0.03509684470818146 -0.0020632798940130484 0.0025777137121381494 -0.0010442384388937875 -0.14105052583050148
172 -0.024386769456086504 0.03489340422856266 0.015662462373333356 0.005727408889901094 -0.006579021551278893 0.0985116236609488 -0.21002218748147794 -0.004031084432107275 0.0012466967145417695
173 -0.10267173047366757 0.14743908136734182 0.06974848109480697 0.032257377289484176 -0.013068346326162175 0.15707205891338377 -0.4463168388875859 -0.005968485688190261 0.021967536188879044
174 -0.1240162287068306 -0.09893604779269885 0.032601056069644356 -0.041780114959013466 0.00972882831669468 0.0005884374453565317 -0.0010380814565322959 0.02461036096055511 0.006073062195172335
175 -0.016749531484927655 0.02495222796553996 0.008718749986729484 0.0034417629310834496 -0.0066315698456246765 0.05541704174686571 -0.12948585387933784 -0.0036543585507565254 0.0010554107827308984
176 -0.07937475625619798 0.029952916543128375 -0.07938408912199456 0.03388953923814549 0.07017054380996775 0.06779011647017336 0.07718183850779553 -0.5531725245698742 6.586714142360399e-05
177 -0.23199801819369617 -0.19513742284258748 0.07212861564210256 -0.08394900539702331 0.0214613765984376 -0.0016931162171160725 0.000805718026250362 0.006257597221514083 0.013597395802793625
178 -0.15772209492014252 0.2741974512073087 0.14477820409821532 -0.041536509907548605 0.0267179405876255 -0.17886643939845248 -0.05876268740148046 -0.027382326028498126 0.051385659256807145
179 -0.44528374553363215 -0.3433284761376916 0.10762292560042391 -0.05993786674995576 0.020197926718124568 -0.011192907706285175 0.0019761604762201287 -0.048577685127130746 -0.05608447685154582
180 -0.01751836177030782 0.006575712907604749 -0.03513761299890498 -0.0029994189316847578 -0.03227014883771891 -0.0015128980220441306 0.0016811853404104231 0.0023613790170827365 -0.0669472967871352
181 -0.03085460221791177 0.044894785926456834 0.012847632750860118 0.004994349450892432 -0.010884104906966601 0.12864817438923337 -0.2516814983660955 -0.008007448362490474 -0.026904775829377503
182 -0.07366855305223877 0.04470804792275194 -0.2156076179793819 0.01362979847423752 0.22835342833874014 -0.0007466661018406039 -0.003016860310391949 0.017254068935566077 0.028983309265687075
183 -0.08688257037712235 0.1330849854666785 0.061115838396707874 0.022538096670215408 -0.009852783082232284 0.28393980976336836 0.22297135162409842 0.021895940471872034 0.014086875778277521
184 -0.0112236822652235 0.004456970806448741 -0.029094265340066438 -0.002162937989604126 0.0010969125672128396 -0.0012965548440649138 0.0018927513159130275 -0.007468552197996067 -0.21030435188226448
185 -0.03152267848006249 0.012417818291826794 -0.07201188042126318 -0.005683016710445167 -0.025389048595800625 -0.0035954039337593273 0.0065704373123691776 -0.019095321704664138 -0.41176144718728536
186 -0.013186938051242224 0.0006059417584291749 -0.019929257272152376 0.003920771548363772 0.021220967396250654 0.0010962228125290666 0.002808430348509104 -0.03296890658914396 -0.039806818574081804
187 -0.062172253603798654 0.03161348991386861 -0.11006466444028021 0.045520467855651024 0.11884605411222364 0.03326365260291707 0.03699542265495723 -0.0426060120485902 -0.07713578552764057
188 0.0 0.0 0.0 0.0 0.0 0.0 0.0 0.0 0.0
189 0.0 0.0 0.0 0.0 0.0 0.0 0.0 0.0 0.0
190 -0.1465177079791228 -0.08021965673590549 0.031247133027993163 0.41018396165147947 -0.041655506929791676 -0.05841149746333798 -0.004475090733462102 0.0009054533152839431 0.006314358936318515
191 -0.0738775631327138 0.10589774408143507 0.05079398090892689 0.01864354682669471 0.0007596493782952244 0.21955957639561488 0.19379886411843583 0.010910511040273864 -0.007363053011240993
192 -0.11664610998785437 0.20037913179570557 0.10818234398122321 -0.027627803892596066 0.022429418485982122 -0.09558069659767676 0.008904221466825216 0.0017296981297518475 -0.026817412559170115
193 -0.01164315495755208 -0.006080791452060215 0.001618233330983912 0.03707091424186816 -0.004535374087513619 -0.0048559423536059625 -0.0005743089424391571 0.002898699980508302 -0.002233048883632471
194 -0.01644725609724691 0.008245202074249773 -0.046805884543588736 0.003273888483112469 0.05615350070333916 0.0029937319793706557 -0.00016232277035568783 0.0075045805555808195 -0.006520497964808743
195 -0.018842007663101443 0.008740154310294866 -0.05261198541241612 0.006449049048517386 0.0608581554161379 0.0022764537292744445 0.001996785789689938 -0.03931807648263029 -0.04091434956723278
196 -0.014771627062757498 0.0072911541558188225 -0.03921249767825683 0.003094975064790797 0.04947786936562606 0.0016322679506647337 0.0008216970618653099 0.0013810404651840235 0.00571706681057668
197 -0.09014718981974276 0.05405954632532602 -0.263492191874689 0.01861686177437316 0.288912378894838 0.003211761514379079 -0.005222276971184038 0.03239942276446128 0.09937540967207817
198 -0.07828807054387699 0.14057334929178666 0.07455352183099621 -0.023009631621185227 0.017672216052736806 -0.11247440267021312 -0.004369338604152861 -0.0010167262444172374 -0.0015587107552589895
199 -0.31768332830469276 -0.23378441903061234 0.09125392218010714 -0.06584072410139429 0.01901815922185435 0.026331486442652735 0.02128073849720421 0.016750603554931763 0.015629266749420015
200 -0.23939093977802595 -0.1277174685712136 0.06619205605629751 0.36443941599911844 -0.03023008347068947 -0.004589982374783452 0.036503839095065424 0.05861610275774218 0.010067743543223618
201 -0.22413630344549348 0.1679213571000473 -0.45358016451246386 0.008980791891271154 0.3465628259393669 -0.06713168311063854 0.002487241933355756 -0.06711834744607797 0.02615688619985197
202 -0.05972077821015193 0.037125295360433096 0.0040564297711179 0.0776125733516833 0.004333084770861791 0.10373373644085836 0.10402426200832263 -0.04356739653724129 -0.06815361452074639
203 -0.06664008500629039 0.007790412489834611 -0.0956797712693001 0.02396151888918799 0.019488492406504757 0.0041641416040128585 0.020077687599761092 -0.5148341058442641 0.011920567717084987
204 -0.13665736615839522 -0.060233572377435624 -0.00711338673101181 0.3336804585413481 -0.04322476499268699 -0.046929361672839745 -0.002025967788612258 -0.051602774876875895 0.02101837587896732
205 0.0 0.0 0.0 0.0 0.0 0.0 0.0 0.0 0.0
206 -0.029273849230437854 -0.0014240566847342556 -0.022955169797859675 0.01310334680527403 -0.003442510213702435 0.006534730800778569 0.016827135796915 -0.3840586689456825 0.03457970344279976
207 -0.11318293895351028 0.2088178318550915 0.11729272938252003 -0.03796057320950341 0.029596881022427413 -0.1842683414024965 0.012369477779416277 -0.004668066985857207 -0.012542770704399627
208 -0.03978465347037496 0.05832851129765876 0.025318300040806308 0.011795189222392309 -0.01227373665304963 0.16716913091251692 -0.26146513777664615 -0.005634875144372707 0.0015768733631917507
209 -0.14164191781749833 0.0774734510832899 -0.3868591041740287 0.030425405553591692 0.37131434922228773 0.0010568706625557957 -0.002794713932811252 -0.06900306058625459 0.07447320099419816
210 -0.045927088883141585 0.054958371063535814 0.027293883356091304 0.025378468137255368 -0.014912060902177749 0.16281581401299802 -0.3184063859006987 -0.007364244094521741 -0.0017009833703038246
211 -0.10086565108661977 0.06813590150738748 -0.18644634045766295 -0.01667690268983268 -0.02847630859966459 -0.018315217347239763 0.011665510102646694 0.00784983241883237 -0.4160418326958157
212 -0.09670315463198194 0.05696078570144631 -0.2860599156573692 0.025461878332861308 0.37204071192555993 0.009449638027080941 -0.006350594662001503 0.05078332280884793 0.10058545605113471
213 -0.14871813583036417 0.08679272831932361 -0.43161412322593834 0.04230721607833982 0.5554880182871462 0.009926947939617157 -0.006392458504002273 0.014942313144635476 0.13326219630989342
214 -0.05563288761005022 -0.03740325378071409 0.00685030184276329 -0.011964911453860085 0.002030904756606031 0.0009994562645256303 0.005561129504892339 -0.13472305482963662 0.018087520077082718
215 -0.19510855714972639 0.309131458034243 0.09577485329113453 -0.06351877151817328 -0.026086465096856727 -0.26521926527291645 -0.012815567367506556 -0.048806436135231474 -0.059656042090077445
216 -0.05831474178166281 0.08441045582591448 0.03379552534885061 0.012139255469547682 -0.019993444915063795 0.22979884093452854 -0.4765241005210745 -0.009607972355393036 0.008266033069223765
217 -0.15548361001511024 0.2571240653069333 0.12457914396758635 -0.033654088216826326 0.054666006871743264 -0.11432421495670227 0.02072895054821211 0.005230022223700017 -0.05222575674950274
218 -0.03137706659333516 0.012391443659329907 -0.0733807370240717 -0.000127660736805588 0.01938243617982393 -0.0013372711038542116 0.005406356418075226 -0.01724012187149817 -0.3949759660244926
219 -0.14125814006427656 0.07403609772322023 -0.3775826702247168 0.05366423117416852 0.41748063797341156 0.0030924933587721877 -0.0068078010719056425 -0.009619680320975939 -0.003073693784469139
220 0.0 0.0 0.0 0.0 0.0 0.0 0.0 0.0 0.0
221 -0.026750587792946198 0.040912486601233145 0.01722801014633461 0.0018682406948251368 -0.005484198918458161 0.04610163187325844 -0.14622318359560801 -0.002032808611791194 0.010162488726739662
222 -0.007445271150731976 0.009947350245997173 0.004656405879184925 0.001676339700201518 -0.0021909382676907974 0.029176556366808687 -0.06172585053730774 -0.0016572452935154024 0.003201381032493775
223 -0.08615326989657761 0.047899679691741574 -0.25024909850861793 0.023531016223619135 0.3121848953081044 0.005599332488785788 0.0005969233517253322 -0.022731574218412872 0.010934639001138806
224 -0.11690842717777604 0.08053070080950574 -0.2773197277455591 0.020340352339545665 0.30576465001639963 -0.010645509316286472 -0.00516150811007235 -0.026031955471404977 0.02341407004805707
225 -0.05403878575847069 0.031125804993466098 -0.09197127678038002 0.012610900252246827 0.08312975772744272 0.043078806900890734 0.037076007881374676 -0.08681404244837881 -0.14425914773143267
226 -0.022212575508729276 0.008131934799746481 -0.04379625901512507 -0.004983092857820477 -0.03721410800455997 -0.0031666904393093114 0.0030424646361220517 -0.00016811674860503687 -0.10732489402293191
227 -0.25148956986110127 -0.20702555660582056 0.07250178085913264 -0.14243156055902537 0.028319645566352778 0.00890471745022193 0.0024934446356568917 0.02756343499365754 0.007201673341654881
228 -0.11169200421663834 0.1683822630123542 0.07925031225118373 0.01293891643199327 0.0024489222249405827 0.20643696138642909 0.2236309045226379 0.018987224757747088 0.021928980565081576
229 -0.02564378214848815 0.03808506277903403 0.013692614302763355 0.0054992226035832795 -0.009605634421814006 0.08443218973031792 -0.21561165398134363 -0.004647302774935796 0.01063485977476614
230 -0.17105135878551267 -0.14055885704114873 0.04720564997644513 -0.10518972675440745 0.01872666615295444 0.006354835785173224 -0.0013787075628018978 0.03146218326283558 0.0016341101571176056
231 -0.0615783246834272 -0.015049149599944111 -0.015783235545024532 0.1782393558751494 -0.0507581103797036 -0.028680223984338032 -0.00034106925414493773 0.02522032920683941 0.017637058230700157
232 0.0 0.0 0.0 0.0 0.0 0.0 0.0 0.0 0.0
233 -0.1028606805561417 0.05980550018995222 -0.30221539495705685 0.02641165245787561 0.3735998106829003 0.0050368022606052856 -0.006408452741547874 0.0516331849427651 0.05679897705426156
234 -0.0847512972656771 0.12693835789212118 0.0645459214232343 0.030055883362418188 -0.006072578610368734 0.3436947217762749 0.24927798947772706 0.022783306108114857 0.003417550835091503
235 -0.1058103174339086 -0.05717921565627465 0.025026832980676594 0.3054416214578971 -0.02964327258407481 -0.044521216923032035 -0.0014726331970063287 0.040889519245522414 -0.004597972529072695
236 -0.04712237626937818 -0.006311740359667243 -0.03255201062962776 0.029656263228770477 -0.0019473137532857192 0.008341388895712362 0.023859615393129124 -0.6197691438068349 0.06731227799364424
237 0.0 0.0 0.0 0.0 0.0 0.0 0.0 0.0 0.0
238 -0.01895528494362528 0.010388718684262412 -0.0516665248114186 0.005279317779908896 0.0566991404281034 0.0013375786901539787 0.002243318513387907 -0.048122910605556304 -0.0871359072423852
239 -0.339881875864725 0.5394997509309184 0.1929551884170004 -0.04111527112360309 0.10578627526832135 -0.26811656829426866 0.008392035833510184 0.017574319545347588 0.020048264661950307
240 -0.12121515528791495 0.21093128886616969 0.1152955097099639 -0.036607038049501765 0.024695199979599274 -0.14972568927395236 -0.00760363389809126 -0.0018632067926345685 -0.023079174900386492
241 -0.02304108818827351 -0.012236929913743448 0.004110576594166194 0.08373992798440048 -0.008691285810713528 -0.011336876084238365 -0.0031633691402224 0.009018583904065005 0.0035004217111539388
242 -0.13043024381867122 -0.07446095850833444 0.03322777714734559 0.3283417792060659 -0.033980981667270656 -0.05018630238913143 -0.005699182175344071 0.0338973928027728 0.007669832935715472
243 0.0 0.0 0.0 0.0 0.0 0.0 0.0 0.0 0.0
244 -0.017972720715819405 -0.01489501587496863 0.005236339500843899 -0.012398287686931145 0.0032045289303663923 -1.065102848871171e-05 -0.00011199546950839271 0.0019391956296619106 -0.0008801820542325926
245 -0.07941352116531328 0.025583064677384363 -0.03816869020597231 0.059527712462537234 0.019990635700259787 0.08662178195018211 0.09671981908935219 -0.41440629035015214 -0.06612604912566082
246 -0.025495862507011035 -0.007253168454275577 -0.012576722104822167 0.016664148800533116 -0.002034237171703671 0.0026279915520104474 0.011464860750545404 -0.3015473665861729 0.024733865442918314
247 -0.06799460306329953 0.08216873753880657 -0.019635220777782677 0.00710442594725925 -0.014808090535214896 0.2056621334138059 -0.40377320446771475 -0.011289501704346824 0.004739394024779748
248 -0.293194918640125 -0.23549602427378094 0.0913278134069285 -0.12365239662161764 0.02645284944943803 0.011267036610055943 -0.027956734896618433 0.03568493614893433 0.00781804528858096
249 -0.11776863434025947 -0.060068175075846685 0.023587038742868726 0.4099958497030273 -0.04200967046266287 -0.05875283987680522 -0.009852246500517378 0.03635590235459486 -0.0016385296927251144
250 -0.001214684479771477 0.0005505203820599265 -0.0032543583838246107 -0.00028365249828084347 -0.0019890243736305803 -0.00020740203951765025 0.000379184539083415 -0.0011220478549210926 -0.030638290596588326
251 -0.048038677773145154 -0.02377889869663687 0.01092590601243865 0.18192945121131257 -0.018786749605390007 -0.026362693486430302 -0.0014501316764173667 0.019140762896475316 0.0003391678970367744
252 -0.3072641488842438 -0.2527650989659068 0.09135943186226565 -0.15181905920338631 0.029206317113260723 0.002903273481468112 -0.0037241155080052907 0.05256750893905268 0.004036351310238489
253 -0.01575169046982101 0.022899032846483074 0.0075661182059547 0.003690174674630119 -0.0064127529467772025 0.04502999671211834 -0.12110307640492167 -0.000931981674770634 0.008352781106176817
254 -0.04368565671147851 0.05794349194699584 0.007162549544259717 0.008846409376268896 -0.031620050512814336 0.15571365959623065 -0.24716140566870565 -0.00253884181944474 0.012523790152761354
255 -0.08679447113532496 0.11939317278942127 0.03015373176325064 0.013104132718957091 -0.03965808971689795 0.3062925932742175 -0.621434782477344 -0.012965322669576994 0.008630643296510806
256 -0.20936343937644966 0.11919148857744763 -0.5889127387964871 0.021821948868486166 0.474317423607032 -0.0008486026053577805 -0.0021464219376142145 0.06105993257776819 -0.04400276333831053
257 -0.05861309127731036 -0.02992440423883636 0.01314083914274679 0.20492821170494607 -0.02143041961663469 -0.02769453227417205 -0.0038489857784730235 0.026915306121277863 -0.006291245264115471
258 -0.12375431905559907 0.08685421518015501 -0.29045225774357275 0.027946407757264192 0.3282169112705936 0.0767760805098204 0.004854144535113855 -0.006029744191447676 0.05715086261434078
259 -0.2306708518476471 0.3977275653750938 0.21325049833429688 -0.032727317487586866 0.03960023584593013 -0.2863839979649669 -5.483125697476035e-05 0.0046704748527816795 0.057870964603992034
260 -0.1158089635178825 0.08513723856148094 -0.308531723198303 0.02704971376516887 0.4191037224883538 -0.01011261296648611 -0.006691599097618293 0.034922417572851194 0.09813445071369298
261 -0.039075303676177925 -0.033968352963917335 0.012369097923339487 -0.025995672619613563 0.005165976543191914 0.0007241708173287183 0.0007375064227892623 0.007571435043860326 -0.00227147292011114
262 -0.19608629363975807 0.34077071959023636 0.1755189270570916 -0.05009490549509219 0.03230721104399929 -0.23517794792368293 0.013056200641847685 0.001570842561461922 0.027529512571693886
263 -0.17911365661404857 0.24460522756214162 0.12147853354661924 0.0827133763492263 -0.013778028945549687 0.36098143974957736 0.30451905063161827 0.031737534720992555 0.021715662617224223
264 -0.04096289020145657 0.036287619896097106 -0.013876819606328297 0.03684420621301821 -0.015668328332815156 0.0838110664231693 0.0837149569234655 0.0006602492869661951 -0.0018973908153920023
265 -0.09396433036987553 -0.04789436929079131 -0.005830907753810831 0.07724000637911135 -0.0011954117108734746 -0.0051506164811211215 0.016525196398152257 -0.4543043442044022 0.04676625940762703
266 -0.13292937947770553 0.23857158346358834 0.1300203680686823 -0.04087480488453342 0.03009050189695493 -0.19660282410252072 0.006961191467050839 0.0009921855352406903 0.041080907091391526
267 -0.02148533863432879 0.010836580863150924 -0.05435116901187216 0.0029481080085545963 0.03964705286155908 0.00010478509716841079 0.0013520018752375125 -0.04482871025074679 -0.12374250189382566
268 -0.0427916853134626 -0.00852600273372716 -0.02510857389488136 0.026743192911565405 -0.0004188531273983537 0.0056283935254511815 0.020341861307946664 -0.528238321501432 0.0472839073962842
269 -0.02606932907058263 -0.01957201401745176 0.0035526642513706084 -0.01153468452895031 0.0020217637839608626 0.0011832353964736906 0.0022943263950776483 -0.044101123898038413 0.007476304092267471
270 -0.0555848764381001 -0.00900339656482937 0.0007280922966102999 0.023047602134177097 -0.0009366607403010906 -0.015562821333154129 0.012375851891310631 -0.25269809134128846 0.020064428099023694
271 -0.014881452414618511 -0.0016147912371680141 -0.010962450501754014 0.010081459815159215 -0.0019528298797030217 0.0033884761102526972 0.00971829535039686 -0.23048255683332275 0.027063560056539846
272 -0.11666406141082587 -0.0550341194088299 0.02534288610909901 0.4041453797413894 -0.04032643997548055 -0.06009408686820069 -0.006951106627542323 0.04904319247159287 0.004581574899359173
273 -0.06194079638089635 0.04833168519788013 0.029806947671914552 -0.004772139526003306 -0.010168324523124368 0.15051191151958163 -0.3728087204655215 -0.00628695493881085 0.002684079187705987
274 -0.13100249742360717 -0.0590468737891775 0.007530549255999446 0.3844100580466278 -0.01308890565615236 -0.05682724560381168 -0.0035793714784551553 -0.0021931214786046 0.009958750963446074
275 -0.1788236979287887 0.32282481374065486 0.17780278319498127 -0.05078780787574682 0.041066524898065074 -0.23352683769025556 0.03972333050195063 0.0002660817854811182 0.021197527742768455
276 -0.1247885905878389 -0.05539138885673044 0.03041904007652815 0.35752216028778805 -0.036084810480395156 -0.018712628695119443 -0.05927973952523404 0.03917216930747526 0.0028257682708254196
277 -0.05169676879829308 0.07531765997475173 0.03061576854813857 0.011751992780661007 -0.01873850832160292 0.22202680392130655 -0.4304748857606977 -0.010054813672002293 -0.001347894284055537
278 -0.04770735683020311 0.07017891203741985 0.030854283012598707 0.011933984085638595 -0.012959655987470878 0.20190705483315008 -0.28407483392186494 -0.0043127545333973855 -0.003923563340265242
279 -0.10508232304949151 0.06188587213617602 -0.17411813468477533 0.00322349340218052 0.00765547876234172 0.07194859056220698 0.08663252922178664 -0.07522653970483506 -0.44726665103490987
280 -0.020256256841887452 -0.003109046322395092 -0.013602081741910806 0.01318243878914959 -0.00017320910150833992 0.0028674026931526774 0.010522455718680577 -0.296114508278061 0.03693931188303574
281 -0.01947886182036569 -0.004550448358372157 -0.010547184445400043 0.010288428403273061 -0.004680503385987413 0.0014925583727391687 0.008951472874803556 -0.24711551340239554 0.02904545683923815
282 -0.057568031900368175 0.07850616106835713 0.027578543160710102 0.01223481152234797 -0.018288019883385877 0.20782455241880107 -0.42246407564622435 -0.04654071430190329 0.000383995465594477
283 -0.0016640150764690002 0.0011754824692180193 -0.0037408898433982174 -0.00042047088433021717 -0.0016415062272904422 -0.00014356483920270174 0.0004622115957948516 -0.001273192001936219 -0.026258436392276673
284 -0.013863024248588877 -0.002232710765548748 -0.007839265081949884 0.010835955837847872 -0.002211891528832215 0.0030703290569335687 0.006422336825312303 -0.19015426716968745 0.023173911318932587
285 -0.03448141709614282 0.05029353267247274 0.024669427694575294 0.014830628208681603 -0.004037873573448572 0.1446544170879827 0.12356303270107687 0.006249419347780205 -0.004159856021595235
286 -0.04751336100379183 0.06978929658098787 0.03167563495747276 0.010267844886364676 -0.013752260456296208 0.1905724368816335 -0.3105530643100693 -0.006774599461411156 0.004006965534788292
287 -0.028621720163675667 0.039663890470386924 0.015197807340939607 0.006922903247903677 -0.009535197037270099 0.11875189248664798 -0.24406726590109845 -0.007553563403903614 0.004744643545565671
288 -0.20161136660407156 -0.15610195904954785 0.056700401027752534 0.045060733324771965 0.004003366860325034 -0.012004185698554394 0.0008935671833753537 0.020425731996953255 0.006032765278356305
289 -0.08162820341147091 0.043899729016818136 -0.18574522405944435 -0.030924983340707386 -0.1976727681548664 -0.01896841300545548 0.013149273348334782 0.020867739599370067 -0.059132220277782525
290 -0.12958576373382746 0.07047680008694099 -0.2650893566744296 -0.025306202344290426 -0.33199347720380007 -0.024584970255931753 -0.007220145431277376 0.04841130451644327 0.09663151843975454
291 -0.09884122635964705 0.05443765563691927 -0.2326827227586674 -0.04802122391385876 -0.265780605341506 -0.02533264764104318 0.011911772236798528 0.02091079055770617 0.045646371377088935
292 -0.24196541976882652 0.1518762873313915 -0.4941671409874928 -0.06831109668626105 -0.5040149208041427 -0.0579980601933007 0.024958361495483476 0.039447403807247074 0.11373188937727931
293 -0.16898892940406118 0.0986380351616296 -0.3956786873089419 -0.07303769374666291 -0.40660192564272796 -0.0390558517750885 0.018517349902762846 0.061621147191380336 0.1432249714053465
294 -0.1536033903242431 0.08536517827963289 -0.347516029519845 -0.0565159278646841 -0.31992325070844335 -0.031867999148538335 0.015974588176730396 0.02712071181633337 0.09453555853152625
295 -0.170248083937582 0.11496320170142127 -0.24044482969722675 0.015309713848301258 -0.2514293921489421 -0.013868688140641783 0.05572587575136146 0.04206664188880735 0.045321016524883614
296 -0.1375073201308405 0.0749983078958844 -0.31627489614627013 -0.05792599217083603 -0.32659249189118883 -0.03022858590585973 0.010983592812802387 0.03850603333138274 -0.10199138946991686
297 -0.03764100084496396 0.02068033430659839 -0.08664869777981246 -0.01870410260497447 -0.09770262943492412 -0.008226861483138552 0.0030456298157816616 0.01536540009505584 0.02153317075045593
298 -0.1226025234228272 0.06911635083651033 -0.2719680179141465 -0.05458226269127367 -0.3398792133019253 -0.030016774533072325 0.013553471329465258 0.04413977208117185 0.11511773955817818
299 -0.03426280763111232 0.019823511557519567 -0.08321955222864821 -0.015377239820073732 -0.09505436593477101 -0.010094189133334241 0.0038895328996329842 0.011649844586842676 0.007336688537474118
300 -0.060300735415039594 0.023461931641807144 -0.13049351741893064 0.01861677281164222 -0.021449055889675057 -0.010681656603509069 0.005947487393573355 0.017396941751005625 -0.05432006396961761
301 -0.1496473069790261 0.08138136088901972 -0.33054301280004234 -0.06656917910348478 -0.4021615230578556 -0.03422660787756356 0.014806902109852397 0.020886257639266857 0.11710709814502859
302 -0.21803413284061882 0.11883308185991 -0.5098914746310947 -0.07149843947432945 -0.3225214694376265 -0.04206509543037327 0.024151462087617783 0.06034600380962548 -0.1105821478407983
303 -0.13793948059730357 0.07748655602401376 -0.3261399292935303 -0.04307990441740479 -0.24584937965596132 -0.029887149046551337 0.01711627664347241 0.02281494979379244 0.017111991338758636
304 -0.2417590668172349 0.1517681412713391 -0.4944200648751916 -0.005668721586828208 -0.044156222781451766 0.003590623784564051 -0.00022363996200655835 -0.0184749167507868 0.09960662466871256
305 -0.11363947567169037 0.07582238663946261 -0.19425501788934763 -0.027875143067672165 -0.2254130107194069 0.052348049484911105 0.05449791208149399 0.03347318968005799 -0.07607474263581088
306 -0.1323492085397031 0.09545273089168538 -0.24416859283075174 -0.0562597746255952 -0.32021979872689543 -0.04164481168465387 0.014598724032940947 0.05831711514903641 0.14455014170053007
307 -0.1431777204521235 0.08375921773681427 -0.31274916192902585 -0.06189346559833828 -0.3849218701402415 -0.022637307424586018 -0.019852757142180995 0.04224290470136334 0.10762651740761081
308 -0.15619155928639483 0.08516529928132796 -0.34873067035934857 -0.07386692652422831 -0.4091696576478197 -0.03678632732692936 0.016068364188440078 0.051033297736635 -0.07380216154216968
309 -0.18207434643771492 0.12592763762331854 -0.37676941002035014 -0.05887489052949828 -0.33640488428564214 -0.001385172798067627 0.010982061797066706 0.07508774721378372 0.0692886264568324
310 -0.040228139959695604 0.01902218019448008 -0.09085093608666457 -0.014944049784446821 -0.09318176024222832 -0.008088512886227311 0.00709051469645703 0.006650015496709753 -0.02909256650509257
311 -0.08160837135307458 0.03956786073468115 -0.1829804803548901 -0.032159241383081724 -0.20359802326808604 -0.01393814331199693 0.010804353589513397 -0.015246048758290356 0.002529934998517792
312 -0.1948173023553508 0.11071653062878185 -0.4471626975593725 -0.07279707273897751 -0.38035805920353793 -0.04007472585044584 0.011587114709838062 0.056487064031006194 0.1390368898879117
313 -0.08377485776106634 0.04586693545130025 -0.17905265918995744 -0.03618535825195615 -0.2164683747252429 -0.002061772694230935 -0.025546079878460432 0.023467837570553388 0.047478092590639315
314 -0.14955815181312296 0.08540426032825311 -0.3502885237958176 -0.06305535325975012 -0.36444988437023784 -0.035020105479713584 0.012965795300634892 0.05628136229408046 0.13441023615777287
315 -0.16449080925911144 0.09016665887882366 -0.3697214191436892 -0.06525299432529623 -0.38932610139108603 -0.038992483708436894 0.01988752558663144 0.03774836886729779 -0.15185832116410197
316 -0.1918632371396083 0.11938643855492392 -0.41290816174692535 -0.07434354668951196 -0.410292931353359 -0.05678020540940377 0.011542691587243055 0.0617684161313663 0.027718390791799143
317 -0.27346720400354846 0.16182885120379162 -0.5651424301748383 -0.06650807228013449 -0.5060309419967665 -0.04547278052715066 0.034842915656453144 0.06346041684568571 -0.06344903368973821
318 -0.0763030731389144 0.035052279008026245 -0.1685113888209803 -0.03230544338147862 -0.1847956023788028 -0.014998487114437763 0.007708438513977631 0.01801322370928724 -0.11001365530081743
319 -0.09823580623275957 0.0502331870224573 -0.23253159923562355 -0.030959670564630105 -0.17457571540372327 -0.01889434858686914 0.01473987104292598 0.01801244468197902 -0.18573144290227567
320 -0.20653388601487913 0.11766913681758229 -0.4684571276681273 -0.08696247730541232 -0.5243194432133996 -0.0495258846230889 0.02001204294278904 0.05864872105531839 0.10277609703029181
321 -0.12780442761582367 0.06766438979361632 -0.28805430093965045 -0.04541312001872471 -0.248324056768495 -0.025570659455254347 0.014871670533470892 0.018033007406371534 -0.08775989424060356
322 -0.14204710330093057 0.08384312719153425 -0.3049647947890077 -0.05123836127714988 -0.29293315694523603 -0.006159550470822707 -0.02250738502003455 0.048040412320445036 0.061405063479551526
323 -0.17381303831615968 0.09057960592837054 -0.38217276718396465 -0.07217146420762975 -0.410041864179972 -0.03780571484571513 0.02025895664800962 0.04175365374862774 -0.10930754642914949
324 -0.07397596140483433 0.04274355526614156 -0.17716041172312683 -0.02612571006879006 -0.11961801196087476 -0.015834606780961796 0.005381538530676701 0.017038052767118686 0.06298827138120212
325 -0.062245979231627356 0.0328201768643746 -0.15560462137322603 -0.009136982756685551 -0.018348725444243125 -0.005852108131763672 0.0024374950794316666 0.011925865169569321 -0.013000082654614706
326 -0.15699212085338374 0.08409546645549569 -0.3711744440330488 -0.04370836950908386 -0.1786924388129289 -0.023439465148861013 0.014278433575634275 0.04225470482034532 0.0641748739335969
0 0.0 0.0 0.0 0.0 0.0 0.0 0.0 0.0 0.0
1 -0.24851053507590196 0.2788452537084978 0.10921192801600223 0.15759734272737252 -0.02458325179400832 0.4231234961653224 0.30840731060139925 0.06322097139043907 0.03514056975364064
2 -0.015015465370405462 0.0029414748390784963 -0.02020830481949196 0.002327812341316028 -0.021630196860829072 0.0016434703803172165 0.004423380070126078 -0.08296554162682453 0.013482543977702249
3 -0.48752649355277716 -0.32980837260918155 0.08973169021419258 -0.20223957392606143 0.005408774999442433 0.0714469505775674 0.015260856449714295 0.05662552563961133 -0.014817453478918156
4 -0.07723307907684945 -0.04716835646569071 0.018781137275724582 0.14025495924898923 -0.014276547680817535 -0.01917612887618295 -0.0033671557922006277 0.01777077972580121 -0.005862477616565115
5 -0.3875211445382225 -0.3175917456321038 0.11281725090809953 -0.21088536016471238 0.042302810618511044 0.00874230790391775 0.0011682412121929195 0.04047390641678733 0.004574447923474321
6 -0.08046355228239581 0.02598174332064734 -0.1763739848304055 0.03730167535682892 0.07609313557781562 -0.0052111576048511354 0.006234196291385119 -0.011384575240452166 -0.5517412068935645
7 -0.32096240414827387 -0.26718790955972327 0.09443986744204885 -0.1865042537324313 0.038098900153374415 0.008786773073017912 0.0019978977530607425 0.026584945189199495 0.011530620422266024
8 -0.10309771944869273 0.1447177222575318 0.07273427467497849 0.015009015603851372 0.0013922931325879605 0.20191239255681512 0.13402455748877432 0.009556338770714372 -0.0167836124909662
9 0.0 0.0 0.0 0.0 0.0 0.0 0.0 0.0 0.0
10 -0.07400998908918986 -0.02616558935007216 -0.02631207171005871 0.08693553847753317 -0.03597896332191814 -0.012316125187246112 0.00774499735550259 -0.1178609089025013 -0.06372089294003544
11 -0.10058709928760325 0.06091713822018926 -0.3029558040008799 0.028689292628455203 0.3877399602309157 0.006708083114785358 -0.00829526008491472 0.04527281117179232 0.072283825348449
12 -0.15747246510377824 0.06570470943050144 -0.39560816315774067 0.016296225934823213 0.41573785479968406 0.0062872940382731465 -0.0019487076365839874 0.041382028822405346 0.021954299837025334
13 -0.157860285619306 0.27568966208270484 0.14374629118461385 -0.041410192710758256 0.02682254602978737 -0.17111987056973268 -0.007153470474776096 -0.02422951808629269 0.013868395739850253
14 -0.12366498251037678 0.0688127659673686 -0.33044872013498133 0.008523620583463051 0.18200797230433235 -0.006129366709072996 0.0027575578641236345 0.018293676960128714 -0.20328559501157956
15 -0.4646226241237591 -0.24305989222745836 0.0852578201565062 -0.07155469906667716 0.02884107141324921 0.04371731279840267 0.0315755942588803 0.04244137049258722 -0.07520749411460216
16 -0.08215575696203214 0.1295601357053361 0.06770907347363647 0.01985844463623135 -0.002082826112251982 0.26349478067329857 0.23051956862498335 0.01893049787580098 -0.0021109844018633753
17 0.0 0.0 0.0 0.0 0.0 0.0 0.0 0.0 0.0
18 0.0 0.0 0.0 0.0 0.0 0.0 0.0 0.0 0.0
19 -0.12326650732418677 0.07199774401937137 -0.3541496430799473 0.02312049643491192 0.37010617901122717 0.0024814543914436398 -0.0033296933576253697 0.05363272345056416 0.10311303766846959
20 0.0 0.0 0.0 0.0 0.0 0.0 0.0 0.0 0.0
21 -0.25427089745628 -0.1271769298486097 0.04840836525244707 0.5173525556590524 -0.0505337699650811 -0.04327033132640983 0.01770377898653775 -0.04331138959023681 -0.0664786456824068
22 -0.14270350751127614 0.15812574646514577 0.08291116284462853 0.04248474627218153 0.0013481936788046552 0.43230814999712636 0.2748045390958866 0.025238486093871554 -0.02375274960089028
23 0.0 0.0 0.0 0.0 0.0 0.0 0.0 0.0 0.0
24 -0.27608011617682027 0.32612934606651106 0.13556285622374367 -0.0690786415896483 0.013323080220351361 -0.15026403822389856 0.011434094592745029 -0.05539521598286057 -0.017805119389129324
25 -0.09082779156440782 0.13261909068729613 0.059594825887966905 0.014618122740705806 -0.015488505025483431 0.2894155060920411 -0.4481939724872104 -0.005946058166829931 -0.01816626130559248
26 -0.1801862843176303 0.3099097455139376 0.16092067677246785 -0.05161419671534176 0.032388012687576996 -0.24530063103141214 -0.01650681935843822 -0.008225599482579296 -0.06215471448967821
27 -0.25662827840993985 -0.20889085954573441 0.07602308493852489 -0.1443278540712874 0.026689077108652173 0.008011730939634788 -0.0012378866132521087 0.03859375363361678 0.0009988428184612695
28 -0.05785253573191528 0.07818276264803178 0.035799944645749045 0.013328155658090538 -0.013712685744899852 0.24478618265161425 -0.25524906360155114 -0.0015367394638383471 -0.011526953653336445
29 0.0 0.0 0.0 0.0 0.0 0.0 0.0 0.0 0.0
30 -0.38574648237846726 -0.29437790975379763 0.07087152068538666 -0.145828899231798 0.07430186344943865 -0.0014930372366138628 7.668751377055832e-05 0.052241281328224295 0.013795996969016261
31 -0.1738495886894604 -0.021413818408711455 -0.005793755101251149 0.3303790294352395 -0.032542767754789696 -0.020095875611056593 0.034211937387244734 0.030356024677579842 -0.011123848019328555
32 -0.1972254720174459 -0.14846670900479186 0.05554621677680261 0.0742540891300809 0.0019394038838486348 -0.022655026452215708 0.0010182606553602296 0.0411191432871998 0.0035345031602556777
33 -0.385252115407448 -0.31125650630545454 0.09527728105870584 -0.2139403754694572 0.0336247640086417 0.005200936063928042 0.006262442542560083 -0.04253311324787587 -0.07844940438324353
34 -0.10447206119756974 0.010798552429014651 -0.12941642169681855 0.06801046714410222 -0.029270272102789017 -0.008190813759684347 0.02164030213193407 -0.48338380369882344 -0.07271955863482187
35 -0.017016070112698973 -0.013187799057158387 0.004359184933971997 0.003685158103030334 -0.00024269695881629026 -0.001747675151981916 -0.0004821855252471251 0.003126114245757941 0.003316273890801945
36 -0.24228176698401857 0.36238482806418726 0.18850796348200324 -0.038395003678695576 0.05138659997119555 -0.2519927793502061 -0.07387645053882129 -0.06797193256591658 -0.08317035956807534
37 0.0 0.0 0.0 0.0 0.0 0.0 0.0 0.0 0.0
38 -0.4233018972041185 0.6275471068492227 0.1598514436143072 -0.06943438732153653 -0.16032152113963127 -0.10032812092911438 -0.15196943253361905 0.045169372948583454 0.10428856485659982
39 -0.08902958675171409 0.131673517732303 0.05244461070018896 0.006453244813265947 -0.019766312581766515 0.20356153073650785 -0.4797239092113318 -0.008402385060493235 0.025396244870638737
40 -0.059526044401820605 -0.029627144563330612 0.012643031442811386 0.20301847785676186 -0.021167406521988782 -0.026146447983445616 -0.00622766992374041 0.017167104394419288 -0.0018659208000541343
41 -0.09122739770343188 -0.03639389767121484 -0.011113701871867755 0.259185556677515 -0.05818556575662818 -0.03810949556924941 -0.003975417185749656 0.033268264749355535 -0.006429950303280632
42 -0.21898702098177894 0.3862609032002821 0.20486793721221871 -0.05415647844273597 0.04033587275955047 -0.21048592476695968 0.016054808890332586 0.003292796584657046 0.0036597152542194446
43 -0.24121605305928184 0.41288856827158155 0.21866131972583458 -0.052519071663466546 0.03646377553805161 -0.1798970185962801 -0.023842385845059936 -0.004623384903389934 -0.07145965950891359
44 -0.4134402189969317 -0.3135559483944504 0.13382694827617997 -0.23573745768030552 0.04740425229743622 -0.012508351932997182 0.0026661403236888682 0.046362530305679175 0.009016981724140874
45 -0.19474116314627055 0.30797507087364295 0.15311565009479688 -0.012700867664416367 0.04189553028043763 -0.17176203140699028 -0.14792388016290084 -0.014478626544982855 -0.1493492914145732
46 -0.0785357268464626 0.09220872917765492 0.036556447268337 0.039026627832903116 -0.018596794488710842 0.1863167693349582 -0.44957738818755033 -0.05113103046077413 0.017732445681250496
47 -0.07055713505835406 0.032126546674490955 -0.03046416909451566 0.022929076559647807 -0.013768215094525364 -0.02514611932843511 0.016288472359808848 -0.37189186214707126 0.03310500511707185
48 -0.10029560816371119 -0.03907059061490252 -0.017254264923928304 0.15749121606106586 -0.04940740324310194 -0.02588154045196452 0.00673046920822145 -0.1283564111163906 0.017585800787735383
49 -0.24513210225959473 0.3459661300790452 0.09056252475478946 -0.038960344177531345 -0.04388277968330694 -0.20444814021190014 -0.038013282800568884 0.001367841359471125 -0.07816452254947906
50 -0.37801116174992966 -0.25502663818865756 0.0200101676524813 -0.09751762201754416 -0.045000426768908204 -0.013116950935839145 0.0057886404255912205 0.050856908456452625 0.04191122076793922
51 -0.1129215727445085 0.1685331702527286 0.058969136472102335 -0.002439269886539354 -0.0218293858022156 0.13778729325340083 -0.35386314827615134 -0.006042510747618487 -0.00459444707375928
52 -0.21601569031716067 0.2886632996297984 0.13316420071739415 0.08565803315290475 -0.03724274240380541 0.40023518642527245 0.18616034438638723 0.0392719907195421 0.028845663818282557
53 -0.023467470063036632 0.012721560464808285 -0.06131910171607737 0.004134955968819714 0.05802320686412043 0.0005916375860703121 -0.001115386192831187 -0.0012717838191385292 -0.07289199169413932
54 -0.05678782283076137 0.02992642697864305 -0.16612790264078509 0.012694025496638698 0.19736266667202967 0.00662281417565505 0.0004861033789291059 0.022272969473468095 -0.06747618300641371
55 -0.1413554078576498 0.06048529718976619 -0.2514171196374218 0.010484196144958536 0.27534102996473026 0.07145408820247018 0.05155791504310585 0.03633668834814471 0.00513388501025821
56 -0.09659706977351795 0.055025190755323056 -0.2849012281955625 0.025157964194952077 0.35481126848207384 0.0076414951892481795 -0.0021950761365044985 0.036837090065760004 -0.04408116465075767
57 -0.18130165047291347 0.18789262452614056 0.08264646970557793 0.06411419853170762 -0.009745347911708918 0.38439117794565164 0.2693832418217644 0.0358171907901552 -0.0372788709635463
58 0.0 0.0 0.0 0.0 0.0 0.0 0.0 0.0 0.0
59 -0.20117063717087644 0.2343896200993216 0.15287864422633493 -0.07090474898559113 0.028284521664291677 -0.17318213039313252 0.0076719049467200515 0.014613073193434254 0.034099662333161695
60 0.0 0.0 0.0 0.0 0.0 0.0 0.0 0.0 0.0
61 -0.3482802549421665 -0.21501374068608772 0.03317095546765628 -0.17410473618277217 0.0383203792042766 -0.013484300267088849 -0.0007185617211745646 0.05906290834276411 0.025165233500744042
62 -0.036448782968582366 0.049703382878305016 0.008401184658617177 0.007685214649567407 -0.0032378085056783564 0.12174703327885301 0.10878004091528647 0.01305298942717628 0.005462101619070685
63 -0.11308362531324655 -0.02912359712762217 -0.012751420558082512 0.30037826315941607 -0.06676053158735498 -0.014799180083845016 0.019962004489539255 -0.019152493605301055 -0.05550856563875095
64 -0.16326345589677693 0.22480126335850745 0.05362998697667847 0.01596073467170731 -0.07946264868180551 0.4437428196528306 -0.6381232660029511 0.006105997022665766 0.03634132958738255
65 -0.24299287587883756 0.2927187529617719 0.14519194654828274 -0.07278737423531206 0.025419520705715543 -0.2063454125941186 0.005986665290936451 -0.04601202853896282 -0.06625506636440541
66 -0.13008191171385391 -0.03990097436599224 0.035267075970219684 0.3339348998071154 -0.03172730629987607 0.011761163338536376 0.036460122719476976 0.04559376014857382 0.0035770701585168757
67 -0.14423286039835276 0.18460737864399382 0.10013530665847722 0.08740453805070068 -0.0057197913470535345 0.4283048219835119 0.3054842913000286 0.03916322476114523 -0.010062236878424979
68 -0.13945521136714523 -0.08160501481320809 0.03401353833477532 0.3432124449338028 -0.031128656650630197 -0.049743138024709393 -0.00031363111784228685 0.036898070054672154 0.007192370383221961
69 -0.13635124443070953 0.044678411454487026 0.03057565488443738 0.2543270720799743 -8.606322938178034e-05 -0.07291015853078484 -0.04150214026728545 0.03305716607834802 0.013300042604998284
70 -0.39936295072904854 -0.2948186182707191 0.05604998244457348 -0.15693870362497814 -0.0020170527727854095 -0.0011968951528559758 0.00868379990090853 -0.058296618477386986 -0.14434996745362919
71 -0.23666873541633662 0.4116498725148703 0.21721176876940676 -0.05063358789899923 0.03704534425409779 -0.15885055684242802 0.05822928790184389 0.005698706936391845 0.024409531604723953
72 -0.1956655933656705 0.3339923248202281 0.17705103746396225 -0.05745941973381105 0.035834794019477555 -0.23086632309026853 -0.04842090925882978 -0.005733498117839262 -0.05635141450081099
73 -0.4918039661274895 -0.37832369717933095 0.09234206916012477 -0.22921058429943206 0.04130589017083602 0.005584311395056654 0.004018146383996719 0.06926043817141375 0.019417213126450162
74 -0.09575875183638667 0.05310641053140923 -0.27935856188718494 0.02388655498278219 0.36165143456365884 0.009536474425461877 -0.005678753802407312 0.05151067505324263 0.0916316332941168
75 -0.128563715157722 0.12336669489782857 0.09892279610928252 -0.03645112016616585 0.018905373584720758 -0.05598886722006743 0.007986387950601566 0.0025100034886653987 -0.008083288017902136
76 -0.12991858842273143 0.21346842393716994 0.11117980184290704 -0.007469983942792221 0.015502748134898874 -0.14945684277995772 -0.07655570880280693 0.00033483432974950906 0.032986390923642056
77 -0.020652695867647477 -0.01047799585044947 0.003832258517274061 0.07584634771502666 -0.008834961906551773 -0.01127942023562271 -0.0021841903971991407 0.007121456270966511 -0.004605133620388485
78 -0.23308373469932214 -0.17051137311782175 0.02283639555823942 -0.10942035504250336 0.08210447170434274 0.0059674690205541 -0.0011938850586528209 0.02466062393572541 0.022363824931640353
79 -0.5653446017360133 -0.38983943866503556 0.12536370478657502 -0.2572101782863119 -0.004379574853770424 -0.028485125420663733 0.00319418272430156 0.045972874328192186 0.04045688542646092
80 -0.16192006345375726 -0.027933517959299034 0.02977043183167451 0.3185628339619984 -0.03803423181253759 0.008915405467298585 0.03858532124940875 -0.02611498371446999 -0.08738505990714864
81 -0.06347361815878587 -0.0284746408891773 0.013708086061978835 0.2274254173190923 -0.022351277154953254 -0.03141138150139873 -0.002023164896718989 0.023344157011617125 -0.0032040997454153212
82 -0.0492489121998506 0.028866120937052608 -0.143561384741615 0.01017043037396063 0.13993186208950986 -0.002654675558201132 0.00039386419531426434 0.005585545373820853 -0.023896988896932484
83 -0.08400873461282776 0.02682745916300308 -0.1932017060259962 0.00866286001901854 0.25939012056027494 0.0062405856728996656 -0.004749602625266266 0.031709161904974976 0.06314769268613685
84 0.0 0.0 0.0 0.0 0.0 0.0 0.0 0.0 0.0
85 -0.10051414314232776 0.15315117271486242 0.07676542485092776 0.028871588016967178 -0.006758188280021663 0.36226824350563286 0.21517663309332954 0.0206584663285328 -0.008971180653584009
86 -0.09819939320648494 -0.04330734840791383 -0.025260153923089602 0.0839489093876673 -0.013867560557229156 -0.008530000843691656 0.009170268172270141 -0.22124908945677288 -0.13966747804989657
87 -0.423982314313566 -0.3112176412438658 0.10387864344470199 -0.16265416680296607 0.013216262501844524 -0.012723304937122001 0.004286699287377059 0.061964379880074624 0.005909840672861215
88 -0.02639365140320044 0.008338247345734975 -0.058985146700747476 -0.0016372356112064914 0.013902333673646065 0.0003131417875045075 0.004443441062810007 -0.013028515648505084 -0.29779481675922587
89 0.0 0.0 0.0 0.0 0.0 0.0 0.0 0.0 0.0
90 -0.1486047377697547 0.26130320407142626 0.1429419173360084 -0.04495623360314719 0.03205910649957841 -0.21669546050022354 -0.01888686824108448 -0.009468995258327674 -0.09735109881512856
91 -0.005654010945689121 8.98400051861998e-05 -0.005069715630172422 0.003681996969419566 9.384559923384156e-05 0.0011822322929025911 0.001678621182566559 -0.06851595639943871 0.005564224546771048
92 -0.3762837245364186 -0.2692845646058945 0.12516498204410503 -0.20536445013891483 0.04445831394118557 -0.013913519024522196 -0.002435148209332469 0.05738033672078821 -0.013854227572339802
93 -0.0699179780171301 0.018827977450809344 -0.13984051382407311 0.0010251333228682262 0.11663828405003185 0.002703878237764677 0.0007264574064637799 0.019906127519075917 -0.0059485374699838455
94 -0.17112688395160244 -0.017557241739286668 -0.20007688583269378 -0.014877936517724328 0.15687650386030452 -0.005500761399602361 0.00019872369492512137 0.0314231969641045 -0.2205551703257677
95 -0.0026264647226872514 -0.00043666618470320835 -0.0020727055414325206 0.001340489516186597 -0.0005186318950213388 -0.00016602362642080504 0.0008185090171658478 -0.027397409623400405 0.0027371674387313928
96 -0.0371420147690698 0.0030303144430831462 -0.042640205327835225 0.011477334529285056 -0.013472276827106104 0.001820132075755388 0.00819974911522554 -0.27572130874517803 0.0331502883384655
97 -0.20973825949487954 0.36660212251562885 0.19452286175049907 -0.0553473431435547 0.03301140251357456 -0.23361389727494952 -0.03850804438570305 -0.002519969544071528 0.025675436752514498
98 -0.18622671601691768 -0.15036631871079373 0.05278282589642294 -0.10891828345146817 0.02095311056759063 0.008575238374665506 -0.002220741284159499 0.026042298905642244 -0.002284654957069775
99 -0.1735405138768563 -0.08347714826139767 0.034929065868091504 0.4816987513098771 -0.0495050824600373 -0.04633773153295169 0.003490547255025245 -0.016213879838311247 0.009804109914506615
100 -0.2174272146020033 0.2725148728600196 0.17083960412341176 -0.06776773908673023 0.037494754705278986 -0.17432610678558128 -0.01358304102110515 0.0017573818546124775 -0.07607983449699664
101 -0.20074941433685703 -0.10223390829880748 0.034284031173009454 0.5047100356207946 -0.047588687174607805 -0.0713364852545168 -0.004873698286312379 -0.10523391840917738 0.01639970100341394
102 -0.08726391340581006 0.13276189153418372 0.0676830850062266 0.023817765742238508 -0.005376069515479506 0.3193282539122116 0.21979812812986008 0.016459346354113925 -0.017489152456317648
103 -0.03380954179978504 -0.01743178707599265 0.007307372319535262 0.11272269558080568 -0.011609214250281675 -0.01614663967613893 -0.002006377530885846 0.013480955636413062 0.004827538496937422
104 -0.2305144505611784 0.3573160046455701 0.20294275660192954 -0.061835714046653674 0.04166545093880041 -0.24901924997269181 0.03390777400584681 0.0017163595253888353 0.044117462299409854
105 -0.19962105981411074 -0.05803259067669858 0.05495845394787287 0.5864180102115961 -0.06263180672398766 0.005019727947076089 0.040226309505136636 0.07392947513142753 -0.003995398208028254
106 -0.12776554033758672 0.20187567461920364 0.09609406583077493 0.02536178947373844 -0.0062529026000030016 0.3134793258304091 0.29001038562139714 0.018292298065023218 0.0117647632980962
107 -0.09294190771924618 -0.04970824554592209 0.020677638586626034 0.3129315726075875 -0.033889345749603034 -0.043982377674026865 -0.00404897755699596 0.027759641423937425 0.000877807034075536
108 -0.2638927113308321 0.4419942326777049 0.2150841009702041 -0.07272948923482574 0.030265251569637795 -0.27954354698833556 -0.004460997887825874 -0.038418497908260026 -0.009296919510906363
109 -0.014661776446935136 0.00450886327182995 -0.027949684862424183 -0.0022288055509655084 -0.010527002810792474 -0.0010647721287009055 -0.000617074757817766 -0.007935582031271872 -0.2051131898838038
110 -0.23839754752484182 0.3704873565924463 0.22001849555121786 -0.07336318745138498 0.052616382510095865 -0.2301246873450809 -0.03944718722028293 -0.005131645834785028 -0.09811256796675559
111 -0.07952597933153266 -0.03558928488236096 0.008871398966066191 0.2801992957229559 -0.03267648064974036 -0.0377408830104121 -0.0020547962544457034 0.029083370747004553 -0.03639554653708374
112 -0.014324113993725553 0.008316630726332607 -0.038708961695945746 0.0010126114877740038 0.020877508212688765 -0.0012711970000879116 -0.00044117377819003064 -0.006965233571521428 -0.16259121741116628
113 -0.032164813338180054 0.0055062730152866625 -0.05135848540457529 0.02797015675026755 -0.02725307722342919 -0.009591067570194225 0.0022829565822526745 -0.017334015683944638 -0.2683877627797263
114 -0.047819246764743854 0.02026167076420408 -0.1076908980757384 -0.005936775573769839 -0.019452058511364497 -0.00540338792924231 0.00553927595085074 -0.012477246274024863 -0.34196134163622205
115 -0.4487291530782847 -0.30099081341740475 0.11425923213655811 -0.18860359107699884 0.06252540898011844 -0.020307128528542814 0.0019172907335494576 0.04769807282903573 0.00935309457008505
116 -0.048116659266776496 0.01883265044999515 -0.11118979657592135 0.0038422660626442045 0.05962259855719944 -0.002564509935941915 0.005588086780966541 -0.07663453487803273 -0.2572506108292429
117 -0.12173677477213243 0.16809884431246105 0.08060596078919434 0.04142126707552045 -0.010188625491590829 0.4538091184793429 0.21870952565294752 0.02554890597000348 -0.005014986982171733
118 -0.02078720038110645 -0.009242765936300952 -0.0007161598950743577 0.05780301712045959 -0.006162416069418394 -0.008575252807013396 0.0005248226148993198 -0.022988573586149873 -0.038536323331843876
119 -0.4087161941603579 -0.29198041208037295 0.12955819683710754 -0.1908115997288521 0.04070847647673633 -0.005338975847109927 0.0004816010751128814 0.05973132949444189 0.006036802018888077
120 -0.10318375463540266 0.1472704514939617 0.07312199037383721 0.03442051711590173 -0.007640242076180142 0.37893707062754284 0.21725643475391226 0.014851119309647144 -0.02600071242956984
121 -0.41941454886935126 -0.3112427658379381 0.07598137899782487 -0.1386743020173689 0.01522521783001602 0.003655377260524331 0.009048572384686102 -0.08226185734521108 0.03534020901180078
122 -0.021360907674228227 -0.0035340922362960296 -0.012120176041971633 0.009787705338019094 -0.002522159904535379 0.003549518710028098 0.011189261465120497 -0.2699188511247989 0.022638529860756793
123 -0.1048901203382281 0.1501591393043329 0.07231556456705954 0.03631456294949965 -0.006267864851315829 0.40602380995648824 0.3221195945081261 0.02727866005876191 0.005113123073727079
124 -0.08778963580808549 0.009027389572550431 -0.04106259435147984 0.08566939139530705 -0.017379354703427524 -0.0241172940543434 0.015219807846347761 -0.49248636873386575 0.044119300343464764
125 -0.13232135869099396 -0.059483993986561054 0.027359406454882235 0.31701365680560517 -0.03221116775670592 -0.022729849029268893 -0.027443011036307353 -0.002429450589822521 -0.007158538300050387
126 -0.08419581709409897 0.11815725330420528 0.04439259958925518 0.029578706657132716 0.0004984441841121965 0.3248790025190845 0.19938147492856573 0.01638849115253145 -0.05342951503623314
127 -0.04878181001803747 -0.025215523612393202 0.01337653456692681 0.17498331139068096 -0.01873497453893146 -0.022702723201559815 -0.0010875014070899978 0.02105726509974759 -0.0005529184557548618
128 -0.14458784056498972 0.25393722444469646 0.14361755239123378 -0.04134390433837769 0.03579062995973957 -0.17654182807127491 0.028532537853589075 -0.009779217994115326 -0.06005651197916878
129 -0.1572959627883817 0.23790720000096352 0.11835380449473111 0.05049571539955882 -0.012067964132840045 0.588793033227407 0.27473579550401533 0.028132329074912442 -0.010094453529834208
130 -0.17411298334402084 -0.06843371435590037 0.04720303853607679 0.45343541543688254 -0.04110137267076988 -0.09170138932421802 -0.012159096558592215 0.04554491966241425 -0.00620106987311373
131 -0.1353846745676168 0.2395641585649548 0.12400677504358924 -0.03746699679521903 0.022798561960530813 -0.181887190590254 0.018624786366656227 0.00010941349701910883 0.03947399755898635
132 -0.016176594519463246 0.0217929926431109 0.0007145223318150588 -0.004545515157172177 -0.0009590849323117489 -0.01855632532942864 -0.005390461456584379 -0.005537596004517425 -0.10891735482991154
133 -0.14878439553814163 0.12489403871640344 0.08108362825804034 0.008888461281411892 -0.007156233141352261 0.3084042692564163 0.14878486050000012 0.030542851247451173 0.02030621457650893
134 0.0 0.0 0.0 0.0 0.0 0.0 0.0 0.0 0.0
135 -0.204031735893875 -0.008421192661402644 -0.22243551859374408 -0.01889174429891233 -0.04274274055664811 0.008623037936608539 -0.016732153876382435 -0.17224857168677238 -0.5389902815839706
136 -0.050958022223190194 -0.024857283180596206 0.013025327235645992 0.17761687190269054 -0.01805687688270774 -0.02476881187101554 -0.0027592200819294126 0.01785897096120871 -7.276576914168856e-05
137 -0.07469794792543927 0.04305429678897075 -0.17125038454685332 0.010905188347083783 0.13220054838445808 0.028824195789303245 0.003158005840527107 -0.052498223170062995 -0.5042918295393898
138 -0.23780016098001722 -0.18001573917027455 0.05713984477903126 -0.00685257219098548 0.019991848419142234 -0.009805645751189964 -0.0004609169319615118 0.03302614109540623 0.0032685858065787977
139 0.0 0.0 0.0 0.0 0.0 0.0 0.0 0.0 0.0
140 -0.019755360207335 0.0080499395768703 -0.04472190957988058 0.00041757953669679286 0.014298164481650213 -0.0012843643973842933 0.001920336235295583 -0.011226658389288467 -0.20102725676284375
141 -0.04208744303918488 0.0622118905100814 0.02871378541979367 0.012054743564746 -0.010198655042921565 0.19506605165894358 -0.2626759468701094 -0.0036678862514418166 -0.00943408107684775
142 -0.17195566575183785 0.24516064062610377 0.11752058148119122 0.04508077702589226 -0.014642764971610876 0.60992020586908 0.06361442195584173 -0.011192367536673185 -0.0059335377116514305
143 -0.45836191781356195 -0.3472187201207349 0.08639076380160655 -0.19204213796048983 0.001211823081432745 -0.0009863444934759356 0.00133104535657315 0.0603492480886465 -0.014981270044574967
144 0.0 0.0 0.0 0.0 0.0 0.0 0.0 0.0 0.0
145 -0.0774609322229921 -0.015531375414471622 -0.0407833349789746 0.017854870409946173 -0.03312064549015077 0.01239470563709997 -0.01471807476800104 -0.2476913611253036 -0.12306505347951298
146 -0.22005210333231903 0.3464963603545736 0.16878421413317146 -0.0200564756282055 0.05427991738164129 -0.2135139859172237 -0.07341735114139629 -0.0008412846207157545 -0.07637562792060017
147 -0.10520991980075997 0.1506663278271338 0.04912348009669101 0.0066307283258430685 -0.038462780389308206 0.24509556731541438 -0.47473433258625386 -0.005784485399972787 0.003225530818480734
148 -0.11926932888077517 0.17193401523952886 0.08185543695764336 0.03945131422391187 -0.006816486806881636 0.31937477982139956 0.25873749419255426 0.031299636052366055 0.023490020573214462
149 0.0 0.0 0.0 0.0 0.0 0.0 0.0 0.0 0.0
150 -0.04254378744827639 0.018427224106718487 -0.09316912660575721 -0.0037372079373476238 -0.005984701901011019 -0.0012216470893922063 0.002324802015455213 -0.012563626855971866 -0.2596431385855913
151 -0.012942277160760067 0.005671722650678667 -0.03492949250070547 -0.0003939636670126827 0.013439394139655253 -0.0003616896563838334 0.0013340606818001528 -0.005701914394598589 -0.21134361610222485
152 -0.06373730754425772 -0.019044689428926877 -0.03552035300335904 0.019413156274395365 -0.026835689738317004 -0.002470293336390974 0.01471871588779071 -0.267286251971938 -0.0415077774522155
153 -0.13232911077894757 0.1544381135084306 0.08196979985863462 0.09889882450299059 -0.011515709812030601 0.4376501680083753 0.3435796746796354 0.03524718651616772 -0.0006019980771288248
154 -0.07457074343961405 0.10673100096842221 0.0458755820702196 0.02327302929942671 -0.013926169204870498 0.3231601272022126 -0.25466963625438277 -0.03873921906758911 -0.0038187185116342567
155 -0.009839212691066059 0.0029920935260590517 -0.02035194534165386 -0.0018518759989835736 -0.008454815734535132 -0.001474369440630012 0.001050016460627725 -0.007131583136768028 -0.13492592986911198
156 -0.04167351398584654 0.013260461594075505 -0.07877274743661293 0.007323693456040315 0.031207724025944548 -0.0008597446609634429 0.006320964267010314 -0.12046805484522773 -0.05734634353896074
157 -0.2373392056710993 0.3886506818402386 0.1969739376544676 -0.025240386658489065 0.049986124142111156 -0.2345747414749786 -0.013901780938075411 -0.002886741882774512 -0.059378331067093275
158 -0.39558594002006475 -0.3224953612330426 0.11588138973024471 -0.1824472738270738 0.0374371558902434 0.008176911268553898 0.0011608513056810706 0.03148528693588584 0.013904988920558685
159 -0.18065157938085394 -0.14232694368530469 0.05046736929125788 -0.014827955072142594 0.009314761937067281 -0.011357124274698054 -0.0005014949123473541 0.014876930135190446 -0.00870055392493003
160 -0.08025205107672748 -0.022418009955517886 -0.04268499790544412 0.03534644452907123 -0.01540537854001428 -0.0008569784864065623 0.013155446256459011 -0.3821441069380215 0.030856419562095165
161 -0.2823739920626297 -0.23143343085284918 0.08409535882333727 -0.136584638639206 0.028883978888606363 0.004992674992454497 -0.0005123685941796423 0.03491216946203168 0.009102898611742018
162 -0.06360523652260706 0.013564386263823338 -0.1288385052066365 0.014689830510031476 0.17789239229257509 0.001707685854683922 -0.0024882272365476465 0.023042696417048193 0.0575454246486742
163 -0.05696143245524712 0.08204499333637537 0.040928836186230055 0.02738463319864 -0.006015368134578645 0.22666732007455173 0.19904758950409226 0.009945437399284728 -0.010938272637849985
164 -0.03790518123678562 0.05645347543355783 0.02435417020080296 0.0074698274548527285 -0.008547986431608472 0.14146615778546742 -0.29996175765454774 -0.005605043535109271 0.00020736071274011085
165 -0.01819821677175371 0.003462269729935347 -0.030629642621032075 0.0007234377522721277 -0.008493494724026662 0.0005655902531979441 0.0029447003687478723 -0.05064250909789883 -0.20688826562471896
166 0.0 0.0 0.0 0.0 0.0 0.0 0.0 0.0 0.0
167 -0.09584596311133513 0.07772444555450618 0.026672084328334632 0.002643483216562694 -0.03622248520793711 0.2500647697417139 -0.4175779600745368 0.00449529586323854 0.02298685734347203
168 -0.05967295401243253 0.08322442605344382 0.03383943855727169 0.005489169405516968 -0.0135929271185483 0.15769397472567104 -0.39818248951640217 -0.01057426301511642 -0.0054825957426023805
169 -0.1120492811853577 0.10732534261527867 0.0686892165333602 0.10343576863184117 -0.009193199968379851 0.17865742809113164 0.12533696718030934 0.026242572854309365 -0.004531279670137535
170 0.0 0.0 0.0 0.0 0.0 0.0 0.0 0.0 0.0
171 -0.02596422871618872 -4.6222981017228144e-05 -0.0263264931471299 0.03481318677158492 -0.017115390214860457 -0.006210271073826671 -0.0006307175886843564 -0.0025766643715376255 -0.1978286200026674
172 -0.02828758043058774 0.04256810557582317 0.01902797590361663 0.005666687821329703 -0.0072750879199357 0.10496247748270762 -0.22914492601278638 -0.004527645670998778 0.0030152568197445357
173 -0.06979993549975343 0.10122002592664667 0.04324304130115074 0.016114723627355228 -0.01962307263241494 0.2657025237427594 -0.4597542539689115 -0.008609901830890903 0.0072484003474113145
174 -0.4297425931142712 -0.3431390634829687 0.1061548482201483 -0.2434438741409463 0.05302195362459809 0.01186156133923981 0.001267318008563148 0.04571643584494293 -0.009001794588820774
175 -0.05097242318672595 0.06772037528542289 0.014174514524604479 -0.001525925297914079 -0.029350739687515205 0.1146116569800496 -0.2638494290785817 -0.003189278630812268 -0.0017041537800562092
176 -0.0008988740562008084 0.0005136567457968349 -0.0022422894490591798 0.0004320829476725469 0.0036232861460281664 -1.1952252703629454e-05 8.174618095740143e-06 -0.0015007303281240826 -0.0003594701270302871
177 -0.39567529596736123 -0.3104705189331 0.09413054512961193 -0.20557230660658035 0.013294654325048309 0.0037122050461133645 0.0002081269180747168 0.052014309856014414 0.01998757109961162
178 -0.1342938043765392 0.24059403830972767 0.12373719404969408 -0.03487881959088974 0.020612398427224746 -0.15393340608025258 0.03856037298564601 0.00634951997389397 0.0698268399742953
179 -0.46991870474054614 -0.3350948502552033 0.1466493192002301 -0.08765250382122929 0.03272739180639568 -0.021450467133276405 -0.002104242280709021 0.055597771114573216 0.01652513916543082
180 -0.014833561973108601 0.006075930069472894 -0.03267712715377206 -0.0017927629466663914 -0.0092265979450135 -0.0007645484233729381 5.491556944667347e-05 -0.006866939136333776 -0.24289887472595587
181 -0.13393963075373833 0.18771251426734176 0.08299259372356803 0.029379022394181803 -0.024919915168895614 0.4345852951701989 -0.36350396526838463 0.002204458317035456 0.00915705383782516
182 -0.11580199658184473 0.06798064604278124 -0.33348816454247704 0.02486992614603913 0.3658576389978528 0.004267734916241988 -0.005309343591382652 0.04666851608078879 0.09874404566676293
183 -0.09621735844959453 0.15017809392982434 0.06788522481104219 0.018037937700946208 -0.0074529824835356 0.26432885378532867 0.17295488637575926 0.019833387529372998 0.00697716793584998
184 -0.02100300154854946 0.010753287056511207 -0.051354695735909804 -0.003980072854547348 -0.011168847611507908 -0.0035018421390474717 0.00027836572712346727 -0.004632866492107617 -0.12264535789141003
185 -0.0752922802366573 0.039815895577420934 -0.19795853638239597 -0.004417040015623896 0.040875742916611606 -0.006379267636080805 0.0028971118410237276 -0.006641676987270015 -0.45810304892787024
186 -0.007644185259613881 0.0031145587248984077 -0.017106348986554495 0.003038558987595123 0.02128700523956335 0.0017373253294546906 0.0029747516300423524 -0.04041242879670939 -0.001841291248845173
187 -0.20059737747310688 -0.01674385713279201 -0.21431787789806947 -0.009655854885413763 0.3026985936955834 0.04736277201452282 0.032775282286788956 0.03497527251573502 -0.08610946607282673
188 -0.06719905024192535 0.09365959089085163 0.022344728915230466 0.002288332711606863 0.0027827224455758254 0.11106717560734743 -0.26384147510980055 -0.0031121727584147913 -0.02655962931982004
189 -0.10153706118372537 0.14637174960674837 0.043237743248668976 0.007302900848384449 0.008907310231178155 0.1895557634219513 -0.37129146456031087 -0.001533148749025763 0.016403369595043554
190 -0.032342063488892896 -0.01594538802729461 0.006923395996506282 0.1102120819975372 -0.010914555137993689 -0.015223789358419677 -0.0035078781703931656 0.009331559858495542 -0.002042539947581515
191 -0.11399806630912507 0.1693002421387186 0.08379186203373536 0.038602370679220385 -0.0065668951768393016 0.4142125532045801 0.32368523108273123 0.02537226874067471 -0.009403877275136262
192 -0.2363112933089771 0.2183777927485722 0.15817931349701614 -0.0321045695494101 0.016237602223640832 -0.013129741853547653 0.025823781038891457 0.014814515904303303 -0.008303538139772153
193 -0.05080579163836991 -0.025835467455252472 0.00838374481248202 0.17390343884258216 -0.017362115980419205 -0.025921008129634902 -0.003333367714786321 0.00953338522854861 -0.007919596776321522
194 -0.05374606640609049 0.033306015596574444 -0.13605684507254828 0.01459514120974348 0.17006054896691317 0.01217501998649977 0.009634119848778542 0.010661275750928961 -0.01134854987921231
195 -0.06380412708675648 0.05862084954239983 -0.09601663248005604 -5.579357824335219e-05 0.10495496864809511 -0.021781358486903536 0.0023618352616661936 0.003950831391729253 -0.009295927203507038
196 -0.033930075689374346 0.017690750424042105 -0.08617658810592733 0.0005029926845919221 0.04555564248598924 0.0013226580458486912 0.0019733832959522796 0.0050191159064026155 -0.027755146361915443
197 -0.11205127563692922 0.008355366131303008 -0.17463274889618913 -0.008711003150213451 0.18413209630568167 0.005480730354890559 0.0021652447482734477 0.030380199339333246 0.02421493351009408
198 0.0 0.0 0.0 0.0 0.0 0.0 0.0 0.0 0.0
199 -0.4356425020129525 -0.2990192107512148 0.08218585335852137 -0.16307787660137585 0.0006243755268488131 -0.01453371138876062 0.005355431529616047 0.03184598780305465 -0.08213267143615968
200 -0.19618371075713767 -0.1004219150677464 0.057427459047393055 0.31008256426456315 -0.02443543169750518 -0.06620901269625305 -0.011337538438410542 0.04359888885808291 -0.0026164310967077193
201 -0.21040911457679812 0.10091891341345152 -0.5379332873040458 0.05924706545684056 0.4317308896533307 -0.0057005891867894995 0.004569112046756822 -0.001954428790340885 -0.05016347562019843
202 -0.05068541752641857 0.0731678222325698 0.03630414854542959 0.02130986786478285 -0.005579513379842071 0.2172967536849173 0.1781485326935216 0.00758528868792565 -0.012656103874168143
203 -0.10803361244211376 0.06736689432769584 -0.12041161068300998 0.04413020558942052 -0.0008722608163341206 0.03221169764903293 -0.0090609038777877 -0.18766802015757117 -0.007112949182729621
204 -0.05156357081572338 -0.025993828476389275 0.011738782779832774 0.17861876697012333 -0.017776924316445297 -0.024996628686657155 -0.003451944510414632 0.020298929376573377 -0.003931405162425987
205 -0.028731376945006836 0.007231284961876881 -0.0434039598958383 0.004256508051852823 -0.011834531425792483 0.001436638807086547 0.007787512282701016 -0.206497142517713 0.028002099354075976
206 0.0 0.0 0.0 0.0 0.0 0.0 0.0 0.0 0.0
207 -0.17265663558974184 0.27716951429168374 0.14110307964852606 -0.028938565967480796 0.020914259938637242 -0.045537369169056645 0.06950547400110002 0.004509998465510448 -0.049516842847830755
208 -0.03971109812569911 0.05581905398905812 0.024503867944691372 0.010026502184805377 -0.012165593859966626 0.17212805971800232 -0.2894136139885747 -0.007393927934638721 -0.007482453882509193
209 -0.09725853074501432 0.05777380047039549 -0.2658151868145353 0.017813627453166 0.2459985696645236 0.0037384497336157394 -0.007423585713924431 -0.01623528313312966 0.0744420349601256
210 -0.06592028201442883 0.09072112835931694 0.03945190410501261 0.01605885259322986 -0.01875414547797269 0.2737783193611893 -0.34428514660040244 -0.00475831002682093 -0.0039473391108768895
211 -0.04394707997473939 0.017499287368913312 -0.09614571975926287 0.00044585814266136 0.038866127454782184 0.0021399259457889367 0.00552231582303193 -0.01459070874514093 -0.4306889960498951
212 -0.06348483836729754 0.039718925007871254 -0.1903730486916369 0.017183447596568913 0.23937631970859952 0.0028954748780437175 -0.006459052064482068 0.02818105741187368 0.053549427222305525
213 -0.12758564958319846 0.0737992527505979 -0.36889607186380635 0.030410211438248274 0.4255916464634309 0.004494993580318567 -0.008220034967098428 0.04124919560570331 0.05261235027482376
214 -0.060183563099047245 -0.04984020354055511 0.018183561096873867 -0.029624625016513795 0.006724744383963258 -0.00023211096916514047 -0.001094917489366311 0.0045037146615036485 0.003293228745077043
215 -0.14631836052014835 0.23746236986967093 0.12574446222639368 -0.011029082479676457 0.023193559348372996 -0.1787930711882065 -0.019384201209729664 -0.0015427728836702535 -0.041080860835219404
216 -0.09395723904131327 0.1446856804787102 0.06427412152800666 -0.005994462350616563 -0.006997536531472542 0.07867668207627403 -0.24750848951200066 -0.0032072239153178497 0.012779120242322677
217 -0.285217143605964 0.46516470247213726 0.24390654687471527 -0.03984809907489239 0.026360722475807025 0.0280369982457633 0.00860713679728264 0.00884196038575282 -0.032233147558630874
218 -0.03350150342709874 0.013616580081614194 -0.07827570931043708 0.00038680917885406784 0.02728308328246861 -0.0005708503480505784 0.004927191057772558 -0.01750248716916614 -0.3884229763130019
219 -0.11065841372018982 0.05803405323207791 -0.28774998067749324 0.023095652390051492 0.29012309934749086 0.008261578098564273 0.001236128980299912 -0.013425770422580946 -0.018567442692649667
220 -0.23135593074706104 0.21197443240923428 0.09358565946321598 0.05448561597263884 0.01627354592414831 0.4267200532567898 -0.5272170506487073 -0.025454852620005006 -0.022910027634780304
221 -0.019252169794036433 0.02430347177814077 0.010032933909486414 0.0012201771357784439 -0.002164977376470671 0.05587809991032004 -0.1163072417206533 -0.003004194712667523 -0.003756593818414931
222 -0.031417758521207664 -0.007294297305828528 0.009593713417573565 -0.004529428288831329 9.424270250339115e-05 0.03193979719942937 -0.0613263362812122 0.004004654234002008 0.005791308043768432
223 -0.059025430793854694 0.046105025095495876 -0.138568558080898 0.009983157977972123 0.18536961189435813 -0.013320806757711827 -0.008590932893477236 0.016628758962415297 0.03963412337894852
224 -0.08038217457613617 0.0496285811867448 -0.2220025252553334 0.014143514926643957 0.24172264071150423 0.01237720943790679 -0.02901407195553259 0.026160190956797936 0.055484320598446574
225 -0.12660692122274195 0.12364326042973706 -0.1723581617845964 0.010157577887475604 0.2671944064931184 -0.03427069371239592 0.010856933507564124 0.010961911900943139 -0.135637401268691
226 -0.014432727837966128 0.004960490269995456 -0.034751415458674204 -0.00219579168599174 -0.000721853165269648 -0.0016028457625535714 0.0016343913526782432 -0.012220284082873964 -0.2823839314651016
227 -0.22607974505693784 -0.17844615134256483 0.04394544128756065 -0.12460936403966295 0.04910176228383238 0.003622261431859636 -0.000889875966111969 0.0322415135416669 0.003170752895038887
228 -0.08369442158854164 0.137016874699646 0.07344430330132277 0.00304724489731548 0.0064152608803573164 0.1498024432468423 0.1639060010846655 0.015464075592900162 0.019675960061335852
229 -0.04746621329376636 0.07204865617343 0.02348684239703767 0.003132834731370698 -0.013549845601655954 0.08610719618709536 -0.24394254403019605 -0.001966189171956953 0.02947397655330292
230 -0.12199362415668588 -0.10172381521449411 0.03408569120757872 -0.08091432513695156 0.0141017708563696 0.0033055875501139267 -0.0016199601081615352 0.013063100374913204 -0.0015583487318161053
231 -0.07113093879422007 -0.021692057661798457 0.020307685063662026 0.20225026697410867 -0.018982646900840987 -0.005237583024679539 0.01909340997927761 0.022548593106116878 0.004102544054530603
232 -0.14745510459829828 -0.12124361515565486 0.04185367328534724 -0.07892463676157924 0.017715811886281758 0.006688502783777084 0.002477130259083177 -0.00011565143477780621 0.006669489947156699
233 -0.05452588558137071 0.031013014743139243 -0.1542129529121637 0.012881492790326401 0.16845435626311675 0.0013143617883895169 -0.002318797469597726 0.001918763040912573 -0.026047773005723085
234 -0.08602383506548013 0.10535828554148134 0.020014543586893054 0.01962159660049655 -0.03791317939218161 0.2869813286872936 0.11247932306596567 0.018768144072536973 -0.011510068398694104
235 -0.14370099427171557 -0.06686450609572353 0.03338296840418244 0.3724595768697343 -0.03854881439854752 -0.03376718632853249 -0.03065183589788885 0.04575246200924358 -0.00843676858898795
236 0.0 0.0 0.0 0.0 0.0 0.0 0.0 0.0 0.0
237 -0.018537141710609387 -0.016293943922189566 0.006320111490545442 -0.013562874844692138 0.0028635167874642444 0.0010840468178930371 -0.0014783204756439047 0.003385665580617153 0.0005387439295027945
238 -0.013539179722762333 0.005646761444676035 -0.0317964128865706 -2.10222398913612e-06 0.006873181197979396 -0.0004925420816348003 0.0014259603868666652 -0.009998174019045613 -0.19775088772937305
239 0.0 0.0 0.0 0.0 0.0 0.0 0.0 0.0 0.0
240 0.0 0.0 0.0 0.0 0.0 0.0 0.0 0.0 0.0
241 -0.10788108015500347 -0.025592193892297718 0.03489136901284995 0.23301327798132757 -0.02160691385995459 0.04205553057799099 0.0636218332473418 0.02568626337497505 -0.004164155662829223
242 0.0 0.0 0.0 0.0 0.0 0.0 0.0 0.0 0.0
243 0.0 0.0 0.0 0.0 0.0 0.0 0.0 0.0 0.0
244 -0.16522915458204698 -0.137529526973807 0.04963640972358786 -0.09026882632755134 0.018741665989869066 -0.00015251116380005336 0.0018626731589326726 0.007873727378796361 0.0046012759814478875
245 -0.06103870457857641 -0.012421974383760782 -0.02673695544617704 0.0015756142249308239 -0.02041068134963782 0.018185300257175144 -0.01904089184428286 -0.3785009935288396 0.059978079185124926
246 -0.022557945461112342 -0.0160896357381776 0.0021680224204635376 -0.009844358603142882 0.0031902566942742564 0.0006474715740631342 0.0020993309268073318 -0.06104160528072047 0.002363229462630792
247 -0.04870261045635616 0.060182681026263105 0.004682432263509048 0.0036409443358961452 -0.03641610318231258 0.16669639837544312 -0.29455281049405496 -0.0003642952168089883 0.007615647883366437
248 -0.4377249287624558 -0.3452480615498699 0.11357865001460372 -0.22570968747402628 0.0681086274617374 0.027006721780983973 -0.02240710421345163 0.018225238369331716 0.026817347355085088
249 -0.24152844837870244 -0.14533248397895027 0.06295441669874377 0.27192505810899315 -0.022972708208203334 -0.009608469170655656 0.024728084935606503 -0.020658768739843524 -0.002747543100244694
250 -0.022416513391066827 0.00949083739029043 -0.05037342735284494 0.001355445555814953 0.026036554855417126 0.0022456498843880218 0.0014936476166748694 -0.013133680329421726 -0.16488714901779586
251 -0.06766933184684015 -0.0337594169016211 0.015757106849382606 0.23512803530303755 -0.024709689745554504 -0.032493239458476694 -0.0015578112157162089 0.025746168676075033 -0.005248335264943521
252 -0.26006313403068315 -0.21361076180070315 0.07779187817722266 -0.14813366929005542 0.028147458669405885 0.0056331230485794585 0.0013054809003236235 0.022752367331798622 -0.003910011880127385
253 -0.047578677347690015 0.06493320295101754 0.026252308132163744 0.00880725727968045 -0.011906870629941826 0.1640872971088593 -0.3468990984027709 -0.006623345743882372 0.003844559623625907
254 -0.054036678795145045 0.06547644553173676 0.00908008431955065 0.005247097695870707 -0.036545872353731586 0.18054470364869998 -0.33214346001210565 -0.003104613904103122 0.013809195476140934
255 -0.09436696658822087 0.13273791730977147 0.05120524315807306 0.011880044307768938 -0.02422732642032301 0.26410687502584557 -0.5502051581522589 -0.008867796924361012 0.026580475913617944
256 -0.17105477279015102 0.10025050715591563 -0.46579552834896354 0.040457671330931616 0.5378923612302993 0.025272209872007685 -0.027818581897324668 0.03887456250286048 -0.12703043747365153
257 -0.0833370203501974 -0.03983095738459996 0.0153079095980172 0.2923334153153582 -0.029643165861958025 -0.04045733542836708 -0.004738130839757575 0.016743095134709264 -0.006899193044239089
258 -0.09285547955070994 0.05052708947838123 -0.25303872006787737 0.013152339893360872 0.2438486482501435 0.0029983024521074335 -0.003910205278351433 0.017196085767444306 -0.07593417216447225
259 -0.18715815396647878 0.33122131577373043 0.17566307425938874 -0.0507416740935452 0.03329924312180806 -0.21277685472733254 0.03636018306162001 0.004048039998636878 0.03596598681114744
260 -0.08164636554313393 0.022109946676309545 -0.18436311876088995 0.002274143926344974 0.24637685370627843 0.00462123994821722 -0.006678287555644853 0.033372273178516175 0.07286707273183088
261 -0.05458305675762338 -0.0438823150361638 0.016845287391160348 -0.0331196691964046 0.005962465244547063 0.0033615966245824245 -0.002646408666569072 0.009171047397558679 -0.002293904844794033
262 -0.10551522057212187 0.18918339023405803 0.09829597582817447 -0.03256887817151537 0.02003409731637081 -0.15507130612903167 0.016983614582086408 0.003993201321941134 0.06341849713481933
263 -0.17690354400808272 0.2555533001969964 0.10130788611223422 0.05013419454828139 0.009149323975022538 0.6388989016203269 0.17143462604624674 0.033775173019611436 -0.008281726361893574
264 -0.05687811531438275 0.08450347550314337 0.041592205918727566 0.024510436834015187 -0.005506735249163186 0.2418772331319041 0.1862885518264984 0.010284689155034644 -0.009551273254911716
265 -0.020359717876673424 -0.0073910295183857635 -0.004274637613571343 0.03779814160916929 -0.0009079639480280154 -0.0037359043327034195 0.004718404675059701 -0.13746480552710275 0.017375945617151424
266 0.0 0.0 0.0 0.0 0.0 0.0 0.0 0.0 0.0
267 -0.03148115672408558 0.015453367306660968 -0.07488995322654358 -0.00411286538627027 -0.012802809124517839 -0.004498598507552531 0.0010497348076442784 -0.020449835256399845 -0.1951381713338809
268 -0.010445661071665833 -0.003760133065290796 -0.002678192976662132 0.008794393992292277 -0.0007648290832841869 0.00023020090981338954 0.003235704404150243 -0.10874595128061793 0.013903855640243224
269 -0.018414229819458686 -0.004370925322124864 -0.009502718670665673 0.009356771740431195 -0.0018166710117274722 0.001688389004768538 0.00836563559327392 -0.21991755872872748 0.021148075081794795
270 -0.018128850976377463 -0.0012840168574350696 -0.01605826120749385 0.006140655574084703 -0.003708118770881978 0.002912056077652579 0.007445499822248642 -0.10026873730069731 -0.06327275871086187
271 0.0 0.0 0.0 0.0 0.0 0.0 0.0 0.0 0.0
272 0.0 0.0 0.0 0.0 0.0 0.0 0.0 0.0 0.0
273 -0.06406400403988884 0.0960741501341704 0.04147065562485777 0.010695170287409872 -0.013665560905389323 0.19731570808030685 -0.36531967671430543 -0.010068156269230145 0.003426630278573059
274 -0.1818779390209637 -0.07387934209868852 0.053106961509044114 0.4269300002633504 -0.038902258176124214 -0.08189912249868554 -0.008884344176958997 0.045456261839649285 -0.015264146461644743
275 -0.12271183767617393 0.21251586750486112 0.10736403963567526 -0.030108342117807524 0.0163112569828621 -0.12571227482654931 0.006697386434663877 0.006093732527258202 0.03292402130245469
276 -0.05231683609033818 -0.024834633771043287 0.010966600669688645 0.18132743667958245 -0.0183075869782177 -0.025604585983328466 -0.0022607765726998814 0.018031577158855512 -0.0026365603884869176
277 -0.09312343889362318 0.14820316984826962 0.07322860392821968 0.0031264464030110162 -0.002514014514363471 0.2089447906028113 -0.31533506472557704 -0.004708415367143981 -0.020156673467223465
278 -0.07710496418149801 0.11577303752097773 0.0537701318442249 0.005436220053258003 -0.010045359427995396 0.20802736857816484 -0.3028876444204794 -0.0036206940810112258 -0.022894834753779417
279 -0.13642470159838452 0.03883807345809559 -0.25974166957271655 0.005812269297327968 0.16886285624538486 0.021772990978893417 -0.02214355018238663 -0.11330245525894869 -0.369265949195237
280 -0.022249951771579846 0.01085063507474954 -0.0011138102226385287 0.006252576651131449 0.0012676701226586803 -0.012047304518665824 0.008412159141847383 -0.19729574991575408 0.021748506378954386
281 -0.0326269140716385 0.0005655600777470463 -0.03806048665809674 0.00788388116234564 -0.012139394686908993 -0.0013581656331366455 0.006757384904721396 -0.21319719449261232 0.02015997193521209
282 -0.043378362458295856 0.0571486939990356 0.005063635020163023 0.00447819740025657 -0.03581505777569409 0.1324522292745711 -0.30368484355956255 -0.003060182490434246 0.02068912286235139
283 -0.020868016024033327 0.009698983810733705 -0.046227862393678404 -0.007409007833076585 -0.03601288069246733 -0.003460728874662571 0.0018333954183503143 -0.006529312337512938 -0.11317453665337439
284 -0.03804334822080706 -0.017869559923759732 -0.005712340214445954 0.0008173007795986689 0.0005631681823661661 0.004293521215183458 0.007692739594108822 -0.21269450876311502 0.01910490568814173
285 -0.03474221850301576 0.0510584483141687 0.02573152252445672 0.014814444687722016 -0.0037869477407085008 0.14476584732334613 0.06708888400833783 0.003286562835894209 -0.008939504241864436
286 -0.15234837941951482 0.2333975503897324 0.10550095234016345 0.010389742274290965 -0.015024083641569496 0.3422682770972829 -0.5176843151342804 -0.004700623794428484 -0.007471145209681209
287 -0.07348216254761784 0.09082895735975999 0.016379439259523024 0.005371000262376991 -0.015788309309291267 0.18826652834307597 -0.28986385540741666 -0.016745430566789947 -0.16451679185006252
288 -0.17685100775794338 -0.1325335629188768 0.047750091460583774 0.036469617202568555 0.0021052907002126102 -0.0066373962057180895 0.00022638807105335304 0.005759144911346183 0.006626200953447382
289 -0.04768508210622136 0.044454581697926765 -0.0544852600812316 -0.010115257226047026 -0.07034166370183735 -0.01734914507051517 0.0020576227815949496 0.014606993911056377 0.024061094922127206
290 -0.0849394789128412 0.05070443389885167 -0.16329799744396636 -0.02961373502537887 -0.20704445436086685 0.006828846483113608 0.031055181476262433 -0.06850018587385313 0.09605082781011279
291 -0.13312376333116832 0.05801128629451782 -0.21597545668069712 -0.04588881365214794 -0.2353425718445207 0.015762100560206865 0.025451177302478502 0.032705081472529124 0.07406977230909448
292 -0.2292067796049854 0.12995269425681807 -0.39643767520110673 -0.09102234803236653 -0.37300517853324455 -0.06499330695643754 0.015392223928662773 0.07752943498362493 0.18078976688073642
293 -0.1800798754421658 0.06339805172338575 -0.19065802245146407 -0.06807869649516543 -0.2755778922939211 -0.0548662255366665 0.0049641160623445256 0.054001781811058865 0.12367700165664369
294 -0.09456987445002302 0.048826814885623834 -0.07324795441585434 -0.03721744862188604 -0.12660802846775143 0.019123754332533605 -0.07632173972803975 0.02767664777161433 0.09558741430804008
295 -0.1169875796104407 0.07256543359085119 -0.21621434344871163 -0.030297627921552276 -0.14563731751676268 -0.02152246021718786 -0.01859419140874017 -0.05707811316449571 -0.06056902737883894
296 -0.0795209522219736 0.014013647258505773 -0.1135146933902545 -0.03871397831954217 -0.1594642713013794 -0.015040180788847725 0.005855792678192847 0.008130743144748062 0.06516843450099616
297 -0.06288935090539198 0.03481828845403632 -0.13599604071831287 -0.02102552354954621 -0.11066040514265406 -0.013307940155389381 0.005105784874534743 0.02010717667422049 0.06165103553830665
298 -0.04446310227528788 0.024582999125383663 -0.10815788165075445 -0.017805306723222728 -0.0944918715115339 -0.010396202446503041 0.005500877399324942 0.008280493472523383 0.03586386842892432
299 -0.1260996604233754 0.02130746627431304 -0.16136387447685488 -0.04571159073851958 -0.04423901614703969 -0.024934031603772798 0.0011422435104810438 0.0049033578103238554 -0.12816077666606066
300 -0.03217615576899315 0.01883564082551259 -0.08185990199426006 -0.01046074421196863 -0.05104021590760068 -0.008553168675228403 0.0035450686312309093 0.013757588673644657 -0.005404119507971935
301 -0.1758909513747177 0.09511215984731282 -0.3106330637953805 -0.05711722159905796 -0.30897290414037565 -0.0430323672039838 0.007845959061810426 0.06823096848560375 0.14572041155112836
302 -0.11339523253902002 0.0321861914748063 -0.19628002093199828 -0.03352576132993781 -0.15726787100634554 -0.01439193368504065 0.007347393800478357 -0.02643192502653008 -0.09024088738438651
303 -0.07330379301371215 0.03726450535675531 -0.16296246001469228 -0.018291454881068783 -0.09495169186430943 -0.012970296981761439 0.010081834362377494 -0.06082687242983263 -0.04153553845734931
304 -0.15473696223677394 0.07729368197731482 -0.3179194812977062 -0.009276969311531002 0.0015917938957926401 -0.019173128922407093 0.014408388546893715 -0.31551411543563174 -0.1257418820776172
305 -0.02355330374752678 0.014425059412761664 -0.0574163960889397 -0.012434595353952237 -0.07232830419420054 -0.00814899941356729 0.003297911510732152 0.012432640254338552 0.03149083226613384
306 -0.1286074138164605 0.10759057488487334 -0.18391644966992193 -0.04507203522684496 -0.26017485971617893 0.043610812941176025 -0.14997840852782632 0.0352931342566527 0.10211517180083496
307 -0.1372622172263867 0.07976259873274859 -0.30855227943366254 -0.05566661238200572 -0.3556428282151721 -0.03439707567414366 0.015460864141201257 0.046980239470450026 0.1281479166917196
308 -0.05509900277172178 0.03043357684655841 -0.12414803916911005 -0.02442947796003091 -0.15630582356070566 -0.012398537254978555 0.00715728288920933 0.022349648774575494 0.06005503863878713
309 -0.1581575843579888 0.09996621799143098 -0.32118685691212095 -0.05635464116875098 -0.317516718140176 -0.046553242444726084 0.006267492208195178 0.04669246215485712 0.029999089644168617
310 -0.06836700301081187 0.022229572703489908 -0.1189739472813932 -0.03339757116852247 -0.14766394430016835 -0.007349272929079865 0.018148215546948638 0.022666129780976995 0.011574972120964144
311 0.0 0.0 0.0 0.0 0.0 0.0 0.0 0.0 0.0
312 0.0 0.0 0.0 0.0 0.0 0.0 0.0 0.0 0.0
313 -0.10752796534045449 0.07137178465239928 -0.2274707999309705 -0.029847746109825754 -0.11137155806601189 -0.027427671678008497 0.009922361370817015 0.009425228581716755 0.027857363844794914
314 -0.13016902248820048 0.03833598607084829 -0.23771177502445995 -0.04256967542204955 -0.22724276055807693 -0.017054246264224065 0.014520151353075151 -0.05880776760789864 -0.11896076918987306
315 -0.05426681024814697 0.020532177356389816 -0.10546902728574889 -0.01752923775290021 -0.11128638245241594 -0.007938400592754738 0.007364118551961392 -0.03522900686826802 -0.04204921475360413
316 -0.1525700477102819 0.07672307550742478 -0.19448952281473023 -0.037120333205446124 -0.2723144036234203 -0.0013465523190943711 0.03024622055082807 -0.0017211685617544053 0.15325504289320982
317 -0.23743823471600628 -0.03707688485917985 -0.2158307012186593 0.04414672467434498 -0.08605048117055324 -0.013872677298410104 0.020753555031654106 0.042541960178248066 0.01287628396495192
318 -0.050378226059139594 0.025406763296874132 -0.11255977134622903 -0.014688668378499468 -0.0947845881091846 -0.007194346996671873 0.001828685203682658 0.007594520086608812 -0.016996114673902107
319 -0.09419756310872038 0.029417784134453513 -0.12040705836126132 -0.027399967579925223 -0.03899063708227955 -0.01928625187527434 0.0043469259773392015 -0.03254699840764924 -0.09717449351235631
320 -0.06970997245923634 0.04037875019102231 -0.16328867162159258 -0.0352009425388461 -0.20020503346104415 -0.01912299212604012 0.0069824909594891444 0.019798617154291594 0.06791241730464355
321 0.0 0.0 0.0 0.0 0.0 0.0 0.0 0.0 0.0
322 -0.1550460409580611 0.13285817237764108 -0.2458400927894722 -0.05572715144714091 -0.3062575479835694 -0.043006312622974115 -0.012997638169377544 0.04595348763841852 0.15051605603718346
323 -0.06654777099486626 0.03361201681803367 -0.15035302618552898 -0.019529603584421025 -0.1311292778333658 -0.010781362690140798 0.010407416554159341 0.012135529444688788 -0.07777084304114448
324 -0.04517840303477053 0.028059224174743227 -0.1089764282013525 -0.011305334161717813 -0.06966984557311481 -0.010331429833578874 0.003519262882196107 0.012280482544791355 0.05232938578483259
325 0.0 0.0 0.0 0.0 0.0 0.0 0.0 0.0 0.0
326 -0.056153459049075795 0.03393510622613821 -0.1265743547076568 -0.02347774103775059 -0.140680626788552 -0.014339390979248457 0.005757167228716247 0.017808927959956315 0.05495255282245839
0 0.0 0.0 0.0 0.0 0.0 0.0 0.0 0.0 0.0
1 -0.1724055883723893 0.25025128411595127 0.09596802583133171 0.02742251155147376 -0.029954765901015635 0.4687194513260434 0.276615659484637 0.040452547283861294 0.013684034938380931
2 -0.046794836702491883 -0.0085580317027336 -0.02721705091906701 0.022286136067897012 -0.0031607373718109772 0.006810459908922644 0.020584194074924598 -0.5494342015047003 0.04748542679081548
3 -0.4982492379484276 -0.3539427627757261 0.12858999397790127 -0.09905936036765317 0.053429411480997856 0.050890300195282685 -0.09400058466633215 0.06218505886794928 0.025518114581495433
4 -0.17107544669170202 -0.08491587544108473 0.03827938387090645 0.5997438524820128 -0.06162429292500459 -0.08665952905336376 -0.015201022855810462 0.06420648584143522 0.002863969743910723
5 -0.39083407835341744 -0.3214179065691937 0.11804377217407212 -0.19898262296020802 0.04023144642752984 0.007471718306122143 -0.0010733364535857703 0.05250721885842699 0.010122724266943677
6 -0.04461759574327812 0.016958685581387748 -0.10602377164000408 -0.00841427633242674 -0.020898851472641092 -0.0035621668360077755 0.007177876204147997 -0.027907077612896798 -0.5892853271498204
7 0.0 0.0 0.0 0.0 0.0 0.0 0.0 0.0 0.0
8 -0.0357869095881973 0.04677769708850828 0.022697446967995357 0.01072240673124922 0.000949555553491739 0.14117457123156676 0.11149817039339006 0.014602045133940533 0.005231157691181894
9 -0.16639377058214344 0.20931789679276752 0.11548370439397523 0.04380376231938598 -0.009227370758898864 0.4701688176504123 0.20499155906619895 0.03189750379659493 0.009611588749819114
10 -0.12138725454996492 -0.020777341374692258 -0.07595730155566197 0.004299106796532568 -0.08642083203234607 0.012126270139438235 -0.0023060883440682452 -0.37857309030660574 0.03930150966830538
11 -0.14662335969344845 0.09577258289919613 -0.37231860140542195 0.03728537991041818 0.481940421835745 0.06281529428878746 0.035441308938518525 0.0612795261162534 0.07717595456048751
12 -0.17018717645291886 0.12032988999809985 -0.39950418125996107 0.029219048954198204 0.48406296508307783 0.04767431563334711 0.022573725312686085 0.06777733580742058 0.09109820862874125
13 -0.07774081725813643 0.14366150820374868 0.0825138759582798 -0.026495266912079353 0.02056625712705631 -0.1249749109907867 0.009573682667040477 -0.0006198238399174826 0.011393886183919053
14 -0.10170499412318902 0.06731109744588624 -0.27446676755756577 0.02846683125701819 0.35526276193203304 0.035587689565748856 0.015001881711226095 0.03417722961249895 0.09246920533443712
15 -0.43320239075779987 -0.33651737285480554 0.09649374179231962 -0.19732857752390684 0.007391948833504111 0.005933587732790035 0.001934523142571113 0.031054672680769335 0.014180221313231382
16 -0.09600153156878576 0.13872224311589673 0.07075627916110043 0.017131600470436707 0.0015220833519025234 0.20860849037486354 0.15567697095652613 -0.040439850382168234 0.0072398677675387015
17 0.0 0.0 0.0 0.0 0.0 0.0 0.0 0.0 0.0
18 -0.30799879053099805 -0.24990046356344936 0.09068975203638284 -0.16397769338735033 0.03103636330155839 0.011492298286168396 -0.0003902352845538285 0.0359606786083582 0.007020746431312528
19 -0.08668392798986548 0.04754901680463258 -0.24131138689951803 0.015355925471212091 0.24729778999787702 0.002944010186830254 -0.00045245377026897514 0.014222104148829118 -0.08736130931687695
20 -0.14365182832519716 0.24430431781815987 0.1241662841695675 -0.03518214801609989 0.024667017104148925 -0.1518025274443712 -0.02705586531058009 0.0023071071704463706 0.009541018366127753
21 -0.1645350252892343 -0.0839707734914277 0.03756870185675063 0.541810164591012 -0.05587961361377528 -0.08086933457714797 -0.01302194542027516 0.054664885897428045 0.00341579653723656
22 -0.11788723426159387 0.17517049816457575 0.08370649120827567 0.031695885270357056 -0.0037568363975605734 0.3373595768844652 0.2668881590892276 0.023937864821116626 0.000735391574034639
23 0.0 0.0 0.0 0.0 0.0 0.0 0.0 0.0 0.0
24 -0.08362863553657528 0.12541528370526703 0.040119416528123696 -0.023613542451835872 -0.016820492474897218 -0.0727004008014433 -0.031299498526789864 -0.001738525936969279 -0.011346438529651483
25 -0.10285041194202095 0.10131096824750209 0.06112182770484512 0.011451618553527427 -0.007257844026859108 0.28545112531295913 -0.1281560554140449 0.011888735962438255 -0.007681843130130407
26 -0.07876323803692463 0.1406866926597189 0.07899029278522088 -0.02718955443068379 0.021690293387702647 -0.12707257329894836 -0.01134024481755357 -0.007841384437631941 -0.04981880861863418
27 -0.3667516370765411 -0.30286857006655876 0.10952913782523618 -0.19077717541499262 0.037594815257828776 0.009147484262890717 -0.0025544172210380505 0.05592113850184223 0.006906177544060107
28 -0.09674898496975154 0.1296115897403242 0.05475994558675366 0.010497112194330563 -0.010188811848884432 0.23134117391963482 -0.4302740795160743 -0.09657411512260793 -0.002201895657357606
29 -0.36525898499743154 -0.25111690020946215 0.052863363703580954 -0.1102530417989122 -0.004338273276757378 0.016789462797207555 -0.032552513412577797 0.045876881141493416 0.02760376287075601
30 -0.4296056108275779 -0.3492476314564307 0.1261315451104528 -0.17215057053758442 0.03612395195188119 0.003918901342294023 -0.0011919306449076543 0.04432066445942767 0.014153048422257168
31 -0.16987109605477313 -0.0866616079964997 0.013670581708987205 0.3652985580161929 -0.006250603125697478 -0.05469491581212567 -0.004569284399451145 0.028798241432451913 0.008352585698048373
32 -0.09989652142056858 -0.08112342530933825 0.030504537729899413 -0.02448210268981457 0.008477205941825692 -0.0030778085417772078 -0.0008670448470994312 0.01966000806126705 0.00027712343881471427
33 -0.22963039790417406 -0.18571444287411198 0.06481366973478005 -0.12756663556218187 0.020268038766941207 0.011124762323351549 -0.00042747496480958623 0.016043947360138044 0.011135224847864679
34 -0.1258710950565505 -0.05826316809016401 -0.022201435166570718 0.045925898567794346 -0.0028178334983126395 0.007701279691822915 0.02953708119567129 -0.7622920102486924 0.07079357072885203
35 0.0 0.0 0.0 0.0 0.0 0.0 0.0 0.0 0.0
36 -0.15931145050228343 0.285663763132758 0.15006885308347526 -0.05052763307227113 0.03751225356386114 -0.24165101630977245 -0.013917138993087911 -0.004229508763526453 -0.02012099694190118
37 0.0 0.0 0.0 0.0 0.0 0.0 0.0 0.0 0.0
38 -0.21257862611420958 0.29956893623375563 -0.016495782797676568 -0.04587639609823485 -0.0043548156929109115 -0.13221679706431821 0.051793440930253655 0.020050134526724942 0.10743104370596933
39 -0.049578850858873785 0.06864687635237017 0.02856061727019911 0.009921172691923393 -0.01262977129148491 0.17548583230795 -0.3531518227168635 -0.007555054868618784 -9.317358593786885e-05
40 0.0 0.0 0.0 0.0 0.0 0.0 0.0 0.0 0.0
41 -0.16963278557560965 -0.08110357475199924 0.03593161303874092 0.5084590694446955 -0.053654283069678343 -0.05961814548882918 -0.03772274001094355 -0.0184858644403917 0.011378868271767277
42 -0.16072648844154902 0.279656558275017 0.14679708844166978 -0.04147340640750151 0.026145779734856326 -0.17663852980472491 0.03475444183103558 -0.0016488430945277618 0.009890660433266583
43 -0.17867530363998876 0.3090888113428971 0.16144733846010323 -0.05049637787277214 0.03274303971399803 -0.23815805496831924 -0.0057275661559213105 -0.008557843571322117 -0.07175539556968469
44 -0.5402866444719631 -0.4141829565310816 0.10533194805004746 -0.24690124225356597 0.04332817108969731 0.008156093184645618 -0.0012698910639789669 0.06706000540760472 -0.027499073584395448
45 -0.1725533376439983 0.2948847319206398 0.15730017155788845 -0.04009043263314582 0.02636009529524311 -0.1187077502815065 -0.09611132628440129 -0.013948600986786061 -0.08410150203064418
46 -0.07291224384058517 0.10911284532297985 0.04562707300819932 0.011026848485289703 -0.014824174320772555 0.20358709274256348 -0.3179361411569921 -0.0047830628240598284 0.0087262100397283
47 -0.06037614733581872 -0.023364522854422 -0.008787741637169477 0.010572055129775755 -0.0018266232658660426 0.016874763620167006 -0.005650182757235098 -0.39939678650964355 0.0279926170173519
48 -0.1262286173561047 -0.07101501033300747 0.018778943901653605 0.3159123439002832 -0.03438386427097217 -0.0447174964665192 -0.000459960960073721 -0.09476858041958629 -0.00031836665899177645
49 -0.14585675509589138 0.25360525849857457 0.137966239322416 -0.03626309111615613 0.028480861736183655 -0.15585511054598733 0.013637177165882874 -0.007411416250632102 -0.09331859825692346
50 -0.20231497938548906 -0.15632173227406512 0.05722804021014699 0.033566535066310445 0.004174559760757534 -0.010720624501269637 -0.004681892769896611 0.03053676757128809 0.009871518865652056
51 0.0 0.0 0.0 0.0 0.0 0.0 0.0 0.0 0.0
52 -0.15105364757670792 0.22509621481158942 0.10726154519225727 0.03662518164317379 -0.006551470804053797 0.47825798963414873 0.3222468627474447 0.03647079038391714 0.015274877955875588
53 0.0 0.0 0.0 0.0 0.0 0.0 0.0 0.0 0.0
54 -0.1223743860419912 0.07110552618008482 -0.35989256150011983 0.034400659483187844 0.4657333094480964 0.008860995311543655 -0.0068133542614466636 0.05160399462260675 0.05908784721065296
55 -0.13817713015674196 0.07935268918952769 -0.40011229244791413 0.027159944124121167 0.4492247221133074 0.006960098179363318 -0.008797880416280681 0.05816428672743824 0.13503717515180544
56 -0.12445622782309923 0.07188891601444229 -0.37204884357801143 0.03395929460036726 0.4892979057676001 0.011345679095934867 -0.010826284497632266 0.0723442288473253 0.13561449178376667
57 -0.13730954468785087 0.16174673117000885 0.06925607453626487 0.09914463433549009 -0.03614986409815963 0.39328356961068317 0.26332256777902896 0.030668324368778265 -1.5525800140713202e-05
58 0.0 0.0 0.0 0.0 0.0 0.0 0.0 0.0 0.0
59 -0.17524835475354056 0.3120112063705425 0.1631682707377832 -0.0490447365054015 0.03385105587258204 -0.22727900682247293 0.004559905117205151 0.005852023823842352 0.054912822425725184
60 -0.08347188326157233 0.10690888072745415 0.024487868842938094 0.0272866911615824 0.029410453420304662 0.28910941384454475 0.13461122842844578 0.027212335890654707 0.017558995795614582
61 -0.19747189971683984 -0.16584847033872788 0.058807861628813456 -0.11782398456027654 0.023142375981277823 0.007591304860543748 0.0006980139216623305 0.02334733623077781 0.0038832341788478763
62 -0.025198394486406935 0.04043709335011364 0.021084562131984282 -9.903769348297488e-05 0.002932450190932456 0.039989418873826045 0.04825764181769733 0.00261780281987144 0.0002758388575976941
63 -0.2881275900827525 -0.16379326847352058 0.04373130530725805 0.6896192533477243 -0.04579504780392381 -0.10065901921840581 -0.011934940862558125 0.08678162955148488 0.007671205500325701
64 -0.08220010790515489 0.10792640546664536 0.04839410966930857 0.03265412034044983 -0.02111313625893105 0.3205755453710073 -0.5324049569446244 -0.009325597324892545 -0.008833851458333918
65 -0.1361355195351218 0.2339714749559722 0.11741561655918425 -0.03501973598159702 0.02074667602525161 -0.15542769313687235 0.0011708243671235076 -0.003904252370410928 -0.02475607943985639
66 -0.12532612276946115 -0.07689921701645173 0.028149126254819943 0.2788233430732639 -0.02709853914184364 -0.04071424965993264 -0.0047019516162680455 0.02914453524066459 0.0008819836303369744
67 -0.058528807767185935 0.09588947339023134 0.04971973105418591 -0.002126957457566605 0.0026966846680457272 0.028281658828424403 -0.02495026962481218 -0.0010988078063470148 -0.007533685768371613
68 -0.21653435258247503 -0.11166392480943522 0.05296943716353531 0.5909974338350747 -0.06037809725330729 -0.0569586685343994 0.01191795745709515 0.06665947366497901 0.005271510410199172
69 -0.07542337402747447 -0.03866906907768637 0.01448347894093677 0.27471418844348533 -0.028926636429929445 -0.037061977754237564 -0.0025427416982555916 0.03231238125078377 -0.003418657505504892
70 -0.31069506271051756 -0.2470100521101417 0.0784815006047842 -0.10717647545207797 0.028698721460801636 -0.0020200556845734975 0.0036488428530410642 -0.0911896639358367 0.006371457194370123
71 -0.06837180986169364 0.12500653149856375 0.06892168024691737 -0.023750739619555587 0.019096232832960677 -0.1058852903721638 -0.025929204401959467 -0.00404969838043307 -0.016316717456976323
72 -0.11459473376967336 0.19996861078249395 0.10725993885961282 -0.03294594210605799 0.02529987455496709 -0.13376167665844105 -0.03504919037822858 -0.005519660014774228 -0.0599428115287802
73 -0.2936145972528222 -0.2425425166131329 0.08965488455654454 -0.16550094648981745 0.029862390401102015 0.010327219737855511 -0.0007311427250592602 0.026199762950518367 0.01329579618649621
74 -0.1306133262135077 0.07264446370367317 -0.3713777954462397 0.02936234668454877 0.42066928901615436 0.00869788674577316 -0.003971291888918503 0.05779863311158898 0.09810843289843559
75 -0.04006527445786981 0.06253926838153774 0.0353118279519618 -0.009536995626831753 0.0076667941473488295 -0.016629841898383468 -0.027814013922175435 0.0005642546394802117 -0.007160723842973296
76 0.0 0.0 0.0 0.0 0.0 0.0 0.0 0.0 0.0
77 -0.035805080876553166 -0.019360447464314718 0.007316831768887923 0.11984896450871886 -0.013300547359141317 -0.016373932891556385 -0.0037366590101947767 0.011637920158823107 0.0010215110426047942
78 -0.11518058290779112 -0.09641368941993474 0.03435513254958417 -0.07253272867511039 0.012399676867768498 0.0014160000677539372 -0.0004487513210501011 0.009760498218192228 0.0012026623636898295
79 -0.3311172774726104 -0.27579330778571104 0.09944199809035117 -0.17394189355306125 0.03347953246378307 0.00484447039046115 0.002236692107665384 0.029498199580446183 0.008459772878378314
80 -0.009427132827251465 -0.0041830998196680765 0.002014030125989005 0.03487060839357993 -0.003479585095985377 -0.0045112561959273255 -0.001281790248007044 0.0035486300618847643 0.0012052063911297522
81 -0.18586595676550835 -0.09547736963089035 0.040681723746657225 0.5830356269275484 -0.057154690890823534 -0.08391679078252498 -0.009566302525315455 0.026440802960320177 0.009485559468327527
82 -0.05395801215601901 0.033272812313964104 -0.15229104899417303 0.014341399714923521 0.1783794151999171 0.002043444359744584 3.1274387284932964e-05 -0.0373231137242769 -0.011820666573839574
83 -0.11358087272042548 0.06699237877695301 -0.3301267227904637 0.030939506304063308 0.4344988665266185 0.009002126889540095 -0.006998857779007557 0.049097446266714924 0.132326782852716
84 -0.06669636602993032 -0.03549798626452112 0.010288721294307251 0.22214586624606203 -0.024302263095011316 -0.031113128141910258 -0.001547242036537842 -0.02587146345409708 -0.007278943895970647
85 -0.10357559904840656 0.15268752150970696 0.07567493174582092 0.03840376257760104 -0.00869047274635377 0.42646295662419204 0.2425600071959942 0.022916381842279062 -0.007876979837206893
86 -0.090422091266933 -0.039815467950900955 -0.02714955586072917 0.01881210940710427 -0.029923055113041244 -0.002082769801594165 0.017500768399134142 -0.38123549999234174 0.031496904429838456
87 -0.5159795845153085 -0.3877041983466695 0.12023786373379379 -0.04456758411916067 0.0239235871718043 -0.010368568077855217 0.006621207987569056 -0.3290574910891468 0.052128734229093664
88 -0.011355974620345835 0.003595280749526817 -0.02324539916951632 -0.0019968077900190326 -0.007816499105646675 -0.0017059489772081173 0.000569105628538495 -0.010182066395086007 -0.16676062535792952
89 0.0 0.0 0.0 0.0 0.0 0.0 0.0 0.0 0.0
90 -0.17722683351256815 0.3124121384864001 0.17158068389422446 -0.050632667313042175 0.03828022268886161 -0.23274558882151744 -0.07023175561162268 -0.008521948479635012 -0.06723347461607812
91 -0.04909908120868759 -0.024678599180383717 -0.006803669841792852 0.02720509582794382 -0.004499470274995281 -0.0001283286167863634 0.007744322137616388 -0.24316236846189374 0.006788083788508037
92 -0.27232309845817904 -0.22304534567536452 0.0801945773882277 -0.13100281761572696 0.025211677709255233 0.0005015996387178215 -0.001492436097105135 0.03279586331575051 0.0011426933817151636
93 -0.11136543757450365 0.06359881768107395 -0.330492188487932 0.031400328205500094 0.43750744090248705 0.011652337206090446 -0.007932059989913759 0.05551067791127211 0.062142778843235984
94 -0.23114729330923678 0.07261814958206263 -0.4366731072485984 0.025955450833307407 0.3279236085226957 0.05287911733910451 0.042475477701273474 0.09499812766526171 0.08581113070828085
95 -0.07559608574860158 -0.03848101220418305 -0.009959736215914063 0.0015666342593772657 0.00047841165796470907 0.008364393579417512 0.015454435551124732 -0.4139789218507957 0.0351208530537772
96 -0.03038378479258781 -0.005790446402072255 -0.020377374606053638 0.017201467908382957 0.0004412398447725303 0.005462198500495595 0.011150932850520712 -0.3462868900377561 0.029114332552163634
97 -0.14522274946852254 0.24893297200287426 0.10398538597377927 -0.041339844427712595 0.057018077012410816 -0.20691568915588815 0.012094187751400684 -0.0033316290161046 0.027154531420061488
98 -0.33538336427506626 -0.2786854050530529 0.10002465891932871 -0.20662709271164395 0.03585277611070024 0.009688936625127837 -0.0006098492842518076 0.03558843126699173 0.0070688417070578925
99 -0.1940738542978861 -0.10672257341137178 0.040587784712034815 0.5923804404233896 -0.05875714977487141 -0.08136906189009264 -0.01297082653440651 0.07177419497597459 0.006641812630029451
100 -0.10300857209599547 0.1791767959248246 0.09778582055446455 -0.029153581652004046 0.02098978301816911 -0.14188451854167763 -0.012316756464327757 -0.008317545446013968 -0.05173216945091317
101 -0.24504014419223616 -0.13779295128758717 0.05408224343731882 0.4992304180140013 -0.050453562039196244 -0.045347486530512855 -0.03075279765941549 -0.05056926547008278 0.017748116207502232
102 -0.03542108227377077 0.05380811716174908 0.02810271537610714 0.011093423978767118 -0.003376027518668392 0.14823625059391052 0.08156524322222393 0.0065011633572762 -0.007064000633936674
103 -0.09944395944399287 -0.05054232508802701 0.02183362917915044 0.3292625726220043 -0.0328870332974788 -0.04611294068119332 -0.006825603004052763 0.027157558710775423 0.00405321291417827
104 -0.10011286754889427 0.17800163394541818 0.08933580423613041 -0.026342511684525453 0.014280078862884833 -0.12824430920680877 0.008676205497472923 0.0017348811545245567 0.025874189004832775
105 -0.21885933854371495 -0.1254503019024547 0.05186848164251446 0.5826943766951773 -0.057775543421040715 -0.08887852008001276 -0.017968718015762653 0.059121254176194064 0.002348667554470693
106 -0.0804547564388381 0.122470320579164 0.061308022949404066 0.01724449354917035 -0.004304536501582207 0.24990420271329 0.13176343952281763 0.014183784395900024 -0.0004920276359436279
107 -0.18090760346925774 -0.08827317978507883 0.02459630476724198 0.37905385019853305 -0.05394599985211986 -0.028165078516462144 0.009853185585596027 -0.026451237195122674 0.015881140895559923
108 -0.22501581998125458 0.38879649907659614 0.20668442360217254 -0.05196704403052178 0.03978118333123992 -0.16911887908752904 -0.02344842477066971 -0.0029884295165180496 0.01761648766920932
109 -0.03255156339428298 0.01614337312099753 -0.0606820299013053 -0.002544305572713725 -0.007333542325240337 0.015591378455296878 -0.030263104463069065 -0.01765020071288205 -0.4229522446142672
110 -0.17586658000573235 0.29173728052491693 0.13941719690257331 -0.054052471432255764 0.0127659400737509 -0.19165854587000875 -0.10044273705299164 -0.02060932005898743 -0.07456417945277384
111 -0.1791337370605227 -0.09290598689170225 0.0402130011133917 0.5656440502582396 -0.05667827434978822 -0.0826171683838214 -0.012768627177469882 0.0687168930149614 0.007834200447654779
112 -0.022061375256409662 0.013541995353565513 -0.05970409234705173 -0.0009235596855786135 0.018068850722103087 -0.002135747989590061 -0.0002762843968577802 -0.002212591513838774 -0.1354274406044552
113 -0.03117734007780164 0.017023647366481803 -0.08691980400186605 -0.001835114165915462 0.026837493599183183 -0.003271200759085143 0.002712372597431575 0.0022752949372009655 -0.16148497386375238
114 -0.024641087239190947 0.009553426504190667 -0.057171762971710754 -0.003198737006084552 -0.0016260945346128913 -0.0015640425282875327 -0.00031074193534925845 -0.016249909838101876 -0.3822319061681559
115 -0.4683760532112216 -0.36219175217601796 0.11327939609255222 -0.16921806286967905 0.013951611123267392 0.00165132996829987 -0.0023482285094230085 0.05496843906485056 0.008406240838786742
116 -0.013605959956831908 0.0064516169428488705 -0.039040477933171266 0.0017963404665716771 0.021889375631762645 -0.0006893819347848471 0.0012154865730612547 -0.0057323649978185415 -0.19667271639691766
117 -0.09453325225771483 0.14547256394738983 0.07552441176956164 0.02305057148678099 -0.0025957696929324622 0.338328156567545 0.17246543575699524 0.025374378362033493 -0.0021959372482258737
118 -0.022560347707066844 0.028540303193550966 -0.0023658848759711354 -0.002429305334922395 0.0037586215179129467 0.011733071981101793 -0.014388941921159146 -0.0025640864183922225 -0.011970387507510971
119 -0.3976403938674484 -0.2823548498447165 0.08457280246344763 -0.08048183970252692 -0.006968270379752891 0.022100664425862233 0.01778763425272275 0.042828408344349846 0.01256662456670225
120 -0.049452193837272326 0.07130813988676109 0.03447706902217764 0.022233325381514228 -0.005089812972814023 0.19999790495198266 0.15438016401644802 0.007008194368033164 -0.010558027814077225
121 -0.32742717045685943 -0.27201495953018484 0.09930011214407825 -0.19196383878268683 0.03667169276436494 0.012392454252483065 -0.001244223103213244 0.04433658724645292 0.012156870741436468
122 -0.030531346269751763 0.0015704913998162097 -0.011238031852094148 0.015003443738524368 -0.0016235389384883009 0.024719903602498327 -0.02051587067037333 -0.33632555618336823 0.03603662353888124
123 -0.06601838492470091 0.09381069916291149 0.046924817777490045 0.017831389920414085 -0.0014113486769156472 0.26038037942103043 0.13403423272480833 0.020570808686198972 0.013028516178853448
124 -0.1004116322633694 -0.048430350642320916 -0.017050704536549537 0.04296018074063244 -0.003986179212576494 0.006014183389433471 0.02422807724554423 -0.6160262220143434 0.06361293459299856
125 -0.08694332610966717 -0.0495924884206354 0.019884805764187153 0.24634818947430037 -0.026392227198140748 -0.035965649884954314 -0.00597281830475238 0.027202039496535827 -0.005633912007468091
126 -0.05198207279468338 0.0769810240246838 0.03883990178542182 0.02013539966010133 -0.005170849198957489 0.21410270203601497 0.14796691252685423 0.016623735339654704 0.0011079894224715378
127 -0.10597211595923288 -0.05458262342481932 0.02077023100729279 0.36512089392302804 -0.037224745564816746 -0.05011020261053654 -0.007788725945606991 0.026325253694592158 -0.00021016440979667922
128 -0.05970682910824602 0.10088432079503631 0.057141607208940376 -0.01195140295322339 0.007825804066786983 -0.011428479040308625 -0.019735367035809966 -0.0022969699871660857 -0.02098555842920524
129 -0.10279114958053386 0.1523241652333618 0.05949405225429548 0.03187175296957852 0.016478182387061384 0.3736534031088182 0.22223893354492594 0.024990494394894928 -0.010562901000362376
130 0.0 0.0 0.0 0.0 0.0 0.0 0.0 0.0 0.0
131 -0.208918362055602 0.37578860780705947 0.20549212942249462 -0.05859747749104754 0.0472264959160315 -0.24757209552640064 0.006096850483217911 -0.006908668447829492 -0.02331944106176969
132 -0.020033056033978962 0.009176094813921717 -0.050038019272711724 -0.00463090908169706 -0.009154631284825193 -0.0026367215880257516 0.0012929146931853449 -0.006622252633565114 -0.2300248198482025
133 -0.09311308508041649 0.11272893017210014 -0.012478084718366237 0.029759967772639274 0.07624290322714312 0.2908387928368843 0.11414086743266351 0.026968892750308778 0.02445818423517384
134 -0.13319664772457435 0.2349805640755221 0.13026494133394456 -0.043230282758071996 0.03207294208418243 -0.19680373616616578 -0.04064839877826597 -0.012491719204436173 -0.07289356002174677
135 -0.07306982040286572 0.03434801341396784 -0.1597594243339967 -0.022471512017272106 -0.10937006673157529 -0.009743618777688944 0.0061940593302238335 -0.0021830527682145935 -0.5348521768279646
136 -0.1631477922472188 -0.08670308971967164 0.03621191640435219 0.565550057482099 -0.060056014253713326 -0.08079290004192904 -0.01169211409560576 0.05159822433344839 0.0012892804125206384
137 -0.11979066914599541 0.06270108452397903 -0.31390453710343424 0.0038634083981688096 0.16420855595970718 -0.004146016860602875 -0.0006777085084879689 -0.010066217664834126 -0.6244808393236942
138 -0.4163793358291617 -0.32353536694636853 0.11989979223795554 0.05417482821510162 0.011007346749697734 -0.024596700310784578 -0.001990353634220129 0.060027819012257684 0.015959983826565025
139 0.0 0.0 0.0 0.0 0.0 0.0 0.0 0.0 0.0
140 -0.02721171977150814 0.011779205020153878 -0.06217675840309976 -0.0022400294960846544 0.00693408940337985 -0.001043646739444009 0.0004191492496535895 -0.018245706645392296 -0.3647856643617422
141 -0.022789077449503075 0.03239799135671741 0.014367100239946999 0.004713447862863418 -0.007394577517166373 0.0940306662585346 -0.16353560338759193 -0.004749994978519251 -0.003110537878559797
142 -0.10499775531096513 0.15658621112277984 0.07802427714405227 0.026266173053246328 -0.007111558755115467 0.3797550771168292 0.06359302340436213 0.013808232433054717 -0.011023361646986215
143 -0.4320285699696809 -0.35535727545466983 0.12625414226275794 -0.22708909707698627 0.04415094317211756 0.01083160081118701 0.002832962514596437 0.017888014078366703 0.017552414738123218
144 0.0 0.0 0.0 0.0 0.0 0.0 0.0 0.0 0.0
145 -0.10032927914601543 -0.02386648870902884 0.002950350136057794 0.029014578478190934 -0.0012572374889114474 0.05561607921778066 -0.030639205482940496 -0.433037755892836 0.046417876577351566
146 -0.13896336239079662 0.24712048724021227 0.13740055547569882 -0.04591732045151943 0.03678989385934215 -0.21089250121970987 -0.013437478741047995 -0.007372478059077474 -0.04846220195479386
147 -0.05555818511599815 0.07945544605192717 0.03584117579355876 0.005403244077080229 -0.004077633358771276 0.1537857705640578 -0.23480560590106228 -0.003054877279660219 -0.018586587908274926
148 -0.12293662009303567 0.16770273663957602 0.04615406498214506 0.02916545420375909 0.04531029728488853 0.3696223901855844 0.22240856359913144 0.03335815551375163 0.022122758828771606
149 -0.008857986548844751 -0.0011224604171421522 -0.004706008883779783 0.0063994188184376315 0.00043773862873682445 0.001463754764697649 0.0033857412778307387 -0.1041618618156983 0.01046356795198615
150 -0.08061089653638277 -0.024245470477716382 -0.0646918875405578 -0.037383411100616576 -0.030660417177275395 -0.0009712351085530751 0.004463932294759015 -0.007826928287302413 -0.4251151688159414
151 -0.05470794993702412 0.024389904128505516 -0.1268477361715579 -0.011486709719869708 -0.07088813977883349 -0.0067412722419939765 0.006064889977475114 -0.033414328936453914 -0.3495010535335482
152 -0.08479665468815331 0.015371491568381537 -0.13007416464294005 0.00902323488681273 -0.06593073277648387 -0.006265871267801395 0.020111331400210083 -0.3669747157832125 0.002384439149558297
153 -0.05465768892342116 0.07735207486528653 0.038427769300616796 0.01607842311818861 -0.0007880111420460719 0.2330532988609577 0.1430228888421045 0.019138423013030714 0.007355691419630844
154 -0.017747220238567445 0.025936003126652875 0.012481952122676334 0.004738792025763787 -0.004242677110181129 0.08942912228413465 -0.14278898288674624 -0.002395515941026957 -0.0035083053300813635
155 -0.006689812032088414 0.0021142698017494253 -0.015619394109127889 -0.0009533352445288715 -0.0002751938524120232 0.00012988527682522368 -1.881514998287285e-05 -0.005786758237999763 -0.1248185101744459
156 -0.04023636093982339 0.007251967352422968 -0.06775106373973873 0.009216320660624397 0.03401912451925926 0.001079379653150376 0.006145603437402576 -0.19131615227153997 0.019975640939753386
157 -0.1115256232530707 0.19485758683238077 0.10530219500143394 -0.030323852520594156 0.023912589737419436 -0.11714921243856076 -0.10382099492578865 -0.010565776393787168 -0.07921966942378103
158 -0.45914541899778594 -0.3684318563964285 0.1162441399073424 -0.18153704387368702 0.02148191197684264 -0.002282277355914833 0.0006387262179874761 0.04655480399147199 0.01887181830630251
159 -0.18360207949346338 -0.14321468836463594 0.05326102445479411 0.05122118833962538 0.002118474877501384 -0.020568662667716113 -0.002677269290654242 0.0270543447397053 0.0047586011866529694
160 -0.0686157638288149 -0.017802157244243437 -0.04359794553241636 0.018129348598366787 0.026641252386013357 0.009479824298576767 0.020504511717123575 -0.5377717967056915 0.04911886132910451
161 -0.24914217410816447 -0.19467643645981936 0.06957378134408793 -0.07260182999213903 0.014309503390690807 0.0022020469494712365 -0.003969632186901962 0.02363072263256834 0.0047413140158897695
162 -0.04765446450673455 0.026975796875400304 -0.13830106426329983 0.012041526594004873 0.176778254027408 0.0031231018049609986 -0.0003338768268992999 0.015085461831367058 0.04574756534624146
163 -0.06680698172433051 0.10190511418055632 0.05163890611633765 0.024275972386936503 -0.006285816094823622 0.2786228235611784 0.1673603412172679 0.012272706808542222 -0.003912189280506706
164 -0.025120673346970806 0.03685745358548545 0.013785744747724158 0.005848465761268391 -0.006933939278425016 0.08719301584511573 -0.2223527847337323 -0.005711682565558618 0.006317474116159048
165 0.0 0.0 0.0 0.0 0.0 0.0 0.0 0.0 0.0
166 -0.06113191991631339 -0.050059200505933044 0.016515624523205336 -0.03611264992897173 0.005832140692421072 0.0015692181663174067 0.0003554767218002799 -0.0015704416555219517 -0.003074545041728888
167 -0.09114836889307226 0.12172479787081249 0.05986018201309195 0.03698106967110517 -0.009776104596553797 0.17876206194848387 -0.17776974879724197 -0.011728179093472707 0.01251530175172274
168 -0.03428142600344728 0.0428130391622041 0.01885658947090062 0.008311590881339204 -0.0039229222903381525 0.12723282198248356 -0.12077439945595436 0.0005011199019636631 0.0066541471929769365
169 -0.04026817872706212 0.06162216958535001 0.030190411433880203 0.011928931510889812 -0.0017808047735671801 0.14860396620526553 0.08680487723484585 0.010504920708618337 0.003196789281091742
170 -0.5036599140726769 -0.4081040802048672 0.1478604849713993 -0.16084196750459193 0.038456118944062194 -0.0004606390296253906 0.0005097673883241439 0.057296631098049534 0.020781151851138782
171 -0.04830172607462201 0.02204018778470411 -0.10878288487499208 -0.00909787060248168 -0.04078877484414979 -0.0061599496015026355 0.0025605134486040375 -0.01926324749460239 -0.4045691252870097
172 -0.048039284499054716 0.07313926888841381 0.033076618490902945 0.00404441289721672 -0.007335155910202424 0.1466222524587402 -0.32871616496949296 -0.010068945508892741 -0.01014197760175895
173 -0.012235383242071284 0.018088321230548418 0.005837080539092172 0.002408826151523396 -0.0038270725007764008 0.045348056715217036 -0.10580553016465911 -0.003082574954660281 -0.0015377225773042145
174 -0.3007874162530557 -0.239242170828259 0.06779247232666473 -0.16238802826101706 0.05414104083135066 0.012000426842033793 -0.0012748840526669867 0.034023527863629485 0.016131197470966148
175 -0.09114355582512142 0.1197827254703914 0.029350219909860007 -0.0024786914213989356 -0.029808411996520415 0.1641890346598266 -0.23508911678585284 -0.056538182356088616 -0.018070790075026183
176 -0.06832956345793349 -0.004092668009563844 -0.06930411896211174 0.04562687627105284 -0.007797585253907673 -0.004099876306849128 0.01674934408018281 -0.46076771361619046 -0.009484598898614202
177 -0.5490665660283678 -0.43490638770579354 0.13344273898998465 -0.27849934566198903 0.024273781246162744 0.010160466487940367 0.00010969772532533898 0.07534744490099966 -0.020623296882867796
178 0.0 0.0 0.0 0.0 0.0 0.0 0.0 0.0 0.0
179 -0.5315477573521656 -0.425182916255185 0.1530719106436212 -0.13582550814628402 0.03685056311413398 -0.0025832523696448974 -0.0017033019752720883 0.020901407893736484 0.02400479959775937
180 -0.020843562068248583 0.0231166265478689 -0.00871128837674597 -0.0061781054126213925 -0.006239797641041802 -0.018440843282737644 -0.003429490422331238 -0.004140389192453867 -0.16405750714284148
181 -0.07733190849293305 0.10864937587317278 0.048149868603754434 0.021860084079931178 -0.007790789785643238 0.2954243324624748 -0.09342928899421511 0.011495652223210655 0.006476319388651239
182 -0.14326360872389027 0.05409299452970198 -0.34362203448052603 0.023921439765122208 0.4517714639518706 0.01215832206841153 -0.007286054600287181 0.061042505026117744 0.12711303513243175
183 -0.08169238616469579 0.1215867962716342 0.061462299454341125 0.029512612607250494 -0.004755866372092665 0.33347041359445595 0.2835560507063877 0.019195794832454358 -0.005910239836149226
184 -0.014572610338384112 0.006007829490927967 -0.03718950840251565 -0.0012542306975029832 0.00935765113254144 -0.0008893136606158699 0.0016518915391846958 -0.00603194733917627 -0.21751518552256918
185 -0.034710162831150214 0.012608553111960661 -0.07447286342330188 -0.0036816055229779475 -0.0034721658664310607 -0.0011430868818271846 0.006558242287774517 -0.022303025824548225 -0.5026721317189855
186 -0.007323155222267743 0.0007936780486079606 -0.009331239911283104 0.003358655475924411 0.010561397532768234 0.0017025201006102733 0.0006440239261083519 -0.04407442731897227 -0.00010271822766584
187 -0.02915991328578374 0.0179891361638203 -0.08592078866556488 0.008274836955409601 0.11321422921214289 0.002614948391620192 -0.0012804734398704943 0.011963282482914986 -0.00783699524332755
188 -0.02077358307496481 0.034483157836128674 0.016451897981993594 -0.0009666712263556369 0.0019896220582847515 0.025338868240429604 -0.09634071798049844 -0.0031413355241853794 -0.011043069984909901
189 -0.05754341989752727 0.09231662409958317 0.04278123631426741 0.0024891538818609745 -0.0060062901737754195 0.12208186624899753 -0.2924262060207992 -0.006000821550847796 0.007991409591028075
190 -0.02053730334607462 -0.010503882866752046 0.004601901794159955 0.07836157704752049 -0.008439417489639906 -0.010813798473795959 -0.0033911088245311373 0.011080725507610448 0.0010130825597955652
191 -0.08859258888529725 0.12344541141405213 0.06132810833133329 0.029500212532808812 -0.004093155525705707 0.3526319591651686 0.23780589667031327 0.02356098731196886 0.001978764126861981
192 0.0 0.0 0.0 0.0 0.0 0.0 0.0 0.0 0.0
193 -0.06925275445537704 -0.040424064079410196 0.014246857286925806 0.20364677697547776 -0.023200121855757448 -0.029748630867361993 -0.005268536125996195 0.013053663168957915 -0.0012900763116780744
194 -0.03717094210833446 0.01910555507626514 -0.10836723631484703 0.010754725965022837 0.14427669017270817 0.004165221251144928 -2.9745906595801863e-05 0.018808231965663443 0.019904266153818878
195 -0.019822135441275496 0.009325412710327332 -0.04990068782244795 0.006782665527296327 0.05613530525384829 0.003910082646998754 0.002407318464625579 -0.04984820441886244 -0.003746468321041418
196 -0.006860797749965009 0.0019327492691616566 -0.01570079083176568 0.0014652653732181733 0.022245531260582634 0.0019220843525394004 0.0013492802481854065 0.0015779778417117033 -0.0062133242110178335
197 -0.07588741217853665 0.0434487089066474 -0.22294673443478988 0.020202366660878452 0.29498077371246506 0.0042708028182344045 -0.004556627647824807 0.03185805321033102 0.06028966070943034
198 0.0 0.0 0.0 0.0 0.0 0.0 0.0 0.0 0.0
199 -0.37033404255306435 -0.26084221086843074 0.05596271186359694 -0.017216052129802577 0.03625431225328831 -0.0071884499400551895 0.007076276554171865 -0.15445182900102614 0.0393037136089014
200 -0.2758831396134206 -0.1828583259992451 0.0731375321570278 0.43256127055949145 -0.03708000052920754 -0.06579010952541219 -0.008693803137340847 0.05696167704907678 0.013980758730876565
201 -0.21134157007331802 0.11719695171075546 -0.41594468299650783 0.057713242150454515 0.49152899764384034 -0.03162261340238873 -0.005856001943200136 0.00046163001753539597 0.15519039554350708
202 -0.03081763828814688 0.043729421263924144 0.020811760268269038 0.015898859849629444 -0.0037849618387847915 0.12906839229129183 0.10461662138575546 0.001820995587163129 -0.00920449546089607
203 -0.02967568888639159 -0.008981790455841356 -0.013049111767343516 0.03603056082494421 -0.004116449235599858 0.0010287905289505582 0.009483822404387963 -0.27561179942513736 0.025639969219688107
204 -0.09876739968197847 -0.051357400849723935 0.020621043430539596 0.3554787136119014 -0.03617835609950585 -0.05013816191174701 -0.006480160349019023 0.04640756192745466 -0.004209295611250703
205 -0.024635632145207594 -0.01357826833966598 0.0011503725451001603 -0.007064466370962192 0.0007796021181214898 0.002161010214128262 0.0007181738475764484 -0.06468626252719002 0.005653632604843465
206 -0.009323892205483672 -7.874870967564884e-05 -0.007704362690511764 0.004432926298772627 -0.0010773592871055396 0.0024891265157746 0.005521644931059148 -0.1418228425924027 0.013267888817330686
207 -0.16513411849833873 0.28668586416940944 0.14863220559617327 -0.04571342445445843 0.027809794747161252 -0.20245636470161102 -0.005471536784575684 -0.004339125851714169 -0.02075995469705827
208 -0.03505018612290985 0.046991912719210376 0.02036266699775254 0.006880297568593365 -0.008558486132306128 0.14329593098753282 -0.24017861065377533 -0.005354969532942409 -0.003972517752224216
209 -0.13910449172963443 0.09794192309556125 -0.32199124301484694 0.007714582771231898 0.24525675031608987 -0.01577698680198752 -0.0032364093203104778 0.03186169669560414 0.11366006107107436
210 -0.03656795866909706 0.046655167153341705 0.02057493242510129 0.006248740984211168 -0.009206808778275434 0.14033901667936188 -0.243508566102537 -0.006786125343176273 -0.005736539306922351
211 -0.035925112374758435 0.012976516417825844 -0.07695435889122257 -0.0014403169980209698 0.011375819016512363 0.0006596566425205831 0.004984896994384599 -0.021582819822283758 -0.4559937557152222
212 -0.05249664903315391 0.03232468749831322 -0.1659848341965713 0.01255787833893417 0.21318743435725399 0.0035711924358005544 -0.004400697463742607 0.028222534404308684 0.05820438925603401
213 -0.0925639897138213 0.05542505319754041 -0.2683602701651222 0.023113452084358346 0.3431044742395872 0.008636352424950066 -0.006677931186026161 0.04659957162142375 0.09959771988194344
214 -0.043001278119504036 -0.018363325019842437 -0.013626883013098296 0.011701813798674968 0.0033422094666567034 0.00447017609415899 0.013574502813784754 -0.34152693989438165 0.03639060545717954
215 -0.07849212769260258 0.13101487641128076 0.05023666763033158 -0.023723232096781312 -0.005812315684550892 -0.08865888583917157 -0.004891553166020296 -0.010070167396903727 -0.010829339610852938
216 -0.09457833112994857 0.14078202908802281 0.04936880536327924 -0.001153946399153766 -0.026909304870214503 0.16512688900996206 -0.25329154569351386 0.00025458399729740927 -0.014466557577516038
217 -0.13895385604230195 0.21581380310443357 0.08929394180923507 -0.008034868840914772 0.04574974878897814 0.07577637924230761 0.029643323663627118 0.016490778472418022 0.028117256848615074
218 -0.03227652902905925 0.011859985779582829 -0.07383550117701139 -0.0025212784295357104 0.0013767995496436333 -0.001223956757954148 0.00591070871793072 -0.02420408394115375 -0.475979348561803
219 -0.11633548073388206 0.06814177874537967 -0.3352965617163589 0.02805914632401704 0.3933255515639637 0.006081129982513544 -0.0034412109977095947 0.017042974215267476 0.08294735874322398
220 -0.16325899855081424 0.15745468274356247 0.08595127132389269 -0.015577274954230825 -0.017507735419593433 0.16935494858568878 -0.26333931493522594 -0.014424372336198508 0.004794574966259985
221 -0.03316753876658196 0.04497479077470789 0.018786084632178308 0.004329354564568383 -0.005470134282779191 0.1193087985799011 -0.23617383960996916 -0.00659726957521248 -0.010718020321501112
222 -0.0027956896049965477 0.0037466181214136627 0.0013417543690110725 0.00036025269840539334 -0.0005162755157898417 0.01171639436461813 -0.027115954826885506 -0.0018412088579096019 0.0010269363564486215
223 -0.06952454091634248 0.03907797679398436 -0.20362132461395846 0.01982057850921486 0.2630258822936508 0.004221127071416513 -0.0015126839806178804 0.019913734990983048 0.03834680379766075
224 -0.14440726839550472 0.08358866872648502 -0.4052188823763017 0.020869253463247427 0.3718124069665259 0.0029246988616923363 -0.003888470576665451 0.03407965371182033 0.0041294045810362015
225 -0.023144868007060816 0.009546689370380114 -0.05707145397236978 0.002528429750005394 0.04758740621659627 0.003467712559288789 0.0033414839257842385 -0.0026489679466339114 -0.12234603723316666
226 0.0 0.0 0.0 0.0 0.0 0.0 0.0 0.0 0.0
227 -0.3496086973183007 -0.28061069763411217 0.10220570728020553 -0.1467335962559404 0.02892587455657176 0.003361921510579966 -0.0014519958844078037 0.045381031166770204 0.005288549721710016
228 -0.09125445813545977 0.14019679462204354 0.07130436038791009 0.02513806955772889 -0.003779050808076463 0.3349367176075062 0.20400465837370246 0.023331437696354197 0.00744804804873962
229 -0.039760251408839285 0.06495687528610626 0.031038779732720356 -0.0016324869805875524 0.0002553879434017889 0.04692253614386709 -0.16453651738212396 -0.004869899760929075 -0.01854915992256855
230 0.0 0.0 0.0 0.0 0.0 0.0 0.0 0.0 0.0
231 -0.09211656880613518 -0.04788604835038377 0.018175001715228244 0.32901489077575696 -0.0352183431792656 -0.046597470143344935 -0.00818044591456227 0.03366018044047972 -0.0013124372026519862
232 -0.11691569772525102 -0.09747686359023341 0.033554984066514706 -0.06448886067171228 0.014252773943167972 0.005767708592591322 0.00012009443014948247 0.00593824856454812 0.007221156803594412
233 -0.10810356498184014 0.06374564620158502 -0.31816412543918526 0.024411897382801633 0.39579312470403494 0.005167228609419577 -0.006654689313990584 0.05065248376537515 0.07986441437175522
234 -0.01684794453822315 0.02393862962577541 0.012708308161877084 0.006537903293033669 -0.00223686291956202 0.07549891170917052 0.0513386832209773 0.005614720160354015 -0.000371848836779005
235 -0.12557986678212524 -0.06909241428458295 0.023311114336439936 0.3352523061591722 -0.033746602146766794 -0.04258143324616761 -0.006021716971517808 0.006562654584102618 0.004911649781828691
236 0.0 0.0 0.0 0.0 0.0 0.0 0.0 0.0 0.0
237 0.0 0.0 0.0 0.0 0.0 0.0 0.0 0.0 0.0
238 -0.04241652066695883 0.016513416432124183 -0.09167746524240628 -0.006566544647289733 -0.041986146309560976 -0.0028770232478706557 0.008754463873645063 -0.045023271941630014 -0.2922534590108172
239 -0.15294377661948907 0.24851192642639203 0.12486080992064948 -0.026388051887370235 0.01369380089687652 -0.05278878916323978 -0.035448366588458464 -0.004716583973365415 0.00042833630330315806
240 -0.08333159758752262 0.14813715783009157 0.08072538619904171 -0.023446484536474504 0.016874286894954005 -0.10625472280820417 0.004125815634989415 0.0023581909815440635 0.02245455391999202
241 -0.01609581260275637 -0.007419055177168885 0.003707158201436996 0.06665708607959503 -0.006674022217945417 -0.007988118879942312 0.00037240922906530294 0.007556409349145636 0.0010835011560868162
242 -0.15444092011145352 -0.06848292007240164 0.036976710899587685 0.5217099959685563 -0.05778199396062141 -0.04531388245904036 -0.0648733095075777 0.04809079006299147 0.002402369179315537
243 0.0 0.0 0.0 0.0 0.0 0.0 0.0 0.0 0.0
244 -0.09102897031058382 -0.07233537544370393 0.02688930216651985 -0.0006754771191024683 0.00335369385881067 -0.003343529032520636 0.0023729159949453303 -0.00727770443428906 0.0026480877445307343
245 -0.04263188148680821 -0.010067242025008232 -0.024329546204084646 0.024094750947441644 -0.0008923293067239259 0.004870375067744278 0.01768882642487837 -0.51386149817227 0.0573404286236451
246 -0.05658581196143761 -0.027759967602914003 -0.01035267168318171 0.020795406337330038 -0.0010235514367582979 0.0035550594611236295 0.015153033362375104 -0.3526026748587013 0.0377731432645763
247 -0.011109504660114084 0.015903579215870503 0.007469571606923613 0.0030893771650149482 -0.003355014652164548 0.053569591714093485 -0.08235503800947157 -0.0005041919247601842 -0.0004564292126855033
248 -0.3963692117200415 -0.331620999191683 0.12126915913360552 -0.1992566434133189 0.04173262035045648 0.003397663466688825 0.003645810100125882 0.03904813173654149 0.012910596050731736
249 -0.2796861248641699 -0.17197450761620323 0.0565743556469641 0.5013450703182569 -0.07096753396086183 -0.07865575677701672 -0.017151576338088257 0.07273291935441377 0.021851688356529078
250 -0.045306562821968946 0.017123436069013436 -0.09292030704589167 -0.0043162914628631956 -0.0063646745561473815 -9.086422046051846e-07 0.007040269598751134 -0.04971993659414864 -0.2938513924368751
251 -0.037698498780964956 -0.013920500551611717 0.008895482105100673 0.13961792434073256 -0.014901563701353817 -0.021073634265441666 -0.003613480474523046 0.012758363070984423 0.00182477223655321
252 -0.10944763080433324 -0.09195719180607642 0.03378930345840367 -0.04156442047845932 0.010054717146941021 -0.003576476723626025 -0.00045880381125200885 0.01804835407132194 0.006257147677875073
253 -0.02574423034772507 0.03895643940319621 0.015473691846845859 0.005802773076437724 -0.007477755737237541 0.10004408993813015 -0.17106152364532215 -0.002635584089329183 0.0006302392401185111
254 -0.01052560361234266 0.015208713933836809 0.006132558882210188 0.0018286286423983555 -0.003045028932681495 0.045228531543379566 -0.08193597071892877 -0.0027160949112343103 -0.001462625536808801
255 0.0 0.0 0.0 0.0 0.0 0.0 0.0 0.0 0.0
256 -0.12978873947162148 0.07406984233351806 -0.37535558835847466 0.037214714297321996 0.5015123334127403 0.012182852419030133 -0.004142515920337524 0.062015697367009355 0.10287956584263638
257 -0.09053727183426044 -0.04754062580158505 0.020714933932414678 0.320670493908254 -0.03404519575809256 -0.0454604878754839 -0.005346527270242949 0.03856475477733864 0.00038510660718839534
258 -0.18409235253045708 0.12471897002206943 -0.4587433388778516 0.03011146772461228 0.4839602263617218 -0.008466515098037832 -0.008246654106349654 0.014269546199245326 0.14445236899241193
259 -0.09191018800135381 0.1627534982481252 0.0875602265798181 -0.021415488461708546 0.018491815950234955 -0.07606720204998502 0.05042858154639362 0.002763663293746624 0.019900090295617647
260 -0.12388889689476694 0.06898635934401749 -0.35896956043716566 0.029475810897444717 0.4553117351154975 0.011788403439909665 -0.007051181172099561 0.06095432215592004 0.05727184196869885
261 -0.06635131387023936 -0.053002061034885216 0.01572467004200661 -0.03238801920921699 0.006486988652132457 0.001299309219366418 0.0027217315605034694 -0.05756566340922338 0.0065789560155089
262 -0.10419348204112697 0.18029585249259691 0.09036022753094845 -0.024072519677726487 0.01323076831785214 -0.10321488282605859 -0.01874317261345451 0.006352929105554567 0.04376592721160201
263 -0.0453629537132596 0.06647657585411385 0.03372182921385554 0.017776534006502046 -0.004370716471519025 0.18539103207747926 0.1308660363680614 0.01395586141238261 -0.00404508685788295
264 -0.03866317481372164 0.05615105474488188 0.02826226216350354 0.01785496475543672 -0.0030170529620148516 0.15383794094837752 0.13874194760158684 0.002226335011130618 -0.012960115946023917
265 -0.07306054604351847 -0.0329930632654292 -0.012192334257382883 0.041025944047217475 -0.0024039858334184306 0.0024655491026296023 0.018192519110020042 -0.4565660539857451 0.04114851742224671
266 -0.0553148348037949 0.09317583034556168 0.05029895496153615 -0.012192252213788465 0.006639780221869949 -0.063760379415747 0.0033312665957644315 0.00091139958578087 0.011398159070678137
267 -0.02685917796173252 0.010405638459753569 -0.06392157530192295 0.002979421844661967 0.026418808017763674 0.001393655974133005 0.003196549253351628 -0.04838636496962542 -0.2898798535117908
268 -0.014370800875166605 -0.002735600157605318 -0.009650250608972307 0.009096741626966623 0.0012846972991213887 0.001822158981701845 0.007915855988949201 -0.19313752867392084 0.027006970199558045
269 -0.09139514261089801 -0.044878892503232015 -0.015989475590108892 0.012673028705450853 0.0022388224220613226 0.00792456870199756 0.023568371916783234 -0.541011441587466 0.037235656207172944
270 -0.054117728381754854 -0.006527960730781733 -0.0415701911170958 0.02197585263275457 -0.028355607242348927 0.0034865947897118887 0.01908249460654334 -0.4684012942330979 0.033697603100571925
271 -0.04826430833448421 -0.021453602046514402 -0.011630530713392305 0.012815145475468151 0.0008712828144086212 0.004613587632970104 0.014950392224919907 -0.34515703942477616 0.035160250338661554
272 -0.12163667294785006 -0.05580001076058462 0.02853037969639892 0.43703018248282005 -0.0450370065136339 -0.06122136884208819 -0.008515782984425976 0.05154535784279776 0.0007790682084808744
273 -0.021608022724468524 0.0320990086261877 0.011404655780394842 0.0043015244987826 -0.00686347684510402 0.07869005257188871 -0.19464621825242734 -0.005336401684981347 -0.0011757435068863432
274 -0.23427697713072929 -0.15126172098502005 0.05947054681302586 0.4334436040867871 -0.04369982305939515 -0.06482481901201036 -0.006904678741577949 0.06302013002102412 0.008854068106901675
275 -0.1372228794935258 0.2411186403753696 0.13436330520992076 -0.03895490838951304 0.026930165025265202 -0.17763990778541003 0.0023891016247765207 -0.00018044398180675416 -0.0013519276995860312
276 -0.20357938087376287 -0.09282164317891026 0.021118712160259748 0.3302595315040565 -0.060189134849943815 -0.021913518584556816 0.015427036837211739 0.020054903521833364 0.004773500869804855
277 -0.030241707838882612 0.038080022177003715 0.014891265231502193 0.00511357800105027 -0.009548424838363682 0.11322208733961624 -0.21497237884180054 -0.005554118406819708 -0.002279147032583144
278 -0.10539666815373096 0.08092897866080356 0.05724345177584496 0.033180409861532985 -0.0038159083015738395 0.16931837679056388 -0.14951664061679773 -0.03905009248787197 -0.021305933188479127
279 -0.038178375652885156 0.015599655223127758 -0.08454522410868738 -0.0011814381462658412 0.027753878528533806 -0.00012600087042069502 0.0037394795981504883 -0.010100218934100855 -0.4230076312296024
280 -0.02208620683665482 -0.005135202318429081 -0.012898090663046854 0.011360453261332303 -0.0013996625536239669 0.003889229331106202 0.00827270475661458 -0.27681835173181185 0.02763027590769105
281 -0.0449482915669014 0.002147459613088173 -0.0495655306090831 0.04658267568293323 0.00774198536665976 -0.006348901298906107 0.008257916710186807 -0.17723590615315857 0.026892940699275787
282 -0.06347234676976025 0.09406231514821005 0.04199626166031563 0.010109941216060903 -0.01013912821681891 0.1677021191805752 -0.22551724586276978 -0.00444463275799911 0.0037858415491831138
283 -0.004783609323708182 0.0023521250753184863 -0.010919720102788428 -0.0013954179684048783 -0.004192115253726139 -0.0008724903282640676 0.0009867731269875026 -0.001767641403936429 -0.06049199041267894
284 -0.11070227924347438 -0.02805292593446605 -0.07510056089202838 0.038552554749723994 -0.0026946849059885205 0.006124673392012116 0.027838743806110813 -0.6591681056055639 0.011117035179270002
285 -0.02662249589421958 0.04217317763034685 0.02208023350603934 0.0038103577506316167 0.0018386729521023407 0.0513306542200406 0.052850470323033895 -0.0008461270129881295 -0.0185213213549278
286 -0.014398741711438763 0.0159490644961918 0.007543251835008677 0.0017535137344751857 -0.002944907751314043 0.047982003272584325 -0.07802296799886087 -0.0014350668177923697 -0.0018638300364620928
287 -0.07762845281390111 0.11867189302452437 0.04873921477090587 0.004514171628625922 -0.012018199672080157 0.16569591881078022 -0.4438513224556419 -0.011191218466975609 -0.037522758747030184
288 -0.3459632200508616 -0.27974970307306085 0.10322352094849928 -0.1559122245248857 0.030929304909113498 0.009412101841301885 -0.002199055163901413 0.039151605248951574 0.015358323954857988
289 -0.07839939115328415 0.04390138236323658 -0.16880099254277903 -0.02733801175879232 -0.17136165560964042 -0.012140071302073485 0.008514979915044149 0.04021354219017705 0.08715133631205382
290 -0.07567507210173928 0.0407759608632155 -0.17256759200162522 -0.03344090353236564 -0.21094167774088207 -0.0166052775091914 0.009617889641057455 0.028010855915258783 0.05922755633473041
291 -0.15139383928345523 0.08980662874049634 -0.3253559720101575 -0.058471028924708686 -0.37522110341738524 -0.006955603911576226 0.028579653865176455 0.04898391949926826 0.07871427549468975
292 -0.16871167746205445 0.12212582870171718 -0.2989547433642923 -0.05992450591435971 -0.3076095413405746 -0.05029672609537501 0.017805759918329778 -0.010634605282055301 0.1260594914982473
293 -0.13394037333907227 0.07466470712642015 -0.30932855779361146 -0.05802443244808291 -0.3440369429898074 -0.0330928818207948 0.011665149799551213 0.027282319129442897 0.012597205598886293
294 -0.15086507577262495 0.09842576542185932 -0.321841302478813 -0.052598088750841814 -0.3131384267193348 0.0034386302631181733 0.03073514153576683 0.053244075348748955 0.12595421396917286
295 0.0 0.0 0.0 0.0 0.0 0.0 0.0 0.0 0.0
296 -0.22762909525066363 0.02905296393407404 -0.3423766935663974 -0.09766886598861012 -0.2769990388242149 -0.02626326945022721 0.012105156715060588 0.03363729278236804 -0.08681986433279686
297 -0.030256482559173712 0.016509490219586854 -0.07045641905334281 -0.01565761210355001 -0.08205975885223411 -0.008081460264712455 0.005245486489821837 0.014415097845556526 0.01562650012988684
298 -0.13356699265341082 0.07636323100712371 -0.2792116679378747 -0.052647914601166995 -0.30609704113146435 -0.008898740249245926 -0.00976346095313779 0.0431764916805656 0.10524420564167127
299 -0.12169560030626539 0.04203454507893542 -0.21801864314916936 -0.033818226457352954 -0.1957728773000998 -0.021810459416058678 0.019330654677989813 -0.02179751220811149 0.06864173487100343
300 -0.028420251556829524 0.014063386920723264 -0.0731741936012519 -0.008376110082665308 -0.027033531566630294 -0.006685239361886936 0.0038648683886426415 0.007206870686419607 -0.07181195039375093
301 -0.1611809578154496 0.10884728129396308 -0.3170863424849417 -0.07120106650332392 -0.3855479057836642 -0.04844246627460275 0.014596514370861796 0.05888104464822797 0.04780845566580621
302 -0.1299696533909778 0.0693529516994507 -0.2902791468084108 -0.05587874955628395 -0.33053130061791725 -0.029159994243752117 0.015786950396229873 0.030049859971803566 -0.037858281244113896
303 -0.1278568073766579 0.046546113094902544 -0.23839258800481755 -0.06649542335345321 -0.31085243175227006 -0.028208729253880013 0.010137014585029401 0.04990087138246498 0.12397701935724835
304 -0.20305112550274332 0.09636924000006752 -0.43318269252075614 -0.07047499756955775 -0.3050170853378557 -0.02808119172386356 0.008569697894776608 0.06183993352721445 0.08473692892204629
305 -0.14173708301212587 0.07409796095941575 -0.3183488226258716 -0.05160467090300223 -0.2734314096559056 -0.02728360088336928 0.018393478692728834 0.0445169504624695 0.08176571585820391
306 -0.19376898714837218 0.1148432845308972 -0.3654400626439678 -0.0483374427696508 -0.44212833843072175 -0.058588745831708554 0.01673821042767086 0.0675596210398357 0.0725118623559697
307 -0.09267162761310085 0.05648582753739931 -0.19222105143145807 -0.03355612764349568 -0.21800055350146447 -0.00693650937317372 -0.029032379549191474 0.025292430433990105 0.07572011943322472
308 -0.06996635177510077 0.054523545459491674 -0.12754739406896334 -0.028658186352015422 -0.15484720835805985 -0.030026977672960434 0.0033803024422636987 0.02228104701959515 0.08449301692454694
309 -0.22385766332359583 0.1071160059718694 -0.46568511732077494 -0.07390921287134428 -0.37834017692537625 -0.02799462244265452 -0.002834281116075782 -0.0043205998729345454 0.07617924828871174
310 -0.0418091013648543 0.026116820591786667 -0.0943914663352464 -0.018052254137150947 -0.10915978030836195 -0.009232368291435034 0.0039397783625973 0.014153258757867241 0.04929515467920762
311 -0.06281167641137848 0.036277171179970306 -0.15395896254104482 -0.02134892257905719 -0.10970132477028002 -0.011327641769916111 0.004121232072662219 0.013292721168878049 0.0313529722234904
312 0.0 0.0 0.0 0.0 0.0 0.0 0.0 0.0 0.0
313 -0.10015192069701637 0.02337755191361677 -0.1623009978762969 -0.004150037446336491 -0.1800479687632532 -0.017042585050518158 0.004916354274662078 0.011153058692128258 0.027733065860919223
314 -0.1492979795491517 0.08196684416487975 -0.27789705267977394 -0.04069973299539163 -0.2521278814532539 -0.03201559867306039 0.0164335844904654 -0.0877366538079666 0.04961188831073098
315 -0.024707042246593692 0.01471879646944094 -0.06112169461308943 -0.012329952312379537 -0.06511078792629339 -0.00713825448282721 0.0031165555297087396 0.01011343871841706 -0.008686448819127118
316 -0.17895503575385496 0.11802332228185629 -0.3573314722765453 -0.07445985498016174 -0.4210100521512048 -0.04890413607579003 0.017395464817433894 0.053443224973947025 0.1371850087082236
317 -0.17806769840261488 0.061689924871115465 -0.3373606492601453 -0.038377525794362835 -0.2582825912400291 -0.022930411955101947 0.014765407091732215 -0.029291143341244576 0.02906196235113708
318 -0.019204000947564324 0.008523501341515673 -0.04248697255028012 -0.00698853694874637 -0.034371374465176886 -0.003317164035459857 0.001371183822555463 -0.005256120335576723 -0.0869161002610977
319 -0.0366567378987331 0.019106825945803315 -0.09059859630874884 -0.012169928600706849 -0.049793511267800156 -0.008065724733422583 0.00363892471206156 0.01413265713243277 -0.04798772857621665
320 -0.14642784256528454 0.08495026552644318 -0.33053549032636953 -0.06254512744261728 -0.39402776805528866 -0.03653003589800359 0.016832852676630698 0.052969137676346936 0.1488149038156188
321 -0.07897939212321647 0.03871006523520694 -0.17662991097848038 -0.03174494187393943 -0.18010169166520457 -0.017785938296340564 0.010565640483366112 0.010235952241877812 -0.06444227867636804
322 -0.09038550231616158 0.05449488123598185 -0.20357563483211052 -0.044043621446548206 -0.2563140579123853 -0.021224629579292005 0.005475689855997608 0.035705657988311476 0.08817540936985643
323 -0.10906069918755941 0.06328731213451948 -0.23961659118702672 -0.05025329886739401 -0.2797465848887735 -0.02607041274855599 0.00561840764611366 0.03483622342679019 0.10596847890620395
324 -0.0219119690071962 0.013454750174186963 -0.05145412235284929 -0.007098186970305104 -0.0405105060960053 -0.00405813298790913 0.0011320483259308174 0.003236330337357909 0.022925834168413668
325 0.0 0.0 0.0 0.0 0.0 0.0 0.0 0.0 0.0
326 -0.08658839685497591 0.049628043426531494 -0.20098053025910217 -0.0215630648856902 -0.11068594462099535 -0.016764181031226216 0.00783262557917843 0.00205202765770733 0.02838773946351539
