1 0 1
2 1 1
3 0 1
4 0 1
5 0 1
5 4 1
8 0 1
8 2 1
8 4 1
8 7 1
8 8 1
9 4 1
9 5 1
9 6 1
9 9 1
10 2 1
10 5 1
10 7 1
10 8 1
10 10 1
11 0 1
11 8 1
12 3 1
12 6 1
12 8 1
12 11 1
13 1 1
13 6 1
13 10 1
14 0 1
14 1 1
14 10 1
14 14 1
15 1 1
15 6 1
15 7 1
15 15 1
16 3 1
16 16 1
17 0 1
17 3 1
18 0 1
18 2 1
18 3 1
18 7 1
18 18 1
19 1 1
19 4 1
19 6 1
19 14 1
20 3 1
20 9 1
20 13 1
20 17 1
21 4 1
21 15 1
21 20 1
21 21 1
22 3 1
22 12 1
22 14 1
22 16 1
22 17 1
23 3 1
23 4 1
23 5 1
23 8 1
23 14 1
23 16 1
23 21 1
24 0 1
24 2 1
24 3 1
24 6 1
24 8 1
24 11 1
24 16 1
24 19 1
24 20 1
24 23 1
24 24 1
25 6 1
25 10 1
25 11 1
25 13 1
25 15 1
25 22 1
25 24 1
26 0 1
26 2 1
26 4 1
26 8 1
26 11 1
26 15 1
26 22 1
26 26 1
27 9 1
27 12 1
27 17 1
27 26 1
28 1 1
28 2 1
28 6 1
28 7 1
28 8 1
28 14 1
28 16 1
28 17 1
28 26 1
28 27 1
29 2 1
29 7 1
29 9 1
29 13 1
29 14 1
29 19 1
29 24 1
29 29 1
30 0 1
30 1 1
30 8 1
30 11 1
30 21 1
30 24 1
30 29 1
30 30 1
31 4 1
31 10 1
31 11 1
31 13 1
31 19 1
31 24 1
31 28 1
31 31 1
32 4 1
32 5 1
32 6 1
32 10 1
32 14 1
32 15 1
32 16 1
32 19 1
32 24 1
32 26 1
33 2 1
33 8 1
33 9 1
33 12 1
33 13 1
33 16 1
33 19 1
33 20 1
33 26 1
33 30 1
34 4 1
34 5 1
34 6 1
34 7 1
34 10 1
34 12 1
34 23 1
34 25 1
34 28 1
34 32 1
34 33 1
34 34 1
35 0 1
35 2 1
35 3 1
35 8 1
35 11 1
35 29 1
35 33 1
35 34 1
36 1 1
36 11 1
36 13 1
36 17 1
36 19 1
36 20 1
36 23 1
36 25 1
36 29 1
36 30 1
36 32 1
37 1 1
37 2 1
37 3 1
37 8 1
37 14 1
37 18 1
37 26 1
37 28 1
37 32 1
37 33 1
37 34 1
38 2 1
38 13 1
38 14 1
38 19 1
38 28 1
38 36 1
38 38 1
39 7 1
39 17 1
39 18 1
39 22 1
39 23 1
39 32 1
39 35 1
39 37 1
40 1 1
40 8 1
40 10 1
40 11 1
40 13 1
40 16 1
40 19 1
40 21 1
40 26 1
40 28 1
40 30 1
40 32 1
40 34 1
40 40 1
41 14 1
41 17 1
41 19 1
41 20 1
41 22 1
41 23 1
41 33 1
41 39 1
41 41 1
42 5 1
42 21 1
42 23 1
42 31 1
42 34 1
42 36 1
42 40 1
42 42 1
43 1 1
43 5 1
43 8 1
43 10 1
43 15 1
43 23 1
43 42 1
44 14 1
44 18 1
44 20 1
44 21 1
44 26 1
44 27 1
44 28 1
44 33 1
44 34 1
44 40 1
45 5 1
45 7 1
45 21 1
45 25 1
45 26 1
45 40 1
46 8 1
46 10 1
46 15 1
46 16 1
46 18 1
46 20 1
46 30 1
46 31 1
46 34 1
46 36 1
46 38 1
46 40 1
46 43 1
46 45 1
46 46 1
47 0 1
47 10 1
47 14 1
47 16 1
47 17 1
47 23 1
47 24 1
47 30 1
47 35 1
47 41 1
47 42 1
48 0 1
48 4 1
48 11 1
48 14 1
48 16 1
48 18 1
48 20 1
48 22 1
48 23 1
48 32 1
48 33 1
48 34 1
48 38 1
48 40 1
48 41 1
48 48 1
49 6 1
49 9 1
49 10 1
49 31 1
49 32 1
49 35 1
49 36 1
49 37 1
49 38 1
49 44 1
50 1 1
50 3 1
50 18 1
50 20 1
50 21 1
50 26 1
50 36 1
50 38 1
50 43 1
51 6 1
51 8 1
51 15 1
51 19 1
51 26 1
51 35 1
51 39 1
51 46 1
51 47 1
52 2 1
52 6 1
52 7 1
52 10 1
52 11 1
52 14 1
52 22 1
52 25 1
52 29 1
52 30 1
52 31 1
52 40 1
52 49 1
53 1 1
53 2 1
53 9 1
53 11 1
53 20 1
53 22 1
53 40 1
53 45 1
53 47 1
53 52 1
54 2 1
54 4 1
54 11 1
54 13 1
54 16 1
54 19 1
54 20 1
54 23 1
54 36 1
54 39 1
54 41 1
55 4 1
55 6 1
55 7 1
55 19 1
55 22 1
55 28 1
55 33 1
55 36 1
55 45 1
55 47 1
55 50 1
55 54 1
55 55 1
56 2 1
56 5 1
56 19 1
56 30 1
56 33 1
56 40 1
56 43 1
56 47 1
56 53 1
56 54 1
57 2 1
57 4 1
57 7 1
57 13 1
57 14 1
57 17 1
57 22 1
57 29 1
57 32 1
57 36 1
57 37 1
57 50 1
57 52 1
57 57 1
58 13 1
58 26 1
58 32 1
58 39 1
58 40 1
58 48 1
58 49 1
58 51 1
59 0 1
59 7 1
59 11 1
59 15 1
59 16 1
59 17 1
59 20 1
59 26 1
59 28 1
59 30 1
59 38 1
59 40 1
59 41 1
59 48 1
59 51 1
59 53 1
60 1 1
60 3 1
60 6 1
60 8 1
60 9 1
60 10 1
60 11 1
60 15 1
60 18 1
60 20 1
60 23 1
60 36 1
60 38 1
60 41 1
60 51 1
60 53 1
60 55 1
61 3 1
61 6 1
61 8 1
61 15 1
61 16 1
61 20 1
61 21 1
61 23 1
61 25 1
61 29 1
61 33 1
61 34 1
61 38 1
61 40 1
61 52 1
61 53 1
61 55 1
61 56 1
61 57 1
61 61 1
62 0 1
62 1 1
62 6 1
62 11 1
62 12 1
62 20 1
62 21 1
62 23 1
62 26 1
62 31 1
62 33 1
62 34 1
62 40 1
62 48 1
62 51 1
62 52 1
62 55 1
62 59 1
62 62 1
63 3 1
63 5 1
63 6 1
63 18 1
63 28 1
63 31 1
63 40 1
63 41 1
63 45 1
63 48 1
63 50 1
63 63 1
64 1 1
64 5 1
64 15 1
64 31 1
64 42 1
64 44 1
64 49 1
64 54 1
64 55 1
64 63 1
65 2 1
65 10 1
65 12 1
65 14 1
65 16 1
65 18 1
65 19 1
65 21 1
65 23 1
65 36 1
65 37 1
65 38 1
65 43 1
65 44 1
65 47 1
65 56 1
65 65 1
66 0 1
66 1 1
66 2 1
66 10 1
66 11 1
66 12 1
66 15 1
66 21 1
66 25 1
66 26 1
66 29 1
66 31 1
66 32 1
66 47 1
66 48 1
66 56 1
66 58 1
66 60 1
66 61 1
66 66 1
67 0 1
67 2 1
67 7 1
67 8 1
67 18 1
67 19 1
67 26 1
67 31 1
67 38 1
67 42 1
67 49 1
67 51 1
67 52 1
67 55 1
67 57 1
67 59 1
67 61 1
67 62 1
67 67 1
68 0 1
68 5 1
68 8 1
68 12 1
68 14 1
68 15 1
68 16 1
68 21 1
68 30 1
68 44 1
68 47 1
68 51 1
68 52 1
68 54 1
68 55 1
68 59 1
68 60 1
68 66 1
69 5 1
69 7 1
69 11 1
69 13 1
69 16 1
69 17 1
69 19 1
69 22 1
69 25 1
69 26 1
69 28 1
69 34 1
69 38 1
69 44 1
69 45 1
69 52 1
69 56 1
69 61 1
70 0 1
70 1 1
70 2 1
70 9 1
70 11 1
70 12 1
70 14 1
70 16 1
70 17 1
70 24 1
70 27 1
70 28 1
70 31 1
70 34 1
70 43 1
70 49 1
70 55 1
70 56 1
70 59 1
71 0 1
71 3 1
71 4 1
71 8 1
71 21 1
71 27 1
71 42 1
71 44 1
71 47 1
71 49 1
71 50 1
71 53 1
71 56 1
71 57 1
71 58 1
71 62 1
71 70 1
71 71 1
72 24 1
72 25 1
72 28 1
72 44 1
72 45 1
72 46 1
72 48 1
72 54 1
72 58 1
72 59 1
72 71 1
72 72 1
73 0 1
73 1 1
73 2 1
73 6 1
73 7 1
73 9 1
73 11 1
73 13 1
73 18 1
73 23 1
73 30 1
73 33 1
73 34 1
73 48 1
73 50 1
73 51 1
73 53 1
73 55 1
73 59 1
73 66 1
73 71 1
74 4 1
74 7 1
74 8 1
74 21 1
74 25 1
74 26 1
74 28 1
74 29 1
74 35 1
74 37 1
74 49 1
74 55 1
74 59 1
74 62 1
74 68 1
74 70 1
74 73 1
75 2 1
75 4 1
75 15 1
75 23 1
75 25 1
75 28 1
75 29 1
75 33 1
75 34 1
75 35 1
75 46 1
75 57 1
75 59 1
75 62 1
75 66 1
75 70 1
75 72 1
76 1 1
76 7 1
76 11 1
76 12 1
76 29 1
76 31 1
76 35 1
76 41 1
76 42 1
76 44 1
76 49 1
76 51 1
76 58 1
76 67 1
76 68 1
76 69 1
76 70 1
76 71 1
76 72 1
76 73 1
77 2 1
77 6 1
77 7 1
77 10 1
77 12 1
77 13 1
77 15 1
77 22 1
77 23 1
77 31 1
77 32 1
77 42 1
77 56 1
77 57 1
77 72 1
77 77 1
78 10 1
78 18 1
78 21 1
78 24 1
78 27 1
78 31 1
78 38 1
78 39 1
78 40 1
78 44 1
78 46 1
78 49 1
78 54 1
78 61 1
79 1 1
79 4 1
79 5 1
79 6 1
79 8 1
79 9 1
79 10 1
79 12 1
79 13 1
79 17 1
79 20 1
79 23 1
79 28 1
79 31 1
79 34 1
79 39 1
79 40 1
79 45 1
79 54 1
79 61 1
79 62 1
79 66 1
79 67 1
79 70 1
80 0 1
80 1 1
80 3 1
80 10 1
80 11 1
80 25 1
80 32 1
80 33 1
80 34 1
80 41 1
80 42 1
80 46 1
80 50 1
80 58 1
80 62 1
80 69 1
80 70 1
80 71 1
80 74 1
80 75 1
80 78 1
81 1 1
81 3 1
81 18 1
81 19 1
81 27 1
81 31 1
81 40 1
81 43 1
81 49 1
81 50 1
81 55 1
81 63 1
81 65 1
81 72 1
81 75 1
81 77 1
82 0 1
82 3 1
82 4 1
82 20 1
82 27 1
82 28 1
82 31 1
82 32 1
82 36 1
82 41 1
82 46 1
82 49 1
82 57 1
82 62 1
82 65 1
82 73 1
82 74 1
82 76 1
82 78 1
83 5 1
83 12 1
83 14 1
83 18 1
83 21 1
83 29 1
83 32 1
83 33 1
83 36 1
83 38 1
83 42 1
83 43 1
83 48 1
83 61 1
83 64 1
83 65 1
83 66 1
83 69 1
83 71 1
83 75 1
84 1 1
84 2 1
84 7 1
84 13 1
84 20 1
84 28 1
84 29 1
84 30 1
84 31 1
84 35 1
84 36 1
84 50 1
84 52 1
84 55 1
84 57 1
84 58 1
84 59 1
84 65 1
84 66 1
84 73 1
84 75 1
84 77 1
84 82 1
84 84 1
85 0 1
85 6 1
85 7 1
85 14 1
85 18 1
85 20 1
85 24 1
85 34 1
85 40 1
85 50 1
85 51 1
85 61 1
85 63 1
85 65 1
85 70 1
85 74 1
85 78 1
85 81 1
86 2 1
86 5 1
86 9 1
86 10 1
86 13 1
86 14 1
86 19 1
86 20 1
86 21 1
86 22 1
86 26 1
86 35 1
86 41 1
86 50 1
86 55 1
86 62 1
86 63 1
86 68 1
86 70 1
86 72 1
86 81 1
86 83 1
87 0 1
87 3 1
87 9 1
87 18 1
87 20 1
87 23 1
87 33 1
87 39 1
87 40 1
87 45 1
87 47 1
87 48 1
87 50 1
87 51 1
87 59 1
87 60 1
87 71 1
87 73 1
87 76 1
87 81 1
87 82 1
87 83 1
87 84 1
87 87 1
88 2 1
88 5 1
88 6 1
88 8 1
88 29 1
88 30 1
88 36 1
88 37 1
88 39 1
88 43 1
88 50 1
88 66 1
88 71 1
89 0 1
89 1 1
89 8 1
89 10 1
89 17 1
89 23 1
89 24 1
89 25 1
89 26 1
89 32 1
89 39 1
89 40 1
89 41 1
89 46 1
89 48 1
89 49 1
89 50 1
89 54 1
89 58 1
89 60 1
89 62 1
89 63 1
89 66 1
89 71 1
89 76 1
89 85 1
89 86 1
89 89 1
90 7 1
90 9 1
90 15 1
90 23 1
90 24 1
90 25 1
90 29 1
90 32 1
90 37 1
90 39 1
90 40 1
90 48 1
90 50 1
90 51 1
90 56 1
90 67 1
90 69 1
90 74 1
90 76 1
90 78 1
90 88 1
91 23 1
91 24 1
91 25 1
91 26 1
91 40 1
91 45 1
91 50 1
91 54 1
91 57 1
91 64 1
91 67 1
91 69 1
91 73 1
91 74 1
91 75 1
91 76 1
91 86 1
91 90 1
92 2 1
92 3 1
92 5 1
92 11 1
92 16 1
92 19 1
92 26 1
92 34 1
92 45 1
92 49 1
92 61 1
92 64 1
92 69 1
92 71 1
92 76 1
92 79 1
92 81 1
92 88 1
93 0 1
93 1 1
93 10 1
93 20 1
93 23 1
93 24 1
93 27 1
93 29 1
93 34 1
93 39 1
93 41 1
93 46 1
93 47 1
93 49 1
93 60 1
93 64 1
93 67 1
93 71 1
93 77 1
93 78 1
93 79 1
93 81 1
93 83 1
93 87 1
93 91 1
94 1 1
94 2 1
94 8 1
94 11 1
94 13 1
94 23 1
94 34 1
94 45 1
94 47 1
94 50 1
94 52 1
94 54 1
94 60 1
94 62 1
94 64 1
94 69 1
94 70 1
94 73 1
94 76 1
94 81 1
94 82 1
94 83 1
94 84 1
94 91 1
94 92 1
94 94 1
95 1 1
95 2 1
95 15 1
95 16 1
95 18 1
95 23 1
95 24 1
95 25 1
95 28 1
95 33 1
95 41 1
95 47 1
95 54 1
95 55 1
95 57 1
95 60 1
95 61 1
95 76 1
95 78 1
95 81 1
95 92 1
95 93 1
96 7 1
96 16 1
96 17 1
96 20 1
96 23 1
96 24 1
96 27 1
96 28 1
96 34 1
96 47 1
96 48 1
96 52 1
96 53 1
96 54 1
96 63 1
96 69 1
96 70 1
97 23 1
97 24 1
97 34 1
97 41 1
97 42 1
97 45 1
97 49 1
97 55 1
97 56 1
97 60 1
97 64 1
97 65 1
97 70 1
97 81 1
97 92 1
97 97 1
98 3 1
98 12 1
98 14 1
98 15 1
98 25 1
98 30 1
98 31 1
98 32 1
98 45 1
98 49 1
98 55 1
98 57 1
98 58 1
98 59 1
98 84 1
98 90 1
99 1 1
99 4 1
99 6 1
99 16 1
99 17 1
99 25 1
99 28 1
99 32 1
99 34 1
99 39 1
99 40 1
99 45 1
99 50 1
99 54 1
99 59 1
99 61 1
99 69 1
99 71 1
99 74 1
99 75 1
99 82 1
99 88 1
99 90 1
99 98 1
100 4 1
100 5 1
100 7 1
100 12 1
100 13 1
100 17 1
100 20 1
100 24 1
100 29 1
100 38 1
100 45 1
100 48 1
100 49 1
100 56 1
100 58 1
100 60 1
100 66 1
100 68 1
100 72 1
100 73 1
100 77 1
100 86 1
100 87 1
100 88 1
100 98 1
100 99 1
100 100 1
101 4 1
101 10 1
101 14 1
101 18 1
101 20 1
101 21 1
101 22 1
101 24 1
101 27 1
101 32 1
101 33 1
101 37 1
101 46 1
101 47 1
101 52 1
101 55 1
101 57 1
101 58 1
101 59 1
101 63 1
101 65 1
101 66 1
101 67 1
101 81 1
101 97 1
101 101 1
102 2 1
102 4 1
102 5 1
102 10 1
102 13 1
102 16 1
102 18 1
102 23 1
102 28 1
102 31 1
102 35 1
102 36 1
102 41 1
102 44 1
102 47 1
102 54 1
102 60 1
102 64 1
102 69 1
102 75 1
102 84 1
102 88 1
102 90 1
102 95 1
102 96 1
102 97 1
103 3 1
103 5 1
103 7 1
103 16 1
103 17 1
103 19 1
103 23 1
103 24 1
103 28 1
103 30 1
103 35 1
103 37 1
103 39 1
103 41 1
103 45 1
103 46 1
103 61 1
103 63 1
103 75 1
103 78 1
103 82 1
103 84 1
103 85 1
103 89 1
103 93 1
103 94 1
103 95 1
103 99 1
103 101 1
104 0 1
104 1 1
104 5 1
104 7 1
104 16 1
104 21 1
104 25 1
104 29 1
104 30 1
104 37 1
104 41 1
104 47 1
104 48 1
104 51 1
104 57 1
104 62 1
104 65 1
104 68 1
104 69 1
104 76 1
104 80 1
104 89 1
104 91 1
104 94 1
104 102 1
105 4 1
105 8 1
105 17 1
105 21 1
105 27 1
105 39 1
105 40 1
105 47 1
105 49 1
105 50 1
105 61 1
105 63 1
105 65 1
105 73 1
105 75 1
105 78 1
105 80 1
105 83 1
105 84 1
105 86 1
105 88 1
105 93 1
105 99 1
105 103 1
105 105 1
106 2 1
106 4 1
106 12 1
106 13 1
106 15 1
106 18 1
106 23 1
106 24 1
106 28 1
106 29 1
106 33 1
106 36 1
106 37 1
106 39 1
106 43 1
106 47 1
106 49 1
106 52 1
106 53 1
106 58 1
106 65 1
106 84 1
106 87 1
106 89 1
106 90 1
106 95 1
106 96 1
106 100 1
106 101 1
106 102 1
107 1 1
107 6 1
107 7 1
107 12 1
107 17 1
107 18 1
107 19 1
107 22 1
107 30 1
107 39 1
107 41 1
107 43 1
107 44 1
107 45 1
107 46 1
107 50 1
107 54 1
107 56 1
107 59 1
107 69 1
107 71 1
107 79 1
107 80 1
107 88 1
107 90 1
107 91 1
107 92 1
107 93 1
107 99 1
107 107 1
108 0 1
108 4 1
108 6 1
108 7 1
108 8 1
108 12 1
108 18 1
108 19 1
108 20 1
108 22 1
108 29 1
108 32 1
108 47 1
108 49 1
108 52 1
108 55 1
108 61 1
108 63 1
108 66 1
108 69 1
108 71 1
108 72 1
108 82 1
108 83 1
108 84 1
108 95 1
108 96 1
108 98 1
108 103 1
109 1 1
109 8 1
109 12 1
109 14 1
109 16 1
109 22 1
109 25 1
109 26 1
109 29 1
109 31 1
109 35 1
109 47 1
109 51 1
109 57 1
109 58 1
109 59 1
109 64 1
109 66 1
109 68 1
109 70 1
109 72 1
109 79 1
109 89 1
109 90 1
109 93 1
109 94 1
109 97 1
109 106 1
110 4 1
110 5 1
110 14 1
110 18 1
110 20 1
110 21 1
110 29 1
110 37 1
110 41 1
110 42 1
110 44 1
110 49 1
110 54 1
110 56 1
110 59 1
110 62 1
110 64 1
110 65 1
110 66 1
110 79 1
110 83 1
110 85 1
110 89 1
110 90 1
110 92 1
110 93 1
110 99 1
110 102 1
110 105 1
110 108 1
111 10 1
111 12 1
111 14 1
111 19 1
111 20 1
111 28 1
111 36 1
111 40 1
111 42 1
111 57 1
111 61 1
111 62 1
111 64 1
111 66 1
111 67 1
111 77 1
111 86 1
111 87 1
111 88 1
111 89 1
111 90 1
111 93 1
111 96 1
111 108 1
112 13 1
112 14 1
112 18 1
112 32 1
112 39 1
112 43 1
112 47 1
112 63 1
112 67 1
112 69 1
112 72 1
112 73 1
112 80 1
112 82 1
112 94 1
112 96 1
112 99 1
112 102 1
112 103 1
112 104 1
112 112 1
113 2 1
113 9 1
113 12 1
113 17 1
113 19 1
113 22 1
113 32 1
113 33 1
113 35 1
113 36 1
113 46 1
113 51 1
113 58 1
113 75 1
113 76 1
113 81 1
113 82 1
113 85 1
113 90 1
113 92 1
113 94 1
113 95 1
113 96 1
113 102 1
113 105 1
114 10 1
114 13 1
114 15 1
114 16 1
114 17 1
114 21 1
114 24 1
114 26 1
114 30 1
114 35 1
114 46 1
114 47 1
114 50 1
114 58 1
114 62 1
114 65 1
114 66 1
114 72 1
114 74 1
114 76 1
114 79 1
114 84 1
114 88 1
114 98 1
114 101 1
114 102 1
114 104 1
114 110 1
114 113 1
115 1 1
115 18 1
115 21 1
115 29 1
115 32 1
115 33 1
115 34 1
115 35 1
115 62 1
115 71 1
115 75 1
115 77 1
115 83 1
115 88 1
115 92 1
115 99 1
115 105 1
115 109 1
115 110 1
116 11 1
116 22 1
116 23 1
116 30 1
116 34 1
116 35 1
116 38 1
116 42 1
116 43 1
116 46 1
116 54 1
116 57 1
116 59 1
116 60 1
116 65 1
116 68 1
116 69 1
116 70 1
116 71 1
116 72 1
116 73 1
116 79 1
116 80 1
116 82 1
116 84 1
116 86 1
116 92 1
116 94 1
116 98 1
116 106 1
116 108 1
116 109 1
117 10 1
117 17 1
117 20 1
117 22 1
117 25 1
117 29 1
117 30 1
117 31 1
117 32 1
117 41 1
117 44 1
117 47 1
117 59 1
117 60 1
117 62 1
117 63 1
117 64 1
117 65 1
117 66 1
117 69 1
117 71 1
117 74 1
117 78 1
117 81 1
117 82 1
117 88 1
117 93 1
117 95 1
117 103 1
117 110 1
117 113 1
117 114 1
117 117 1
118 1 1
118 3 1
118 4 1
118 9 1
118 12 1
118 14 1
118 16 1
118 23 1
118 27 1
118 28 1
118 29 1
118 30 1
118 34 1
118 35 1
118 36 1
118 43 1
118 49 1
118 57 1
118 58 1
118 61 1
118 63 1
118 66 1
118 79 1
118 81 1
118 82 1
118 85 1
118 86 1
118 88 1
118 89 1
118 93 1
118 105 1
118 107 1
118 109 1
118 110 1
118 114 1
118 116 1
119 11 1
119 17 1
119 18 1
119 20 1
119 24 1
119 27 1
119 34 1
119 40 1
119 42 1
119 47 1
119 52 1
119 53 1
119 57 1
119 59 1
119 64 1
119 66 1
119 67 1
119 73 1
119 75 1
119 81 1
119 82 1
119 92 1
119 101 1
119 103 1
119 106 1
119 111 1
119 119 1
120 1 1
120 4 1
120 5 1
120 12 1
120 13 1
120 17 1
120 22 1
120 27 1
120 32 1
120 33 1
120 39 1
120 41 1
120 50 1
120 51 1
120 52 1
120 59 1
120 61 1
120 65 1
120 69 1
120 75 1
120 77 1
120 81 1
120 82 1
120 86 1
120 87 1
120 88 1
120 93 1
120 95 1
120 102 1
120 109 1
120 112 1
120 120 1
121 6 1
121 9 1
121 12 1
121 15 1
121 20 1
121 22 1
121 30 1
121 32 1
121 33 1
121 34 1
121 36 1
121 39 1
121 46 1
121 52 1
121 53 1
121 74 1
121 76 1
121 81 1
121 94 1
121 95 1
121 98 1
121 106 1
121 111 1
121 115 1
121 116 1
121 120 1
122 1 1
122 2 1
122 16 1
122 18 1
122 20 1
122 27 1
122 30 1
122 39 1
122 55 1
122 56 1
122 68 1
122 73 1
122 75 1
122 79 1
122 83 1
122 87 1
122 92 1
122 95 1
122 98 1
122 102 1
122 106 1
122 107 1
122 114 1
122 119 1
122 122 1
123 8 1
123 10 1
123 11 1
123 15 1
123 19 1
123 22 1
123 23 1
123 25 1
123 27 1
123 28 1
123 45 1
123 47 1
123 50 1
123 57 1
123 59 1
123 61 1
123 62 1
123 63 1
123 67 1
123 72 1
123 80 1
123 81 1
123 83 1
123 87 1
123 88 1
123 90 1
123 92 1
123 93 1
123 94 1
123 96 1
123 97 1
123 98 1
123 102 1
123 107 1
123 108 1
123 109 1
123 110 1
123 111 1
124 4 1
124 10 1
124 14 1
124 18 1
124 19 1
124 28 1
124 29 1
124 30 1
124 53 1
124 60 1
124 63 1
124 68 1
124 69 1
124 72 1
124 78 1
124 79 1
124 82 1
124 83 1
124 86 1
124 93 1
124 96 1
124 97 1
124 98 1
124 100 1
124 101 1
124 113 1
124 117 1
124 118 1
124 120 1
124 122 1
124 123 1
125 4 1
125 11 1
125 15 1
125 18 1
125 27 1
125 28 1
125 34 1
125 38 1
125 41 1
125 44 1
125 47 1
125 48 1
125 50 1
125 52 1
125 60 1
125 61 1
125 65 1
125 78 1
125 79 1
125 84 1
125 92 1
125 93 1
125 96 1
125 103 1
125 110 1
125 118 1
126 1 1
126 4 1
126 15 1
126 16 1
126 19 1
126 20 1
126 25 1
126 27 1
126 30 1
126 34 1
126 35 1
126 39 1
126 47 1
126 53 1
126 60 1
126 61 1
126 62 1
126 64 1
126 69 1
126 70 1
126 71 1
126 76 1
126 90 1
126 91 1
126 93 1
126 99 1
126 104 1
126 112 1
127 2 1
127 11 1
127 12 1
127 13 1
127 22 1
127 25 1
127 28 1
127 37 1
127 38 1
127 58 1
127 65 1
127 67 1
127 70 1
127 76 1
127 77 1
127 78 1
127 86 1
127 91 1
127 93 1
127 96 1
127 105 1
127 107 1
127 112 1
127 120 1
127 124 1
127 126 1
128 1 1
128 2 1
128 3 1
128 12 1
128 17 1
128 18 1
128 24 1
128 41 1
128 42 1
128 45 1
128 52 1
128 55 1
128 57 1
128 58 1
128 72 1
128 76 1
128 77 1
128 79 1
128 81 1
128 91 1
128 94 1
128 96 1
128 98 1
128 99 1
128 102 1
128 108 1
128 111 1
128 119 1
128 121 1
128 122 1
129 0 1
129 1 1
129 5 1
129 9 1
129 12 1
129 16 1
129 17 1
129 18 1
129 21 1
129 23 1
129 30 1
129 31 1
129 39 1
129 44 1
129 48 1
129 51 1
129 54 1
129 59 1
129 60 1
129 61 1
129 65 1
129 81 1
129 89 1
129 90 1
129 91 1
129 98 1
129 112 1
129 115 1
129 123 1
129 128 1
129 129 1
130 2 1
130 6 1
130 9 1
130 11 1
130 22 1
130 26 1
130 32 1
130 33 1
130 34 1
130 35 1
130 40 1
130 44 1
130 45 1
130 49 1
130 51 1
130 55 1
130 59 1
130 61 1
130 64 1
130 65 1
130 77 1
130 81 1
130 82 1
130 87 1
130 101 1
130 102 1
130 107 1
130 113 1
130 124 1
130 125 1
131 0 1
131 2 1
131 5 1
131 20 1
131 21 1
131 25 1
131 32 1
131 34 1
131 38 1
131 42 1
131 44 1
131 49 1
131 56 1
131 58 1
131 59 1
131 61 1
131 63 1
131 71 1
131 72 1
131 78 1
131 82 1
131 83 1
131 86 1
131 91 1
131 97 1
131 98 1
131 112 1
131 114 1
131 115 1
131 117 1
131 118 1
131 121 1
131 125 1
132 12 1
132 16 1
132 24 1
132 30 1
132 31 1
132 36 1
132 37 1
132 40 1
132 41 1
132 49 1
132 50 1
132 55 1
132 59 1
132 66 1
132 75 1
132 83 1
132 89 1
132 96 1
132 105 1
132 106 1
132 110 1
132 116 1
132 117 1
132 122 1
132 126 1
132 127 1
132 128 1
132 132 1
133 4 1
133 7 1
133 11 1
133 12 1
133 21 1
133 22 1
133 30 1
133 31 1
133 34 1
133 38 1
133 42 1
133 45 1
133 49 1
133 53 1
133 54 1
133 55 1
133 58 1
133 59 1
133 63 1
133 74 1
133 77 1
133 90 1
133 93 1
133 97 1
133 99 1
133 101 1
133 107 1
133 108 1
133 113 1
133 114 1
133 123 1
133 124 1
133 126 1
133 130 1
133 133 1
134 1 1
134 8 1
134 13 1
134 14 1
134 21 1
134 24 1
134 25 1
134 29 1
134 35 1
134 40 1
134 42 1
134 58 1
134 70 1
134 75 1
134 84 1
134 86 1
134 89 1
134 92 1
134 94 1
134 98 1
134 99 1
134 108 1
134 109 1
134 113 1
134 121 1
134 125 1
134 126 1
134 134 1
135 0 1
135 7 1
135 12 1
135 21 1
135 23 1
135 25 1
135 28 1
135 31 1
135 36 1
135 41 1
135 54 1
135 63 1
135 64 1
135 67 1
135 79 1
135 81 1
135 82 1
135 85 1
135 86 1
135 90 1
135 98 1
135 99 1
135 101 1
135 102 1
135 103 1
135 106 1
135 107 1
135 108 1
135 115 1
135 119 1
135 122 1
135 124 1
135 125 1
135 135 1
136 2 1
136 3 1
136 4 1
136 8 1
136 12 1
136 18 1
136 25 1
136 27 1
136 28 1
136 32 1
136 35 1
136 40 1
136 41 1
136 48 1
136 49 1
136 52 1
136 54 1
136 60 1
136 63 1
136 64 1
136 65 1
136 66 1
136 82 1
136 83 1
136 98 1
136 100 1
136 105 1
136 106 1
136 121 1
136 122 1
136 124 1
136 125 1
136 126 1
136 127 1
136 135 1
137 0 1
137 4 1
137 10 1
137 18 1
137 33 1
137 34 1
137 36 1
137 37 1
137 38 1
137 41 1
137 42 1
137 43 1
137 55 1
137 57 1
137 65 1
137 70 1
137 75 1
137 78 1
137 80 1
137 81 1
137 85 1
137 89 1
137 93 1
137 95 1
137 98 1
137 100 1
137 113 1
137 116 1
137 127 1
137 128 1
137 134 1
137 137 1
138 0 1
138 9 1
138 12 1
138 17 1
138 21 1
138 29 1
138 30 1
138 35 1
138 38 1
138 39 1
138 41 1
138 47 1
138 49 1
138 52 1
138 62 1
138 69 1
138 70 1
138 73 1
138 74 1
138 83 1
138 85 1
138 86 1
138 87 1
138 88 1
138 93 1
138 104 1
138 105 1
138 108 1
138 110 1
138 118 1
138 126 1
138 128 1
138 131 1
138 137 1
139 9 1
139 11 1
139 12 1
139 14 1
139 19 1
139 20 1
139 31 1
139 33 1
139 41 1
139 45 1
139 46 1
139 50 1
139 51 1
139 53 1
139 55 1
139 56 1
139 61 1
139 74 1
139 75 1
139 86 1
139 87 1
139 102 1
139 103 1
139 109 1
139 113 1
139 114 1
139 115 1
139 120 1
139 125 1
139 126 1
139 131 1
139 136 1
139 137 1
140 1 1
140 2 1
140 6 1
140 21 1
140 24 1
140 28 1
140 32 1
140 33 1
140 35 1
140 39 1
140 43 1
140 45 1
140 46 1
140 48 1
140 50 1
140 52 1
140 53 1
140 54 1
140 60 1
140 63 1
140 67 1
140 81 1
140 84 1
140 88 1
140 102 1
140 103 1
140 104 1
140 105 1
140 110 1
140 112 1
140 117 1
140 120 1
140 121 1
140 122 1
140 126 1
140 127 1
140 130 1
140 140 1
141 7 1
141 9 1
141 15 1
141 17 1
141 24 1
141 26 1
141 28 1
141 31 1
141 33 1
141 35 1
141 36 1
141 37 1
141 39 1
141 49 1
141 57 1
141 58 1
141 61 1
141 63 1
141 71 1
141 72 1
141 77 1
141 78 1
141 81 1
141 90 1
141 95 1
141 97 1
141 98 1
141 106 1
141 108 1
141 110 1
141 111 1
141 114 1
141 116 1
141 121 1
141 123 1
141 133 1
141 134 1
141 136 1
141 139 1
142 3 1
142 4 1
142 11 1
142 16 1
142 20 1
142 21 1
142 23 1
142 24 1
142 29 1
142 30 1
142 33 1
142 34 1
142 41 1
142 43 1
142 52 1
142 54 1
142 56 1
142 60 1
142 65 1
142 74 1
142 79 1
142 80 1
142 85 1
142 89 1
142 92 1
142 93 1
142 94 1
142 95 1
142 97 1
142 111 1
142 128 1
142 129 1
142 135 1
142 137 1
142 138 1
143 3 1
143 7 1
143 15 1
143 17 1
143 24 1
143 30 1
143 45 1
143 46 1
143 55 1
143 60 1
143 63 1
143 66 1
143 70 1
143 72 1
143 74 1
143 78 1
143 87 1
143 89 1
143 91 1
143 93 1
143 95 1
143 98 1
143 102 1
143 111 1
143 116 1
143 125 1
143 126 1
143 134 1
143 139 1
143 141 1
143 142 1
143 143 1
144 3 1
144 4 1
144 9 1
144 13 1
144 29 1
144 40 1
144 44 1
144 48 1
144 52 1
144 55 1
144 59 1
144 64 1
144 66 1
144 69 1
144 78 1
144 79 1
144 84 1
144 85 1
144 88 1
144 91 1
144 98 1
144 99 1
144 101 1
144 104 1
144 106 1
144 108 1
144 110 1
144 122 1
144 126 1
144 127 1
144 132 1
145 6 1
145 8 1
145 18 1
145 22 1
145 23 1
145 31 1
145 52 1
145 58 1
145 62 1
145 64 1
145 74 1
145 84 1
145 90 1
145 94 1
145 98 1
145 106 1
145 110 1
145 112 1
145 117 1
145 118 1
145 120 1
145 121 1
145 128 1
145 137 1
145 140 1
145 141 1
146 1 1
146 8 1
146 13 1
146 15 1
146 20 1
146 26 1
146 38 1
146 39 1
146 44 1
146 46 1
146 48 1
146 60 1
146 62 1
146 63 1
146 66 1
146 69 1
146 70 1
146 72 1
146 73 1
146 76 1
146 78 1
146 79 1
146 80 1
146 84 1
146 86 1
146 89 1
146 92 1
146 95 1
146 104 1
146 111 1
146 122 1
146 128 1
146 130 1
146 132 1
146 133 1
146 136 1
146 139 1
146 142 1
146 143 1
146 145 1
147 1 1
147 6 1
147 8 1
147 13 1
147 16 1
147 18 1
147 32 1
147 41 1
147 42 1
147 45 1
147 49 1
147 50 1
147 51 1
147 58 1
147 59 1
147 60 1
147 65 1
147 72 1
147 74 1
147 75 1
147 81 1
147 85 1
147 95 1
147 99 1
147 102 1
147 105 1
147 106 1
147 115 1
147 121 1
147 126 1
147 127 1
147 129 1
147 136 1
147 138 1
147 139 1
147 141 1
147 142 1
148 0 1
148 5 1
148 7 1
148 8 1
148 16 1
148 19 1
148 21 1
148 26 1
148 40 1
148 49 1
148 51 1
148 56 1
148 57 1
148 58 1
148 71 1
148 75 1
148 76 1
148 79 1
148 81 1
148 86 1
148 93 1
148 100 1
148 105 1
148 110 1
148 117 1
148 118 1
148 122 1
148 123 1
148 129 1
148 138 1
148 139 1
149 0 1
149 3 1
149 4 1
149 13 1
149 17 1
149 18 1
149 19 1
149 22 1
149 23 1
149 25 1
149 32 1
149 35 1
149 40 1
149 47 1
149 49 1
149 57 1
149 59 1
149 62 1
149 68 1
149 71 1
149 75 1
149 76 1
149 82 1
149 83 1
149 84 1
149 85 1
149 87 1
149 90 1
149 92 1
149 96 1
149 103 1
149 126 1
149 128 1
149 129 1
149 131 1
149 132 1
149 134 1
149 146 1
149 147 1
149 148 1
150 1 1
150 2 1
150 6 1
150 8 1
150 18 1
150 23 1
150 25 1
150 27 1
150 29 1
150 31 1
150 37 1
150 38 1
150 43 1
150 47 1
150 54 1
150 64 1
150 69 1
150 70 1
150 73 1
150 74 1
150 76 1
150 92 1
150 98 1
150 105 1
150 112 1
150 115 1
150 116 1
150 117 1
150 121 1
150 125 1
150 127 1
150 137 1
150 138 1
150 139 1
150 140 1
150 141 1
150 142 1
150 145 1
150 147 1
150 149 1
151 5 1
151 6 1
151 12 1
151 18 1
151 22 1
151 25 1
151 29 1
151 31 1
151 34 1
151 40 1
151 41 1
151 42 1
151 43 1
151 49 1
151 66 1
151 70 1
151 72 1
151 81 1
151 96 1
151 99 1
151 105 1
151 107 1
151 110 1
151 117 1
151 118 1
151 123 1
151 124 1
151 135 1
151 137 1
151 144 1
151 148 1
151 150 1
152 4 1
152 6 1
152 15 1
152 30 1
152 32 1
152 33 1
152 34 1
152 36 1
152 37 1
152 44 1
152 49 1
152 53 1
152 56 1
152 60 1
152 61 1
152 63 1
152 64 1
152 68 1
152 69 1
152 71 1
152 72 1
152 73 1
152 75 1
152 76 1
152 78 1
152 80 1
152 85 1
152 88 1
152 90 1
152 92 1
152 97 1
152 104 1
152 106 1
152 110 1
152 112 1
152 115 1
152 117 1
152 120 1
152 124 1
152 129 1
152 132 1
152 136 1
152 141 1
152 144 1
152 151 1
153 10 1
153 13 1
153 15 1
153 21 1
153 24 1
153 28 1
153 38 1
153 50 1
153 53 1
153 64 1
153 66 1
153 68 1
153 69 1
153 70 1
153 71 1
153 79 1
153 87 1
153 90 1
153 95 1
153 98 1
153 99 1
153 101 1
153 103 1
153 104 1
153 106 1
153 107 1
153 108 1
153 111 1
153 113 1
153 115 1
153 117 1
153 120 1
153 123 1
153 139 1
153 146 1
153 147 1
153 148 1
153 152 1
153 153 1
154 3 1
154 6 1
154 9 1
154 10 1
154 22 1
154 36 1
154 40 1
154 45 1
154 48 1
154 53 1
154 55 1
154 60 1
154 61 1
154 68 1
154 69 1
154 70 1
154 73 1
154 79 1
154 80 1
154 81 1
154 87 1
154 91 1
154 94 1
154 104 1
154 116 1
154 134 1
154 135 1
154 147 1
154 152 1
154 153 1
155 5 1
155 6 1
155 7 1
155 10 1
155 12 1
155 15 1
155 17 1
155 23 1
155 24 1
155 28 1
155 29 1
155 34 1
155 37 1
155 39 1
155 41 1
155 44 1
155 50 1
155 56 1
155 58 1
155 63 1
155 64 1
155 66 1
155 68 1
155 71 1
155 76 1
155 78 1
155 79 1
155 83 1
155 88 1
155 89 1
155 90 1
155 104 1
155 108 1
155 126 1
155 129 1
155 130 1
155 131 1
155 148 1
155 155 1
156 5 1
156 9 1
156 12 1
156 16 1
156 18 1
156 19 1
156 20 1
156 28 1
156 31 1
156 33 1
156 40 1
156 42 1
156 51 1
156 54 1
156 60 1
156 62 1
156 71 1
156 74 1
156 81 1
156 82 1
156 87 1
156 94 1
156 96 1
156 103 1
156 107 1
156 118 1
156 119 1
156 122 1
156 140 1
156 142 1
156 143 1
156 144 1
156 154 1
157 3 1
157 7 1
157 8 1
157 11 1
157 12 1
157 14 1
157 22 1
157 26 1
157 33 1
157 37 1
157 40 1
157 44 1
157 51 1
157 53 1
157 57 1
157 61 1
157 62 1
157 63 1
157 70 1
157 73 1
157 74 1
157 83 1
157 85 1
157 86 1
157 89 1
157 94 1
157 99 1
157 105 1
157 106 1
157 108 1
157 109 1
157 111 1
157 112 1
157 119 1
157 121 1
157 127 1
157 134 1
157 148 1
157 150 1
157 151 1
158 0 1
158 4 1
158 5 1
158 10 1
158 14 1
158 22 1
158 24 1
158 25 1
158 35 1
158 37 1
158 41 1
158 48 1
158 62 1
158 63 1
158 66 1
158 70 1
158 71 1
158 73 1
158 82 1
158 88 1
158 100 1
158 101 1
158 108 1
158 110 1
158 111 1
158 112 1
158 120 1
158 122 1
158 124 1
158 127 1
158 143 1
158 147 1
158 151 1
159 2 1
159 8 1
159 9 1
159 10 1
159 15 1
159 20 1
159 26 1
159 28 1
159 37 1
159 47 1
159 49 1
159 53 1
159 54 1
159 57 1
159 59 1
159 62 1
159 66 1
159 67 1
159 70 1
159 71 1
159 73 1
159 76 1
159 78 1
159 91 1
159 100 1
159 104 1
159 105 1
159 109 1
159 112 1
159 123 1
159 130 1
159 134 1
159 144 1
159 145 1
159 149 1
159 159 1
160 0 1
160 2 1
160 19 1
160 20 1
160 23 1
160 24 1
160 26 1
160 28 1
160 35 1
160 36 1
160 42 1
160 45 1
160 46 1
160 49 1
160 50 1
160 53 1
160 55 1
160 57 1
160 59 1
160 60 1
160 66 1
160 68 1
160 72 1
160 73 1
160 76 1
160 82 1
160 84 1
160 85 1
160 87 1
160 90 1
160 92 1
160 107 1
160 110 1
160 114 1
160 116 1
160 122 1
160 131 1
160 133 1
160 135 1
160 136 1
160 137 1
160 139 1
160 146 1
160 148 1
160 151 1
161 4 1
161 5 1
161 18 1
161 22 1
161 28 1
161 30 1
161 33 1
161 36 1
161 45 1
161 50 1
161 56 1
161 58 1
161 67 1
161 71 1
161 76 1
161 77 1
161 82 1
161 84 1
161 87 1
161 92 1
161 93 1
161 95 1
161 97 1
161 101 1
161 103 1
161 105 1
161 124 1
161 127 1
161 137 1
161 142 1
161 144 1
161 147 1
161 152 1
161 155 1
161 156 1
161 159 1
161 160 1
162 1 1
162 2 1
162 3 1
162 5 1
162 6 1
162 29 1
162 36 1
162 41 1
162 46 1
162 61 1
162 66 1
162 68 1
162 78 1
162 84 1
162 87 1
162 88 1
162 89 1
162 90 1
162 93 1
162 95 1
162 96 1
162 98 1
162 101 1
162 116 1
162 117 1
162 119 1
162 128 1
162 131 1
162 135 1
162 136 1
162 139 1
162 145 1
162 147 1
162 149 1
162 151 1
162 152 1
162 153 1
162 154 1
162 156 1
162 157 1
162 160 1
162 161 1
163 1 1
163 2 1
163 9 1
163 14 1
163 17 1
163 18 1
163 25 1
163 27 1
163 34 1
163 35 1
163 39 1
163 40 1
163 42 1
163 44 1
163 46 1
163 51 1
163 52 1
163 63 1
163 67 1
163 68 1
163 69 1
163 71 1
163 84 1
163 87 1
163 88 1
163 92 1
163 95 1
163 101 1
163 106 1
163 117 1
163 119 1
163 120 1
163 125 1
163 126 1
163 130 1
163 131 1
163 138 1
163 146 1
163 147 1
163 152 1
163 162 1
164 10 1
164 12 1
164 13 1
164 14 1
164 22 1
164 23 1
164 24 1
164 27 1
164 29 1
164 31 1
164 37 1
164 40 1
164 42 1
164 49 1
164 51 1
164 56 1
164 58 1
164 68 1
164 71 1
164 77 1
164 82 1
164 86 1
164 87 1
164 89 1
164 97 1
164 99 1
164 105 1
164 111 1
164 115 1
164 120 1
164 121 1
164 123 1
164 124 1
164 126 1
164 128 1
164 131 1
164 132 1
164 135 1
164 142 1
164 145 1
164 148 1
164 153 1
164 155 1
164 158 1
165 0 1
165 2 1
165 8 1
165 17 1
165 19 1
165 24 1
165 30 1
165 36 1
165 40 1
165 43 1
165 44 1
165 45 1
165 46 1
165 48 1
165 57 1
165 58 1
165 61 1
165 72 1
165 75 1
165 79 1
165 83 1
165 86 1
165 88 1
165 93 1
165 95 1
165 112 1
165 121 1
165 123 1
165 132 1
165 134 1
165 142 1
165 146 1
165 147 1
165 148 1
165 150 1
165 158 1
165 159 1
165 162 1
165 165 1
166 10 1
166 15 1
166 16 1
166 21 1
166 22 1
166 30 1
166 38 1
166 39 1
166 43 1
166 46 1
166 57 1
166 58 1
166 59 1
166 63 1
166 65 1
166 72 1
166 77 1
166 79 1
166 86 1
166 88 1
166 90 1
166 92 1
166 93 1
166 95 1
166 100 1
166 103 1
166 106 1
166 109 1
166 122 1
166 125 1
166 128 1
166 129 1
166 142 1
166 144 1
166 152 1
166 160 1
166 161 1
167 6 1
167 11 1
167 23 1
167 26 1
167 29 1
167 37 1
167 41 1
167 45 1
167 49 1
167 64 1
167 65 1
167 66 1
167 67 1
167 73 1
167 76 1
167 77 1
167 78 1
167 80 1
167 85 1
167 91 1
167 96 1
167 97 1
167 98 1
167 99 1
167 102 1
167 103 1
167 108 1
167 109 1
167 110 1
167 112 1
167 114 1
167 117 1
167 119 1
167 121 1
167 131 1
167 136 1
167 149 1
167 152 1
167 161 1
167 166 1
167 167 1
168 6 1
168 7 1
168 15 1
168 19 1
168 20 1
168 25 1
168 44 1
168 51 1
168 59 1
168 64 1
168 65 1
168 67 1
168 68 1
168 71 1
168 76 1
168 77 1
168 83 1
168 90 1
168 98 1
168 100 1
168 104 1
168 107 1
168 109 1
168 118 1
168 131 1
168 141 1
168 142 1
168 144 1
168 152 1
168 153 1
168 158 1
168 165 1
169 3 1
169 8 1
169 10 1
169 14 1
169 23 1
169 24 1
169 25 1
169 29 1
169 31 1
169 33 1
169 37 1
169 38 1
169 53 1
169 60 1
169 64 1
169 65 1
169 68 1
169 69 1
169 75 1
169 79 1
169 80 1
169 83 1
169 84 1
169 85 1
169 89 1
169 90 1
169 98 1
169 102 1
169 106 1
169 111 1
169 113 1
169 121 1
169 126 1
169 129 1
169 133 1
169 139 1
169 140 1
169 142 1
169 143 1
169 147 1
169 151 1
169 153 1
169 154 1
169 156 1
169 163 1
169 166 1
169 168 1
169 169 1
170 3 1
170 6 1
170 8 1
170 9 1
170 10 1
170 11 1
170 18 1
170 27 1
170 28 1
170 37 1
170 42 1
170 43 1
170 45 1
170 46 1
170 48 1
170 51 1
170 62 1
170 64 1
170 65 1
170 69 1
170 80 1
170 81 1
170 83 1
170 85 1
170 95 1
170 97 1
170 100 1
170 104 1
170 114 1
170 119 1
170 120 1
170 122 1
170 126 1
170 132 1
170 133 1
170 134 1
170 136 1
170 141 1
170 142 1
170 146 1
170 161 1
171 4 1
171 5 1
171 7 1
171 19 1
171 22 1
171 25 1
171 30 1
171 33 1
171 34 1
171 51 1
171 58 1
171 60 1
171 64 1
171 65 1
171 67 1
171 71 1
171 72 1
171 77 1
171 82 1
171 103 1
171 105 1
171 107 1
171 111 1
171 120 1
171 127 1
171 129 1
171 132 1
171 136 1
171 140 1
171 143 1
171 145 1
171 146 1
171 148 1
171 149 1
171 151 1
171 157 1
171 165 1
171 169 1
171 171 1
172 3 1
172 4 1
172 8 1
172 10 1
172 11 1
172 16 1
172 19 1
172 24 1
172 26 1
172 32 1
172 39 1
172 41 1
172 42 1
172 48 1
172 49 1
172 52 1
172 54 1
172 59 1
172 60 1
172 65 1
172 70 1
172 73 1
172 74 1
172 83 1
172 88 1
172 92 1
172 93 1
172 114 1
172 132 1
172 134 1
172 139 1
172 140 1
172 144 1
172 145 1
172 149 1
172 150 1
172 153 1
172 156 1
172 160 1
172 161 1
172 163 1
172 164 1
172 166 1
172 170 1
173 6 1
173 12 1
173 14 1
173 17 1
173 22 1
173 23 1
173 25 1
173 31 1
173 32 1
173 36 1
173 44 1
173 46 1
173 61 1
173 65 1
173 72 1
173 73 1
173 75 1
173 80 1
173 85 1
173 90 1
173 93 1
173 94 1
173 95 1
173 99 1
173 105 1
173 111 1
173 112 1
173 122 1
173 124 1
173 125 1
173 127 1
173 132 1
173 135 1
173 141 1
173 143 1
173 149 1
173 153 1
173 157 1
173 158 1
173 159 1
173 163 1
173 165 1
174 12 1
174 19 1
174 22 1
174 24 1
174 28 1
174 31 1
174 36 1
174 52 1
174 54 1
174 55 1
174 56 1
174 65 1
174 68 1
174 77 1
174 86 1
174 87 1
174 89 1
174 93 1
174 95 1
174 97 1
174 101 1
174 104 1
174 133 1
174 135 1
174 140 1
174 149 1
174 150 1
174 161 1
175 3 1
175 10 1
175 23 1
175 31 1
175 32 1
175 34 1
175 41 1
175 42 1
175 44 1
175 56 1
175 68 1
175 70 1
175 74 1
175 81 1
175 83 1
175 84 1
175 87 1
175 90 1
175 91 1
175 94 1
175 98 1
175 100 1
175 101 1
175 103 1
175 108 1
175 117 1
175 118 1
175 120 1
175 124 1
175 125 1
175 128 1
175 138 1
175 142 1
175 146 1
175 153 1
175 161 1
175 164 1
175 167 1
175 169 1
175 170 1
176 1 1
176 3 1
176 5 1
176 21 1
176 24 1
176 26 1
176 27 1
176 30 1
176 39 1
176 51 1
176 55 1
176 68 1
176 88 1
176 91 1
176 96 1
176 98 1
176 110 1
176 119 1
176 126 1
176 128 1
176 134 1
176 142 1
176 153 1
176 157 1
176 164 1
176 166 1
176 169 1
176 171 1
176 174 1
176 176 1
177 1 1
177 3 1
177 17 1
177 18 1
177 28 1
177 35 1
177 37 1
177 43 1
177 50 1
177 56 1
177 63 1
177 65 1
177 67 1
177 70 1
177 71 1
177 85 1
177 86 1
177 89 1
177 91 1
177 100 1
177 101 1
177 102 1
177 108 1
177 114 1
177 119 1
177 120 1
177 121 1
177 128 1
177 133 1
177 136 1
177 138 1
177 140 1
177 144 1
177 146 1
177 151 1
177 154 1
177 161 1
177 168 1
177 170 1
177 174 1
178 3 1
178 7 1
178 12 1
178 14 1
178 16 1
178 23 1
178 27 1
178 42 1
178 45 1
178 46 1
178 48 1
178 50 1
178 51 1
178 52 1
178 54 1
178 57 1
178 61 1
178 67 1
178 75 1
178 83 1
178 87 1
178 88 1
178 103 1
178 104 1
178 111 1
178 112 1
178 118 1
178 119 1
178 121 1
178 135 1
178 136 1
178 139 1
178 143 1
178 145 1
178 146 1
178 158 1
178 160 1
178 163 1
178 165 1
178 168 1
178 174 1
178 178 1
179 0 1
179 4 1
179 8 1
179 12 1
179 21 1
179 22 1
179 28 1
179 33 1
179 36 1
179 39 1
179 43 1
179 45 1
179 49 1
179 54 1
179 55 1
179 57 1
179 58 1
179 59 1
179 66 1
179 68 1
179 71 1
179 73 1
179 77 1
179 79 1
179 80 1
179 82 1
179 105 1
179 111 1
179 114 1
179 117 1
179 120 1
179 124 1
179 128 1
179 132 1
179 139 1
179 140 1
179 148 1
179 156 1
179 159 1
179 162 1
179 165 1
179 168 1
179 177 1
179 178 1
180 0 1
180 2 1
180 3 1
180 6 1
180 16 1
180 18 1
180 20 1
180 28 1
180 36 1
180 50 1
180 58 1
180 60 1
180 71 1
180 72 1
180 73 1
180 77 1
180 78 1
180 80 1
180 81 1
180 87 1
180 88 1
180 102 1
180 105 1
180 107 1
180 108 1
180 109 1
180 112 1
180 114 1
180 120 1
180 122 1
180 125 1
180 126 1
180 129 1
180 137 1
180 139 1
180 141 1
180 144 1
180 148 1
180 156 1
180 157 1
180 163 1
180 167 1
180 169 1
180 170 1
180 172 1
180 180 1
181 5 1
181 6 1
181 10 1
181 12 1
181 18 1
181 29 1
181 31 1
181 32 1
181 34 1
181 39 1
181 44 1
181 46 1
181 49 1
181 50 1
181 52 1
181 56 1
181 59 1
181 63 1
181 66 1
181 68 1
181 69 1
181 70 1
181 72 1
181 85 1
181 89 1
181 90 1
181 103 1
181 106 1
181 110 1
181 113 1
181 114 1
181 119 1
181 136 1
181 143 1
181 147 1
181 150 1
181 155 1
181 157 1
181 160 1
181 162 1
181 168 1
181 173 1
181 176 1
182 4 1
182 7 1
182 8 1
182 16 1
182 19 1
182 36 1
182 39 1
182 43 1
182 44 1
182 49 1
182 52 1
182 66 1
182 67 1
182 71 1
182 75 1
182 81 1
182 82 1
182 85 1
182 92 1
182 97 1
182 98 1
182 108 1
182 135 1
182 136 1
182 137 1
182 138 1
182 140 1
182 141 1
182 146 1
182 148 1
182 149 1
182 166 1
182 167 1
182 170 1
182 172 1
182 181 1
183 2 1
183 5 1
183 10 1
183 11 1
183 26 1
183 31 1
183 33 1
183 38 1
183 45 1
183 47 1
183 48 1
183 49 1
183 54 1
183 61 1
183 68 1
183 82 1
183 83 1
183 85 1
183 88 1
183 92 1
183 94 1
183 105 1
183 112 1
183 113 1
183 117 1
183 120 1
183 123 1
183 128 1
183 129 1
183 137 1
183 139 1
183 140 1
183 142 1
183 145 1
183 148 1
183 153 1
183 157 1
183 159 1
183 162 1
183 163 1
184 0 1
184 6 1
184 8 1
184 13 1
184 15 1
184 20 1
184 31 1
184 37 1
184 40 1
184 42 1
184 43 1
184 49 1
184 61 1
184 64 1
184 66 1
184 77 1
184 79 1
184 89 1
184 91 1
184 93 1
184 96 1
184 101 1
184 106 1
184 111 1
184 113 1
184 116 1
184 118 1
184 123 1
184 124 1
184 125 1
184 128 1
184 129 1
184 130 1
184 147 1
184 149 1
184 150 1
184 156 1
184 161 1
184 170 1
184 171 1
185 0 1
185 6 1
185 8 1
185 9 1
185 18 1
185 20 1
185 22 1
185 27 1
185 32 1
185 34 1
185 36 1
185 37 1
185 39 1
185 42 1
185 55 1
185 56 1
185 59 1
185 61 1
185 64 1
185 71 1
185 73 1
185 93 1
185 96 1
185 99 1
185 101 1
185 103 1
185 110 1
185 113 1
185 126 1
185 130 1
185 133 1
185 136 1
185 148 1
185 151 1
185 155 1
185 161 1
185 176 1
185 180 1
185 182 1
186 1 1
186 10 1
186 15 1
186 18 1
186 22 1
186 26 1
186 27 1
186 33 1
186 34 1
186 37 1
186 43 1
186 45 1
186 47 1
186 49 1
186 50 1
186 52 1
186 59 1
186 62 1
186 66 1
186 67 1
186 68 1
186 74 1
186 77 1
186 80 1
186 82 1
186 83 1
186 85 1
186 89 1
186 90 1
186 91 1
186 94 1
186 100 1
186 101 1
186 108 1
186 109 1
186 110 1
186 111 1
186 112 1
186 118 1
186 124 1
186 127 1
186 132 1
186 135 1
186 140 1
186 150 1
186 159 1
186 160 1
186 169 1
186 175 1
186 177 1
186 180 1
186 183 1
187 6 1
187 12 1
187 14 1
187 18 1
187 20 1
187 30 1
187 31 1
187 44 1
187 45 1
187 46 1
187 48 1
187 49 1
187 52 1
187 73 1
187 74 1
187 76 1
187 78 1
187 84 1
187 85 1
187 93 1
187 95 1
187 102 1
187 104 1
187 106 1
187 111 1
187 116 1
187 122 1
187 125 1
187 130 1
187 143 1
187 147 1
187 151 1
187 159 1
187 161 1
187 162 1
187 163 1
187 166 1
187 178 1
187 186 1
188 1 1
188 6 1
188 12 1
188 17 1
188 18 1
188 19 1
188 20 1
188 21 1
188 23 1
188 27 1
188 31 1
188 36 1
188 45 1
188 48 1
188 50 1
188 55 1
188 60 1
188 65 1
188 75 1
188 78 1
188 84 1
188 97 1
188 102 1
188 111 1
188 121 1
188 123 1
188 125 1
188 129 1
188 130 1
188 142 1
188 152 1
188 157 1
188 160 1
188 161 1
188 164 1
188 165 1
188 169 1
188 176 1
189 0 1
189 1 1
189 3 1
189 6 1
189 9 1
189 14 1
189 16 1
189 17 1
189 40 1
189 41 1
189 43 1
189 51 1
189 53 1
189 58 1
189 64 1
189 70 1
189 72 1
189 74 1
189 75 1
189 88 1
189 93 1
189 94 1
189 99 1
189 108 1
189 111 1
189 118 1
189 120 1
189 122 1
189 126 1
189 133 1
189 135 1
189 136 1
189 139 1
189 141 1
189 144 1
189 155 1
189 164 1
189 165 1
189 166 1
189 167 1
189 175 1
189 181 1
189 182 1
189 186 1
189 189 1
190 1 1
190 8 1
190 13 1
190 22 1
190 24 1
190 25 1
190 28 1
190 33 1
190 34 1
190 36 1
190 37 1
190 40 1
190 42 1
190 44 1
190 48 1
190 52 1
190 64 1
190 65 1
190 68 1
190 69 1
190 78 1
190 80 1
190 86 1
190 94 1
190 95 1
190 105 1
190 111 1
190 112 1
190 117 1
190 122 1
190 128 1
190 131 1
190 135 1
190 136 1
190 139 1
190 144 1
190 150 1
190 158 1
190 161 1
190 163 1
190 167 1
190 171 1
190 175 1
190 176 1
190 179 1
190 181 1
191 1 1
191 2 1
191 6 1
191 8 1
191 9 1
191 12 1
191 14 1
191 16 1
191 38 1
191 39 1
191 41 1
191 43 1
191 50 1
191 57 1
191 64 1
191 67 1
191 72 1
191 73 1
191 74 1
191 75 1
191 79 1
191 82 1
191 86 1
191 88 1
191 90 1
191 95 1
191 98 1
191 99 1
191 110 1
191 116 1
191 120 1
191 128 1
191 130 1
191 135 1
191 142 1
191 143 1
191 144 1
191 145 1
191 149 1
191 150 1
191 157 1
191 166 1
191 174 1
191 178 1
191 186 1
192 1 1
192 5 1
192 10 1
192 11 1
192 18 1
192 23 1
192 25 1
192 27 1
192 28 1
192 30 1
192 31 1
192 43 1
192 44 1
192 47 1
192 51 1
192 56 1
192 75 1
192 86 1
192 91 1
192 92 1
192 94 1
192 98 1
192 104 1
192 109 1
192 110 1
192 113 1
192 115 1
192 116 1
192 119 1
192 120 1
192 122 1
192 126 1
192 133 1
192 145 1
192 146 1
192 148 1
192 150 1
192 159 1
192 168 1
192 170 1
192 177 1
192 178 1
192 180 1
192 190 1
192 192 1
193 6 1
193 16 1
193 20 1
193 24 1
193 28 1
193 31 1
193 33 1
193 42 1
193 47 1
193 48 1
193 49 1
193 61 1
193 71 1
193 72 1
193 75 1
193 76 1
193 80 1
193 91 1
193 95 1
193 114 1
193 122 1
193 130 1
193 141 1
193 143 1
193 165 1
193 168 1
193 170 1
193 176 1
193 189 1
193 191 1
194 12 1
194 13 1
194 15 1
194 16 1
194 18 1
194 19 1
194 20 1
194 30 1
194 32 1
194 41 1
194 46 1
194 57 1
194 69 1
194 70 1
194 80 1
194 81 1
194 85 1
194 86 1
194 88 1
194 93 1
194 97 1
194 107 1
194 113 1
194 119 1
194 121 1
194 130 1
194 132 1
194 135 1
194 140 1
194 155 1
194 160 1
194 162 1
194 168 1
194 170 1
194 184 1
194 190 1
194 191 1
194 193 1
195 3 1
195 9 1
195 12 1
195 20 1
195 29 1
195 34 1
195 39 1
195 43 1
195 49 1
195 51 1
195 54 1
195 63 1
195 65 1
195 68 1
195 87 1
195 88 1
195 93 1
195 94 1
195 96 1
195 106 1
195 108 1
195 111 1
195 113 1
195 114 1
195 115 1
195 122 1
195 124 1
195 125 1
195 131 1
195 132 1
195 135 1
195 138 1
195 147 1
195 167 1
195 173 1
195 176 1
195 178 1
195 182 1
195 185 1
195 186 1
196 1 1
196 2 1
196 5 1
196 8 1
196 12 1
196 21 1
196 25 1
196 30 1
196 31 1
196 35 1
196 43 1
196 48 1
196 51 1
196 52 1
196 57 1
196 62 1
196 70 1
196 78 1
196 80 1
196 87 1
196 90 1
196 91 1
196 94 1
196 100 1
196 104 1
196 106 1
196 115 1
196 116 1
196 117 1
196 126 1
196 129 1
196 133 1
196 139 1
196 153 1
196 156 1
196 157 1
196 161 1
196 162 1
196 163 1
196 165 1
196 172 1
196 174 1
196 176 1
196 194 1
196 195 1
196 196 1
197 4 1
197 7 1
197 25 1
197 27 1
197 32 1
197 33 1
197 36 1
197 44 1
197 53 1
197 62 1
197 65 1
197 68 1
197 69 1
197 74 1
197 78 1
197 89 1
197 90 1
197 100 1
197 102 1
197 105 1
197 110 1
197 114 1
197 116 1
197 118 1
197 122 1
197 126 1
197 136 1
197 137 1
197 138 1
197 141 1
197 147 1
197 156 1
197 158 1
197 161 1
197 162 1
197 164 1
197 174 1
197 175 1
197 182 1
197 186 1
197 192 1
197 195 1
197 196 1
198 8 1
198 10 1
198 17 1
198 20 1
198 21 1
198 23 1
198 26 1
198 29 1
198 34 1
198 36 1
198 40 1
198 43 1
198 48 1
198 67 1
198 75 1
198 76 1
198 81 1
198 85 1
198 86 1
198 91 1
198 92 1
198 97 1
198 110 1
198 113 1
198 115 1
198 118 1
198 120 1
198 131 1
198 135 1
198 137 1
198 143 1
198 145 1
198 150 1
198 154 1
198 157 1
198 159 1
198 162 1
198 163 1
198 168 1
198 169 1
198 173 1
198 180 1
198 182 1
198 183 1
198 190 1
198 193 1
198 197 1
198 198 1
199 1 1
199 2 1
199 6 1
199 12 1
199 16 1
199 22 1
199 33 1
199 48 1
199 51 1
199 52 1
199 59 1
199 65 1
199 68 1
199 71 1
199 73 1
199 80 1
199 88 1
199 90 1
199 93 1
199 96 1
199 101 1
199 104 1
199 117 1
199 119 1
199 129 1
199 132 1
199 134 1
199 139 1
199 140 1
199 146 1
199 147 1
199 152 1
199 154 1
199 156 1
199 157 1
199 158 1
199 174 1
199 188 1
199 189 1
199 191 1
199 196 1
199 199 1
3 0 2
4 1 2
4 3 2
5 3 2
5 5 2
6 6 2
7 1 2
8 3 2
8 5 2
8 6 2
9 0 2
9 3 2
9 5 2
9 6 2
9 7 2
10 3 2
10 4 2
10 9 2
11 0 2
11 11 2
12 5 2
12 6 2
12 9 2
12 12 2
13 5 2
13 12 2
14 2 2
14 5 2
15 3 2
15 8 2
15 12 2
15 13 2
15 14 2
16 0 2
16 1 2
16 3 2
16 5 2
16 6 2
16 13 2
16 15 2
17 3 2
17 4 2
17 7 2
17 10 2
17 14 2
18 2 2
18 4 2
18 9 2
18 12 2
18 16 2
19 6 2
19 7 2
19 8 2
19 16 2
19 18 2
20 0 2
20 14 2
20 17 2
20 20 2
21 1 2
21 5 2
21 14 2
21 15 2
21 20 2
21 21 2
22 1 2
22 8 2
22 10 2
22 11 2
22 12 2
22 13 2
22 14 2
22 19 2
22 20 2
22 21 2
23 5 2
23 12 2
23 20 2
23 21 2
23 22 2
24 12 2
24 16 2
24 20 2
24 23 2
25 3 2
25 7 2
25 13 2
25 15 2
26 6 2
26 16 2
26 23 2
27 0 2
27 4 2
27 5 2
27 7 2
27 8 2
27 13 2
27 17 2
27 20 2
27 23 2
28 3 2
28 7 2
28 12 2
28 13 2
28 14 2
28 16 2
28 17 2
28 18 2
28 22 2
28 26 2
29 0 2
29 1 2
29 5 2
29 7 2
29 8 2
29 9 2
29 12 2
29 17 2
29 21 2
29 23 2
29 27 2
29 29 2
30 4 2
30 15 2
30 19 2
30 21 2
30 22 2
30 29 2
31 2 2
31 8 2
31 10 2
31 15 2
31 20 2
31 21 2
31 24 2
32 6 2
32 9 2
32 10 2
32 15 2
32 16 2
32 17 2
32 23 2
32 27 2
32 28 2
32 29 2
32 31 2
33 4 2
33 11 2
33 31 2
33 33 2
34 0 2
34 1 2
34 4 2
34 11 2
34 12 2
34 16 2
34 17 2
34 22 2
34 25 2
34 27 2
34 29 2
34 30 2
35 2 2
35 5 2
35 10 2
35 13 2
35 15 2
35 25 2
35 31 2
35 32 2
36 4 2
36 8 2
36 9 2
36 12 2
36 17 2
36 26 2
36 32 2
36 35 2
37 2 2
37 3 2
37 8 2
37 14 2
37 15 2
37 19 2
37 20 2
37 22 2
37 29 2
37 30 2
37 32 2
37 35 2
38 8 2
38 13 2
38 17 2
38 24 2
38 30 2
39 2 2
39 5 2
39 12 2
39 13 2
39 16 2
39 20 2
39 22 2
39 26 2
39 28 2
39 39 2
40 3 2
40 5 2
40 8 2
40 13 2
40 30 2
40 37 2
40 38 2
40 39 2
41 2 2
41 4 2
41 6 2
41 8 2
41 9 2
41 11 2
41 14 2
41 18 2
41 28 2
41 30 2
41 38 2
41 39 2
41 41 2
42 0 2
42 4 2
42 5 2
42 7 2
42 14 2
42 17 2
42 19 2
42 21 2
42 22 2
42 25 2
42 28 2
42 30 2
42 35 2
42 41 2
43 3 2
43 7 2
43 11 2
43 12 2
43 18 2
43 25 2
43 29 2
43 32 2
43 39 2
43 41 2
44 1 2
44 5 2
44 20 2
44 22 2
44 23 2
44 24 2
44 28 2
44 32 2
44 38 2
44 39 2
44 40 2
44 44 2
45 1 2
45 3 2
45 4 2
45 14 2
45 18 2
45 20 2
45 32 2
46 0 2
46 4 2
46 10 2
46 12 2
46 29 2
46 33 2
46 34 2
46 35 2
46 43 2
47 2 2
47 4 2
47 6 2
47 16 2
47 18 2
47 21 2
47 32 2
47 33 2
47 36 2
47 39 2
47 42 2
48 1 2
48 4 2
48 5 2
48 14 2
48 15 2
48 17 2
48 21 2
48 26 2
48 27 2
48 31 2
48 34 2
48 39 2
48 40 2
48 41 2
48 42 2
48 48 2
49 9 2
49 11 2
49 14 2
49 21 2
49 28 2
49 29 2
49 30 2
49 32 2
49 34 2
49 37 2
49 39 2
49 40 2
50 3 2
50 11 2
50 12 2
50 14 2
50 20 2
50 25 2
50 26 2
50 28 2
50 33 2
50 35 2
50 39 2
50 48 2
51 3 2
51 9 2
51 10 2
51 16 2
51 23 2
51 42 2
51 46 2
51 51 2
52 1 2
52 10 2
52 14 2
52 17 2
52 19 2
52 25 2
52 28 2
52 35 2
52 43 2
52 44 2
52 50 2
52 51 2
52 52 2
53 0 2
53 5 2
53 9 2
53 11 2
53 26 2
53 33 2
53 38 2
53 39 2
53 42 2
53 45 2
53 46 2
53 48 2
53 50 2
53 51 2
53 52 2
54 3 2
54 5 2
54 12 2
54 15 2
54 16 2
54 17 2
54 29 2
54 32 2
54 43 2
54 45 2
54 47 2
54 48 2
54 52 2
55 0 2
55 1 2
55 2 2
55 6 2
55 7 2
55 13 2
55 14 2
55 19 2
55 21 2
55 23 2
55 32 2
55 36 2
55 41 2
55 48 2
55 49 2
55 52 2
55 53 2
56 10 2
56 12 2
56 13 2
56 14 2
56 16 2
56 22 2
56 31 2
56 32 2
56 33 2
56 39 2
56 42 2
56 46 2
56 48 2
56 49 2
56 51 2
57 1 2
57 4 2
57 5 2
57 6 2
57 7 2
57 10 2
57 11 2
57 18 2
57 20 2
57 21 2
57 28 2
57 32 2
57 37 2
57 38 2
57 39 2
57 43 2
57 44 2
57 45 2
57 46 2
57 47 2
57 49 2
57 52 2
57 56 2
57 57 2
58 1 2
58 3 2
58 5 2
58 6 2
58 16 2
58 17 2
58 31 2
58 32 2
58 34 2
58 36 2
58 37 2
58 42 2
58 44 2
58 46 2
58 49 2
58 52 2
58 58 2
59 0 2
59 1 2
59 2 2
59 4 2
59 6 2
59 8 2
59 9 2
59 11 2
59 15 2
59 21 2
59 22 2
59 23 2
59 24 2
59 27 2
59 31 2
59 32 2
59 33 2
59 41 2
59 43 2
59 54 2
59 59 2
60 0 2
60 6 2
60 10 2
60 11 2
60 12 2
60 16 2
60 17 2
60 20 2
60 22 2
60 28 2
60 32 2
60 33 2
60 38 2
60 39 2
60 40 2
60 43 2
60 47 2
60 51 2
60 54 2
60 59 2
61 6 2
61 8 2
61 12 2
61 19 2
61 32 2
61 33 2
61 43 2
61 45 2
61 54 2
62 0 2
62 5 2
62 7 2
62 8 2
62 15 2
62 16 2
62 20 2
62 32 2
62 33 2
62 34 2
62 35 2
62 37 2
62 39 2
62 47 2
62 50 2
62 52 2
62 59 2
62 60 2
63 3 2
63 9 2
63 17 2
63 18 2
63 23 2
63 26 2
63 27 2
63 29 2
63 31 2
63 33 2
63 45 2
63 46 2
63 50 2
63 54 2
63 59 2
63 62 2
64 4 2
64 6 2
64 8 2
64 10 2
64 16 2
64 18 2
64 23 2
64 24 2
64 30 2
64 32 2
64 35 2
64 37 2
64 38 2
64 40 2
64 42 2
64 44 2
64 45 2
64 50 2
64 58 2
64 59 2
65 4 2
65 5 2
65 6 2
65 9 2
65 12 2
65 14 2
65 20 2
65 29 2
65 30 2
65 31 2
65 33 2
65 36 2
65 39 2
65 40 2
65 41 2
65 50 2
65 51 2
65 56 2
65 57 2
65 59 2
65 61 2
65 62 2
66 0 2
66 2 2
66 8 2
66 16 2
66 18 2
66 22 2
66 23 2
66 26 2
66 27 2
66 32 2
66 34 2
66 36 2
66 44 2
66 56 2
66 59 2
66 61 2
66 63 2
66 64 2
67 10 2
67 12 2
67 16 2
67 23 2
67 25 2
67 29 2
67 34 2
67 39 2
67 41 2
67 51 2
67 54 2
67 55 2
67 56 2
67 59 2
67 60 2
67 61 2
67 62 2
67 65 2
68 5 2
68 6 2
68 12 2
68 14 2
68 17 2
68 28 2
68 30 2
68 31 2
68 34 2
68 36 2
68 42 2
68 44 2
68 45 2
68 47 2
68 48 2
68 50 2
68 54 2
68 56 2
68 57 2
68 60 2
68 61 2
68 64 2
68 65 2
69 16 2
69 22 2
69 26 2
69 35 2
69 36 2
69 41 2
69 43 2
69 46 2
69 64 2
69 67 2
70 11 2
70 17 2
70 21 2
70 23 2
70 34 2
70 48 2
70 54 2
70 57 2
70 64 2
70 67 2
70 68 2
71 1 2
71 8 2
71 9 2
71 12 2
71 15 2
71 16 2
71 17 2
71 18 2
71 19 2
71 20 2
71 23 2
71 24 2
71 27 2
71 28 2
71 29 2
71 31 2
71 32 2
71 37 2
71 39 2
71 40 2
71 42 2
71 44 2
71 57 2
71 59 2
71 60 2
71 70 2
72 2 2
72 3 2
72 4 2
72 5 2
72 13 2
72 17 2
72 18 2
72 19 2
72 22 2
72 27 2
72 28 2
72 36 2
72 42 2
72 45 2
72 46 2
72 47 2
72 49 2
72 51 2
72 53 2
72 71 2
73 1 2
73 6 2
73 7 2
73 13 2
73 16 2
73 17 2
73 18 2
73 23 2
73 31 2
73 35 2
73 38 2
73 45 2
73 50 2
73 52 2
73 53 2
73 57 2
73 61 2
73 64 2
74 1 2
74 2 2
74 6 2
74 7 2
74 16 2
74 18 2
74 21 2
74 23 2
74 25 2
74 26 2
74 30 2
74 32 2
74 33 2
74 39 2
74 40 2
74 46 2
74 47 2
74 58 2
74 61 2
74 62 2
74 64 2
74 65 2
74 73 2
75 3 2
75 4 2
75 6 2
75 21 2
75 22 2
75 24 2
75 26 2
75 30 2
75 32 2
75 39 2
75 48 2
75 50 2
75 54 2
75 56 2
75 62 2
75 69 2
75 74 2
75 75 2
76 1 2
76 4 2
76 5 2
76 11 2
76 13 2
76 14 2
76 20 2
76 29 2
76 31 2
76 32 2
76 33 2
76 35 2
76 36 2
76 39 2
76 40 2
76 42 2
76 44 2
76 50 2
76 52 2
76 53 2
76 56 2
76 65 2
76 66 2
76 69 2
76 70 2
76 71 2
76 73 2
76 75 2
76 76 2
77 2 2
77 3 2
77 4 2
77 6 2
77 8 2
77 15 2
77 18 2
77 21 2
77 22 2
77 28 2
77 29 2
77 37 2
77 41 2
77 42 2
77 46 2
77 50 2
77 54 2
77 57 2
77 58 2
77 59 2
77 60 2
77 64 2
77 66 2
77 67 2
77 68 2
77 71 2
77 73 2
78 0 2
78 5 2
78 14 2
78 36 2
78 40 2
78 44 2
78 47 2
78 48 2
78 51 2
78 53 2
78 54 2
78 55 2
78 56 2
78 58 2
78 60 2
78 62 2
78 63 2
78 68 2
78 69 2
78 70 2
78 78 2
79 0 2
79 2 2
79 13 2
79 16 2
79 18 2
79 19 2
79 21 2
79 23 2
79 24 2
79 26 2
79 44 2
79 46 2
79 47 2
79 51 2
79 52 2
79 60 2
79 63 2
79 66 2
79 76 2
79 77 2
80 1 2
80 2 2
80 9 2
80 10 2
80 14 2
80 16 2
80 18 2
80 20 2
80 23 2
80 25 2
80 29 2
80 39 2
80 40 2
80 41 2
80 53 2
80 66 2
80 70 2
80 72 2
80 75 2
80 76 2
81 0 2
81 2 2
81 5 2
81 14 2
81 21 2
81 22 2
81 23 2
81 38 2
81 40 2
81 42 2
81 45 2
81 53 2
81 54 2
81 55 2
81 57 2
81 58 2
81 61 2
81 66 2
81 71 2
81 74 2
81 75 2
81 81 2
82 0 2
82 4 2
82 10 2
82 13 2
82 19 2
82 20 2
82 25 2
82 30 2
82 40 2
82 46 2
82 58 2
82 60 2
82 67 2
82 70 2
82 81 2
83 2 2
83 4 2
83 10 2
83 17 2
83 22 2
83 24 2
83 25 2
83 27 2
83 29 2
83 37 2
83 42 2
83 53 2
83 62 2
83 64 2
83 65 2
83 68 2
83 71 2
83 76 2
83 79 2
84 14 2
84 18 2
84 19 2
84 24 2
84 27 2
84 30 2
84 38 2
84 40 2
84 41 2
84 46 2
84 53 2
84 58 2
84 64 2
84 66 2
84 69 2
84 71 2
84 74 2
84 75 2
84 76 2
84 78 2
84 83 2
84 84 2
85 0 2
85 7 2
85 16 2
85 18 2
85 21 2
85 27 2
85 32 2
85 34 2
85 40 2
85 41 2
85 42 2
85 45 2
85 49 2
85 56 2
85 68 2
85 77 2
86 0 2
86 1 2
86 4 2
86 10 2
86 11 2
86 14 2
86 19 2
86 26 2
86 32 2
86 34 2
86 37 2
86 39 2
86 40 2
86 52 2
86 53 2
86 56 2
86 58 2
86 62 2
86 67 2
86 70 2
86 72 2
86 80 2
86 83 2
86 86 2
87 0 2
87 1 2
87 3 2
87 9 2
87 15 2
87 26 2
87 29 2
87 30 2
87 35 2
87 37 2
87 38 2
87 45 2
87 51 2
87 53 2
87 57 2
87 58 2
87 65 2
87 67 2
87 77 2
87 79 2
87 82 2
87 85 2
88 11 2
88 14 2
88 15 2
88 21 2
88 22 2
88 31 2
88 44 2
88 46 2
88 48 2
88 51 2
88 54 2
88 57 2
88 60 2
88 62 2
88 65 2
88 66 2
88 69 2
88 75 2
88 86 2
88 87 2
88 88 2
89 5 2
89 6 2
89 7 2
89 9 2
89 13 2
89 15 2
89 21 2
89 28 2
89 29 2
89 30 2
89 39 2
89 41 2
89 42 2
89 45 2
89 48 2
89 49 2
89 50 2
89 53 2
89 56 2
89 58 2
89 60 2
89 65 2
89 66 2
89 72 2
89 73 2
89 74 2
89 76 2
89 80 2
89 85 2
89 89 2
90 3 2
90 5 2
90 10 2
90 11 2
90 13 2
90 14 2
90 15 2
90 16 2
90 26 2
90 27 2
90 30 2
90 32 2
90 40 2
90 44 2
90 45 2
90 48 2
90 49 2
90 57 2
90 59 2
90 60 2
90 62 2
90 64 2
90 68 2
90 72 2
90 73 2
90 77 2
90 79 2
90 81 2
90 82 2
90 86 2
90 88 2
91 1 2
91 3 2
91 4 2
91 15 2
91 16 2
91 17 2
91 19 2
91 22 2
91 31 2
91 32 2
91 35 2
91 37 2
91 39 2
91 43 2
91 52 2
91 69 2
91 70 2
91 80 2
91 83 2
91 91 2
92 10 2
92 16 2
92 20 2
92 30 2
92 36 2
92 40 2
92 41 2
92 48 2
92 51 2
92 52 2
92 58 2
92 59 2
92 66 2
92 70 2
92 73 2
92 75 2
92 76 2
92 81 2
92 83 2
92 85 2
92 87 2
92 91 2
93 2 2
93 9 2
93 10 2
93 13 2
93 17 2
93 21 2
93 22 2
93 23 2
93 26 2
93 30 2
93 37 2
93 40 2
93 47 2
93 48 2
93 51 2
93 54 2
93 58 2
93 63 2
93 69 2
93 71 2
93 75 2
93 77 2
93 84 2
93 85 2
93 90 2
93 93 2
94 6 2
94 7 2
94 10 2
94 22 2
94 23 2
94 33 2
94 36 2
94 43 2
94 47 2
94 55 2
94 59 2
94 60 2
94 61 2
94 65 2
94 67 2
94 69 2
94 76 2
94 86 2
94 87 2
94 88 2
95 1 2
95 2 2
95 4 2
95 6 2
95 9 2
95 11 2
95 13 2
95 18 2
95 20 2
95 22 2
95 26 2
95 28 2
95 32 2
95 36 2
95 40 2
95 42 2
95 45 2
95 47 2
95 52 2
95 56 2
95 60 2
95 67 2
95 68 2
95 75 2
95 77 2
95 79 2
95 81 2
95 86 2
95 90 2
95 93 2
96 5 2
96 6 2
96 11 2
96 15 2
96 20 2
96 26 2
96 31 2
96 33 2
96 35 2
96 38 2
96 49 2
96 50 2
96 51 2
96 52 2
96 54 2
96 59 2
96 62 2
96 65 2
96 66 2
96 67 2
96 89 2
96 91 2
96 95 2
97 7 2
97 13 2
97 14 2
97 26 2
97 27 2
97 28 2
97 34 2
97 40 2
97 41 2
97 49 2
97 50 2
97 52 2
97 58 2
97 64 2
97 66 2
97 69 2
97 76 2
97 89 2
97 90 2
97 95 2
97 96 2
97 97 2
98 0 2
98 11 2
98 15 2
98 19 2
98 20 2
98 22 2
98 23 2
98 27 2
98 31 2
98 34 2
98 35 2
98 36 2
98 41 2
98 44 2
98 45 2
98 47 2
98 54 2
98 55 2
98 64 2
98 66 2
98 72 2
98 73 2
98 78 2
98 82 2
98 95 2
99 10 2
99 13 2
99 17 2
99 23 2
99 26 2
99 31 2
99 36 2
99 43 2
99 45 2
99 48 2
99 56 2
99 57 2
99 58 2
99 59 2
99 60 2
99 63 2
99 68 2
99 77 2
99 83 2
99 85 2
99 87 2
99 91 2
99 93 2
99 95 2
99 98 2
100 3 2
100 4 2
100 6 2
100 7 2
100 8 2
100 13 2
100 14 2
100 15 2
100 16 2
100 17 2
100 19 2
100 20 2
100 21 2
100 22 2
100 23 2
100 24 2
100 28 2
100 29 2
100 34 2
100 36 2
100 44 2
100 48 2
100 51 2
100 55 2
100 56 2
100 66 2
100 72 2
100 81 2
100 92 2
101 0 2
101 3 2
101 5 2
101 6 2
101 13 2
101 15 2
101 16 2
101 18 2
101 19 2
101 20 2
101 22 2
101 27 2
101 38 2
101 40 2
101 42 2
101 43 2
101 45 2
101 48 2
101 52 2
101 53 2
101 54 2
101 56 2
101 58 2
101 61 2
101 64 2
101 73 2
101 75 2
101 82 2
101 88 2
101 96 2
101 97 2
101 99 2
102 2 2
102 3 2
102 7 2
102 8 2
102 12 2
102 14 2
102 18 2
102 19 2
102 23 2
102 25 2
102 36 2
102 37 2
102 42 2
102 46 2
102 49 2
102 50 2
102 54 2
102 57 2
102 61 2
102 62 2
102 69 2
102 74 2
102 79 2
102 88 2
102 89 2
102 91 2
102 92 2
103 11 2
103 17 2
103 21 2
103 22 2
103 23 2
103 25 2
103 26 2
103 30 2
103 31 2
103 32 2
103 34 2
103 36 2
103 39 2
103 40 2
103 41 2
103 42 2
103 43 2
103 46 2
103 47 2
103 54 2
103 56 2
103 63 2
103 64 2
103 72 2
103 84 2
103 89 2
103 90 2
103 93 2
104 1 2
104 5 2
104 7 2
104 11 2
104 12 2
104 14 2
104 28 2
104 32 2
104 33 2
104 35 2
104 38 2
104 46 2
104 47 2
104 48 2
104 57 2
104 59 2
104 64 2
104 73 2
104 75 2
104 76 2
104 84 2
104 86 2
104 87 2
104 89 2
104 91 2
104 99 2
105 4 2
105 6 2
105 10 2
105 19 2
105 20 2
105 23 2
105 26 2
105 27 2
105 28 2
105 29 2
105 31 2
105 34 2
105 39 2
105 45 2
105 49 2
105 50 2
105 54 2
105 61 2
105 70 2
105 71 2
105 74 2
105 85 2
105 95 2
106 2 2
106 4 2
106 6 2
106 10 2
106 14 2
106 26 2
106 27 2
106 30 2
106 40 2
106 41 2
106 44 2
106 52 2
106 64 2
106 71 2
106 73 2
106 81 2
106 84 2
106 94 2
106 100 2
107 8 2
107 9 2
107 11 2
107 19 2
107 21 2
107 22 2
107 23 2
107 26 2
107 34 2
107 36 2
107 41 2
107 48 2
107 49 2
107 50 2
107 51 2
107 52 2
107 54 2
107 56 2
107 59 2
107 60 2
107 61 2
107 69 2
107 74 2
107 78 2
107 79 2
107 80 2
107 81 2
107 83 2
107 92 2
107 98 2
107 99 2
107 101 2
107 102 2
107 105 2
108 4 2
108 9 2
108 10 2
108 11 2
108 13 2
108 14 2
108 15 2
108 16 2
108 18 2
108 19 2
108 24 2
108 28 2
108 30 2
108 32 2
108 35 2
108 40 2
108 42 2
108 45 2
108 47 2
108 50 2
108 58 2
108 59 2
108 66 2
108 69 2
108 71 2
108 72 2
108 77 2
108 78 2
108 80 2
108 82 2
108 83 2
108 85 2
108 92 2
108 103 2
108 105 2
108 107 2
109 0 2
109 1 2
109 4 2
109 5 2
109 6 2
109 13 2
109 19 2
109 20 2
109 22 2
109 23 2
109 27 2
109 32 2
109 33 2
109 35 2
109 36 2
109 38 2
109 39 2
109 41 2
109 45 2
109 47 2
109 49 2
109 50 2
109 57 2
109 60 2
109 63 2
109 64 2
109 68 2
109 70 2
109 72 2
109 82 2
109 86 2
109 89 2
109 90 2
109 93 2
109 95 2
109 98 2
109 100 2
110 0 2
110 1 2
110 4 2
110 7 2
110 15 2
110 29 2
110 31 2
110 32 2
110 34 2
110 35 2
110 38 2
110 39 2
110 40 2
110 53 2
110 57 2
110 65 2
110 71 2
110 72 2
110 74 2
110 86 2
110 87 2
110 92 2
110 96 2
110 97 2
110 99 2
110 100 2
110 107 2
110 109 2
110 110 2
111 0 2
111 17 2
111 18 2
111 26 2
111 34 2
111 39 2
111 41 2
111 42 2
111 45 2
111 55 2
111 58 2
111 59 2
111 62 2
111 63 2
111 65 2
111 68 2
111 71 2
111 72 2
111 73 2
111 74 2
111 78 2
111 80 2
111 86 2
111 96 2
111 98 2
111 106 2
111 107 2
111 109 2
111 110 2
112 1 2
112 18 2
112 27 2
112 32 2
112 33 2
112 35 2
112 40 2
112 45 2
112 51 2
112 53 2
112 60 2
112 61 2
112 62 2
112 63 2
112 65 2
112 67 2
112 68 2
112 74 2
112 75 2
112 79 2
112 93 2
112 106 2
113 7 2
113 9 2
113 12 2
113 14 2
113 15 2
113 23 2
113 27 2
113 28 2
113 31 2
113 45 2
113 50 2
113 68 2
113 69 2
113 70 2
113 73 2
113 76 2
113 77 2
113 87 2
113 91 2
113 92 2
113 94 2
113 96 2
113 100 2
113 105 2
113 106 2
114 1 2
114 3 2
114 4 2
114 5 2
114 8 2
114 13 2
114 15 2
114 16 2
114 25 2
114 35 2
114 37 2
114 38 2
114 43 2
114 52 2
114 53 2
114 56 2
114 60 2
114 61 2
114 62 2
114 66 2
114 71 2
114 76 2
114 77 2
114 81 2
114 82 2
114 83 2
114 96 2
114 99 2
114 101 2
114 102 2
114 103 2
114 106 2
114 107 2
114 108 2
114 112 2
115 0 2
115 6 2
115 8 2
115 16 2
115 23 2
115 27 2
115 31 2
115 35 2
115 36 2
115 37 2
115 43 2
115 46 2
115 48 2
115 50 2
115 53 2
115 57 2
115 63 2
115 66 2
115 69 2
115 84 2
115 95 2
115 98 2
115 102 2
115 110 2
115 112 2
115 114 2
115 115 2
116 1 2
116 9 2
116 12 2
116 17 2
116 19 2
116 23 2
116 27 2
116 28 2
116 31 2
116 33 2
116 44 2
116 55 2
116 56 2
116 58 2
116 60 2
116 62 2
116 63 2
116 70 2
116 83 2
116 84 2
116 88 2
116 94 2
116 100 2
116 112 2
116 115 2
116 116 2
117 6 2
117 9 2
117 10 2
117 16 2
117 28 2
117 29 2
117 30 2
117 32 2
117 33 2
117 35 2
117 36 2
117 38 2
117 45 2
117 49 2
117 52 2
117 61 2
117 63 2
117 64 2
117 68 2
117 77 2
117 80 2
117 81 2
117 83 2
117 85 2
117 87 2
117 90 2
117 94 2
117 97 2
117 101 2
117 102 2
117 103 2
117 105 2
117 113 2
117 114 2
118 0 2
118 2 2
118 3 2
118 10 2
118 21 2
118 22 2
118 24 2
118 30 2
118 34 2
118 41 2
118 43 2
118 47 2
118 50 2
118 52 2
118 54 2
118 68 2
118 71 2
118 73 2
118 80 2
118 93 2
118 100 2
118 104 2
118 113 2
118 116 2
119 1 2
119 9 2
119 11 2
119 14 2
119 17 2
119 18 2
119 21 2
119 25 2
119 36 2
119 37 2
119 43 2
119 51 2
119 54 2
119 57 2
119 59 2
119 65 2
119 71 2
119 77 2
119 81 2
119 83 2
119 89 2
119 98 2
119 101 2
119 111 2
119 113 2
119 114 2
119 117 2
119 118 2
119 119 2
120 1 2
120 2 2
120 29 2
120 32 2
120 37 2
120 43 2
120 46 2
120 52 2
120 53 2
120 55 2
120 56 2
120 60 2
120 67 2
120 68 2
120 71 2
120 73 2
120 87 2
120 98 2
120 99 2
120 114 2
120 117 2
120 118 2
121 2 2
121 5 2
121 19 2
121 28 2
121 32 2
121 34 2
121 35 2
121 43 2
121 46 2
121 55 2
121 61 2
121 64 2
121 65 2
121 67 2
121 71 2
121 72 2
121 78 2
121 86 2
121 89 2
121 92 2
121 96 2
121 104 2
121 112 2
121 117 2
121 118 2
121 120 2
121 121 2
122 0 2
122 1 2
122 2 2
122 12 2
122 18 2
122 19 2
122 21 2
122 22 2
122 25 2
122 26 2
122 29 2
122 40 2
122 41 2
122 42 2
122 44 2
122 51 2
122 52 2
122 58 2
122 59 2
122 63 2
122 66 2
122 67 2
122 71 2
122 72 2
122 73 2
122 84 2
122 93 2
122 95 2
122 102 2
122 106 2
122 109 2
122 110 2
122 113 2
122 114 2
122 115 2
122 116 2
122 117 2
122 121 2
123 2 2
123 5 2
123 8 2
123 9 2
123 10 2
123 17 2
123 18 2
123 21 2
123 24 2
123 27 2
123 31 2
123 34 2
123 39 2
123 40 2
123 46 2
123 48 2
123 50 2
123 51 2
123 57 2
123 59 2
123 60 2
123 61 2
123 63 2
123 66 2
123 69 2
123 70 2
123 71 2
123 75 2
123 77 2
123 87 2
123 93 2
123 95 2
123 97 2
123 103 2
123 105 2
123 110 2
123 118 2
123 120 2
123 122 2
124 3 2
124 4 2
124 7 2
124 8 2
124 14 2
124 15 2
124 16 2
124 20 2
124 23 2
124 26 2
124 37 2
124 39 2
124 54 2
124 58 2
124 65 2
124 66 2
124 69 2
124 70 2
124 76 2
124 79 2
124 80 2
124 84 2
124 89 2
124 93 2
124 99 2
124 100 2
124 107 2
124 108 2
124 109 2
124 111 2
124 114 2
124 115 2
124 119 2
124 124 2
125 0 2
125 3 2
125 4 2
125 7 2
125 10 2
125 19 2
125 20 2
125 24 2
125 33 2
125 37 2
125 40 2
125 41 2
125 44 2
125 45 2
125 56 2
125 59 2
125 60 2
125 62 2
125 68 2
125 72 2
125 85 2
125 89 2
125 92 2
125 93 2
125 94 2
125 96 2
125 101 2
125 109 2
125 113 2
125 123 2
125 124 2
125 125 2
126 0 2
126 3 2
126 6 2
126 10 2
126 13 2
126 14 2
126 19 2
126 21 2
126 25 2
126 27 2
126 29 2
126 33 2
126 41 2
126 43 2
126 52 2
126 58 2
126 60 2
126 62 2
126 66 2
126 74 2
126 82 2
126 83 2
126 87 2
126 90 2
126 97 2
126 101 2
126 106 2
126 108 2
126 113 2
126 116 2
126 119 2
126 126 2
127 3 2
127 8 2
127 27 2
127 31 2
127 32 2
127 35 2
127 39 2
127 43 2
127 49 2
127 57 2
127 64 2
127 70 2
127 71 2
127 87 2
127 90 2
127 91 2
127 92 2
127 95 2
127 97 2
127 107 2
127 116 2
127 119 2
127 121 2
127 126 2
128 0 2
128 7 2
128 10 2
128 13 2
128 14 2
128 20 2
128 22 2
128 26 2
128 29 2
128 34 2
128 35 2
128 37 2
128 41 2
128 42 2
128 43 2
128 45 2
128 48 2
128 57 2
128 65 2
128 68 2
128 70 2
128 74 2
128 75 2
128 79 2
128 81 2
128 84 2
128 87 2
128 99 2
128 110 2
128 112 2
128 115 2
128 117 2
128 122 2
129 1 2
129 5 2
129 15 2
129 19 2
129 22 2
129 23 2
129 24 2
129 26 2
129 27 2
129 36 2
129 39 2
129 40 2
129 42 2
129 45 2
129 51 2
129 54 2
129 60 2
129 63 2
129 68 2
129 71 2
129 76 2
129 77 2
129 81 2
129 85 2
129 91 2
129 93 2
129 94 2
129 96 2
129 98 2
129 109 2
129 123 2
129 125 2
129 126 2
129 129 2
130 3 2
130 4 2
130 8 2
130 10 2
130 11 2
130 18 2
130 20 2
130 25 2
130 27 2
130 45 2
130 50 2
130 52 2
130 53 2
130 61 2
130 64 2
130 66 2
130 67 2
130 68 2
130 69 2
130 75 2
130 79 2
130 93 2
130 97 2
130 101 2
130 104 2
130 105 2
130 107 2
130 109 2
130 111 2
130 117 2
130 119 2
130 120 2
130 125 2
131 7 2
131 12 2
131 14 2
131 16 2
131 18 2
131 21 2
131 24 2
131 26 2
131 34 2
131 36 2
131 38 2
131 44 2
131 51 2
131 54 2
131 55 2
131 56 2
131 60 2
131 61 2
131 66 2
131 70 2
131 72 2
131 84 2
131 85 2
131 89 2
131 92 2
131 94 2
131 95 2
131 98 2
131 99 2
131 108 2
131 110 2
131 111 2
131 114 2
131 119 2
131 123 2
131 125 2
131 128 2
132 6 2
132 9 2
132 11 2
132 14 2
132 15 2
132 23 2
132 24 2
132 40 2
132 46 2
132 49 2
132 51 2
132 52 2
132 58 2
132 61 2
132 63 2
132 65 2
132 66 2
132 70 2
132 71 2
132 72 2
132 73 2
132 76 2
132 78 2
132 79 2
132 80 2
132 82 2
132 85 2
132 86 2
132 91 2
132 98 2
132 99 2
132 102 2
132 103 2
132 106 2
132 109 2
132 118 2
132 126 2
133 1 2
133 4 2
133 6 2
133 18 2
133 20 2
133 21 2
133 22 2
133 23 2
133 26 2
133 36 2
133 40 2
133 46 2
133 47 2
133 51 2
133 52 2
133 54 2
133 57 2
133 63 2
133 65 2
133 69 2
133 70 2
133 84 2
133 85 2
133 91 2
133 92 2
133 95 2
133 99 2
133 101 2
133 102 2
133 106 2
133 107 2
133 110 2
133 113 2
133 114 2
133 119 2
133 122 2
133 128 2
134 7 2
134 8 2
134 10 2
134 15 2
134 23 2
134 27 2
134 32 2
134 35 2
134 37 2
134 48 2
134 53 2
134 57 2
134 59 2
134 62 2
134 68 2
134 69 2
134 70 2
134 71 2
134 73 2
134 74 2
134 81 2
134 86 2
134 94 2
134 99 2
134 107 2
134 112 2
134 113 2
134 115 2
134 116 2
134 123 2
134 126 2
134 127 2
134 132 2
134 133 2
135 0 2
135 3 2
135 7 2
135 8 2
135 14 2
135 15 2
135 16 2
135 20 2
135 21 2
135 23 2
135 25 2
135 29 2
135 32 2
135 34 2
135 43 2
135 44 2
135 46 2
135 50 2
135 53 2
135 54 2
135 58 2
135 61 2
135 63 2
135 64 2
135 71 2
135 72 2
135 83 2
135 86 2
135 88 2
135 90 2
135 93 2
135 95 2
135 97 2
135 108 2
135 112 2
135 123 2
135 125 2
135 131 2
136 1 2
136 2 2
136 3 2
136 10 2
136 15 2
136 18 2
136 22 2
136 24 2
136 25 2
136 30 2
136 33 2
136 35 2
136 37 2
136 44 2
136 46 2
136 53 2
136 54 2
136 56 2
136 58 2
136 61 2
136 63 2
136 66 2
136 68 2
136 73 2
136 84 2
136 92 2
136 98 2
136 100 2
136 106 2
136 108 2
136 110 2
136 123 2
136 130 2
136 132 2
136 135 2
137 1 2
137 2 2
137 5 2
137 14 2
137 16 2
137 27 2
137 33 2
137 38 2
137 45 2
137 47 2
137 50 2
137 51 2
137 57 2
137 62 2
137 63 2
137 65 2
137 67 2
137 68 2
137 72 2
137 73 2
137 75 2
137 76 2
137 77 2
137 81 2
137 99 2
137 105 2
137 112 2
137 116 2
137 124 2
137 125 2
137 129 2
137 131 2
137 134 2
137 137 2
138 1 2
138 5 2
138 8 2
138 13 2
138 15 2
138 21 2
138 23 2
138 27 2
138 29 2
138 32 2
138 40 2
138 43 2
138 48 2
138 51 2
138 58 2
138 59 2
138 61 2
138 65 2
138 80 2
138 82 2
138 83 2
138 87 2
138 90 2
138 93 2
138 99 2
138 100 2
138 102 2
138 103 2
138 104 2
138 107 2
138 109 2
138 114 2
138 118 2
138 134 2
138 135 2
138 136 2
139 1 2
139 3 2
139 4 2
139 7 2
139 9 2
139 10 2
139 19 2
139 20 2
139 25 2
139 29 2
139 35 2
139 44 2
139 49 2
139 55 2
139 57 2
139 58 2
139 63 2
139 65 2
139 66 2
139 75 2
139 79 2
139 80 2
139 85 2
139 86 2
139 89 2
139 99 2
139 103 2
139 105 2
139 107 2
139 116 2
139 118 2
139 126 2
139 128 2
139 133 2
139 138 2
140 8 2
140 11 2
140 18 2
140 20 2
140 22 2
140 37 2
140 49 2
140 52 2
140 55 2
140 62 2
140 63 2
140 65 2
140 74 2
140 80 2
140 84 2
140 86 2
140 94 2
140 96 2
140 107 2
140 112 2
140 114 2
140 119 2
140 122 2
140 125 2
140 128 2
140 135 2
140 137 2
140 140 2
141 1 2
141 3 2
141 9 2
141 13 2
141 14 2
141 21 2
141 22 2
141 27 2
141 31 2
141 32 2
141 33 2
141 47 2
141 54 2
141 55 2
141 58 2
141 59 2
141 60 2
141 62 2
141 63 2
141 64 2
141 68 2
141 69 2
141 72 2
141 74 2
141 75 2
141 77 2
141 79 2
141 80 2
141 93 2
141 103 2
141 104 2
141 108 2
141 119 2
141 120 2
141 122 2
141 123 2
141 133 2
142 0 2
142 2 2
142 4 2
142 6 2
142 7 2
142 10 2
142 16 2
142 22 2
142 25 2
142 32 2
142 35 2
142 49 2
142 58 2
142 62 2
142 64 2
142 68 2
142 70 2
142 71 2
142 72 2
142 75 2
142 80 2
142 81 2
142 82 2
142 84 2
142 87 2
142 90 2
142 95 2
142 97 2
142 101 2
142 102 2
142 104 2
142 106 2
142 108 2
142 110 2
142 113 2
142 117 2
142 118 2
142 121 2
142 123 2
142 133 2
142 136 2
142 141 2
142 142 2
143 3 2
143 4 2
143 11 2
143 30 2
143 32 2
143 38 2
143 49 2
143 60 2
143 68 2
143 69 2
143 71 2
143 72 2
143 78 2
143 81 2
143 82 2
143 87 2
143 97 2
143 103 2
143 108 2
143 121 2
143 122 2
143 126 2
143 129 2
143 136 2
143 142 2
144 8 2
144 9 2
144 10 2
144 14 2
144 15 2
144 17 2
144 18 2
144 20 2
144 21 2
144 22 2
144 31 2
144 41 2
144 42 2
144 43 2
144 48 2
144 59 2
144 61 2
144 63 2
144 65 2
144 71 2
144 74 2
144 75 2
144 81 2
144 84 2
144 93 2
144 95 2
144 97 2
144 99 2
144 107 2
144 108 2
144 113 2
144 117 2
144 124 2
144 125 2
144 132 2
144 135 2
144 137 2
144 140 2
144 144 2
145 3 2
145 6 2
145 11 2
145 15 2
145 16 2
145 17 2
145 19 2
145 23 2
145 27 2
145 28 2
145 31 2
145 32 2
145 35 2
145 39 2
145 40 2
145 41 2
145 44 2
145 46 2
145 57 2
145 61 2
145 66 2
145 76 2
145 81 2
145 91 2
145 95 2
145 98 2
145 108 2
145 121 2
145 122 2
145 125 2
145 128 2
145 130 2
145 131 2
145 135 2
145 137 2
145 141 2
145 142 2
146 1 2
146 2 2
146 4 2
146 12 2
146 20 2
146 25 2
146 34 2
146 39 2
146 41 2
146 47 2
146 48 2
146 49 2
146 52 2
146 57 2
146 65 2
146 68 2
146 74 2
146 76 2
146 77 2
146 81 2
146 82 2
146 83 2
146 85 2
146 86 2
146 90 2
146 93 2
146 98 2
146 101 2
146 102 2
146 103 2
146 108 2
146 124 2
146 132 2
146 133 2
146 143 2
147 0 2
147 2 2
147 5 2
147 12 2
147 13 2
147 18 2
147 19 2
147 21 2
147 24 2
147 26 2
147 31 2
147 36 2
147 37 2
147 38 2
147 40 2
147 41 2
147 44 2
147 45 2
147 59 2
147 60 2
147 65 2
147 66 2
147 71 2
147 72 2
147 77 2
147 78 2
147 79 2
147 83 2
147 84 2
147 87 2
147 92 2
147 93 2
147 97 2
147 98 2
147 99 2
147 104 2
147 105 2
147 109 2
147 119 2
147 122 2
147 123 2
147 126 2
147 128 2
147 138 2
147 147 2
148 6 2
148 19 2
148 20 2
148 25 2
148 36 2
148 39 2
148 42 2
148 47 2
148 48 2
148 53 2
148 54 2
148 58 2
148 69 2
148 73 2
148 77 2
148 83 2
148 86 2
148 88 2
148 89 2
148 90 2
148 91 2
148 101 2
148 102 2
148 104 2
148 108 2
148 117 2
148 123 2
148 125 2
148 126 2
148 128 2
148 134 2
148 137 2
148 141 2
148 142 2
148 145 2
149 5 2
149 6 2
149 8 2
149 12 2
149 14 2
149 18 2
149 25 2
149 30 2
149 32 2
149 33 2
149 36 2
149 37 2
149 38 2
149 42 2
149 44 2
149 52 2
149 62 2
149 64 2
149 74 2
149 77 2
149 79 2
149 92 2
149 95 2
149 101 2
149 103 2
149 108 2
149 114 2
149 117 2
149 129 2
149 131 2
149 133 2
149 137 2
149 141 2
149 145 2
149 146 2
149 147 2
149 148 2
150 8 2
150 13 2
150 22 2
150 24 2
150 26 2
150 32 2
150 34 2
150 39 2
150 43 2
150 52 2
150 53 2
150 60 2
150 61 2
150 64 2
150 65 2
150 67 2
150 75 2
150 77 2
150 80 2
150 83 2
150 92 2
150 96 2
150 103 2
150 104 2
150 114 2
150 116 2
150 119 2
150 123 2
150 134 2
150 139 2
150 140 2
150 150 2
151 1 2
151 4 2
151 6 2
151 15 2
151 16 2
151 26 2
151 30 2
151 31 2
151 36 2
151 38 2
151 39 2
151 40 2
151 43 2
151 44 2
151 49 2
151 54 2
151 58 2
151 59 2
151 66 2
151 68 2
151 71 2
151 74 2
151 81 2
151 92 2
151 95 2
151 96 2
151 98 2
151 101 2
151 105 2
151 119 2
151 125 2
151 126 2
151 131 2
151 132 2
151 143 2
151 146 2
151 147 2
151 148 2
151 149 2
151 151 2
152 6 2
152 14 2
152 16 2
152 18 2
152 20 2
152 27 2
152 28 2
152 39 2
152 44 2
152 45 2
152 46 2
152 47 2
152 49 2
152 68 2
152 76 2
152 77 2
152 78 2
152 80 2
152 81 2
152 93 2
152 95 2
152 97 2
152 109 2
152 110 2
152 111 2
152 112 2
152 117 2
152 125 2
152 129 2
152 130 2
152 131 2
152 139 2
152 144 2
152 151 2
153 2 2
153 5 2
153 6 2
153 13 2
153 14 2
153 18 2
153 19 2
153 20 2
153 26 2
153 31 2
153 34 2
153 35 2
153 42 2
153 43 2
153 44 2
153 50 2
153 55 2
153 57 2
153 59 2
153 63 2
153 64 2
153 68 2
153 76 2
153 80 2
153 81 2
153 87 2
153 88 2
153 97 2
153 99 2
153 105 2
153 113 2
153 116 2
153 118 2
153 119 2
153 120 2
153 125 2
153 132 2
153 136 2
153 142 2
153 144 2
153 145 2
153 147 2
153 153 2
154 9 2
154 11 2
154 15 2
154 25 2
154 26 2
154 28 2
154 29 2
154 33 2
154 34 2
154 36 2
154 41 2
154 48 2
154 59 2
154 61 2
154 67 2
154 70 2
154 75 2
154 81 2
154 85 2
154 86 2
154 88 2
154 92 2
154 94 2
154 97 2
154 99 2
154 104 2
154 107 2
154 108 2
154 113 2
154 115 2
154 136 2
154 138 2
154 144 2
154 147 2
154 149 2
154 151 2
155 1 2
155 8 2
155 19 2
155 20 2
155 23 2
155 26 2
155 27 2
155 30 2
155 35 2
155 38 2
155 45 2
155 47 2
155 50 2
155 52 2
155 53 2
155 63 2
155 67 2
155 72 2
155 73 2
155 81 2
155 84 2
155 86 2
155 90 2
155 92 2
155 94 2
155 97 2
155 101 2
155 105 2
155 107 2
155 108 2
155 109 2
155 116 2
155 117 2
155 119 2
155 124 2
155 125 2
155 135 2
155 136 2
155 141 2
155 144 2
155 145 2
155 147 2
155 152 2
155 153 2
155 154 2
156 0 2
156 3 2
156 4 2
156 7 2
156 9 2
156 10 2
156 16 2
156 18 2
156 21 2
156 26 2
156 31 2
156 32 2
156 36 2
156 38 2
156 48 2
156 51 2
156 57 2
156 60 2
156 66 2
156 70 2
156 75 2
156 78 2
156 99 2
156 105 2
156 108 2
156 113 2
156 116 2
156 123 2
156 125 2
156 126 2
156 129 2
156 130 2
156 132 2
156 135 2
156 138 2
156 140 2
156 142 2
156 145 2
156 153 2
156 156 2
157 2 2
157 10 2
157 12 2
157 13 2
157 18 2
157 21 2
157 25 2
157 27 2
157 35 2
157 40 2
157 43 2
157 52 2
157 64 2
157 68 2
157 69 2
157 73 2
157 75 2
157 76 2
157 78 2
157 80 2
157 86 2
157 88 2
157 91 2
157 101 2
157 102 2
157 104 2
157 110 2
157 118 2
157 122 2
157 123 2
157 136 2
157 139 2
157 140 2
157 149 2
157 155 2
157 157 2
158 4 2
158 5 2
158 12 2
158 13 2
158 18 2
158 19 2
158 22 2
158 28 2
158 29 2
158 34 2
158 36 2
158 38 2
158 40 2
158 41 2
158 48 2
158 52 2
158 57 2
158 60 2
158 61 2
158 70 2
158 71 2
158 72 2
158 76 2
158 78 2
158 79 2
158 81 2
158 83 2
158 88 2
158 89 2
158 101 2
158 103 2
158 104 2
158 107 2
158 109 2
158 111 2
158 117 2
158 121 2
158 122 2
158 123 2
158 132 2
158 136 2
158 140 2
158 141 2
158 142 2
158 143 2
158 144 2
158 145 2
158 149 2
158 151 2
158 152 2
158 153 2
159 0 2
159 3 2
159 11 2
159 21 2
159 24 2
159 27 2
159 30 2
159 31 2
159 32 2
159 34 2
159 36 2
159 41 2
159 46 2
159 50 2
159 66 2
159 68 2
159 69 2
159 72 2
159 73 2
159 74 2
159 78 2
159 80 2
159 89 2
159 105 2
159 112 2
159 117 2
159 122 2
159 143 2
159 150 2
159 157 2
160 0 2
160 3 2
160 6 2
160 10 2
160 18 2
160 24 2
160 27 2
160 29 2
160 31 2
160 34 2
160 35 2
160 45 2
160 49 2
160 60 2
160 61 2
160 62 2
160 72 2
160 75 2
160 96 2
160 100 2
160 101 2
160 103 2
160 104 2
160 111 2
160 114 2
160 118 2
160 119 2
160 122 2
160 131 2
160 146 2
160 151 2
160 155 2
160 158 2
160 160 2
161 4 2
161 7 2
161 8 2
161 11 2
161 13 2
161 15 2
161 17 2
161 24 2
161 27 2
161 30 2
161 31 2
161 40 2
161 44 2
161 56 2
161 57 2
161 61 2
161 63 2
161 67 2
161 77 2
161 82 2
161 83 2
161 84 2
161 87 2
161 89 2
161 90 2
161 98 2
161 101 2
161 102 2
161 109 2
161 110 2
161 119 2
161 121 2
161 127 2
161 128 2
161 130 2
161 131 2
161 133 2
161 136 2
161 139 2
161 140 2
161 142 2
161 144 2
161 145 2
161 146 2
161 149 2
161 151 2
161 154 2
161 155 2
161 156 2
161 158 2
162 0 2
162 3 2
162 7 2
162 16 2
162 22 2
162 28 2
162 31 2
162 32 2
162 38 2
162 39 2
162 41 2
162 42 2
162 46 2
162 51 2
162 60 2
162 62 2
162 63 2
162 65 2
162 71 2
162 76 2
162 77 2
162 78 2
162 85 2
162 93 2
162 94 2
162 97 2
162 104 2
162 108 2
162 113 2
162 127 2
162 131 2
162 134 2
162 138 2
162 145 2
162 146 2
162 150 2
162 154 2
162 156 2
163 0 2
163 5 2
163 6 2
163 17 2
163 19 2
163 24 2
163 27 2
163 40 2
163 41 2
163 42 2
163 43 2
163 45 2
163 59 2
163 69 2
163 71 2
163 73 2
163 76 2
163 77 2
163 80 2
163 81 2
163 83 2
163 85 2
163 87 2
163 95 2
163 98 2
163 99 2
163 112 2
163 122 2
163 123 2
163 129 2
163 133 2
163 134 2
163 140 2
163 145 2
163 147 2
163 149 2
163 150 2
163 154 2
163 155 2
163 162 2
163 163 2
164 0 2
164 1 2
164 5 2
164 6 2
164 15 2
164 25 2
164 28 2
164 29 2
164 30 2
164 32 2
164 36 2
164 37 2
164 38 2
164 40 2
164 43 2
164 46 2
164 48 2
164 49 2
164 54 2
164 56 2
164 59 2
164 66 2
164 71 2
164 77 2
164 84 2
164 87 2
164 88 2
164 100 2
164 102 2
164 105 2
164 106 2
164 110 2
164 113 2
164 123 2
164 136 2
164 142 2
164 143 2
164 147 2
164 150 2
164 153 2
164 155 2
164 157 2
164 158 2
164 160 2
164 162 2
164 163 2
165 1 2
165 5 2
165 9 2
165 10 2
165 15 2
165 24 2
165 27 2
165 33 2
165 34 2
165 36 2
165 37 2
165 44 2
165 58 2
165 61 2
165 67 2
165 69 2
165 77 2
165 78 2
165 83 2
165 86 2
165 88 2
165 94 2
165 97 2
165 104 2
165 106 2
165 111 2
165 119 2
165 121 2
165 129 2
165 131 2
165 135 2
165 148 2
165 149 2
165 150 2
165 153 2
165 154 2
165 160 2
165 163 2
166 0 2
166 7 2
166 14 2
166 18 2
166 20 2
166 22 2
166 31 2
166 48 2
166 65 2
166 66 2
166 71 2
166 74 2
166 75 2
166 84 2
166 85 2
166 87 2
166 88 2
166 91 2
166 93 2
166 95 2
166 96 2
166 102 2
166 103 2
166 108 2
166 109 2
166 110 2
166 119 2
166 128 2
166 141 2
166 142 2
166 143 2
166 146 2
166 147 2
166 152 2
166 153 2
166 155 2
166 156 2
166 163 2
166 164 2
166 165 2
167 8 2
167 17 2
167 19 2
167 23 2
167 26 2
167 30 2
167 32 2
167 37 2
167 41 2
167 42 2
167 46 2
167 47 2
167 48 2
167 52 2
167 54 2
167 56 2
167 58 2
167 59 2
167 60 2
167 61 2
167 63 2
167 64 2
167 74 2
167 76 2
167 81 2
167 82 2
167 83 2
167 101 2
167 105 2
167 111 2
167 114 2
167 117 2
167 120 2
167 123 2
167 124 2
167 136 2
167 138 2
167 149 2
167 156 2
167 158 2
167 160 2
167 162 2
167 163 2
167 166 2
167 167 2
168 3 2
168 15 2
168 21 2
168 23 2
168 29 2
168 30 2
168 32 2
168 34 2
168 36 2
168 43 2
168 46 2
168 49 2
168 54 2
168 61 2
168 62 2
168 64 2
168 73 2
168 74 2
168 82 2
168 88 2
168 90 2
168 92 2
168 96 2
168 102 2
168 105 2
168 111 2
168 114 2
168 117 2
168 119 2
168 122 2
168 123 2
168 124 2
168 126 2
168 129 2
168 133 2
168 134 2
168 138 2
168 141 2
168 142 2
168 145 2
168 147 2
168 148 2
168 149 2
168 153 2
168 155 2
168 156 2
168 163 2
168 165 2
168 166 2
169 8 2
169 9 2
169 10 2
169 18 2
169 19 2
169 25 2
169 27 2
169 28 2
169 29 2
169 31 2
169 32 2
169 39 2
169 47 2
169 55 2
169 57 2
169 59 2
169 61 2
169 62 2
169 63 2
169 64 2
169 65 2
169 66 2
169 74 2
169 82 2
169 83 2
169 86 2
169 90 2
169 93 2
169 95 2
169 108 2
169 114 2
169 117 2
169 118 2
169 127 2
169 131 2
169 132 2
169 133 2
169 143 2
169 145 2
169 147 2
169 155 2
169 161 2
169 163 2
169 164 2
170 5 2
170 8 2
170 16 2
170 17 2
170 18 2
170 20 2
170 21 2
170 23 2
170 24 2
170 25 2
170 26 2
170 28 2
170 32 2
170 36 2
170 41 2
170 42 2
170 46 2
170 47 2
170 48 2
170 49 2
170 51 2
170 61 2
170 63 2
170 64 2
170 79 2
170 81 2
170 82 2
170 83 2
170 85 2
170 87 2
170 88 2
170 94 2
170 100 2
170 103 2
170 104 2
170 106 2
170 113 2
170 117 2
170 119 2
170 124 2
170 125 2
170 126 2
170 131 2
170 133 2
170 135 2
170 138 2
170 143 2
170 147 2
170 148 2
170 152 2
170 158 2
170 159 2
170 162 2
170 164 2
170 166 2
170 167 2
171 1 2
171 7 2
171 17 2
171 19 2
171 23 2
171 27 2
171 29 2
171 32 2
171 39 2
171 40 2
171 42 2
171 47 2
171 53 2
171 55 2
171 56 2
171 57 2
171 59 2
171 60 2
171 63 2
171 64 2
171 65 2
171 80 2
171 85 2
171 86 2
171 87 2
171 90 2
171 93 2
171 101 2
171 104 2
171 105 2
171 109 2
171 114 2
171 116 2
171 120 2
171 122 2
171 123 2
171 131 2
171 136 2
171 143 2
171 147 2
171 153 2
171 155 2
171 158 2
171 162 2
171 167 2
171 168 2
172 2 2
172 4 2
172 13 2
172 24 2
172 28 2
172 40 2
172 41 2
172 45 2
172 46 2
172 52 2
172 55 2
172 65 2
172 66 2
172 67 2
172 70 2
172 72 2
172 73 2
172 77 2
172 78 2
172 83 2
172 84 2
172 85 2
172 95 2
172 99 2
172 101 2
172 102 2
172 110 2
172 118 2
172 120 2
172 123 2
172 128 2
172 130 2
172 132 2
172 139 2
172 141 2
172 145 2
172 154 2
172 164 2
172 172 2
173 3 2
173 4 2
173 5 2
173 9 2
173 12 2
173 13 2
173 14 2
173 15 2
173 18 2
173 25 2
173 32 2
173 36 2
173 37 2
173 44 2
173 45 2
173 51 2
173 55 2
173 60 2
173 64 2
173 68 2
173 72 2
173 73 2
173 75 2
173 83 2
173 84 2
173 87 2
173 89 2
173 91 2
173 98 2
173 100 2
173 101 2
173 102 2
173 103 2
173 105 2
173 117 2
173 130 2
173 131 2
173 132 2
173 136 2
173 146 2
173 152 2
173 157 2
173 158 2
173 161 2
173 170 2
173 173 2
174 4 2
174 5 2
174 12 2
174 14 2
174 15 2
174 19 2
174 20 2
174 26 2
174 29 2
174 33 2
174 35 2
174 40 2
174 47 2
174 54 2
174 57 2
174 58 2
174 63 2
174 66 2
174 69 2
174 70 2
174 71 2
174 74 2
174 78 2
174 81 2
174 82 2
174 83 2
174 87 2
174 91 2
174 92 2
174 99 2
174 100 2
174 108 2
174 112 2
174 113 2
174 132 2
174 135 2
174 143 2
174 144 2
174 147 2
174 158 2
174 160 2
174 162 2
174 166 2
174 167 2
174 168 2
174 170 2
175 4 2
175 6 2
175 10 2
175 12 2
175 17 2
175 19 2
175 20 2
175 27 2
175 28 2
175 35 2
175 36 2
175 40 2
175 41 2
175 45 2
175 46 2
175 50 2
175 54 2
175 56 2
175 57 2
175 59 2
175 63 2
175 64 2
175 68 2
175 69 2
175 71 2
175 78 2
175 84 2
175 89 2
175 90 2
175 104 2
175 119 2
175 124 2
175 126 2
175 128 2
175 132 2
175 136 2
175 138 2
175 142 2
175 149 2
175 151 2
175 152 2
175 156 2
175 158 2
175 161 2
175 170 2
175 172 2
175 175 2
176 1 2
176 4 2
176 5 2
176 10 2
176 12 2
176 14 2
176 20 2
176 21 2
176 24 2
176 27 2
176 30 2
176 33 2
176 35 2
176 37 2
176 38 2
176 46 2
176 48 2
176 49 2
176 51 2
176 52 2
176 54 2
176 60 2
176 61 2
176 63 2
176 65 2
176 71 2
176 83 2
176 91 2
176 93 2
176 111 2
176 117 2
176 119 2
176 128 2
176 133 2
176 136 2
176 139 2
176 141 2
176 144 2
176 145 2
176 151 2
176 157 2
176 166 2
176 176 2
177 1 2
177 8 2
177 10 2
177 17 2
177 33 2
177 36 2
177 41 2
177 42 2
177 45 2
177 51 2
177 53 2
177 57 2
177 59 2
177 60 2
177 63 2
177 64 2
177 74 2
177 78 2
177 79 2
177 81 2
177 82 2
177 83 2
177 84 2
177 87 2
177 90 2
177 91 2
177 101 2
177 102 2
177 105 2
177 106 2
177 107 2
177 109 2
177 111 2
177 116 2
177 123 2
177 131 2
177 132 2
177 136 2
177 137 2
177 140 2
177 141 2
177 143 2
177 144 2
177 145 2
177 149 2
177 154 2
177 160 2
177 162 2
177 163 2
177 168 2
177 170 2
177 171 2
178 1 2
178 2 2
178 3 2
178 24 2
178 28 2
178 29 2
178 35 2
178 43 2
178 46 2
178 53 2
178 55 2
178 57 2
178 59 2
178 68 2
178 71 2
178 76 2
178 80 2
178 82 2
178 84 2
178 87 2
178 88 2
178 92 2
178 94 2
178 95 2
178 104 2
178 108 2
178 111 2
178 112 2
178 115 2
178 116 2
178 124 2
178 132 2
178 150 2
178 153 2
178 154 2
178 157 2
178 158 2
178 161 2
178 169 2
178 171 2
178 178 2
179 0 2
179 1 2
179 4 2
179 6 2
179 8 2
179 19 2
179 20 2
179 23 2
179 27 2
179 32 2
179 34 2
179 36 2
179 42 2
179 46 2
179 48 2
179 50 2
179 57 2
179 66 2
179 68 2
179 72 2
179 76 2
179 80 2
179 81 2
179 87 2
179 88 2
179 92 2
179 94 2
179 96 2
179 97 2
179 103 2
179 108 2
179 110 2
179 117 2
179 119 2
179 120 2
179 121 2
179 127 2
179 128 2
179 135 2
179 141 2
179 142 2
179 143 2
179 147 2
179 151 2
179 152 2
179 155 2
179 160 2
179 166 2
179 168 2
179 170 2
179 171 2
179 173 2
179 175 2
179 176 2
179 178 2
180 0 2
180 1 2
180 10 2
180 14 2
180 18 2
180 20 2
180 25 2
180 27 2
180 28 2
180 29 2
180 42 2
180 43 2
180 45 2
180 46 2
180 54 2
180 55 2
180 56 2
180 60 2
180 73 2
180 74 2
180 78 2
180 89 2
180 105 2
180 107 2
180 110 2
180 114 2
180 117 2
180 119 2
180 123 2
180 124 2
180 126 2
180 129 2
180 130 2
180 136 2
180 139 2
180 141 2
180 142 2
180 144 2
180 147 2
180 148 2
180 152 2
180 159 2
180 162 2
180 163 2
180 165 2
180 168 2
180 170 2
180 171 2
181 5 2
181 9 2
181 19 2
181 21 2
181 29 2
181 37 2
181 38 2
181 40 2
181 42 2
181 45 2
181 48 2
181 49 2
181 58 2
181 60 2
181 63 2
181 66 2
181 72 2
181 75 2
181 77 2
181 84 2
181 89 2
181 91 2
181 93 2
181 94 2
181 96 2
181 97 2
181 98 2
181 99 2
181 101 2
181 102 2
181 103 2
181 104 2
181 105 2
181 106 2
181 111 2
181 115 2
181 122 2
181 123 2
181 124 2
181 126 2
181 127 2
181 135 2
181 136 2
181 138 2
181 139 2
181 144 2
181 146 2
181 148 2
181 151 2
181 152 2
181 153 2
181 155 2
181 158 2
181 160 2
181 162 2
181 163 2
181 168 2
181 169 2
181 175 2
181 176 2
181 180 2
181 181 2
182 14 2
182 19 2
182 20 2
182 21 2
182 25 2
182 32 2
182 35 2
182 38 2
182 39 2
182 41 2
182 43 2
182 49 2
182 51 2
182 59 2
182 60 2
182 62 2
182 67 2
182 68 2
182 73 2
182 78 2
182 80 2
182 81 2
182 85 2
182 86 2
182 92 2
182 106 2
182 107 2
182 109 2
182 115 2
182 116 2
182 127 2
182 137 2
182 138 2
182 151 2
182 155 2
182 159 2
182 173 2
182 179 2
182 181 2
183 1 2
183 7 2
183 18 2
183 23 2
183 25 2
183 32 2
183 43 2
183 50 2
183 51 2
183 52 2
183 53 2
183 54 2
183 56 2
183 57 2
183 85 2
183 87 2
183 99 2
183 102 2
183 108 2
183 110 2
183 118 2
183 121 2
183 122 2
183 126 2
183 132 2
183 135 2
183 140 2
183 142 2
183 143 2
183 152 2
183 154 2
183 160 2
183 167 2
183 168 2
183 169 2
183 182 2
183 183 2
184 4 2
184 13 2
184 17 2
184 19 2
184 22 2
184 28 2
184 31 2
184 35 2
184 36 2
184 37 2
184 38 2
184 46 2
184 49 2
184 58 2
184 59 2
184 63 2
184 65 2
184 69 2
184 71 2
184 82 2
184 87 2
184 95 2
184 97 2
184 101 2
184 102 2
184 115 2
184 117 2
184 120 2
184 121 2
184 122 2
184 123 2
184 124 2
184 132 2
184 141 2
184 146 2
184 148 2
184 151 2
184 153 2
184 157 2
184 158 2
184 162 2
184 165 2
184 166 2
184 167 2
184 169 2
184 172 2
184 173 2
184 175 2
184 179 2
184 183 2
185 8 2
185 11 2
185 30 2
185 35 2
185 38 2
185 39 2
185 43 2
185 44 2
185 48 2
185 51 2
185 53 2
185 56 2
185 60 2
185 63 2
185 79 2
185 83 2
185 87 2
185 89 2
185 96 2
185 102 2
185 103 2
185 107 2
185 109 2
185 110 2
185 114 2
185 115 2
185 122 2
185 123 2
185 124 2
185 125 2
185 129 2
185 138 2
185 139 2
185 141 2
185 142 2
185 144 2
185 146 2
185 147 2
185 150 2
185 152 2
185 153 2
185 155 2
185 156 2
185 157 2
185 163 2
185 165 2
185 167 2
185 170 2
185 175 2
185 179 2
185 180 2
186 2 2
186 8 2
186 9 2
186 14 2
186 17 2
186 19 2
186 27 2
186 28 2
186 30 2
186 31 2
186 38 2
186 40 2
186 50 2
186 62 2
186 68 2
186 69 2
186 75 2
186 80 2
186 82 2
186 86 2
186 87 2
186 92 2
186 94 2
186 96 2
186 97 2
186 99 2
186 109 2
186 112 2
186 116 2
186 118 2
186 121 2
186 138 2
186 139 2
186 149 2
186 150 2
186 153 2
186 154 2
186 155 2
186 159 2
186 162 2
186 163 2
186 176 2
186 178 2
186 179 2
186 180 2
186 184 2
187 4 2
187 5 2
187 7 2
187 13 2
187 22 2
187 23 2
187 24 2
187 25 2
187 26 2
187 27 2
187 28 2
187 30 2
187 33 2
187 35 2
187 40 2
187 41 2
187 42 2
187 47 2
187 54 2
187 58 2
187 59 2
187 68 2
187 69 2
187 82 2
187 84 2
187 85 2
187 93 2
187 102 2
187 114 2
187 123 2
187 124 2
187 125 2
187 126 2
187 133 2
187 139 2
187 141 2
187 148 2
187 161 2
187 162 2
187 168 2
187 169 2
187 175 2
187 184 2
188 6 2
188 11 2
188 16 2
188 17 2
188 18 2
188 22 2
188 24 2
188 30 2
188 31 2
188 32 2
188 33 2
188 39 2
188 46 2
188 47 2
188 50 2
188 55 2
188 57 2
188 58 2
188 61 2
188 63 2
188 72 2
188 82 2
188 83 2
188 85 2
188 87 2
188 90 2
188 93 2
188 94 2
188 96 2
188 97 2
188 100 2
188 105 2
188 115 2
188 128 2
188 132 2
188 136 2
188 137 2
188 139 2
188 145 2
188 146 2
188 147 2
188 150 2
188 153 2
188 160 2
188 161 2
188 162 2
188 163 2
188 165 2
188 167 2
188 171 2
188 172 2
188 178 2
188 179 2
188 184 2
188 185 2
189 8 2
189 11 2
189 12 2
189 13 2
189 18 2
189 19 2
189 24 2
189 25 2
189 26 2
189 29 2
189 33 2
189 35 2
189 36 2
189 41 2
189 43 2
189 46 2
189 47 2
189 54 2
189 56 2
189 58 2
189 63 2
189 64 2
189 71 2
189 72 2
189 74 2
189 75 2
189 78 2
189 85 2
189 89 2
189 90 2
189 96 2
189 110 2
189 119 2
189 122 2
189 123 2
189 124 2
189 129 2
189 136 2
189 137 2
189 138 2
189 141 2
189 142 2
189 151 2
189 169 2
189 171 2
189 174 2
189 175 2
189 177 2
189 178 2
189 181 2
190 4 2
190 6 2
190 8 2
190 9 2
190 11 2
190 13 2
190 17 2
190 20 2
190 26 2
190 27 2
190 30 2
190 38 2
190 39 2
190 47 2
190 49 2
190 53 2
190 54 2
190 55 2
190 60 2
190 65 2
190 66 2
190 71 2
190 72 2
190 74 2
190 84 2
190 86 2
190 89 2
190 90 2
190 97 2
190 101 2
190 102 2
190 103 2
190 107 2
190 112 2
190 117 2
190 124 2
190 126 2
190 131 2
190 136 2
190 138 2
190 146 2
190 147 2
190 149 2
190 155 2
190 156 2
190 158 2
190 160 2
190 168 2
190 171 2
190 174 2
190 176 2
190 177 2
190 180 2
190 182 2
190 188 2
191 2 2
191 3 2
191 15 2
191 18 2
191 20 2
191 27 2
191 28 2
191 32 2
191 38 2
191 45 2
191 48 2
191 52 2
191 54 2
191 59 2
191 63 2
191 64 2
191 66 2
191 68 2
191 69 2
191 70 2
191 71 2
191 78 2
191 83 2
191 95 2
191 97 2
191 98 2
191 111 2
191 115 2
191 121 2
191 124 2
191 131 2
191 136 2
191 137 2
191 138 2
191 149 2
191 157 2
191 159 2
191 160 2
191 167 2
191 173 2
191 175 2
191 191 2
192 3 2
192 4 2
192 7 2
192 8 2
192 9 2
192 12 2
192 17 2
192 21 2
192 23 2
192 24 2
192 31 2
192 33 2
192 41 2
192 42 2
192 46 2
192 50 2
192 54 2
192 55 2
192 56 2
192 61 2
192 69 2
192 72 2
192 76 2
192 81 2
192 87 2
192 92 2
192 96 2
192 98 2
192 99 2
192 101 2
192 113 2
192 118 2
192 124 2
192 139 2
192 145 2
192 148 2
192 156 2
192 162 2
192 165 2
192 167 2
192 168 2
192 170 2
192 172 2
192 189 2
192 190 2
192 191 2
193 0 2
193 3 2
193 5 2
193 13 2
193 14 2
193 16 2
193 17 2
193 18 2
193 26 2
193 36 2
193 39 2
193 45 2
193 46 2
193 58 2
193 61 2
193 62 2
193 64 2
193 65 2
193 67 2
193 75 2
193 77 2
193 79 2
193 86 2
193 87 2
193 88 2
193 101 2
193 102 2
193 116 2
193 117 2
193 124 2
193 125 2
193 129 2
193 133 2
193 135 2
193 137 2
193 142 2
193 144 2
193 148 2
193 154 2
193 159 2
193 169 2
193 171 2
193 176 2
193 191 2
194 0 2
194 6 2
194 13 2
194 14 2
194 22 2
194 25 2
194 26 2
194 27 2
194 30 2
194 32 2
194 39 2
194 41 2
194 43 2
194 45 2
194 53 2
194 59 2
194 61 2
194 63 2
194 69 2
194 77 2
194 83 2
194 84 2
194 87 2
194 93 2
194 101 2
194 102 2
194 115 2
194 120 2
194 127 2
194 128 2
194 131 2
194 135 2
194 136 2
194 142 2
194 145 2
194 151 2
194 154 2
194 174 2
194 176 2
194 180 2
194 193 2
195 1 2
195 5 2
195 10 2
195 18 2
195 19 2
195 28 2
195 31 2
195 37 2
195 41 2
195 44 2
195 45 2
195 52 2
195 55 2
195 57 2
195 64 2
195 71 2
195 76 2
195 82 2
195 83 2
195 84 2
195 86 2
195 89 2
195 90 2
195 94 2
195 99 2
195 100 2
195 104 2
195 112 2
195 113 2
195 115 2
195 117 2
195 123 2
195 125 2
195 132 2
195 133 2
195 135 2
195 138 2
195 145 2
195 150 2
195 151 2
195 158 2
195 161 2
195 163 2
195 175 2
195 181 2
195 182 2
195 186 2
195 187 2
195 191 2
196 0 2
196 1 2
196 9 2
196 16 2
196 18 2
196 22 2
196 24 2
196 26 2
196 27 2
196 30 2
196 32 2
196 36 2
196 39 2
196 42 2
196 49 2
196 56 2
196 59 2
196 69 2
196 71 2
196 72 2
196 73 2
196 87 2
196 92 2
196 105 2
196 107 2
196 113 2
196 116 2
196 140 2
196 143 2
196 150 2
196 153 2
196 156 2
196 159 2
196 165 2
196 168 2
196 170 2
196 173 2
196 180 2
196 187 2
196 189 2
196 193 2
196 196 2
197 0 2
197 2 2
197 5 2
197 15 2
197 20 2
197 21 2
197 22 2
197 23 2
197 27 2
197 32 2
197 33 2
197 41 2
197 47 2
197 48 2
197 59 2
197 65 2
197 67 2
197 69 2
197 70 2
197 76 2
197 80 2
197 84 2
197 85 2
197 86 2
197 87 2
197 89 2
197 95 2
197 96 2
197 104 2
197 107 2
197 113 2
197 118 2
197 124 2
197 126 2
197 133 2
197 137 2
197 140 2
197 143 2
197 145 2
197 148 2
197 149 2
197 150 2
197 152 2
197 155 2
197 156 2
197 157 2
197 160 2
197 165 2
197 170 2
197 176 2
197 180 2
197 181 2
197 195 2
198 12 2
198 25 2
198 30 2
198 32 2
198 37 2
198 40 2
198 48 2
198 53 2
198 66 2
198 69 2
198 71 2
198 74 2
198 75 2
198 76 2
198 78 2
198 79 2
198 85 2
198 91 2
198 96 2
198 97 2
198 99 2
198 107 2
198 108 2
198 110 2
198 114 2
198 115 2
198 117 2
198 121 2
198 126 2
198 130 2
198 131 2
198 132 2
198 135 2
198 141 2
198 142 2
198 151 2
198 152 2
198 160 2
198 165 2
198 171 2
198 175 2
198 184 2
198 185 2
198 186 2
198 187 2
199 1 2
199 21 2
199 24 2
199 30 2
199 35 2
199 39 2
199 46 2
199 49 2
199 50 2
199 55 2
199 65 2
199 69 2
199 74 2
199 78 2
199 86 2
199 91 2
199 96 2
199 97 2
199 104 2
199 107 2
199 113 2
199 115 2
199 120 2
199 127 2
199 134 2
199 137 2
199 139 2
199 142 2
199 150 2
199 154 2
199 157 2
199 160 2
199 161 2
199 174 2
199 178 2
199 183 2
199 192 2
199 197 2
199 199 2
0 0 3
2 0 3
2 1 3
4 4 3
5 2 3
6 6 3
7 4 3
9 2 3
9 7 3
9 8 3
10 4 3
10 6 3
10 8 3
11 7 3
12 10 3
12 11 3
12 12 3
13 5 3
13 11 3
14 2 3
14 7 3
14 11 3
14 14 3
15 0 3
15 4 3
15 10 3
15 11 3
15 15 3
16 5 3
16 12 3
17 1 3
17 3 3
17 5 3
17 12 3
17 14 3
17 15 3
18 0 3
18 7 3
18 11 3
19 2 3
19 3 3
19 5 3
19 6 3
19 16 3
19 19 3
20 1 3
20 4 3
20 6 3
20 8 3
20 17 3
21 2 3
21 6 3
21 7 3
21 16 3
21 19 3
21 21 3
22 6 3
22 14 3
22 19 3
23 0 3
23 7 3
23 11 3
23 15 3
23 22 3
23 23 3
24 10 3
24 17 3
24 18 3
24 21 3
24 24 3
25 2 3
25 3 3
25 6 3
25 13 3
25 20 3
26 3 3
26 4 3
26 5 3
26 8 3
26 16 3
26 20 3
26 21 3
26 22 3
26 23 3
26 24 3
26 25 3
27 2 3
27 5 3
27 6 3
27 15 3
27 16 3
27 25 3
28 1 3
28 9 3
28 12 3
28 15 3
28 20 3
28 21 3
28 24 3
28 25 3
28 27 3
29 4 3
29 7 3
29 10 3
29 12 3
29 13 3
29 21 3
29 25 3
29 26 3
30 6 3
30 7 3
30 11 3
30 16 3
31 0 3
31 2 3
31 13 3
31 25 3
31 30 3
31 31 3
32 1 3
32 10 3
32 11 3
32 13 3
32 19 3
32 20 3
32 22 3
32 25 3
32 30 3
33 1 3
33 6 3
33 7 3
33 12 3
33 15 3
33 20 3
33 21 3
33 24 3
33 25 3
33 28 3
33 32 3
34 2 3
34 3 3
34 16 3
34 18 3
34 24 3
34 27 3
34 32 3
35 2 3
35 4 3
35 20 3
35 24 3
35 29 3
36 7 3
36 15 3
36 17 3
36 24 3
36 25 3
36 31 3
36 33 3
36 34 3
37 0 3
37 3 3
37 5 3
37 6 3
37 16 3
37 17 3
37 18 3
37 21 3
37 32 3
37 35 3
37 37 3
38 0 3
38 5 3
38 6 3
38 19 3
38 27 3
38 28 3
39 0 3
39 6 3
39 7 3
39 9 3
39 27 3
39 29 3
39 32 3
39 34 3
40 6 3
40 13 3
40 20 3
40 27 3
40 29 3
40 31 3
40 33 3
40 34 3
41 3 3
41 5 3
41 6 3
41 7 3
41 8 3
41 10 3
41 12 3
41 13 3
41 18 3
41 20 3
41 24 3
41 25 3
41 26 3
41 32 3
41 40 3
42 2 3
42 3 3
42 4 3
42 6 3
42 15 3
42 16 3
42 20 3
42 27 3
42 33 3
43 0 3
43 3 3
43 8 3
43 12 3
43 13 3
43 20 3
43 21 3
43 25 3
43 26 3
43 31 3
43 33 3
43 40 3
43 41 3
43 43 3
44 11 3
44 23 3
44 26 3
44 35 3
44 37 3
44 41 3
44 42 3
45 8 3
45 14 3
45 15 3
45 17 3
45 24 3
45 33 3
45 35 3
45 36 3
45 39 3
45 41 3
46 1 3
46 9 3
46 10 3
46 20 3
46 24 3
46 27 3
46 33 3
46 35 3
46 37 3
46 42 3
47 8 3
47 9 3
47 17 3
47 18 3
47 24 3
47 28 3
47 37 3
47 39 3
47 40 3
47 43 3
47 45 3
47 47 3
48 2 3
48 3 3
48 9 3
48 12 3
48 16 3
48 23 3
48 28 3
48 29 3
48 32 3
48 36 3
48 38 3
48 39 3
49 3 3
49 4 3
49 15 3
49 18 3
49 21 3
49 25 3
49 26 3
49 37 3
49 38 3
49 44 3
49 49 3
50 0 3
50 1 3
50 6 3
50 15 3
50 20 3
50 23 3
50 35 3
50 38 3
50 41 3
51 1 3
51 4 3
51 5 3
51 6 3
51 14 3
51 20 3
51 22 3
51 27 3
51 28 3
51 36 3
51 40 3
52 0 3
52 8 3
52 9 3
52 13 3
52 16 3
52 20 3
52 21 3
52 23 3
52 32 3
52 38 3
52 41 3
52 51 3
53 4 3
53 8 3
53 19 3
53 23 3
53 25 3
53 27 3
53 30 3
53 34 3
53 35 3
53 44 3
53 45 3
53 47 3
53 48 3
53 51 3
53 53 3
54 2 3
54 3 3
54 6 3
54 8 3
54 11 3
54 12 3
54 18 3
54 19 3
54 35 3
54 36 3
54 37 3
54 41 3
54 43 3
54 45 3
54 48 3
54 49 3
54 52 3
55 2 3
55 9 3
55 19 3
55 20 3
55 25 3
55 26 3
55 34 3
55 35 3
55 43 3
55 48 3
55 51 3
55 52 3
56 10 3
56 13 3
56 15 3
56 16 3
56 19 3
56 23 3
56 26 3
56 29 3
56 31 3
56 42 3
56 44 3
56 45 3
56 48 3
56 49 3
56 53 3
56 56 3
57 2 3
57 6 3
57 7 3
57 13 3
57 14 3
57 15 3
57 19 3
57 26 3
57 33 3
57 38 3
57 40 3
57 43 3
57 55 3
57 56 3
58 11 3
58 14 3
58 17 3
58 19 3
58 21 3
58 23 3
58 24 3
58 32 3
58 35 3
58 38 3
58 39 3
58 40 3
58 41 3
58 42 3
58 44 3
58 48 3
58 51 3
58 58 3
59 0 3
59 1 3
59 2 3
59 7 3
59 8 3
59 9 3
59 13 3
59 18 3
59 27 3
59 34 3
59 39 3
59 42 3
59 53 3
59 59 3
60 0 3
60 5 3
60 10 3
60 11 3
60 15 3
60 17 3
60 18 3
60 20 3
60 23 3
60 25 3
60 28 3
60 32 3
60 36 3
60 38 3
60 39 3
60 43 3
60 45 3
60 47 3
60 50 3
60 58 3
61 0 3
61 1 3
61 5 3
61 11 3
61 16 3
61 19 3
61 22 3
61 23 3
61 29 3
61 32 3
61 34 3
61 36 3
61 42 3
61 49 3
61 56 3
61 60 3
62 1 3
62 7 3
62 9 3
62 11 3
62 12 3
62 19 3
62 24 3
62 25 3
62 30 3
62 31 3
62 33 3
62 41 3
62 44 3
62 45 3
62 47 3
62 48 3
62 51 3
62 53 3
62 54 3
62 55 3
62 56 3
62 59 3
62 62 3
63 4 3
63 18 3
63 19 3
63 20 3
63 23 3
63 24 3
63 27 3
63 33 3
63 34 3
63 39 3
63 47 3
63 49 3
63 51 3
63 53 3
63 60 3
64 6 3
64 11 3
64 17 3
64 22 3
64 28 3
64 37 3
64 43 3
64 51 3
64 52 3
64 58 3
64 60 3
64 61 3
65 2 3
65 5 3
65 6 3
65 7 3
65 11 3
65 20 3
65 24 3
65 32 3
65 37 3
65 45 3
65 46 3
65 48 3
65 53 3
65 54 3
65 59 3
65 62 3
65 63 3
66 2 3
66 5 3
66 7 3
66 10 3
66 15 3
66 18 3
66 19 3
66 21 3
66 23 3
66 28 3
66 31 3
66 32 3
66 35 3
66 37 3
66 41 3
66 42 3
66 49 3
66 56 3
66 57 3
66 58 3
66 61 3
66 65 3
67 1 3
67 9 3
67 12 3
67 13 3
67 20 3
67 21 3
67 27 3
67 28 3
67 33 3
67 38 3
67 40 3
67 41 3
67 43 3
67 48 3
67 55 3
67 57 3
67 59 3
67 61 3
67 62 3
67 63 3
67 64 3
68 2 3
68 4 3
68 8 3
68 14 3
68 17 3
68 28 3
68 30 3
68 34 3
68 36 3
68 37 3
68 40 3
68 41 3
68 42 3
68 45 3
68 52 3
68 58 3
68 66 3
68 67 3
69 1 3
69 2 3
69 4 3
69 6 3
69 11 3
69 13 3
69 14 3
69 15 3
69 16 3
69 22 3
69 24 3
69 28 3
69 36 3
69 37 3
69 38 3
69 39 3
69 40 3
69 43 3
69 49 3
69 50 3
69 52 3
69 60 3
69 67 3
70 2 3
70 4 3
70 8 3
70 9 3
70 15 3
70 16 3
70 17 3
70 23 3
70 24 3
70 26 3
70 27 3
70 30 3
70 32 3
70 36 3
70 41 3
70 44 3
70 46 3
70 48 3
70 52 3
70 54 3
70 55 3
70 57 3
70 65 3
70 66 3
70 69 3
70 70 3
71 7 3
71 10 3
71 12 3
71 17 3
71 20 3
71 28 3
71 30 3
71 34 3
71 37 3
71 44 3
71 47 3
71 49 3
71 52 3
71 55 3
71 63 3
71 69 3
72 5 3
72 16 3
72 18 3
72 21 3
72 36 3
72 38 3
72 41 3
72 45 3
72 58 3
73 1 3
73 2 3
73 8 3
73 13 3
73 17 3
73 20 3
73 22 3
73 24 3
73 31 3
73 34 3
73 35 3
73 39 3
73 47 3
73 48 3
73 51 3
73 52 3
73 53 3
73 57 3
73 73 3
74 1 3
74 4 3
74 8 3
74 11 3
74 12 3
74 13 3
74 17 3
74 23 3
74 35 3
74 39 3
74 42 3
74 54 3
74 55 3
74 60 3
74 62 3
74 65 3
74 68 3
74 69 3
74 70 3
74 71 3
75 0 3
75 1 3
75 13 3
75 20 3
75 21 3
75 24 3
75 28 3
75 33 3
75 35 3
75 36 3
75 43 3
75 45 3
75 53 3
75 54 3
75 55 3
75 62 3
75 63 3
75 65 3
75 67 3
75 69 3
75 73 3
76 0 3
76 8 3
76 12 3
76 21 3
76 27 3
76 28 3
76 30 3
76 33 3
76 35 3
76 37 3
76 38 3
76 40 3
76 42 3
76 43 3
76 48 3
76 50 3
76 59 3
76 62 3
76 66 3
76 67 3
76 69 3
76 73 3
76 75 3
77 4 3
77 5 3
77 9 3
77 10 3
77 14 3
77 18 3
77 21 3
77 25 3
77 32 3
77 42 3
77 43 3
77 45 3
77 53 3
77 55 3
77 56 3
77 61 3
77 63 3
77 75 3
78 2 3
78 8 3
78 9 3
78 12 3
78 14 3
78 17 3
78 23 3
78 29 3
78 36 3
78 40 3
78 43 3
78 47 3
78 48 3
78 50 3
78 51 3
78 55 3
78 56 3
78 57 3
78 65 3
78 71 3
78 73 3
78 74 3
78 75 3
78 76 3
78 78 3
79 2 3
79 6 3
79 15 3
79 18 3
79 19 3
79 22 3
79 26 3
79 30 3
79 34 3
79 39 3
79 40 3
79 46 3
79 47 3
79 65 3
79 70 3
79 71 3
79 74 3
80 0 3
80 2 3
80 8 3
80 14 3
80 22 3
80 24 3
80 27 3
80 28 3
80 29 3
80 31 3
80 34 3
80 35 3
80 37 3
80 42 3
80 48 3
80 50 3
80 54 3
80 56 3
80 61 3
80 70 3
80 76 3
80 78 3
80 79 3
81 2 3
81 4 3
81 15 3
81 18 3
81 20 3
81 21 3
81 31 3
81 36 3
81 38 3
81 42 3
81 44 3
81 46 3
81 48 3
81 49 3
81 50 3
81 60 3
81 62 3
81 65 3
81 69 3
81 75 3
81 78 3
81 79 3
81 80 3
82 18 3
82 20 3
82 22 3
82 24 3
82 26 3
82 27 3
82 38 3
82 42 3
82 43 3
82 46 3
82 47 3
82 51 3
82 52 3
82 55 3
82 56 3
82 57 3
82 66 3
82 69 3
82 73 3
82 74 3
82 75 3
83 1 3
83 5 3
83 9 3
83 12 3
83 21 3
83 25 3
83 26 3
83 34 3
83 36 3
83 37 3
83 40 3
83 41 3
83 42 3
83 48 3
83 53 3
83 64 3
83 75 3
83 78 3
83 83 3
84 5 3
84 6 3
84 22 3
84 28 3
84 33 3
84 36 3
84 38 3
84 39 3
84 41 3
84 43 3
84 45 3
84 49 3
84 54 3
84 63 3
84 70 3
84 72 3
84 74 3
85 0 3
85 7 3
85 11 3
85 12 3
85 17 3
85 18 3
85 20 3
85 21 3
85 24 3
85 25 3
85 33 3
85 35 3
85 36 3
85 39 3
85 45 3
85 46 3
85 47 3
85 48 3
85 49 3
85 50 3
85 51 3
85 53 3
85 54 3
85 55 3
85 56 3
85 57 3
85 61 3
85 72 3
85 76 3
85 78 3
85 82 3
86 0 3
86 10 3
86 13 3
86 18 3
86 23 3
86 24 3
86 25 3
86 26 3
86 27 3
86 35 3
86 38 3
86 41 3
86 43 3
86 46 3
86 48 3
86 49 3
86 52 3
86 57 3
86 58 3
86 61 3
86 66 3
86 70 3
86 75 3
86 81 3
86 85 3
86 86 3
87 0 3
87 1 3
87 2 3
87 4 3
87 20 3
87 21 3
87 28 3
87 29 3
87 36 3
87 41 3
87 49 3
87 50 3
87 51 3
87 60 3
87 63 3
87 65 3
87 68 3
87 69 3
87 71 3
87 75 3
87 80 3
87 81 3
88 1 3
88 23 3
88 24 3
88 25 3
88 27 3
88 30 3
88 34 3
88 35 3
88 39 3
88 40 3
88 44 3
88 46 3
88 48 3
88 58 3
88 66 3
88 71 3
88 73 3
88 74 3
88 86 3
89 0 3
89 3 3
89 5 3
89 6 3
89 7 3
89 8 3
89 17 3
89 26 3
89 29 3
89 32 3
89 34 3
89 35 3
89 40 3
89 42 3
89 44 3
89 45 3
89 46 3
89 51 3
89 53 3
89 54 3
89 68 3
89 70 3
89 75 3
89 76 3
89 80 3
89 83 3
89 84 3
89 88 3
89 89 3
90 0 3
90 2 3
90 3 3
90 8 3
90 12 3
90 14 3
90 20 3
90 33 3
90 39 3
90 46 3
90 48 3
90 50 3
90 53 3
90 54 3
90 56 3
90 57 3
90 59 3
90 61 3
90 62 3
90 67 3
90 70 3
90 75 3
90 83 3
91 2 3
91 5 3
91 8 3
91 9 3
91 11 3
91 12 3
91 18 3
91 34 3
91 35 3
91 38 3
91 46 3
91 53 3
91 55 3
91 58 3
91 60 3
91 62 3
91 63 3
91 64 3
91 70 3
91 71 3
91 73 3
91 76 3
91 78 3
91 81 3
91 84 3
91 90 3
92 1 3
92 2 3
92 11 3
92 16 3
92 20 3
92 22 3
92 23 3
92 27 3
92 28 3
92 29 3
92 35 3
92 36 3
92 39 3
92 40 3
92 41 3
92 42 3
92 48 3
92 50 3
92 56 3
92 57 3
92 59 3
92 60 3
92 62 3
92 63 3
92 74 3
92 83 3
93 0 3
93 2 3
93 3 3
93 6 3
93 10 3
93 27 3
93 32 3
93 36 3
93 37 3
93 42 3
93 45 3
93 46 3
93 48 3
93 52 3
93 55 3
93 57 3
93 58 3
93 60 3
93 63 3
93 69 3
93 70 3
93 71 3
93 78 3
93 84 3
93 86 3
93 89 3
93 91 3
94 7 3
94 10 3
94 11 3
94 12 3
94 15 3
94 16 3
94 20 3
94 22 3
94 25 3
94 27 3
94 34 3
94 39 3
94 40 3
94 42 3
94 46 3
94 47 3
94 51 3
94 57 3
94 59 3
94 60 3
94 67 3
94 68 3
94 69 3
94 75 3
94 78 3
94 81 3
94 82 3
94 87 3
95 0 3
95 11 3
95 13 3
95 17 3
95 26 3
95 30 3
95 31 3
95 34 3
95 41 3
95 42 3
95 57 3
95 59 3
95 62 3
95 64 3
95 65 3
95 67 3
95 70 3
95 71 3
95 74 3
95 78 3
95 87 3
96 1 3
96 12 3
96 15 3
96 20 3
96 23 3
96 24 3
96 26 3
96 33 3
96 38 3
96 39 3
96 50 3
96 51 3
96 55 3
96 58 3
96 67 3
96 73 3
96 74 3
96 80 3
96 81 3
96 82 3
96 85 3
97 0 3
97 2 3
97 25 3
97 38 3
97 41 3
97 42 3
97 46 3
97 50 3
97 54 3
97 55 3
97 58 3
97 61 3
97 63 3
97 65 3
97 68 3
97 69 3
97 71 3
97 73 3
97 74 3
97 75 3
97 80 3
97 81 3
97 83 3
97 96 3
97 97 3
98 7 3
98 23 3
98 27 3
98 29 3
98 35 3
98 38 3
98 40 3
98 44 3
98 51 3
98 55 3
98 56 3
98 63 3
98 67 3
98 68 3
98 78 3
98 82 3
98 83 3
98 86 3
98 91 3
98 94 3
99 7 3
99 8 3
99 11 3
99 16 3
99 19 3
99 20 3
99 22 3
99 29 3
99 36 3
99 39 3
99 42 3
99 52 3
99 58 3
99 59 3
99 65 3
99 72 3
99 73 3
99 75 3
99 80 3
99 87 3
99 90 3
99 91 3
99 94 3
100 0 3
100 6 3
100 9 3
100 14 3
100 20 3
100 21 3
100 23 3
100 31 3
100 33 3
100 36 3
100 38 3
100 63 3
100 70 3
100 73 3
100 77 3
100 82 3
100 83 3
100 85 3
100 89 3
100 96 3
101 3 3
101 7 3
101 9 3
101 11 3
101 16 3
101 20 3
101 22 3
101 23 3
101 25 3
101 28 3
101 29 3
101 30 3
101 32 3
101 33 3
101 45 3
101 46 3
101 47 3
101 56 3
101 62 3
101 65 3
101 68 3
101 69 3
101 70 3
101 73 3
101 76 3
101 84 3
101 87 3
101 90 3
101 91 3
101 95 3
101 96 3
101 99 3
101 100 3
101 101 3
102 2 3
102 11 3
102 16 3
102 27 3
102 30 3
102 31 3
102 34 3
102 36 3
102 39 3
102 40 3
102 41 3
102 44 3
102 45 3
102 47 3
102 51 3
102 53 3
102 59 3
102 62 3
102 63 3
102 68 3
102 69 3
102 84 3
102 89 3
102 96 3
102 99 3
102 100 3
102 102 3
103 0 3
103 3 3
103 4 3
103 7 3
103 9 3
103 10 3
103 14 3
103 16 3
103 17 3
103 19 3
103 25 3
103 26 3
103 28 3
103 33 3
103 38 3
103 40 3
103 43 3
103 48 3
103 50 3
103 51 3
103 52 3
103 53 3
103 54 3
103 55 3
103 58 3
103 60 3
103 63 3
103 65 3
103 69 3
103 71 3
103 76 3
103 77 3
103 78 3
103 84 3
103 89 3
103 93 3
103 95 3
104 0 3
104 1 3
104 2 3
104 12 3
104 13 3
104 14 3
104 24 3
104 36 3
104 43 3
104 44 3
104 48 3
104 51 3
104 52 3
104 54 3
104 63 3
104 66 3
104 69 3
104 79 3
104 80 3
104 82 3
104 86 3
104 91 3
104 97 3
104 100 3
105 4 3
105 7 3
105 10 3
105 12 3
105 15 3
105 18 3
105 19 3
105 25 3
105 28 3
105 29 3
105 40 3
105 42 3
105 64 3
105 65 3
105 66 3
105 71 3
105 77 3
105 85 3
105 87 3
105 88 3
105 100 3
105 104 3
106 0 3
106 15 3
106 22 3
106 25 3
106 28 3
106 31 3
106 33 3
106 37 3
106 43 3
106 47 3
106 49 3
106 50 3
106 61 3
106 67 3
106 69 3
106 74 3
106 75 3
106 76 3
106 84 3
106 85 3
106 90 3
106 91 3
106 92 3
106 95 3
106 98 3
107 4 3
107 10 3
107 15 3
107 23 3
107 25 3
107 29 3
107 30 3
107 32 3
107 35 3
107 36 3
107 39 3
107 45 3
107 51 3
107 59 3
107 61 3
107 62 3
107 65 3
107 73 3
107 75 3
107 82 3
107 83 3
107 86 3
107 87 3
107 89 3
107 90 3
107 95 3
107 100 3
107 101 3
107 105 3
108 0 3
108 4 3
108 5 3
108 7 3
108 8 3
108 10 3
108 14 3
108 15 3
108 17 3
108 19 3
108 21 3
108 32 3
108 33 3
108 36 3
108 37 3
108 43 3
108 58 3
108 61 3
108 63 3
108 64 3
108 66 3
108 70 3
108 75 3
108 76 3
108 80 3
108 81 3
108 89 3
108 102 3
108 105 3
109 3 3
109 4 3
109 6 3
109 8 3
109 10 3
109 15 3
109 18 3
109 19 3
109 21 3
109 23 3
109 39 3
109 42 3
109 49 3
109 57 3
109 61 3
109 70 3
109 72 3
109 79 3
109 88 3
109 98 3
109 102 3
109 108 3
109 109 3
110 5 3
110 10 3
110 13 3
110 19 3
110 23 3
110 31 3
110 33 3
110 37 3
110 49 3
110 51 3
110 54 3
110 57 3
110 58 3
110 67 3
110 71 3
110 74 3
110 77 3
110 79 3
110 83 3
110 91 3
110 95 3
111 4 3
111 13 3
111 23 3
111 30 3
111 33 3
111 40 3
111 45 3
111 46 3
111 50 3
111 54 3
111 60 3
111 63 3
111 66 3
111 69 3
111 76 3
111 78 3
111 91 3
111 92 3
111 96 3
111 100 3
111 101 3
111 103 3
111 104 3
111 105 3
112 0 3
112 7 3
112 10 3
112 11 3
112 16 3
112 17 3
112 23 3
112 25 3
112 28 3
112 29 3
112 30 3
112 37 3
112 40 3
112 43 3
112 46 3
112 50 3
112 54 3
112 56 3
112 59 3
112 65 3
112 72 3
112 74 3
112 75 3
112 76 3
112 92 3
112 97 3
112 98 3
112 109 3
112 111 3
113 1 3
113 4 3
113 7 3
113 11 3
113 15 3
113 16 3
113 20 3
113 27 3
113 29 3
113 32 3
113 33 3
113 37 3
113 39 3
113 40 3
113 51 3
113 52 3
113 59 3
113 60 3
113 62 3
113 72 3
113 79 3
113 82 3
113 84 3
113 85 3
113 87 3
113 88 3
113 94 3
113 95 3
113 101 3
113 102 3
114 1 3
114 2 3
114 3 3
114 4 3
114 7 3
114 9 3
114 13 3
114 15 3
114 20 3
114 21 3
114 31 3
114 36 3
114 39 3
114 43 3
114 46 3
114 47 3
114 54 3
114 62 3
114 67 3
114 71 3
114 76 3
114 77 3
114 81 3
114 83 3
114 86 3
114 88 3
114 93 3
114 95 3
114 97 3
114 100 3
114 101 3
114 102 3
114 107 3
114 108 3
114 113 3
114 114 3
115 3 3
115 6 3
115 8 3
115 11 3
115 16 3
115 18 3
115 20 3
115 23 3
115 24 3
115 25 3
115 26 3
115 27 3
115 28 3
115 33 3
115 35 3
115 43 3
115 44 3
115 52 3
115 55 3
115 58 3
115 59 3
115 60 3
115 62 3
115 69 3
115 86 3
115 91 3
115 93 3
115 104 3
115 105 3
115 107 3
116 2 3
116 9 3
116 10 3
116 11 3
116 18 3
116 20 3
116 24 3
116 30 3
116 35 3
116 41 3
116 42 3
116 44 3
116 46 3
116 48 3
116 55 3
116 56 3
116 62 3
116 65 3
116 66 3
116 68 3
116 75 3
116 76 3
116 95 3
116 101 3
116 104 3
116 106 3
116 113 3
116 114 3
116 116 3
117 1 3
117 10 3
117 15 3
117 18 3
117 30 3
117 32 3
117 44 3
117 55 3
117 58 3
117 60 3
117 61 3
117 64 3
117 70 3
117 71 3
117 72 3
117 78 3
117 79 3
117 86 3
117 91 3
117 96 3
117 102 3
117 104 3
117 105 3
117 111 3
117 115 3
118 7 3
118 9 3
118 14 3
118 20 3
118 27 3
118 33 3
118 34 3
118 38 3
118 45 3
118 48 3
118 53 3
118 54 3
118 58 3
118 60 3
118 62 3
118 66 3
118 67 3
118 69 3
118 73 3
118 80 3
118 82 3
118 83 3
118 86 3
118 93 3
118 95 3
118 96 3
118 97 3
118 102 3
118 104 3
118 106 3
118 107 3
118 113 3
119 10 3
119 13 3
119 14 3
119 20 3
119 22 3
119 23 3
119 24 3
119 25 3
119 27 3
119 29 3
119 30 3
119 35 3
119 38 3
119 43 3
119 44 3
119 48 3
119 53 3
119 54 3
119 55 3
119 59 3
119 61 3
119 62 3
119 66 3
119 67 3
119 70 3
119 72 3
119 78 3
119 81 3
119 82 3
119 85 3
119 87 3
119 89 3
119 90 3
119 91 3
119 92 3
119 102 3
119 107 3
119 114 3
119 116 3
120 0 3
120 3 3
120 4 3
120 5 3
120 11 3
120 17 3
120 18 3
120 22 3
120 28 3
120 30 3
120 31 3
120 38 3
120 42 3
120 46 3
120 50 3
120 51 3
120 52 3
120 56 3
120 60 3
120 63 3
120 65 3
120 69 3
120 70 3
120 71 3
120 73 3
120 74 3
120 81 3
120 100 3
120 116 3
120 119 3
121 9 3
121 10 3
121 11 3
121 14 3
121 15 3
121 19 3
121 20 3
121 22 3
121 23 3
121 27 3
121 28 3
121 32 3
121 33 3
121 34 3
121 37 3
121 38 3
121 48 3
121 50 3
121 60 3
121 62 3
121 69 3
121 74 3
121 76 3
121 78 3
121 79 3
121 83 3
121 88 3
121 94 3
121 97 3
121 98 3
121 105 3
121 109 3
121 111 3
121 112 3
121 117 3
121 119 3
122 0 3
122 1 3
122 2 3
122 5 3
122 6 3
122 11 3
122 12 3
122 16 3
122 20 3
122 23 3
122 26 3
122 37 3
122 41 3
122 43 3
122 44 3
122 48 3
122 55 3
122 56 3
122 59 3
122 62 3
122 65 3
122 66 3
122 76 3
122 87 3
122 89 3
122 91 3
122 93 3
122 96 3
122 101 3
122 102 3
122 109 3
122 112 3
122 115 3
123 5 3
123 6 3
123 8 3
123 10 3
123 14 3
123 16 3
123 19 3
123 26 3
123 31 3
123 34 3
123 38 3
123 41 3
123 42 3
123 43 3
123 49 3
123 51 3
123 53 3
123 55 3
123 58 3
123 61 3
123 63 3
123 65 3
123 67 3
123 71 3
123 74 3
123 81 3
123 85 3
123 86 3
123 88 3
123 89 3
123 91 3
123 95 3
123 117 3
123 119 3
124 6 3
124 18 3
124 19 3
124 25 3
124 32 3
124 38 3
124 39 3
124 40 3
124 44 3
124 47 3
124 54 3
124 58 3
124 59 3
124 60 3
124 62 3
124 63 3
124 64 3
124 66 3
124 68 3
124 71 3
124 72 3
124 82 3
124 83 3
124 98 3
124 99 3
124 102 3
124 105 3
124 109 3
124 110 3
125 0 3
125 5 3
125 10 3
125 12 3
125 16 3
125 19 3
125 21 3
125 30 3
125 31 3
125 33 3
125 35 3
125 38 3
125 41 3
125 45 3
125 47 3
125 51 3
125 58 3
125 60 3
125 61 3
125 65 3
125 70 3
125 90 3
125 92 3
125 93 3
125 94 3
125 95 3
125 96 3
125 97 3
125 101 3
125 104 3
125 106 3
125 109 3
125 112 3
125 113 3
125 116 3
125 118 3
125 119 3
125 120 3
126 0 3
126 3 3
126 8 3
126 11 3
126 12 3
126 14 3
126 16 3
126 17 3
126 21 3
126 30 3
126 33 3
126 34 3
126 37 3
126 39 3
126 41 3
126 45 3
126 46 3
126 53 3
126 54 3
126 57 3
126 58 3
126 61 3
126 63 3
126 70 3
126 71 3
126 74 3
126 75 3
126 81 3
126 82 3
126 84 3
126 90 3
126 94 3
126 95 3
126 96 3
126 97 3
126 98 3
126 99 3
126 100 3
126 103 3
126 108 3
126 109 3
126 112 3
126 120 3
126 122 3
127 2 3
127 7 3
127 9 3
127 13 3
127 15 3
127 21 3
127 22 3
127 26 3
127 30 3
127 34 3
127 44 3
127 45 3
127 46 3
127 50 3
127 51 3
127 53 3
127 55 3
127 59 3
127 61 3
127 65 3
127 67 3
127 70 3
127 71 3
127 76 3
127 91 3
127 93 3
127 95 3
127 101 3
127 105 3
127 106 3
127 107 3
127 109 3
127 110 3
127 111 3
127 113 3
127 115 3
127 116 3
127 121 3
127 123 3
127 125 3
128 0 3
128 1 3
128 5 3
128 10 3
128 15 3
128 17 3
128 21 3
128 25 3
128 30 3
128 31 3
128 33 3
128 39 3
128 42 3
128 44 3
128 45 3
128 49 3
128 51 3
128 53 3
128 62 3
128 67 3
128 68 3
128 74 3
128 78 3
128 80 3
128 82 3
128 83 3
128 84 3
128 87 3
128 92 3
128 98 3
128 99 3
128 104 3
128 106 3
128 111 3
128 120 3
128 122 3
128 123 3
128 127 3
129 3 3
129 8 3
129 11 3
129 12 3
129 14 3
129 19 3
129 22 3
129 23 3
129 32 3
129 34 3
129 36 3
129 43 3
129 44 3
129 50 3
129 52 3
129 59 3
129 62 3
129 63 3
129 66 3
129 69 3
129 79 3
129 80 3
129 86 3
129 89 3
129 93 3
129 94 3
129 95 3
129 103 3
129 105 3
129 107 3
129 114 3
129 118 3
129 125 3
129 126 3
129 129 3
130 0 3
130 4 3
130 6 3
130 8 3
130 11 3
130 16 3
130 17 3
130 21 3
130 22 3
130 23 3
130 24 3
130 29 3
130 35 3
130 38 3
130 39 3
130 54 3
130 56 3
130 62 3
130 63 3
130 66 3
130 69 3
130 70 3
130 72 3
130 75 3
130 77 3
130 78 3
130 80 3
130 85 3
130 87 3
130 89 3
130 93 3
130 94 3
130 101 3
130 102 3
130 104 3
130 105 3
130 106 3
130 117 3
130 119 3
130 125 3
130 128 3
131 4 3
131 6 3
131 13 3
131 22 3
131 23 3
131 26 3
131 27 3
131 29 3
131 31 3
131 32 3
131 37 3
131 41 3
131 42 3
131 43 3
131 46 3
131 49 3
131 54 3
131 61 3
131 64 3
131 70 3
131 74 3
131 75 3
131 82 3
131 84 3
131 92 3
131 96 3
131 98 3
131 99 3
131 101 3
131 105 3
131 107 3
131 109 3
131 110 3
131 115 3
131 122 3
131 126 3
131 127 3
131 128 3
131 130 3
132 6 3
132 10 3
132 11 3
132 13 3
132 14 3
132 15 3
132 16 3
132 19 3
132 22 3
132 27 3
132 28 3
132 41 3
132 48 3
132 49 3
132 55 3
132 56 3
132 57 3
132 61 3
132 66 3
132 68 3
132 97 3
132 98 3
132 102 3
132 110 3
132 111 3
132 112 3
132 113 3
132 126 3
132 132 3
133 11 3
133 14 3
133 19 3
133 20 3
133 21 3
133 24 3
133 26 3
133 30 3
133 46 3
133 55 3
133 60 3
133 64 3
133 70 3
133 74 3
133 76 3
133 77 3
133 80 3
133 92 3
133 94 3
133 97 3
133 100 3
133 102 3
133 105 3
133 110 3
133 112 3
133 120 3
133 121 3
133 125 3
133 131 3
133 133 3
134 1 3
134 7 3
134 15 3
134 26 3
134 31 3
134 32 3
134 33 3
134 35 3
134 38 3
134 46 3
134 48 3
134 50 3
134 52 3
134 53 3
134 59 3
134 62 3
134 67 3
134 69 3
134 82 3
134 93 3
134 94 3
134 96 3
134 101 3
134 114 3
134 115 3
134 118 3
134 119 3
134 132 3
134 134 3
135 1 3
135 3 3
135 15 3
135 18 3
135 25 3
135 26 3
135 28 3
135 31 3
135 33 3
135 43 3
135 47 3
135 54 3
135 57 3
135 60 3
135 66 3
135 68 3
135 70 3
135 74 3
135 75 3
135 82 3
135 86 3
135 88 3
135 96 3
135 97 3
135 103 3
135 107 3
135 108 3
135 111 3
135 118 3
135 124 3
135 125 3
135 126 3
135 127 3
135 131 3
136 2 3
136 3 3
136 17 3
136 18 3
136 24 3
136 34 3
136 37 3
136 41 3
136 51 3
136 53 3
136 57 3
136 62 3
136 67 3
136 71 3
136 74 3
136 76 3
136 78 3
136 82 3
136 97 3
136 104 3
136 105 3
136 118 3
136 126 3
136 127 3
136 133 3
136 134 3
137 1 3
137 9 3
137 12 3
137 14 3
137 22 3
137 28 3
137 40 3
137 45 3
137 48 3
137 58 3
137 61 3
137 63 3
137 65 3
137 73 3
137 80 3
137 81 3
137 82 3
137 85 3
137 86 3
137 87 3
137 92 3
137 93 3
137 94 3
137 96 3
137 101 3
137 103 3
137 109 3
137 111 3
137 112 3
137 113 3
137 118 3
137 120 3
137 125 3
137 126 3
137 127 3
137 130 3
137 134 3
138 0 3
138 5 3
138 14 3
138 20 3
138 22 3
138 23 3
138 24 3
138 33 3
138 34 3
138 38 3
138 39 3
138 42 3
138 54 3
138 58 3
138 64 3
138 66 3
138 69 3
138 73 3
138 74 3
138 81 3
138 88 3
138 90 3
138 95 3
138 101 3
138 103 3
138 107 3
138 116 3
138 119 3
138 126 3
138 127 3
138 130 3
138 131 3
138 135 3
138 138 3
139 7 3
139 8 3
139 17 3
139 23 3
139 24 3
139 30 3
139 37 3
139 38 3
139 54 3
139 55 3
139 61 3
139 62 3
139 64 3
139 70 3
139 71 3
139 72 3
139 73 3
139 75 3
139 76 3
139 77 3
139 78 3
139 79 3
139 87 3
139 89 3
139 92 3
139 103 3
139 104 3
139 105 3
139 110 3
139 117 3
139 122 3
139 124 3
139 129 3
139 131 3
139 132 3
139 133 3
139 135 3
139 138 3
140 5 3
140 7 3
140 9 3
140 12 3
140 20 3
140 23 3
140 27 3
140 30 3
140 32 3
140 33 3
140 38 3
140 39 3
140 40 3
140 45 3
140 49 3
140 50 3
140 57 3
140 59 3
140 61 3
140 65 3
140 70 3
140 73 3
140 74 3
140 76 3
140 82 3
140 85 3
140 90 3
140 92 3
140 94 3
140 96 3
140 103 3
140 106 3
140 115 3
140 125 3
140 126 3
140 127 3
140 131 3
140 134 3
140 139 3
141 3 3
141 6 3
141 10 3
141 13 3
141 14 3
141 15 3
141 16 3
141 21 3
141 22 3
141 25 3
141 26 3
141 34 3
141 38 3
141 40 3
141 44 3
141 46 3
141 48 3
141 50 3
141 62 3
141 66 3
141 71 3
141 74 3
141 81 3
141 86 3
141 90 3
141 94 3
141 100 3
141 101 3
141 103 3
141 108 3
141 112 3
141 120 3
141 123 3
141 124 3
141 128 3
141 129 3
141 131 3
141 140 3
141 141 3
142 1 3
142 2 3
142 18 3
142 21 3
142 22 3
142 25 3
142 30 3
142 32 3
142 65 3
142 75 3
142 80 3
142 83 3
142 86 3
142 90 3
142 91 3
142 96 3
142 99 3
142 106 3
142 111 3
142 114 3
142 116 3
142 117 3
142 122 3
142 130 3
142 133 3
142 135 3
142 136 3
142 138 3
142 141 3
143 9 3
143 13 3
143 14 3
143 18 3
143 20 3
143 25 3
143 30 3
143 36 3
143 38 3
143 39 3
143 43 3
143 46 3
143 47 3
143 51 3
143 54 3
143 62 3
143 73 3
143 83 3
143 85 3
143 86 3
143 90 3
143 100 3
143 102 3
143 103 3
143 107 3
143 108 3
143 109 3
143 126 3
143 127 3
143 133 3
143 136 3
143 139 3
143 140 3
143 142 3
143 143 3
144 6 3
144 8 3
144 11 3
144 17 3
144 18 3
144 31 3
144 32 3
144 38 3
144 40 3
144 68 3
144 73 3
144 77 3
144 80 3
144 93 3
144 96 3
144 105 3
144 110 3
144 111 3
144 112 3
144 114 3
144 115 3
144 124 3
144 136 3
144 139 3
145 3 3
145 11 3
145 12 3
145 17 3
145 18 3
145 22 3
145 23 3
145 29 3
145 30 3
145 32 3
145 33 3
145 45 3
145 48 3
145 49 3
145 57 3
145 59 3
145 62 3
145 63 3
145 85 3
145 86 3
145 89 3
145 90 3
145 93 3
145 99 3
145 100 3
145 105 3
145 109 3
145 121 3
145 122 3
145 123 3
145 125 3
145 131 3
145 132 3
145 143 3
146 2 3
146 7 3
146 10 3
146 12 3
146 16 3
146 20 3
146 21 3
146 24 3
146 25 3
146 31 3
146 34 3
146 35 3
146 36 3
146 41 3
146 49 3
146 52 3
146 54 3
146 55 3
146 59 3
146 60 3
146 61 3
146 67 3
146 68 3
146 70 3
146 74 3
146 75 3
146 81 3
146 84 3
146 87 3
146 93 3
146 97 3
146 98 3
146 107 3
146 109 3
146 110 3
146 113 3
146 122 3
146 132 3
146 133 3
146 136 3
146 137 3
146 139 3
146 140 3
147 1 3
147 2 3
147 4 3
147 6 3
147 7 3
147 11 3
147 16 3
147 25 3
147 26 3
147 27 3
147 29 3
147 30 3
147 32 3
147 34 3
147 38 3
147 41 3
147 49 3
147 50 3
147 54 3
147 62 3
147 63 3
147 69 3
147 78 3
147 83 3
147 90 3
147 95 3
147 97 3
147 100 3
147 104 3
147 105 3
147 110 3
147 113 3
147 114 3
147 116 3
147 118 3
147 125 3
147 126 3
147 134 3
147 135 3
147 140 3
147 143 3
147 146 3
148 1 3
148 6 3
148 12 3
148 13 3
148 15 3
148 23 3
148 30 3
148 31 3
148 40 3
148 52 3
148 54 3
148 58 3
148 61 3
148 62 3
148 63 3
148 64 3
148 66 3
148 69 3
148 70 3
148 74 3
148 76 3
148 77 3
148 79 3
148 100 3
148 101 3
148 102 3
148 108 3
148 115 3
148 119 3
148 121 3
148 123 3
148 127 3
148 128 3
148 131 3
148 137 3
148 140 3
148 146 3
149 3 3
149 4 3
149 7 3
149 9 3
149 10 3
149 11 3
149 14 3
149 19 3
149 22 3
149 26 3
149 28 3
149 36 3
149 42 3
149 44 3
149 49 3
149 59 3
149 61 3
149 62 3
149 64 3
149 66 3
149 68 3
149 73 3
149 75 3
149 90 3
149 91 3
149 92 3
149 97 3
149 98 3
149 107 3
149 111 3
149 112 3
149 115 3
149 117 3
149 120 3
149 121 3
149 122 3
149 125 3
149 131 3
149 133 3
149 134 3
149 135 3
150 1 3
150 11 3
150 15 3
150 18 3
150 20 3
150 26 3
150 31 3
150 32 3
150 34 3
150 37 3
150 43 3
150 44 3
150 48 3
150 50 3
150 52 3
150 61 3
150 64 3
150 68 3
150 69 3
150 70 3
150 79 3
150 82 3
150 84 3
150 85 3
150 90 3
150 93 3
150 96 3
150 105 3
150 108 3
150 112 3
150 116 3
150 119 3
150 121 3
150 126 3
150 129 3
150 136 3
150 141 3
150 149 3
150 150 3
151 0 3
151 2 3
151 4 3
151 12 3
151 13 3
151 15 3
151 21 3
151 25 3
151 29 3
151 32 3
151 33 3
151 34 3
151 40 3
151 46 3
151 48 3
151 50 3
151 57 3
151 60 3
151 64 3
151 71 3
151 72 3
151 77 3
151 83 3
151 87 3
151 94 3
151 96 3
151 98 3
151 103 3
151 105 3
151 108 3
151 111 3
151 115 3
151 117 3
151 118 3
151 124 3
151 125 3
151 128 3
151 136 3
151 145 3
151 146 3
151 147 3
151 148 3
152 0 3
152 1 3
152 6 3
152 10 3
152 11 3
152 12 3
152 18 3
152 22 3
152 24 3
152 29 3
152 31 3
152 32 3
152 36 3
152 38 3
152 39 3
152 49 3
152 59 3
152 81 3
152 91 3
152 99 3
152 100 3
152 102 3
152 117 3
152 121 3
152 128 3
152 137 3
152 152 3
153 3 3
153 7 3
153 16 3
153 17 3
153 18 3
153 19 3
153 25 3
153 29 3
153 30 3
153 35 3
153 39 3
153 41 3
153 42 3
153 44 3
153 53 3
153 63 3
153 66 3
153 67 3
153 77 3
153 78 3
153 79 3
153 80 3
153 82 3
153 83 3
153 85 3
153 89 3
153 92 3
153 94 3
153 96 3
153 97 3
153 102 3
153 107 3
153 108 3
153 110 3
153 116 3
153 119 3
153 123 3
153 125 3
153 130 3
153 135 3
153 140 3
153 142 3
153 146 3
153 147 3
153 150 3
153 151 3
154 8 3
154 9 3
154 14 3
154 16 3
154 23 3
154 25 3
154 26 3
154 28 3
154 32 3
154 33 3
154 35 3
154 38 3
154 40 3
154 43 3
154 45 3
154 49 3
154 51 3
154 52 3
154 55 3
154 64 3
154 65 3
154 70 3
154 72 3
154 74 3
154 81 3
154 86 3
154 91 3
154 96 3
154 99 3
154 102 3
154 103 3
154 104 3
154 107 3
154 109 3
154 112 3
154 113 3
154 115 3
154 116 3
154 118 3
154 119 3
154 121 3
154 122 3
154 126 3
154 133 3
154 136 3
154 137 3
154 151 3
154 154 3
155 10 3
155 13 3
155 15 3
155 16 3
155 23 3
155 35 3
155 41 3
155 44 3
155 47 3
155 50 3
155 53 3
155 55 3
155 57 3
155 58 3
155 66 3
155 68 3
155 78 3
155 83 3
155 84 3
155 85 3
155 89 3
155 97 3
155 101 3
155 103 3
155 109 3
155 110 3
155 111 3
155 133 3
155 136 3
155 138 3
155 141 3
155 144 3
155 152 3
155 154 3
156 1 3
156 4 3
156 6 3
156 17 3
156 18 3
156 19 3
156 22 3
156 24 3
156 26 3
156 35 3
156 43 3
156 48 3
156 49 3
156 59 3
156 60 3
156 61 3
156 65 3
156 71 3
156 74 3
156 78 3
156 79 3
156 80 3
156 82 3
156 88 3
156 94 3
156 103 3
156 104 3
156 105 3
156 106 3
156 114 3
156 120 3
156 121 3
156 128 3
156 130 3
156 135 3
156 141 3
156 142 3
156 143 3
157 7 3
157 10 3
157 15 3
157 16 3
157 21 3
157 25 3
157 33 3
157 35 3
157 37 3
157 42 3
157 44 3
157 49 3
157 50 3
157 51 3
157 55 3
157 57 3
157 64 3
157 65 3
157 70 3
157 71 3
157 72 3
157 74 3
157 78 3
157 82 3
157 86 3
157 93 3
157 99 3
157 101 3
157 106 3
157 108 3
157 114 3
157 118 3
157 120 3
157 126 3
157 127 3
157 129 3
157 130 3
157 132 3
157 134 3
157 135 3
157 136 3
157 139 3
157 143 3
157 147 3
157 150 3
157 153 3
158 0 3
158 5 3
158 6 3
158 9 3
158 10 3
158 13 3
158 15 3
158 18 3
158 25 3
158 28 3
158 31 3
158 32 3
158 33 3
158 36 3
158 38 3
158 39 3
158 40 3
158 41 3
158 48 3
158 49 3
158 51 3
158 52 3
158 64 3
158 67 3
158 74 3
158 79 3
158 89 3
158 90 3
158 98 3
158 99 3
158 100 3
158 106 3
158 109 3
158 116 3
158 121 3
158 131 3
158 132 3
158 136 3
158 147 3
158 148 3
158 150 3
158 151 3
158 152 3
159 0 3
159 1 3
159 7 3
159 8 3
159 12 3
159 23 3
159 28 3
159 31 3
159 36 3
159 43 3
159 44 3
159 47 3
159 51 3
159 53 3
159 54 3
159 58 3
159 59 3
159 60 3
159 61 3
159 63 3
159 70 3
159 73 3
159 76 3
159 82 3
159 85 3
159 88 3
159 89 3
159 92 3
159 95 3
159 96 3
159 97 3
159 102 3
159 103 3
159 107 3
159 109 3
159 111 3
159 112 3
159 119 3
159 120 3
159 122 3
159 133 3
159 137 3
159 138 3
159 140 3
159 147 3
159 153 3
159 155 3
160 1 3
160 2 3
160 9 3
160 11 3
160 14 3
160 17 3
160 18 3
160 27 3
160 39 3
160 40 3
160 41 3
160 42 3
160 43 3
160 44 3
160 48 3
160 53 3
160 57 3
160 59 3
160 60 3
160 67 3
160 69 3
160 73 3
160 74 3
160 77 3
160 80 3
160 81 3
160 85 3
160 92 3
160 96 3
160 97 3
160 101 3
160 106 3
160 110 3
160 114 3
160 121 3
160 125 3
160 126 3
160 127 3
160 131 3
160 133 3
160 137 3
160 138 3
160 141 3
160 144 3
160 146 3
160 147 3
161 2 3
161 6 3
161 11 3
161 17 3
161 19 3
161 21 3
161 26 3
161 27 3
161 30 3
161 35 3
161 42 3
161 45 3
161 46 3
161 48 3
161 52 3
161 53 3
161 58 3
161 63 3
161 79 3
161 82 3
161 85 3
161 86 3
161 89 3
161 94 3
161 96 3
161 101 3
161 108 3
161 118 3
161 119 3
161 120 3
161 121 3
161 122 3
161 129 3
161 130 3
161 131 3
161 133 3
161 140 3
161 146 3
161 153 3
161 159 3
162 1 3
162 2 3
162 7 3
162 9 3
162 13 3
162 17 3
162 19 3
162 22 3
162 27 3
162 33 3
162 35 3
162 41 3
162 42 3
162 44 3
162 47 3
162 48 3
162 51 3
162 54 3
162 62 3
162 63 3
162 64 3
162 65 3
162 68 3
162 69 3
162 70 3
162 72 3
162 75 3
162 76 3
162 82 3
162 85 3
162 86 3
162 87 3
162 88 3
162 103 3
162 104 3
162 105 3
162 113 3
162 120 3
162 121 3
162 126 3
162 129 3
162 135 3
162 142 3
162 143 3
162 144 3
162 155 3
162 156 3
162 160 3
163 1 3
163 2 3
163 7 3
163 22 3
163 27 3
163 39 3
163 40 3
163 49 3
163 51 3
163 53 3
163 58 3
163 70 3
163 72 3
163 73 3
163 74 3
163 78 3
163 79 3
163 81 3
163 85 3
163 86 3
163 90 3
163 92 3
163 94 3
163 98 3
163 106 3
163 107 3
163 118 3
163 123 3
163 125 3
163 126 3
163 127 3
163 128 3
163 131 3
163 133 3
163 134 3
163 136 3
163 141 3
163 143 3
163 145 3
163 146 3
163 147 3
163 152 3
163 154 3
163 157 3
163 159 3
163 161 3
163 163 3
164 11 3
164 14 3
164 17 3
164 19 3
164 25 3
164 27 3
164 31 3
164 33 3
164 42 3
164 47 3
164 56 3
164 61 3
164 63 3
164 69 3
164 73 3
164 74 3
164 79 3
164 84 3
164 88 3
164 89 3
164 91 3
164 94 3
164 98 3
164 106 3
164 110 3
164 111 3
164 112 3
164 116 3
164 120 3
164 122 3
164 133 3
164 135 3
164 137 3
164 144 3
164 148 3
164 149 3
164 150 3
164 159 3
165 1 3
165 4 3
165 6 3
165 9 3
165 16 3
165 24 3
165 28 3
165 33 3
165 40 3
165 41 3
165 45 3
165 50 3
165 53 3
165 56 3
165 60 3
165 63 3
165 67 3
165 73 3
165 76 3
165 82 3
165 84 3
165 85 3
165 86 3
165 92 3
165 96 3
165 103 3
165 106 3
165 107 3
165 112 3
165 118 3
165 119 3
165 120 3
165 124 3
165 126 3
165 128 3
165 130 3
165 135 3
165 142 3
165 151 3
165 153 3
165 158 3
165 159 3
165 160 3
165 161 3
165 162 3
165 164 3
166 10 3
166 18 3
166 23 3
166 25 3
166 30 3
166 33 3
166 35 3
166 38 3
166 39 3
166 43 3
166 45 3
166 46 3
166 56 3
166 59 3
166 62 3
166 65 3
166 72 3
166 80 3
166 93 3
166 96 3
166 103 3
166 107 3
166 110 3
166 113 3
166 121 3
166 127 3
166 130 3
166 140 3
166 143 3
166 153 3
166 154 3
166 155 3
166 156 3
166 161 3
167 1 3
167 5 3
167 6 3
167 11 3
167 15 3
167 16 3
167 17 3
167 19 3
167 21 3
167 26 3
167 30 3
167 32 3
167 33 3
167 37 3
167 40 3
167 41 3
167 46 3
167 52 3
167 54 3
167 72 3
167 73 3
167 77 3
167 78 3
167 81 3
167 90 3
167 101 3
167 116 3
167 120 3
167 121 3
167 122 3
167 127 3
167 128 3
167 130 3
167 132 3
167 137 3
167 138 3
167 139 3
167 143 3
167 151 3
167 155 3
167 160 3
167 163 3
167 164 3
168 1 3
168 4 3
168 7 3
168 8 3
168 9 3
168 13 3
168 14 3
168 22 3
168 30 3
168 32 3
168 34 3
168 37 3
168 42 3
168 43 3
168 51 3
168 52 3
168 53 3
168 55 3
168 58 3
168 62 3
168 72 3
168 77 3
168 85 3
168 87 3
168 88 3
168 89 3
168 98 3
168 99 3
168 102 3
168 105 3
168 107 3
168 108 3
168 109 3
168 115 3
168 116 3
168 118 3
168 127 3
168 131 3
168 132 3
168 138 3
168 145 3
168 151 3
168 152 3
168 158 3
168 167 3
168 168 3
169 1 3
169 2 3
169 4 3
169 8 3
169 9 3
169 11 3
169 20 3
169 22 3
169 23 3
169 27 3
169 28 3
169 30 3
169 38 3
169 39 3
169 48 3
169 60 3
169 66 3
169 67 3
169 69 3
169 72 3
169 73 3
169 76 3
169 79 3
169 80 3
169 81 3
169 83 3
169 99 3
169 101 3
169 105 3
169 109 3
169 113 3
169 117 3
169 118 3
169 126 3
169 129 3
169 133 3
169 136 3
169 138 3
169 140 3
169 146 3
169 147 3
169 149 3
169 153 3
169 155 3
169 159 3
169 161 3
169 162 3
170 1 3
170 11 3
170 15 3
170 18 3
170 22 3
170 24 3
170 25 3
170 27 3
170 28 3
170 34 3
170 38 3
170 44 3
170 46 3
170 62 3
170 65 3
170 69 3
170 71 3
170 73 3
170 74 3
170 77 3
170 79 3
170 80 3
170 81 3
170 88 3
170 89 3
170 90 3
170 91 3
170 94 3
170 97 3
170 108 3
170 112 3
170 131 3
170 132 3
170 135 3
170 136 3
170 139 3
170 146 3
170 150 3
170 156 3
170 157 3
170 160 3
170 161 3
170 162 3
170 167 3
170 170 3
171 0 3
171 4 3
171 6 3
171 7 3
171 8 3
171 11 3
171 14 3
171 19 3
171 21 3
171 22 3
171 49 3
171 57 3
171 58 3
171 61 3
171 65 3
171 72 3
171 75 3
171 76 3
171 78 3
171 79 3
171 97 3
171 99 3
171 100 3
171 108 3
171 112 3
171 117 3
171 121 3
171 122 3
171 125 3
171 127 3
171 132 3
171 137 3
171 145 3
171 152 3
171 161 3
171 162 3
171 164 3
171 167 3
172 3 3
172 4 3
172 9 3
172 11 3
172 14 3
172 18 3
172 31 3
172 33 3
172 35 3
172 36 3
172 37 3
172 41 3
172 46 3
172 50 3
172 51 3
172 57 3
172 59 3
172 61 3
172 70 3
172 72 3
172 82 3
172 85 3
172 86 3
172 89 3
172 92 3
172 94 3
172 97 3
172 98 3
172 101 3
172 102 3
172 118 3
172 120 3
172 121 3
172 122 3
172 126 3
172 135 3
172 136 3
172 144 3
172 147 3
172 148 3
172 150 3
172 154 3
172 155 3
172 158 3
172 159 3
172 162 3
172 164 3
172 170 3
172 172 3
173 4 3
173 13 3
173 19 3
173 20 3
173 22 3
173 26 3
173 31 3
173 39 3
173 40 3
173 49 3
173 51 3
173 55 3
173 57 3
173 58 3
173 59 3
173 64 3
173 70 3
173 79 3
173 81 3
173 83 3
173 87 3
173 91 3
173 92 3
173 96 3
173 105 3
173 125 3
173 127 3
173 130 3
173 134 3
173 137 3
173 140 3
173 151 3
173 154 3
173 155 3
173 158 3
173 168 3
173 171 3
174 1 3
174 2 3
174 8 3
174 22 3
174 28 3
174 31 3
174 33 3
174 35 3
174 37 3
174 38 3
174 46 3
174 48 3
174 49 3
174 50 3
174 61 3
174 73 3
174 74 3
174 78 3
174 84 3
174 87 3
174 88 3
174 91 3
174 93 3
174 94 3
174 96 3
174 105 3
174 106 3
174 107 3
174 120 3
174 121 3
174 122 3
174 127 3
174 137 3
174 140 3
174 142 3
174 146 3
174 149 3
174 150 3
174 154 3
174 161 3
174 163 3
174 164 3
174 165 3
174 168 3
174 172 3
175 4 3
175 8 3
175 16 3
175 20 3
175 22 3
175 31 3
175 34 3
175 35 3
175 36 3
175 54 3
175 58 3
175 66 3
175 67 3
175 72 3
175 77 3
175 82 3
175 83 3
175 89 3
175 98 3
175 99 3
175 100 3
175 101 3
175 104 3
175 115 3
175 121 3
175 131 3
175 144 3
175 148 3
175 150 3
175 152 3
175 153 3
175 154 3
175 159 3
175 160 3
175 162 3
175 171 3
176 5 3
176 14 3
176 18 3
176 20 3
176 21 3
176 26 3
176 29 3
176 31 3
176 33 3
176 35 3
176 38 3
176 41 3
176 46 3
176 49 3
176 53 3
176 54 3
176 59 3
176 61 3
176 66 3
176 67 3
176 68 3
176 71 3
176 73 3
176 80 3
176 84 3
176 86 3
176 87 3
176 92 3
176 93 3
176 95 3
176 99 3
176 101 3
176 102 3
176 106 3
176 114 3
176 119 3
176 120 3
176 125 3
176 126 3
176 137 3
176 139 3
176 140 3
176 144 3
176 146 3
176 147 3
176 148 3
176 150 3
176 156 3
176 159 3
176 166 3
176 167 3
176 169 3
176 171 3
176 172 3
176 176 3
177 0 3
177 4 3
177 16 3
177 23 3
177 28 3
177 33 3
177 35 3
177 37 3
177 39 3
177 40 3
177 41 3
177 42 3
177 45 3
177 47 3
177 48 3
177 56 3
177 57 3
177 70 3
177 72 3
177 82 3
177 88 3
177 91 3
177 95 3
177 102 3
177 108 3
177 111 3
177 114 3
177 120 3
177 123 3
177 124 3
177 125 3
177 136 3
177 140 3
177 142 3
177 143 3
177 146 3
177 148 3
177 156 3
177 165 3
177 166 3
177 172 3
177 175 3
178 0 3
178 1 3
178 2 3
178 7 3
178 8 3
178 10 3
178 12 3
178 13 3
178 14 3
178 16 3
178 18 3
178 24 3
178 26 3
178 36 3
178 38 3
178 40 3
178 42 3
178 43 3
178 44 3
178 48 3
178 55 3
178 59 3
178 62 3
178 63 3
178 66 3
178 67 3
178 69 3
178 71 3
178 74 3
178 75 3
178 79 3
178 80 3
178 81 3
178 84 3
178 88 3
178 107 3
178 113 3
178 119 3
178 120 3
178 122 3
178 129 3
178 132 3
178 133 3
178 137 3
178 142 3
178 146 3
178 153 3
178 160 3
178 168 3
178 170 3
178 174 3
178 175 3
179 1 3
179 4 3
179 8 3
179 9 3
179 13 3
179 21 3
179 22 3
179 25 3
179 26 3
179 30 3
179 38 3
179 39 3
179 43 3
179 52 3
179 55 3
179 59 3
179 61 3
179 66 3
179 67 3
179 75 3
179 76 3
179 82 3
179 84 3
179 86 3
179 91 3
179 97 3
179 101 3
179 106 3
179 108 3
179 115 3
179 120 3
179 122 3
179 130 3
179 131 3
179 138 3
179 139 3
179 142 3
179 144 3
179 147 3
179 150 3
179 155 3
179 159 3
179 168 3
179 171 3
179 173 3
179 178 3
180 0 3
180 1 3
180 3 3
180 14 3
180 16 3
180 20 3
180 27 3
180 34 3
180 35 3
180 38 3
180 42 3
180 50 3
180 52 3
180 53 3
180 54 3
180 59 3
180 63 3
180 69 3
180 72 3
180 75 3
180 77 3
180 78 3
180 85 3
180 86 3
180 89 3
180 91 3
180 95 3
180 101 3
180 107 3
180 109 3
180 110 3
180 112 3
180 120 3
180 125 3
180 127 3
180 131 3
180 133 3
180 135 3
180 141 3
180 155 3
180 156 3
180 165 3
180 168 3
180 169 3
180 172 3
180 175 3
180 180 3
181 2 3
181 9 3
181 14 3
181 20 3
181 21 3
181 29 3
181 31 3
181 35 3
181 37 3
181 38 3
181 40 3
181 50 3
181 54 3
181 56 3
181 57 3
181 59 3
181 60 3
181 61 3
181 64 3
181 65 3
181 67 3
181 73 3
181 77 3
181 85 3
181 88 3
181 102 3
181 109 3
181 114 3
181 116 3
181 124 3
181 131 3
181 140 3
181 143 3
181 144 3
181 148 3
181 149 3
181 158 3
181 162 3
181 164 3
181 166 3
181 168 3
181 177 3
181 178 3
181 179 3
182 0 3
182 7 3
182 14 3
182 20 3
182 23 3
182 25 3
182 26 3
182 27 3
182 30 3
182 34 3
182 36 3
182 37 3
182 38 3
182 53 3
182 55 3
182 58 3
182 60 3
182 62 3
182 66 3
182 68 3
182 75 3
182 76 3
182 83 3
182 87 3
182 90 3
182 91 3
182 96 3
182 97 3
182 100 3
182 102 3
182 106 3
182 107 3
182 109 3
182 115 3
182 119 3
182 122 3
182 125 3
182 127 3
182 128 3
182 132 3
182 134 3
182 137 3
182 146 3
182 156 3
182 165 3
182 166 3
182 170 3
182 176 3
182 182 3
183 5 3
183 9 3
183 17 3
183 18 3
183 19 3
183 26 3
183 28 3
183 35 3
183 36 3
183 37 3
183 38 3
183 45 3
183 46 3
183 47 3
183 56 3
183 60 3
183 61 3
183 63 3
183 67 3
183 69 3
183 70 3
183 73 3
183 75 3
183 77 3
183 78 3
183 83 3
183 84 3
183 86 3
183 88 3
183 93 3
183 100 3
183 101 3
183 105 3
183 107 3
183 108 3
183 116 3
183 117 3
183 123 3
183 129 3
183 130 3
183 133 3
183 135 3
183 137 3
183 142 3
183 143 3
183 145 3
183 147 3
183 149 3
183 151 3
183 154 3
183 159 3
183 176 3
183 179 3
184 5 3
184 6 3
184 7 3
184 8 3
184 9 3
184 13 3
184 22 3
184 27 3
184 29 3
184 30 3
184 34 3
184 40 3
184 42 3
184 48 3
184 49 3
184 51 3
184 55 3
184 58 3
184 59 3
184 62 3
184 68 3
184 70 3
184 72 3
184 77 3
184 83 3
184 84 3
184 87 3
184 90 3
184 100 3
184 102 3
184 107 3
184 110 3
184 115 3
184 117 3
184 119 3
184 128 3
184 129 3
184 140 3
184 142 3
184 144 3
184 153 3
184 154 3
184 158 3
184 170 3
184 173 3
184 175 3
184 179 3
184 181 3
185 7 3
185 10 3
185 25 3
185 26 3
185 39 3
185 41 3
185 42 3
185 45 3
185 51 3
185 53 3
185 54 3
185 56 3
185 62 3
185 70 3
185 73 3
185 74 3
185 78 3
185 80 3
185 85 3
185 87 3
185 93 3
185 97 3
185 98 3
185 101 3
185 108 3
185 109 3
185 110 3
185 111 3
185 113 3
185 115 3
185 117 3
185 118 3
185 126 3
185 127 3
185 130 3
185 133 3
185 137 3
185 139 3
185 145 3
185 146 3
185 149 3
185 150 3
185 151 3
185 153 3
185 162 3
185 165 3
185 168 3
185 169 3
185 170 3
185 171 3
185 172 3
185 175 3
185 182 3
185 184 3
185 185 3
186 2 3
186 8 3
186 10 3
186 16 3
186 17 3
186 18 3
186 19 3
186 25 3
186 30 3
186 47 3
186 50 3
186 51 3
186 54 3
186 55 3
186 60 3
186 62 3
186 63 3
186 68 3
186 70 3
186 71 3
186 79 3
186 88 3
186 89 3
186 92 3
186 95 3
186 99 3
186 102 3
186 108 3
186 112 3
186 113 3
186 114 3
186 117 3
186 122 3
186 125 3
186 131 3
186 132 3
186 136 3
186 140 3
186 146 3
186 149 3
186 150 3
186 152 3
186 155 3
186 156 3
186 159 3
186 161 3
186 165 3
186 167 3
186 169 3
186 170 3
186 171 3
186 174 3
186 175 3
186 176 3
186 178 3
186 182 3
187 2 3
187 3 3
187 8 3
187 9 3
187 12 3
187 21 3
187 23 3
187 24 3
187 25 3
187 30 3
187 40 3
187 42 3
187 43 3
187 45 3
187 47 3
187 52 3
187 55 3
187 62 3
187 63 3
187 65 3
187 67 3
187 69 3
187 78 3
187 79 3
187 82 3
187 83 3
187 85 3
187 86 3
187 100 3
187 101 3
187 102 3
187 110 3
187 111 3
187 112 3
187 114 3
187 116 3
187 118 3
187 120 3
187 121 3
187 126 3
187 133 3
187 137 3
187 138 3
187 140 3
187 142 3
187 150 3
187 154 3
187 155 3
187 156 3
187 162 3
187 163 3
187 179 3
187 182 3
187 187 3
188 0 3
188 1 3
188 3 3
188 8 3
188 9 3
188 10 3
188 21 3
188 22 3
188 24 3
188 26 3
188 27 3
188 34 3
188 37 3
188 38 3
188 47 3
188 50 3
188 55 3
188 62 3
188 63 3
188 64 3
188 75 3
188 76 3
188 77 3
188 79 3
188 81 3
188 84 3
188 87 3
188 89 3
188 91 3
188 95 3
188 97 3
188 98 3
188 102 3
188 109 3
188 110 3
188 119 3
188 121 3
188 125 3
188 133 3
188 139 3
188 151 3
188 153 3
188 154 3
188 157 3
188 164 3
188 169 3
188 171 3
188 176 3
188 178 3
188 182 3
188 183 3
188 185 3
188 187 3
189 0 3
189 14 3
189 16 3
189 17 3
189 23 3
189 28 3
189 29 3
189 30 3
189 31 3
189 32 3
189 39 3
189 40 3
189 46 3
189 60 3
189 61 3
189 62 3
189 66 3
189 71 3
189 77 3
189 78 3
189 83 3
189 84 3
189 88 3
189 99 3
189 105 3
189 108 3
189 116 3
189 124 3
189 127 3
189 130 3
189 131 3
189 133 3
189 140 3
189 141 3
189 144 3
189 145 3
189 148 3
189 149 3
189 153 3
189 155 3
189 158 3
189 161 3
189 164 3
189 171 3
189 172 3
189 173 3
189 174 3
189 175 3
189 176 3
189 178 3
189 181 3
189 185 3
190 3 3
190 4 3
190 6 3
190 9 3
190 10 3
190 21 3
190 23 3
190 28 3
190 29 3
190 39 3
190 40 3
190 55 3
190 66 3
190 67 3
190 70 3
190 71 3
190 72 3
190 80 3
190 90 3
190 94 3
190 96 3
190 104 3
190 106 3
190 109 3
190 117 3
190 118 3
190 119 3
190 121 3
190 127 3
190 133 3
190 134 3
190 135 3
190 140 3
190 148 3
190 151 3
190 152 3
190 158 3
190 166 3
190 171 3
190 172 3
190 173 3
190 176 3
190 183 3
190 185 3
190 188 3
190 189 3
191 2 3
191 7 3
191 11 3
191 13 3
191 20 3
191 21 3
191 23 3
191 29 3
191 31 3
191 33 3
191 38 3
191 39 3
191 42 3
191 43 3
191 45 3
191 48 3
191 50 3
191 51 3
191 52 3
191 58 3
191 61 3
191 63 3
191 64 3
191 65 3
191 66 3
191 67 3
191 71 3
191 75 3
191 76 3
191 78 3
191 81 3
191 82 3
191 87 3
191 92 3
191 101 3
191 102 3
191 106 3
191 107 3
191 113 3
191 121 3
191 127 3
191 128 3
191 129 3
191 134 3
191 137 3
191 138 3
191 140 3
191 143 3
191 146 3
191 148 3
191 152 3
191 153 3
191 159 3
191 166 3
191 172 3
191 173 3
191 182 3
191 184 3
191 186 3
191 191 3
192 2 3
192 3 3
192 11 3
192 12 3
192 14 3
192 17 3
192 20 3
192 23 3
192 24 3
192 25 3
192 26 3
192 28 3
192 31 3
192 35 3
192 37 3
192 38 3
192 43 3
192 45 3
192 52 3
192 53 3
192 54 3
192 60 3
192 63 3
192 69 3
192 72 3
192 77 3
192 81 3
192 88 3
192 89 3
192 92 3
192 93 3
192 94 3
192 97 3
192 104 3
192 106 3
192 107 3
192 109 3
192 119 3
192 125 3
192 126 3
192 134 3
192 136 3
192 138 3
192 140 3
192 141 3
192 142 3
192 144 3
192 146 3
192 150 3
192 159 3
192 164 3
192 180 3
192 185 3
192 188 3
192 190 3
193 7 3
193 8 3
193 11 3
193 16 3
193 19 3
193 20 3
193 22 3
193 33 3
193 34 3
193 37 3
193 38 3
193 43 3
193 46 3
193 52 3
193 59 3
193 73 3
193 82 3
193 97 3
193 102 3
193 105 3
193 110 3
193 114 3
193 116 3
193 122 3
193 127 3
193 128 3
193 132 3
193 140 3
193 142 3
193 152 3
193 155 3
193 159 3
193 160 3
193 161 3
193 162 3
193 163 3
193 165 3
193 175 3
193 179 3
193 182 3
193 185 3
193 186 3
193 187 3
194 3 3
194 5 3
194 8 3
194 12 3
194 16 3
194 17 3
194 29 3
194 30 3
194 32 3
194 33 3
194 43 3
194 47 3
194 50 3
194 55 3
194 56 3
194 60 3
194 62 3
194 65 3
194 67 3
194 69 3
194 71 3
194 73 3
194 82 3
194 83 3
194 85 3
194 87 3
194 90 3
194 93 3
194 95 3
194 107 3
194 109 3
194 110 3
194 115 3
194 118 3
194 119 3
194 120 3
194 122 3
194 124 3
194 127 3
194 130 3
194 135 3
194 140 3
194 142 3
194 145 3
194 148 3
194 158 3
194 162 3
194 164 3
194 166 3
194 168 3
194 174 3
194 175 3
194 178 3
194 182 3
194 186 3
194 188 3
194 189 3
194 192 3
195 0 3
195 1 3
195 4 3
195 5 3
195 6 3
195 7 3
195 9 3
195 14 3
195 19 3
195 20 3
195 22 3
195 23 3
195 25 3
195 28 3
195 46 3
195 54 3
195 55 3
195 59 3
195 62 3
195 71 3
195 73 3
195 76 3
195 77 3
195 81 3
195 86 3
195 88 3
195 90 3
195 98 3
195 107 3
195 109 3
195 110 3
195 113 3
195 117 3
195 118 3
195 119 3
195 122 3
195 129 3
195 131 3
195 136 3
195 139 3
195 145 3
195 153 3
195 162 3
195 165 3
195 166 3
195 169 3
195 174 3
195 175 3
195 177 3
195 182 3
195 184 3
195 186 3
195 188 3
195 189 3
195 191 3
196 0 3
196 4 3
196 5 3
196 9 3
196 20 3
196 21 3
196 22 3
196 24 3
196 35 3
196 39 3
196 49 3
196 50 3
196 52 3
196 54 3
196 62 3
196 65 3
196 67 3
196 69 3
196 77 3
196 78 3
196 79 3
196 81 3
196 83 3
196 84 3
196 87 3
196 88 3
196 89 3
196 91 3
196 93 3
196 96 3
196 103 3
196 104 3
196 111 3
196 112 3
196 113 3
196 115 3
196 116 3
196 117 3
196 120 3
196 126 3
196 127 3
196 129 3
196 132 3
196 135 3
196 145 3
196 147 3
196 149 3
196 152 3
196 153 3
196 162 3
196 163 3
196 166 3
196 169 3
196 177 3
196 178 3
196 179 3
196 182 3
196 187 3
196 191 3
196 192 3
197 1 3
197 7 3
197 10 3
197 16 3
197 20 3
197 24 3
197 26 3
197 28 3
197 30 3
197 34 3
197 36 3
197 37 3
197 38 3
197 39 3
197 41 3
197 47 3
197 56 3
197 57 3
197 58 3
197 60 3
197 62 3
197 66 3
197 74 3
197 76 3
197 80 3
197 85 3
197 86 3
197 89 3
197 90 3
197 92 3
197 94 3
197 97 3
197 99 3
197 103 3
197 104 3
197 108 3
197 114 3
197 121 3
197 124 3
197 127 3
197 128 3
197 142 3
197 145 3
197 150 3
197 151 3
197 159 3
197 161 3
197 166 3
197 169 3
197 171 3
197 179 3
197 183 3
197 185 3
197 186 3
197 187 3
197 188 3
197 193 3
197 196 3
197 197 3
198 5 3
198 7 3
198 9 3
198 16 3
198 23 3
198 25 3
198 27 3
198 29 3
198 32 3
198 33 3
198 37 3
198 38 3
198 39 3
198 42 3
198 46 3
198 48 3
198 52 3
198 56 3
198 60 3
198 62 3
198 80 3
198 83 3
198 85 3
198 86 3
198 87 3
198 96 3
198 99 3
198 101 3
198 103 3
198 104 3
198 106 3
198 114 3
198 115 3
198 121 3
198 125 3
198 130 3
198 132 3
198 133 3
198 140 3
198 141 3
198 142 3
198 149 3
198 150 3
198 152 3
198 153 3
198 154 3
198 158 3
198 159 3
198 161 3
198 163 3
198 164 3
198 174 3
198 178 3
198 180 3
198 183 3
198 186 3
198 192 3
198 194 3
198 196 3
199 0 3
199 1 3
199 3 3
199 6 3
199 8 3
199 11 3
199 14 3
199 17 3
199 20 3
199 25 3
199 27 3
199 31 3
199 32 3
199 37 3
199 39 3
199 43 3
199 45 3
199 49 3
199 50 3
199 51 3
199 53 3
199 54 3
199 57 3
199 60 3
199 66 3
199 72 3
199 73 3
199 78 3
199 82 3
199 86 3
199 89 3
199 93 3
199 102 3
199 104 3
199 108 3
199 112 3
199 113 3
199 114 3
199 120 3
199 121 3
199 122 3
199 123 3
199 128 3
199 134 3
199 143 3
199 146 3
199 150 3
199 152 3
199 158 3
199 159 3
199 167 3
199 170 3
199 177 3
199 178 3
199 183 3
199 184 3
199 185 3
199 188 3
199 196 3
199 197 3
199 198 3
