0 0 1
2 2 1
3 1 1
3 2 1
4 0 1
4 2 1
6 1 1
7 5 1
7 7 1
8 8 1
9 9 1
10 9 1
10 10 1
11 0 1
11 1 1
11 4 1
11 11 1
12 2 1
12 4 1
12 5 1
13 7 1
13 13 1
14 13 1
15 1 1
15 6 1
15 8 1
15 10 1
15 13 1
16 3 1
16 4 1
16 6 1
16 8 1
16 11 1
16 13 1
17 0 1
17 1 1
17 2 1
17 3 1
17 5 1
17 12 1
17 17 1
18 7 1
18 8 1
18 12 1
18 16 1
18 18 1
19 0 1
19 3 1
19 6 1
19 9 1
19 14 1
19 19 1
20 0 1
20 6 1
20 13 1
21 0 1
21 2 1
21 12 1
21 20 1
22 0 1
22 4 1
22 9 1
22 15 1
22 19 1
22 20 1
23 0 1
23 1 1
23 5 1
23 6 1
23 15 1
23 17 1
23 23 1
24 5 1
24 8 1
24 16 1
24 17 1
24 18 1
24 20 1
24 24 1
25 0 1
25 8 1
25 10 1
25 17 1
25 21 1
26 1 1
26 4 1
26 6 1
26 11 1
26 14 1
26 17 1
26 23 1
27 1 1
27 3 1
27 8 1
27 11 1
27 18 1
27 20 1
27 21 1
27 22 1
27 24 1
28 3 1
28 4 1
28 8 1
28 13 1
28 17 1
28 20 1
28 24 1
29 4 1
29 5 1
29 7 1
29 8 1
29 13 1
29 16 1
29 17 1
29 18 1
29 25 1
29 26 1
29 27 1
29 29 1
30 0 1
30 7 1
30 12 1
30 14 1
30 16 1
31 4 1
31 6 1
31 10 1
31 13 1
31 19 1
31 20 1
31 21 1
31 22 1
31 24 1
31 25 1
31 29 1
32 0 1
32 2 1
32 4 1
32 19 1
32 31 1
33 0 1
33 9 1
33 14 1
33 23 1
33 32 1
33 33 1
34 4 1
34 5 1
34 9 1
34 10 1
34 15 1
34 16 1
34 20 1
34 21 1
34 22 1
34 23 1
34 25 1
34 28 1
34 29 1
34 33 1
35 0 1
35 4 1
35 8 1
35 9 1
35 11 1
35 13 1
35 18 1
35 22 1
35 26 1
35 28 1
35 32 1
35 34 1
36 0 1
36 2 1
36 3 1
36 5 1
36 10 1
36 13 1
36 17 1
36 19 1
36 20 1
36 27 1
36 30 1
36 32 1
36 35 1
37 1 1
37 2 1
37 8 1
37 10 1
37 12 1
37 16 1
37 19 1
37 21 1
37 28 1
37 31 1
37 33 1
37 34 1
37 37 1
38 10 1
38 13 1
38 14 1
38 16 1
38 17 1
38 18 1
38 23 1
38 24 1
38 28 1
38 32 1
39 7 1
39 8 1
39 11 1
39 12 1
39 17 1
39 29 1
39 30 1
39 33 1
39 37 1
39 38 1
39 39 1
40 1 1
40 4 1
40 10 1
40 12 1
40 16 1
40 18 1
40 19 1
40 20 1
40 28 1
40 37 1
40 40 1
41 1 1
41 3 1
41 8 1
41 9 1
41 12 1
41 19 1
41 20 1
41 26 1
41 33 1
41 34 1
41 36 1
41 41 1
42 6 1
42 20 1
42 29 1
42 31 1
42 32 1
42 35 1
42 42 1
43 1 1
43 7 1
43 11 1
43 18 1
43 22 1
43 25 1
43 35 1
43 36 1
43 37 1
43 40 1
44 0 1
44 1 1
44 5 1
44 10 1
44 13 1
44 16 1
44 29 1
44 31 1
44 32 1
44 43 1
45 3 1
45 20 1
45 37 1
45 40 1
45 43 1
46 7 1
46 8 1
46 11 1
46 15 1
46 24 1
46 27 1
46 30 1
46 35 1
46 36 1
46 38 1
46 41 1
46 43 1
46 44 1
47 0 1
47 8 1
47 15 1
47 16 1
47 17 1
47 19 1
47 20 1
47 23 1
47 30 1
47 36 1
47 41 1
47 47 1
48 0 1
48 6 1
48 7 1
48 16 1
48 27 1
48 29 1
48 33 1
48 36 1
48 44 1
48 46 1
48 48 1
49 1 1
49 2 1
49 4 1
49 8 1
49 23 1
49 29 1
49 31 1
49 32 1
49 34 1
49 43 1
49 48 1
50 2 1
50 4 1
50 6 1
50 9 1
50 11 1
50 17 1
50 20 1
50 24 1
50 29 1
50 33 1
50 35 1
50 40 1
50 42 1
50 45 1
50 48 1
51 9 1
51 19 1
51 23 1
51 24 1
51 25 1
51 33 1
51 39 1
51 44 1
51 48 1
52 1 1
52 6 1
52 10 1
52 11 1
52 13 1
52 27 1
52 35 1
52 36 1
52 41 1
52 42 1
52 45 1
52 48 1
52 49 1
52 50 1
52 52 1
53 3 1
53 11 1
53 18 1
53 19 1
53 27 1
53 30 1
53 33 1
53 34 1
53 39 1
53 43 1
53 44 1
53 50 1
53 52 1
53 53 1
54 2 1
54 3 1
54 5 1
54 7 1
54 10 1
54 19 1
54 21 1
54 29 1
54 33 1
54 36 1
54 43 1
54 46 1
54 48 1
54 49 1
54 51 1
54 52 1
55 2 1
55 3 1
55 4 1
55 6 1
55 28 1
55 34 1
55 37 1
55 46 1
55 48 1
55 50 1
55 51 1
56 4 1
56 5 1
56 6 1
56 7 1
56 10 1
56 14 1
56 17 1
56 21 1
56 23 1
56 29 1
56 32 1
56 38 1
56 43 1
56 44 1
56 46 1
56 48 1
56 56 1
57 4 1
57 5 1
57 14 1
57 19 1
57 24 1
57 28 1
57 41 1
57 42 1
57 48 1
57 53 1
58 5 1
58 6 1
58 9 1
58 14 1
58 29 1
58 30 1
58 31 1
58 38 1
58 56 1
59 9 1
59 17 1
59 18 1
59 30 1
59 31 1
59 35 1
59 41 1
59 56 1
59 59 1
60 16 1
60 17 1
60 22 1
60 30 1
60 42 1
60 46 1
60 49 1
60 52 1
60 57 1
61 5 1
61 6 1
61 10 1
61 15 1
61 19 1
61 28 1
61 29 1
61 31 1
61 32 1
61 43 1
61 48 1
61 49 1
62 2 1
62 3 1
62 5 1
62 7 1
62 12 1
62 13 1
62 22 1
62 24 1
62 25 1
62 29 1
62 33 1
62 35 1
62 47 1
62 51 1
62 52 1
62 53 1
62 54 1
62 55 1
62 57 1
63 0 1
63 3 1
63 5 1
63 9 1
63 11 1
63 17 1
63 23 1
63 24 1
63 25 1
63 28 1
63 39 1
63 43 1
63 45 1
63 48 1
63 52 1
63 58 1
63 59 1
63 62 1
63 63 1
64 2 1
64 4 1
64 5 1
64 10 1
64 19 1
64 21 1
64 30 1
64 32 1
64 41 1
64 45 1
64 46 1
64 56 1
64 58 1
64 61 1
65 3 1
65 7 1
65 8 1
65 11 1
65 13 1
65 19 1
65 20 1
65 21 1
65 25 1
65 35 1
65 36 1
65 41 1
65 51 1
65 54 1
65 59 1
66 4 1
66 14 1
66 18 1
66 20 1
66 21 1
66 26 1
66 31 1
66 36 1
66 40 1
66 56 1
66 59 1
66 60 1
66 62 1
67 11 1
67 26 1
67 33 1
67 43 1
67 46 1
67 47 1
67 52 1
67 55 1
67 63 1
68 0 1
68 4 1
68 10 1
68 14 1
68 22 1
68 26 1
68 29 1
68 31 1
68 37 1
68 38 1
68 43 1
68 49 1
68 50 1
68 53 1
68 55 1
68 58 1
68 61 1
68 65 1
69 4 1
69 6 1
69 20 1
69 21 1
69 23 1
69 29 1
69 31 1
69 33 1
69 35 1
69 36 1
69 43 1
69 50 1
69 53 1
69 55 1
69 58 1
69 59 1
69 63 1
69 67 1
70 1 1
70 2 1
70 7 1
70 15 1
70 24 1
70 26 1
70 27 1
70 28 1
70 29 1
70 36 1
70 43 1
70 45 1
70 49 1
70 51 1
70 52 1
70 55 1
70 56 1
70 60 1
70 66 1
71 0 1
71 5 1
71 17 1
71 26 1
71 29 1
71 31 1
71 34 1
71 41 1
71 48 1
71 49 1
71 58 1
71 59 1
71 60 1
71 67 1
72 3 1
72 5 1
72 6 1
72 12 1
72 13 1
72 14 1
72 15 1
72 19 1
72 26 1
72 27 1
72 29 1
72 31 1
72 33 1
72 37 1
72 39 1
72 44 1
72 50 1
72 52 1
72 56 1
72 62 1
72 64 1
72 72 1
73 2 1
73 5 1
73 7 1
73 9 1
73 11 1
73 17 1
73 19 1
73 20 1
73 27 1
73 33 1
73 34 1
73 40 1
73 44 1
73 50 1
73 55 1
73 59 1
73 62 1
73 63 1
73 64 1
73 69 1
73 70 1
73 72 1
74 3 1
74 4 1
74 7 1
74 9 1
74 17 1
74 18 1
74 25 1
74 26 1
74 29 1
74 33 1
74 34 1
74 39 1
74 45 1
74 51 1
74 53 1
74 56 1
74 58 1
74 63 1
74 72 1
74 73 1
74 74 1
75 5 1
75 9 1
75 16 1
75 17 1
75 18 1
75 24 1
75 28 1
75 29 1
75 30 1
75 32 1
75 37 1
75 39 1
75 49 1
75 56 1
75 57 1
75 59 1
75 60 1
75 61 1
75 69 1
75 71 1
75 73 1
75 74 1
75 75 1
76 9 1
76 11 1
76 12 1
76 13 1
76 17 1
76 18 1
76 20 1
76 33 1
76 34 1
76 35 1
76 41 1
76 43 1
76 47 1
76 53 1
76 69 1
76 71 1
76 74 1
76 75 1
76 76 1
77 2 1
77 4 1
77 5 1
77 6 1
77 8 1
77 10 1
77 14 1
77 15 1
77 16 1
77 18 1
77 20 1
77 44 1
77 49 1
77 51 1
77 52 1
77 56 1
77 60 1
77 64 1
77 68 1
78 0 1
78 4 1
78 5 1
78 13 1
78 17 1
78 21 1
78 22 1
78 23 1
78 24 1
78 25 1
78 29 1
78 32 1
78 39 1
78 41 1
78 43 1
78 44 1
78 45 1
78 48 1
78 50 1
78 54 1
78 61 1
78 66 1
78 69 1
78 78 1
79 9 1
79 10 1
79 13 1
79 16 1
79 21 1
79 22 1
79 32 1
79 34 1
79 36 1
79 40 1
79 44 1
79 45 1
79 48 1
79 52 1
79 57 1
79 61 1
79 64 1
79 73 1
79 76 1
80 0 1
80 12 1
80 24 1
80 30 1
80 33 1
80 43 1
80 48 1
80 53 1
80 59 1
80 61 1
80 69 1
80 70 1
80 74 1
80 76 1
81 0 1
81 10 1
81 18 1
81 20 1
81 27 1
81 29 1
81 46 1
81 51 1
81 53 1
81 55 1
81 57 1
81 62 1
81 63 1
81 64 1
81 68 1
81 77 1
82 0 1
82 3 1
82 6 1
82 7 1
82 16 1
82 22 1
82 23 1
82 30 1
82 31 1
82 32 1
82 37 1
82 44 1
82 59 1
82 61 1
82 65 1
82 66 1
82 69 1
82 74 1
82 75 1
82 77 1
82 79 1
82 82 1
83 6 1
83 15 1
83 18 1
83 21 1
83 22 1
83 26 1
83 35 1
83 38 1
83 39 1
83 40 1
83 42 1
83 49 1
83 50 1
83 56 1
83 64 1
83 67 1
83 71 1
83 74 1
83 83 1
84 0 1
84 1 1
84 6 1
84 8 1
84 10 1
84 16 1
84 17 1
84 35 1
84 36 1
84 38 1
84 46 1
84 50 1
84 53 1
84 55 1
84 57 1
84 62 1
84 69 1
84 71 1
84 76 1
84 78 1
84 81 1
84 82 1
85 0 1
85 2 1
85 4 1
85 7 1
85 15 1
85 19 1
85 30 1
85 34 1
85 36 1
85 40 1
85 41 1
85 49 1
85 55 1
85 60 1
85 63 1
85 68 1
85 74 1
85 75 1
85 84 1
86 1 1
86 4 1
86 15 1
86 18 1
86 20 1
86 22 1
86 33 1
86 34 1
86 35 1
86 36 1
86 42 1
86 48 1
86 52 1
86 53 1
86 55 1
86 56 1
86 59 1
86 64 1
86 66 1
86 70 1
86 71 1
86 72 1
86 73 1
86 76 1
86 83 1
87 0 1
87 8 1
87 15 1
87 16 1
87 17 1
87 21 1
87 28 1
87 36 1
87 39 1
87 40 1
87 41 1
87 46 1
87 48 1
87 49 1
87 50 1
87 51 1
87 54 1
87 58 1
87 59 1
87 68 1
87 70 1
87 72 1
87 74 1
87 76 1
87 78 1
87 81 1
87 82 1
87 84 1
88 3 1
88 8 1
88 9 1
88 11 1
88 15 1
88 16 1
88 23 1
88 28 1
88 33 1
88 35 1
88 41 1
88 42 1
88 43 1
88 45 1
88 53 1
88 70 1
88 71 1
88 73 1
88 76 1
88 77 1
88 78 1
89 0 1
89 7 1
89 13 1
89 19 1
89 20 1
89 29 1
89 30 1
89 38 1
89 47 1
89 53 1
89 54 1
89 64 1
89 68 1
89 73 1
89 87 1
89 88 1
90 11 1
90 17 1
90 20 1
90 33 1
90 38 1
90 40 1
90 41 1
90 52 1
90 56 1
90 60 1
90 65 1
90 68 1
90 89 1
90 90 1
91 1 1
91 2 1
91 5 1
91 7 1
91 13 1
91 20 1
91 36 1
91 41 1
91 42 1
91 50 1
91 54 1
91 56 1
91 59 1
91 60 1
91 64 1
91 70 1
91 74 1
91 77 1
91 80 1
91 86 1
92 0 1
92 3 1
92 7 1
92 9 1
92 10 1
92 11 1
92 12 1
92 21 1
92 22 1
92 30 1
92 38 1
92 42 1
92 43 1
92 49 1
92 50 1
92 52 1
92 53 1
92 56 1
92 61 1
92 69 1
92 74 1
92 80 1
92 90 1
92 92 1
93 0 1
93 2 1
93 3 1
93 8 1
93 13 1
93 14 1
93 17 1
93 18 1
93 24 1
93 27 1
93 35 1
93 36 1
93 53 1
93 58 1
93 60 1
93 62 1
93 68 1
93 69 1
93 74 1
93 75 1
93 93 1
94 4 1
94 7 1
94 9 1
94 17 1
94 22 1
94 23 1
94 25 1
94 26 1
94 52 1
94 54 1
94 55 1
94 61 1
94 64 1
94 76 1
94 77 1
94 80 1
94 83 1
94 84 1
94 85 1
94 86 1
94 88 1
95 3 1
95 5 1
95 6 1
95 8 1
95 11 1
95 31 1
95 38 1
95 39 1
95 42 1
95 50 1
95 51 1
95 53 1
95 56 1
95 69 1
95 81 1
95 87 1
95 89 1
95 90 1
96 0 1
96 23 1
96 30 1
96 34 1
96 38 1
96 40 1
96 41 1
96 45 1
96 46 1
96 62 1
96 66 1
96 67 1
96 81 1
96 84 1
96 89 1
96 90 1
96 95 1
96 96 1
97 0 1
97 4 1
97 5 1
97 16 1
97 20 1
97 21 1
97 22 1
97 34 1
97 36 1
97 39 1
97 44 1
97 45 1
97 47 1
97 56 1
97 58 1
97 59 1
97 63 1
97 66 1
97 70 1
97 74 1
97 75 1
97 81 1
97 89 1
97 93 1
98 2 1
98 6 1
98 16 1
98 21 1
98 25 1
98 31 1
98 38 1
98 40 1
98 41 1
98 50 1
98 56 1
98 61 1
98 66 1
98 68 1
98 77 1
98 78 1
98 83 1
98 88 1
99 4 1
99 23 1
99 26 1
99 28 1
99 31 1
99 32 1
99 40 1
99 45 1
99 46 1
99 47 1
99 55 1
99 56 1
99 57 1
99 58 1
99 59 1
99 65 1
99 66 1
99 68 1
99 78 1
99 79 1
99 81 1
99 84 1
99 86 1
99 89 1
99 98 1
100 6 1
100 7 1
100 14 1
100 19 1
100 26 1
100 34 1
100 35 1
100 37 1
100 41 1
100 42 1
100 57 1
100 61 1
100 63 1
100 64 1
100 72 1
100 76 1
100 79 1
100 81 1
100 82 1
100 87 1
100 100 1
101 0 1
101 12 1
101 17 1
101 20 1
101 21 1
101 34 1
101 39 1
101 42 1
101 52 1
101 67 1
101 72 1
101 73 1
101 75 1
101 78 1
101 85 1
101 93 1
101 98 1
101 101 1
102 3 1
102 4 1
102 6 1
102 8 1
102 14 1
102 20 1
102 22 1
102 24 1
102 27 1
102 30 1
102 31 1
102 39 1
102 41 1
102 42 1
102 45 1
102 48 1
102 51 1
102 56 1
102 59 1
102 62 1
102 63 1
102 65 1
102 67 1
102 71 1
102 75 1
102 77 1
102 78 1
102 82 1
102 83 1
102 89 1
103 3 1
103 6 1
103 14 1
103 19 1
103 21 1
103 28 1
103 33 1
103 37 1
103 40 1
103 44 1
103 46 1
103 47 1
103 48 1
103 54 1
103 71 1
103 75 1
103 80 1
103 81 1
103 86 1
103 96 1
103 97 1
103 98 1
103 99 1
103 101 1
103 103 1
104 1 1
104 2 1
104 7 1
104 8 1
104 14 1
104 17 1
104 18 1
104 24 1
104 29 1
104 33 1
104 35 1
104 36 1
104 47 1
104 49 1
104 58 1
104 59 1
104 60 1
104 61 1
104 67 1
104 70 1
104 74 1
104 76 1
104 78 1
104 87 1
104 88 1
104 89 1
104 90 1
104 92 1
105 5 1
105 7 1
105 8 1
105 11 1
105 17 1
105 29 1
105 31 1
105 33 1
105 37 1
105 40 1
105 59 1
105 64 1
105 67 1
105 68 1
105 71 1
105 74 1
105 76 1
105 80 1
105 83 1
105 84 1
105 85 1
105 86 1
105 95 1
105 98 1
105 99 1
105 101 1
105 103 1
106 1 1
106 3 1
106 10 1
106 11 1
106 16 1
106 24 1
106 34 1
106 36 1
106 37 1
106 44 1
106 47 1
106 60 1
106 62 1
106 63 1
106 65 1
106 68 1
106 71 1
106 72 1
106 83 1
106 85 1
106 86 1
106 92 1
106 101 1
106 102 1
106 103 1
107 1 1
107 5 1
107 15 1
107 16 1
107 18 1
107 23 1
107 31 1
107 34 1
107 35 1
107 41 1
107 43 1
107 56 1
107 59 1
107 63 1
107 65 1
107 66 1
107 74 1
107 75 1
107 78 1
107 79 1
107 82 1
107 86 1
107 87 1
107 94 1
107 103 1
107 107 1
108 2 1
108 4 1
108 11 1
108 14 1
108 18 1
108 21 1
108 24 1
108 29 1
108 31 1
108 39 1
108 42 1
108 44 1
108 48 1
108 50 1
108 54 1
108 58 1
108 60 1
108 63 1
108 66 1
108 68 1
108 69 1
108 70 1
108 77 1
108 78 1
108 83 1
108 84 1
108 87 1
108 96 1
108 99 1
108 105 1
108 106 1
109 0 1
109 2 1
109 15 1
109 21 1
109 26 1
109 35 1
109 38 1
109 44 1
109 45 1
109 49 1
109 50 1
109 54 1
109 57 1
109 58 1
109 61 1
109 62 1
109 66 1
109 67 1
109 74 1
109 79 1
109 86 1
109 89 1
109 98 1
109 99 1
110 5 1
110 6 1
110 16 1
110 20 1
110 22 1
110 23 1
110 25 1
110 27 1
110 30 1
110 32 1
110 38 1
110 42 1
110 55 1
110 60 1
110 62 1
110 63 1
110 66 1
110 72 1
110 81 1
110 82 1
110 83 1
110 85 1
110 89 1
110 91 1
110 94 1
110 95 1
110 109 1
111 2 1
111 9 1
111 10 1
111 11 1
111 13 1
111 19 1
111 20 1
111 21 1
111 22 1
111 25 1
111 31 1
111 37 1
111 39 1
111 42 1
111 43 1
111 44 1
111 45 1
111 48 1
111 49 1
111 52 1
111 59 1
111 61 1
111 69 1
111 71 1
111 75 1
111 83 1
111 85 1
111 91 1
111 93 1
111 102 1
111 104 1
111 105 1
111 109 1
111 110 1
112 12 1
112 20 1
112 24 1
112 27 1
112 32 1
112 47 1
112 52 1
112 54 1
112 55 1
112 56 1
112 59 1
112 67 1
112 70 1
112 71 1
112 72 1
112 75 1
112 76 1
112 79 1
112 80 1
112 88 1
112 91 1
112 98 1
112 99 1
112 102 1
112 104 1
112 107 1
112 112 1
113 0 1
113 1 1
113 3 1
113 4 1
113 12 1
113 16 1
113 17 1
113 25 1
113 32 1
113 34 1
113 42 1
113 51 1
113 53 1
113 54 1
113 66 1
113 74 1
113 76 1
113 80 1
113 81 1
113 89 1
113 90 1
113 92 1
113 93 1
113 94 1
113 95 1
113 98 1
113 99 1
113 101 1
113 103 1
114 0 1
114 10 1
114 14 1
114 16 1
114 24 1
114 27 1
114 30 1
114 34 1
114 39 1
114 41 1
114 42 1
114 47 1
114 48 1
114 65 1
114 69 1
114 70 1
114 76 1
114 77 1
114 78 1
114 82 1
114 99 1
114 102 1
114 112 1
114 114 1
115 0 1
115 3 1
115 7 1
115 9 1
115 10 1
115 12 1
115 22 1
115 25 1
115 28 1
115 30 1
115 31 1
115 33 1
115 34 1
115 39 1
115 45 1
115 47 1
115 49 1
115 51 1
115 52 1
115 66 1
115 69 1
115 70 1
115 73 1
115 75 1
115 78 1
115 81 1
115 88 1
115 91 1
115 92 1
115 107 1
115 111 1
115 112 1
115 113 1
115 115 1
116 1 1
116 3 1
116 9 1
116 11 1
116 15 1
116 16 1
116 21 1
116 26 1
116 30 1
116 33 1
116 43 1
116 55 1
116 56 1
116 58 1
116 66 1
116 67 1
116 77 1
116 81 1
116 88 1
116 89 1
116 93 1
116 94 1
116 95 1
116 97 1
116 104 1
116 107 1
116 110 1
116 111 1
116 112 1
117 0 1
117 2 1
117 5 1
117 6 1
117 16 1
117 20 1
117 27 1
117 30 1
117 32 1
117 39 1
117 41 1
117 45 1
117 46 1
117 48 1
117 49 1
117 51 1
117 53 1
117 61 1
117 64 1
117 65 1
117 67 1
117 68 1
117 75 1
117 77 1
117 79 1
117 90 1
117 91 1
117 100 1
117 103 1
117 104 1
117 107 1
117 109 1
117 110 1
117 111 1
117 112 1
118 1 1
118 3 1
118 5 1
118 7 1
118 9 1
118 22 1
118 27 1
118 34 1
118 37 1
118 45 1
118 46 1
118 47 1
118 49 1
118 61 1
118 62 1
118 63 1
118 66 1
118 69 1
118 78 1
118 80 1
118 92 1
118 93 1
118 95 1
118 103 1
118 107 1
118 109 1
118 110 1
118 115 1
119 0 1
119 5 1
119 26 1
119 27 1
119 31 1
119 38 1
119 40 1
119 41 1
119 44 1
119 45 1
119 47 1
119 50 1
119 54 1
119 55 1
119 58 1
119 65 1
119 66 1
119 70 1
119 72 1
119 78 1
119 87 1
119 88 1
119 92 1
119 96 1
119 103 1
119 104 1
119 105 1
119 112 1
119 113 1
120 1 1
120 7 1
120 9 1
120 18 1
120 23 1
120 24 1
120 27 1
120 29 1
120 30 1
120 33 1
120 34 1
120 35 1
120 37 1
120 40 1
120 44 1
120 51 1
120 58 1
120 67 1
120 73 1
120 74 1
120 76 1
120 77 1
120 79 1
120 81 1
120 85 1
120 86 1
120 87 1
120 88 1
120 95 1
120 99 1
120 100 1
120 104 1
120 111 1
120 112 1
120 118 1
121 0 1
121 13 1
121 14 1
121 16 1
121 17 1
121 20 1
121 21 1
121 23 1
121 31 1
121 34 1
121 35 1
121 40 1
121 44 1
121 46 1
121 49 1
121 52 1
121 59 1
121 63 1
121 74 1
121 78 1
121 81 1
121 82 1
121 85 1
121 86 1
121 94 1
121 101 1
121 107 1
121 112 1
121 113 1
121 116 1
121 121 1
122 0 1
122 1 1
122 3 1
122 8 1
122 10 1
122 16 1
122 26 1
122 30 1
122 35 1
122 36 1
122 40 1
122 45 1
122 47 1
122 50 1
122 52 1
122 54 1
122 60 1
122 65 1
122 69 1
122 71 1
122 72 1
122 73 1
122 80 1
122 81 1
122 87 1
122 88 1
122 89 1
122 90 1
122 92 1
122 97 1
122 103 1
122 110 1
122 112 1
123 2 1
123 6 1
123 8 1
123 10 1
123 18 1
123 27 1
123 32 1
123 43 1
123 47 1
123 54 1
123 56 1
123 58 1
123 59 1
123 61 1
123 65 1
123 68 1
123 71 1
123 72 1
123 76 1
123 77 1
123 82 1
123 96 1
123 107 1
123 108 1
123 109 1
123 115 1
123 116 1
123 117 1
123 122 1
124 6 1
124 14 1
124 24 1
124 25 1
124 26 1
124 27 1
124 34 1
124 35 1
124 36 1
124 45 1
124 47 1
124 49 1
124 55 1
124 56 1
124 57 1
124 70 1
124 71 1
124 74 1
124 75 1
124 77 1
124 88 1
124 89 1
124 92 1
124 96 1
124 97 1
124 100 1
124 101 1
124 104 1
124 109 1
124 115 1
124 116 1
124 117 1
124 121 1
124 123 1
125 5 1
125 12 1
125 18 1
125 20 1
125 23 1
125 24 1
125 27 1
125 30 1
125 35 1
125 45 1
125 46 1
125 48 1
125 57 1
125 59 1
125 67 1
125 68 1
125 72 1
125 78 1
125 81 1
125 83 1
125 84 1
125 87 1
125 88 1
125 93 1
125 96 1
125 104 1
125 108 1
125 112 1
125 117 1
125 120 1
125 124 1
125 125 1
126 1 1
126 2 1
126 6 1
126 11 1
126 13 1
126 17 1
126 24 1
126 26 1
126 27 1
126 33 1
126 46 1
126 52 1
126 54 1
126 62 1
126 66 1
126 69 1
126 79 1
126 88 1
126 92 1
126 93 1
126 96 1
126 98 1
126 104 1
126 105 1
126 107 1
126 111 1
126 112 1
126 114 1
126 121 1
126 123 1
127 1 1
127 11 1
127 12 1
127 13 1
127 15 1
127 18 1
127 26 1
127 36 1
127 39 1
127 41 1
127 43 1
127 46 1
127 47 1
127 50 1
127 55 1
127 60 1
127 69 1
127 70 1
127 72 1
127 76 1
127 81 1
127 82 1
127 84 1
127 88 1
127 92 1
127 93 1
127 94 1
127 97 1
127 102 1
127 109 1
127 111 1
127 118 1
127 121 1
127 126 1
128 2 1
128 16 1
128 26 1
128 29 1
128 31 1
128 32 1
128 35 1
128 40 1
128 42 1
128 54 1
128 56 1
128 69 1
128 70 1
128 71 1
128 73 1
128 80 1
128 83 1
128 95 1
128 100 1
128 101 1
128 108 1
128 117 1
128 127 1
129 0 1
129 1 1
129 3 1
129 8 1
129 11 1
129 14 1
129 15 1
129 17 1
129 30 1
129 31 1
129 44 1
129 45 1
129 46 1
129 47 1
129 51 1
129 54 1
129 55 1
129 63 1
129 70 1
129 78 1
129 84 1
129 90 1
129 95 1
129 96 1
129 97 1
129 102 1
129 104 1
129 105 1
129 109 1
129 118 1
129 120 1
129 124 1
129 128 1
129 129 1
130 1 1
130 2 1
130 8 1
130 12 1
130 21 1
130 28 1
130 31 1
130 40 1
130 41 1
130 43 1
130 59 1
130 60 1
130 61 1
130 62 1
130 63 1
130 66 1
130 67 1
130 68 1
130 70 1
130 76 1
130 78 1
130 80 1
130 82 1
130 83 1
130 85 1
130 86 1
130 95 1
130 100 1
130 103 1
130 105 1
130 106 1
130 112 1
130 116 1
130 120 1
131 6 1
131 9 1
131 10 1
131 23 1
131 29 1
131 30 1
131 31 1
131 44 1
131 45 1
131 47 1
131 48 1
131 49 1
131 56 1
131 57 1
131 58 1
131 59 1
131 68 1
131 70 1
131 77 1
131 88 1
131 99 1
131 102 1
131 103 1
131 105 1
131 106 1
131 109 1
131 110 1
131 112 1
131 115 1
131 121 1
131 128 1
132 2 1
132 8 1
132 15 1
132 16 1
132 20 1
132 21 1
132 26 1
132 30 1
132 34 1
132 37 1
132 44 1
132 49 1
132 50 1
132 51 1
132 67 1
132 68 1
132 72 1
132 75 1
132 76 1
132 79 1
132 84 1
132 85 1
132 86 1
132 92 1
132 93 1
132 97 1
132 98 1
132 100 1
132 101 1
132 106 1
132 110 1
132 111 1
132 118 1
132 122 1
132 128 1
132 129 1
133 0 1
133 1 1
133 3 1
133 7 1
133 8 1
133 17 1
133 18 1
133 19 1
133 25 1
133 26 1
133 27 1
133 38 1
133 39 1
133 45 1
133 47 1
133 48 1
133 49 1
133 51 1
133 55 1
133 58 1
133 59 1
133 60 1
133 62 1
133 64 1
133 65 1
133 67 1
133 73 1
133 79 1
133 81 1
133 82 1
133 89 1
133 92 1
133 93 1
133 96 1
133 97 1
133 103 1
133 114 1
133 120 1
133 121 1
133 122 1
133 125 1
133 126 1
133 127 1
134 2 1
134 4 1
134 5 1
134 13 1
134 14 1
134 18 1
134 29 1
134 34 1
134 36 1
134 43 1
134 52 1
134 54 1
134 55 1
134 59 1
134 66 1
134 67 1
134 69 1
134 71 1
134 72 1
134 73 1
134 79 1
134 81 1
134 91 1
134 92 1
134 98 1
134 99 1
134 100 1
134 109 1
134 111 1
134 118 1
134 119 1
134 120 1
134 125 1
134 127 1
134 130 1
134 133 1
134 134 1
135 1 1
135 2 1
135 7 1
135 8 1
135 15 1
135 16 1
135 17 1
135 18 1
135 22 1
135 27 1
135 32 1
135 34 1
135 36 1
135 44 1
135 48 1
135 54 1
135 60 1
135 62 1
135 65 1
135 72 1
135 78 1
135 81 1
135 87 1
135 88 1
135 89 1
135 91 1
135 96 1
135 99 1
135 103 1
135 110 1
135 111 1
135 118 1
135 122 1
135 125 1
135 129 1
135 131 1
135 135 1
136 2 1
136 3 1
136 9 1
136 17 1
136 21 1
136 24 1
136 25 1
136 28 1
136 38 1
136 47 1
136 53 1
136 54 1
136 55 1
136 65 1
136 71 1
136 75 1
136 77 1
136 81 1
136 83 1
136 87 1
136 89 1
136 93 1
136 95 1
136 96 1
136 97 1
136 98 1
136 103 1
136 110 1
136 113 1
136 114 1
136 116 1
136 118 1
136 129 1
136 133 1
137 7 1
137 9 1
137 10 1
137 11 1
137 12 1
137 14 1
137 17 1
137 32 1
137 34 1
137 43 1
137 44 1
137 48 1
137 50 1
137 52 1
137 58 1
137 64 1
137 69 1
137 71 1
137 74 1
137 78 1
137 84 1
137 86 1
137 90 1
137 102 1
137 110 1
137 113 1
137 115 1
137 116 1
137 120 1
137 126 1
137 134 1
137 137 1
138 2 1
138 6 1
138 8 1
138 11 1
138 14 1
138 17 1
138 21 1
138 23 1
138 24 1
138 27 1
138 32 1
138 34 1
138 36 1
138 37 1
138 40 1
138 41 1
138 46 1
138 53 1
138 55 1
138 62 1
138 63 1
138 64 1
138 65 1
138 71 1
138 75 1
138 78 1
138 81 1
138 82 1
138 86 1
138 91 1
138 94 1
138 95 1
138 100 1
138 101 1
138 102 1
138 105 1
138 114 1
138 117 1
138 118 1
138 121 1
138 125 1
138 133 1
138 136 1
138 137 1
139 4 1
139 7 1
139 9 1
139 10 1
139 12 1
139 17 1
139 23 1
139 24 1
139 25 1
139 26 1
139 27 1
139 29 1
139 40 1
139 41 1
139 43 1
139 48 1
139 50 1
139 52 1
139 57 1
139 60 1
139 61 1
139 62 1
139 68 1
139 80 1
139 82 1
139 83 1
139 84 1
139 86 1
139 88 1
139 91 1
139 95 1
139 98 1
139 110 1
139 112 1
139 115 1
139 116 1
139 117 1
139 118 1
139 119 1
139 124 1
139 129 1
139 137 1
139 138 1
139 139 1
140 6 1
140 7 1
140 8 1
140 23 1
140 25 1
140 29 1
140 35 1
140 37 1
140 39 1
140 43 1
140 46 1
140 51 1
140 55 1
140 70 1
140 71 1
140 72 1
140 76 1
140 82 1
140 88 1
140 89 1
140 90 1
140 92 1
140 93 1
140 97 1
140 100 1
140 112 1
140 113 1
140 115 1
140 124 1
140 128 1
140 132 1
140 134 1
140 137 1
141 3 1
141 4 1
141 5 1
141 21 1
141 22 1
141 23 1
141 42 1
141 56 1
141 58 1
141 64 1
141 71 1
141 72 1
141 76 1
141 77 1
141 79 1
141 82 1
141 83 1
141 88 1
141 89 1
141 90 1
141 103 1
141 105 1
141 107 1
141 110 1
141 117 1
141 123 1
141 126 1
141 128 1
141 136 1
142 1 1
142 6 1
142 13 1
142 16 1
142 25 1
142 26 1
142 36 1
142 43 1
142 47 1
142 49 1
142 51 1
142 52 1
142 54 1
142 59 1
142 62 1
142 70 1
142 71 1
142 83 1
142 84 1
142 85 1
142 102 1
142 106 1
142 107 1
142 110 1
142 114 1
142 121 1
142 125 1
142 130 1
142 131 1
142 135 1
142 136 1
142 137 1
142 138 1
142 142 1
143 4 1
143 14 1
143 16 1
143 20 1
143 22 1
143 24 1
143 29 1
143 31 1
143 34 1
143 36 1
143 45 1
143 46 1
143 49 1
143 52 1
143 57 1
143 62 1
143 66 1
143 67 1
143 70 1
143 71 1
143 74 1
143 84 1
143 90 1
143 91 1
143 93 1
143 96 1
143 103 1
143 105 1
143 106 1
143 112 1
143 124 1
143 125 1
143 128 1
143 133 1
143 138 1
144 0 1
144 3 1
144 6 1
144 15 1
144 18 1
144 23 1
144 24 1
144 27 1
144 29 1
144 31 1
144 32 1
144 44 1
144 47 1
144 59 1
144 67 1
144 68 1
144 69 1
144 72 1
144 73 1
144 76 1
144 83 1
144 88 1
144 90 1
144 93 1
144 100 1
144 102 1
144 115 1
144 127 1
144 128 1
144 138 1
144 142 1
145 1 1
145 8 1
145 13 1
145 15 1
145 17 1
145 19 1
145 21 1
145 23 1
145 26 1
145 33 1
145 37 1
145 46 1
145 56 1
145 57 1
145 58 1
145 64 1
145 68 1
145 70 1
145 71 1
145 77 1
145 79 1
145 91 1
145 94 1
145 98 1
145 109 1
145 114 1
145 118 1
145 125 1
145 133 1
145 141 1
145 142 1
146 4 1
146 5 1
146 9 1
146 11 1
146 12 1
146 22 1
146 23 1
146 24 1
146 26 1
146 30 1
146 31 1
146 33 1
146 41 1
146 48 1
146 51 1
146 54 1
146 59 1
146 60 1
146 64 1
146 65 1
146 71 1
146 72 1
146 73 1
146 80 1
146 82 1
146 89 1
146 92 1
146 93 1
146 96 1
146 97 1
146 100 1
146 114 1
146 115 1
146 118 1
146 119 1
146 125 1
146 128 1
146 130 1
146 131 1
146 134 1
146 138 1
146 139 1
146 143 1
146 144 1
147 8 1
147 10 1
147 11 1
147 16 1
147 18 1
147 23 1
147 26 1
147 32 1
147 37 1
147 41 1
147 48 1
147 51 1
147 54 1
147 59 1
147 69 1
147 71 1
147 72 1
147 82 1
147 87 1
147 90 1
147 91 1
147 103 1
147 104 1
147 105 1
147 126 1
147 130 1
147 131 1
147 133 1
147 135 1
147 140 1
147 141 1
147 142 1
147 146 1
147 147 1
148 3 1
148 4 1
148 6 1
148 11 1
148 13 1
148 14 1
148 15 1
148 22 1
148 23 1
148 32 1
148 36 1
148 40 1
148 42 1
148 49 1
148 50 1
148 64 1
148 67 1
148 72 1
148 77 1
148 83 1
148 84 1
148 87 1
148 96 1
148 100 1
148 106 1
148 110 1
148 112 1
148 114 1
148 117 1
148 124 1
148 136 1
148 144 1
149 0 1
149 2 1
149 3 1
149 4 1
149 7 1
149 18 1
149 19 1
149 31 1
149 32 1
149 36 1
149 37 1
149 39 1
149 48 1
149 65 1
149 66 1
149 69 1
149 72 1
149 79 1
149 80 1
149 81 1
149 82 1
149 83 1
149 89 1
149 90 1
149 95 1
149 99 1
149 103 1
149 111 1
149 114 1
149 116 1
149 122 1
149 125 1
149 128 1
149 131 1
149 132 1
149 138 1
149 140 1
149 141 1
149 145 1
150 0 1
150 1 1
150 2 1
150 4 1
150 5 1
150 9 1
150 11 1
150 12 1
150 14 1
150 24 1
150 26 1
150 29 1
150 30 1
150 34 1
150 35 1
150 37 1
150 43 1
150 45 1
150 46 1
150 47 1
150 49 1
150 50 1
150 52 1
150 54 1
150 60 1
150 61 1
150 63 1
150 64 1
150 73 1
150 78 1
150 80 1
150 81 1
150 85 1
150 86 1
150 88 1
150 91 1
150 94 1
150 98 1
150 103 1
150 107 1
150 112 1
150 113 1
150 118 1
150 134 1
150 136 1
150 137 1
150 145 1
151 3 1
151 6 1
151 10 1
151 22 1
151 29 1
151 31 1
151 41 1
151 56 1
151 63 1
151 64 1
151 68 1
151 70 1
151 72 1
151 79 1
151 82 1
151 86 1
151 94 1
151 98 1
151 99 1
151 101 1
151 102 1
151 105 1
151 106 1
151 110 1
151 111 1
151 128 1
151 131 1
151 138 1
151 140 1
151 141 1
151 148 1
151 149 1
152 2 1
152 9 1
152 10 1
152 13 1
152 14 1
152 17 1
152 22 1
152 36 1
152 39 1
152 40 1
152 49 1
152 50 1
152 52 1
152 53 1
152 57 1
152 58 1
152 64 1
152 66 1
152 68 1
152 72 1
152 77 1
152 81 1
152 82 1
152 86 1
152 89 1
152 90 1
152 92 1
152 100 1
152 102 1
152 105 1
152 113 1
152 125 1
152 128 1
152 133 1
152 137 1
152 138 1
152 141 1
152 143 1
152 145 1
152 148 1
153 1 1
153 10 1
153 25 1
153 26 1
153 32 1
153 34 1
153 38 1
153 39 1
153 43 1
153 46 1
153 58 1
153 59 1
153 63 1
153 64 1
153 65 1
153 66 1
153 67 1
153 71 1
153 72 1
153 82 1
153 86 1
153 89 1
153 98 1
153 101 1
153 102 1
153 129 1
153 133 1
153 137 1
153 145 1
153 146 1
153 149 1
154 2 1
154 9 1
154 11 1
154 13 1
154 15 1
154 16 1
154 21 1
154 23 1
154 24 1
154 33 1
154 34 1
154 35 1
154 37 1
154 41 1
154 43 1
154 44 1
154 55 1
154 63 1
154 71 1
154 74 1
154 79 1
154 89 1
154 90 1
154 91 1
154 92 1
154 105 1
154 116 1
154 119 1
154 124 1
154 125 1
154 132 1
154 136 1
154 138 1
154 140 1
154 142 1
154 149 1
154 150 1
154 151 1
154 154 1
155 4 1
155 7 1
155 14 1
155 17 1
155 20 1
155 22 1
155 23 1
155 25 1
155 26 1
155 29 1
155 31 1
155 33 1
155 36 1
155 38 1
155 42 1
155 44 1
155 45 1
155 50 1
155 51 1
155 52 1
155 55 1
155 61 1
155 64 1
155 66 1
155 67 1
155 89 1
155 96 1
155 98 1
155 100 1
155 102 1
155 110 1
155 117 1
155 122 1
155 125 1
155 130 1
155 131 1
155 139 1
155 141 1
155 147 1
155 148 1
155 152 1
155 154 1
156 0 1
156 4 1
156 7 1
156 8 1
156 12 1
156 13 1
156 16 1
156 21 1
156 22 1
156 24 1
156 28 1
156 30 1
156 31 1
156 36 1
156 53 1
156 57 1
156 61 1
156 62 1
156 64 1
156 65 1
156 66 1
156 78 1
156 81 1
156 84 1
156 85 1
156 89 1
156 93 1
156 100 1
156 103 1
156 104 1
156 106 1
156 107 1
156 113 1
156 114 1
156 121 1
156 123 1
156 125 1
156 136 1
156 137 1
156 142 1
156 143 1
156 148 1
156 151 1
156 156 1
157 1 1
157 4 1
157 5 1
157 6 1
157 7 1
157 8 1
157 18 1
157 19 1
157 21 1
157 23 1
157 25 1
157 30 1
157 33 1
157 36 1
157 38 1
157 43 1
157 48 1
157 53 1
157 54 1
157 56 1
157 59 1
157 62 1
157 63 1
157 64 1
157 73 1
157 75 1
157 76 1
157 77 1
157 80 1
157 83 1
157 96 1
157 97 1
157 99 1
157 101 1
157 109 1
157 112 1
157 116 1
157 127 1
157 128 1
157 130 1
157 131 1
157 135 1
157 137 1
157 139 1
157 140 1
157 143 1
157 150 1
157 157 1
158 6 1
158 9 1
158 10 1
158 14 1
158 15 1
158 18 1
158 19 1
158 22 1
158 26 1
158 28 1
158 36 1
158 37 1
158 38 1
158 42 1
158 43 1
158 44 1
158 48 1
158 49 1
158 54 1
158 55 1
158 56 1
158 57 1
158 58 1
158 66 1
158 77 1
158 78 1
158 84 1
158 88 1
158 93 1
158 110 1
158 113 1
158 115 1
158 117 1
158 134 1
158 144 1
158 149 1
158 151 1
158 152 1
158 154 1
158 155 1
159 2 1
159 7 1
159 24 1
159 25 1
159 26 1
159 31 1
159 32 1
159 34 1
159 37 1
159 49 1
159 50 1
159 51 1
159 54 1
159 60 1
159 67 1
159 70 1
159 74 1
159 75 1
159 80 1
159 86 1
159 90 1
159 91 1
159 92 1
159 102 1
159 105 1
159 107 1
159 109 1
159 112 1
159 113 1
159 116 1
159 123 1
159 128 1
159 131 1
159 132 1
159 134 1
159 136 1
159 137 1
159 139 1
159 142 1
159 146 1
159 147 1
159 148 1
159 150 1
159 151 1
159 156 1
159 158 1
159 159 1
160 0 1
160 3 1
160 4 1
160 5 1
160 11 1
160 17 1
160 18 1
160 20 1
160 27 1
160 30 1
160 39 1
160 44 1
160 46 1
160 59 1
160 60 1
160 61 1
160 62 1
160 63 1
160 73 1
160 75 1
160 78 1
160 79 1
160 84 1
160 86 1
160 87 1
160 91 1
160 92 1
160 99 1
160 101 1
160 103 1
160 108 1
160 111 1
160 113 1
160 114 1
160 116 1
160 117 1
160 122 1
160 123 1
160 125 1
160 134 1
160 136 1
160 141 1
160 146 1
160 149 1
160 154 1
160 160 1
161 0 1
161 9 1
161 13 1
161 16 1
161 17 1
161 20 1
161 21 1
161 23 1
161 27 1
161 36 1
161 37 1
161 45 1
161 46 1
161 47 1
161 48 1
161 54 1
161 59 1
161 63 1
161 66 1
161 71 1
161 72 1
161 73 1
161 74 1
161 77 1
161 78 1
161 79 1
161 83 1
161 86 1
161 88 1
161 95 1
161 97 1
161 104 1
161 109 1
161 112 1
161 121 1
161 124 1
161 131 1
161 134 1
161 142 1
161 143 1
161 146 1
161 147 1
161 149 1
161 153 1
161 155 1
161 159 1
161 161 1
162 1 1
162 6 1
162 8 1
162 12 1
162 19 1
162 22 1
162 23 1
162 24 1
162 25 1
162 28 1
162 47 1
162 56 1
162 59 1
162 60 1
162 63 1
162 69 1
162 70 1
162 77 1
162 83 1
162 86 1
162 94 1
162 97 1
162 100 1
162 102 1
162 108 1
162 113 1
162 114 1
162 122 1
162 124 1
162 129 1
162 130 1
162 135 1
162 138 1
162 142 1
162 144 1
162 150 1
162 158 1
162 159 1
163 3 1
163 7 1
163 8 1
163 11 1
163 12 1
163 14 1
163 16 1
163 20 1
163 24 1
163 25 1
163 27 1
163 28 1
163 29 1
163 36 1
163 38 1
163 41 1
163 44 1
163 45 1
163 53 1
163 60 1
163 65 1
163 66 1
163 67 1
163 76 1
163 77 1
163 78 1
163 87 1
163 90 1
163 91 1
163 93 1
163 96 1
163 100 1
163 108 1
163 110 1
163 111 1
163 112 1
163 113 1
163 116 1
163 120 1
163 124 1
163 126 1
163 143 1
163 145 1
163 146 1
163 147 1
163 148 1
163 151 1
163 159 1
164 0 1
164 3 1
164 6 1
164 20 1
164 39 1
164 45 1
164 46 1
164 49 1
164 52 1
164 56 1
164 60 1
164 61 1
164 68 1
164 71 1
164 77 1
164 81 1
164 85 1
164 90 1
164 91 1
164 98 1
164 99 1
164 102 1
164 106 1
164 108 1
164 109 1
164 112 1
164 115 1
164 117 1
164 125 1
164 130 1
164 131 1
164 134 1
164 135 1
164 136 1
164 141 1
164 142 1
164 146 1
164 149 1
164 152 1
164 155 1
164 162 1
165 1 1
165 6 1
165 9 1
165 11 1
165 14 1
165 20 1
165 22 1
165 23 1
165 25 1
165 37 1
165 43 1
165 46 1
165 57 1
165 58 1
165 65 1
165 66 1
165 67 1
165 70 1
165 74 1
165 75 1
165 79 1
165 92 1
165 103 1
165 112 1
165 115 1
165 117 1
165 118 1
165 121 1
165 124 1
165 132 1
165 133 1
165 134 1
165 137 1
165 138 1
165 141 1
165 144 1
165 153 1
165 163 1
165 165 1
166 0 1
166 3 1
166 9 1
166 16 1
166 17 1
166 20 1
166 32 1
166 36 1
166 38 1
166 41 1
166 45 1
166 51 1
166 59 1
166 77 1
166 80 1
166 82 1
166 85 1
166 87 1
166 88 1
166 97 1
166 100 1
166 111 1
166 122 1
166 125 1
166 126 1
166 129 1
166 132 1
166 137 1
166 138 1
166 139 1
166 144 1
166 146 1
166 164 1
167 9 1
167 10 1
167 13 1
167 15 1
167 20 1
167 22 1
167 27 1
167 39 1
167 54 1
167 56 1
167 58 1
167 61 1
167 64 1
167 66 1
167 67 1
167 81 1
167 83 1
167 87 1
167 88 1
167 90 1
167 92 1
167 94 1
167 96 1
167 98 1
167 106 1
167 109 1
167 110 1
167 111 1
167 117 1
167 118 1
167 120 1
167 122 1
167 123 1
167 126 1
167 129 1
167 131 1
167 132 1
167 135 1
167 138 1
167 141 1
167 145 1
167 156 1
167 157 1
167 158 1
167 164 1
168 4 1
168 6 1
168 9 1
168 14 1
168 15 1
168 19 1
168 23 1
168 26 1
168 31 1
168 37 1
168 41 1
168 42 1
168 49 1
168 54 1
168 61 1
168 66 1
168 69 1
168 72 1
168 74 1
168 79 1
168 85 1
168 88 1
168 89 1
168 94 1
168 104 1
168 105 1
168 112 1
168 115 1
168 123 1
168 127 1
168 136 1
168 141 1
168 145 1
168 146 1
168 149 1
168 151 1
168 164 1
168 167 1
169 3 1
169 4 1
169 6 1
169 8 1
169 19 1
169 28 1
169 30 1
169 36 1
169 38 1
169 48 1
169 49 1
169 52 1
169 63 1
169 68 1
169 82 1
169 87 1
169 93 1
169 95 1
169 109 1
169 110 1
169 112 1
169 114 1
169 115 1
169 121 1
169 123 1
169 125 1
169 127 1
169 133 1
169 135 1
169 147 1
169 153 1
169 160 1
169 163 1
169 166 1
170 4 1
170 9 1
170 11 1
170 12 1
170 19 1
170 20 1
170 25 1
170 27 1
170 34 1
170 36 1
170 41 1
170 59 1
170 60 1
170 61 1
170 66 1
170 72 1
170 79 1
170 86 1
170 89 1
170 97 1
170 99 1
170 100 1
170 108 1
170 109 1
170 110 1
170 113 1
170 124 1
170 129 1
170 132 1
170 137 1
170 138 1
170 140 1
170 142 1
170 143 1
170 151 1
170 165 1
170 168 1
171 0 1
171 2 1
171 11 1
171 16 1
171 20 1
171 22 1
171 26 1
171 40 1
171 43 1
171 44 1
171 50 1
171 56 1
171 61 1
171 66 1
171 67 1
171 71 1
171 76 1
171 77 1
171 83 1
171 85 1
171 99 1
171 100 1
171 108 1
171 110 1
171 111 1
171 115 1
171 117 1
171 124 1
171 125 1
171 127 1
171 128 1
171 135 1
171 138 1
171 144 1
171 148 1
171 149 1
171 158 1
171 164 1
172 1 1
172 3 1
172 4 1
172 8 1
172 13 1
172 15 1
172 17 1
172 18 1
172 22 1
172 23 1
172 34 1
172 37 1
172 39 1
172 41 1
172 43 1
172 47 1
172 48 1
172 50 1
172 51 1
172 59 1
172 63 1
172 67 1
172 69 1
172 74 1
172 78 1
172 92 1
172 94 1
172 97 1
172 101 1
172 102 1
172 103 1
172 133 1
172 150 1
172 153 1
172 159 1
172 163 1
172 168 1
172 170 1
172 172 1
173 1 1
173 2 1
173 19 1
173 20 1
173 22 1
173 26 1
173 30 1
173 37 1
173 40 1
173 43 1
173 49 1
173 50 1
173 55 1
173 65 1
173 66 1
173 68 1
173 69 1
173 71 1
173 72 1
173 79 1
173 84 1
173 95 1
173 101 1
173 108 1
173 111 1
173 112 1
173 114 1
173 117 1
173 124 1
173 128 1
173 132 1
173 136 1
173 144 1
173 148 1
173 152 1
173 158 1
173 166 1
173 173 1
174 0 1
174 6 1
174 7 1
174 13 1
174 18 1
174 21 1
174 23 1
174 27 1
174 30 1
174 32 1
174 39 1
174 40 1
174 41 1
174 43 1
174 48 1
174 54 1
174 56 1
174 57 1
174 60 1
174 64 1
174 65 1
174 69 1
174 84 1
174 85 1
174 87 1
174 92 1
174 95 1
174 102 1
174 103 1
174 105 1
174 113 1
174 114 1
174 117 1
174 120 1
174 125 1
174 133 1
174 135 1
174 136 1
174 143 1
174 156 1
174 160 1
174 161 1
174 163 1
174 168 1
174 173 1
175 0 1
175 1 1
175 11 1
175 16 1
175 21 1
175 24 1
175 26 1
175 27 1
175 28 1
175 29 1
175 32 1
175 37 1
175 40 1
175 41 1
175 49 1
175 51 1
175 58 1
175 59 1
175 64 1
175 66 1
175 67 1
175 78 1
175 79 1
175 82 1
175 86 1
175 89 1
175 90 1
175 95 1
175 96 1
175 100 1
175 102 1
175 106 1
175 107 1
175 114 1
175 119 1
175 126 1
175 128 1
175 133 1
175 152 1
175 155 1
175 157 1
175 168 1
175 170 1
175 171 1
175 173 1
176 6 1
176 18 1
176 27 1
176 29 1
176 30 1
176 34 1
176 40 1
176 44 1
176 47 1
176 51 1
176 54 1
176 58 1
176 60 1
176 63 1
176 68 1
176 75 1
176 78 1
176 79 1
176 80 1
176 81 1
176 82 1
176 83 1
176 89 1
176 92 1
176 95 1
176 97 1
176 109 1
176 114 1
176 116 1
176 118 1
176 120 1
176 121 1
176 126 1
176 135 1
176 136 1
176 138 1
176 139 1
176 143 1
176 147 1
176 154 1
176 160 1
176 165 1
176 167 1
176 168 1
176 169 1
176 170 1
177 3 1
177 5 1
177 8 1
177 11 1
177 15 1
177 16 1
177 22 1
177 24 1
177 31 1
177 35 1
177 36 1
177 39 1
177 44 1
177 50 1
177 56 1
177 57 1
177 59 1
177 67 1
177 68 1
177 84 1
177 89 1
177 90 1
177 93 1
177 99 1
177 102 1
177 112 1
177 117 1
177 123 1
177 130 1
177 131 1
177 144 1
177 152 1
177 156 1
177 157 1
177 159 1
177 160 1
177 161 1
177 163 1
177 164 1
177 176 1
178 3 1
178 7 1
178 11 1
178 15 1
178 22 1
178 25 1
178 26 1
178 27 1
178 29 1
178 33 1
178 50 1
178 52 1
178 55 1
178 56 1
178 62 1
178 77 1
178 80 1
178 82 1
178 85 1
178 89 1
178 93 1
178 95 1
178 97 1
178 102 1
178 104 1
178 106 1
178 115 1
178 116 1
178 118 1
178 119 1
178 129 1
178 130 1
178 136 1
178 137 1
178 140 1
178 145 1
178 146 1
178 150 1
178 151 1
178 153 1
178 161 1
178 164 1
178 168 1
178 173 1
179 1 1
179 15 1
179 16 1
179 23 1
179 24 1
179 27 1
179 28 1
179 29 1
179 31 1
179 36 1
179 39 1
179 40 1
179 41 1
179 44 1
179 47 1
179 48 1
179 52 1
179 53 1
179 56 1
179 57 1
179 58 1
179 64 1
179 66 1
179 72 1
179 74 1
179 77 1
179 78 1
179 83 1
179 84 1
179 92 1
179 93 1
179 110 1
179 111 1
179 114 1
179 116 1
179 131 1
179 137 1
179 141 1
179 143 1
179 150 1
179 152 1
179 155 1
179 163 1
179 169 1
179 172 1
179 173 1
179 176 1
179 179 1
180 1 1
180 4 1
180 12 1
180 15 1
180 24 1
180 26 1
180 28 1
180 49 1
180 50 1
180 54 1
180 56 1
180 57 1
180 60 1
180 63 1
180 65 1
180 69 1
180 71 1
180 73 1
180 74 1
180 80 1
180 84 1
180 88 1
180 89 1
180 90 1
180 92 1
180 93 1
180 98 1
180 103 1
180 121 1
180 122 1
180 125 1
180 129 1
180 132 1
180 133 1
180 137 1
180 138 1
180 141 1
180 142 1
180 145 1
180 151 1
180 152 1
180 155 1
180 157 1
180 164 1
180 166 1
180 172 1
180 176 1
180 177 1
180 178 1
181 0 1
181 6 1
181 10 1
181 19 1
181 22 1
181 40 1
181 47 1
181 49 1
181 50 1
181 51 1
181 61 1
181 65 1
181 68 1
181 69 1
181 72 1
181 73 1
181 74 1
181 75 1
181 77 1
181 86 1
181 88 1
181 91 1
181 92 1
181 98 1
181 99 1
181 100 1
181 105 1
181 108 1
181 111 1
181 112 1
181 113 1
181 117 1
181 120 1
181 121 1
181 125 1
181 128 1
181 132 1
181 133 1
181 134 1
181 137 1
181 139 1
181 145 1
181 151 1
181 162 1
181 166 1
181 169 1
181 175 1
181 179 1
181 181 1
182 3 1
182 4 1
182 10 1
182 11 1
182 12 1
182 13 1
182 21 1
182 22 1
182 24 1
182 30 1
182 32 1
182 34 1
182 35 1
182 37 1
182 39 1
182 52 1
182 63 1
182 73 1
182 74 1
182 76 1
182 85 1
182 88 1
182 99 1
182 109 1
182 117 1
182 122 1
182 132 1
182 149 1
182 158 1
182 159 1
182 167 1
182 174 1
182 175 1
182 178 1
183 1 1
183 2 1
183 4 1
183 5 1
183 7 1
183 15 1
183 16 1
183 21 1
183 23 1
183 29 1
183 30 1
183 35 1
183 39 1
183 55 1
183 62 1
183 65 1
183 71 1
183 72 1
183 73 1
183 75 1
183 78 1
183 84 1
183 95 1
183 98 1
183 102 1
183 104 1
183 107 1
183 112 1
183 115 1
183 117 1
183 121 1
183 127 1
183 131 1
183 136 1
183 137 1
183 140 1
183 142 1
183 144 1
183 145 1
183 154 1
183 157 1
183 160 1
183 161 1
183 167 1
183 168 1
183 170 1
183 173 1
183 175 1
183 178 1
183 182 1
184 4 1
184 7 1
184 17 1
184 18 1
184 28 1
184 30 1
184 33 1
184 34 1
184 46 1
184 47 1
184 50 1
184 56 1
184 61 1
184 62 1
184 63 1
184 66 1
184 74 1
184 77 1
184 79 1
184 88 1
184 89 1
184 100 1
184 101 1
184 102 1
184 104 1
184 105 1
184 107 1
184 108 1
184 109 1
184 116 1
184 122 1
184 123 1
184 131 1
184 143 1
184 146 1
184 149 1
184 156 1
184 157 1
184 166 1
184 167 1
184 171 1
184 174 1
184 176 1
184 183 1
184 184 1
185 0 1
185 1 1
185 2 1
185 3 1
185 8 1
185 18 1
185 21 1
185 23 1
185 25 1
185 29 1
185 38 1
185 41 1
185 42 1
185 44 1
185 45 1
185 46 1
185 47 1
185 49 1
185 57 1
185 58 1
185 67 1
185 68 1
185 79 1
185 82 1
185 84 1
185 86 1
185 87 1
185 88 1
185 89 1
185 92 1
185 96 1
185 98 1
185 105 1
185 112 1
185 115 1
185 119 1
185 127 1
185 128 1
185 130 1
185 131 1
185 132 1
185 133 1
185 137 1
185 139 1
185 141 1
185 143 1
185 146 1
185 150 1
185 153 1
185 162 1
185 163 1
185 165 1
185 166 1
185 172 1
185 174 1
185 177 1
185 185 1
186 0 1
186 1 1
186 5 1
186 6 1
186 9 1
186 12 1
186 20 1
186 25 1
186 34 1
186 42 1
186 51 1
186 54 1
186 56 1
186 57 1
186 62 1
186 67 1
186 70 1
186 72 1
186 73 1
186 74 1
186 76 1
186 77 1
186 78 1
186 79 1
186 93 1
186 94 1
186 104 1
186 108 1
186 115 1
186 125 1
186 128 1
186 129 1
186 130 1
186 131 1
186 134 1
186 143 1
186 146 1
186 147 1
186 154 1
186 166 1
186 168 1
186 182 1
186 184 1
187 0 1
187 2 1
187 3 1
187 5 1
187 6 1
187 12 1
187 13 1
187 15 1
187 19 1
187 21 1
187 22 1
187 23 1
187 25 1
187 30 1
187 31 1
187 38 1
187 43 1
187 47 1
187 48 1
187 56 1
187 59 1
187 64 1
187 65 1
187 69 1
187 82 1
187 83 1
187 93 1
187 96 1
187 102 1
187 109 1
187 110 1
187 113 1
187 120 1
187 125 1
187 126 1
187 134 1
187 136 1
187 137 1
187 143 1
187 144 1
187 146 1
187 148 1
187 152 1
187 161 1
187 180 1
188 11 1
188 16 1
188 18 1
188 22 1
188 23 1
188 24 1
188 30 1
188 32 1
188 34 1
188 36 1
188 39 1
188 46 1
188 50 1
188 55 1
188 59 1
188 66 1
188 72 1
188 76 1
188 80 1
188 84 1
188 89 1
188 90 1
188 93 1
188 95 1
188 101 1
188 102 1
188 106 1
188 111 1
188 115 1
188 119 1
188 121 1
188 122 1
188 131 1
188 134 1
188 135 1
188 136 1
188 138 1
188 142 1
188 150 1
188 154 1
188 155 1
188 156 1
188 160 1
188 170 1
188 172 1
188 173 1
188 175 1
188 178 1
188 179 1
188 180 1
188 184 1
188 187 1
189 0 1
189 5 1
189 9 1
189 10 1
189 16 1
189 18 1
189 22 1
189 29 1
189 31 1
189 32 1
189 44 1
189 56 1
189 59 1
189 67 1
189 71 1
189 73 1
189 76 1
189 83 1
189 87 1
189 91 1
189 92 1
189 97 1
189 102 1
189 104 1
189 109 1
189 111 1
189 116 1
189 117 1
189 125 1
189 126 1
189 137 1
189 139 1
189 145 1
189 147 1
189 148 1
189 149 1
189 151 1
189 153 1
189 158 1
189 160 1
189 168 1
189 169 1
189 171 1
189 175 1
189 177 1
189 179 1
189 181 1
189 183 1
189 188 1
189 189 1
190 0 1
190 2 1
190 5 1
190 7 1
190 10 1
190 13 1
190 19 1
190 25 1
190 27 1
190 31 1
190 33 1
190 34 1
190 40 1
190 42 1
190 45 1
190 51 1
190 58 1
190 66 1
190 67 1
190 68 1
190 70 1
190 71 1
190 77 1
190 83 1
190 90 1
190 93 1
190 96 1
190 99 1
190 100 1
190 105 1
190 109 1
190 110 1
190 111 1
190 122 1
190 123 1
190 124 1
190 131 1
190 143 1
190 144 1
190 145 1
190 147 1
190 149 1
190 151 1
190 152 1
190 154 1
190 156 1
190 166 1
190 168 1
190 171 1
190 182 1
190 188 1
190 189 1
191 0 1
191 1 1
191 10 1
191 11 1
191 12 1
191 14 1
191 29 1
191 43 1
191 44 1
191 48 1
191 53 1
191 60 1
191 64 1
191 67 1
191 72 1
191 74 1
191 75 1
191 81 1
191 86 1
191 91 1
191 94 1
191 97 1
191 98 1
191 105 1
191 107 1
191 112 1
191 113 1
191 121 1
191 130 1
191 145 1
191 146 1
191 147 1
191 157 1
191 164 1
191 165 1
191 172 1
191 175 1
191 182 1
192 0 1
192 7 1
192 14 1
192 15 1
192 16 1
192 20 1
192 27 1
192 28 1
192 32 1
192 33 1
192 34 1
192 39 1
192 40 1
192 44 1
192 52 1
192 53 1
192 62 1
192 68 1
192 76 1
192 81 1
192 86 1
192 87 1
192 91 1
192 101 1
192 108 1
192 111 1
192 112 1
192 113 1
192 114 1
192 115 1
192 127 1
192 137 1
192 140 1
192 143 1
192 144 1
192 156 1
192 163 1
192 164 1
192 170 1
192 182 1
192 184 1
192 186 1
192 187 1
192 188 1
192 189 1
192 192 1
193 6 1
193 8 1
193 9 1
193 14 1
193 18 1
193 20 1
193 24 1
193 27 1
193 30 1
193 38 1
193 46 1
193 48 1
193 52 1
193 53 1
193 54 1
193 55 1
193 68 1
193 76 1
193 78 1
193 81 1
193 89 1
193 95 1
193 96 1
193 97 1
193 103 1
193 108 1
193 110 1
193 115 1
193 121 1
193 123 1
193 128 1
193 129 1
193 136 1
193 145 1
193 154 1
193 159 1
193 163 1
193 166 1
193 167 1
193 172 1
193 173 1
193 182 1
193 183 1
193 191 1
193 193 1
194 0 1
194 3 1
194 8 1
194 17 1
194 21 1
194 35 1
194 36 1
194 38 1
194 40 1
194 41 1
194 42 1
194 45 1
194 46 1
194 48 1
194 51 1
194 65 1
194 66 1
194 68 1
194 69 1
194 75 1
194 84 1
194 91 1
194 97 1
194 98 1
194 99 1
194 103 1
194 107 1
194 111 1
194 114 1
194 115 1
194 119 1
194 122 1
194 129 1
194 130 1
194 133 1
194 136 1
194 137 1
194 138 1
194 142 1
194 145 1
194 146 1
194 147 1
194 160 1
194 161 1
194 162 1
194 170 1
194 171 1
194 173 1
194 175 1
194 177 1
194 180 1
194 184 1
194 185 1
194 193 1
194 194 1
195 1 1
195 8 1
195 9 1
195 14 1
195 17 1
195 22 1
195 23 1
195 24 1
195 27 1
195 28 1
195 29 1
195 30 1
195 31 1
195 33 1
195 37 1
195 38 1
195 39 1
195 40 1
195 41 1
195 42 1
195 46 1
195 47 1
195 50 1
195 52 1
195 56 1
195 59 1
195 62 1
195 65 1
195 70 1
195 75 1
195 76 1
195 82 1
195 93 1
195 94 1
195 97 1
195 100 1
195 101 1
195 104 1
195 105 1
195 114 1
195 120 1
195 123 1
195 132 1
195 137 1
195 139 1
195 143 1
195 151 1
195 154 1
195 157 1
195 158 1
195 160 1
195 162 1
195 165 1
195 167 1
195 170 1
195 172 1
195 173 1
195 176 1
195 180 1
195 184 1
195 186 1
196 12 1
196 24 1
196 25 1
196 26 1
196 34 1
196 39 1
196 45 1
196 47 1
196 48 1
196 52 1
196 59 1
196 61 1
196 67 1
196 71 1
196 74 1
196 76 1
196 80 1
196 82 1
196 94 1
196 95 1
196 105 1
196 111 1
196 113 1
196 115 1
196 118 1
196 123 1
196 126 1
196 127 1
196 132 1
196 134 1
196 137 1
196 139 1
196 142 1
196 147 1
196 152 1
196 155 1
196 157 1
196 159 1
196 171 1
196 174 1
196 176 1
196 184 1
196 185 1
196 188 1
196 189 1
196 194 1
197 1 1
197 7 1
197 9 1
197 11 1
197 12 1
197 14 1
197 31 1
197 37 1
197 46 1
197 49 1
197 53 1
197 54 1
197 55 1
197 56 1
197 67 1
197 74 1
197 75 1
197 78 1
197 80 1
197 81 1
197 85 1
197 87 1
197 93 1
197 96 1
197 97 1
197 101 1
197 106 1
197 112 1
197 115 1
197 116 1
197 124 1
197 130 1
197 133 1
197 141 1
197 153 1
197 154 1
197 164 1
197 173 1
197 175 1
197 186 1
197 188 1
197 192 1
198 0 1
198 5 1
198 14 1
198 17 1
198 19 1
198 25 1
198 26 1
198 29 1
198 34 1
198 37 1
198 39 1
198 42 1
198 47 1
198 51 1
198 52 1
198 57 1
198 58 1
198 61 1
198 62 1
198 63 1
198 65 1
198 66 1
198 70 1
198 74 1
198 76 1
198 78 1
198 80 1
198 86 1
198 92 1
198 96 1
198 104 1
198 107 1
198 115 1
198 116 1
198 117 1
198 121 1
198 125 1
198 127 1
198 129 1
198 139 1
198 143 1
198 145 1
198 155 1
198 157 1
198 159 1
198 182 1
198 183 1
198 186 1
198 187 1
198 189 1
198 192 1
198 193 1
198 194 1
198 195 1
198 196 1
198 197 1
199 11 1
199 13 1
199 14 1
199 18 1
199 19 1
199 28 1
199 54 1
199 65 1
199 69 1
199 80 1
199 84 1
199 87 1
199 91 1
199 92 1
199 93 1
199 98 1
199 104 1
199 106 1
199 108 1
199 112 1
199 113 1
199 114 1
199 118 1
199 119 1
199 123 1
199 125 1
199 129 1
199 139 1
199 140 1
199 143 1
199 144 1
199 145 1
199 146 1
199 149 1
199 161 1
199 166 1
199 169 1
199 172 1
199 177 1
199 178 1
199 182 1
199 186 1
199 189 1
199 191 1
199 192 1
199 194 1
199 199 1
1 0 2
2 2 2
3 1 2
4 1 2
4 4 2
6 0 2
6 1 2
6 6 2
7 1 2
7 3 2
7 7 2
8 1 2
8 4 2
9 9 2
10 1 2
10 2 2
10 6 2
10 7 2
10 8 2
10 9 2
11 0 2
11 8 2
12 1 2
12 2 2
12 6 2
12 11 2
13 0 2
13 3 2
13 8 2
13 10 2
14 5 2
14 6 2
14 7 2
14 10 2
14 12 2
14 14 2
15 0 2
15 5 2
15 6 2
15 11 2
15 13 2
16 3 2
16 5 2
16 8 2
16 10 2
16 11 2
16 12 2
16 15 2
17 0 2
17 3 2
17 6 2
17 8 2
17 14 2
17 15 2
18 0 2
18 3 2
18 4 2
18 7 2
18 8 2
18 10 2
18 13 2
19 0 2
19 3 2
19 4 2
19 5 2
19 8 2
19 15 2
19 16 2
19 18 2
19 19 2
20 0 2
20 4 2
20 5 2
20 8 2
20 12 2
20 16 2
20 17 2
20 18 2
21 4 2
21 6 2
21 12 2
21 14 2
21 15 2
21 16 2
21 17 2
21 19 2
21 21 2
22 6 2
22 8 2
22 15 2
22 17 2
22 18 2
22 21 2
22 22 2
23 2 2
23 4 2
23 5 2
23 16 2
23 19 2
23 22 2
23 23 2
24 5 2
24 8 2
24 13 2
24 16 2
24 20 2
24 22 2
25 6 2
25 14 2
25 18 2
25 21 2
25 24 2
25 25 2
26 9 2
26 13 2
26 15 2
26 23 2
26 24 2
26 26 2
27 0 2
27 2 2
27 3 2
27 5 2
27 8 2
27 10 2
27 13 2
27 16 2
27 19 2
27 22 2
28 0 2
28 3 2
28 6 2
28 10 2
28 12 2
28 15 2
28 20 2
28 22 2
28 26 2
29 0 2
29 4 2
29 15 2
29 17 2
29 18 2
29 29 2
30 0 2
30 5 2
30 11 2
30 16 2
30 17 2
30 20 2
30 22 2
30 26 2
31 0 2
31 1 2
31 3 2
31 4 2
31 6 2
31 11 2
31 15 2
31 17 2
31 19 2
31 21 2
31 22 2
31 26 2
31 28 2
31 31 2
32 1 2
32 6 2
32 10 2
32 14 2
32 18 2
32 19 2
32 20 2
32 22 2
32 25 2
32 31 2
32 32 2
33 1 2
33 6 2
33 7 2
33 8 2
33 12 2
33 20 2
33 22 2
34 7 2
34 10 2
34 12 2
34 13 2
34 17 2
34 21 2
34 28 2
34 29 2
34 31 2
35 7 2
35 9 2
35 12 2
35 18 2
35 21 2
35 33 2
35 35 2
36 0 2
36 4 2
36 7 2
36 9 2
36 10 2
36 13 2
36 21 2
36 22 2
36 24 2
36 28 2
36 31 2
37 0 2
37 1 2
37 3 2
37 5 2
37 10 2
37 15 2
37 17 2
37 18 2
37 20 2
37 27 2
37 28 2
37 29 2
37 31 2
37 34 2
37 36 2
37 37 2
38 0 2
38 13 2
38 14 2
38 22 2
38 23 2
38 26 2
38 30 2
38 31 2
38 33 2
38 34 2
38 38 2
39 3 2
39 5 2
39 13 2
39 14 2
39 18 2
39 19 2
39 20 2
39 21 2
39 23 2
39 25 2
39 30 2
39 32 2
39 33 2
39 36 2
39 37 2
39 38 2
40 0 2
40 2 2
40 15 2
40 17 2
40 19 2
40 21 2
40 31 2
40 33 2
40 35 2
40 37 2
40 38 2
41 0 2
41 3 2
41 9 2
41 12 2
41 20 2
41 22 2
41 28 2
41 38 2
41 40 2
42 4 2
42 6 2
42 7 2
42 18 2
42 21 2
42 28 2
42 31 2
42 32 2
42 35 2
42 38 2
42 42 2
43 1 2
43 8 2
43 14 2
43 16 2
43 19 2
43 20 2
43 32 2
43 42 2
44 6 2
44 11 2
44 13 2
44 20 2
44 21 2
44 22 2
44 23 2
44 26 2
44 27 2
44 29 2
44 30 2
44 31 2
44 32 2
44 33 2
44 35 2
44 36 2
44 43 2
45 0 2
45 2 2
45 5 2
45 6 2
45 12 2
45 13 2
45 16 2
45 18 2
45 21 2
45 23 2
45 28 2
45 30 2
45 31 2
45 36 2
45 37 2
45 39 2
45 40 2
45 42 2
45 45 2
46 4 2
46 8 2
46 13 2
46 16 2
46 18 2
46 19 2
46 21 2
46 22 2
46 23 2
46 26 2
46 30 2
46 32 2
46 36 2
46 38 2
46 39 2
46 41 2
47 6 2
47 8 2
47 10 2
47 13 2
47 15 2
47 16 2
47 17 2
47 18 2
47 19 2
47 27 2
47 31 2
47 32 2
47 36 2
47 38 2
47 40 2
47 43 2
47 44 2
47 46 2
48 3 2
48 8 2
48 14 2
48 16 2
48 17 2
48 18 2
48 19 2
48 20 2
48 29 2
48 30 2
48 32 2
48 35 2
48 37 2
48 48 2
49 1 2
49 5 2
49 7 2
49 10 2
49 13 2
49 14 2
49 17 2
49 19 2
49 20 2
49 21 2
49 23 2
49 24 2
49 25 2
49 26 2
49 33 2
49 36 2
49 37 2
49 41 2
49 42 2
49 47 2
49 48 2
50 2 2
50 4 2
50 8 2
50 11 2
50 22 2
50 25 2
50 27 2
50 33 2
50 36 2
50 40 2
50 42 2
50 45 2
51 0 2
51 1 2
51 6 2
51 8 2
51 11 2
51 12 2
51 13 2
51 15 2
51 21 2
51 23 2
51 34 2
51 38 2
51 46 2
51 48 2
52 0 2
52 1 2
52 10 2
52 16 2
52 17 2
52 20 2
52 22 2
52 23 2
52 24 2
52 25 2
52 31 2
52 35 2
52 44 2
52 48 2
52 49 2
53 7 2
53 8 2
53 17 2
53 20 2
53 23 2
53 31 2
53 38 2
53 43 2
53 44 2
54 2 2
54 5 2
54 6 2
54 7 2
54 9 2
54 12 2
54 14 2
54 15 2
54 17 2
54 21 2
54 26 2
54 32 2
54 35 2
54 37 2
54 40 2
54 45 2
54 46 2
54 47 2
54 54 2
55 1 2
55 4 2
55 5 2
55 9 2
55 11 2
55 27 2
55 35 2
55 42 2
55 45 2
55 48 2
55 51 2
55 55 2
56 8 2
56 9 2
56 18 2
56 19 2
56 20 2
56 21 2
56 24 2
56 25 2
56 28 2
56 29 2
56 30 2
56 35 2
56 46 2
57 5 2
57 8 2
57 10 2
57 13 2
57 21 2
57 24 2
57 26 2
57 30 2
57 32 2
57 33 2
57 38 2
57 40 2
57 42 2
57 45 2
57 46 2
57 47 2
57 56 2
58 2 2
58 4 2
58 5 2
58 6 2
58 8 2
58 11 2
58 14 2
58 17 2
58 18 2
58 23 2
58 24 2
58 28 2
58 31 2
58 33 2
58 34 2
58 39 2
58 42 2
58 44 2
58 45 2
58 48 2
58 49 2
58 58 2
59 1 2
59 8 2
59 10 2
59 13 2
59 17 2
59 18 2
59 23 2
59 24 2
59 25 2
59 26 2
59 31 2
59 34 2
59 38 2
59 39 2
59 40 2
59 41 2
59 44 2
59 47 2
59 50 2
59 53 2
59 59 2
60 0 2
60 1 2
60 6 2
60 9 2
60 11 2
60 20 2
60 30 2
60 31 2
60 43 2
60 46 2
60 48 2
60 56 2
60 59 2
60 60 2
61 3 2
61 5 2
61 7 2
61 10 2
61 16 2
61 22 2
61 23 2
61 31 2
61 32 2
61 34 2
61 35 2
61 36 2
61 37 2
61 43 2
61 45 2
61 47 2
61 52 2
61 60 2
62 1 2
62 2 2
62 4 2
62 9 2
62 10 2
62 11 2
62 14 2
62 18 2
62 22 2
62 41 2
62 42 2
62 44 2
62 49 2
62 52 2
62 54 2
62 55 2
62 57 2
63 3 2
63 4 2
63 13 2
63 17 2
63 21 2
63 22 2
63 26 2
63 27 2
63 31 2
63 32 2
63 37 2
63 39 2
63 40 2
63 41 2
63 45 2
63 48 2
63 49 2
63 50 2
63 52 2
63 53 2
63 57 2
63 60 2
64 1 2
64 3 2
64 5 2
64 7 2
64 11 2
64 13 2
64 14 2
64 21 2
64 24 2
64 25 2
64 26 2
64 27 2
64 28 2
64 30 2
64 31 2
64 36 2
64 37 2
64 38 2
64 39 2
64 41 2
64 43 2
64 44 2
64 47 2
64 49 2
64 53 2
64 54 2
64 56 2
64 57 2
64 59 2
64 60 2
65 2 2
65 3 2
65 5 2
65 10 2
65 13 2
65 14 2
65 20 2
65 22 2
65 23 2
65 24 2
65 25 2
65 28 2
65 30 2
65 32 2
65 33 2
65 34 2
65 35 2
65 36 2
65 38 2
65 40 2
65 56 2
66 0 2
66 3 2
66 6 2
66 17 2
66 18 2
66 23 2
66 24 2
66 25 2
66 26 2
66 27 2
66 36 2
66 42 2
66 43 2
66 44 2
66 45 2
66 47 2
66 56 2
66 57 2
66 64 2
67 3 2
67 5 2
67 13 2
67 18 2
67 31 2
67 34 2
67 35 2
67 36 2
67 43 2
67 50 2
67 52 2
67 53 2
67 60 2
67 63 2
67 65 2
68 1 2
68 3 2
68 4 2
68 6 2
68 10 2
68 15 2
68 16 2
68 17 2
68 19 2
68 21 2
68 22 2
68 25 2
68 26 2
68 27 2
68 30 2
68 31 2
68 32 2
68 33 2
68 38 2
68 39 2
68 42 2
68 45 2
68 47 2
68 54 2
68 55 2
68 56 2
68 62 2
68 64 2
68 67 2
69 9 2
69 10 2
69 11 2
69 12 2
69 19 2
69 27 2
69 34 2
69 40 2
69 43 2
69 44 2
69 47 2
69 48 2
69 55 2
69 56 2
69 64 2
70 3 2
70 9 2
70 11 2
70 12 2
70 18 2
70 22 2
70 30 2
70 34 2
70 37 2
70 50 2
70 53 2
70 55 2
70 56 2
70 57 2
70 58 2
70 63 2
70 69 2
71 2 2
71 3 2
71 6 2
71 8 2
71 10 2
71 20 2
71 24 2
71 26 2
71 27 2
71 31 2
71 33 2
71 36 2
71 41 2
71 42 2
71 44 2
71 47 2
71 49 2
71 51 2
71 54 2
71 55 2
71 56 2
71 57 2
71 61 2
72 0 2
72 1 2
72 3 2
72 6 2
72 7 2
72 14 2
72 15 2
72 19 2
72 20 2
72 27 2
72 29 2
72 36 2
72 38 2
72 40 2
72 44 2
72 46 2
72 58 2
72 59 2
72 65 2
72 68 2
72 72 2
73 0 2
73 4 2
73 7 2
73 9 2
73 12 2
73 13 2
73 16 2
73 20 2
73 27 2
73 29 2
73 32 2
73 33 2
73 39 2
73 44 2
73 47 2
73 50 2
73 53 2
73 58 2
73 68 2
73 69 2
73 71 2
74 1 2
74 9 2
74 10 2
74 15 2
74 16 2
74 17 2
74 18 2
74 19 2
74 23 2
74 25 2
74 29 2
74 35 2
74 37 2
74 39 2
74 42 2
74 45 2
74 47 2
74 51 2
74 52 2
74 53 2
74 56 2
74 57 2
74 60 2
74 62 2
74 69 2
74 72 2
74 73 2
74 74 2
75 2 2
75 3 2
75 4 2
75 7 2
75 19 2
75 25 2
75 28 2
75 45 2
75 51 2
75 52 2
75 54 2
75 55 2
75 60 2
75 62 2
75 63 2
75 64 2
75 67 2
75 70 2
75 74 2
75 75 2
76 2 2
76 3 2
76 9 2
76 12 2
76 13 2
76 15 2
76 21 2
76 28 2
76 31 2
76 33 2
76 35 2
76 41 2
76 43 2
76 48 2
76 54 2
76 55 2
76 58 2
76 64 2
76 67 2
76 75 2
77 0 2
77 5 2
77 6 2
77 18 2
77 19 2
77 20 2
77 21 2
77 22 2
77 25 2
77 26 2
77 28 2
77 30 2
77 37 2
77 49 2
77 55 2
77 59 2
77 64 2
77 65 2
77 68 2
77 71 2
77 77 2
78 3 2
78 7 2
78 10 2
78 14 2
78 18 2
78 19 2
78 23 2
78 25 2
78 27 2
78 30 2
78 31 2
78 36 2
78 37 2
78 41 2
78 43 2
78 44 2
78 65 2
78 66 2
78 68 2
78 76 2
79 6 2
79 20 2
79 28 2
79 33 2
79 36 2
79 39 2
79 40 2
79 44 2
79 46 2
79 47 2
79 49 2
79 55 2
79 56 2
79 58 2
79 59 2
79 60 2
79 61 2
79 63 2
79 65 2
79 68 2
79 70 2
79 71 2
79 74 2
79 78 2
79 79 2
80 1 2
80 2 2
80 9 2
80 20 2
80 25 2
80 33 2
80 43 2
80 50 2
80 53 2
80 57 2
80 61 2
80 65 2
80 67 2
80 69 2
80 74 2
80 75 2
80 79 2
81 3 2
81 4 2
81 5 2
81 6 2
81 10 2
81 11 2
81 13 2
81 16 2
81 17 2
81 19 2
81 23 2
81 34 2
81 38 2
81 41 2
81 44 2
81 45 2
81 51 2
81 55 2
81 57 2
81 60 2
81 63 2
81 74 2
81 79 2
81 80 2
81 81 2
82 0 2
82 4 2
82 16 2
82 22 2
82 23 2
82 26 2
82 28 2
82 32 2
82 35 2
82 37 2
82 38 2
82 39 2
82 40 2
82 41 2
82 45 2
82 46 2
82 49 2
82 50 2
82 57 2
82 58 2
82 59 2
82 60 2
82 61 2
82 63 2
82 65 2
82 66 2
82 70 2
82 71 2
82 80 2
83 6 2
83 14 2
83 19 2
83 21 2
83 27 2
83 31 2
83 34 2
83 39 2
83 40 2
83 42 2
83 44 2
83 45 2
83 49 2
83 51 2
83 55 2
83 56 2
83 59 2
83 60 2
83 67 2
83 72 2
83 77 2
84 0 2
84 1 2
84 13 2
84 20 2
84 21 2
84 27 2
84 29 2
84 31 2
84 37 2
84 40 2
84 42 2
84 64 2
84 66 2
84 70 2
84 74 2
84 76 2
84 79 2
84 80 2
84 82 2
84 84 2
85 6 2
85 9 2
85 12 2
85 13 2
85 15 2
85 19 2
85 22 2
85 24 2
85 31 2
85 40 2
85 43 2
85 44 2
85 45 2
85 46 2
85 49 2
85 51 2
85 56 2
85 58 2
85 63 2
85 65 2
85 68 2
85 71 2
85 80 2
85 82 2
85 84 2
86 5 2
86 6 2
86 7 2
86 22 2
86 28 2
86 30 2
86 35 2
86 42 2
86 56 2
86 57 2
86 58 2
86 61 2
86 69 2
86 70 2
86 74 2
86 76 2
86 77 2
87 0 2
87 6 2
87 8 2
87 16 2
87 19 2
87 22 2
87 28 2
87 31 2
87 32 2
87 37 2
87 38 2
87 39 2
87 41 2
87 49 2
87 51 2
87 53 2
87 54 2
87 58 2
87 59 2
87 61 2
87 63 2
87 64 2
87 72 2
87 73 2
87 75 2
87 79 2
87 83 2
88 7 2
88 8 2
88 9 2
88 20 2
88 33 2
88 35 2
88 37 2
88 43 2
88 48 2
88 51 2
88 52 2
88 56 2
88 57 2
88 63 2
88 67 2
88 73 2
88 80 2
88 81 2
88 86 2
89 0 2
89 1 2
89 5 2
89 6 2
89 13 2
89 14 2
89 16 2
89 18 2
89 20 2
89 21 2
89 23 2
89 24 2
89 26 2
89 27 2
89 31 2
89 32 2
89 44 2
89 45 2
89 46 2
89 47 2
89 49 2
89 52 2
89 53 2
89 56 2
89 57 2
89 59 2
89 60 2
89 71 2
89 78 2
89 81 2
89 82 2
89 83 2
89 85 2
89 89 2
90 0 2
90 1 2
90 6 2
90 8 2
90 9 2
90 10 2
90 15 2
90 16 2
90 20 2
90 23 2
90 26 2
90 37 2
90 38 2
90 47 2
90 49 2
90 57 2
90 58 2
90 59 2
90 67 2
90 69 2
90 70 2
90 71 2
90 72 2
90 73 2
90 79 2
90 87 2
91 9 2
91 12 2
91 18 2
91 19 2
91 23 2
91 30 2
91 33 2
91 34 2
91 36 2
91 42 2
91 43 2
91 47 2
91 48 2
91 49 2
91 51 2
91 52 2
91 55 2
91 59 2
91 61 2
91 65 2
91 67 2
91 69 2
91 71 2
91 72 2
91 75 2
91 78 2
91 83 2
91 85 2
91 86 2
91 91 2
92 1 2
92 2 2
92 11 2
92 12 2
92 17 2
92 18 2
92 21 2
92 24 2
92 25 2
92 31 2
92 36 2
92 38 2
92 42 2
92 43 2
92 44 2
92 50 2
92 51 2
92 55 2
92 56 2
92 63 2
92 70 2
92 74 2
92 76 2
92 79 2
92 87 2
92 91 2
93 3 2
93 4 2
93 11 2
93 17 2
93 19 2
93 20 2
93 23 2
93 26 2
93 28 2
93 31 2
93 33 2
93 38 2
93 40 2
93 44 2
93 45 2
93 47 2
93 55 2
93 57 2
93 59 2
93 60 2
93 64 2
93 65 2
93 70 2
93 73 2
93 74 2
93 75 2
93 78 2
93 79 2
93 82 2
93 83 2
93 85 2
93 90 2
94 2 2
94 11 2
94 16 2
94 24 2
94 25 2
94 28 2
94 30 2
94 46 2
94 50 2
94 51 2
94 53 2
94 58 2
94 60 2
94 65 2
94 68 2
94 71 2
94 79 2
94 82 2
94 86 2
94 90 2
94 92 2
94 93 2
95 0 2
95 1 2
95 5 2
95 7 2
95 13 2
95 21 2
95 22 2
95 23 2
95 24 2
95 28 2
95 36 2
95 38 2
95 41 2
95 43 2
95 44 2
95 46 2
95 48 2
95 53 2
95 54 2
95 56 2
95 59 2
95 60 2
95 63 2
95 69 2
95 71 2
95 72 2
95 75 2
95 76 2
95 78 2
95 88 2
96 0 2
96 5 2
96 6 2
96 7 2
96 10 2
96 14 2
96 15 2
96 17 2
96 18 2
96 19 2
96 21 2
96 25 2
96 26 2
96 27 2
96 30 2
96 31 2
96 36 2
96 45 2
96 46 2
96 47 2
96 48 2
96 56 2
96 57 2
96 58 2
96 61 2
96 62 2
96 65 2
96 74 2
96 75 2
96 76 2
96 77 2
96 78 2
96 79 2
96 84 2
96 85 2
96 86 2
97 1 2
97 12 2
97 15 2
97 16 2
97 17 2
97 19 2
97 23 2
97 24 2
97 26 2
97 27 2
97 29 2
97 40 2
97 42 2
97 44 2
97 45 2
97 46 2
97 48 2
97 49 2
97 50 2
97 51 2
97 54 2
97 59 2
97 61 2
97 64 2
97 68 2
97 69 2
97 85 2
97 87 2
97 90 2
98 0 2
98 2 2
98 3 2
98 4 2
98 6 2
98 8 2
98 14 2
98 18 2
98 21 2
98 22 2
98 24 2
98 26 2
98 31 2
98 32 2
98 34 2
98 35 2
98 42 2
98 43 2
98 47 2
98 48 2
98 53 2
98 56 2
98 58 2
98 60 2
98 62 2
98 65 2
98 66 2
98 68 2
98 73 2
98 77 2
98 78 2
98 80 2
98 84 2
98 85 2
98 88 2
98 90 2
98 92 2
98 96 2
99 2 2
99 8 2
99 16 2
99 17 2
99 21 2
99 22 2
99 30 2
99 31 2
99 32 2
99 37 2
99 39 2
99 41 2
99 45 2
99 46 2
99 48 2
99 49 2
99 50 2
99 51 2
99 53 2
99 56 2
99 57 2
99 60 2
99 64 2
99 68 2
99 69 2
99 76 2
99 77 2
99 81 2
99 87 2
99 88 2
99 93 2
99 94 2
99 98 2
100 10 2
100 12 2
100 13 2
100 15 2
100 17 2
100 22 2
100 24 2
100 27 2
100 28 2
100 39 2
100 41 2
100 47 2
100 54 2
100 57 2
100 59 2
100 63 2
100 64 2
100 66 2
100 69 2
100 72 2
100 73 2
100 75 2
100 78 2
100 81 2
100 82 2
100 87 2
100 92 2
100 98 2
100 100 2
101 0 2
101 4 2
101 7 2
101 9 2
101 10 2
101 12 2
101 13 2
101 17 2
101 18 2
101 27 2
101 32 2
101 33 2
101 37 2
101 38 2
101 41 2
101 45 2
101 52 2
101 60 2
101 63 2
101 64 2
101 67 2
101 68 2
101 72 2
101 73 2
101 77 2
101 90 2
101 93 2
101 95 2
101 96 2
101 97 2
101 101 2
102 3 2
102 4 2
102 6 2
102 12 2
102 13 2
102 14 2
102 17 2
102 22 2
102 23 2
102 26 2
102 27 2
102 28 2
102 30 2
102 34 2
102 37 2
102 38 2
102 40 2
102 41 2
102 43 2
102 44 2
102 48 2
102 50 2
102 75 2
102 77 2
102 81 2
102 87 2
102 89 2
102 91 2
102 95 2
102 97 2
103 3 2
103 7 2
103 8 2
103 16 2
103 17 2
103 19 2
103 20 2
103 23 2
103 28 2
103 29 2
103 30 2
103 36 2
103 39 2
103 40 2
103 41 2
103 46 2
103 53 2
103 56 2
103 58 2
103 60 2
103 61 2
103 63 2
103 75 2
103 77 2
103 79 2
103 85 2
103 88 2
103 91 2
104 2 2
104 3 2
104 4 2
104 9 2
104 10 2
104 11 2
104 13 2
104 17 2
104 19 2
104 24 2
104 27 2
104 33 2
104 41 2
104 42 2
104 43 2
104 44 2
104 45 2
104 47 2
104 49 2
104 51 2
104 55 2
104 61 2
104 68 2
104 74 2
104 75 2
104 76 2
104 80 2
104 83 2
104 88 2
104 89 2
104 91 2
104 92 2
104 95 2
104 97 2
104 102 2
104 103 2
104 104 2
105 0 2
105 3 2
105 6 2
105 10 2
105 17 2
105 18 2
105 21 2
105 22 2
105 23 2
105 26 2
105 27 2
105 29 2
105 31 2
105 32 2
105 36 2
105 39 2
105 44 2
105 45 2
105 48 2
105 51 2
105 54 2
105 58 2
105 59 2
105 61 2
105 64 2
105 65 2
105 77 2
105 80 2
105 81 2
105 82 2
105 83 2
105 92 2
105 93 2
105 99 2
105 101 2
105 102 2
105 103 2
106 0 2
106 1 2
106 4 2
106 5 2
106 10 2
106 14 2
106 20 2
106 21 2
106 22 2
106 23 2
106 26 2
106 36 2
106 37 2
106 38 2
106 56 2
106 59 2
106 60 2
106 64 2
106 65 2
106 66 2
106 67 2
106 68 2
106 69 2
106 83 2
106 85 2
106 87 2
106 89 2
106 91 2
106 92 2
106 93 2
106 94 2
106 96 2
106 100 2
106 102 2
106 103 2
106 106 2
107 5 2
107 6 2
107 7 2
107 9 2
107 11 2
107 14 2
107 16 2
107 25 2
107 28 2
107 35 2
107 40 2
107 41 2
107 43 2
107 50 2
107 62 2
107 67 2
107 73 2
107 76 2
107 77 2
107 80 2
107 88 2
107 90 2
107 93 2
107 98 2
107 107 2
108 0 2
108 1 2
108 5 2
108 7 2
108 15 2
108 17 2
108 24 2
108 27 2
108 28 2
108 31 2
108 39 2
108 43 2
108 44 2
108 45 2
108 46 2
108 49 2
108 57 2
108 59 2
108 60 2
108 61 2
108 63 2
108 65 2
108 77 2
108 78 2
108 79 2
108 81 2
108 83 2
108 86 2
108 94 2
108 96 2
108 97 2
108 101 2
108 102 2
108 108 2
109 0 2
109 3 2
109 5 2
109 6 2
109 7 2
109 8 2
109 15 2
109 16 2
109 17 2
109 19 2
109 21 2
109 27 2
109 39 2
109 44 2
109 48 2
109 49 2
109 51 2
109 56 2
109 59 2
109 61 2
109 65 2
109 68 2
109 76 2
109 82 2
109 83 2
109 90 2
109 99 2
109 100 2
109 101 2
109 108 2
110 0 2
110 2 2
110 6 2
110 8 2
110 13 2
110 16 2
110 17 2
110 26 2
110 27 2
110 29 2
110 36 2
110 39 2
110 42 2
110 45 2
110 46 2
110 48 2
110 52 2
110 56 2
110 57 2
110 58 2
110 60 2
110 66 2
110 67 2
110 77 2
110 79 2
110 83 2
110 94 2
110 96 2
110 97 2
110 106 2
110 109 2
110 110 2
111 1 2
111 5 2
111 9 2
111 14 2
111 19 2
111 21 2
111 24 2
111 30 2
111 32 2
111 35 2
111 44 2
111 50 2
111 52 2
111 54 2
111 56 2
111 58 2
111 63 2
111 65 2
111 66 2
111 69 2
111 72 2
111 80 2
111 81 2
111 87 2
111 89 2
111 90 2
111 91 2
111 92 2
111 95 2
111 96 2
111 97 2
111 101 2
111 103 2
111 105 2
111 109 2
112 3 2
112 7 2
112 9 2
112 13 2
112 22 2
112 23 2
112 24 2
112 26 2
112 29 2
112 31 2
112 32 2
112 34 2
112 36 2
112 39 2
112 42 2
112 43 2
112 47 2
112 48 2
112 51 2
112 54 2
112 55 2
112 61 2
112 62 2
112 69 2
112 77 2
112 80 2
112 91 2
112 98 2
112 103 2
112 104 2
112 109 2
112 111 2
112 112 2
113 1 2
113 3 2
113 4 2
113 7 2
113 12 2
113 17 2
113 23 2
113 24 2
113 25 2
113 26 2
113 38 2
113 41 2
113 43 2
113 45 2
113 49 2
113 51 2
113 53 2
113 55 2
113 58 2
113 67 2
113 69 2
113 70 2
113 83 2
113 92 2
113 94 2
113 97 2
113 113 2
114 3 2
114 4 2
114 19 2
114 22 2
114 29 2
114 32 2
114 36 2
114 38 2
114 39 2
114 41 2
114 42 2
114 49 2
114 54 2
114 56 2
114 59 2
114 64 2
114 66 2
114 71 2
114 83 2
114 84 2
114 87 2
114 97 2
114 103 2
114 108 2
114 110 2
115 7 2
115 8 2
115 11 2
115 12 2
115 13 2
115 16 2
115 19 2
115 22 2
115 27 2
115 32 2
115 34 2
115 40 2
115 49 2
115 50 2
115 58 2
115 68 2
115 74 2
115 80 2
115 86 2
115 88 2
115 92 2
115 93 2
115 97 2
115 100 2
115 101 2
115 107 2
115 113 2
115 114 2
116 1 2
116 2 2
116 5 2
116 7 2
116 29 2
116 33 2
116 35 2
116 36 2
116 39 2
116 40 2
116 51 2
116 54 2
116 56 2
116 57 2
116 66 2
116 67 2
116 69 2
116 74 2
116 83 2
116 88 2
116 91 2
116 94 2
116 99 2
116 100 2
116 101 2
116 106 2
116 107 2
116 108 2
116 110 2
116 112 2
117 8 2
117 17 2
117 21 2
117 24 2
117 26 2
117 30 2
117 31 2
117 32 2
117 33 2
117 36 2
117 39 2
117 40 2
117 42 2
117 45 2
117 46 2
117 47 2
117 50 2
117 55 2
117 56 2
117 58 2
117 62 2
117 64 2
117 66 2
117 67 2
117 68 2
117 72 2
117 73 2
117 77 2
117 83 2
117 87 2
117 91 2
117 94 2
117 95 2
117 97 2
117 101 2
117 103 2
117 104 2
117 105 2
117 109 2
117 112 2
117 117 2
118 1 2
118 3 2
118 8 2
118 11 2
118 21 2
118 24 2
118 28 2
118 29 2
118 38 2
118 43 2
118 49 2
118 50 2
118 52 2
118 55 2
118 66 2
118 68 2
118 69 2
118 70 2
118 72 2
118 73 2
118 74 2
118 75 2
118 81 2
118 83 2
118 84 2
118 86 2
118 88 2
118 89 2
118 104 2
118 105 2
118 107 2
118 110 2
118 112 2
118 113 2
118 115 2
118 118 2
119 0 2
119 1 2
119 2 2
119 6 2
119 10 2
119 14 2
119 18 2
119 27 2
119 32 2
119 34 2
119 42 2
119 45 2
119 46 2
119 49 2
119 57 2
119 60 2
119 63 2
119 64 2
119 71 2
119 77 2
119 78 2
119 82 2
119 85 2
119 90 2
119 101 2
119 102 2
119 103 2
119 105 2
119 106 2
119 110 2
119 113 2
119 114 2
119 115 2
119 118 2
120 4 2
120 6 2
120 9 2
120 11 2
120 12 2
120 18 2
120 19 2
120 22 2
120 25 2
120 26 2
120 28 2
120 30 2
120 33 2
120 34 2
120 36 2
120 41 2
120 43 2
120 48 2
120 58 2
120 63 2
120 69 2
120 70 2
120 75 2
120 82 2
120 88 2
120 90 2
120 94 2
120 95 2
120 101 2
120 104 2
120 105 2
120 113 2
120 114 2
120 116 2
121 4 2
121 6 2
121 10 2
121 13 2
121 15 2
121 19 2
121 22 2
121 26 2
121 28 2
121 29 2
121 30 2
121 31 2
121 33 2
121 37 2
121 40 2
121 45 2
121 46 2
121 47 2
121 52 2
121 53 2
121 55 2
121 62 2
121 69 2
121 83 2
121 89 2
121 96 2
121 98 2
121 101 2
121 112 2
122 1 2
122 10 2
122 11 2
122 14 2
122 16 2
122 19 2
122 21 2
122 22 2
122 23 2
122 24 2
122 30 2
122 31 2
122 34 2
122 44 2
122 46 2
122 48 2
122 61 2
122 80 2
122 85 2
122 90 2
122 91 2
122 93 2
122 94 2
122 96 2
122 97 2
122 98 2
122 99 2
122 101 2
122 104 2
122 110 2
122 111 2
122 112 2
122 113 2
122 115 2
122 122 2
123 0 2
123 3 2
123 5 2
123 12 2
123 14 2
123 17 2
123 18 2
123 19 2
123 24 2
123 27 2
123 28 2
123 29 2
123 32 2
123 43 2
123 44 2
123 50 2
123 54 2
123 64 2
123 68 2
123 80 2
123 82 2
123 83 2
123 87 2
123 89 2
123 90 2
123 92 2
123 106 2
123 112 2
123 114 2
123 116 2
123 117 2
123 119 2
123 122 2
124 5 2
124 6 2
124 8 2
124 10 2
124 14 2
124 18 2
124 19 2
124 20 2
124 22 2
124 24 2
124 25 2
124 29 2
124 35 2
124 36 2
124 38 2
124 41 2
124 45 2
124 47 2
124 65 2
124 69 2
124 70 2
124 71 2
124 75 2
124 82 2
124 90 2
124 91 2
124 95 2
124 103 2
124 105 2
124 107 2
124 108 2
124 110 2
124 112 2
124 116 2
124 118 2
124 124 2
125 5 2
125 10 2
125 16 2
125 21 2
125 23 2
125 25 2
125 28 2
125 30 2
125 33 2
125 34 2
125 42 2
125 44 2
125 45 2
125 54 2
125 56 2
125 58 2
125 59 2
125 60 2
125 67 2
125 75 2
125 76 2
125 81 2
125 82 2
125 85 2
125 88 2
125 90 2
125 92 2
125 93 2
125 96 2
125 97 2
125 98 2
125 100 2
125 103 2
125 104 2
125 105 2
125 106 2
125 109 2
125 110 2
125 112 2
125 115 2
125 119 2
125 121 2
125 125 2
126 2 2
126 6 2
126 22 2
126 24 2
126 28 2
126 33 2
126 35 2
126 40 2
126 42 2
126 43 2
126 50 2
126 51 2
126 61 2
126 66 2
126 69 2
126 72 2
126 74 2
126 75 2
126 76 2
126 77 2
126 80 2
126 81 2
126 82 2
126 99 2
126 100 2
126 109 2
126 114 2
126 119 2
127 7 2
127 10 2
127 20 2
127 26 2
127 32 2
127 33 2
127 34 2
127 35 2
127 37 2
127 41 2
127 50 2
127 52 2
127 55 2
127 57 2
127 63 2
127 67 2
127 70 2
127 73 2
127 76 2
127 77 2
127 79 2
127 81 2
127 84 2
127 88 2
127 91 2
127 97 2
127 116 2
127 120 2
127 127 2
128 0 2
128 2 2
128 5 2
128 6 2
128 8 2
128 14 2
128 18 2
128 22 2
128 25 2
128 27 2
128 38 2
128 39 2
128 42 2
128 43 2
128 44 2
128 46 2
128 49 2
128 54 2
128 58 2
128 60 2
128 66 2
128 67 2
128 68 2
128 69 2
128 75 2
128 77 2
128 78 2
128 89 2
128 90 2
128 92 2
128 93 2
128 95 2
128 97 2
128 103 2
128 108 2
128 109 2
128 120 2
128 122 2
128 123 2
128 125 2
129 1 2
129 3 2
129 5 2
129 10 2
129 14 2
129 17 2
129 18 2
129 22 2
129 24 2
129 26 2
129 27 2
129 34 2
129 36 2
129 39 2
129 43 2
129 47 2
129 48 2
129 50 2
129 61 2
129 65 2
129 66 2
129 67 2
129 68 2
129 70 2
129 73 2
129 76 2
129 78 2
129 81 2
129 82 2
129 84 2
129 85 2
129 86 2
129 88 2
129 90 2
129 92 2
129 93 2
129 94 2
129 96 2
129 98 2
129 99 2
129 102 2
129 106 2
129 114 2
129 116 2
129 120 2
129 123 2
129 125 2
129 127 2
130 1 2
130 17 2
130 21 2
130 22 2
130 23 2
130 30 2
130 31 2
130 34 2
130 36 2
130 38 2
130 41 2
130 44 2
130 46 2
130 47 2
130 52 2
130 54 2
130 58 2
130 59 2
130 63 2
130 64 2
130 70 2
130 73 2
130 74 2
130 79 2
130 81 2
130 83 2
130 86 2
130 89 2
130 97 2
130 105 2
130 110 2
130 114 2
130 115 2
130 116 2
130 117 2
130 122 2
130 124 2
130 125 2
130 126 2
131 5 2
131 14 2
131 15 2
131 17 2
131 20 2
131 23 2
131 24 2
131 26 2
131 29 2
131 32 2
131 38 2
131 48 2
131 49 2
131 54 2
131 57 2
131 59 2
131 61 2
131 63 2
131 64 2
131 65 2
131 67 2
131 69 2
131 71 2
131 72 2
131 76 2
131 78 2
131 81 2
131 85 2
131 94 2
131 99 2
131 103 2
131 105 2
131 106 2
131 109 2
131 114 2
131 122 2
131 129 2
132 3 2
132 4 2
132 13 2
132 14 2
132 17 2
132 19 2
132 20 2
132 21 2
132 34 2
132 36 2
132 38 2
132 39 2
132 40 2
132 46 2
132 47 2
132 48 2
132 49 2
132 61 2
132 73 2
132 74 2
132 75 2
132 78 2
132 80 2
132 83 2
132 84 2
132 89 2
132 91 2
132 94 2
132 95 2
132 96 2
132 97 2
132 103 2
132 105 2
132 121 2
132 125 2
133 2 2
133 6 2
133 8 2
133 9 2
133 10 2
133 12 2
133 15 2
133 16 2
133 17 2
133 19 2
133 20 2
133 22 2
133 23 2
133 25 2
133 26 2
133 32 2
133 37 2
133 41 2
133 43 2
133 44 2
133 51 2
133 54 2
133 57 2
133 60 2
133 63 2
133 64 2
133 65 2
133 71 2
133 73 2
133 76 2
133 85 2
133 86 2
133 88 2
133 91 2
133 96 2
133 99 2
133 108 2
133 110 2
133 111 2
133 115 2
133 119 2
133 122 2
134 1 2
134 5 2
134 7 2
134 12 2
134 14 2
134 17 2
134 24 2
134 25 2
134 27 2
134 30 2
134 40 2
134 50 2
134 51 2
134 52 2
134 53 2
134 61 2
134 62 2
134 76 2
134 78 2
134 83 2
134 84 2
134 89 2
134 91 2
134 94 2
134 99 2
134 101 2
134 104 2
134 107 2
134 113 2
134 118 2
134 120 2
134 121 2
134 126 2
135 2 2
135 3 2
135 8 2
135 11 2
135 27 2
135 29 2
135 36 2
135 49 2
135 54 2
135 56 2
135 60 2
135 61 2
135 63 2
135 67 2
135 69 2
135 71 2
135 82 2
135 85 2
135 86 2
135 87 2
135 89 2
135 98 2
135 103 2
135 104 2
135 107 2
135 124 2
135 128 2
136 1 2
136 5 2
136 6 2
136 11 2
136 13 2
136 15 2
136 19 2
136 21 2
136 26 2
136 33 2
136 36 2
136 37 2
136 41 2
136 49 2
136 50 2
136 54 2
136 55 2
136 61 2
136 62 2
136 63 2
136 67 2
136 68 2
136 72 2
136 75 2
136 77 2
136 79 2
136 87 2
136 104 2
136 105 2
136 115 2
136 116 2
136 118 2
136 119 2
136 120 2
136 129 2
136 133 2
136 135 2
137 1 2
137 2 2
137 4 2
137 6 2
137 12 2
137 14 2
137 19 2
137 21 2
137 27 2
137 30 2
137 33 2
137 40 2
137 42 2
137 50 2
137 51 2
137 55 2
137 58 2
137 60 2
137 63 2
137 65 2
137 66 2
137 69 2
137 73 2
137 82 2
137 86 2
137 92 2
137 94 2
137 99 2
137 101 2
137 103 2
137 104 2
137 106 2
137 113 2
137 115 2
137 126 2
137 129 2
137 132 2
137 134 2
138 4 2
138 18 2
138 19 2
138 21 2
138 22 2
138 23 2
138 25 2
138 26 2
138 29 2
138 33 2
138 36 2
138 39 2
138 40 2
138 50 2
138 57 2
138 60 2
138 63 2
138 66 2
138 68 2
138 72 2
138 76 2
138 77 2
138 80 2
138 85 2
138 92 2
138 93 2
138 94 2
138 97 2
138 98 2
138 99 2
138 102 2
138 106 2
138 107 2
138 109 2
138 110 2
138 112 2
138 119 2
138 123 2
138 124 2
138 131 2
138 132 2
138 136 2
139 0 2
139 7 2
139 11 2
139 15 2
139 24 2
139 26 2
139 29 2
139 35 2
139 48 2
139 51 2
139 53 2
139 54 2
139 55 2
139 59 2
139 61 2
139 66 2
139 67 2
139 70 2
139 73 2
139 77 2
139 80 2
139 85 2
139 89 2
139 92 2
139 97 2
139 106 2
139 109 2
139 111 2
139 117 2
139 118 2
139 122 2
139 123 2
139 124 2
139 126 2
139 129 2
139 135 2
139 137 2
139 139 2
140 1 2
140 12 2
140 14 2
140 31 2
140 33 2
140 34 2
140 35 2
140 41 2
140 46 2
140 48 2
140 57 2
140 60 2
140 64 2
140 68 2
140 69 2
140 71 2
140 72 2
140 74 2
140 75 2
140 76 2
140 78 2
140 79 2
140 86 2
140 87 2
140 88 2
140 94 2
140 106 2
140 107 2
140 115 2
140 121 2
140 125 2
140 130 2
140 138 2
141 0 2
141 1 2
141 7 2
141 14 2
141 15 2
141 17 2
141 21 2
141 23 2
141 25 2
141 26 2
141 29 2
141 32 2
141 33 2
141 38 2
141 41 2
141 44 2
141 46 2
141 48 2
141 53 2
141 59 2
141 60 2
141 63 2
141 66 2
141 68 2
141 69 2
141 73 2
141 74 2
141 79 2
141 84 2
141 87 2
141 89 2
141 92 2
141 95 2
141 96 2
141 98 2
141 100 2
141 101 2
141 107 2
141 109 2
141 110 2
141 124 2
141 125 2
142 0 2
142 3 2
142 4 2
142 5 2
142 6 2
142 10 2
142 12 2
142 13 2
142 15 2
142 16 2
142 20 2
142 21 2
142 22 2
142 24 2
142 27 2
142 30 2
142 31 2
142 32 2
142 33 2
142 41 2
142 47 2
142 58 2
142 61 2
142 67 2
142 71 2
142 72 2
142 79 2
142 84 2
142 85 2
142 93 2
142 94 2
142 97 2
142 98 2
142 102 2
142 105 2
142 116 2
142 118 2
142 122 2
142 128 2
142 130 2
142 132 2
142 137 2
142 139 2
143 2 2
143 4 2
143 9 2
143 10 2
143 16 2
143 22 2
143 23 2
143 29 2
143 30 2
143 31 2
143 33 2
143 34 2
143 35 2
143 37 2
143 40 2
143 41 2
143 49 2
143 50 2
143 52 2
143 53 2
143 54 2
143 57 2
143 59 2
143 60 2
143 62 2
143 68 2
143 70 2
143 71 2
143 72 2
143 74 2
143 79 2
143 89 2
143 90 2
143 95 2
143 100 2
143 101 2
143 104 2
143 107 2
143 108 2
143 111 2
143 113 2
143 115 2
143 116 2
143 119 2
143 121 2
143 122 2
143 123 2
143 125 2
143 126 2
143 128 2
143 129 2
143 135 2
143 138 2
143 142 2
143 143 2
144 3 2
144 6 2
144 7 2
144 8 2
144 19 2
144 20 2
144 21 2
144 22 2
144 24 2
144 28 2
144 29 2
144 31 2
144 37 2
144 38 2
144 39 2
144 43 2
144 44 2
144 46 2
144 49 2
144 52 2
144 53 2
144 56 2
144 59 2
144 60 2
144 63 2
144 71 2
144 79 2
144 85 2
144 87 2
144 90 2
144 94 2
144 99 2
144 100 2
144 102 2
144 105 2
144 112 2
144 115 2
144 117 2
144 118 2
144 119 2
144 130 2
144 131 2
144 133 2
144 135 2
144 136 2
144 143 2
144 144 2
145 0 2
145 3 2
145 5 2
145 12 2
145 15 2
145 16 2
145 18 2
145 19 2
145 25 2
145 28 2
145 29 2
145 34 2
145 40 2
145 42 2
145 45 2
145 53 2
145 56 2
145 57 2
145 58 2
145 64 2
145 71 2
145 72 2
145 78 2
145 87 2
145 90 2
145 94 2
145 96 2
145 98 2
145 100 2
145 101 2
145 133 2
145 136 2
145 137 2
145 143 2
145 145 2
146 0 2
146 2 2
146 4 2
146 8 2
146 9 2
146 11 2
146 13 2
146 16 2
146 19 2
146 21 2
146 23 2
146 25 2
146 26 2
146 36 2
146 38 2
146 40 2
146 43 2
146 47 2
146 49 2
146 54 2
146 57 2
146 58 2
146 67 2
146 68 2
146 71 2
146 74 2
146 79 2
146 82 2
146 85 2
146 86 2
146 92 2
146 95 2
146 96 2
146 97 2
146 101 2
146 102 2
146 103 2
146 105 2
146 110 2
146 111 2
146 112 2
146 117 2
146 118 2
146 120 2
146 121 2
146 125 2
146 127 2
146 128 2
146 129 2
146 130 2
146 138 2
146 141 2
146 142 2
146 144 2
146 145 2
146 146 2
147 6 2
147 7 2
147 15 2
147 16 2
147 19 2
147 29 2
147 31 2
147 37 2
147 41 2
147 44 2
147 53 2
147 55 2
147 56 2
147 57 2
147 60 2
147 61 2
147 63 2
147 71 2
147 78 2
147 82 2
147 85 2
147 91 2
147 97 2
147 98 2
147 101 2
147 105 2
147 109 2
147 110 2
147 118 2
147 122 2
147 123 2
147 124 2
147 133 2
147 146 2
148 0 2
148 5 2
148 13 2
148 14 2
148 15 2
148 17 2
148 22 2
148 24 2
148 25 2
148 28 2
148 30 2
148 32 2
148 35 2
148 42 2
148 46 2
148 47 2
148 48 2
148 51 2
148 54 2
148 56 2
148 57 2
148 59 2
148 60 2
148 65 2
148 68 2
148 71 2
148 74 2
148 77 2
148 79 2
148 82 2
148 86 2
148 87 2
148 95 2
148 96 2
148 99 2
148 104 2
148 106 2
148 113 2
148 114 2
148 116 2
148 117 2
148 122 2
148 125 2
148 128 2
148 129 2
148 134 2
148 135 2
148 138 2
148 145 2
148 146 2
148 148 2
149 0 2
149 4 2
149 5 2
149 9 2
149 16 2
149 17 2
149 18 2
149 21 2
149 22 2
149 23 2
149 24 2
149 25 2
149 26 2
149 28 2
149 29 2
149 36 2
149 37 2
149 45 2
149 47 2
149 49 2
149 50 2
149 54 2
149 56 2
149 83 2
149 89 2
149 94 2
149 95 2
149 98 2
149 101 2
149 103 2
149 105 2
149 106 2
149 108 2
149 113 2
149 117 2
149 123 2
149 125 2
149 129 2
149 133 2
149 135 2
149 136 2
149 145 2
149 148 2
149 149 2
150 2 2
150 11 2
150 16 2
150 19 2
150 22 2
150 23 2
150 38 2
150 43 2
150 47 2
150 49 2
150 52 2
150 55 2
150 60 2
150 62 2
150 63 2
150 67 2
150 70 2
150 75 2
150 79 2
150 85 2
150 91 2
150 93 2
150 94 2
150 99 2
150 114 2
150 115 2
150 117 2
150 118 2
150 126 2
150 131 2
150 134 2
151 0 2
151 1 2
151 2 2
151 4 2
151 5 2
151 10 2
151 14 2
151 16 2
151 17 2
151 20 2
151 25 2
151 26 2
151 27 2
151 30 2
151 31 2
151 42 2
151 48 2
151 56 2
151 58 2
151 60 2
151 61 2
151 81 2
151 82 2
151 83 2
151 84 2
151 85 2
151 90 2
151 96 2
151 98 2
151 99 2
151 101 2
151 102 2
151 103 2
151 106 2
151 110 2
151 112 2
151 113 2
151 119 2
151 122 2
151 123 2
151 126 2
151 127 2
151 129 2
151 130 2
151 131 2
151 132 2
151 133 2
151 134 2
151 135 2
151 136 2
151 141 2
151 144 2
151 146 2
152 3 2
152 5 2
152 7 2
152 10 2
152 13 2
152 14 2
152 19 2
152 20 2
152 25 2
152 27 2
152 31 2
152 39 2
152 40 2
152 41 2
152 42 2
152 46 2
152 50 2
152 59 2
152 65 2
152 68 2
152 72 2
152 76 2
152 79 2
152 81 2
152 83 2
152 85 2
152 86 2
152 87 2
152 89 2
152 90 2
152 99 2
152 105 2
152 116 2
152 122 2
152 123 2
152 125 2
152 129 2
152 130 2
152 131 2
152 132 2
152 136 2
152 138 2
152 141 2
152 142 2
152 144 2
152 146 2
152 151 2
153 4 2
153 10 2
153 11 2
153 12 2
153 13 2
153 15 2
153 18 2
153 20 2
153 21 2
153 24 2
153 28 2
153 31 2
153 39 2
153 44 2
153 45 2
153 46 2
153 48 2
153 57 2
153 59 2
153 63 2
153 69 2
153 72 2
153 75 2
153 76 2
153 77 2
153 81 2
153 84 2
153 85 2
153 89 2
153 91 2
153 93 2
153 95 2
153 97 2
153 102 2
153 104 2
153 107 2
153 109 2
153 119 2
153 125 2
153 131 2
153 132 2
153 136 2
153 137 2
153 138 2
153 143 2
153 152 2
154 1 2
154 2 2
154 7 2
154 10 2
154 11 2
154 12 2
154 17 2
154 24 2
154 25 2
154 26 2
154 27 2
154 30 2
154 32 2
154 35 2
154 52 2
154 55 2
154 65 2
154 69 2
154 76 2
154 79 2
154 80 2
154 83 2
154 84 2
154 86 2
154 90 2
154 93 2
154 97 2
154 99 2
154 100 2
154 107 2
154 111 2
154 112 2
154 127 2
154 134 2
154 135 2
154 137 2
154 139 2
154 140 2
154 145 2
154 152 2
154 153 2
155 0 2
155 2 2
155 7 2
155 8 2
155 11 2
155 18 2
155 29 2
155 31 2
155 33 2
155 38 2
155 43 2
155 46 2
155 49 2
155 51 2
155 61 2
155 62 2
155 65 2
155 69 2
155 79 2
155 82 2
155 84 2
155 87 2
155 89 2
155 97 2
155 100 2
155 102 2
155 104 2
155 108 2
155 111 2
155 117 2
155 119 2
155 122 2
155 130 2
155 131 2
155 132 2
155 136 2
155 138 2
155 140 2
155 143 2
155 148 2
155 154 2
155 155 2
156 5 2
156 8 2
156 10 2
156 16 2
156 18 2
156 20 2
156 22 2
156 26 2
156 28 2
156 29 2
156 38 2
156 39 2
156 40 2
156 44 2
156 47 2
156 48 2
156 50 2
156 51 2
156 54 2
156 55 2
156 56 2
156 64 2
156 66 2
156 69 2
156 70 2
156 73 2
156 77 2
156 78 2
156 83 2
156 84 2
156 87 2
156 88 2
156 92 2
156 94 2
156 97 2
156 102 2
156 103 2
156 107 2
156 108 2
156 113 2
156 117 2
156 119 2
156 121 2
156 123 2
156 126 2
156 129 2
156 134 2
156 141 2
156 143 2
156 144 2
156 148 2
156 149 2
156 151 2
156 152 2
157 0 2
157 1 2
157 11 2
157 13 2
157 20 2
157 22 2
157 28 2
157 29 2
157 33 2
157 41 2
157 46 2
157 47 2
157 48 2
157 50 2
157 51 2
157 52 2
157 53 2
157 54 2
157 55 2
157 66 2
157 67 2
157 69 2
157 70 2
157 72 2
157 73 2
157 77 2
157 79 2
157 80 2
157 82 2
157 86 2
157 88 2
157 92 2
157 94 2
157 95 2
157 100 2
157 103 2
157 106 2
157 108 2
157 109 2
157 118 2
157 120 2
157 128 2
157 132 2
157 147 2
158 0 2
158 3 2
158 6 2
158 14 2
158 15 2
158 16 2
158 18 2
158 21 2
158 30 2
158 34 2
158 43 2
158 44 2
158 46 2
158 48 2
158 53 2
158 54 2
158 57 2
158 60 2
158 64 2
158 65 2
158 66 2
158 68 2
158 76 2
158 77 2
158 87 2
158 93 2
158 95 2
158 96 2
158 97 2
158 103 2
158 104 2
158 105 2
158 108 2
158 110 2
158 117 2
158 120 2
158 121 2
158 122 2
158 123 2
158 125 2
158 126 2
158 127 2
158 128 2
158 132 2
158 134 2
158 135 2
158 138 2
158 146 2
158 148 2
158 158 2
159 0 2
159 3 2
159 4 2
159 9 2
159 11 2
159 12 2
159 15 2
159 16 2
159 26 2
159 27 2
159 32 2
159 49 2
159 50 2
159 52 2
159 53 2
159 63 2
159 82 2
159 86 2
159 96 2
159 108 2
159 112 2
159 114 2
159 119 2
159 122 2
159 125 2
159 127 2
159 148 2
159 150 2
159 151 2
159 154 2
159 157 2
160 4 2
160 5 2
160 8 2
160 9 2
160 10 2
160 15 2
160 18 2
160 19 2
160 21 2
160 22 2
160 28 2
160 30 2
160 38 2
160 41 2
160 42 2
160 45 2
160 50 2
160 53 2
160 55 2
160 60 2
160 61 2
160 63 2
160 68 2
160 69 2
160 73 2
160 74 2
160 77 2
160 81 2
160 82 2
160 87 2
160 93 2
160 98 2
160 103 2
160 106 2
160 114 2
160 118 2
160 122 2
160 128 2
160 129 2
160 138 2
160 141 2
160 143 2
160 146 2
160 155 2
161 5 2
161 10 2
161 14 2
161 16 2
161 17 2
161 18 2
161 28 2
161 29 2
161 37 2
161 44 2
161 46 2
161 54 2
161 58 2
161 63 2
161 65 2
161 70 2
161 72 2
161 74 2
161 75 2
161 79 2
161 81 2
161 82 2
161 83 2
161 89 2
161 91 2
161 94 2
161 98 2
161 100 2
161 105 2
161 111 2
161 119 2
161 122 2
161 124 2
161 131 2
161 132 2
161 145 2
161 147 2
161 151 2
161 156 2
161 157 2
161 160 2
161 161 2
162 0 2
162 5 2
162 12 2
162 14 2
162 19 2
162 27 2
162 28 2
162 29 2
162 30 2
162 31 2
162 34 2
162 36 2
162 37 2
162 44 2
162 50 2
162 54 2
162 63 2
162 66 2
162 71 2
162 72 2
162 73 2
162 74 2
162 77 2
162 78 2
162 80 2
162 81 2
162 83 2
162 85 2
162 89 2
162 91 2
162 93 2
162 100 2
162 108 2
162 118 2
162 119 2
162 124 2
162 128 2
162 129 2
162 130 2
162 132 2
162 133 2
162 136 2
162 137 2
162 139 2
162 141 2
162 145 2
162 146 2
162 147 2
162 148 2
162 149 2
162 156 2
162 158 2
162 159 2
162 160 2
162 161 2
163 4 2
163 5 2
163 6 2
163 15 2
163 17 2
163 22 2
163 23 2
163 24 2
163 32 2
163 35 2
163 36 2
163 37 2
163 40 2
163 42 2
163 45 2
163 58 2
163 61 2
163 67 2
163 68 2
163 69 2
163 71 2
163 73 2
163 75 2
163 76 2
163 82 2
163 83 2
163 87 2
163 106 2
163 108 2
163 109 2
163 111 2
163 114 2
163 116 2
163 122 2
163 123 2
163 124 2
163 126 2
163 129 2
163 131 2
163 134 2
163 136 2
163 141 2
163 143 2
163 147 2
163 151 2
163 156 2
163 157 2
163 159 2
163 161 2
163 163 2
164 5 2
164 14 2
164 17 2
164 19 2
164 23 2
164 27 2
164 28 2
164 29 2
164 30 2
164 32 2
164 40 2
164 46 2
164 47 2
164 51 2
164 52 2
164 54 2
164 61 2
164 63 2
164 65 2
164 71 2
164 76 2
164 78 2
164 82 2
164 85 2
164 89 2
164 93 2
164 96 2
164 97 2
164 101 2
164 106 2
164 108 2
164 114 2
164 119 2
164 122 2
164 129 2
164 131 2
164 142 2
164 147 2
164 148 2
164 149 2
164 158 2
164 163 2
165 6 2
165 9 2
165 18 2
165 24 2
165 29 2
165 32 2
165 34 2
165 37 2
165 43 2
165 63 2
165 64 2
165 65 2
165 68 2
165 69 2
165 73 2
165 87 2
165 92 2
165 94 2
165 95 2
165 101 2
165 102 2
165 104 2
165 106 2
165 113 2
165 126 2
165 131 2
165 142 2
165 144 2
165 145 2
165 154 2
165 156 2
166 2 2
166 3 2
166 13 2
166 15 2
166 17 2
166 18 2
166 20 2
166 31 2
166 32 2
166 44 2
166 45 2
166 48 2
166 49 2
166 50 2
166 51 2
166 56 2
166 58 2
166 63 2
166 64 2
166 65 2
166 66 2
166 67 2
166 72 2
166 77 2
166 78 2
166 81 2
166 82 2
166 89 2
166 95 2
166 96 2
166 99 2
166 100 2
166 103 2
166 106 2
166 108 2
166 109 2
166 114 2
166 124 2
166 136 2
166 139 2
166 142 2
166 143 2
166 144 2
166 145 2
166 147 2
166 148 2
166 163 2
166 164 2
166 165 2
167 3 2
167 4 2
167 9 2
167 16 2
167 19 2
167 32 2
167 38 2
167 42 2
167 44 2
167 45 2
167 47 2
167 48 2
167 49 2
167 52 2
167 59 2
167 61 2
167 63 2
167 65 2
167 66 2
167 67 2
167 68 2
167 70 2
167 71 2
167 72 2
167 82 2
167 85 2
167 88 2
167 89 2
167 91 2
167 94 2
167 97 2
167 98 2
167 100 2
167 105 2
167 111 2
167 112 2
167 115 2
167 117 2
167 119 2
167 120 2
167 121 2
167 122 2
167 127 2
167 128 2
167 130 2
167 133 2
167 135 2
167 140 2
167 142 2
167 145 2
167 147 2
167 151 2
167 152 2
167 154 2
167 159 2
167 161 2
167 166 2
168 4 2
168 5 2
168 13 2
168 18 2
168 19 2
168 21 2
168 24 2
168 28 2
168 31 2
168 35 2
168 36 2
168 38 2
168 41 2
168 42 2
168 43 2
168 44 2
168 46 2
168 59 2
168 62 2
168 63 2
168 68 2
168 71 2
168 72 2
168 79 2
168 81 2
168 87 2
168 93 2
168 96 2
168 97 2
168 101 2
168 103 2
168 110 2
168 111 2
168 116 2
168 117 2
168 118 2
168 124 2
168 125 2
168 129 2
168 130 2
168 139 2
168 143 2
168 144 2
168 146 2
168 150 2
168 151 2
168 153 2
168 154 2
168 155 2
168 156 2
168 159 2
168 162 2
168 167 2
169 2 2
169 3 2
169 9 2
169 11 2
169 16 2
169 19 2
169 22 2
169 24 2
169 28 2
169 29 2
169 32 2
169 34 2
169 36 2
169 37 2
169 38 2
169 41 2
169 42 2
169 45 2
169 49 2
169 59 2
169 60 2
169 65 2
169 66 2
169 68 2
169 69 2
169 70 2
169 71 2
169 72 2
169 74 2
169 75 2
169 76 2
169 77 2
169 82 2
169 83 2
169 85 2
169 89 2
169 90 2
169 93 2
169 103 2
169 111 2
169 113 2
169 114 2
169 120 2
169 121 2
169 124 2
169 128 2
169 131 2
169 135 2
169 141 2
169 144 2
169 153 2
169 162 2
169 165 2
169 166 2
169 167 2
169 169 2
170 1 2
170 4 2
170 6 2
170 9 2
170 12 2
170 13 2
170 16 2
170 18 2
170 22 2
170 24 2
170 25 2
170 26 2
170 36 2
170 41 2
170 45 2
170 46 2
170 50 2
170 51 2
170 54 2
170 56 2
170 57 2
170 58 2
170 61 2
170 64 2
170 65 2
170 75 2
170 79 2
170 80 2
170 89 2
170 93 2
170 98 2
170 103 2
170 106 2
170 109 2
170 110 2
170 111 2
170 113 2
170 117 2
170 120 2
170 123 2
170 124 2
170 125 2
170 128 2
170 129 2
170 131 2
170 132 2
170 136 2
170 141 2
170 142 2
170 145 2
170 146 2
170 147 2
170 148 2
170 153 2
170 160 2
170 161 2
170 162 2
170 170 2
171 0 2
171 1 2
171 2 2
171 3 2
171 4 2
171 10 2
171 11 2
171 13 2
171 14 2
171 16 2
171 19 2
171 22 2
171 23 2
171 27 2
171 28 2
171 31 2
171 36 2
171 42 2
171 46 2
171 49 2
171 50 2
171 55 2
171 56 2
171 59 2
171 63 2
171 65 2
171 72 2
171 73 2
171 79 2
171 80 2
171 81 2
171 83 2
171 86 2
171 87 2
171 90 2
171 96 2
171 100 2
171 111 2
171 113 2
171 114 2
171 118 2
171 125 2
171 131 2
171 135 2
171 141 2
171 144 2
171 148 2
171 149 2
171 150 2
171 151 2
171 157 2
171 158 2
171 159 2
171 160 2
171 161 2
171 162 2
171 163 2
172 2 2
172 3 2
172 5 2
172 8 2
172 12 2
172 14 2
172 15 2
172 16 2
172 17 2
172 20 2
172 21 2
172 23 2
172 26 2
172 31 2
172 32 2
172 33 2
172 34 2
172 36 2
172 40 2
172 41 2
172 44 2
172 45 2
172 47 2
172 53 2
172 55 2
172 57 2
172 60 2
172 78 2
172 81 2
172 82 2
172 84 2
172 89 2
172 94 2
172 102 2
172 103 2
172 108 2
172 114 2
172 122 2
172 125 2
172 133 2
172 136 2
172 140 2
172 143 2
172 145 2
172 150 2
172 151 2
172 153 2
172 163 2
172 166 2
172 170 2
172 171 2
173 1 2
173 3 2
173 5 2
173 8 2
173 10 2
173 11 2
173 13 2
173 14 2
173 15 2
173 16 2
173 17 2
173 18 2
173 23 2
173 26 2
173 27 2
173 28 2
173 36 2
173 39 2
173 40 2
173 42 2
173 43 2
173 44 2
173 45 2
173 52 2
173 54 2
173 55 2
173 57 2
173 60 2
173 61 2
173 64 2
173 68 2
173 70 2
173 74 2
173 78 2
173 82 2
173 94 2
173 99 2
173 100 2
173 105 2
173 107 2
173 111 2
173 117 2
173 119 2
173 122 2
173 123 2
173 125 2
173 135 2
173 138 2
173 142 2
173 143 2
173 148 2
173 149 2
173 156 2
173 158 2
173 169 2
173 171 2
173 172 2
174 0 2
174 3 2
174 4 2
174 5 2
174 8 2
174 11 2
174 14 2
174 15 2
174 18 2
174 22 2
174 23 2
174 24 2
174 25 2
174 26 2
174 28 2
174 30 2
174 36 2
174 39 2
174 40 2
174 41 2
174 44 2
174 45 2
174 49 2
174 50 2
174 52 2
174 53 2
174 54 2
174 57 2
174 58 2
174 60 2
174 63 2
174 67 2
174 70 2
174 71 2
174 72 2
174 76 2
174 78 2
174 79 2
174 82 2
174 85 2
174 87 2
174 93 2
174 96 2
174 97 2
174 100 2
174 102 2
174 107 2
174 109 2
174 114 2
174 125 2
174 129 2
174 132 2
174 133 2
174 135 2
174 143 2
174 144 2
174 148 2
174 154 2
174 155 2
174 164 2
174 165 2
174 167 2
174 168 2
174 169 2
175 0 2
175 3 2
175 4 2
175 8 2
175 9 2
175 14 2
175 15 2
175 23 2
175 25 2
175 39 2
175 40 2
175 41 2
175 42 2
175 46 2
175 47 2
175 48 2
175 50 2
175 53 2
175 55 2
175 57 2
175 59 2
175 62 2
175 64 2
175 65 2
175 66 2
175 68 2
175 70 2
175 77 2
175 81 2
175 85 2
175 87 2
175 91 2
175 92 2
175 94 2
175 97 2
175 101 2
175 106 2
175 107 2
175 109 2
175 114 2
175 118 2
175 120 2
175 122 2
175 124 2
175 129 2
175 131 2
175 132 2
175 136 2
175 137 2
175 141 2
175 142 2
175 144 2
175 147 2
175 149 2
175 151 2
175 154 2
175 156 2
175 160 2
175 163 2
175 169 2
175 171 2
175 173 2
175 175 2
176 6 2
176 7 2
176 9 2
176 10 2
176 15 2
176 16 2
176 17 2
176 18 2
176 24 2
176 28 2
176 33 2
176 41 2
176 49 2
176 59 2
176 60 2
176 61 2
176 62 2
176 64 2
176 67 2
176 68 2
176 69 2
176 72 2
176 77 2
176 79 2
176 82 2
176 83 2
176 84 2
176 89 2
176 91 2
176 97 2
176 99 2
176 101 2
176 105 2
176 109 2
176 111 2
176 117 2
176 119 2
176 122 2
176 124 2
176 128 2
176 129 2
176 144 2
176 145 2
176 154 2
176 160 2
176 168 2
176 171 2
176 175 2
177 2 2
177 3 2
177 4 2
177 5 2
177 7 2
177 10 2
177 15 2
177 25 2
177 27 2
177 31 2
177 33 2
177 37 2
177 38 2
177 41 2
177 45 2
177 46 2
177 47 2
177 49 2
177 50 2
177 54 2
177 56 2
177 58 2
177 59 2
177 60 2
177 61 2
177 65 2
177 70 2
177 73 2
177 77 2
177 78 2
177 79 2
177 84 2
177 85 2
177 86 2
177 89 2
177 103 2
177 106 2
177 110 2
177 114 2
177 115 2
177 118 2
177 119 2
177 128 2
177 130 2
177 131 2
177 138 2
177 143 2
177 145 2
177 152 2
177 155 2
177 159 2
177 163 2
177 168 2
177 169 2
177 172 2
177 174 2
177 176 2
177 177 2
178 0 2
178 12 2
178 20 2
178 21 2
178 24 2
178 25 2
178 31 2
178 38 2
178 48 2
178 51 2
178 52 2
178 55 2
178 57 2
178 58 2
178 75 2
178 81 2
178 83 2
178 89 2
178 92 2
178 96 2
178 99 2
178 100 2
178 109 2
178 113 2
178 116 2
178 121 2
178 125 2
178 126 2
178 127 2
178 128 2
178 133 2
178 134 2
178 140 2
178 141 2
178 145 2
178 155 2
178 163 2
178 164 2
178 168 2
178 169 2
178 175 2
178 176 2
179 0 2
179 6 2
179 9 2
179 22 2
179 26 2
179 27 2
179 29 2
179 35 2
179 42 2
179 45 2
179 49 2
179 56 2
179 57 2
179 58 2
179 60 2
179 63 2
179 66 2
179 68 2
179 71 2
179 72 2
179 77 2
179 80 2
179 89 2
179 97 2
179 99 2
179 100 2
179 101 2
179 103 2
179 108 2
179 110 2
179 111 2
179 112 2
179 114 2
179 117 2
179 119 2
179 120 2
179 121 2
179 124 2
179 125 2
179 126 2
179 129 2
179 132 2
179 133 2
179 134 2
179 136 2
179 138 2
179 142 2
179 143 2
179 148 2
179 151 2
179 154 2
179 156 2
179 157 2
179 159 2
179 160 2
179 162 2
179 163 2
179 167 2
179 173 2
180 2 2
180 3 2
180 12 2
180 16 2
180 20 2
180 22 2
180 23 2
180 24 2
180 27 2
180 28 2
180 38 2
180 39 2
180 50 2
180 51 2
180 54 2
180 56 2
180 62 2
180 64 2
180 66 2
180 71 2
180 74 2
180 77 2
180 79 2
180 81 2
180 84 2
180 98 2
180 101 2
180 108 2
180 110 2
180 117 2
180 118 2
180 120 2
180 121 2
180 122 2
180 125 2
180 128 2
180 130 2
180 132 2
180 136 2
180 138 2
180 140 2
180 143 2
180 145 2
180 157 2
180 163 2
180 167 2
180 170 2
180 172 2
180 175 2
180 180 2
181 0 2
181 3 2
181 5 2
181 8 2
181 10 2
181 13 2
181 15 2
181 17 2
181 19 2
181 21 2
181 22 2
181 23 2
181 26 2
181 28 2
181 30 2
181 38 2
181 42 2
181 45 2
181 47 2
181 50 2
181 57 2
181 58 2
181 63 2
181 67 2
181 68 2
181 69 2
181 71 2
181 77 2
181 79 2
181 81 2
181 88 2
181 93 2
181 94 2
181 102 2
181 103 2
181 105 2
181 111 2
181 122 2
181 123 2
181 124 2
181 127 2
181 130 2
181 131 2
181 134 2
181 138 2
181 139 2
181 140 2
181 145 2
181 147 2
181 149 2
181 165 2
181 166 2
181 167 2
181 169 2
181 175 2
181 179 2
182 1 2
182 5 2
182 7 2
182 9 2
182 11 2
182 14 2
182 16 2
182 19 2
182 21 2
182 25 2
182 26 2
182 35 2
182 50 2
182 51 2
182 66 2
182 67 2
182 71 2
182 72 2
182 73 2
182 76 2
182 83 2
182 86 2
182 88 2
182 89 2
182 95 2
182 96 2
182 104 2
182 105 2
182 107 2
182 111 2
182 112 2
182 113 2
182 115 2
182 125 2
182 131 2
182 135 2
182 136 2
182 140 2
182 144 2
182 146 2
182 147 2
182 148 2
182 153 2
182 156 2
182 157 2
182 158 2
182 160 2
182 163 2
182 167 2
182 173 2
182 177 2
182 179 2
182 182 2
183 7 2
183 13 2
183 16 2
183 19 2
183 24 2
183 28 2
183 38 2
183 39 2
183 41 2
183 42 2
183 44 2
183 49 2
183 51 2
183 53 2
183 56 2
183 60 2
183 67 2
183 75 2
183 76 2
183 77 2
183 80 2
183 82 2
183 88 2
183 89 2
183 91 2
183 92 2
183 94 2
183 97 2
183 104 2
183 112 2
183 113 2
183 120 2
183 131 2
183 133 2
183 139 2
183 155 2
183 172 2
183 173 2
183 180 2
183 182 2
183 183 2
184 2 2
184 4 2
184 14 2
184 15 2
184 17 2
184 18 2
184 19 2
184 27 2
184 36 2
184 40 2
184 42 2
184 44 2
184 45 2
184 46 2
184 49 2
184 50 2
184 54 2
184 56 2
184 57 2
184 58 2
184 59 2
184 60 2
184 68 2
184 70 2
184 73 2
184 78 2
184 83 2
184 85 2
184 88 2
184 93 2
184 94 2
184 98 2
184 105 2
184 114 2
184 116 2
184 119 2
184 120 2
184 122 2
184 129 2
184 133 2
184 137 2
184 142 2
184 148 2
184 149 2
184 150 2
184 151 2
184 159 2
184 161 2
184 163 2
184 166 2
184 168 2
184 176 2
184 177 2
184 178 2
184 179 2
184 182 2
184 184 2
185 0 2
185 10 2
185 16 2
185 23 2
185 25 2
185 26 2
185 27 2
185 33 2
185 37 2
185 40 2
185 41 2
185 44 2
185 45 2
185 46 2
185 48 2
185 49 2
185 51 2
185 55 2
185 58 2
185 59 2
185 60 2
185 63 2
185 64 2
185 73 2
185 79 2
185 82 2
185 84 2
185 89 2
185 94 2
185 97 2
185 101 2
185 102 2
185 105 2
185 111 2
185 112 2
185 115 2
185 121 2
185 123 2
185 125 2
185 129 2
185 132 2
185 142 2
185 144 2
185 148 2
185 151 2
185 155 2
185 156 2
185 161 2
185 163 2
185 164 2
185 167 2
185 171 2
185 174 2
185 175 2
185 176 2
185 177 2
186 4 2
186 17 2
186 20 2
186 24 2
186 25 2
186 33 2
186 41 2
186 42 2
186 44 2
186 48 2
186 50 2
186 51 2
186 52 2
186 53 2
186 55 2
186 61 2
186 62 2
186 64 2
186 66 2
186 67 2
186 70 2
186 72 2
186 74 2
186 76 2
186 77 2
186 81 2
186 91 2
186 101 2
186 102 2
186 107 2
186 111 2
186 115 2
186 121 2
186 122 2
186 130 2
186 131 2
186 135 2
186 137 2
186 139 2
186 140 2
186 142 2
186 150 2
186 153 2
186 154 2
186 158 2
186 159 2
186 162 2
186 164 2
186 165 2
186 180 2
187 4 2
187 6 2
187 8 2
187 13 2
187 14 2
187 16 2
187 18 2
187 19 2
187 21 2
187 22 2
187 23 2
187 28 2
187 31 2
187 36 2
187 40 2
187 41 2
187 44 2
187 45 2
187 56 2
187 57 2
187 60 2
187 64 2
187 66 2
187 69 2
187 71 2
187 72 2
187 75 2
187 77 2
187 86 2
187 90 2
187 92 2
187 93 2
187 97 2
187 99 2
187 109 2
187 114 2
187 117 2
187 122 2
187 128 2
187 129 2
187 143 2
187 144 2
187 149 2
187 152 2
187 155 2
187 156 2
187 157 2
187 159 2
187 161 2
187 163 2
187 164 2
187 165 2
187 166 2
187 173 2
187 180 2
187 185 2
188 3 2
188 6 2
188 12 2
188 14 2
188 16 2
188 18 2
188 20 2
188 27 2
188 29 2
188 40 2
188 43 2
188 45 2
188 52 2
188 53 2
188 55 2
188 59 2
188 69 2
188 74 2
188 76 2
188 78 2
188 79 2
188 83 2
188 93 2
188 97 2
188 98 2
188 100 2
188 101 2
188 108 2
188 111 2
188 114 2
188 115 2
188 121 2
188 123 2
188 125 2
188 131 2
188 132 2
188 133 2
188 135 2
188 140 2
188 146 2
188 148 2
188 150 2
188 162 2
188 165 2
188 166 2
188 167 2
188 170 2
188 173 2
188 177 2
188 178 2
188 185 2
189 7 2
189 14 2
189 15 2
189 17 2
189 18 2
189 20 2
189 23 2
189 26 2
189 28 2
189 35 2
189 36 2
189 40 2
189 41 2
189 45 2
189 47 2
189 48 2
189 56 2
189 57 2
189 58 2
189 59 2
189 61 2
189 64 2
189 70 2
189 71 2
189 74 2
189 80 2
189 83 2
189 86 2
189 96 2
189 98 2
189 99 2
189 101 2
189 103 2
189 104 2
189 108 2
189 111 2
189 113 2
189 114 2
189 123 2
189 125 2
189 126 2
189 130 2
189 136 2
189 139 2
189 145 2
189 146 2
189 147 2
189 151 2
189 152 2
189 156 2
189 157 2
189 161 2
189 173 2
189 175 2
189 178 2
189 182 2
189 183 2
190 0 2
190 3 2
190 4 2
190 5 2
190 6 2
190 8 2
190 9 2
190 12 2
190 18 2
190 20 2
190 23 2
190 28 2
190 31 2
190 34 2
190 36 2
190 37 2
190 38 2
190 40 2
190 45 2
190 46 2
190 53 2
190 56 2
190 57 2
190 59 2
190 61 2
190 62 2
190 72 2
190 77 2
190 95 2
190 97 2
190 105 2
190 106 2
190 113 2
190 119 2
190 123 2
190 124 2
190 125 2
190 136 2
190 141 2
190 145 2
190 146 2
190 147 2
190 162 2
190 167 2
190 170 2
190 174 2
190 176 2
190 178 2
190 183 2
190 187 2
190 188 2
191 11 2
191 12 2
191 22 2
191 26 2
191 30 2
191 33 2
191 34 2
191 46 2
191 47 2
191 48 2
191 54 2
191 57 2
191 59 2
191 60 2
191 62 2
191 65 2
191 76 2
191 77 2
191 80 2
191 82 2
191 83 2
191 85 2
191 86 2
191 87 2
191 88 2
191 102 2
191 104 2
191 117 2
191 125 2
191 131 2
191 133 2
191 139 2
191 142 2
191 144 2
191 158 2
191 159 2
191 164 2
191 168 2
191 178 2
191 186 2
191 191 2
192 2 2
192 8 2
192 11 2
192 12 2
192 18 2
192 21 2
192 25 2
192 32 2
192 38 2
192 39 2
192 40 2
192 51 2
192 52 2
192 54 2
192 67 2
192 69 2
192 73 2
192 81 2
192 82 2
192 84 2
192 86 2
192 87 2
192 90 2
192 99 2
192 110 2
192 111 2
192 114 2
192 117 2
192 118 2
192 120 2
192 124 2
192 130 2
192 134 2
192 141 2
192 153 2
192 157 2
192 159 2
192 160 2
192 161 2
192 163 2
192 164 2
192 165 2
192 168 2
192 169 2
192 172 2
192 174 2
192 178 2
192 183 2
192 185 2
192 189 2
193 3 2
193 11 2
193 14 2
193 15 2
193 20 2
193 24 2
193 27 2
193 28 2
193 29 2
193 30 2
193 36 2
193 43 2
193 45 2
193 49 2
193 53 2
193 54 2
193 55 2
193 56 2
193 60 2
193 72 2
193 77 2
193 78 2
193 79 2
193 83 2
193 89 2
193 90 2
193 95 2
193 97 2
193 99 2
193 100 2
193 101 2
193 108 2
193 109 2
193 112 2
193 118 2
193 122 2
193 124 2
193 125 2
193 127 2
193 130 2
193 131 2
193 132 2
193 133 2
193 134 2
193 137 2
193 139 2
193 147 2
193 149 2
193 156 2
193 162 2
193 173 2
193 175 2
193 179 2
193 187 2
193 188 2
193 191 2
193 192 2
194 0 2
194 3 2
194 6 2
194 10 2
194 13 2
194 14 2
194 15 2
194 17 2
194 18 2
194 29 2
194 31 2
194 32 2
194 36 2
194 41 2
194 42 2
194 49 2
194 53 2
194 57 2
194 60 2
194 61 2
194 64 2
194 66 2
194 70 2
194 72 2
194 78 2
194 79 2
194 82 2
194 83 2
194 84 2
194 89 2
194 91 2
194 95 2
194 99 2
194 100 2
194 102 2
194 103 2
194 111 2
194 116 2
194 117 2
194 119 2
194 127 2
194 129 2
194 130 2
194 137 2
194 138 2
194 149 2
194 151 2
194 153 2
194 154 2
194 156 2
194 160 2
194 164 2
194 167 2
194 168 2
194 182 2
194 183 2
194 184 2
194 187 2
194 188 2
194 192 2
194 193 2
195 1 2
195 3 2
195 4 2
195 7 2
195 14 2
195 19 2
195 23 2
195 26 2
195 27 2
195 28 2
195 46 2
195 51 2
195 52 2
195 54 2
195 55 2
195 56 2
195 59 2
195 60 2
195 62 2
195 69 2
195 70 2
195 72 2
195 73 2
195 77 2
195 78 2
195 85 2
195 86 2
195 90 2
195 95 2
195 96 2
195 101 2
195 108 2
195 111 2
195 116 2
195 117 2
195 119 2
195 121 2
195 128 2
195 132 2
195 135 2
195 136 2
195 139 2
195 145 2
195 147 2
195 153 2
195 157 2
195 167 2
195 169 2
195 172 2
195 175 2
195 176 2
195 177 2
195 188 2
195 189 2
195 192 2
195 193 2
195 194 2
196 0 2
196 1 2
196 15 2
196 17 2
196 19 2
196 24 2
196 25 2
196 29 2
196 38 2
196 45 2
196 51 2
196 53 2
196 63 2
196 64 2
196 72 2
196 73 2
196 98 2
196 99 2
196 106 2
196 107 2
196 110 2
196 112 2
196 117 2
196 118 2
196 126 2
196 128 2
196 132 2
196 134 2
196 140 2
196 147 2
196 150 2
196 151 2
196 159 2
196 162 2
196 163 2
196 166 2
196 168 2
196 182 2
196 186 2
196 187 2
196 190 2
196 191 2
197 7 2
197 9 2
197 13 2
197 15 2
197 19 2
197 21 2
197 25 2
197 34 2
197 38 2
197 43 2
197 48 2
197 62 2
197 68 2
197 71 2
197 78 2
197 80 2
197 86 2
197 88 2
197 89 2
197 91 2
197 92 2
197 100 2
197 101 2
197 103 2
197 105 2
197 112 2
197 113 2
197 115 2
197 116 2
197 121 2
197 122 2
197 127 2
197 128 2
197 130 2
197 134 2
197 139 2
197 140 2
197 145 2
197 150 2
197 151 2
197 152 2
197 154 2
197 158 2
197 159 2
197 165 2
197 176 2
197 178 2
197 192 2
197 196 2
197 197 2
198 2 2
198 5 2
198 9 2
198 18 2
198 29 2
198 33 2
198 35 2
198 43 2
198 47 2
198 51 2
198 52 2
198 58 2
198 62 2
198 63 2
198 66 2
198 67 2
198 69 2
198 71 2
198 72 2
198 74 2
198 75 2
198 76 2
198 85 2
198 90 2
198 94 2
198 103 2
198 105 2
198 112 2
198 113 2
198 114 2
198 115 2
198 123 2
198 129 2
198 136 2
198 139 2
198 140 2
198 144 2
198 145 2
198 154 2
198 156 2
198 165 2
198 171 2
198 172 2
198 176 2
198 183 2
198 186 2
198 187 2
198 190 2
199 7 2
199 8 2
199 10 2
199 19 2
199 22 2
199 25 2
199 26 2
199 31 2
199 33 2
199 34 2
199 37 2
199 40 2
199 43 2
199 46 2
199 57 2
199 59 2
199 65 2
199 69 2
199 70 2
199 76 2
199 79 2
199 80 2
199 81 2
199 84 2
199 88 2
199 92 2
199 94 2
199 96 2
199 97 2
199 100 2
199 103 2
199 104 2
199 113 2
199 115 2
199 117 2
199 123 2
199 126 2
199 133 2
199 137 2
199 144 2
199 152 2
199 156 2
199 157 2
199 159 2
199 160 2
199 164 2
199 165 2
199 172 2
199 177 2
199 180 2
199 184 2
199 186 2
199 188 2
199 189 2
199 197 2
2 0 3
2 1 3
3 0 3
3 2 3
3 3 3
5 2 3
5 4 3
5 5 3
6 0 3
6 6 3
7 3 3
7 7 3
8 2 3
9 2 3
9 6 3
9 9 3
10 4 3
10 5 3
10 6 3
10 9 3
11 1 3
11 7 3
11 8 3
11 11 3
12 1 3
12 5 3
12 7 3
12 8 3
12 9 3
13 4 3
14 2 3
14 6 3
14 8 3
14 9 3
14 10 3
14 11 3
14 14 3
15 3 3
15 6 3
15 7 3
15 10 3
16 1 3
16 5 3
16 7 3
16 8 3
17 0 3
17 1 3
17 3 3
17 7 3
17 10 3
17 15 3
18 0 3
18 2 3
18 3 3
18 4 3
18 7 3
18 15 3
18 16 3
18 17 3
19 0 3
19 4 3
19 6 3
19 8 3
19 14 3
19 16 3
20 0 3
20 1 3
20 4 3
20 17 3
20 18 3
20 20 3
21 1 3
21 3 3
21 4 3
21 6 3
21 10 3
21 12 3
21 14 3
21 19 3
22 2 3
22 6 3
22 13 3
22 22 3
23 0 3
23 1 3
23 8 3
23 11 3
23 12 3
23 16 3
23 19 3
23 23 3
24 1 3
24 3 3
24 4 3
24 9 3
24 13 3
24 17 3
24 18 3
24 22 3
25 3 3
25 4 3
25 5 3
25 7 3
25 8 3
25 9 3
25 16 3
25 17 3
25 20 3
25 22 3
25 24 3
25 25 3
26 10 3
26 11 3
26 14 3
26 20 3
26 21 3
26 26 3
27 2 3
27 11 3
27 12 3
27 17 3
27 18 3
27 24 3
27 25 3
27 27 3
28 3 3
28 8 3
28 11 3
28 18 3
28 20 3
28 26 3
29 2 3
29 4 3
29 5 3
29 13 3
29 14 3
29 16 3
29 17 3
29 20 3
29 23 3
29 25 3
29 26 3
30 1 3
30 2 3
30 5 3
30 8 3
30 9 3
30 10 3
30 16 3
30 18 3
30 19 3
30 23 3
30 24 3
30 27 3
30 28 3
30 29 3
31 1 3
31 7 3
31 13 3
31 17 3
31 26 3
32 3 3
32 11 3
32 14 3
32 15 3
32 21 3
32 29 3
32 31 3
32 32 3
33 0 3
33 5 3
33 7 3
33 12 3
33 15 3
33 16 3
33 21 3
33 23 3
33 29 3
33 31 3
33 33 3
34 0 3
34 5 3
34 12 3
34 14 3
34 15 3
34 16 3
34 17 3
34 18 3
34 22 3
34 27 3
34 30 3
35 3 3
35 8 3
35 12 3
35 18 3
35 19 3
35 20 3
35 34 3
36 0 3
36 10 3
36 13 3
36 15 3
36 16 3
36 25 3
36 32 3
37 4 3
37 15 3
37 27 3
37 28 3
37 32 3
38 3 3
38 6 3
38 7 3
38 9 3
38 10 3
38 11 3
38 13 3
38 22 3
38 28 3
38 37 3
38 38 3
39 1 3
39 3 3
39 7 3
39 9 3
39 18 3
39 23 3
39 24 3
39 26 3
39 32 3
39 34 3
39 36 3
39 37 3
39 39 3
40 1 3
40 5 3
40 6 3
40 18 3
40 19 3
40 25 3
40 30 3
40 32 3
40 34 3
40 40 3
41 3 3
41 10 3
41 11 3
41 12 3
41 15 3
41 16 3
41 19 3
41 20 3
41 22 3
41 24 3
41 25 3
41 26 3
41 27 3
41 31 3
41 34 3
42 2 3
42 6 3
42 11 3
42 15 3
42 20 3
42 24 3
42 25 3
42 26 3
42 29 3
42 40 3
42 42 3
43 1 3
43 8 3
43 15 3
43 20 3
43 24 3
43 26 3
43 31 3
43 36 3
43 37 3
44 4 3
44 5 3
44 13 3
44 21 3
44 22 3
44 25 3
44 28 3
44 29 3
44 33 3
44 37 3
44 42 3
45 4 3
45 9 3
45 16 3
45 18 3
45 21 3
45 23 3
45 24 3
45 30 3
45 33 3
45 35 3
45 38 3
45 39 3
45 40 3
46 0 3
46 1 3
46 2 3
46 9 3
46 14 3
46 15 3
46 16 3
46 17 3
46 19 3
46 23 3
46 24 3
46 27 3
46 30 3
46 32 3
46 34 3
46 39 3
47 1 3
47 7 3
47 9 3
47 12 3
47 14 3
47 19 3
47 21 3
47 23 3
47 25 3
47 33 3
47 38 3
47 40 3
47 41 3
47 42 3
47 45 3
48 0 3
48 2 3
48 5 3
48 9 3
48 14 3
48 20 3
48 22 3
48 28 3
48 32 3
48 33 3
48 36 3
48 37 3
48 38 3
48 44 3
48 46 3
49 0 3
49 4 3
49 5 3
49 14 3
49 15 3
49 19 3
49 20 3
49 22 3
49 23 3
49 25 3
49 31 3
49 32 3
49 37 3
49 44 3
50 0 3
50 5 3
50 11 3
50 16 3
50 17 3
50 18 3
50 28 3
50 33 3
50 34 3
50 36 3
50 38 3
50 45 3
50 50 3
51 7 3
51 8 3
51 9 3
51 15 3
51 16 3
51 17 3
51 19 3
51 21 3
51 24 3
51 27 3
51 28 3
51 29 3
51 31 3
51 33 3
51 34 3
51 40 3
51 42 3
51 50 3
52 0 3
52 7 3
52 11 3
52 13 3
52 18 3
52 19 3
52 23 3
52 26 3
52 30 3
52 31 3
52 35 3
52 36 3
52 38 3
52 41 3
52 46 3
52 49 3
52 50 3
52 52 3
53 0 3
53 2 3
53 3 3
53 4 3
53 9 3
53 11 3
53 16 3
53 17 3
53 21 3
53 23 3
53 25 3
53 26 3
53 27 3
53 29 3
53 34 3
53 35 3
53 36 3
53 39 3
53 40 3
53 41 3
53 43 3
53 48 3
53 50 3
53 52 3
54 1 3
54 8 3
54 9 3
54 10 3
54 12 3
54 13 3
54 16 3
54 19 3
54 24 3
54 25 3
54 29 3
54 30 3
54 32 3
54 38 3
54 42 3
54 46 3
54 51 3
54 52 3
55 1 3
55 11 3
55 13 3
55 23 3
55 26 3
55 28 3
55 33 3
55 36 3
55 47 3
55 52 3
56 4 3
56 5 3
56 7 3
56 12 3
56 13 3
56 14 3
56 22 3
56 26 3
56 27 3
56 31 3
56 32 3
56 33 3
56 34 3
56 42 3
56 54 3
56 56 3
57 2 3
57 6 3
57 9 3
57 12 3
57 13 3
57 15 3
57 25 3
57 27 3
57 31 3
57 37 3
57 45 3
57 49 3
57 51 3
57 57 3
58 8 3
58 12 3
58 14 3
58 22 3
58 26 3
58 29 3
58 31 3
58 34 3
58 35 3
58 39 3
58 42 3
58 46 3
58 47 3
58 50 3
58 53 3
58 57 3
58 58 3
59 0 3
59 1 3
59 14 3
59 15 3
59 16 3
59 17 3
59 19 3
59 21 3
59 27 3
59 41 3
59 43 3
59 47 3
59 48 3
59 51 3
59 53 3
59 56 3
60 2 3
60 5 3
60 8 3
60 12 3
60 16 3
60 23 3
60 24 3
60 25 3
60 28 3
60 30 3
60 34 3
60 40 3
60 47 3
60 52 3
60 53 3
60 54 3
61 2 3
61 5 3
61 10 3
61 13 3
61 21 3
61 22 3
61 23 3
61 27 3
61 32 3
61 35 3
61 45 3
61 49 3
61 50 3
61 51 3
61 54 3
61 57 3
61 58 3
62 11 3
62 15 3
62 21 3
62 22 3
62 27 3
62 34 3
62 35 3
62 36 3
62 39 3
62 46 3
62 47 3
62 48 3
62 51 3
62 53 3
62 55 3
62 56 3
63 0 3
63 7 3
63 18 3
63 20 3
63 23 3
63 24 3
63 25 3
63 26 3
63 27 3
63 34 3
63 35 3
63 36 3
63 37 3
63 40 3
63 41 3
63 47 3
63 62 3
63 63 3
64 3 3
64 4 3
64 8 3
64 9 3
64 10 3
64 14 3
64 15 3
64 18 3
64 19 3
64 20 3
64 32 3
64 35 3
64 40 3
64 43 3
64 47 3
64 49 3
64 51 3
64 56 3
64 60 3
64 61 3
65 16 3
65 17 3
65 20 3
65 28 3
65 35 3
65 36 3
65 37 3
65 38 3
65 40 3
65 43 3
65 44 3
65 48 3
65 53 3
65 54 3
65 57 3
65 59 3
65 60 3
65 64 3
66 3 3
66 4 3
66 6 3
66 10 3
66 11 3
66 14 3
66 17 3
66 20 3
66 21 3
66 22 3
66 33 3
66 35 3
66 36 3
66 37 3
66 40 3
66 41 3
66 50 3
66 57 3
66 58 3
66 60 3
66 61 3
67 6 3
67 9 3
67 12 3
67 15 3
67 16 3
67 24 3
67 32 3
67 34 3
67 39 3
67 41 3
67 45 3
67 47 3
67 49 3
67 50 3
67 51 3
67 52 3
67 53 3
67 54 3
67 62 3
67 67 3
68 0 3
68 10 3
68 15 3
68 16 3
68 19 3
68 22 3
68 23 3
68 24 3
68 25 3
68 31 3
68 33 3
68 40 3
68 42 3
68 44 3
68 46 3
68 49 3
68 53 3
68 57 3
68 62 3
68 64 3
69 0 3
69 1 3
69 3 3
69 4 3
69 5 3
69 7 3
69 9 3
69 11 3
69 12 3
69 13 3
69 14 3
69 15 3
69 18 3
69 25 3
69 33 3
69 35 3
69 37 3
69 38 3
69 42 3
69 47 3
69 48 3
69 53 3
69 62 3
69 66 3
70 2 3
70 4 3
70 6 3
70 7 3
70 8 3
70 9 3
70 11 3
70 17 3
70 26 3
70 28 3
70 31 3
70 35 3
70 40 3
70 44 3
70 46 3
70 52 3
70 56 3
70 59 3
70 60 3
70 66 3
70 67 3
70 70 3
71 3 3
71 5 3
71 6 3
71 7 3
71 12 3
71 13 3
71 14 3
71 19 3
71 24 3
71 25 3
71 31 3
71 37 3
71 39 3
71 43 3
71 44 3
71 48 3
71 55 3
71 63 3
71 65 3
71 66 3
72 1 3
72 4 3
72 5 3
72 8 3
72 14 3
72 15 3
72 20 3
72 25 3
72 26 3
72 32 3
72 48 3
72 50 3
72 59 3
72 63 3
72 65 3
72 71 3
73 1 3
73 2 3
73 3 3
73 7 3
73 11 3
73 17 3
73 20 3
73 21 3
73 22 3
73 25 3
73 28 3
73 30 3
73 33 3
73 35 3
73 37 3
73 46 3
73 47 3
73 49 3
73 54 3
73 57 3
73 59 3
73 60 3
73 61 3
73 68 3
74 1 3
74 13 3
74 15 3
74 20 3
74 24 3
74 27 3
74 29 3
74 30 3
74 37 3
74 39 3
74 40 3
74 44 3
74 47 3
74 49 3
74 50 3
74 51 3
74 52 3
74 57 3
74 61 3
74 67 3
74 70 3
74 72 3
74 73 3
74 74 3
75 4 3
75 9 3
75 10 3
75 11 3
75 12 3
75 18 3
75 20 3
75 23 3
75 25 3
75 27 3
75 33 3
75 34 3
75 36 3
75 37 3
75 39 3
75 40 3
75 41 3
75 50 3
75 51 3
75 55 3
75 56 3
75 69 3
75 74 3
75 75 3
76 5 3
76 6 3
76 12 3
76 17 3
76 18 3
76 19 3
76 20 3
76 25 3
76 26 3
76 29 3
76 33 3
76 34 3
76 36 3
76 39 3
76 41 3
76 43 3
76 45 3
76 46 3
76 49 3
76 51 3
76 54 3
76 55 3
76 62 3
76 64 3
76 68 3
76 70 3
77 1 3
77 3 3
77 6 3
77 10 3
77 19 3
77 24 3
77 26 3
77 27 3
77 28 3
77 31 3
77 32 3
77 35 3
77 41 3
77 46 3
77 47 3
77 52 3
77 57 3
77 58 3
77 59 3
77 71 3
77 75 3
77 76 3
78 0 3
78 1 3
78 2 3
78 5 3
78 7 3
78 16 3
78 18 3
78 20 3
78 24 3
78 25 3
78 27 3
78 28 3
78 30 3
78 35 3
78 36 3
78 37 3
78 39 3
78 41 3
78 44 3
78 45 3
78 48 3
78 49 3
78 50 3
78 52 3
78 53 3
78 54 3
78 55 3
78 59 3
78 67 3
78 68 3
78 70 3
78 78 3
79 6 3
79 11 3
79 12 3
79 15 3
79 24 3
79 25 3
79 29 3
79 31 3
79 40 3
79 45 3
79 46 3
79 51 3
79 74 3
79 75 3
79 77 3
80 1 3
80 2 3
80 4 3
80 5 3
80 7 3
80 11 3
80 16 3
80 20 3
80 25 3
80 28 3
80 36 3
80 43 3
80 44 3
80 47 3
80 48 3
80 50 3
80 51 3
80 53 3
80 58 3
80 63 3
80 69 3
80 72 3
80 76 3
80 77 3
81 2 3
81 3 3
81 7 3
81 8 3
81 17 3
81 19 3
81 21 3
81 25 3
81 30 3
81 31 3
81 39 3
81 46 3
81 47 3
81 49 3
81 52 3
81 60 3
81 61 3
81 62 3
81 65 3
81 66 3
81 67 3
81 75 3
81 78 3
81 80 3
82 2 3
82 8 3
82 11 3
82 14 3
82 17 3
82 19 3
82 23 3
82 25 3
82 27 3
82 29 3
82 30 3
82 32 3
82 33 3
82 36 3
82 39 3
82 45 3
82 47 3
82 51 3
82 53 3
82 54 3
82 64 3
82 65 3
82 68 3
82 69 3
82 74 3
82 75 3
82 78 3
82 80 3
83 3 3
83 4 3
83 6 3
83 22 3
83 29 3
83 31 3
83 33 3
83 37 3
83 38 3
83 43 3
83 46 3
83 53 3
83 55 3
83 56 3
83 57 3
83 70 3
83 71 3
83 73 3
83 75 3
83 76 3
83 77 3
83 79 3
84 3 3
84 7 3
84 8 3
84 9 3
84 12 3
84 14 3
84 18 3
84 19 3
84 21 3
84 27 3
84 28 3
84 33 3
84 37 3
84 39 3
84 47 3
84 51 3
84 54 3
84 59 3
84 69 3
84 74 3
84 75 3
84 77 3
84 80 3
85 0 3
85 3 3
85 4 3
85 9 3
85 15 3
85 16 3
85 17 3
85 19 3
85 23 3
85 26 3
85 27 3
85 28 3
85 32 3
85 38 3
85 39 3
85 40 3
85 42 3
85 46 3
85 54 3
85 58 3
85 64 3
85 72 3
85 74 3
85 75 3
85 76 3
85 80 3
85 81 3
86 4 3
86 7 3
86 8 3
86 11 3
86 13 3
86 14 3
86 15 3
86 16 3
86 21 3
86 26 3
86 28 3
86 31 3
86 33 3
86 35 3
86 36 3
86 37 3
86 39 3
86 40 3
86 43 3
86 49 3
86 59 3
86 60 3
86 72 3
86 77 3
86 78 3
86 80 3
86 81 3
87 0 3
87 1 3
87 2 3
87 3 3
87 8 3
87 10 3
87 11 3
87 15 3
87 16 3
87 18 3
87 21 3
87 22 3
87 25 3
87 27 3
87 34 3
87 38 3
87 40 3
87 43 3
87 44 3
87 49 3
87 53 3
87 59 3
87 61 3
87 62 3
87 65 3
87 66 3
87 67 3
87 69 3
87 72 3
87 73 3
87 76 3
87 83 3
87 84 3
88 2 3
88 6 3
88 7 3
88 13 3
88 14 3
88 15 3
88 16 3
88 21 3
88 22 3
88 24 3
88 25 3
88 28 3
88 29 3
88 30 3
88 33 3
88 37 3
88 39 3
88 40 3
88 44 3
88 45 3
88 46 3
88 47 3
88 48 3
88 51 3
88 52 3
88 53 3
88 55 3
88 63 3
88 67 3
88 68 3
88 69 3
88 70 3
88 72 3
88 73 3
88 77 3
88 79 3
88 85 3
88 86 3
88 88 3
89 0 3
89 3 3
89 31 3
89 33 3
89 34 3
89 35 3
89 43 3
89 45 3
89 47 3
89 59 3
89 65 3
89 72 3
89 74 3
89 75 3
89 84 3
89 87 3
89 89 3
90 0 3
90 13 3
90 15 3
90 16 3
90 19 3
90 20 3
90 22 3
90 26 3
90 27 3
90 31 3
90 39 3
90 40 3
90 41 3
90 48 3
90 54 3
90 57 3
90 59 3
90 65 3
90 66 3
90 77 3
90 78 3
90 81 3
90 90 3
91 8 3
91 11 3
91 15 3
91 25 3
91 26 3
91 29 3
91 32 3
91 41 3
91 46 3
91 53 3
91 55 3
91 61 3
91 62 3
91 63 3
91 64 3
91 70 3
91 73 3
91 89 3
91 90 3
92 1 3
92 3 3
92 4 3
92 7 3
92 9 3
92 14 3
92 23 3
92 24 3
92 25 3
92 30 3
92 38 3
92 45 3
92 46 3
92 47 3
92 48 3
92 54 3
92 55 3
92 57 3
92 61 3
92 65 3
92 66 3
92 76 3
92 80 3
92 86 3
92 91 3
93 1 3
93 3 3
93 7 3
93 12 3
93 20 3
93 23 3
93 26 3
93 27 3
93 30 3
93 33 3
93 39 3
93 44 3
93 45 3
93 47 3
93 53 3
93 60 3
93 70 3
93 74 3
93 76 3
93 78 3
93 84 3
93 86 3
93 87 3
93 88 3
93 89 3
94 3 3
94 14 3
94 20 3
94 22 3
94 26 3
94 27 3
94 33 3
94 34 3
94 36 3
94 39 3
94 41 3
94 42 3
94 46 3
94 53 3
94 54 3
94 57 3
94 62 3
94 65 3
94 66 3
94 69 3
94 73 3
94 74 3
94 82 3
94 89 3
94 91 3
94 92 3
94 93 3
95 7 3
95 15 3
95 18 3
95 19 3
95 20 3
95 23 3
95 25 3
95 28 3
95 30 3
95 31 3
95 33 3
95 36 3
95 37 3
95 38 3
95 39 3
95 46 3
95 48 3
95 54 3
95 55 3
95 56 3
95 57 3
95 59 3
95 64 3
95 68 3
95 74 3
95 75 3
95 84 3
95 85 3
95 88 3
95 92 3
95 95 3
96 0 3
96 2 3
96 6 3
96 9 3
96 10 3
96 17 3
96 18 3
96 28 3
96 29 3
96 34 3
96 38 3
96 39 3
96 40 3
96 41 3
96 42 3
96 44 3
96 45 3
96 46 3
96 48 3
96 50 3
96 53 3
96 56 3
96 59 3
96 65 3
96 71 3
96 72 3
96 77 3
96 81 3
96 82 3
96 83 3
96 85 3
96 86 3
96 88 3
96 92 3
97 1 3
97 5 3
97 6 3
97 8 3
97 10 3
97 12 3
97 13 3
97 22 3
97 26 3
97 28 3
97 29 3
97 30 3
97 34 3
97 35 3
97 37 3
97 43 3
97 46 3
97 47 3
97 52 3
97 55 3
97 56 3
97 57 3
97 59 3
97 62 3
97 63 3
97 64 3
97 67 3
97 68 3
97 74 3
97 78 3
97 82 3
97 83 3
97 84 3
97 90 3
97 92 3
98 5 3
98 6 3
98 8 3
98 14 3
98 23 3
98 24 3
98 25 3
98 26 3
98 34 3
98 39 3
98 42 3
98 49 3
98 52 3
98 58 3
98 61 3
98 64 3
98 67 3
98 72 3
98 73 3
98 86 3
98 88 3
98 94 3
98 95 3
98 98 3
99 0 3
99 2 3
99 6 3
99 8 3
99 12 3
99 18 3
99 27 3
99 34 3
99 38 3
99 41 3
99 42 3
99 44 3
99 49 3
99 56 3
99 59 3
99 69 3
99 71 3
99 82 3
99 89 3
99 91 3
99 98 3
99 99 3
100 0 3
100 4 3
100 5 3
100 6 3
100 8 3
100 10 3
100 12 3
100 20 3
100 21 3
100 27 3
100 35 3
100 39 3
100 42 3
100 44 3
100 45 3
100 56 3
100 59 3
100 60 3
100 62 3
100 73 3
100 75 3
100 79 3
100 85 3
100 88 3
100 91 3
100 98 3
100 99 3
101 0 3
101 4 3
101 5 3
101 6 3
101 10 3
101 17 3
101 18 3
101 21 3
101 23 3
101 24 3
101 26 3
101 29 3
101 30 3
101 33 3
101 35 3
101 39 3
101 41 3
101 42 3
101 43 3
101 51 3
101 52 3
101 61 3
101 67 3
101 69 3
101 75 3
101 77 3
101 78 3
101 79 3
101 82 3
101 87 3
101 90 3
101 91 3
101 94 3
101 96 3
101 97 3
101 101 3
102 1 3
102 3 3
102 4 3
102 11 3
102 18 3
102 20 3
102 25 3
102 26 3
102 28 3
102 29 3
102 33 3
102 36 3
102 37 3
102 39 3
102 41 3
102 42 3
102 44 3
102 46 3
102 48 3
102 51 3
102 52 3
102 60 3
102 63 3
102 66 3
102 69 3
102 78 3
102 84 3
102 85 3
102 87 3
102 91 3
102 95 3
102 98 3
103 1 3
103 3 3
103 6 3
103 7 3
103 9 3
103 14 3
103 15 3
103 16 3
103 26 3
103 30 3
103 39 3
103 41 3
103 43 3
103 54 3
103 58 3
103 63 3
103 65 3
103 67 3
103 69 3
103 73 3
103 80 3
103 88 3
103 100 3
103 102 3
104 0 3
104 1 3
104 2 3
104 5 3
104 11 3
104 12 3
104 16 3
104 20 3
104 23 3
104 24 3
104 28 3
104 33 3
104 34 3
104 35 3
104 38 3
104 40 3
104 41 3
104 45 3
104 51 3
104 52 3
104 54 3
104 60 3
104 62 3
104 63 3
104 65 3
104 67 3
104 70 3
104 74 3
104 76 3
104 79 3
104 87 3
104 88 3
104 89 3
104 91 3
104 96 3
104 101 3
105 6 3
105 13 3
105 16 3
105 18 3
105 24 3
105 25 3
105 29 3
105 31 3
105 32 3
105 33 3
105 37 3
105 39 3
105 42 3
105 44 3
105 45 3
105 50 3
105 56 3
105 60 3
105 64 3
105 68 3
105 72 3
105 79 3
105 86 3
105 90 3
105 95 3
105 97 3
105 98 3
105 100 3
105 104 3
106 0 3
106 3 3
106 14 3
106 18 3
106 22 3
106 33 3
106 35 3
106 37 3
106 40 3
106 42 3
106 43 3
106 45 3
106 48 3
106 53 3
106 55 3
106 60 3
106 67 3
106 74 3
106 75 3
106 81 3
106 84 3
106 97 3
106 99 3
106 102 3
106 104 3
107 0 3
107 1 3
107 4 3
107 5 3
107 7 3
107 11 3
107 12 3
107 19 3
107 23 3
107 27 3
107 28 3
107 29 3
107 41 3
107 45 3
107 51 3
107 54 3
107 55 3
107 57 3
107 62 3
107 65 3
107 67 3
107 73 3
107 74 3
107 76 3
107 77 3
107 79 3
107 91 3
107 92 3
107 94 3
107 97 3
107 102 3
107 103 3
107 107 3
108 4 3
108 5 3
108 6 3
108 7 3
108 9 3
108 11 3
108 13 3
108 14 3
108 15 3
108 17 3
108 20 3
108 21 3
108 22 3
108 25 3
108 27 3
108 30 3
108 36 3
108 41 3
108 42 3
108 44 3
108 46 3
108 51 3
108 63 3
108 66 3
108 67 3
108 68 3
108 72 3
108 73 3
108 88 3
108 93 3
108 103 3
108 105 3
108 106 3
109 2 3
109 4 3
109 5 3
109 9 3
109 22 3
109 28 3
109 29 3
109 32 3
109 34 3
109 41 3
109 42 3
109 43 3
109 49 3
109 63 3
109 64 3
109 66 3
109 89 3
109 94 3
109 95 3
109 98 3
109 101 3
109 108 3
110 1 3
110 4 3
110 5 3
110 7 3
110 10 3
110 11 3
110 15 3
110 19 3
110 21 3
110 23 3
110 25 3
110 27 3
110 34 3
110 36 3
110 38 3
110 41 3
110 44 3
110 47 3
110 49 3
110 52 3
110 54 3
110 55 3
110 58 3
110 60 3
110 63 3
110 64 3
110 66 3
110 75 3
110 84 3
110 86 3
110 98 3
110 99 3
110 100 3
110 106 3
110 110 3
111 4 3
111 5 3
111 11 3
111 14 3
111 15 3
111 16 3
111 22 3
111 27 3
111 29 3
111 33 3
111 34 3
111 35 3
111 36 3
111 48 3
111 50 3
111 51 3
111 55 3
111 57 3
111 58 3
111 64 3
111 70 3
111 71 3
111 79 3
111 83 3
111 84 3
111 85 3
111 86 3
111 90 3
111 95 3
111 103 3
111 110 3
111 111 3
112 0 3
112 1 3
112 2 3
112 3 3
112 6 3
112 8 3
112 10 3
112 15 3
112 18 3
112 19 3
112 24 3
112 26 3
112 27 3
112 29 3
112 32 3
112 36 3
112 39 3
112 40 3
112 47 3
112 50 3
112 58 3
112 59 3
112 65 3
112 72 3
112 74 3
112 79 3
112 81 3
112 91 3
112 93 3
112 95 3
112 104 3
112 105 3
112 106 3
112 107 3
112 108 3
112 109 3
112 111 3
113 1 3
113 3 3
113 10 3
113 11 3
113 14 3
113 16 3
113 23 3
113 24 3
113 27 3
113 29 3
113 35 3
113 41 3
113 42 3
113 46 3
113 48 3
113 51 3
113 54 3
113 55 3
113 63 3
113 64 3
113 69 3
113 73 3
113 74 3
113 75 3
113 78 3
113 79 3
113 83 3
113 87 3
113 88 3
113 91 3
113 94 3
113 101 3
113 106 3
113 111 3
113 113 3
114 0 3
114 4 3
114 9 3
114 12 3
114 13 3
114 17 3
114 23 3
114 24 3
114 25 3
114 29 3
114 33 3
114 36 3
114 37 3
114 40 3
114 42 3
114 45 3
114 47 3
114 48 3
114 50 3
114 52 3
114 54 3
114 55 3
114 59 3
114 64 3
114 65 3
114 70 3
114 71 3
114 72 3
114 77 3
114 78 3
114 80 3
114 81 3
114 87 3
114 88 3
114 89 3
114 91 3
114 94 3
114 101 3
114 102 3
114 103 3
114 107 3
114 108 3
115 0 3
115 2 3
115 11 3
115 12 3
115 17 3
115 20 3
115 22 3
115 27 3
115 33 3
115 34 3
115 36 3
115 44 3
115 46 3
115 50 3
115 52 3
115 55 3
115 56 3
115 57 3
115 63 3
115 68 3
115 73 3
115 74 3
115 75 3
115 80 3
115 81 3
115 82 3
115 86 3
115 90 3
115 92 3
115 103 3
115 112 3
115 114 3
116 1 3
116 2 3
116 3 3
116 27 3
116 32 3
116 35 3
116 38 3
116 47 3
116 48 3
116 49 3
116 51 3
116 52 3
116 53 3
116 54 3
116 58 3
116 59 3
116 60 3
116 65 3
116 70 3
116 73 3
116 74 3
116 75 3
116 78 3
116 87 3
116 88 3
116 92 3
116 93 3
116 95 3
116 96 3
116 97 3
116 106 3
116 116 3
117 3 3
117 8 3
117 10 3
117 22 3
117 31 3
117 32 3
117 36 3
117 40 3
117 41 3
117 42 3
117 57 3
117 66 3
117 70 3
117 71 3
117 73 3
117 78 3
117 80 3
117 88 3
117 89 3
117 90 3
117 91 3
117 102 3
117 105 3
117 106 3
117 107 3
117 108 3
117 115 3
118 0 3
118 4 3
118 11 3
118 13 3
118 16 3
118 23 3
118 24 3
118 28 3
118 29 3
118 30 3
118 31 3
118 32 3
118 46 3
118 48 3
118 49 3
118 50 3
118 52 3
118 54 3
118 55 3
118 62 3
118 64 3
118 66 3
118 67 3
118 69 3
118 70 3
118 73 3
118 75 3
118 79 3
118 81 3
118 92 3
118 94 3
118 95 3
118 100 3
118 106 3
118 107 3
118 113 3
118 118 3
119 8 3
119 13 3
119 17 3
119 20 3
119 22 3
119 28 3
119 31 3
119 33 3
119 36 3
119 41 3
119 46 3
119 50 3
119 52 3
119 55 3
119 56 3
119 57 3
119 58 3
119 59 3
119 64 3
119 65 3
119 68 3
119 69 3
119 71 3
119 73 3
119 75 3
119 78 3
119 81 3
119 84 3
119 88 3
119 91 3
119 92 3
119 106 3
119 111 3
119 113 3
119 114 3
119 115 3
119 119 3
120 0 3
120 1 3
120 6 3
120 8 3
120 11 3
120 14 3
120 17 3
120 24 3
120 28 3
120 34 3
120 36 3
120 39 3
120 44 3
120 47 3
120 51 3
120 52 3
120 53 3
120 61 3
120 63 3
120 64 3
120 69 3
120 74 3
120 75 3
120 80 3
120 82 3
120 86 3
120 88 3
120 90 3
120 92 3
120 93 3
120 95 3
120 98 3
120 100 3
120 104 3
120 106 3
120 112 3
120 114 3
120 115 3
120 116 3
120 118 3
120 119 3
121 0 3
121 1 3
121 2 3
121 10 3
121 17 3
121 21 3
121 25 3
121 27 3
121 29 3
121 31 3
121 34 3
121 37 3
121 43 3
121 45 3
121 50 3
121 53 3
121 55 3
121 69 3
121 78 3
121 79 3
121 85 3
121 88 3
121 89 3
121 93 3
121 96 3
121 100 3
121 101 3
121 104 3
121 106 3
121 107 3
121 112 3
122 0 3
122 2 3
122 5 3
122 7 3
122 9 3
122 10 3
122 14 3
122 17 3
122 18 3
122 20 3
122 27 3
122 28 3
122 38 3
122 39 3
122 41 3
122 42 3
122 43 3
122 46 3
122 48 3
122 50 3
122 55 3
122 57 3
122 60 3
122 63 3
122 65 3
122 66 3
122 67 3
122 69 3
122 78 3
122 81 3
122 88 3
122 91 3
122 96 3
122 99 3
122 111 3
122 112 3
122 118 3
122 119 3
122 122 3
123 2 3
123 3 3
123 4 3
123 6 3
123 10 3
123 14 3
123 17 3
123 22 3
123 24 3
123 26 3
123 37 3
123 44 3
123 51 3
123 56 3
123 63 3
123 65 3
123 66 3
123 77 3
123 79 3
123 89 3
123 90 3
123 105 3
123 107 3
123 111 3
123 113 3
123 119 3
123 120 3
123 123 3
124 2 3
124 8 3
124 9 3
124 15 3
124 16 3
124 23 3
124 28 3
124 32 3
124 37 3
124 40 3
124 41 3
124 44 3
124 52 3
124 57 3
124 58 3
124 63 3
124 73 3
124 75 3
124 76 3
124 84 3
124 95 3
124 97 3
124 98 3
124 99 3
124 100 3
124 102 3
124 110 3
124 119 3
124 120 3
125 1 3
125 2 3
125 3 3
125 16 3
125 17 3
125 25 3
125 27 3
125 29 3
125 34 3
125 38 3
125 43 3
125 46 3
125 48 3
125 54 3
125 61 3
125 65 3
125 69 3
125 70 3
125 72 3
125 73 3
125 79 3
125 84 3
125 87 3
125 92 3
125 103 3
125 104 3
125 109 3
125 111 3
125 113 3
125 115 3
125 118 3
125 123 3
125 124 3
125 125 3
126 0 3
126 6 3
126 10 3
126 16 3
126 17 3
126 23 3
126 25 3
126 29 3
126 35 3
126 41 3
126 42 3
126 45 3
126 50 3
126 58 3
126 67 3
126 68 3
126 70 3
126 87 3
126 89 3
126 90 3
126 91 3
126 93 3
126 96 3
126 100 3
126 102 3
126 104 3
126 106 3
126 108 3
126 112 3
126 119 3
126 122 3
126 123 3
126 126 3
127 6 3
127 8 3
127 9 3
127 12 3
127 13 3
127 15 3
127 26 3
127 28 3
127 29 3
127 30 3
127 31 3
127 34 3
127 37 3
127 39 3
127 49 3
127 51 3
127 53 3
127 55 3
127 60 3
127 61 3
127 63 3
127 72 3
127 74 3
127 76 3
127 78 3
127 80 3
127 81 3
127 85 3
127 88 3
127 89 3
127 95 3
127 96 3
127 100 3
127 103 3
127 106 3
127 123 3
128 5 3
128 7 3
128 12 3
128 14 3
128 16 3
128 17 3
128 22 3
128 24 3
128 27 3
128 29 3
128 32 3
128 37 3
128 40 3
128 44 3
128 49 3
128 53 3
128 61 3
128 64 3
128 71 3
128 77 3
128 80 3
128 83 3
128 87 3
128 95 3
128 96 3
128 105 3
128 106 3
128 107 3
128 111 3
128 117 3
128 120 3
128 123 3
128 124 3
128 126 3
129 1 3
129 3 3
129 6 3
129 7 3
129 10 3
129 12 3
129 13 3
129 19 3
129 27 3
129 28 3
129 30 3
129 34 3
129 36 3
129 39 3
129 41 3
129 44 3
129 47 3
129 68 3
129 70 3
129 82 3
129 86 3
129 89 3
129 91 3
129 93 3
129 97 3
129 102 3
129 104 3
129 105 3
129 107 3
129 108 3
129 109 3
129 112 3
129 113 3
129 124 3
129 125 3
129 127 3
129 128 3
129 129 3
130 5 3
130 6 3
130 7 3
130 8 3
130 9 3
130 10 3
130 11 3
130 12 3
130 13 3
130 16 3
130 18 3
130 20 3
130 24 3
130 35 3
130 36 3
130 41 3
130 43 3
130 46 3
130 47 3
130 48 3
130 51 3
130 55 3
130 57 3
130 58 3
130 59 3
130 61 3
130 64 3
130 65 3
130 69 3
130 70 3
130 72 3
130 84 3
130 86 3
130 87 3
130 89 3
130 92 3
130 93 3
130 94 3
130 97 3
130 101 3
130 102 3
130 104 3
130 107 3
130 109 3
130 114 3
130 118 3
130 122 3
130 123 3
131 4 3
131 10 3
131 13 3
131 17 3
131 19 3
131 21 3
131 26 3
131 27 3
131 29 3
131 31 3
131 43 3
131 56 3
131 61 3
131 62 3
131 71 3
131 74 3
131 79 3
131 83 3
131 85 3
131 87 3
131 98 3
131 109 3
131 110 3
131 123 3
131 128 3
132 0 3
132 6 3
132 18 3
132 21 3
132 22 3
132 24 3
132 26 3
132 30 3
132 33 3
132 40 3
132 47 3
132 51 3
132 57 3
132 63 3
132 64 3
132 65 3
132 68 3
132 69 3
132 72 3
132 73 3
132 76 3
132 81 3
132 99 3
132 100 3
132 108 3
132 111 3
132 112 3
132 123 3
132 124 3
132 131 3
132 132 3
133 0 3
133 7 3
133 12 3
133 15 3
133 16 3
133 24 3
133 30 3
133 33 3
133 35 3
133 36 3
133 41 3
133 42 3
133 43 3
133 45 3
133 51 3
133 54 3
133 58 3
133 60 3
133 62 3
133 66 3
133 67 3
133 68 3
133 70 3
133 71 3
133 73 3
133 74 3
133 75 3
133 76 3
133 87 3
133 91 3
133 93 3
133 94 3
133 97 3
133 98 3
133 101 3
133 107 3
133 112 3
133 115 3
133 116 3
133 118 3
133 125 3
133 127 3
133 130 3
134 0 3
134 1 3
134 5 3
134 12 3
134 16 3
134 18 3
134 24 3
134 30 3
134 31 3
134 33 3
134 34 3
134 39 3
134 45 3
134 51 3
134 56 3
134 58 3
134 59 3
134 60 3
134 62 3
134 70 3
134 71 3
134 72 3
134 76 3
134 78 3
134 85 3
134 86 3
134 88 3
134 89 3
134 93 3
134 96 3
134 97 3
134 104 3
134 106 3
134 121 3
134 129 3
134 131 3
134 134 3
135 0 3
135 2 3
135 6 3
135 7 3
135 12 3
135 16 3
135 20 3
135 24 3
135 33 3
135 36 3
135 38 3
135 40 3
135 44 3
135 47 3
135 48 3
135 50 3
135 51 3
135 53 3
135 54 3
135 55 3
135 57 3
135 59 3
135 60 3
135 63 3
135 65 3
135 67 3
135 74 3
135 79 3
135 81 3
135 82 3
135 86 3
135 91 3
135 93 3
135 95 3
135 96 3
135 98 3
135 101 3
135 103 3
135 107 3
135 109 3
135 116 3
135 117 3
135 124 3
135 125 3
135 126 3
135 130 3
135 134 3
136 7 3
136 10 3
136 12 3
136 15 3
136 16 3
136 23 3
136 24 3
136 25 3
136 46 3
136 50 3
136 51 3
136 54 3
136 55 3
136 58 3
136 59 3
136 67 3
136 72 3
136 73 3
136 75 3
136 76 3
136 81 3
136 84 3
136 86 3
136 87 3
136 89 3
136 91 3
136 96 3
136 97 3
136 98 3
136 104 3
136 111 3
136 120 3
136 121 3
136 122 3
136 124 3
136 126 3
136 127 3
136 133 3
136 134 3
137 2 3
137 12 3
137 13 3
137 16 3
137 17 3
137 21 3
137 22 3
137 25 3
137 28 3
137 29 3
137 30 3
137 38 3
137 39 3
137 40 3
137 43 3
137 45 3
137 46 3
137 48 3
137 50 3
137 53 3
137 54 3
137 55 3
137 57 3
137 70 3
137 71 3
137 72 3
137 73 3
137 76 3
137 81 3
137 82 3
137 86 3
137 87 3
137 92 3
137 96 3
137 97 3
137 106 3
137 109 3
137 122 3
137 126 3
138 0 3
138 1 3
138 4 3
138 5 3
138 9 3
138 21 3
138 22 3
138 23 3
138 27 3
138 28 3
138 30 3
138 35 3
138 39 3
138 41 3
138 44 3
138 47 3
138 48 3
138 49 3
138 56 3
138 65 3
138 69 3
138 78 3
138 82 3
138 84 3
138 85 3
138 86 3
138 87 3
138 88 3
138 92 3
138 93 3
138 97 3
138 103 3
138 104 3
138 107 3
138 112 3
138 113 3
138 115 3
138 117 3
138 129 3
138 130 3
138 131 3
139 2 3
139 7 3
139 11 3
139 15 3
139 16 3
139 21 3
139 23 3
139 24 3
139 30 3
139 31 3
139 33 3
139 38 3
139 47 3
139 51 3
139 52 3
139 53 3
139 63 3
139 65 3
139 67 3
139 73 3
139 75 3
139 82 3
139 84 3
139 85 3
139 87 3
139 88 3
139 92 3
139 94 3
139 95 3
139 98 3
139 106 3
139 108 3
139 122 3
139 125 3
139 127 3
139 128 3
139 130 3
139 131 3
139 134 3
139 135 3
139 137 3
139 138 3
140 0 3
140 1 3
140 3 3
140 5 3
140 6 3
140 9 3
140 13 3
140 14 3
140 22 3
140 23 3
140 24 3
140 25 3
140 30 3
140 31 3
140 33 3
140 36 3
140 38 3
140 43 3
140 44 3
140 47 3
140 48 3
140 50 3
140 51 3
140 55 3
140 57 3
140 63 3
140 69 3
140 74 3
140 78 3
140 85 3
140 94 3
140 102 3
140 103 3
140 113 3
140 117 3
140 120 3
140 125 3
140 126 3
140 128 3
140 133 3
140 136 3
140 137 3
140 139 3
141 10 3
141 13 3
141 15 3
141 20 3
141 21 3
141 22 3
141 23 3
141 29 3
141 31 3
141 38 3
141 49 3
141 50 3
141 52 3
141 54 3
141 59 3
141 61 3
141 64 3
141 65 3
141 71 3
141 72 3
141 73 3
141 74 3
141 76 3
141 77 3
141 78 3
141 79 3
141 90 3
141 98 3
141 101 3
141 104 3
141 105 3
141 106 3
141 120 3
141 123 3
141 125 3
141 126 3
141 128 3
141 131 3
141 133 3
142 0 3
142 1 3
142 6 3
142 10 3
142 11 3
142 12 3
142 15 3
142 20 3
142 26 3
142 27 3
142 32 3
142 35 3
142 36 3
142 37 3
142 50 3
142 53 3
142 58 3
142 59 3
142 64 3
142 66 3
142 67 3
142 73 3
142 76 3
142 78 3
142 85 3
142 89 3
142 90 3
142 93 3
142 94 3
142 95 3
142 96 3
142 99 3
142 108 3
142 113 3
142 117 3
142 123 3
142 130 3
142 131 3
142 142 3
143 0 3
143 9 3
143 11 3
143 12 3
143 17 3
143 28 3
143 36 3
143 37 3
143 38 3
143 40 3
143 43 3
143 48 3
143 49 3
143 57 3
143 59 3
143 62 3
143 69 3
143 70 3
143 71 3
143 75 3
143 78 3
143 91 3
143 93 3
143 96 3
143 103 3
143 107 3
143 108 3
143 113 3
143 114 3
143 115 3
143 116 3
143 119 3
143 120 3
143 125 3
143 126 3
143 127 3
143 135 3
143 136 3
143 138 3
143 143 3
144 3 3
144 5 3
144 7 3
144 9 3
144 13 3
144 14 3
144 15 3
144 20 3
144 21 3
144 22 3
144 27 3
144 29 3
144 30 3
144 43 3
144 44 3
144 46 3
144 47 3
144 50 3
144 56 3
144 59 3
144 63 3
144 70 3
144 71 3
144 85 3
144 89 3
144 90 3
144 97 3
144 105 3
144 124 3
144 128 3
144 133 3
144 138 3
144 139 3
144 141 3
144 142 3
145 11 3
145 12 3
145 20 3
145 21 3
145 34 3
145 38 3
145 39 3
145 40 3
145 56 3
145 61 3
145 66 3
145 67 3
145 72 3
145 76 3
145 77 3
145 79 3
145 81 3
145 82 3
145 83 3
145 89 3
145 90 3
145 94 3
145 97 3
145 104 3
145 110 3
145 111 3
145 113 3
145 116 3
145 117 3
145 124 3
145 125 3
145 131 3
145 139 3
145 145 3
146 3 3
146 6 3
146 10 3
146 14 3
146 23 3
146 25 3
146 27 3
146 30 3
146 34 3
146 35 3
146 54 3
146 60 3
146 64 3
146 67 3
146 71 3
146 75 3
146 81 3
146 85 3
146 86 3
146 89 3
146 93 3
146 94 3
146 95 3
146 105 3
146 106 3
146 111 3
146 114 3
146 116 3
146 119 3
146 126 3
146 127 3
146 130 3
146 132 3
146 133 3
146 136 3
146 142 3
146 143 3
146 145 3
147 2 3
147 4 3
147 5 3
147 7 3
147 10 3
147 11 3
147 15 3
147 16 3
147 18 3
147 20 3
147 21 3
147 23 3
147 24 3
147 25 3
147 26 3
147 28 3
147 32 3
147 35 3
147 37 3
147 38 3
147 39 3
147 41 3
147 43 3
147 54 3
147 55 3
147 59 3
147 65 3
147 69 3
147 71 3
147 75 3
147 76 3
147 80 3
147 82 3
147 86 3
147 89 3
147 95 3
147 98 3
147 107 3
147 113 3
147 115 3
147 116 3
147 117 3
147 119 3
147 128 3
147 130 3
147 132 3
147 133 3
147 136 3
147 137 3
147 138 3
147 146 3
148 1 3
148 7 3
148 12 3
148 14 3
148 19 3
148 20 3
148 21 3
148 23 3
148 24 3
148 32 3
148 39 3
148 42 3
148 44 3
148 58 3
148 68 3
148 69 3
148 72 3
148 74 3
148 75 3
148 76 3
148 77 3
148 79 3
148 82 3
148 87 3
148 88 3
148 90 3
148 91 3
148 95 3
148 99 3
148 104 3
148 105 3
148 109 3
148 113 3
148 115 3
148 116 3
148 118 3
148 120 3
148 121 3
148 122 3
148 123 3
148 124 3
148 127 3
148 130 3
148 133 3
148 136 3
148 143 3
148 144 3
149 3 3
149 5 3
149 11 3
149 12 3
149 13 3
149 14 3
149 16 3
149 24 3
149 30 3
149 44 3
149 48 3
149 49 3
149 50 3
149 52 3
149 55 3
149 56 3
149 59 3
149 70 3
149 71 3
149 72 3
149 75 3
149 77 3
149 79 3
149 81 3
149 84 3
149 89 3
149 90 3
149 91 3
149 96 3
149 97 3
149 107 3
149 108 3
149 111 3
149 117 3
149 127 3
149 132 3
149 135 3
149 149 3
150 1 3
150 5 3
150 9 3
150 11 3
150 17 3
150 18 3
150 20 3
150 22 3
150 25 3
150 28 3
150 35 3
150 38 3
150 39 3
150 41 3
150 42 3
150 46 3
150 48 3
150 50 3
150 60 3
150 62 3
150 67 3
150 70 3
150 89 3
150 94 3
150 95 3
150 96 3
150 97 3
150 100 3
150 101 3
150 102 3
150 105 3
150 109 3
150 112 3
150 114 3
150 115 3
150 119 3
150 120 3
150 121 3
150 122 3
150 127 3
150 128 3
150 134 3
150 136 3
150 138 3
150 139 3
150 142 3
150 146 3
150 148 3
150 150 3
151 4 3
151 5 3
151 6 3
151 10 3
151 19 3
151 22 3
151 26 3
151 31 3
151 36 3
151 47 3
151 62 3
151 63 3
151 71 3
151 72 3
151 73 3
151 79 3
151 80 3
151 81 3
151 82 3
151 85 3
151 86 3
151 90 3
151 98 3
151 103 3
151 108 3
151 110 3
151 112 3
151 121 3
151 128 3
151 132 3
151 134 3
151 144 3
151 145 3
151 147 3
151 149 3
151 151 3
152 4 3
152 7 3
152 11 3
152 14 3
152 15 3
152 31 3
152 37 3
152 42 3
152 46 3
152 49 3
152 50 3
152 51 3
152 58 3
152 65 3
152 71 3
152 73 3
152 74 3
152 80 3
152 85 3
152 89 3
152 105 3
152 107 3
152 111 3
152 113 3
152 116 3
152 117 3
152 123 3
152 128 3
152 132 3
152 135 3
152 137 3
152 145 3
152 150 3
152 152 3
153 0 3
153 1 3
153 11 3
153 20 3
153 21 3
153 27 3
153 33 3
153 34 3
153 35 3
153 36 3
153 38 3
153 39 3
153 40 3
153 42 3
153 48 3
153 51 3
153 54 3
153 59 3
153 69 3
153 70 3
153 71 3
153 72 3
153 76 3
153 78 3
153 80 3
153 91 3
153 95 3
153 97 3
153 100 3
153 102 3
153 103 3
153 107 3
153 108 3
153 113 3
153 115 3
153 122 3
153 123 3
153 124 3
153 127 3
153 135 3
153 139 3
153 150 3
154 11 3
154 13 3
154 14 3
154 20 3
154 23 3
154 24 3
154 30 3
154 34 3
154 37 3
154 39 3
154 43 3
154 44 3
154 46 3
154 50 3
154 51 3
154 52 3
154 54 3
154 67 3
154 75 3
154 76 3
154 78 3
154 88 3
154 97 3
154 102 3
154 104 3
154 116 3
154 118 3
154 122 3
154 125 3
154 127 3
154 136 3
154 143 3
154 144 3
154 150 3
155 7 3
155 13 3
155 15 3
155 29 3
155 31 3
155 42 3
155 49 3
155 50 3
155 56 3
155 57 3
155 67 3
155 72 3
155 73 3
155 80 3
155 82 3
155 84 3
155 88 3
155 90 3
155 92 3
155 93 3
155 95 3
155 99 3
155 103 3
155 107 3
155 109 3
155 110 3
155 111 3
155 116 3
155 118 3
155 126 3
155 131 3
155 137 3
155 138 3
155 141 3
155 147 3
155 152 3
156 0 3
156 6 3
156 9 3
156 13 3
156 14 3
156 16 3
156 18 3
156 25 3
156 28 3
156 29 3
156 30 3
156 32 3
156 35 3
156 38 3
156 42 3
156 43 3
156 48 3
156 54 3
156 58 3
156 59 3
156 60 3
156 73 3
156 75 3
156 77 3
156 78 3
156 79 3
156 80 3
156 85 3
156 90 3
156 92 3
156 94 3
156 96 3
156 100 3
156 104 3
156 112 3
156 113 3
156 115 3
156 118 3
156 124 3
156 126 3
156 129 3
156 133 3
156 137 3
156 140 3
156 142 3
156 144 3
156 146 3
156 149 3
156 150 3
156 151 3
156 153 3
156 155 3
157 3 3
157 4 3
157 11 3
157 18 3
157 24 3
157 28 3
157 29 3
157 30 3
157 35 3
157 36 3
157 43 3
157 46 3
157 47 3
157 51 3
157 59 3
157 60 3
157 62 3
157 67 3
157 70 3
157 73 3
157 75 3
157 76 3
157 82 3
157 87 3
157 88 3
157 89 3
157 93 3
157 96 3
157 99 3
157 107 3
157 109 3
157 113 3
157 116 3
157 118 3
157 129 3
157 135 3
157 138 3
157 139 3
157 141 3
157 146 3
157 147 3
157 153 3
157 154 3
157 156 3
157 157 3
158 5 3
158 6 3
158 11 3
158 13 3
158 14 3
158 16 3
158 21 3
158 26 3
158 27 3
158 29 3
158 31 3
158 32 3
158 35 3
158 38 3
158 44 3
158 45 3
158 46 3
158 48 3
158 54 3
158 57 3
158 60 3
158 66 3
158 68 3
158 69 3
158 72 3
158 81 3
158 83 3
158 84 3
158 85 3
158 91 3
158 96 3
158 97 3
158 98 3
158 99 3
158 102 3
158 110 3
158 117 3
158 128 3
158 130 3
158 139 3
158 140 3
158 145 3
158 147 3
158 149 3
158 151 3
158 155 3
158 157 3
159 1 3
159 6 3
159 8 3
159 12 3
159 15 3
159 23 3
159 24 3
159 29 3
159 31 3
159 33 3
159 34 3
159 42 3
159 44 3
159 48 3
159 51 3
159 52 3
159 61 3
159 62 3
159 70 3
159 71 3
159 76 3
159 77 3
159 78 3
159 79 3
159 80 3
159 85 3
159 86 3
159 87 3
159 91 3
159 97 3
159 101 3
159 103 3
159 104 3
159 105 3
159 106 3
159 110 3
159 111 3
159 112 3
159 116 3
159 118 3
159 119 3
159 121 3
159 124 3
159 126 3
159 127 3
159 129 3
159 131 3
159 133 3
159 136 3
159 138 3
159 142 3
159 143 3
159 144 3
159 145 3
159 146 3
159 151 3
159 154 3
159 156 3
159 158 3
160 0 3
160 2 3
160 3 3
160 15 3
160 20 3
160 25 3
160 30 3
160 33 3
160 38 3
160 43 3
160 45 3
160 47 3
160 52 3
160 55 3
160 58 3
160 59 3
160 64 3
160 66 3
160 70 3
160 77 3
160 79 3
160 80 3
160 82 3
160 85 3
160 88 3
160 89 3
160 101 3
160 110 3
160 118 3
160 122 3
160 125 3
160 126 3
160 129 3
160 133 3
160 134 3
160 135 3
160 136 3
160 138 3
160 140 3
160 146 3
160 151 3
160 153 3
160 156 3
161 1 3
161 2 3
161 8 3
161 12 3
161 14 3
161 16 3
161 19 3
161 24 3
161 25 3
161 27 3
161 28 3
161 33 3
161 35 3
161 38 3
161 44 3
161 46 3
161 47 3
161 48 3
161 50 3
161 51 3
161 53 3
161 60 3
161 61 3
161 64 3
161 67 3
161 69 3
161 70 3
161 76 3
161 80 3
161 81 3
161 85 3
161 88 3
161 91 3
161 97 3
161 101 3
161 104 3
161 106 3
161 109 3
161 114 3
161 121 3
161 127 3
161 128 3
161 131 3
161 135 3
161 137 3
161 139 3
161 142 3
161 148 3
161 154 3
162 1 3
162 2 3
162 4 3
162 5 3
162 8 3
162 11 3
162 17 3
162 20 3
162 22 3
162 23 3
162 26 3
162 29 3
162 33 3
162 35 3
162 36 3
162 39 3
162 43 3
162 46 3
162 53 3
162 55 3
162 59 3
162 65 3
162 67 3
162 69 3
162 72 3
162 75 3
162 77 3
162 78 3
162 79 3
162 87 3
162 88 3
162 91 3
162 93 3
162 101 3
162 102 3
162 103 3
162 105 3
162 106 3
162 109 3
162 115 3
162 118 3
162 126 3
162 127 3
162 129 3
162 133 3
162 135 3
162 147 3
162 150 3
162 154 3
162 156 3
162 160 3
163 0 3
163 3 3
163 10 3
163 11 3
163 13 3
163 23 3
163 35 3
163 51 3
163 54 3
163 65 3
163 72 3
163 74 3
163 75 3
163 76 3
163 77 3
163 80 3
163 82 3
163 84 3
163 86 3
163 87 3
163 92 3
163 94 3
163 101 3
163 102 3
163 107 3
163 118 3
163 120 3
163 122 3
163 123 3
163 124 3
163 126 3
163 128 3
163 131 3
163 145 3
163 146 3
163 147 3
163 150 3
163 157 3
163 159 3
163 161 3
164 0 3
164 5 3
164 8 3
164 14 3
164 19 3
164 24 3
164 29 3
164 31 3
164 33 3
164 34 3
164 37 3
164 49 3
164 57 3
164 58 3
164 60 3
164 62 3
164 66 3
164 69 3
164 70 3
164 76 3
164 79 3
164 81 3
164 87 3
164 88 3
164 90 3
164 92 3
164 96 3
164 97 3
164 99 3
164 100 3
164 108 3
164 109 3
164 111 3
164 115 3
164 116 3
164 119 3
164 120 3
164 125 3
164 127 3
164 136 3
164 138 3
164 140 3
164 145 3
164 148 3
164 149 3
164 151 3
164 159 3
164 164 3
165 10 3
165 12 3
165 16 3
165 18 3
165 20 3
165 40 3
165 42 3
165 43 3
165 45 3
165 47 3
165 50 3
165 54 3
165 62 3
165 63 3
165 67 3
165 69 3
165 70 3
165 71 3
165 80 3
165 82 3
165 85 3
165 92 3
165 96 3
165 99 3
165 101 3
165 102 3
165 110 3
165 113 3
165 116 3
165 118 3
165 122 3
165 124 3
165 128 3
165 133 3
165 137 3
165 140 3
165 141 3
165 151 3
165 153 3
165 158 3
165 159 3
165 160 3
165 162 3
166 3 3
166 6 3
166 7 3
166 8 3
166 9 3
166 11 3
166 18 3
166 20 3
166 23 3
166 38 3
166 47 3
166 49 3
166 51 3
166 59 3
166 60 3
166 62 3
166 65 3
166 70 3
166 72 3
166 73 3
166 75 3
166 76 3
166 80 3
166 82 3
166 87 3
166 96 3
166 97 3
166 102 3
166 106 3
166 107 3
166 109 3
166 111 3
166 113 3
166 116 3
166 122 3
166 125 3
166 133 3
166 134 3
166 140 3
166 143 3
166 147 3
166 150 3
166 151 3
166 155 3
166 156 3
166 160 3
166 161 3
166 162 3
166 165 3
167 1 3
167 4 3
167 6 3
167 14 3
167 15 3
167 17 3
167 20 3
167 21 3
167 28 3
167 31 3
167 32 3
167 41 3
167 45 3
167 46 3
167 51 3
167 52 3
167 60 3
167 61 3
167 63 3
167 64 3
167 68 3
167 69 3
167 72 3
167 73 3
167 80 3
167 90 3
167 94 3
167 102 3
167 103 3
167 105 3
167 109 3
167 114 3
167 117 3
167 118 3
167 131 3
167 133 3
167 139 3
167 141 3
167 144 3
167 145 3
167 149 3
167 151 3
167 153 3
167 160 3
167 161 3
167 165 3
167 167 3
168 0 3
168 1 3
168 7 3
168 10 3
168 15 3
168 18 3
168 24 3
168 31 3
168 32 3
168 36 3
168 40 3
168 42 3
168 54 3
168 56 3
168 57 3
168 61 3
168 63 3
168 64 3
168 72 3
168 77 3
168 79 3
168 81 3
168 83 3
168 85 3
168 86 3
168 90 3
168 92 3
168 97 3
168 98 3
168 100 3
168 108 3
168 110 3
168 111 3
168 126 3
168 135 3
168 138 3
168 143 3
168 146 3
168 154 3
168 157 3
168 158 3
168 165 3
168 166 3
169 0 3
169 6 3
169 15 3
169 17 3
169 20 3
169 22 3
169 29 3
169 32 3
169 33 3
169 38 3
169 39 3
169 40 3
169 44 3
169 46 3
169 51 3
169 52 3
169 55 3
169 59 3
169 60 3
169 65 3
169 66 3
169 68 3
169 69 3
169 70 3
169 74 3
169 75 3
169 78 3
169 80 3
169 82 3
169 86 3
169 87 3
169 95 3
169 101 3
169 102 3
169 104 3
169 106 3
169 110 3
169 111 3
169 120 3
169 125 3
169 127 3
169 130 3
169 131 3
169 132 3
169 138 3
169 140 3
169 141 3
169 142 3
169 143 3
169 144 3
169 156 3
169 160 3
169 162 3
169 163 3
169 166 3
170 0 3
170 7 3
170 10 3
170 12 3
170 16 3
170 18 3
170 19 3
170 20 3
170 21 3
170 23 3
170 24 3
170 25 3
170 27 3
170 33 3
170 36 3
170 39 3
170 41 3
170 42 3
170 46 3
170 49 3
170 50 3
170 53 3
170 56 3
170 62 3
170 63 3
170 64 3
170 65 3
170 67 3
170 74 3
170 75 3
170 76 3
170 80 3
170 81 3
170 82 3
170 85 3
170 87 3
170 91 3
170 93 3
170 101 3
170 102 3
170 106 3
170 108 3
170 109 3
170 117 3
170 125 3
170 126 3
170 128 3
170 133 3
170 134 3
170 135 3
170 136 3
170 140 3
170 146 3
170 153 3
170 157 3
170 161 3
170 166 3
170 167 3
171 0 3
171 4 3
171 5 3
171 8 3
171 19 3
171 22 3
171 29 3
171 47 3
171 50 3
171 58 3
171 63 3
171 66 3
171 68 3
171 69 3
171 71 3
171 77 3
171 82 3
171 84 3
171 90 3
171 91 3
171 100 3
171 124 3
171 128 3
171 131 3
171 132 3
171 143 3
171 144 3
171 145 3
171 149 3
171 152 3
171 157 3
171 165 3
171 167 3
172 0 3
172 1 3
172 2 3
172 3 3
172 4 3
172 13 3
172 18 3
172 19 3
172 39 3
172 45 3
172 48 3
172 50 3
172 51 3
172 52 3
172 53 3
172 56 3
172 64 3
172 65 3
172 67 3
172 70 3
172 73 3
172 75 3
172 81 3
172 82 3
172 83 3
172 85 3
172 86 3
172 88 3
172 92 3
172 96 3
172 100 3
172 101 3
172 106 3
172 110 3
172 113 3
172 114 3
172 115 3
172 116 3
172 118 3
172 119 3
172 121 3
172 126 3
172 128 3
172 140 3
172 146 3
172 154 3
172 156 3
172 158 3
172 159 3
172 161 3
172 162 3
172 165 3
172 168 3
173 4 3
173 5 3
173 15 3
173 16 3
173 19 3
173 29 3
173 33 3
173 37 3
173 39 3
173 42 3
173 56 3
173 57 3
173 66 3
173 67 3
173 71 3
173 72 3
173 73 3
173 81 3
173 86 3
173 88 3
173 91 3
173 98 3
173 99 3
173 105 3
173 121 3
173 123 3
173 128 3
173 131 3
173 132 3
173 136 3
173 145 3
173 150 3
173 151 3
173 152 3
173 155 3
173 156 3
173 164 3
173 173 3
174 9 3
174 12 3
174 15 3
174 16 3
174 22 3
174 23 3
174 25 3
174 32 3
174 36 3
174 37 3
174 39 3
174 43 3
174 44 3
174 53 3
174 61 3
174 63 3
174 65 3
174 67 3
174 68 3
174 75 3
174 80 3
174 82 3
174 87 3
174 88 3
174 89 3
174 91 3
174 92 3
174 96 3
174 97 3
174 116 3
174 117 3
174 118 3
174 130 3
174 131 3
174 134 3
174 139 3
174 141 3
174 145 3
174 148 3
174 149 3
174 150 3
174 154 3
174 157 3
174 159 3
174 166 3
174 170 3
175 0 3
175 1 3
175 2 3
175 7 3
175 12 3
175 18 3
175 24 3
175 25 3
175 37 3
175 42 3
175 48 3
175 52 3
175 58 3
175 61 3
175 64 3
175 67 3
175 71 3
175 77 3
175 79 3
175 80 3
175 84 3
175 85 3
175 92 3
175 97 3
175 98 3
175 99 3
175 109 3
175 111 3
175 113 3
175 116 3
175 122 3
175 124 3
175 139 3
175 144 3
175 153 3
175 158 3
175 162 3
175 164 3
175 167 3
175 175 3
176 1 3
176 2 3
176 6 3
176 10 3
176 13 3
176 21 3
176 24 3
176 25 3
176 27 3
176 28 3
176 29 3
176 34 3
176 36 3
176 39 3
176 40 3
176 41 3
176 42 3
176 46 3
176 51 3
176 52 3
176 54 3
176 63 3
176 65 3
176 73 3
176 82 3
176 84 3
176 88 3
176 92 3
176 96 3
176 103 3
176 108 3
176 109 3
176 110 3
176 113 3
176 114 3
176 115 3
176 116 3
176 117 3
176 118 3
176 119 3
176 120 3
176 121 3
176 123 3
176 137 3
176 139 3
176 143 3
176 152 3
176 155 3
176 157 3
176 159 3
176 160 3
176 162 3
176 170 3
176 171 3
176 172 3
177 0 3
177 7 3
177 8 3
177 18 3
177 23 3
177 25 3
177 41 3
177 43 3
177 46 3
177 47 3
177 50 3
177 52 3
177 53 3
177 54 3
177 56 3
177 61 3
177 64 3
177 65 3
177 66 3
177 68 3
177 69 3
177 74 3
177 75 3
177 77 3
177 80 3
177 82 3
177 83 3
177 84 3
177 90 3
177 91 3
177 95 3
177 100 3
177 105 3
177 107 3
177 110 3
177 112 3
177 113 3
177 114 3
177 117 3
177 118 3
177 120 3
177 122 3
177 124 3
177 125 3
177 126 3
177 127 3
177 130 3
177 133 3
177 134 3
177 135 3
177 140 3
177 147 3
177 151 3
177 153 3
177 158 3
177 159 3
177 169 3
177 171 3
177 174 3
178 2 3
178 7 3
178 9 3
178 11 3
178 13 3
178 23 3
178 29 3
178 30 3
178 36 3
178 38 3
178 42 3
178 44 3
178 48 3
178 50 3
178 52 3
178 53 3
178 54 3
178 58 3
178 62 3
178 63 3
178 64 3
178 65 3
178 66 3
178 76 3
178 80 3
178 85 3
178 87 3
178 92 3
178 94 3
178 96 3
178 106 3
178 109 3
178 110 3
178 111 3
178 113 3
178 115 3
178 116 3
178 119 3
178 121 3
178 122 3
178 124 3
178 127 3
178 128 3
178 129 3
178 137 3
178 140 3
178 142 3
178 143 3
178 145 3
178 146 3
178 150 3
178 153 3
178 155 3
178 162 3
178 169 3
178 177 3
179 0 3
179 3 3
179 6 3
179 13 3
179 15 3
179 24 3
179 28 3
179 30 3
179 31 3
179 32 3
179 37 3
179 38 3
179 39 3
179 41 3
179 42 3
179 46 3
179 47 3
179 50 3
179 51 3
179 56 3
179 71 3
179 72 3
179 77 3
179 79 3
179 83 3
179 86 3
179 88 3
179 90 3
179 98 3
179 99 3
179 111 3
179 117 3
179 121 3
179 129 3
179 131 3
179 147 3
179 151 3
179 152 3
179 154 3
179 155 3
179 163 3
179 164 3
179 165 3
179 167 3
179 168 3
179 177 3
179 178 3
179 179 3
180 4 3
180 7 3
180 8 3
180 12 3
180 18 3
180 22 3
180 24 3
180 33 3
180 35 3
180 42 3
180 46 3
180 48 3
180 52 3
180 55 3
180 64 3
180 68 3
180 69 3
180 71 3
180 74 3
180 76 3
180 81 3
180 84 3
180 86 3
180 87 3
180 88 3
180 90 3
180 94 3
180 96 3
180 107 3
180 108 3
180 110 3
180 111 3
180 115 3
180 118 3
180 121 3
180 129 3
180 131 3
180 135 3
180 137 3
180 141 3
180 142 3
180 144 3
180 153 3
180 170 3
181 4 3
181 5 3
181 6 3
181 10 3
181 12 3
181 18 3
181 19 3
181 23 3
181 26 3
181 29 3
181 31 3
181 32 3
181 37 3
181 38 3
181 45 3
181 47 3
181 49 3
181 57 3
181 64 3
181 69 3
181 76 3
181 77 3
181 79 3
181 82 3
181 83 3
181 88 3
181 90 3
181 98 3
181 99 3
181 100 3
181 102 3
181 109 3
181 113 3
181 115 3
181 119 3
181 120 3
181 123 3
181 126 3
181 138 3
181 140 3
181 142 3
181 145 3
181 147 3
181 149 3
181 150 3
181 152 3
181 153 3
181 165 3
181 173 3
181 176 3
181 177 3
182 0 3
182 6 3
182 13 3
182 16 3
182 17 3
182 20 3
182 21 3
182 24 3
182 27 3
182 28 3
182 33 3
182 34 3
182 36 3
182 37 3
182 40 3
182 46 3
182 51 3
182 62 3
182 66 3
182 67 3
182 71 3
182 74 3
182 77 3
182 78 3
182 79 3
182 87 3
182 90 3
182 95 3
182 102 3
182 105 3
182 111 3
182 112 3
182 113 3
182 119 3
182 120 3
182 122 3
182 125 3
182 126 3
182 127 3
182 133 3
182 137 3
182 140 3
182 142 3
182 143 3
182 146 3
182 151 3
182 153 3
182 154 3
182 162 3
182 163 3
182 165 3
182 166 3
182 168 3
182 178 3
182 182 3
183 0 3
183 1 3
183 6 3
183 9 3
183 11 3
183 16 3
183 18 3
183 28 3
183 29 3
183 32 3
183 38 3
183 44 3
183 48 3
183 50 3
183 55 3
183 57 3
183 58 3
183 63 3
183 64 3
183 80 3
183 82 3
183 85 3
183 86 3
183 88 3
183 92 3
183 93 3
183 96 3
183 97 3
183 102 3
183 106 3
183 109 3
183 112 3
183 113 3
183 117 3
183 118 3
183 120 3
183 121 3
183 134 3
183 138 3
183 142 3
183 145 3
183 146 3
183 147 3
183 151 3
183 155 3
183 156 3
183 160 3
183 176 3
183 180 3
184 0 3
184 2 3
184 6 3
184 7 3
184 10 3
184 14 3
184 15 3
184 19 3
184 23 3
184 26 3
184 32 3
184 37 3
184 42 3
184 49 3
184 53 3
184 55 3
184 56 3
184 62 3
184 66 3
184 69 3
184 71 3
184 72 3
184 77 3
184 78 3
184 95 3
184 100 3
184 101 3
184 107 3
184 111 3
184 125 3
184 127 3
184 128 3
184 129 3
184 131 3
184 138 3
184 142 3
184 143 3
184 145 3
184 146 3
184 158 3
184 164 3
184 165 3
184 171 3
184 176 3
184 181 3
184 182 3
184 184 3
185 0 3
185 2 3
185 3 3
185 9 3
185 11 3
185 16 3
185 20 3
185 25 3
185 31 3
185 33 3
185 36 3
185 37 3
185 38 3
185 43 3
185 48 3
185 49 3
185 54 3
185 58 3
185 60 3
185 62 3
185 66 3
185 68 3
185 71 3
185 72 3
185 88 3
185 89 3
185 90 3
185 94 3
185 112 3
185 116 3
185 118 3
185 119 3
185 122 3
185 123 3
185 125 3
185 126 3
185 127 3
185 128 3
185 129 3
185 135 3
185 136 3
185 137 3
185 142 3
185 145 3
185 147 3
185 150 3
185 160 3
185 163 3
185 167 3
185 168 3
185 177 3
185 178 3
185 179 3
185 180 3
185 183 3
185 184 3
186 1 3
186 4 3
186 7 3
186 9 3
186 10 3
186 11 3
186 12 3
186 15 3
186 18 3
186 20 3
186 24 3
186 25 3
186 33 3
186 40 3
186 43 3
186 49 3
186 50 3
186 54 3
186 56 3
186 61 3
186 69 3
186 71 3
186 72 3
186 75 3
186 77 3
186 78 3
186 79 3
186 81 3
186 88 3
186 89 3
186 92 3
186 93 3
186 101 3
186 103 3
186 106 3
186 107 3
186 111 3
186 115 3
186 120 3
186 131 3
186 137 3
186 138 3
186 143 3
186 150 3
186 154 3
186 156 3
186 158 3
186 159 3
186 160 3
186 162 3
186 166 3
186 169 3
186 173 3
186 174 3
187 6 3
187 9 3
187 11 3
187 13 3
187 15 3
187 17 3
187 21 3
187 23 3
187 24 3
187 25 3
187 26 3
187 27 3
187 35 3
187 36 3
187 39 3
187 44 3
187 51 3
187 54 3
187 59 3
187 60 3
187 63 3
187 67 3
187 68 3
187 69 3
187 74 3
187 76 3
187 85 3
187 88 3
187 89 3
187 91 3
187 96 3
187 97 3
187 106 3
187 108 3
187 112 3
187 113 3
187 116 3
187 117 3
187 118 3
187 119 3
187 123 3
187 132 3
187 134 3
187 135 3
187 137 3
187 140 3
187 143 3
187 153 3
187 158 3
187 163 3
187 172 3
187 174 3
187 177 3
187 183 3
187 184 3
188 0 3
188 1 3
188 3 3
188 6 3
188 16 3
188 18 3
188 39 3
188 44 3
188 46 3
188 51 3
188 52 3
188 55 3
188 58 3
188 68 3
188 70 3
188 75 3
188 78 3
188 80 3
188 83 3
188 91 3
188 97 3
188 100 3
188 107 3
188 110 3
188 112 3
188 116 3
188 118 3
188 119 3
188 130 3
188 131 3
188 133 3
188 136 3
188 137 3
188 140 3
188 144 3
188 147 3
188 150 3
188 151 3
188 152 3
188 154 3
188 155 3
188 160 3
188 165 3
188 169 3
188 170 3
188 175 3
188 177 3
188 183 3
189 4 3
189 5 3
189 10 3
189 13 3
189 18 3
189 19 3
189 21 3
189 27 3
189 28 3
189 32 3
189 35 3
189 37 3
189 40 3
189 42 3
189 46 3
189 47 3
189 52 3
189 58 3
189 66 3
189 69 3
189 77 3
189 80 3
189 87 3
189 96 3
189 103 3
189 108 3
189 112 3
189 119 3
189 123 3
189 127 3
189 128 3
189 130 3
189 131 3
189 134 3
189 136 3
189 137 3
189 138 3
189 140 3
189 141 3
189 142 3
189 145 3
189 148 3
189 149 3
189 150 3
189 152 3
189 158 3
189 164 3
189 170 3
189 174 3
189 175 3
189 181 3
189 182 3
189 186 3
190 2 3
190 10 3
190 11 3
190 22 3
190 25 3
190 31 3
190 35 3
190 37 3
190 45 3
190 58 3
190 61 3
190 75 3
190 78 3
190 84 3
190 86 3
190 88 3
190 97 3
190 102 3
190 104 3
190 108 3
190 111 3
190 116 3
190 118 3
190 119 3
190 120 3
190 122 3
190 123 3
190 126 3
190 130 3
190 131 3
190 142 3
190 144 3
190 149 3
190 164 3
190 165 3
190 167 3
190 168 3
190 179 3
191 0 3
191 3 3
191 4 3
191 12 3
191 21 3
191 22 3
191 23 3
191 25 3
191 27 3
191 30 3
191 31 3
191 38 3
191 41 3
191 42 3
191 43 3
191 46 3
191 51 3
191 53 3
191 56 3
191 57 3
191 58 3
191 59 3
191 68 3
191 72 3
191 78 3
191 82 3
191 85 3
191 87 3
191 89 3
191 91 3
191 92 3
191 97 3
191 98 3
191 100 3
191 103 3
191 105 3
191 107 3
191 110 3
191 112 3
191 115 3
191 116 3
191 119 3
191 120 3
191 122 3
191 124 3
191 127 3
191 129 3
191 136 3
191 156 3
191 157 3
191 160 3
191 163 3
191 165 3
191 167 3
191 170 3
191 180 3
191 183 3
191 191 3
192 5 3
192 7 3
192 9 3
192 15 3
192 18 3
192 27 3
192 33 3
192 38 3
192 40 3
192 47 3
192 49 3
192 51 3
192 53 3
192 58 3
192 70 3
192 75 3
192 78 3
192 80 3
192 83 3
192 88 3
192 91 3
192 94 3
192 95 3
192 99 3
192 106 3
192 108 3
192 110 3
192 115 3
192 118 3
192 120 3
192 121 3
192 123 3
192 124 3
192 134 3
192 135 3
192 139 3
192 147 3
192 148 3
192 150 3
192 156 3
192 159 3
192 161 3
192 162 3
192 164 3
192 167 3
192 169 3
192 170 3
192 172 3
192 175 3
192 180 3
192 187 3
192 188 3
192 191 3
193 1 3
193 2 3
193 3 3
193 5 3
193 7 3
193 8 3
193 9 3
193 12 3
193 14 3
193 15 3
193 17 3
193 30 3
193 31 3
193 32 3
193 33 3
193 36 3
193 38 3
193 41 3
193 43 3
193 45 3
193 46 3
193 50 3
193 52 3
193 53 3
193 57 3
193 59 3
193 62 3
193 63 3
193 65 3
193 79 3
193 80 3
193 81 3
193 82 3
193 84 3
193 86 3
193 87 3
193 94 3
193 96 3
193 100 3
193 103 3
193 105 3
193 108 3
193 113 3
193 117 3
193 119 3
193 121 3
193 122 3
193 123 3
193 125 3
193 126 3
193 129 3
193 135 3
193 140 3
193 145 3
193 146 3
193 156 3
193 159 3
193 161 3
193 166 3
193 169 3
193 172 3
193 177 3
193 181 3
193 189 3
194 0 3
194 1 3
194 3 3
194 8 3
194 12 3
194 17 3
194 18 3
194 20 3
194 21 3
194 27 3
194 29 3
194 30 3
194 33 3
194 41 3
194 43 3
194 45 3
194 47 3
194 48 3
194 53 3
194 60 3
194 70 3
194 72 3
194 86 3
194 89 3
194 92 3
194 93 3
194 97 3
194 98 3
194 106 3
194 112 3
194 115 3
194 116 3
194 117 3
194 121 3
194 126 3
194 128 3
194 129 3
194 130 3
194 133 3
194 134 3
194 137 3
194 138 3
194 139 3
194 140 3
194 141 3
194 142 3
194 154 3
194 157 3
194 165 3
194 169 3
194 172 3
194 175 3
194 176 3
194 177 3
194 178 3
194 179 3
194 180 3
194 183 3
194 189 3
195 2 3
195 7 3
195 10 3
195 16 3
195 20 3
195 22 3
195 28 3
195 30 3
195 31 3
195 34 3
195 35 3
195 37 3
195 46 3
195 48 3
195 53 3
195 54 3
195 56 3
195 60 3
195 66 3
195 68 3
195 72 3
195 73 3
195 74 3
195 84 3
195 86 3
195 87 3
195 91 3
195 94 3
195 96 3
195 99 3
195 101 3
195 103 3
195 107 3
195 112 3
195 113 3
195 114 3
195 118 3
195 119 3
195 120 3
195 124 3
195 126 3
195 130 3
195 131 3
195 137 3
195 139 3
195 150 3
195 154 3
195 159 3
195 160 3
195 162 3
195 165 3
195 166 3
195 170 3
195 171 3
195 172 3
195 173 3
195 174 3
195 177 3
195 179 3
195 188 3
195 195 3
196 1 3
196 2 3
196 4 3
196 11 3
196 13 3
196 20 3
196 24 3
196 28 3
196 33 3
196 35 3
196 38 3
196 39 3
196 42 3
196 46 3
196 48 3
196 49 3
196 62 3
196 69 3
196 75 3
196 76 3
196 78 3
196 80 3
196 84 3
196 85 3
196 87 3
196 88 3
196 89 3
196 90 3
196 94 3
196 96 3
196 106 3
196 108 3
196 112 3
196 113 3
196 115 3
196 116 3
196 118 3
196 125 3
196 127 3
196 133 3
196 134 3
196 135 3
196 137 3
196 139 3
196 140 3
196 141 3
196 142 3
196 147 3
196 151 3
196 154 3
196 159 3
196 165 3
196 166 3
196 168 3
196 170 3
196 175 3
196 178 3
196 180 3
196 188 3
197 1 3
197 3 3
197 5 3
197 11 3
197 14 3
197 18 3
197 28 3
197 34 3
197 39 3
197 40 3
197 43 3
197 53 3
197 64 3
197 71 3
197 80 3
197 87 3
197 97 3
197 99 3
197 104 3
197 106 3
197 107 3
197 113 3
197 114 3
197 115 3
197 116 3
197 118 3
197 120 3
197 123 3
197 126 3
197 127 3
197 129 3
197 134 3
197 139 3
197 140 3
197 143 3
197 144 3
197 146 3
197 154 3
197 156 3
197 157 3
197 160 3
197 162 3
197 166 3
197 167 3
197 171 3
197 175 3
197 176 3
197 177 3
197 187 3
197 188 3
197 191 3
197 193 3
197 194 3
197 197 3
198 0 3
198 1 3
198 2 3
198 17 3
198 20 3
198 22 3
198 24 3
198 28 3
198 29 3
198 30 3
198 38 3
198 39 3
198 41 3
198 42 3
198 45 3
198 46 3
198 47 3
198 48 3
198 50 3
198 53 3
198 56 3
198 71 3
198 73 3
198 74 3
198 78 3
198 79 3
198 89 3
198 92 3
198 96 3
198 97 3
198 102 3
198 108 3
198 119 3
198 123 3
198 128 3
198 129 3
198 135 3
198 136 3
198 137 3
198 143 3
198 150 3
198 154 3
198 155 3
198 161 3
198 166 3
198 170 3
198 171 3
198 173 3
198 174 3
198 177 3
198 179 3
198 182 3
198 186 3
198 192 3
198 196 3
198 197 3
198 198 3
199 0 3
199 1 3
199 2 3
199 4 3
199 7 3
199 8 3
199 13 3
199 14 3
199 16 3
199 18 3
199 23 3
199 24 3
199 28 3
199 33 3
199 37 3
199 39 3
199 43 3
199 47 3
199 50 3
199 54 3
199 55 3
199 61 3
199 63 3
199 66 3
199 72 3
199 73 3
199 85 3
199 89 3
199 90 3
199 92 3
199 94 3
199 95 3
199 96 3
199 97 3
199 103 3
199 105 3
199 110 3
199 111 3
199 112 3
199 118 3
199 120 3
199 121 3
199 126 3
199 128 3
199 129 3
199 132 3
199 135 3
199 137 3
199 138 3
199 147 3
199 149 3
199 153 3
199 157 3
199 160 3
199 161 3
199 164 3
199 166 3
199 171 3
199 172 3
199 175 3
199 176 3
199 182 3
199 187 3
199 188 3
199 194 3
199 195 3
199 196 3
199 197 3
199 199 3
