0 0 1
1 0 1
1 1 1
2 1 1
2 2 1
3 0 1
3 1 1
3 2 1
3 3 1
4 4 1
6 0 1
6 5 1
7 1 1
7 5 1
7 6 1
7 7 1
8 0 1
8 8 1
9 2 1
9 3 1
10 1 1
10 2 1
11 1 1
11 2 1
11 8 1
11 9 1
11 11 1
12 2 1
12 9 1
12 12 1
13 5 1
13 6 1
13 10 1
13 11 1
13 12 1
13 13 1
14 1 1
14 5 1
14 6 1
14 10 1
14 13 1
15 1 1
15 4 1
15 5 1
15 10 1
15 14 1
15 15 1
16 3 1
16 6 1
16 8 1
16 14 1
16 15 1
16 16 1
17 3 1
17 8 1
17 12 1
17 17 1
18 0 1
18 8 1
18 16 1
18 17 1
18 18 1
19 5 1
19 8 1
19 10 1
19 11 1
19 13 1
19 15 1
19 19 1
20 0 1
20 3 1
20 4 1
20 7 1
20 8 1
20 9 1
20 15 1
20 16 1
20 19 1
20 20 1
21 0 1
21 1 1
21 4 1
21 5 1
21 7 1
21 14 1
21 15 1
21 16 1
21 18 1
21 19 1
21 21 1
22 4 1
22 5 1
22 6 1
22 8 1
22 9 1
22 13 1
22 14 1
22 16 1
22 19 1
22 21 1
22 22 1
23 0 1
23 1 1
23 2 1
23 8 1
23 10 1
23 16 1
23 17 1
23 18 1
24 0 1
24 3 1
24 8 1
24 11 1
24 17 1
24 18 1
24 20 1
24 21 1
24 22 1
24 23 1
24 24 1
25 1 1
25 9 1
25 10 1
25 11 1
25 12 1
25 17 1
25 19 1
25 25 1
26 3 1
26 4 1
26 5 1
26 6 1
26 12 1
26 13 1
26 14 1
26 15 1
26 17 1
26 20 1
26 21 1
26 24 1
26 26 1
27 0 1
27 1 1
27 3 1
27 4 1
27 9 1
27 18 1
27 23 1
27 24 1
28 1 1
28 3 1
28 4 1
28 15 1
28 16 1
28 23 1
28 24 1
28 27 1
28 28 1
29 2 1
29 4 1
29 6 1
29 11 1
29 13 1
29 14 1
29 15 1
29 19 1
29 20 1
29 22 1
29 27 1
29 28 1
30 3 1
30 7 1
30 8 1
30 10 1
30 20 1
30 23 1
30 25 1
30 28 1
31 0 1
31 4 1
31 5 1
31 6 1
31 9 1
31 10 1
31 11 1
31 15 1
31 18 1
31 19 1
31 21 1
31 25 1
31 29 1
31 31 1
32 1 1
32 3 1
32 4 1
32 6 1
32 10 1
32 12 1
32 13 1
32 14 1
32 15 1
32 17 1
32 19 1
32 22 1
32 27 1
32 29 1
32 32 1
33 1 1
33 2 1
33 7 1
33 8 1
33 9 1
33 13 1
33 14 1
33 16 1
33 25 1
33 29 1
34 2 1
34 8 1
34 9 1
34 11 1
34 14 1
34 16 1
34 18 1
34 25 1
34 26 1
34 33 1
35 1 1
35 2 1
35 11 1
35 12 1
35 13 1
35 25 1
35 33 1
35 34 1
35 35 1
36 0 1
36 8 1
36 13 1
36 16 1
36 17 1
36 20 1
36 23 1
36 24 1
36 26 1
36 28 1
36 30 1
37 0 1
37 4 1
37 5 1
37 8 1
37 10 1
37 13 1
37 16 1
37 19 1
37 21 1
37 23 1
37 24 1
37 26 1
37 28 1
37 29 1
37 35 1
37 36 1
37 37 1
38 3 1
38 5 1
38 9 1
38 12 1
38 17 1
38 19 1
38 20 1
38 21 1
38 22 1
38 24 1
38 27 1
38 28 1
38 30 1
38 35 1
39 0 1
39 1 1
39 4 1
39 8 1
39 9 1
39 13 1
39 16 1
39 18 1
39 21 1
39 23 1
39 24 1
39 27 1
39 30 1
39 31 1
39 33 1
39 34 1
39 39 1
40 5 1
40 7 1
40 11 1
40 15 1
40 17 1
40 19 1
40 22 1
40 23 1
40 26 1
40 29 1
40 31 1
40 32 1
40 40 1
41 0 1
41 1 1
41 5 1
41 8 1
41 17 1
41 18 1
41 23 1
41 24 1
41 25 1
41 28 1
41 38 1
42 1 1
42 2 1
42 4 1
42 5 1
42 10 1
42 15 1
42 21 1
42 22 1
42 23 1
42 27 1
42 29 1
42 30 1
42 32 1
42 33 1
42 35 1
42 36 1
42 38 1
42 40 1
43 1 1
43 2 1
43 4 1
43 8 1
43 12 1
43 19 1
43 33 1
43 34 1
43 35 1
43 37 1
43 39 1
43 43 1
44 1 1
44 3 1
44 4 1
44 5 1
44 10 1
44 13 1
44 14 1
44 15 1
44 16 1
44 19 1
44 21 1
44 26 1
44 29 1
44 32 1
44 38 1
44 44 1
45 0 1
45 3 1
45 4 1
45 8 1
45 13 1
45 16 1
45 18 1
45 21 1
45 23 1
45 24 1
45 25 1
45 30 1
45 35 1
45 36 1
45 38 1
45 39 1
45 45 1
46 0 1
46 9 1
46 17 1
46 18 1
46 20 1
46 21 1
46 23 1
46 26 1
46 36 1
46 39 1
46 41 1
47 3 1
47 4 1
47 8 1
47 16 1
47 17 1
47 18 1
47 20 1
47 22 1
47 24 1
47 26 1
47 27 1
47 30 1
47 38 1
47 39 1
47 45 1
47 46 1
47 47 1
48 0 1
48 1 1
48 3 1
48 8 1
48 18 1
48 23 1
48 31 1
48 34 1
48 35 1
48 39 1
48 40 1
48 42 1
48 45 1
48 46 1
48 47 1
48 48 1
49 5 1
49 10 1
49 12 1
49 13 1
49 14 1
49 17 1
49 19 1
49 21 1
49 22 1
49 25 1
49 28 1
49 29 1
49 32 1
49 34 1
49 37 1
49 41 1
49 42 1
49 44 1
49 47 1
49 49 1
50 1 1
50 2 1
50 7 1
50 9 1
50 11 1
50 17 1
50 23 1
50 27 1
50 29 1
50 30 1
50 33 1
50 41 1
50 47 1
51 1 1
51 9 1
51 11 1
51 14 1
51 16 1
51 17 1
51 25 1
51 26 1
51 27 1
51 33 1
51 43 1
51 51 1
52 1 1
52 2 1
52 3 1
52 6 1
52 7 1
52 12 1
52 15 1
52 16 1
52 20 1
52 24 1
52 25 1
52 30 1
52 34 1
52 35 1
52 42 1
52 47 1
53 0 1
53 1 1
53 2 1
53 7 1
53 9 1
53 11 1
53 12 1
53 19 1
53 29 1
53 33 1
53 39 1
53 40 1
53 43 1
53 44 1
53 45 1
53 49 1
53 50 1
53 51 1
53 52 1
53 53 1
54 0 1
54 8 1
54 14 1
54 16 1
54 17 1
54 23 1
54 24 1
54 27 1
54 28 1
54 29 1
54 30 1
54 35 1
54 36 1
54 39 1
54 41 1
54 42 1
54 43 1
54 46 1
54 48 1
54 54 1
55 0 1
55 1 1
55 11 1
55 23 1
55 26 1
55 27 1
55 33 1
55 34 1
55 41 1
55 43 1
55 45 1
55 46 1
55 51 1
55 52 1
55 53 1
55 54 1
56 0 1
56 5 1
56 6 1
56 8 1
56 11 1
56 14 1
56 20 1
56 22 1
56 24 1
56 29 1
56 36 1
56 43 1
56 44 1
56 45 1
56 49 1
56 50 1
56 53 1
57 4 1
57 5 1
57 10 1
57 12 1
57 14 1
57 15 1
57 20 1
57 21 1
57 22 1
57 23 1
57 26 1
57 29 1
57 31 1
57 32 1
57 37 1
57 40 1
57 41 1
57 42 1
57 49 1
57 56 1
57 57 1
58 6 1
58 10 1
58 11 1
58 13 1
58 14 1
58 15 1
58 27 1
58 28 1
58 37 1
58 40 1
58 42 1
58 47 1
58 49 1
58 52 1
58 54 1
58 56 1
58 57 1
59 0 1
59 3 1
59 8 1
59 15 1
59 16 1
59 17 1
59 19 1
59 20 1
59 24 1
59 25 1
59 26 1
59 27 1
59 34 1
59 38 1
59 39 1
59 40 1
59 41 1
59 46 1
59 48 1
59 52 1
59 54 1
59 56 1
60 1 1
60 3 1
60 4 1
60 8 1
60 14 1
60 16 1
60 17 1
60 20 1
60 22 1
60 24 1
60 27 1
60 38 1
60 41 1
60 43 1
60 44 1
60 45 1
60 46 1
60 48 1
60 50 1
60 54 1
60 60 1
61 9 1
61 13 1
61 14 1
61 19 1
61 20 1
61 21 1
61 29 1
61 32 1
61 33 1
61 36 1
61 37 1
61 40 1
61 42 1
61 43 1
61 44 1
61 49 1
61 51 1
61 56 1
61 57 1
61 58 1
61 61 1
62 1 1
62 2 1
62 3 1
62 6 1
62 9 1
62 16 1
62 23 1
62 25 1
62 34 1
62 35 1
62 40 1
62 43 1
62 45 1
62 50 1
62 51 1
62 53 1
62 54 1
62 57 1
62 61 1
63 1 1
63 2 1
63 3 1
63 8 1
63 11 1
63 12 1
63 13 1
63 16 1
63 20 1
63 23 1
63 28 1
63 38 1
63 39 1
63 45 1
63 48 1
63 57 1
63 59 1
63 61 1
63 63 1
64 0 1
64 5 1
64 6 1
64 7 1
64 14 1
64 15 1
64 19 1
64 22 1
64 23 1
64 29 1
64 31 1
64 32 1
64 35 1
64 37 1
64 38 1
64 39 1
64 42 1
64 43 1
64 44 1
64 55 1
64 58 1
65 0 1
65 16 1
65 17 1
65 21 1
65 23 1
65 27 1
65 28 1
65 30 1
65 34 1
65 36 1
65 38 1
65 39 1
65 41 1
65 45 1
65 46 1
65 48 1
65 52 1
65 53 1
65 54 1
65 57 1
65 59 1
65 60 1
65 63 1
66 1 1
66 5 1
66 6 1
66 9 1
66 13 1
66 14 1
66 15 1
66 19 1
66 22 1
66 25 1
66 29 1
66 30 1
66 31 1
66 32 1
66 37 1
66 40 1
66 42 1
66 49 1
66 52 1
66 56 1
66 59 1
66 61 1
66 62 1
66 63 1
66 64 1
66 66 1
67 2 1
67 7 1
67 8 1
67 9 1
67 11 1
67 16 1
67 18 1
67 21 1
67 23 1
67 24 1
67 25 1
67 31 1
67 33 1
67 34 1
67 35 1
67 43 1
67 50 1
67 53 1
67 55 1
67 59 1
67 62 1
68 1 1
68 10 1
68 11 1
68 13 1
68 14 1
68 15 1
68 19 1
68 20 1
68 21 1
68 26 1
68 29 1
68 30 1
68 31 1
68 37 1
68 44 1
68 49 1
68 53 1
68 55 1
68 56 1
68 57 1
68 58 1
68 61 1
68 64 1
68 66 1
68 68 1
69 1 1
69 2 1
69 4 1
69 5 1
69 9 1
69 11 1
69 16 1
69 17 1
69 19 1
69 24 1
69 27 1
69 33 1
69 34 1
69 43 1
69 47 1
69 50 1
69 51 1
69 55 1
69 59 1
69 67 1
69 69 1
70 0 1
70 1 1
70 2 1
70 6 1
70 7 1
70 12 1
70 15 1
70 17 1
70 18 1
70 20 1
70 21 1
70 25 1
70 33 1
70 34 1
70 46 1
70 50 1
70 51 1
70 52 1
70 55 1
70 59 1
70 60 1
70 62 1
70 65 1
70 69 1
70 70 1
71 6 1
71 10 1
71 13 1
71 14 1
71 15 1
71 19 1
71 20 1
71 21 1
71 22 1
71 29 1
71 31 1
71 33 1
71 37 1
71 42 1
71 43 1
71 49 1
71 56 1
71 57 1
71 61 1
71 66 1
71 71 1
72 0 1
72 2 1
72 4 1
72 5 1
72 6 1
72 11 1
72 12 1
72 13 1
72 14 1
72 19 1
72 21 1
72 22 1
72 23 1
72 26 1
72 32 1
72 33 1
72 40 1
72 44 1
72 47 1
72 48 1
72 61 1
72 70 1
72 71 1
72 72 1
73 2 1
73 7 1
73 12 1
73 29 1
73 33 1
73 34 1
73 35 1
73 37 1
73 43 1
73 53 1
73 54 1
73 61 1
73 63 1
73 67 1
73 72 1
73 73 1
74 1 1
74 2 1
74 7 1
74 9 1
74 10 1
74 11 1
74 12 1
74 18 1
74 19 1
74 29 1
74 35 1
74 36 1
74 39 1
74 42 1
74 43 1
74 50 1
74 51 1
74 52 1
74 53 1
74 55 1
74 60 1
74 62 1
74 63 1
74 69 1
74 70 1
74 71 1
74 73 1
75 2 1
75 5 1
75 7 1
75 12 1
75 16 1
75 19 1
75 20 1
75 21 1
75 30 1
75 33 1
75 35 1
75 36 1
75 40 1
75 41 1
75 43 1
75 50 1
75 51 1
75 52 1
75 55 1
75 59 1
75 62 1
75 63 1
75 66 1
75 68 1
75 69 1
75 70 1
75 72 1
75 73 1
75 74 1
75 75 1
76 1 1
76 2 1
76 5 1
76 7 1
76 9 1
76 10 1
76 11 1
76 12 1
76 13 1
76 15 1
76 18 1
76 25 1
76 27 1
76 28 1
76 32 1
76 33 1
76 34 1
76 38 1
76 43 1
76 48 1
76 49 1
76 50 1
76 53 1
76 55 1
76 62 1
76 64 1
76 65 1
76 67 1
76 70 1
76 72 1
76 73 1
76 74 1
76 76 1
77 4 1
77 6 1
77 10 1
77 11 1
77 14 1
77 15 1
77 19 1
77 21 1
77 22 1
77 26 1
77 29 1
77 31 1
77 35 1
77 42 1
77 45 1
77 57 1
77 58 1
77 61 1
77 64 1
77 68 1
77 72 1
77 77 1
78 1 1
78 3 1
78 8 1
78 16 1
78 20 1
78 21 1
78 28 1
78 30 1
78 32 1
78 35 1
78 36 1
78 38 1
78 39 1
78 40 1
78 45 1
78 46 1
78 54 1
78 59 1
78 60 1
78 62 1
78 63 1
78 64 1
78 65 1
78 71 1
78 77 1
78 78 1
79 0 1
79 4 1
79 6 1
79 13 1
79 15 1
79 19 1
79 20 1
79 24 1
79 27 1
79 29 1
79 31 1
79 32 1
79 40 1
79 42 1
79 44 1
79 45 1
79 47 1
79 49 1
79 55 1
79 57 1
79 58 1
79 59 1
79 62 1
79 64 1
79 66 1
79 68 1
79 71 1
79 72 1
79 79 1
80 1 1
80 2 1
80 7 1
80 9 1
80 14 1
80 23 1
80 33 1
80 34 1
80 40 1
80 42 1
80 46 1
80 50 1
80 53 1
80 57 1
80 61 1
80 65 1
80 73 1
80 74 1
80 75 1
80 76 1
80 78 1
81 0 1
81 13 1
81 18 1
81 19 1
81 20 1
81 23 1
81 24 1
81 27 1
81 28 1
81 29 1
81 33 1
81 34 1
81 36 1
81 38 1
81 39 1
81 41 1
81 42 1
81 44 1
81 45 1
81 46 1
81 53 1
81 59 1
81 62 1
81 63 1
81 65 1
81 73 1
81 79 1
81 80 1
82 0 1
82 3 1
82 10 1
82 16 1
82 17 1
82 18 1
82 20 1
82 27 1
82 28 1
82 30 1
82 34 1
82 36 1
82 38 1
82 41 1
82 42 1
82 44 1
82 47 1
82 48 1
82 51 1
82 54 1
82 57 1
82 59 1
82 63 1
82 68 1
82 75 1
82 77 1
82 80 1
82 82 1
83 0 1
83 3 1
83 4 1
83 5 1
83 6 1
83 8 1
83 15 1
83 19 1
83 21 1
83 22 1
83 29 1
83 30 1
83 38 1
83 40 1
83 42 1
83 48 1
83 49 1
83 54 1
83 57 1
83 58 1
83 64 1
83 67 1
83 68 1
83 70 1
83 72 1
83 77 1
83 83 1
84 0 1
84 2 1
84 6 1
84 10 1
84 12 1
84 16 1
84 18 1
84 19 1
84 24 1
84 27 1
84 32 1
84 36 1
84 37 1
84 38 1
84 41 1
84 46 1
84 52 1
84 53 1
84 54 1
84 57 1
84 59 1
84 63 1
84 70 1
84 73 1
84 76 1
84 80 1
84 81 1
84 84 1
85 0 1
85 8 1
85 11 1
85 12 1
85 17 1
85 18 1
85 21 1
85 23 1
85 24 1
85 26 1
85 27 1
85 28 1
85 30 1
85 36 1
85 38 1
85 40 1
85 41 1
85 45 1
85 48 1
85 54 1
85 56 1
85 60 1
85 63 1
85 65 1
85 68 1
85 72 1
85 75 1
85 76 1
85 78 1
85 79 1
85 81 1
85 82 1
85 84 1
85 85 1
86 1 1
86 2 1
86 6 1
86 9 1
86 12 1
86 14 1
86 20 1
86 22 1
86 26 1
86 30 1
86 34 1
86 38 1
86 40 1
86 44 1
86 49 1
86 52 1
86 53 1
86 54 1
86 62 1
86 63 1
86 66 1
86 69 1
86 70 1
86 73 1
86 83 1
86 86 1
87 0 1
87 1 1
87 2 1
87 3 1
87 8 1
87 17 1
87 18 1
87 20 1
87 23 1
87 24 1
87 27 1
87 28 1
87 31 1
87 38 1
87 39 1
87 41 1
87 45 1
87 53 1
87 54 1
87 60 1
87 63 1
87 84 1
87 85 1
87 87 1
88 2 1
88 7 1
88 11 1
88 12 1
88 22 1
88 23 1
88 24 1
88 25 1
88 32 1
88 33 1
88 38 1
88 51 1
88 52 1
88 56 1
88 60 1
88 62 1
88 63 1
88 66 1
88 67 1
88 70 1
88 72 1
88 74 1
88 76 1
88 77 1
88 81 1
88 86 1
88 88 1
89 3 1
89 4 1
89 5 1
89 7 1
89 13 1
89 18 1
89 19 1
89 20 1
89 22 1
89 24 1
89 30 1
89 35 1
89 36 1
89 38 1
89 41 1
89 45 1
89 46 1
89 47 1
89 52 1
89 60 1
89 65 1
89 66 1
89 78 1
89 79 1
89 85 1
89 87 1
90 2 1
90 5 1
90 13 1
90 14 1
90 17 1
90 19 1
90 21 1
90 22 1
90 32 1
90 34 1
90 38 1
90 40 1
90 42 1
90 44 1
90 47 1
90 49 1
90 54 1
90 56 1
90 57 1
90 61 1
90 62 1
90 64 1
90 66 1
90 72 1
90 73 1
90 76 1
90 79 1
91 0 1
91 5 1
91 6 1
91 14 1
91 23 1
91 25 1
91 26 1
91 30 1
91 40 1
91 43 1
91 48 1
91 51 1
91 53 1
91 55 1
91 56 1
91 57 1
91 62 1
91 63 1
91 65 1
91 66 1
91 69 1
91 70 1
91 73 1
91 74 1
91 75 1
91 80 1
91 84 1
91 88 1
91 91 1
92 4 1
92 5 1
92 7 1
92 11 1
92 12 1
92 13 1
92 19 1
92 25 1
92 33 1
92 34 1
92 35 1
92 41 1
92 43 1
92 45 1
92 51 1
92 52 1
92 53 1
92 55 1
92 59 1
92 62 1
92 67 1
92 70 1
92 76 1
92 86 1
92 87 1
92 88 1
92 91 1
92 92 1
93 0 1
93 3 1
93 4 1
93 7 1
93 16 1
93 17 1
93 18 1
93 20 1
93 22 1
93 24 1
93 36 1
93 38 1
93 39 1
93 44 1
93 45 1
93 46 1
93 50 1
93 52 1
93 54 1
93 59 1
93 61 1
93 63 1
93 65 1
93 67 1
93 72 1
93 78 1
93 79 1
93 81 1
93 84 1
93 85 1
93 90 1
93 93 1
94 5 1
94 7 1
94 9 1
94 11 1
94 20 1
94 21 1
94 25 1
94 32 1
94 33 1
94 45 1
94 47 1
94 50 1
94 55 1
94 60 1
94 61 1
94 62 1
94 64 1
94 67 1
94 69 1
94 70 1
94 72 1
94 73 1
94 75 1
94 76 1
94 84 1
94 86 1
94 91 1
95 0 1
95 2 1
95 3 1
95 7 1
95 8 1
95 11 1
95 16 1
95 17 1
95 19 1
95 20 1
95 22 1
95 26 1
95 27 1
95 31 1
95 33 1
95 38 1
95 41 1
95 46 1
95 48 1
95 63 1
95 65 1
95 68 1
95 72 1
95 73 1
95 78 1
95 80 1
95 81 1
95 82 1
95 85 1
95 86 1
95 93 1
95 95 1
96 1 1
96 4 1
96 9 1
96 15 1
96 16 1
96 17 1
96 19 1
96 20 1
96 22 1
96 23 1
96 24 1
96 27 1
96 30 1
96 34 1
96 35 1
96 36 1
96 38 1
96 41 1
96 45 1
96 46 1
96 48 1
96 59 1
96 60 1
96 63 1
96 64 1
96 65 1
96 67 1
96 81 1
96 82 1
96 84 1
96 85 1
96 87 1
96 88 1
96 89 1
96 90 1
96 94 1
97 0 1
97 8 1
97 10 1
97 16 1
97 20 1
97 23 1
97 24 1
97 27 1
97 41 1
97 45 1
97 48 1
97 49 1
97 55 1
97 63 1
97 64 1
97 65 1
97 70 1
97 81 1
97 82 1
97 85 1
97 86 1
97 87 1
97 93 1
97 94 1
97 95 1
97 96 1
98 0 1
98 5 1
98 6 1
98 7 1
98 15 1
98 17 1
98 18 1
98 19 1
98 21 1
98 22 1
98 23 1
98 26 1
98 30 1
98 31 1
98 36 1
98 38 1
98 40 1
98 42 1
98 43 1
98 44 1
98 49 1
98 50 1
98 52 1
98 55 1
98 56 1
98 61 1
98 63 1
98 67 1
98 68 1
98 72 1
98 83 1
98 87 1
98 92 1
98 98 1
99 0 1
99 4 1
99 5 1
99 6 1
99 10 1
99 12 1
99 14 1
99 15 1
99 16 1
99 18 1
99 21 1
99 22 1
99 25 1
99 26 1
99 27 1
99 28 1
99 29 1
99 35 1
99 36 1
99 42 1
99 44 1
99 45 1
99 49 1
99 50 1
99 53 1
99 56 1
99 58 1
99 61 1
99 64 1
99 67 1
99 68 1
99 71 1
99 74 1
99 78 1
99 83 1
99 85 1
99 86 1
99 90 1
99 92 1
99 95 1
99 99 1
100 2 1
100 4 1
100 5 1
100 6 1
100 14 1
100 15 1
100 18 1
100 19 1
100 20 1
100 22 1
100 25 1
100 28 1
100 29 1
100 31 1
100 37 1
100 44 1
100 49 1
100 57 1
100 63 1
100 64 1
100 68 1
100 69 1
100 70 1
100 71 1
100 72 1
100 77 1
100 78 1
100 79 1
100 82 1
100 83 1
100 93 1
101 0 1
101 3 1
101 14 1
101 16 1
101 20 1
101 23 1
101 24 1
101 28 1
101 30 1
101 32 1
101 35 1
101 41 1
101 47 1
101 48 1
101 60 1
101 65 1
101 80 1
101 81 1
101 83 1
101 84 1
101 85 1
101 89 1
101 93 1
101 95 1
101 96 1
101 101 1
102 0 1
102 3 1
102 8 1
102 13 1
102 14 1
102 17 1
102 18 1
102 21 1
102 22 1
102 24 1
102 30 1
102 34 1
102 35 1
102 36 1
102 37 1
102 38 1
102 41 1
102 44 1
102 46 1
102 47 1
102 48 1
102 54 1
102 59 1
102 60 1
102 63 1
102 77 1
102 78 1
102 79 1
102 82 1
102 83 1
102 84 1
102 87 1
102 89 1
102 93 1
102 95 1
102 96 1
102 97 1
102 100 1
102 102 1
103 3 1
103 4 1
103 8 1
103 9 1
103 14 1
103 15 1
103 16 1
103 17 1
103 18 1
103 19 1
103 20 1
103 21 1
103 23 1
103 24 1
103 28 1
103 33 1
103 35 1
103 36 1
103 38 1
103 39 1
103 41 1
103 45 1
103 46 1
103 47 1
103 48 1
103 49 1
103 51 1
103 52 1
103 53 1
103 54 1
103 57 1
103 60 1
103 63 1
103 66 1
103 70 1
103 72 1
103 73 1
103 78 1
103 81 1
103 82 1
103 84 1
103 87 1
103 88 1
103 89 1
103 92 1
103 95 1
103 96 1
103 100 1
103 101 1
103 102 1
103 103 1
104 6 1
104 9 1
104 17 1
104 20 1
104 22 1
104 26 1
104 33 1
104 35 1
104 39 1
104 43 1
104 47 1
104 48 1
104 50 1
104 53 1
104 55 1
104 61 1
104 67 1
104 70 1
104 74 1
104 75 1
104 82 1
104 84 1
104 88 1
104 93 1
104 94 1
104 100 1
105 1 1
105 4 1
105 5 1
105 8 1
105 13 1
105 14 1
105 15 1
105 16 1
105 18 1
105 21 1
105 22 1
105 23 1
105 28 1
105 29 1
105 32 1
105 36 1
105 37 1
105 39 1
105 42 1
105 52 1
105 56 1
105 57 1
105 61 1
105 64 1
105 71 1
105 72 1
105 73 1
105 77 1
105 90 1
105 91 1
105 93 1
105 94 1
105 96 1
105 98 1
105 99 1
105 100 1
105 102 1
106 0 1
106 1 1
106 3 1
106 4 1
106 10 1
106 16 1
106 17 1
106 18 1
106 20 1
106 27 1
106 30 1
106 32 1
106 37 1
106 38 1
106 41 1
106 42 1
106 43 1
106 45 1
106 51 1
106 54 1
106 56 1
106 63 1
106 67 1
106 68 1
106 72 1
106 79 1
106 81 1
106 84 1
106 87 1
106 89 1
106 92 1
106 94 1
106 96 1
106 97 1
106 102 1
106 103 1
106 105 1
106 106 1
107 1 1
107 2 1
107 7 1
107 9 1
107 11 1
107 12 1
107 13 1
107 23 1
107 25 1
107 29 1
107 33 1
107 36 1
107 43 1
107 50 1
107 51 1
107 52 1
107 53 1
107 55 1
107 56 1
107 60 1
107 61 1
107 62 1
107 63 1
107 64 1
107 65 1
107 67 1
107 68 1
107 69 1
107 70 1
107 75 1
107 76 1
107 80 1
107 82 1
107 88 1
107 91 1
107 96 1
107 107 1
108 4 1
108 10 1
108 13 1
108 14 1
108 15 1
108 19 1
108 20 1
108 22 1
108 23 1
108 27 1
108 29 1
108 33 1
108 36 1
108 37 1
108 38 1
108 40 1
108 44 1
108 48 1
108 49 1
108 55 1
108 56 1
108 60 1
108 61 1
108 62 1
108 68 1
108 71 1
108 72 1
108 77 1
108 79 1
108 81 1
108 83 1
108 88 1
108 89 1
108 90 1
108 91 1
108 93 1
108 97 1
108 100 1
108 103 1
108 105 1
108 108 1
109 0 1
109 3 1
109 6 1
109 10 1
109 11 1
109 13 1
109 20 1
109 21 1
109 22 1
109 30 1
109 31 1
109 32 1
109 40 1
109 42 1
109 43 1
109 44 1
109 49 1
109 52 1
109 56 1
109 57 1
109 59 1
109 64 1
109 68 1
109 71 1
109 78 1
109 79 1
109 83 1
109 85 1
109 86 1
109 89 1
109 90 1
109 91 1
109 93 1
109 94 1
109 97 1
109 98 1
109 103 1
109 105 1
109 108 1
109 109 1
110 4 1
110 5 1
110 7 1
110 10 1
110 14 1
110 15 1
110 21 1
110 25 1
110 26 1
110 31 1
110 32 1
110 34 1
110 35 1
110 37 1
110 39 1
110 42 1
110 49 1
110 52 1
110 54 1
110 57 1
110 60 1
110 61 1
110 63 1
110 66 1
110 68 1
110 70 1
110 71 1
110 72 1
110 74 1
110 88 1
110 89 1
110 92 1
110 95 1
110 97 1
110 98 1
110 99 1
110 101 1
110 108 1
110 110 1
111 0 1
111 1 1
111 4 1
111 5 1
111 6 1
111 8 1
111 14 1
111 15 1
111 26 1
111 29 1
111 31 1
111 32 1
111 33 1
111 38 1
111 39 1
111 42 1
111 44 1
111 47 1
111 48 1
111 49 1
111 50 1
111 53 1
111 54 1
111 56 1
111 57 1
111 58 1
111 61 1
111 67 1
111 68 1
111 71 1
111 72 1
111 73 1
111 77 1
111 79 1
111 83 1
111 84 1
111 85 1
111 90 1
111 94 1
111 97 1
111 98 1
111 100 1
111 102 1
111 108 1
111 109 1
111 111 1
112 0 1
112 1 1
112 2 1
112 7 1
112 9 1
112 10 1
112 11 1
112 12 1
112 16 1
112 17 1
112 24 1
112 25 1
112 27 1
112 30 1
112 34 1
112 35 1
112 38 1
112 42 1
112 43 1
112 50 1
112 52 1
112 53 1
112 55 1
112 57 1
112 60 1
112 63 1
112 67 1
112 69 1
112 72 1
112 74 1
112 75 1
112 76 1
112 80 1
112 86 1
112 88 1
112 92 1
112 102 1
112 103 1
112 106 1
112 112 1
113 1 1
113 2 1
113 4 1
113 7 1
113 9 1
113 12 1
113 24 1
113 25 1
113 27 1
113 28 1
113 29 1
113 31 1
113 34 1
113 35 1
113 36 1
113 46 1
113 50 1
113 52 1
113 53 1
113 63 1
113 64 1
113 69 1
113 74 1
113 77 1
113 80 1
113 81 1
113 85 1
113 86 1
113 87 1
113 88 1
113 90 1
113 91 1
113 92 1
113 97 1
113 102 1
113 105 1
113 110 1
113 112 1
114 0 1
114 3 1
114 9 1
114 13 1
114 16 1
114 18 1
114 24 1
114 26 1
114 27 1
114 36 1
114 38 1
114 39 1
114 40 1
114 41 1
114 45 1
114 46 1
114 48 1
114 52 1
114 60 1
114 61 1
114 62 1
114 67 1
114 71 1
114 80 1
114 81 1
114 84 1
114 85 1
114 89 1
114 93 1
114 95 1
114 98 1
114 102 1
114 111 1
114 113 1
114 114 1
115 0 1
115 1 1
115 2 1
115 7 1
115 8 1
115 9 1
115 12 1
115 16 1
115 19 1
115 23 1
115 24 1
115 25 1
115 32 1
115 33 1
115 34 1
115 35 1
115 37 1
115 43 1
115 47 1
115 51 1
115 53 1
115 55 1
115 56 1
115 62 1
115 64 1
115 68 1
115 70 1
115 73 1
115 84 1
115 88 1
115 92 1
115 95 1
115 104 1
115 107 1
115 112 1
116 1 1
116 2 1
116 3 1
116 7 1
116 8 1
116 11 1
116 12 1
116 15 1
116 18 1
116 25 1
116 32 1
116 34 1
116 35 1
116 36 1
116 42 1
116 43 1
116 52 1
116 54 1
116 57 1
116 61 1
116 62 1
116 67 1
116 71 1
116 72 1
116 73 1
116 75 1
116 76 1
116 77 1
116 78 1
116 82 1
116 88 1
116 92 1
116 94 1
116 97 1
116 104 1
116 107 1
116 109 1
116 115 1
117 0 1
117 3 1
117 5 1
117 8 1
117 11 1
117 12 1
117 15 1
117 18 1
117 22 1
117 26 1
117 33 1
117 37 1
117 38 1
117 42 1
117 48 1
117 56 1
117 58 1
117 60 1
117 66 1
117 69 1
117 71 1
117 74 1
117 75 1
117 77 1
117 79 1
117 89 1
117 90 1
117 92 1
117 98 1
117 99 1
117 100 1
117 102 1
117 104 1
117 105 1
117 109 1
117 111 1
117 113 1
117 117 1
118 2 1
118 4 1
118 9 1
118 11 1
118 12 1
118 17 1
118 25 1
118 28 1
118 34 1
118 35 1
118 36 1
118 38 1
118 39 1
118 45 1
118 50 1
118 53 1
118 58 1
118 62 1
118 68 1
118 69 1
118 73 1
118 75 1
118 83 1
118 85 1
118 88 1
118 90 1
118 91 1
118 94 1
118 95 1
118 97 1
118 101 1
118 103 1
118 116 1
118 118 1
119 0 1
119 4 1
119 8 1
119 16 1
119 17 1
119 23 1
119 26 1
119 27 1
119 28 1
119 30 1
119 32 1
119 33 1
119 35 1
119 39 1
119 41 1
119 44 1
119 45 1
119 47 1
119 51 1
119 54 1
119 60 1
119 62 1
119 65 1
119 72 1
119 78 1
119 80 1
119 84 1
119 85 1
119 87 1
119 89 1
119 90 1
119 92 1
119 95 1
119 96 1
119 100 1
119 101 1
119 102 1
119 103 1
119 106 1
119 115 1
119 116 1
120 1 1
120 6 1
120 7 1
120 12 1
120 13 1
120 18 1
120 21 1
120 32 1
120 35 1
120 36 1
120 43 1
120 46 1
120 47 1
120 50 1
120 51 1
120 53 1
120 55 1
120 58 1
120 59 1
120 62 1
120 63 1
120 67 1
120 68 1
120 69 1
120 72 1
120 74 1
120 80 1
120 81 1
120 84 1
120 86 1
120 88 1
120 91 1
120 92 1
120 94 1
120 95 1
120 98 1
120 103 1
120 104 1
120 107 1
120 108 1
120 109 1
120 119 1
120 120 1
121 2 1
121 9 1
121 11 1
121 12 1
121 14 1
121 17 1
121 23 1
121 25 1
121 27 1
121 33 1
121 34 1
121 43 1
121 44 1
121 48 1
121 50 1
121 51 1
121 55 1
121 57 1
121 59 1
121 62 1
121 65 1
121 66 1
121 69 1
121 72 1
121 73 1
121 74 1
121 76 1
121 77 1
121 83 1
121 84 1
121 86 1
121 88 1
121 89 1
121 91 1
121 92 1
121 99 1
121 102 1
121 104 1
121 106 1
121 107 1
121 112 1
121 113 1
121 116 1
121 118 1
122 0 1
122 3 1
122 6 1
122 9 1
122 14 1
122 16 1
122 18 1
122 20 1
122 24 1
122 27 1
122 30 1
122 31 1
122 32 1
122 38 1
122 39 1
122 41 1
122 42 1
122 45 1
122 46 1
122 47 1
122 53 1
122 59 1
122 60 1
122 61 1
122 63 1
122 65 1
122 66 1
122 68 1
122 74 1
122 82 1
122 83 1
122 84 1
122 86 1
122 87 1
122 89 1
122 92 1
122 93 1
122 94 1
122 97 1
122 100 1
122 101 1
122 104 1
122 107 1
122 114 1
122 115 1
123 3 1
123 5 1
123 6 1
123 8 1
123 14 1
123 15 1
123 16 1
123 19 1
123 24 1
123 25 1
123 29 1
123 30 1
123 40 1
123 44 1
123 49 1
123 51 1
123 52 1
123 58 1
123 61 1
123 64 1
123 66 1
123 68 1
123 72 1
123 74 1
123 77 1
123 79 1
123 87 1
123 90 1
123 100 1
123 101 1
123 105 1
123 108 1
123 110 1
123 111 1
123 116 1
123 117 1
124 0 1
124 3 1
124 14 1
124 17 1
124 19 1
124 22 1
124 25 1
124 26 1
124 29 1
124 31 1
124 40 1
124 42 1
124 45 1
124 47 1
124 48 1
124 49 1
124 50 1
124 55 1
124 56 1
124 57 1
124 58 1
124 61 1
124 65 1
124 68 1
124 70 1
124 71 1
124 72 1
124 74 1
124 78 1
124 79 1
124 83 1
124 89 1
124 90 1
124 93 1
124 94 1
124 99 1
124 104 1
124 105 1
124 106 1
124 109 1
124 111 1
124 112 1
124 117 1
124 121 1
124 123 1
124 124 1
125 0 1
125 3 1
125 10 1
125 14 1
125 16 1
125 17 1
125 20 1
125 24 1
125 27 1
125 30 1
125 33 1
125 35 1
125 36 1
125 38 1
125 39 1
125 41 1
125 47 1
125 48 1
125 51 1
125 54 1
125 59 1
125 63 1
125 65 1
125 68 1
125 69 1
125 70 1
125 74 1
125 77 1
125 78 1
125 82 1
125 84 1
125 86 1
125 87 1
125 88 1
125 89 1
125 93 1
125 95 1
125 96 1
125 98 1
125 103 1
125 106 1
125 114 1
125 116 1
125 121 1
125 123 1
125 124 1
126 1 1
126 2 1
126 7 1
126 10 1
126 12 1
126 16 1
126 24 1
126 25 1
126 34 1
126 40 1
126 47 1
126 48 1
126 50 1
126 53 1
126 55 1
126 61 1
126 62 1
126 65 1
126 69 1
126 71 1
126 73 1
126 74 1
126 76 1
126 83 1
126 86 1
126 88 1
126 91 1
126 92 1
126 95 1
126 101 1
126 104 1
126 107 1
126 112 1
126 113 1
126 115 1
126 116 1
126 120 1
126 121 1
127 6 1
127 9 1
127 14 1
127 18 1
127 19 1
127 26 1
127 30 1
127 31 1
127 42 1
127 47 1
127 51 1
127 52 1
127 54 1
127 56 1
127 57 1
127 62 1
127 63 1
127 67 1
127 70 1
127 71 1
127 73 1
127 74 1
127 75 1
127 76 1
127 78 1
127 80 1
127 86 1
127 87 1
127 88 1
127 95 1
127 98 1
127 105 1
127 106 1
127 107 1
127 112 1
127 113 1
127 118 1
127 121 1
127 124 1
127 126 1
127 127 1
128 1 1
128 4 1
128 9 1
128 12 1
128 13 1
128 16 1
128 19 1
128 21 1
128 22 1
128 26 1
128 29 1
128 31 1
128 32 1
128 40 1
128 42 1
128 44 1
128 45 1
128 54 1
128 56 1
128 58 1
128 61 1
128 63 1
128 64 1
128 68 1
128 69 1
128 71 1
128 72 1
128 77 1
128 79 1
128 81 1
128 88 1
128 90 1
128 95 1
128 98 1
128 100 1
128 105 1
128 109 1
128 110 1
128 117 1
128 122 1
128 123 1
128 124 1
128 126 1
128 128 1
129 0 1
129 3 1
129 4 1
129 8 1
129 10 1
129 12 1
129 16 1
129 18 1
129 23 1
129 24 1
129 27 1
129 28 1
129 30 1
129 31 1
129 36 1
129 38 1
129 40 1
129 44 1
129 46 1
129 47 1
129 59 1
129 61 1
129 64 1
129 65 1
129 78 1
129 80 1
129 81 1
129 82 1
129 83 1
129 84 1
129 86 1
129 87 1
129 89 1
129 92 1
129 93 1
129 96 1
129 101 1
129 103 1
129 106 1
129 113 1
129 114 1
129 122 1
129 124 1
129 125 1
129 126 1
130 2 1
130 3 1
130 8 1
130 16 1
130 17 1
130 20 1
130 21 1
130 22 1
130 23 1
130 24 1
130 25 1
130 26 1
130 28 1
130 30 1
130 35 1
130 38 1
130 39 1
130 40 1
130 41 1
130 43 1
130 48 1
130 54 1
130 59 1
130 63 1
130 65 1
130 67 1
130 71 1
130 73 1
130 80 1
130 84 1
130 85 1
130 89 1
130 95 1
130 96 1
130 97 1
130 101 1
130 102 1
130 104 1
130 112 1
130 114 1
130 119 1
130 122 1
130 123 1
130 126 1
130 130 1
131 4 1
131 5 1
131 6 1
131 9 1
131 14 1
131 16 1
131 17 1
131 21 1
131 22 1
131 23 1
131 25 1
131 32 1
131 33 1
131 40 1
131 42 1
131 44 1
131 50 1
131 57 1
131 64 1
131 68 1
131 78 1
131 79 1
131 85 1
131 86 1
131 90 1
131 95 1
131 98 1
131 99 1
131 100 1
131 104 1
131 106 1
131 108 1
131 109 1
131 111 1
131 117 1
131 123 1
131 127 1
131 128 1
131 131 1
132 2 1
132 3 1
132 4 1
132 5 1
132 6 1
132 8 1
132 10 1
132 14 1
132 15 1
132 19 1
132 21 1
132 22 1
132 28 1
132 29 1
132 32 1
132 34 1
132 39 1
132 40 1
132 42 1
132 47 1
132 55 1
132 56 1
132 57 1
132 60 1
132 63 1
132 65 1
132 67 1
132 69 1
132 70 1
132 71 1
132 72 1
132 77 1
132 78 1
132 79 1
132 83 1
132 89 1
132 90 1
132 93 1
132 96 1
132 99 1
132 100 1
132 101 1
132 103 1
132 105 1
132 110 1
132 111 1
132 114 1
132 116 1
132 117 1
132 123 1
132 131 1
133 3 1
133 17 1
133 18 1
133 20 1
133 22 1
133 27 1
133 28 1
133 30 1
133 32 1
133 34 1
133 36 1
133 38 1
133 39 1
133 41 1
133 42 1
133 44 1
133 45 1
133 49 1
133 54 1
133 56 1
133 59 1
133 60 1
133 63 1
133 74 1
133 76 1
133 78 1
133 80 1
133 81 1
133 82 1
133 84 1
133 94 1
133 95 1
133 97 1
133 101 1
133 108 1
133 112 1
133 113 1
133 114 1
133 119 1
133 122 1
133 123 1
133 125 1
133 127 1
133 129 1
133 130 1
133 131 1
134 1 1
134 7 1
134 11 1
134 13 1
134 15 1
134 25 1
134 28 1
134 31 1
134 33 1
134 39 1
134 40 1
134 43 1
134 45 1
134 50 1
134 51 1
134 52 1
134 53 1
134 55 1
134 57 1
134 58 1
134 64 1
134 75 1
134 76 1
134 81 1
134 82 1
134 88 1
134 89 1
134 91 1
134 94 1
134 95 1
134 98 1
134 107 1
134 108 1
134 111 1
134 112 1
134 117 1
134 118 1
134 120 1
134 125 1
134 127 1
135 5 1
135 9 1
135 12 1
135 14 1
135 15 1
135 19 1
135 23 1
135 26 1
135 30 1
135 34 1
135 36 1
135 38 1
135 39 1
135 41 1
135 45 1
135 46 1
135 47 1
135 48 1
135 57 1
135 59 1
135 60 1
135 65 1
135 69 1
135 70 1
135 71 1
135 75 1
135 77 1
135 78 1
135 79 1
135 81 1
135 82 1
135 83 1
135 85 1
135 89 1
135 93 1
135 95 1
135 97 1
135 101 1
135 102 1
135 111 1
135 114 1
135 115 1
135 117 1
135 119 1
135 122 1
135 128 1
135 129 1
135 130 1
135 133 1
135 135 1
136 2 1
136 3 1
136 7 1
136 8 1
136 9 1
136 10 1
136 17 1
136 18 1
136 23 1
136 24 1
136 27 1
136 30 1
136 32 1
136 36 1
136 39 1
136 41 1
136 43 1
136 44 1
136 45 1
136 48 1
136 50 1
136 53 1
136 54 1
136 56 1
136 59 1
136 60 1
136 65 1
136 66 1
136 70 1
136 73 1
136 78 1
136 80 1
136 81 1
136 82 1
136 85 1
136 91 1
136 94 1
136 95 1
136 101 1
136 102 1
136 103 1
136 106 1
136 112 1
136 114 1
136 119 1
136 122 1
136 125 1
136 129 1
136 133 1
136 135 1
136 136 1
137 2 1
137 3 1
137 7 1
137 11 1
137 12 1
137 13 1
137 19 1
137 33 1
137 37 1
137 43 1
137 48 1
137 50 1
137 51 1
137 52 1
137 55 1
137 62 1
137 69 1
137 70 1
137 76 1
137 86 1
137 88 1
137 91 1
137 92 1
137 94 1
137 97 1
137 98 1
137 104 1
137 107 1
137 109 1
137 112 1
137 113 1
137 114 1
137 116 1
137 117 1
137 118 1
137 119 1
137 120 1
137 125 1
137 128 1
137 134 1
138 0 1
138 3 1
138 7 1
138 8 1
138 9 1
138 13 1
138 15 1
138 16 1
138 18 1
138 19 1
138 20 1
138 22 1
138 23 1
138 24 1
138 28 1
138 29 1
138 33 1
138 36 1
138 38 1
138 44 1
138 45 1
138 48 1
138 53 1
138 59 1
138 69 1
138 74 1
138 77 1
138 78 1
138 81 1
138 82 1
138 84 1
138 85 1
138 87 1
138 89 1
138 95 1
138 97 1
138 101 1
138 106 1
138 108 1
138 118 1
138 120 1
138 122 1
138 124 1
138 127 1
138 128 1
138 129 1
138 130 1
138 133 1
138 136 1
138 138 1
139 1 1
139 3 1
139 7 1
139 9 1
139 11 1
139 19 1
139 21 1
139 24 1
139 25 1
139 27 1
139 29 1
139 30 1
139 36 1
139 38 1
139 39 1
139 50 1
139 51 1
139 52 1
139 57 1
139 70 1
139 71 1
139 72 1
139 73 1
139 74 1
139 76 1
139 79 1
139 80 1
139 82 1
139 86 1
139 88 1
139 91 1
139 95 1
139 106 1
139 107 1
139 110 1
139 113 1
139 115 1
139 116 1
139 117 1
139 118 1
139 120 1
139 121 1
139 124 1
139 134 1
139 139 1
140 4 1
140 7 1
140 9 1
140 11 1
140 12 1
140 13 1
140 17 1
140 23 1
140 25 1
140 26 1
140 27 1
140 28 1
140 32 1
140 33 1
140 35 1
140 42 1
140 43 1
140 45 1
140 50 1
140 51 1
140 52 1
140 55 1
140 57 1
140 59 1
140 60 1
140 62 1
140 67 1
140 70 1
140 76 1
140 80 1
140 83 1
140 88 1
140 91 1
140 103 1
140 112 1
140 118 1
140 122 1
140 125 1
140 127 1
140 130 1
140 131 1
140 134 1
140 135 1
140 136 1
140 137 1
140 139 1
141 4 1
141 5 1
141 6 1
141 7 1
141 9 1
141 10 1
141 11 1
141 15 1
141 21 1
141 32 1
141 36 1
141 40 1
141 46 1
141 57 1
141 65 1
141 72 1
141 77 1
141 79 1
141 81 1
141 83 1
141 86 1
141 90 1
141 96 1
141 98 1
141 104 1
141 107 1
141 108 1
141 109 1
141 110 1
141 111 1
141 113 1
141 114 1
141 117 1
141 123 1
141 128 1
141 129 1
141 132 1
141 136 1
141 138 1
141 140 1
141 141 1
142 0 1
142 3 1
142 9 1
142 15 1
142 16 1
142 17 1
142 24 1
142 27 1
142 28 1
142 36 1
142 38 1
142 45 1
142 46 1
142 47 1
142 50 1
142 55 1
142 57 1
142 60 1
142 63 1
142 65 1
142 79 1
142 83 1
142 84 1
142 85 1
142 89 1
142 93 1
142 97 1
142 103 1
142 109 1
142 114 1
142 116 1
142 118 1
142 119 1
142 122 1
142 125 1
142 130 1
142 135 1
142 138 1
142 140 1
142 142 1
143 0 1
143 3 1
143 8 1
143 12 1
143 13 1
143 18 1
143 23 1
143 27 1
143 29 1
143 30 1
143 36 1
143 38 1
143 39 1
143 45 1
143 46 1
143 48 1
143 50 1
143 54 1
143 57 1
143 59 1
143 65 1
143 67 1
143 71 1
143 78 1
143 80 1
143 82 1
143 85 1
143 88 1
143 89 1
143 90 1
143 96 1
143 100 1
143 101 1
143 102 1
143 106 1
143 111 1
143 119 1
143 122 1
143 123 1
143 125 1
143 135 1
143 136 1
143 139 1
143 140 1
143 141 1
143 142 1
144 5 1
144 11 1
144 12 1
144 13 1
144 14 1
144 15 1
144 16 1
144 21 1
144 26 1
144 29 1
144 37 1
144 40 1
144 45 1
144 47 1
144 48 1
144 52 1
144 63 1
144 68 1
144 75 1
144 76 1
144 77 1
144 79 1
144 88 1
144 90 1
144 98 1
144 99 1
144 100 1
144 105 1
144 108 1
144 110 1
144 111 1
144 112 1
144 114 1
144 117 1
144 123 1
144 125 1
144 127 1
144 128 1
144 131 1
144 132 1
144 135 1
144 144 1
145 0 1
145 5 1
145 8 1
145 10 1
145 14 1
145 15 1
145 17 1
145 19 1
145 29 1
145 31 1
145 32 1
145 34 1
145 38 1
145 40 1
145 42 1
145 43 1
145 44 1
145 49 1
145 56 1
145 61 1
145 63 1
145 68 1
145 72 1
145 75 1
145 77 1
145 78 1
145 79 1
145 83 1
145 95 1
145 100 1
145 101 1
145 102 1
145 105 1
145 110 1
145 111 1
145 117 1
145 121 1
145 124 1
145 128 1
145 132 1
145 141 1
145 144 1
145 145 1
146 2 1
146 3 1
146 8 1
146 16 1
146 20 1
146 23 1
146 26 1
146 28 1
146 30 1
146 34 1
146 36 1
146 38 1
146 41 1
146 43 1
146 45 1
146 53 1
146 54 1
146 56 1
146 59 1
146 62 1
146 65 1
146 66 1
146 68 1
146 73 1
146 74 1
146 78 1
146 81 1
146 84 1
146 86 1
146 88 1
146 89 1
146 91 1
146 93 1
146 97 1
146 98 1
146 100 1
146 106 1
146 110 1
146 113 1
146 114 1
146 118 1
146 119 1
146 120 1
146 122 1
146 123 1
146 129 1
146 130 1
146 131 1
146 133 1
146 134 1
146 136 1
146 138 1
146 140 1
147 3 1
147 8 1
147 9 1
147 15 1
147 17 1
147 19 1
147 23 1
147 24 1
147 26 1
147 27 1
147 30 1
147 36 1
147 37 1
147 38 1
147 39 1
147 40 1
147 44 1
147 47 1
147 48 1
147 50 1
147 54 1
147 59 1
147 60 1
147 63 1
147 78 1
147 81 1
147 85 1
147 86 1
147 87 1
147 88 1
147 90 1
147 93 1
147 95 1
147 97 1
147 99 1
147 101 1
147 103 1
147 107 1
147 114 1
147 115 1
147 119 1
147 120 1
147 122 1
147 123 1
147 125 1
147 128 1
147 129 1
147 133 1
147 135 1
147 141 1
147 142 1
147 143 1
148 5 1
148 6 1
148 7 1
148 8 1
148 10 1
148 14 1
148 16 1
148 18 1
148 19 1
148 20 1
148 22 1
148 25 1
148 30 1
148 31 1
148 32 1
148 35 1
148 42 1
148 44 1
148 49 1
148 50 1
148 52 1
148 56 1
148 58 1
148 59 1
148 61 1
148 62 1
148 65 1
148 71 1
148 74 1
148 77 1
148 79 1
148 80 1
148 83 1
148 90 1
148 93 1
148 95 1
148 97 1
148 98 1
148 99 1
148 100 1
148 103 1
148 107 1
148 108 1
148 109 1
148 110 1
148 111 1
148 126 1
148 128 1
148 130 1
148 132 1
148 134 1
148 135 1
148 137 1
148 139 1
148 141 1
148 142 1
148 143 1
148 146 1
148 148 1
149 0 1
149 4 1
149 6 1
149 9 1
149 10 1
149 14 1
149 15 1
149 17 1
149 19 1
149 21 1
149 22 1
149 24 1
149 25 1
149 26 1
149 28 1
149 29 1
149 30 1
149 41 1
149 44 1
149 48 1
149 49 1
149 57 1
149 58 1
149 64 1
149 66 1
149 68 1
149 71 1
149 72 1
149 76 1
149 77 1
149 79 1
149 80 1
149 85 1
149 88 1
149 98 1
149 100 1
149 105 1
149 106 1
149 107 1
149 109 1
149 110 1
149 117 1
149 123 1
149 124 1
149 127 1
149 128 1
149 130 1
149 132 1
149 138 1
149 141 1
149 142 1
149 143 1
149 144 1
149 145 1
149 148 1
150 7 1
150 9 1
150 16 1
150 17 1
150 21 1
150 23 1
150 24 1
150 25 1
150 29 1
150 31 1
150 33 1
150 34 1
150 35 1
150 40 1
150 42 1
150 47 1
150 48 1
150 50 1
150 60 1
150 61 1
150 65 1
150 70 1
150 71 1
150 74 1
150 75 1
150 76 1
150 78 1
150 80 1
150 88 1
150 89 1
150 90 1
150 91 1
150 92 1
150 94 1
150 98 1
150 102 1
150 104 1
150 105 1
150 106 1
150 108 1
150 112 1
150 113 1
150 115 1
150 116 1
150 126 1
150 127 1
150 130 1
150 134 1
150 142 1
150 144 1
150 149 1
150 150 1
151 2 1
151 4 1
151 5 1
151 6 1
151 10 1
151 14 1
151 15 1
151 21 1
151 22 1
151 27 1
151 28 1
151 29 1
151 31 1
151 32 1
151 34 1
151 35 1
151 42 1
151 44 1
151 49 1
151 51 1
151 57 1
151 60 1
151 61 1
151 63 1
151 64 1
151 66 1
151 68 1
151 69 1
151 74 1
151 76 1
151 77 1
151 83 1
151 97 1
151 98 1
151 99 1
151 100 1
151 105 1
151 106 1
151 108 1
151 109 1
151 111 1
151 115 1
151 117 1
151 118 1
151 120 1
151 123 1
151 124 1
151 125 1
151 128 1
151 136 1
151 144 1
151 145 1
151 148 1
151 149 1
151 151 1
152 2 1
152 6 1
152 15 1
152 19 1
152 22 1
152 29 1
152 34 1
152 36 1
152 37 1
152 42 1
152 44 1
152 48 1
152 50 1
152 57 1
152 59 1
152 62 1
152 66 1
152 67 1
152 70 1
152 72 1
152 77 1
152 80 1
152 83 1
152 88 1
152 93 1
152 95 1
152 98 1
152 99 1
152 100 1
152 101 1
152 105 1
152 108 1
152 111 1
152 114 1
152 123 1
152 124 1
152 126 1
152 132 1
152 145 1
152 148 1
152 149 1
152 150 1
152 152 1
153 8 1
153 16 1
153 17 1
153 18 1
153 20 1
153 28 1
153 33 1
153 35 1
153 36 1
153 39 1
153 40 1
153 41 1
153 43 1
153 45 1
153 46 1
153 47 1
153 54 1
153 55 1
153 62 1
153 65 1
153 66 1
153 69 1
153 78 1
153 80 1
153 81 1
153 82 1
153 83 1
153 84 1
153 85 1
153 86 1
153 90 1
153 91 1
153 93 1
153 96 1
153 97 1
153 102 1
153 103 1
153 105 1
153 113 1
153 114 1
153 115 1
153 119 1
153 121 1
153 122 1
153 125 1
153 129 1
153 133 1
153 135 1
153 138 1
153 142 1
153 143 1
153 146 1
153 147 1
153 151 1
154 2 1
154 6 1
154 7 1
154 8 1
154 11 1
154 12 1
154 20 1
154 30 1
154 32 1
154 33 1
154 34 1
154 35 1
154 50 1
154 53 1
154 62 1
154 67 1
154 69 1
154 73 1
154 74 1
154 76 1
154 77 1
154 78 1
154 79 1
154 83 1
154 90 1
154 91 1
154 92 1
154 94 1
154 97 1
154 99 1
154 105 1
154 107 1
154 111 1
154 118 1
154 121 1
154 122 1
154 125 1
154 126 1
154 127 1
154 129 1
154 134 1
154 144 1
154 150 1
154 154 1
155 2 1
155 4 1
155 6 1
155 10 1
155 13 1
155 14 1
155 15 1
155 21 1
155 22 1
155 32 1
155 35 1
155 38 1
155 40 1
155 44 1
155 53 1
155 56 1
155 57 1
155 60 1
155 61 1
155 64 1
155 65 1
155 66 1
155 68 1
155 69 1
155 71 1
155 77 1
155 79 1
155 83 1
155 90 1
155 91 1
155 98 1
155 104 1
155 109 1
155 110 1
155 117 1
155 124 1
155 125 1
155 132 1
155 138 1
155 141 1
155 144 1
155 145 1
155 146 1
155 148 1
155 151 1
156 0 1
156 3 1
156 9 1
156 10 1
156 17 1
156 18 1
156 19 1
156 20 1
156 23 1
156 27 1
156 31 1
156 35 1
156 38 1
156 47 1
156 48 1
156 56 1
156 59 1
156 61 1
156 63 1
156 70 1
156 76 1
156 78 1
156 81 1
156 82 1
156 83 1
156 85 1
156 89 1
156 91 1
156 103 1
156 104 1
156 105 1
156 109 1
156 110 1
156 125 1
156 130 1
156 133 1
156 134 1
156 135 1
156 136 1
156 137 1
156 138 1
156 140 1
156 141 1
156 142 1
156 143 1
156 145 1
156 146 1
156 147 1
157 1 1
157 2 1
157 6 1
157 7 1
157 9 1
157 11 1
157 23 1
157 32 1
157 33 1
157 34 1
157 35 1
157 36 1
157 37 1
157 43 1
157 50 1
157 51 1
157 52 1
157 54 1
157 57 1
157 58 1
157 59 1
157 61 1
157 62 1
157 65 1
157 66 1
157 67 1
157 68 1
157 73 1
157 74 1
157 80 1
157 83 1
157 86 1
157 91 1
157 92 1
157 94 1
157 100 1
157 103 1
157 104 1
157 106 1
157 107 1
157 110 1
157 111 1
157 112 1
157 118 1
157 119 1
157 120 1
157 127 1
157 129 1
157 137 1
157 139 1
157 140 1
157 141 1
157 143 1
157 144 1
157 149 1
157 150 1
157 154 1
157 155 1
157 157 1
158 3 1
158 4 1
158 5 1
158 9 1
158 10 1
158 11 1
158 14 1
158 15 1
158 16 1
158 19 1
158 20 1
158 21 1
158 22 1
158 23 1
158 25 1
158 26 1
158 28 1
158 29 1
158 36 1
158 37 1
158 39 1
158 41 1
158 42 1
158 44 1
158 48 1
158 56 1
158 57 1
158 58 1
158 59 1
158 60 1
158 68 1
158 71 1
158 72 1
158 74 1
158 75 1
158 85 1
158 93 1
158 95 1
158 97 1
158 98 1
158 99 1
158 100 1
158 105 1
158 106 1
158 108 1
158 110 1
158 111 1
158 117 1
158 119 1
158 124 1
158 127 1
158 128 1
158 131 1
158 132 1
158 140 1
158 141 1
158 144 1
158 145 1
158 149 1
158 155 1
158 158 1
159 2 1
159 7 1
159 9 1
159 12 1
159 15 1
159 18 1
159 20 1
159 30 1
159 31 1
159 33 1
159 34 1
159 35 1
159 37 1
159 40 1
159 43 1
159 49 1
159 50 1
159 51 1
159 55 1
159 60 1
159 61 1
159 63 1
159 65 1
159 67 1
159 71 1
159 72 1
159 73 1
159 74 1
159 76 1
159 78 1
159 80 1
159 83 1
159 88 1
159 91 1
159 92 1
159 94 1
159 101 1
159 103 1
159 104 1
159 105 1
159 108 1
159 113 1
159 115 1
159 116 1
159 120 1
159 123 1
159 149 1
159 151 1
159 153 1
159 157 1
159 159 1
160 0 1
160 3 1
160 5 1
160 7 1
160 9 1
160 10 1
160 16 1
160 17 1
160 18 1
160 23 1
160 24 1
160 25 1
160 27 1
160 28 1
160 31 1
160 32 1
160 34 1
160 36 1
160 37 1
160 38 1
160 39 1
160 41 1
160 44 1
160 48 1
160 58 1
160 59 1
160 60 1
160 61 1
160 63 1
160 64 1
160 65 1
160 70 1
160 73 1
160 78 1
160 81 1
160 82 1
160 83 1
160 89 1
160 91 1
160 93 1
160 95 1
160 96 1
160 97 1
160 103 1
160 109 1
160 112 1
160 117 1
160 125 1
160 129 1
160 130 1
160 131 1
160 133 1
160 138 1
160 139 1
160 142 1
160 143 1
160 145 1
160 146 1
160 147 1
160 152 1
160 154 1
160 156 1
160 157 1
160 158 1
160 160 1
161 0 1
161 6 1
161 11 1
161 12 1
161 17 1
161 22 1
161 24 1
161 30 1
161 33 1
161 34 1
161 35 1
161 38 1
161 41 1
161 43 1
161 45 1
161 46 1
161 47 1
161 55 1
161 60 1
161 64 1
161 65 1
161 67 1
161 69 1
161 82 1
161 84 1
161 85 1
161 89 1
161 90 1
161 91 1
161 95 1
161 96 1
161 97 1
161 101 1
161 102 1
161 103 1
161 106 1
161 109 1
161 111 1
161 115 1
161 119 1
161 121 1
161 122 1
161 125 1
161 128 1
161 133 1
161 134 1
161 135 1
161 136 1
161 143 1
161 146 1
161 147 1
161 149 1
161 152 1
161 155 1
161 156 1
161 158 1
161 159 1
161 161 1
162 0 1
162 4 1
162 6 1
162 13 1
162 16 1
162 17 1
162 18 1
162 21 1
162 23 1
162 24 1
162 27 1
162 28 1
162 30 1
162 36 1
162 39 1
162 40 1
162 41 1
162 42 1
162 43 1
162 47 1
162 54 1
162 57 1
162 58 1
162 63 1
162 65 1
162 68 1
162 69 1
162 73 1
162 76 1
162 81 1
162 82 1
162 84 1
162 85 1
162 87 1
162 89 1
162 93 1
162 97 1
162 101 1
162 103 1
162 106 1
162 112 1
162 113 1
162 115 1
162 122 1
162 125 1
162 128 1
162 130 1
162 135 1
162 136 1
162 139 1
162 142 1
162 143 1
162 146 1
162 148 1
162 153 1
162 156 1
162 158 1
162 160 1
162 161 1
162 162 1
163 0 1
163 3 1
163 5 1
163 18 1
163 20 1
163 24 1
163 28 1
163 29 1
163 32 1
163 35 1
163 37 1
163 38 1
163 41 1
163 45 1
163 47 1
163 48 1
163 53 1
163 54 1
163 57 1
163 58 1
163 59 1
163 60 1
163 63 1
163 64 1
163 65 1
163 67 1
163 78 1
163 79 1
163 81 1
163 82 1
163 90 1
163 94 1
163 96 1
163 101 1
163 103 1
163 108 1
163 113 1
163 114 1
163 119 1
163 127 1
163 128 1
163 129 1
163 130 1
163 134 1
163 135 1
163 136 1
163 142 1
163 148 1
163 150 1
163 152 1
163 153 1
163 154 1
163 156 1
163 160 1
163 161 1
163 163 1
164 4 1
164 5 1
164 6 1
164 14 1
164 15 1
164 21 1
164 22 1
164 26 1
164 31 1
164 32 1
164 40 1
164 41 1
164 42 1
164 44 1
164 47 1
164 49 1
164 51 1
164 52 1
164 56 1
164 61 1
164 63 1
164 64 1
164 66 1
164 71 1
164 72 1
164 73 1
164 74 1
164 79 1
164 83 1
164 89 1
164 99 1
164 103 1
164 105 1
164 108 1
164 109 1
164 111 1
164 112 1
164 114 1
164 115 1
164 117 1
164 119 1
164 123 1
164 124 1
164 128 1
164 129 1
164 132 1
164 133 1
164 141 1
164 144 1
164 148 1
164 149 1
164 151 1
164 153 1
164 155 1
164 160 1
164 164 1
165 1 1
165 2 1
165 7 1
165 11 1
165 14 1
165 16 1
165 20 1
165 25 1
165 32 1
165 33 1
165 34 1
165 42 1
165 43 1
165 50 1
165 55 1
165 62 1
165 64 1
165 69 1
165 73 1
165 74 1
165 80 1
165 82 1
165 84 1
165 86 1
165 88 1
165 91 1
165 94 1
165 95 1
165 99 1
165 100 1
165 104 1
165 109 1
165 110 1
165 115 1
165 116 1
165 117 1
165 120 1
165 121 1
165 124 1
165 126 1
165 127 1
165 128 1
165 129 1
165 130 1
165 134 1
165 137 1
165 138 1
165 145 1
165 146 1
165 150 1
165 153 1
165 157 1
165 158 1
165 159 1
165 164 1
165 165 1
166 0 1
166 5 1
166 7 1
166 8 1
166 9 1
166 13 1
166 16 1
166 18 1
166 23 1
166 26 1
166 27 1
166 28 1
166 30 1
166 31 1
166 35 1
166 36 1
166 38 1
166 39 1
166 43 1
166 45 1
166 46 1
166 47 1
166 48 1
166 52 1
166 55 1
166 77 1
166 78 1
166 79 1
166 81 1
166 83 1
166 85 1
166 86 1
166 89 1
166 90 1
166 93 1
166 95 1
166 96 1
166 97 1
166 101 1
166 106 1
166 108 1
166 109 1
166 114 1
166 118 1
166 125 1
166 126 1
166 130 1
166 137 1
166 140 1
166 142 1
166 143 1
166 147 1
166 148 1
166 152 1
166 153 1
166 156 1
166 161 1
166 163 1
166 166 1
167 0 1
167 6 1
167 7 1
167 10 1
167 11 1
167 12 1
167 13 1
167 14 1
167 19 1
167 20 1
167 24 1
167 25 1
167 29 1
167 32 1
167 37 1
167 39 1
167 49 1
167 53 1
167 57 1
167 63 1
167 68 1
167 69 1
167 79 1
167 81 1
167 83 1
167 84 1
167 90 1
167 91 1
167 93 1
167 97 1
167 99 1
167 102 1
167 105 1
167 109 1
167 110 1
167 111 1
167 113 1
167 114 1
167 117 1
167 121 1
167 123 1
167 132 1
167 141 1
167 143 1
167 147 1
167 148 1
167 151 1
167 152 1
167 155 1
167 158 1
167 163 1
167 164 1
167 165 1
167 167 1
168 1 1
168 3 1
168 4 1
168 5 1
168 6 1
168 7 1
168 8 1
168 10 1
168 15 1
168 17 1
168 23 1
168 32 1
168 33 1
168 36 1
168 38 1
168 40 1
168 42 1
168 44 1
168 49 1
168 54 1
168 56 1
168 57 1
168 58 1
168 66 1
168 69 1
168 71 1
168 75 1
168 79 1
168 84 1
168 85 1
168 86 1
168 87 1
168 89 1
168 95 1
168 100 1
168 102 1
168 104 1
168 105 1
168 106 1
168 112 1
168 117 1
168 120 1
168 123 1
168 125 1
168 128 1
168 132 1
168 137 1
168 138 1
168 141 1
168 145 1
168 149 1
168 151 1
168 152 1
168 155 1
168 157 1
168 158 1
168 164 1
168 167 1
168 168 1
169 0 1
169 2 1
169 3 1
169 4 1
169 11 1
169 12 1
169 14 1
169 17 1
169 20 1
169 24 1
169 29 1
169 33 1
169 36 1
169 39 1
169 44 1
169 45 1
169 46 1
169 48 1
169 50 1
169 51 1
169 52 1
169 54 1
169 58 1
169 59 1
169 60 1
169 62 1
169 64 1
169 67 1
169 71 1
169 81 1
169 82 1
169 87 1
169 93 1
169 95 1
169 96 1
169 97 1
169 101 1
169 102 1
169 103 1
169 106 1
169 109 1
169 110 1
169 114 1
169 122 1
169 125 1
169 126 1
169 128 1
169 130 1
169 133 1
169 137 1
169 138 1
169 142 1
169 146 1
169 147 1
169 153 1
169 156 1
169 157 1
169 160 1
169 161 1
169 163 1
169 166 1
169 169 1
170 3 1
170 4 1
170 7 1
170 8 1
170 12 1
170 15 1
170 16 1
170 17 1
170 18 1
170 20 1
170 22 1
170 23 1
170 24 1
170 26 1
170 27 1
170 29 1
170 39 1
170 41 1
170 45 1
170 46 1
170 47 1
170 48 1
170 49 1
170 51 1
170 59 1
170 60 1
170 63 1
170 76 1
170 78 1
170 82 1
170 83 1
170 85 1
170 87 1
170 93 1
170 95 1
170 96 1
170 97 1
170 98 1
170 101 1
170 106 1
170 111 1
170 113 1
170 115 1
170 119 1
170 122 1
170 123 1
170 129 1
170 130 1
170 133 1
170 135 1
170 138 1
170 140 1
170 141 1
170 142 1
170 143 1
170 144 1
170 152 1
170 153 1
170 158 1
170 160 1
170 161 1
170 162 1
170 163 1
170 170 1
171 4 1
171 5 1
171 11 1
171 13 1
171 14 1
171 19 1
171 20 1
171 21 1
171 22 1
171 26 1
171 29 1
171 31 1
171 33 1
171 37 1
171 40 1
171 55 1
171 56 1
171 57 1
171 58 1
171 59 1
171 64 1
171 68 1
171 71 1
171 76 1
171 77 1
171 79 1
171 81 1
171 83 1
171 85 1
171 86 1
171 88 1
171 99 1
171 108 1
171 109 1
171 112 1
171 117 1
171 123 1
171 124 1
171 128 1
171 131 1
171 132 1
171 135 1
171 138 1
171 140 1
171 141 1
171 144 1
171 145 1
171 147 1
171 148 1
171 149 1
171 152 1
171 162 1
171 164 1
171 165 1
171 170 1
171 171 1
172 4 1
172 8 1
172 14 1
172 17 1
172 22 1
172 23 1
172 24 1
172 25 1
172 27 1
172 28 1
172 30 1
172 31 1
172 41 1
172 45 1
172 46 1
172 47 1
172 48 1
172 52 1
172 58 1
172 61 1
172 63 1
172 65 1
172 69 1
172 70 1
172 79 1
172 84 1
172 85 1
172 88 1
172 96 1
172 97 1
172 101 1
172 102 1
172 103 1
172 106 1
172 107 1
172 113 1
172 114 1
172 119 1
172 122 1
172 125 1
172 129 1
172 130 1
172 133 1
172 135 1
172 136 1
172 141 1
172 144 1
172 146 1
172 151 1
172 153 1
172 154 1
172 156 1
172 160 1
172 161 1
172 162 1
172 170 1
173 3 1
173 4 1
173 5 1
173 6 1
173 13 1
173 14 1
173 22 1
173 29 1
173 32 1
173 36 1
173 40 1
173 43 1
173 44 1
173 48 1
173 50 1
173 54 1
173 56 1
173 57 1
173 58 1
173 61 1
173 64 1
173 66 1
173 67 1
173 74 1
173 75 1
173 77 1
173 78 1
173 83 1
173 84 1
173 91 1
173 99 1
173 100 1
173 108 1
173 110 1
173 112 1
173 113 1
173 116 1
173 117 1
173 123 1
173 125 1
173 132 1
173 140 1
173 144 1
173 145 1
173 146 1
173 148 1
173 149 1
173 152 1
173 162 1
173 163 1
173 164 1
173 168 1
174 2 1
174 3 1
174 16 1
174 17 1
174 18 1
174 20 1
174 22 1
174 23 1
174 24 1
174 27 1
174 30 1
174 36 1
174 39 1
174 44 1
174 45 1
174 46 1
174 47 1
174 48 1
174 54 1
174 55 1
174 58 1
174 59 1
174 60 1
174 61 1
174 65 1
174 66 1
174 67 1
174 81 1
174 82 1
174 84 1
174 85 1
174 87 1
174 89 1
174 93 1
174 95 1
174 100 1
174 101 1
174 103 1
174 109 1
174 110 1
174 114 1
174 115 1
174 119 1
174 122 1
174 125 1
174 126 1
174 128 1
174 129 1
174 133 1
174 136 1
174 138 1
174 139 1
174 142 1
174 145 1
174 152 1
174 153 1
174 156 1
174 159 1
174 160 1
174 161 1
174 164 1
174 170 1
174 172 1
174 173 1
175 4 1
175 6 1
175 14 1
175 16 1
175 19 1
175 22 1
175 23 1
175 26 1
175 27 1
175 28 1
175 29 1
175 31 1
175 33 1
175 42 1
175 46 1
175 49 1
175 50 1
175 52 1
175 54 1
175 60 1
175 64 1
175 66 1
175 68 1
175 72 1
175 78 1
175 81 1
175 83 1
175 91 1
175 97 1
175 98 1
175 99 1
175 103 1
175 105 1
175 110 1
175 111 1
175 115 1
175 121 1
175 123 1
175 124 1
175 125 1
175 128 1
175 129 1
175 130 1
175 131 1
175 132 1
175 136 1
175 137 1
175 140 1
175 144 1
175 151 1
175 152 1
175 155 1
175 164 1
175 167 1
175 168 1
175 171 1
175 173 1
176 3 1
176 5 1
176 9 1
176 16 1
176 18 1
176 20 1
176 23 1
176 24 1
176 25 1
176 28 1
176 36 1
176 38 1
176 39 1
176 46 1
176 47 1
176 48 1
176 55 1
176 65 1
176 67 1
176 68 1
176 74 1
176 78 1
176 79 1
176 82 1
176 85 1
176 95 1
176 96 1
176 100 1
176 101 1
176 102 1
176 103 1
176 106 1
176 108 1
176 111 1
176 114 1
176 120 1
176 122 1
176 125 1
176 135 1
176 138 1
176 140 1
176 142 1
176 143 1
176 147 1
176 148 1
176 153 1
176 154 1
176 156 1
176 159 1
176 161 1
176 162 1
176 163 1
176 166 1
176 169 1
176 176 1
177 0 1
177 3 1
177 11 1
177 14 1
177 17 1
177 18 1
177 20 1
177 21 1
177 23 1
177 24 1
177 30 1
177 39 1
177 41 1
177 42 1
177 44 1
177 45 1
177 46 1
177 50 1
177 60 1
177 63 1
177 65 1
177 68 1
177 72 1
177 74 1
177 78 1
177 80 1
177 81 1
177 89 1
177 91 1
177 101 1
177 102 1
177 103 1
177 106 1
177 111 1
177 117 1
177 118 1
177 119 1
177 122 1
177 123 1
177 127 1
177 129 1
177 133 1
177 135 1
177 136 1
177 137 1
177 143 1
177 146 1
177 147 1
177 150 1
177 154 1
177 158 1
177 160 1
177 161 1
177 162 1
177 164 1
177 169 1
177 172 1
178 7 1
178 9 1
178 11 1
178 14 1
178 23 1
178 24 1
178 25 1
178 27 1
178 33 1
178 34 1
178 35 1
178 42 1
178 43 1
178 44 1
178 49 1
178 50 1
178 51 1
178 52 1
178 59 1
178 62 1
178 67 1
178 69 1
178 72 1
178 73 1
178 74 1
178 75 1
178 77 1
178 80 1
178 81 1
178 83 1
178 88 1
178 90 1
178 91 1
178 94 1
178 98 1
178 99 1
178 106 1
178 112 1
178 114 1
178 116 1
178 118 1
178 120 1
178 121 1
178 125 1
178 130 1
178 131 1
178 132 1
178 133 1
178 134 1
178 139 1
178 140 1
178 143 1
178 150 1
178 152 1
178 153 1
178 154 1
178 157 1
178 159 1
178 164 1
178 165 1
178 167 1
178 178 1
179 5 1
179 7 1
179 13 1
179 14 1
179 18 1
179 19 1
179 21 1
179 23 1
179 26 1
179 29 1
179 31 1
179 34 1
179 35 1
179 38 1
179 40 1
179 41 1
179 42 1
179 44 1
179 47 1
179 49 1
179 53 1
179 57 1
179 61 1
179 71 1
179 72 1
179 81 1
179 86 1
179 91 1
179 93 1
179 101 1
179 108 1
179 109 1
179 111 1
179 114 1
179 116 1
179 119 1
179 121 1
179 131 1
179 138 1
179 143 1
179 144 1
179 145 1
179 147 1
179 148 1
179 149 1
179 151 1
179 152 1
179 153 1
179 154 1
179 155 1
179 158 1
179 164 1
179 165 1
179 168 1
179 171 1
179 175 1
179 178 1
180 6 1
180 7 1
180 11 1
180 17 1
180 19 1
180 20 1
180 23 1
180 27 1
180 28 1
180 35 1
180 38 1
180 39 1
180 41 1
180 46 1
180 47 1
180 50 1
180 54 1
180 56 1
180 57 1
180 60 1
180 61 1
180 65 1
180 72 1
180 74 1
180 77 1
180 81 1
180 82 1
180 87 1
180 89 1
180 92 1
180 93 1
180 94 1
180 95 1
180 97 1
180 101 1
180 102 1
180 107 1
180 108 1
180 110 1
180 112 1
180 116 1
180 118 1
180 120 1
180 122 1
180 125 1
180 128 1
180 135 1
180 136 1
180 137 1
180 140 1
180 142 1
180 143 1
180 147 1
180 152 1
180 153 1
180 156 1
180 157 1
180 160 1
180 162 1
180 167 1
180 168 1
180 170 1
180 172 1
180 174 1
180 176 1
180 177 1
181 2 1
181 4 1
181 5 1
181 6 1
181 10 1
181 12 1
181 13 1
181 14 1
181 15 1
181 21 1
181 22 1
181 29 1
181 31 1
181 35 1
181 36 1
181 37 1
181 40 1
181 42 1
181 44 1
181 45 1
181 47 1
181 49 1
181 53 1
181 56 1
181 58 1
181 60 1
181 61 1
181 64 1
181 70 1
181 72 1
181 73 1
181 77 1
181 79 1
181 81 1
181 83 1
181 84 1
181 93 1
181 94 1
181 105 1
181 106 1
181 108 1
181 110 1
181 111 1
181 113 1
181 115 1
181 122 1
181 123 1
181 127 1
181 128 1
181 132 1
181 136 1
181 141 1
181 145 1
181 148 1
181 149 1
181 150 1
181 151 1
181 152 1
181 156 1
181 158 1
181 166 1
181 168 1
181 169 1
181 170 1
181 174 1
181 179 1
181 181 1
182 6 1
182 8 1
182 18 1
182 25 1
182 34 1
182 35 1
182 41 1
182 43 1
182 50 1
182 51 1
182 52 1
182 53 1
182 54 1
182 58 1
182 62 1
182 66 1
182 71 1
182 73 1
182 83 1
182 86 1
182 91 1
182 92 1
182 94 1
182 104 1
182 107 1
182 111 1
182 112 1
182 116 1
182 118 1
182 120 1
182 121 1
182 124 1
182 126 1
182 128 1
182 134 1
182 137 1
182 139 1
182 140 1
182 143 1
182 148 1
182 156 1
182 158 1
182 159 1
182 173 1
183 2 1
183 7 1
183 11 1
183 12 1
183 15 1
183 16 1
183 18 1
183 22 1
183 28 1
183 32 1
183 33 1
183 35 1
183 46 1
183 47 1
183 50 1
183 51 1
183 52 1
183 53 1
183 54 1
183 55 1
183 60 1
183 62 1
183 67 1
183 75 1
183 76 1
183 79 1
183 81 1
183 86 1
183 88 1
183 92 1
183 94 1
183 99 1
183 100 1
183 104 1
183 106 1
183 107 1
183 111 1
183 113 1
183 115 1
183 125 1
183 127 1
183 132 1
183 137 1
183 147 1
183 153 1
183 159 1
183 161 1
183 167 1
183 171 1
183 173 1
183 175 1
183 177 1
183 178 1
183 179 1
183 182 1
184 4 1
184 5 1
184 6 1
184 11 1
184 13 1
184 14 1
184 15 1
184 23 1
184 24 1
184 25 1
184 26 1
184 29 1
184 30 1
184 31 1
184 33 1
184 40 1
184 42 1
184 44 1
184 49 1
184 52 1
184 54 1
184 56 1
184 57 1
184 66 1
184 71 1
184 72 1
184 73 1
184 74 1
184 79 1
184 82 1
184 83 1
184 88 1
184 90 1
184 99 1
184 100 1
184 108 1
184 109 1
184 112 1
184 113 1
184 114 1
184 123 1
184 124 1
184 126 1
184 127 1
184 128 1
184 132 1
184 136 1
184 142 1
184 144 1
184 145 1
184 148 1
184 150 1
184 151 1
184 152 1
184 155 1
184 158 1
184 160 1
184 161 1
184 164 1
184 169 1
184 173 1
184 174 1
184 175 1
184 179 1
184 181 1
184 183 1
185 8 1
185 16 1
185 17 1
185 18 1
185 22 1
185 23 1
185 24 1
185 27 1
185 38 1
185 39 1
185 40 1
185 42 1
185 44 1
185 45 1
185 46 1
185 48 1
185 61 1
185 63 1
185 70 1
185 74 1
185 78 1
185 82 1
185 84 1
185 87 1
185 89 1
185 93 1
185 96 1
185 97 1
185 101 1
185 102 1
185 106 1
185 108 1
185 119 1
185 125 1
185 126 1
185 130 1
185 131 1
185 133 1
185 136 1
185 139 1
185 142 1
185 143 1
185 150 1
185 151 1
185 156 1
185 157 1
185 159 1
185 162 1
185 163 1
185 166 1
185 169 1
185 172 1
185 176 1
185 177 1
185 178 1
185 179 1
185 180 1
185 182 1
185 183 1
185 184 1
185 185 1
186 2 1
186 7 1
186 9 1
186 12 1
186 17 1
186 19 1
186 25 1
186 30 1
186 32 1
186 34 1
186 41 1
186 43 1
186 51 1
186 52 1
186 53 1
186 55 1
186 63 1
186 64 1
186 67 1
186 69 1
186 70 1
186 73 1
186 75 1
186 86 1
186 87 1
186 88 1
186 89 1
186 90 1
186 94 1
186 104 1
186 105 1
186 108 1
186 113 1
186 118 1
186 121 1
186 123 1
186 127 1
186 134 1
186 135 1
186 137 1
186 138 1
186 139 1
186 145 1
186 148 1
186 150 1
186 151 1
186 153 1
186 154 1
186 159 1
186 160 1
186 163 1
186 164 1
186 166 1
186 170 1
186 171 1
186 177 1
186 178 1
186 183 1
186 186 1
187 0 1
187 1 1
187 3 1
187 8 1
187 10 1
187 16 1
187 18 1
187 20 1
187 22 1
187 24 1
187 25 1
187 26 1
187 27 1
187 30 1
187 36 1
187 37 1
187 38 1
187 39 1
187 41 1
187 46 1
187 48 1
187 54 1
187 56 1
187 59 1
187 62 1
187 65 1
187 69 1
187 75 1
187 80 1
187 81 1
187 82 1
187 87 1
187 88 1
187 95 1
187 101 1
187 102 1
187 103 1
187 105 1
187 106 1
187 111 1
187 114 1
187 115 1
187 116 1
187 120 1
187 122 1
187 124 1
187 125 1
187 126 1
187 130 1
187 135 1
187 136 1
187 138 1
187 140 1
187 143 1
187 147 1
187 156 1
187 160 1
187 161 1
187 162 1
187 163 1
187 166 1
187 170 1
187 172 1
187 174 1
187 176 1
187 177 1
187 184 1
187 187 1
188 0 1
188 1 1
188 3 1
188 8 1
188 15 1
188 16 1
188 18 1
188 19 1
188 20 1
188 23 1
188 27 1
188 28 1
188 36 1
188 39 1
188 41 1
188 45 1
188 46 1
188 47 1
188 51 1
188 59 1
188 63 1
188 65 1
188 66 1
188 79 1
188 81 1
188 82 1
188 84 1
188 86 1
188 89 1
188 93 1
188 95 1
188 96 1
188 104 1
188 105 1
188 109 1
188 111 1
188 113 1
188 114 1
188 122 1
188 125 1
188 130 1
188 132 1
188 136 1
188 138 1
188 141 1
188 142 1
188 143 1
188 146 1
188 147 1
188 148 1
188 149 1
188 154 1
188 156 1
188 158 1
188 161 1
188 162 1
188 169 1
188 174 1
188 176 1
188 180 1
188 188 1
189 6 1
189 19 1
189 21 1
189 22 1
189 26 1
189 27 1
189 28 1
189 29 1
189 30 1
189 31 1
189 32 1
189 37 1
189 38 1
189 39 1
189 42 1
189 44 1
189 47 1
189 49 1
189 52 1
189 58 1
189 59 1
189 65 1
189 68 1
189 73 1
189 77 1
189 87 1
189 90 1
189 95 1
189 98 1
189 100 1
189 105 1
189 108 1
189 110 1
189 111 1
189 112 1
189 117 1
189 124 1
189 128 1
189 130 1
189 131 1
189 137 1
189 138 1
189 141 1
189 143 1
189 149 1
189 151 1
189 152 1
189 158 1
189 161 1
189 162 1
189 165 1
189 166 1
189 168 1
189 171 1
189 173 1
189 175 1
189 176 1
189 179 1
189 181 1
189 183 1
189 186 1
189 189 1
190 1 1
190 3 1
190 6 1
190 10 1
190 13 1
190 14 1
190 15 1
190 16 1
190 19 1
190 21 1
190 22 1
190 24 1
190 25 1
190 26 1
190 27 1
190 29 1
190 31 1
190 38 1
190 40 1
190 43 1
190 47 1
190 52 1
190 56 1
190 57 1
190 58 1
190 61 1
190 64 1
190 65 1
190 67 1
190 68 1
190 71 1
190 81 1
190 83 1
190 86 1
190 92 1
190 98 1
190 99 1
190 109 1
190 111 1
190 117 1
190 118 1
190 123 1
190 125 1
190 130 1
190 132 1
190 141 1
190 143 1
190 144 1
190 145 1
190 149 1
190 150 1
190 151 1
190 152 1
190 153 1
190 156 1
190 157 1
190 168 1
190 169 1
190 170 1
190 173 1
190 178 1
190 179 1
190 182 1
190 184 1
190 189 1
191 1 1
191 2 1
191 7 1
191 9 1
191 12 1
191 13 1
191 17 1
191 19 1
191 34 1
191 35 1
191 43 1
191 51 1
191 53 1
191 54 1
191 55 1
191 60 1
191 62 1
191 63 1
191 65 1
191 67 1
191 70 1
191 75 1
191 79 1
191 80 1
191 82 1
191 85 1
191 86 1
191 88 1
191 91 1
191 93 1
191 94 1
191 97 1
191 103 1
191 105 1
191 109 1
191 111 1
191 112 1
191 119 1
191 120 1
191 123 1
191 125 1
191 126 1
191 127 1
191 128 1
191 131 1
191 132 1
191 137 1
191 138 1
191 139 1
191 142 1
191 143 1
191 145 1
191 154 1
191 164 1
191 165 1
191 178 1
191 180 1
191 182 1
191 183 1
191 185 1
191 190 1
191 191 1
192 2 1
192 5 1
192 7 1
192 9 1
192 11 1
192 12 1
192 14 1
192 18 1
192 25 1
192 33 1
192 35 1
192 40 1
192 44 1
192 50 1
192 51 1
192 52 1
192 55 1
192 60 1
192 62 1
192 67 1
192 68 1
192 69 1
192 73 1
192 75 1
192 76 1
192 80 1
192 81 1
192 86 1
192 90 1
192 94 1
192 101 1
192 104 1
192 105 1
192 107 1
192 108 1
192 113 1
192 115 1
192 116 1
192 120 1
192 134 1
192 136 1
192 142 1
192 151 1
192 154 1
192 157 1
192 165 1
192 169 1
192 170 1
192 174 1
192 177 1
192 178 1
192 181 1
192 183 1
192 188 1
192 191 1
192 192 1
193 5 1
193 14 1
193 15 1
193 18 1
193 20 1
193 22 1
193 26 1
193 27 1
193 28 1
193 30 1
193 32 1
193 38 1
193 39 1
193 41 1
193 46 1
193 47 1
193 48 1
193 51 1
193 52 1
193 55 1
193 59 1
193 63 1
193 65 1
193 71 1
193 72 1
193 74 1
193 80 1
193 81 1
193 82 1
193 84 1
193 85 1
193 91 1
193 95 1
193 96 1
193 97 1
193 101 1
193 103 1
193 104 1
193 105 1
193 106 1
193 107 1
193 108 1
193 119 1
193 120 1
193 121 1
193 125 1
193 129 1
193 130 1
193 133 1
193 135 1
193 139 1
193 142 1
193 143 1
193 145 1
193 146 1
193 147 1
193 156 1
193 157 1
193 160 1
193 161 1
193 162 1
193 163 1
193 164 1
193 166 1
193 168 1
193 169 1
193 172 1
193 174 1
193 180 1
193 181 1
193 182 1
193 185 1
193 189 1
194 2 1
194 3 1
194 4 1
194 7 1
194 9 1
194 16 1
194 17 1
194 24 1
194 26 1
194 28 1
194 29 1
194 30 1
194 32 1
194 33 1
194 36 1
194 38 1
194 41 1
194 44 1
194 45 1
194 47 1
194 48 1
194 51 1
194 52 1
194 55 1
194 58 1
194 60 1
194 63 1
194 64 1
194 65 1
194 66 1
194 69 1
194 78 1
194 81 1
194 84 1
194 88 1
194 89 1
194 95 1
194 96 1
194 97 1
194 101 1
194 102 1
194 103 1
194 104 1
194 106 1
194 112 1
194 114 1
194 119 1
194 122 1
194 126 1
194 128 1
194 129 1
194 133 1
194 135 1
194 136 1
194 138 1
194 143 1
194 152 1
194 156 1
194 158 1
194 160 1
194 161 1
194 162 1
194 169 1
194 170 1
194 171 1
194 172 1
194 176 1
194 179 1
194 185 1
194 186 1
194 189 1
195 8 1
195 12 1
195 13 1
195 16 1
195 20 1
195 22 1
195 27 1
195 30 1
195 38 1
195 42 1
195 43 1
195 45 1
195 60 1
195 61 1
195 64 1
195 71 1
195 77 1
195 78 1
195 81 1
195 82 1
195 85 1
195 87 1
195 93 1
195 95 1
195 96 1
195 97 1
195 100 1
195 101 1
195 102 1
195 103 1
195 105 1
195 110 1
195 119 1
195 120 1
195 122 1
195 123 1
195 125 1
195 133 1
195 136 1
195 145 1
195 146 1
195 147 1
195 148 1
195 149 1
195 151 1
195 153 1
195 156 1
195 160 1
195 161 1
195 162 1
195 163 1
195 166 1
195 169 1
195 170 1
195 171 1
195 172 1
195 174 1
195 177 1
195 181 1
195 184 1
195 185 1
195 190 1
195 193 1
196 2 1
196 9 1
196 10 1
196 11 1
196 14 1
196 16 1
196 18 1
196 20 1
196 25 1
196 27 1
196 29 1
196 35 1
196 36 1
196 50 1
196 55 1
196 57 1
196 61 1
196 67 1
196 74 1
196 75 1
196 80 1
196 88 1
196 91 1
196 92 1
196 94 1
196 98 1
196 101 1
196 102 1
196 104 1
196 105 1
196 107 1
196 113 1
196 115 1
196 116 1
196 121 1
196 127 1
196 131 1
196 139 1
196 140 1
196 142 1
196 143 1
196 145 1
196 148 1
196 150 1
196 153 1
196 154 1
196 157 1
196 165 1
196 167 1
196 174 1
196 176 1
196 178 1
196 181 1
196 182 1
196 183 1
196 184 1
196 185 1
196 186 1
196 190 1
196 192 1
196 196 1
197 0 1
197 2 1
197 3 1
197 4 1
197 5 1
197 9 1
197 12 1
197 18 1
197 21 1
197 28 1
197 33 1
197 37 1
197 43 1
197 47 1
197 50 1
197 51 1
197 55 1
197 63 1
197 66 1
197 67 1
197 69 1
197 73 1
197 74 1
197 75 1
197 77 1
197 89 1
197 94 1
197 95 1
197 100 1
197 108 1
197 109 1
197 112 1
197 113 1
197 115 1
197 118 1
197 120 1
197 121 1
197 122 1
197 123 1
197 126 1
197 127 1
197 130 1
197 134 1
197 136 1
197 137 1
197 138 1
197 140 1
197 141 1
197 154 1
197 156 1
197 159 1
197 165 1
197 170 1
197 177 1
197 179 1
197 181 1
197 182 1
197 186 1
197 189 1
197 191 1
197 197 1
198 0 1
198 1 1
198 2 1
198 6 1
198 8 1
198 9 1
198 11 1
198 12 1
198 13 1
198 14 1
198 17 1
198 23 1
198 24 1
198 26 1
198 30 1
198 31 1
198 34 1
198 35 1
198 39 1
198 41 1
198 42 1
198 48 1
198 49 1
198 50 1
198 52 1
198 53 1
198 55 1
198 60 1
198 67 1
198 68 1
198 73 1
198 74 1
198 75 1
198 80 1
198 86 1
198 91 1
198 104 1
198 106 1
198 107 1
198 113 1
198 115 1
198 116 1
198 118 1
198 126 1
198 133 1
198 134 1
198 136 1
198 139 1
198 143 1
198 153 1
198 154 1
198 156 1
198 157 1
198 159 1
198 162 1
198 163 1
198 165 1
198 167 1
198 177 1
198 178 1
198 186 1
198 191 1
198 192 1
198 196 1
198 197 1
199 2 1
199 7 1
199 9 1
199 10 1
199 11 1
199 12 1
199 14 1
199 19 1
199 20 1
199 25 1
199 29 1
199 30 1
199 34 1
199 35 1
199 38 1
199 45 1
199 48 1
199 50 1
199 51 1
199 53 1
199 54 1
199 60 1
199 61 1
199 62 1
199 73 1
199 74 1
199 75 1
199 76 1
199 80 1
199 83 1
199 84 1
199 86 1
199 88 1
199 94 1
199 97 1
199 107 1
199 112 1
199 113 1
199 114 1
199 115 1
199 117 1
199 118 1
199 127 1
199 130 1
199 134 1
199 140 1
199 142 1
199 150 1
199 154 1
199 156 1
199 157 1
199 159 1
199 161 1
199 165 1
199 177 1
199 178 1
199 183 1
199 184 1
199 189 1
199 191 1
199 192 1
199 196 1
0 0 2
1 0 2
1 1 2
2 1 2
2 2 2
3 3 2
4 0 2
4 2 2
4 3 2
4 4 2
5 5 2
6 0 2
6 3 2
6 4 2
7 2 2
7 7 2
8 3 2
8 6 2
8 7 2
8 8 2
9 1 2
9 2 2
9 7 2
9 9 2
10 3 2
10 5 2
10 6 2
10 10 2
11 4 2
11 8 2
11 11 2
12 0 2
12 1 2
12 2 2
12 4 2
12 5 2
12 6 2
12 7 2
12 10 2
12 12 2
13 0 2
13 3 2
13 5 2
13 6 2
13 8 2
13 10 2
14 0 2
14 5 2
14 6 2
14 8 2
14 13 2
14 14 2
15 0 2
15 3 2
15 4 2
15 5 2
15 6 2
15 8 2
15 10 2
15 11 2
15 13 2
15 15 2
16 6 2
16 8 2
16 9 2
16 10 2
16 11 2
16 12 2
16 13 2
16 14 2
16 16 2
17 1 2
17 4 2
17 6 2
17 7 2
17 8 2
17 9 2
17 10 2
17 13 2
17 14 2
17 15 2
17 17 2
18 0 2
18 4 2
18 5 2
18 8 2
18 18 2
19 0 2
19 5 2
19 6 2
19 10 2
19 13 2
19 14 2
19 15 2
19 17 2
19 19 2
20 0 2
20 4 2
20 5 2
20 6 2
20 13 2
20 14 2
20 15 2
20 16 2
20 18 2
20 19 2
21 0 2
21 4 2
21 5 2
21 6 2
21 10 2
21 13 2
21 14 2
21 15 2
21 17 2
21 18 2
22 4 2
22 5 2
22 7 2
22 8 2
22 11 2
22 13 2
22 15 2
22 19 2
22 20 2
22 21 2
22 22 2
23 0 2
23 3 2
23 4 2
23 5 2
23 7 2
23 13 2
23 15 2
23 16 2
23 17 2
23 20 2
23 22 2
24 0 2
24 3 2
24 4 2
24 6 2
24 7 2
24 12 2
24 14 2
24 16 2
24 19 2
24 21 2
24 23 2
24 24 2
25 0 2
25 7 2
25 11 2
25 12 2
25 13 2
25 18 2
25 19 2
25 21 2
25 24 2
25 25 2
26 0 2
26 5 2
26 6 2
26 15 2
26 16 2
26 18 2
26 20 2
26 23 2
26 24 2
26 25 2
27 0 2
27 4 2
27 5 2
27 6 2
27 8 2
27 12 2
27 13 2
27 14 2
27 15 2
27 16 2
27 17 2
27 19 2
27 20 2
27 24 2
27 26 2
27 27 2
28 1 2
28 4 2
28 5 2
28 6 2
28 14 2
28 15 2
28 16 2
28 17 2
28 18 2
28 19 2
28 21 2
28 22 2
28 23 2
28 26 2
28 28 2
29 0 2
29 3 2
29 4 2
29 5 2
29 6 2
29 8 2
29 10 2
29 11 2
29 15 2
29 17 2
29 19 2
29 20 2
29 27 2
29 28 2
29 29 2
30 0 2
30 3 2
30 4 2
30 5 2
30 13 2
30 14 2
30 15 2
30 16 2
30 17 2
30 20 2
30 22 2
30 24 2
30 25 2
30 26 2
30 30 2
31 3 2
31 4 2
31 6 2
31 8 2
31 10 2
31 11 2
31 13 2
31 14 2
31 15 2
31 17 2
31 18 2
31 21 2
31 22 2
31 26 2
31 27 2
31 29 2
31 31 2
32 4 2
32 5 2
32 6 2
32 9 2
32 13 2
32 14 2
32 16 2
32 17 2
32 18 2
32 23 2
32 25 2
32 26 2
32 28 2
32 29 2
32 30 2
32 32 2
33 1 2
33 2 2
33 5 2
33 6 2
33 11 2
33 15 2
33 21 2
33 22 2
34 0 2
34 2 2
34 7 2
34 9 2
34 11 2
34 14 2
34 30 2
34 34 2
35 1 2
35 5 2
35 7 2
35 8 2
35 9 2
35 11 2
35 23 2
35 24 2
35 26 2
35 31 2
35 33 2
35 35 2
36 0 2
36 3 2
36 4 2
36 8 2
36 12 2
36 13 2
36 14 2
36 15 2
36 16 2
36 17 2
36 18 2
36 19 2
36 20 2
36 21 2
36 23 2
36 27 2
36 28 2
36 31 2
36 36 2
37 0 2
37 2 2
37 4 2
37 5 2
37 6 2
37 8 2
37 9 2
37 10 2
37 13 2
37 16 2
37 18 2
37 19 2
37 22 2
37 26 2
37 27 2
37 28 2
37 29 2
37 30 2
37 31 2
37 32 2
37 37 2
38 0 2
38 3 2
38 4 2
38 5 2
38 6 2
38 8 2
38 10 2
38 14 2
38 17 2
38 19 2
38 20 2
38 21 2
38 29 2
38 30 2
38 32 2
38 37 2
39 0 2
39 4 2
39 5 2
39 6 2
39 11 2
39 12 2
39 14 2
39 16 2
39 17 2
39 18 2
39 19 2
39 21 2
39 28 2
39 29 2
39 30 2
39 31 2
39 32 2
39 36 2
39 37 2
39 38 2
39 39 2
40 0 2
40 3 2
40 4 2
40 5 2
40 6 2
40 14 2
40 18 2
40 19 2
40 20 2
40 21 2
40 22 2
40 23 2
40 24 2
40 25 2
40 26 2
40 28 2
40 29 2
40 31 2
40 32 2
40 34 2
40 37 2
40 38 2
40 39 2
41 0 2
41 2 2
41 3 2
41 4 2
41 6 2
41 15 2
41 16 2
41 17 2
41 18 2
41 19 2
41 20 2
41 21 2
41 22 2
41 26 2
41 27 2
41 28 2
41 29 2
41 31 2
41 32 2
41 33 2
41 35 2
41 36 2
41 37 2
41 38 2
41 40 2
42 0 2
42 3 2
42 4 2
42 6 2
42 8 2
42 10 2
42 13 2
42 14 2
42 15 2
42 16 2
42 17 2
42 18 2
42 19 2
42 20 2
42 21 2
42 24 2
42 26 2
42 27 2
42 29 2
42 30 2
42 34 2
42 36 2
42 37 2
42 38 2
42 39 2
42 41 2
42 42 2
43 2 2
43 7 2
43 9 2
43 11 2
43 17 2
43 18 2
43 19 2
43 23 2
43 29 2
43 30 2
43 33 2
43 34 2
43 35 2
43 37 2
43 43 2
44 0 2
44 3 2
44 4 2
44 6 2
44 9 2
44 10 2
44 13 2
44 15 2
44 16 2
44 17 2
44 22 2
44 23 2
44 25 2
44 26 2
44 27 2
44 29 2
44 30 2
44 31 2
44 32 2
44 35 2
44 36 2
44 37 2
44 38 2
44 39 2
44 40 2
44 41 2
44 42 2
44 44 2
45 0 2
45 4 2
45 5 2
45 8 2
45 10 2
45 13 2
45 15 2
45 17 2
45 19 2
45 20 2
45 22 2
45 23 2
45 31 2
45 32 2
45 34 2
45 35 2
45 37 2
45 38 2
45 44 2
46 4 2
46 6 2
46 10 2
46 11 2
46 13 2
46 14 2
46 16 2
46 17 2
46 18 2
46 19 2
46 21 2
46 22 2
46 23 2
46 26 2
46 27 2
46 28 2
46 30 2
46 31 2
46 36 2
46 37 2
46 39 2
46 41 2
46 46 2
47 0 2
47 3 2
47 7 2
47 10 2
47 13 2
47 15 2
47 16 2
47 18 2
47 22 2
47 23 2
47 24 2
47 26 2
47 28 2
47 30 2
47 31 2
47 32 2
47 37 2
47 38 2
47 40 2
47 41 2
47 42 2
47 44 2
47 45 2
47 46 2
48 3 2
48 10 2
48 11 2
48 12 2
48 14 2
48 17 2
48 19 2
48 22 2
48 23 2
48 24 2
48 26 2
48 28 2
48 31 2
48 32 2
48 35 2
48 37 2
48 38 2
48 39 2
48 40 2
48 41 2
48 44 2
48 46 2
49 0 2
49 2 2
49 3 2
49 4 2
49 6 2
49 8 2
49 11 2
49 13 2
49 17 2
49 18 2
49 19 2
49 21 2
49 23 2
49 25 2
49 26 2
49 27 2
49 28 2
49 29 2
49 30 2
49 31 2
49 32 2
49 37 2
49 38 2
49 39 2
49 41 2
49 42 2
49 44 2
49 45 2
49 46 2
49 47 2
49 48 2
49 49 2
50 7 2
50 11 2
50 23 2
50 25 2
50 26 2
50 29 2
50 30 2
50 33 2
50 35 2
50 43 2
51 0 2
51 1 2
51 2 2
51 3 2
51 8 2
51 9 2
51 17 2
51 18 2
51 23 2
51 25 2
51 30 2
51 42 2
51 43 2
51 46 2
51 50 2
51 51 2
52 0 2
52 1 2
52 2 2
52 4 2
52 7 2
52 11 2
52 13 2
52 16 2
52 17 2
52 19 2
52 21 2
52 33 2
52 35 2
52 39 2
52 41 2
52 43 2
52 49 2
52 51 2
53 1 2
53 4 2
53 9 2
53 19 2
53 21 2
53 22 2
53 25 2
53 33 2
53 36 2
53 39 2
53 42 2
53 43 2
53 51 2
53 52 2
53 53 2
54 1 2
54 3 2
54 5 2
54 6 2
54 8 2
54 13 2
54 14 2
54 16 2
54 17 2
54 18 2
54 19 2
54 21 2
54 23 2
54 24 2
54 28 2
54 32 2
54 34 2
54 35 2
54 36 2
54 38 2
54 39 2
54 40 2
54 42 2
54 43 2
54 47 2
54 48 2
54 49 2
54 54 2
55 1 2
55 7 2
55 12 2
55 17 2
55 20 2
55 22 2
55 25 2
55 28 2
55 29 2
55 30 2
55 33 2
55 34 2
55 43 2
55 46 2
55 49 2
55 52 2
55 53 2
55 54 2
55 55 2
56 0 2
56 3 2
56 4 2
56 10 2
56 12 2
56 13 2
56 14 2
56 15 2
56 18 2
56 19 2
56 22 2
56 23 2
56 24 2
56 25 2
56 26 2
56 27 2
56 28 2
56 29 2
56 30 2
56 33 2
56 36 2
56 38 2
56 39 2
56 40 2
56 42 2
56 44 2
56 46 2
56 47 2
56 48 2
56 54 2
56 55 2
56 56 2
57 0 2
57 3 2
57 5 2
57 6 2
57 11 2
57 13 2
57 14 2
57 16 2
57 18 2
57 19 2
57 20 2
57 23 2
57 26 2
57 27 2
57 30 2
57 32 2
57 34 2
57 36 2
57 38 2
57 39 2
57 40 2
57 41 2
57 43 2
57 44 2
57 45 2
57 48 2
57 54 2
57 55 2
57 57 2
58 0 2
58 4 2
58 6 2
58 7 2
58 10 2
58 13 2
58 16 2
58 18 2
58 19 2
58 20 2
58 21 2
58 26 2
58 28 2
58 29 2
58 30 2
58 34 2
58 37 2
58 38 2
58 41 2
58 42 2
58 43 2
58 44 2
58 45 2
58 47 2
58 49 2
58 51 2
58 52 2
58 54 2
58 57 2
58 58 2
59 0 2
59 2 2
59 3 2
59 4 2
59 6 2
59 7 2
59 13 2
59 16 2
59 18 2
59 19 2
59 20 2
59 22 2
59 26 2
59 27 2
59 28 2
59 29 2
59 30 2
59 32 2
59 34 2
59 37 2
59 40 2
59 41 2
59 42 2
59 44 2
59 46 2
59 47 2
59 48 2
59 51 2
59 52 2
59 54 2
59 56 2
59 58 2
59 59 2
60 0 2
60 3 2
60 6 2
60 8 2
60 13 2
60 15 2
60 16 2
60 17 2
60 18 2
60 19 2
60 20 2
60 21 2
60 22 2
60 23 2
60 24 2
60 26 2
60 27 2
60 28 2
60 29 2
60 31 2
60 32 2
60 36 2
60 38 2
60 40 2
60 42 2
60 44 2
60 45 2
60 46 2
60 47 2
60 48 2
60 49 2
60 54 2
60 55 2
60 59 2
60 60 2
61 5 2
61 8 2
61 10 2
61 11 2
61 15 2
61 19 2
61 20 2
61 21 2
61 26 2
61 29 2
61 30 2
61 31 2
61 35 2
61 36 2
61 37 2
61 43 2
61 46 2
61 48 2
61 49 2
61 51 2
61 57 2
61 58 2
62 2 2
62 3 2
62 4 2
62 5 2
62 7 2
62 9 2
62 12 2
62 20 2
62 25 2
62 28 2
62 35 2
62 39 2
62 47 2
62 50 2
62 52 2
62 53 2
62 55 2
62 58 2
62 60 2
62 62 2
63 1 2
63 3 2
63 5 2
63 6 2
63 8 2
63 12 2
63 15 2
63 16 2
63 19 2
63 20 2
63 21 2
63 22 2
63 23 2
63 24 2
63 25 2
63 26 2
63 27 2
63 28 2
63 29 2
63 30 2
63 31 2
63 32 2
63 34 2
63 35 2
63 36 2
63 41 2
63 42 2
63 44 2
63 45 2
63 47 2
63 48 2
63 49 2
63 56 2
63 57 2
63 58 2
63 63 2
64 6 2
64 10 2
64 11 2
64 14 2
64 20 2
64 21 2
64 22 2
64 23 2
64 24 2
64 26 2
64 27 2
64 30 2
64 32 2
64 36 2
64 38 2
64 39 2
64 41 2
64 44 2
64 46 2
64 47 2
64 49 2
64 50 2
64 56 2
64 58 2
64 59 2
64 60 2
64 62 2
64 63 2
64 64 2
65 9 2
65 13 2
65 14 2
65 15 2
65 17 2
65 20 2
65 21 2
65 23 2
65 26 2
65 29 2
65 30 2
65 31 2
65 32 2
65 36 2
65 38 2
65 39 2
65 41 2
65 45 2
65 47 2
65 49 2
65 54 2
65 55 2
65 56 2
65 59 2
65 60 2
65 64 2
66 0 2
66 2 2
66 4 2
66 6 2
66 8 2
66 11 2
66 15 2
66 16 2
66 18 2
66 20 2
66 21 2
66 23 2
66 24 2
66 25 2
66 26 2
66 27 2
66 29 2
66 30 2
66 31 2
66 37 2
66 38 2
66 41 2
66 44 2
66 46 2
66 47 2
66 54 2
66 55 2
66 56 2
66 58 2
66 60 2
66 61 2
66 64 2
66 65 2
67 2 2
67 7 2
67 8 2
67 9 2
67 11 2
67 12 2
67 24 2
67 25 2
67 26 2
67 27 2
67 30 2
67 33 2
67 38 2
67 43 2
67 48 2
67 49 2
67 55 2
67 58 2
67 62 2
67 63 2
67 65 2
68 0 2
68 5 2
68 6 2
68 7 2
68 8 2
68 9 2
68 14 2
68 15 2
68 16 2
68 19 2
68 20 2
68 21 2
68 24 2
68 26 2
68 27 2
68 28 2
68 30 2
68 31 2
68 32 2
68 36 2
68 37 2
68 38 2
68 39 2
68 40 2
68 41 2
68 42 2
68 44 2
68 45 2
68 47 2
68 54 2
68 56 2
68 58 2
68 59 2
68 60 2
68 64 2
68 66 2
69 0 2
69 1 2
69 2 2
69 4 2
69 7 2
69 9 2
69 11 2
69 12 2
69 14 2
69 15 2
69 17 2
69 24 2
69 25 2
69 30 2
69 31 2
69 32 2
69 33 2
69 35 2
69 36 2
69 40 2
69 44 2
69 51 2
69 52 2
69 55 2
69 57 2
69 59 2
70 3 2
70 7 2
70 9 2
70 10 2
70 15 2
70 17 2
70 19 2
70 22 2
70 25 2
70 29 2
70 33 2
70 35 2
70 36 2
70 50 2
70 51 2
70 52 2
70 63 2
70 65 2
70 68 2
70 69 2
71 0 2
71 4 2
71 5 2
71 8 2
71 10 2
71 14 2
71 16 2
71 19 2
71 20 2
71 21 2
71 24 2
71 26 2
71 28 2
71 29 2
71 30 2
71 32 2
71 33 2
71 37 2
71 40 2
71 41 2
71 42 2
71 44 2
71 45 2
71 56 2
71 57 2
71 59 2
71 63 2
71 68 2
72 0 2
72 6 2
72 7 2
72 8 2
72 10 2
72 13 2
72 14 2
72 17 2
72 18 2
72 19 2
72 20 2
72 21 2
72 24 2
72 27 2
72 28 2
72 29 2
72 31 2
72 33 2
72 35 2
72 36 2
72 37 2
72 38 2
72 40 2
72 42 2
72 44 2
72 45 2
72 47 2
72 48 2
72 49 2
72 50 2
72 57 2
72 60 2
72 63 2
72 64 2
72 70 2
72 71 2
72 72 2
73 1 2
73 2 2
73 4 2
73 7 2
73 9 2
73 11 2
73 12 2
73 14 2
73 16 2
73 17 2
73 21 2
73 23 2
73 27 2
73 33 2
73 35 2
73 36 2
73 38 2
73 39 2
73 43 2
73 47 2
73 48 2
73 50 2
73 52 2
73 53 2
73 54 2
73 58 2
73 61 2
73 62 2
73 63 2
73 69 2
73 73 2
74 0 2
74 1 2
74 2 2
74 3 2
74 5 2
74 8 2
74 9 2
74 15 2
74 23 2
74 25 2
74 26 2
74 27 2
74 30 2
74 31 2
74 34 2
74 35 2
74 43 2
74 50 2
74 52 2
74 53 2
74 55 2
74 62 2
74 65 2
74 67 2
74 68 2
74 69 2
74 73 2
75 1 2
75 5 2
75 9 2
75 11 2
75 16 2
75 21 2
75 25 2
75 30 2
75 33 2
75 34 2
75 37 2
75 38 2
75 43 2
75 45 2
75 46 2
75 49 2
75 50 2
75 51 2
75 55 2
75 65 2
75 66 2
75 69 2
75 72 2
75 73 2
75 75 2
76 1 2
76 2 2
76 4 2
76 8 2
76 9 2
76 10 2
76 21 2
76 22 2
76 26 2
76 32 2
76 33 2
76 34 2
76 35 2
76 37 2
76 47 2
76 50 2
76 52 2
76 56 2
76 62 2
76 63 2
76 65 2
76 67 2
76 69 2
76 73 2
76 74 2
77 0 2
77 3 2
77 4 2
77 8 2
77 13 2
77 14 2
77 15 2
77 16 2
77 17 2
77 18 2
77 20 2
77 21 2
77 22 2
77 23 2
77 24 2
77 26 2
77 27 2
77 29 2
77 30 2
77 31 2
77 33 2
77 34 2
77 37 2
77 38 2
77 42 2
77 46 2
77 48 2
77 49 2
77 51 2
77 56 2
77 57 2
77 58 2
77 60 2
77 61 2
77 67 2
77 68 2
77 71 2
77 72 2
78 0 2
78 5 2
78 6 2
78 8 2
78 14 2
78 17 2
78 19 2
78 20 2
78 21 2
78 22 2
78 27 2
78 29 2
78 30 2
78 31 2
78 36 2
78 38 2
78 39 2
78 41 2
78 44 2
78 45 2
78 46 2
78 47 2
78 48 2
78 49 2
78 55 2
78 56 2
78 59 2
78 60 2
78 63 2
78 64 2
78 65 2
78 66 2
78 67 2
78 69 2
78 71 2
78 77 2
79 0 2
79 3 2
79 4 2
79 5 2
79 6 2
79 10 2
79 11 2
79 12 2
79 13 2
79 14 2
79 15 2
79 17 2
79 18 2
79 20 2
79 21 2
79 22 2
79 23 2
79 24 2
79 26 2
79 30 2
79 32 2
79 37 2
79 38 2
79 40 2
79 41 2
79 42 2
79 44 2
79 45 2
79 46 2
79 47 2
79 48 2
79 54 2
79 59 2
79 60 2
79 61 2
79 62 2
79 64 2
79 66 2
79 69 2
79 70 2
79 71 2
79 72 2
79 78 2
80 1 2
80 2 2
80 3 2
80 9 2
80 10 2
80 12 2
80 18 2
80 21 2
80 23 2
80 31 2
80 32 2
80 33 2
80 34 2
80 35 2
80 43 2
80 46 2
80 49 2
80 51 2
80 52 2
80 53 2
80 55 2
80 60 2
80 62 2
80 67 2
80 68 2
80 69 2
80 70 2
80 75 2
80 76 2
80 80 2
81 3 2
81 5 2
81 6 2
81 10 2
81 14 2
81 15 2
81 16 2
81 21 2
81 23 2
81 24 2
81 27 2
81 28 2
81 30 2
81 31 2
81 36 2
81 38 2
81 39 2
81 40 2
81 41 2
81 42 2
81 44 2
81 46 2
81 47 2
81 49 2
81 50 2
81 55 2
81 57 2
81 58 2
81 59 2
81 61 2
81 62 2
81 64 2
81 65 2
81 66 2
81 68 2
81 72 2
81 77 2
81 79 2
81 81 2
82 0 2
82 3 2
82 4 2
82 5 2
82 8 2
82 9 2
82 10 2
82 13 2
82 14 2
82 15 2
82 16 2
82 18 2
82 19 2
82 20 2
82 21 2
82 22 2
82 23 2
82 25 2
82 27 2
82 28 2
82 29 2
82 30 2
82 32 2
82 36 2
82 37 2
82 39 2
82 41 2
82 45 2
82 46 2
82 57 2
82 58 2
82 60 2
82 64 2
82 65 2
82 68 2
82 71 2
82 72 2
82 75 2
82 78 2
82 81 2
83 4 2
83 5 2
83 9 2
83 13 2
83 15 2
83 16 2
83 17 2
83 18 2
83 19 2
83 22 2
83 23 2
83 31 2
83 33 2
83 34 2
83 36 2
83 40 2
83 41 2
83 44 2
83 47 2
83 49 2
83 52 2
83 53 2
83 54 2
83 55 2
83 57 2
83 58 2
83 59 2
83 61 2
83 64 2
83 66 2
83 72 2
83 77 2
83 78 2
83 81 2
83 82 2
83 83 2
84 0 2
84 3 2
84 4 2
84 5 2
84 14 2
84 17 2
84 18 2
84 21 2
84 22 2
84 23 2
84 27 2
84 30 2
84 31 2
84 32 2
84 34 2
84 35 2
84 37 2
84 38 2
84 46 2
84 48 2
84 51 2
84 54 2
84 56 2
84 58 2
84 59 2
84 60 2
84 64 2
84 65 2
84 68 2
84 70 2
84 71 2
84 78 2
84 81 2
84 82 2
84 83 2
84 84 2
85 0 2
85 3 2
85 8 2
85 9 2
85 10 2
85 11 2
85 13 2
85 15 2
85 16 2
85 17 2
85 19 2
85 20 2
85 21 2
85 22 2
85 23 2
85 26 2
85 27 2
85 28 2
85 30 2
85 31 2
85 36 2
85 38 2
85 39 2
85 40 2
85 41 2
85 42 2
85 46 2
85 47 2
85 48 2
85 49 2
85 50 2
85 60 2
85 61 2
85 64 2
85 65 2
85 67 2
85 71 2
85 72 2
85 75 2
85 77 2
85 83 2
85 84 2
86 1 2
86 2 2
86 3 2
86 5 2
86 11 2
86 12 2
86 14 2
86 25 2
86 27 2
86 28 2
86 33 2
86 34 2
86 40 2
86 43 2
86 52 2
86 53 2
86 55 2
86 56 2
86 62 2
86 65 2
86 66 2
86 67 2
86 69 2
86 73 2
86 74 2
86 75 2
86 76 2
86 81 2
86 83 2
86 84 2
87 0 2
87 3 2
87 6 2
87 7 2
87 8 2
87 10 2
87 13 2
87 14 2
87 16 2
87 18 2
87 19 2
87 21 2
87 22 2
87 23 2
87 24 2
87 25 2
87 26 2
87 27 2
87 29 2
87 35 2
87 37 2
87 38 2
87 39 2
87 44 2
87 46 2
87 48 2
87 54 2
87 55 2
87 61 2
87 63 2
87 64 2
87 65 2
87 68 2
87 72 2
87 75 2
87 77 2
87 78 2
87 79 2
87 82 2
87 83 2
87 84 2
87 85 2
87 87 2
88 3 2
88 5 2
88 9 2
88 11 2
88 12 2
88 14 2
88 17 2
88 24 2
88 25 2
88 30 2
88 32 2
88 33 2
88 34 2
88 35 2
88 39 2
88 41 2
88 44 2
88 45 2
88 50 2
88 53 2
88 55 2
88 59 2
88 61 2
88 69 2
88 73 2
88 75 2
88 76 2
88 79 2
88 82 2
88 86 2
88 88 2
89 0 2
89 3 2
89 4 2
89 6 2
89 8 2
89 10 2
89 13 2
89 14 2
89 15 2
89 16 2
89 18 2
89 19 2
89 20 2
89 22 2
89 23 2
89 24 2
89 26 2
89 29 2
89 30 2
89 31 2
89 32 2
89 35 2
89 37 2
89 38 2
89 41 2
89 42 2
89 44 2
89 45 2
89 46 2
89 47 2
89 48 2
89 50 2
89 57 2
89 58 2
89 60 2
89 63 2
89 64 2
89 65 2
89 66 2
89 71 2
89 72 2
89 77 2
89 79 2
89 81 2
89 82 2
89 85 2
90 0 2
90 3 2
90 4 2
90 5 2
90 6 2
90 8 2
90 13 2
90 14 2
90 15 2
90 16 2
90 17 2
90 18 2
90 24 2
90 26 2
90 28 2
90 29 2
90 31 2
90 37 2
90 41 2
90 43 2
90 44 2
90 46 2
90 47 2
90 54 2
90 57 2
90 58 2
90 61 2
90 63 2
90 68 2
90 71 2
90 72 2
90 75 2
90 77 2
90 78 2
90 79 2
90 81 2
90 85 2
90 86 2
90 87 2
90 90 2
91 0 2
91 1 2
91 2 2
91 5 2
91 7 2
91 9 2
91 11 2
91 12 2
91 13 2
91 14 2
91 18 2
91 25 2
91 34 2
91 37 2
91 41 2
91 47 2
91 50 2
91 51 2
91 52 2
91 53 2
91 55 2
91 56 2
91 57 2
91 60 2
91 62 2
91 75 2
91 76 2
91 77 2
91 82 2
91 88 2
91 90 2
91 91 2
92 0 2
92 2 2
92 5 2
92 9 2
92 10 2
92 11 2
92 25 2
92 32 2
92 34 2
92 42 2
92 43 2
92 50 2
92 51 2
92 52 2
92 54 2
92 58 2
92 59 2
92 62 2
92 69 2
92 70 2
92 71 2
92 73 2
92 74 2
92 76 2
92 92 2
93 3 2
93 4 2
93 6 2
93 8 2
93 10 2
93 11 2
93 12 2
93 13 2
93 15 2
93 17 2
93 19 2
93 21 2
93 23 2
93 24 2
93 26 2
93 27 2
93 29 2
93 31 2
93 32 2
93 35 2
93 37 2
93 38 2
93 40 2
93 41 2
93 42 2
93 43 2
93 44 2
93 46 2
93 48 2
93 49 2
93 54 2
93 56 2
93 57 2
93 58 2
93 59 2
93 60 2
93 61 2
93 63 2
93 65 2
93 70 2
93 72 2
93 74 2
93 77 2
93 78 2
93 79 2
93 81 2
93 83 2
93 84 2
93 85 2
93 87 2
93 88 2
93 89 2
93 90 2
94 4 2
94 8 2
94 11 2
94 12 2
94 13 2
94 17 2
94 19 2
94 24 2
94 25 2
94 28 2
94 30 2
94 33 2
94 34 2
94 35 2
94 40 2
94 44 2
94 51 2
94 52 2
94 54 2
94 56 2
94 62 2
94 63 2
94 69 2
94 74 2
94 76 2
94 77 2
94 80 2
94 85 2
94 86 2
94 91 2
94 93 2
94 94 2
95 2 2
95 3 2
95 6 2
95 8 2
95 13 2
95 15 2
95 16 2
95 19 2
95 20 2
95 21 2
95 23 2
95 24 2
95 25 2
95 26 2
95 30 2
95 31 2
95 32 2
95 33 2
95 36 2
95 37 2
95 39 2
95 40 2
95 43 2
95 47 2
95 51 2
95 54 2
95 56 2
95 58 2
95 59 2
95 61 2
95 63 2
95 64 2
95 65 2
95 67 2
95 71 2
95 72 2
95 77 2
95 78 2
95 81 2
95 82 2
95 84 2
95 85 2
96 0 2
96 3 2
96 5 2
96 6 2
96 8 2
96 10 2
96 14 2
96 18 2
96 19 2
96 21 2
96 22 2
96 26 2
96 27 2
96 30 2
96 31 2
96 32 2
96 35 2
96 36 2
96 37 2
96 38 2
96 39 2
96 40 2
96 41 2
96 42 2
96 44 2
96 48 2
96 52 2
96 57 2
96 58 2
96 59 2
96 61 2
96 63 2
96 64 2
96 65 2
96 68 2
96 71 2
96 72 2
96 74 2
96 76 2
96 77 2
96 79 2
96 80 2
96 81 2
96 83 2
96 84 2
96 85 2
96 86 2
96 87 2
96 89 2
96 90 2
96 92 2
96 93 2
96 94 2
96 95 2
96 96 2
97 3 2
97 4 2
97 5 2
97 6 2
97 8 2
97 10 2
97 11 2
97 14 2
97 17 2
97 19 2
97 20 2
97 22 2
97 24 2
97 26 2
97 27 2
97 28 2
97 30 2
97 36 2
97 37 2
97 38 2
97 39 2
97 40 2
97 46 2
97 48 2
97 54 2
97 58 2
97 63 2
97 66 2
97 67 2
97 68 2
97 71 2
97 72 2
97 77 2
97 79 2
97 82 2
97 83 2
97 85 2
97 87 2
97 89 2
97 91 2
97 92 2
97 97 2
98 0 2
98 1 2
98 3 2
98 4 2
98 5 2
98 6 2
98 8 2
98 9 2
98 10 2
98 14 2
98 16 2
98 19 2
98 20 2
98 22 2
98 23 2
98 27 2
98 28 2
98 29 2
98 30 2
98 31 2
98 34 2
98 36 2
98 37 2
98 38 2
98 40 2
98 41 2
98 44 2
98 46 2
98 47 2
98 49 2
98 54 2
98 56 2
98 59 2
98 60 2
98 63 2
98 64 2
98 66 2
98 68 2
98 71 2
98 72 2
98 78 2
98 81 2
98 84 2
98 89 2
98 92 2
98 93 2
98 95 2
98 96 2
99 2 2
99 3 2
99 4 2
99 5 2
99 8 2
99 10 2
99 13 2
99 15 2
99 16 2
99 17 2
99 18 2
99 19 2
99 20 2
99 21 2
99 22 2
99 28 2
99 29 2
99 31 2
99 35 2
99 36 2
99 38 2
99 42 2
99 43 2
99 45 2
99 47 2
99 48 2
99 52 2
99 54 2
99 56 2
99 57 2
99 58 2
99 59 2
99 60 2
99 61 2
99 62 2
99 63 2
99 64 2
99 66 2
99 68 2
99 78 2
99 79 2
99 81 2
99 82 2
99 83 2
99 85 2
99 93 2
99 95 2
100 0 2
100 2 2
100 3 2
100 4 2
100 5 2
100 6 2
100 8 2
100 10 2
100 11 2
100 13 2
100 14 2
100 16 2
100 18 2
100 21 2
100 22 2
100 23 2
100 24 2
100 28 2
100 30 2
100 31 2
100 34 2
100 38 2
100 40 2
100 41 2
100 45 2
100 46 2
100 48 2
100 49 2
100 54 2
100 56 2
100 58 2
100 63 2
100 64 2
100 65 2
100 66 2
100 67 2
100 68 2
100 77 2
100 78 2
100 79 2
100 82 2
100 83 2
100 84 2
100 86 2
100 88 2
100 89 2
100 93 2
100 95 2
100 97 2
100 98 2
100 99 2
100 100 2
101 0 2
101 1 2
101 2 2
101 3 2
101 4 2
101 5 2
101 6 2
101 11 2
101 12 2
101 13 2
101 15 2
101 18 2
101 19 2
101 21 2
101 22 2
101 23 2
101 24 2
101 28 2
101 30 2
101 36 2
101 37 2
101 40 2
101 41 2
101 42 2
101 45 2
101 47 2
101 51 2
101 52 2
101 54 2
101 55 2
101 56 2
101 57 2
101 58 2
101 59 2
101 60 2
101 63 2
101 68 2
101 71 2
101 72 2
101 78 2
101 79 2
101 80 2
101 82 2
101 87 2
101 89 2
101 91 2
101 92 2
101 94 2
101 95 2
101 97 2
101 98 2
102 3 2
102 5 2
102 7 2
102 8 2
102 11 2
102 12 2
102 14 2
102 17 2
102 18 2
102 19 2
102 20 2
102 21 2
102 22 2
102 24 2
102 27 2
102 29 2
102 30 2
102 36 2
102 37 2
102 39 2
102 40 2
102 41 2
102 42 2
102 47 2
102 51 2
102 55 2
102 56 2
102 57 2
102 59 2
102 61 2
102 63 2
102 64 2
102 65 2
102 68 2
102 69 2
102 71 2
102 72 2
102 74 2
102 77 2
102 78 2
102 85 2
102 89 2
102 93 2
102 95 2
102 96 2
102 97 2
102 100 2
103 0 2
103 3 2
103 4 2
103 5 2
103 8 2
103 10 2
103 14 2
103 15 2
103 16 2
103 18 2
103 19 2
103 24 2
103 26 2
103 27 2
103 28 2
103 29 2
103 32 2
103 33 2
103 35 2
103 36 2
103 38 2
103 44 2
103 45 2
103 46 2
103 47 2
103 48 2
103 50 2
103 52 2
103 54 2
103 56 2
103 57 2
103 58 2
103 60 2
103 63 2
103 64 2
103 65 2
103 66 2
103 68 2
103 71 2
103 76 2
103 77 2
103 78 2
103 79 2
103 81 2
103 82 2
103 84 2
103 85 2
103 86 2
103 88 2
103 93 2
103 97 2
103 100 2
103 103 2
104 1 2
104 2 2
104 10 2
104 11 2
104 19 2
104 33 2
104 34 2
104 49 2
104 50 2
104 53 2
104 61 2
104 64 2
104 67 2
104 69 2
104 75 2
104 80 2
104 83 2
104 86 2
104 92 2
104 98 2
104 103 2
104 104 2
105 3 2
105 4 2
105 6 2
105 8 2
105 11 2
105 14 2
105 20 2
105 22 2
105 23 2
105 24 2
105 27 2
105 28 2
105 29 2
105 32 2
105 35 2
105 36 2
105 37 2
105 39 2
105 40 2
105 42 2
105 44 2
105 46 2
105 49 2
105 54 2
105 55 2
105 56 2
105 57 2
105 58 2
105 59 2
105 60 2
105 66 2
105 69 2
105 72 2
105 74 2
105 77 2
105 79 2
105 82 2
105 83 2
105 87 2
105 89 2
105 90 2
105 95 2
105 96 2
105 97 2
105 98 2
105 99 2
105 100 2
105 101 2
105 102 2
106 0 2
106 3 2
106 5 2
106 6 2
106 10 2
106 17 2
106 21 2
106 24 2
106 27 2
106 28 2
106 29 2
106 39 2
106 40 2
106 42 2
106 44 2
106 45 2
106 46 2
106 47 2
106 48 2
106 49 2
106 50 2
106 51 2
106 52 2
106 57 2
106 60 2
106 61 2
106 63 2
106 66 2
106 67 2
106 69 2
106 71 2
106 73 2
106 78 2
106 81 2
106 85 2
106 89 2
106 93 2
106 94 2
106 95 2
106 96 2
106 98 2
106 99 2
106 100 2
106 102 2
106 105 2
106 106 2
107 0 2
107 1 2
107 2 2
107 4 2
107 8 2
107 9 2
107 11 2
107 12 2
107 20 2
107 28 2
107 32 2
107 33 2
107 34 2
107 35 2
107 36 2
107 43 2
107 46 2
107 50 2
107 53 2
107 55 2
107 56 2
107 57 2
107 67 2
107 68 2
107 69 2
107 70 2
107 72 2
107 74 2
107 75 2
107 76 2
107 80 2
107 81 2
107 83 2
107 86 2
107 87 2
107 91 2
107 104 2
108 0 2
108 2 2
108 3 2
108 4 2
108 5 2
108 6 2
108 8 2
108 11 2
108 13 2
108 14 2
108 15 2
108 16 2
108 17 2
108 20 2
108 22 2
108 23 2
108 29 2
108 30 2
108 31 2
108 35 2
108 36 2
108 37 2
108 38 2
108 39 2
108 40 2
108 41 2
108 42 2
108 43 2
108 44 2
108 45 2
108 47 2
108 49 2
108 56 2
108 60 2
108 63 2
108 64 2
108 66 2
108 68 2
108 72 2
108 73 2
108 75 2
108 77 2
108 79 2
108 80 2
108 81 2
108 82 2
108 87 2
108 89 2
108 90 2
108 93 2
108 95 2
108 98 2
108 99 2
108 100 2
108 106 2
109 0 2
109 3 2
109 7 2
109 13 2
109 15 2
109 16 2
109 17 2
109 20 2
109 21 2
109 26 2
109 27 2
109 28 2
109 30 2
109 32 2
109 37 2
109 38 2
109 41 2
109 42 2
109 44 2
109 45 2
109 47 2
109 48 2
109 49 2
109 53 2
109 57 2
109 58 2
109 59 2
109 61 2
109 62 2
109 63 2
109 64 2
109 68 2
109 69 2
109 75 2
109 77 2
109 81 2
109 82 2
109 83 2
109 84 2
109 85 2
109 87 2
109 90 2
109 92 2
109 93 2
109 96 2
109 98 2
109 101 2
109 106 2
109 109 2
110 0 2
110 2 2
110 3 2
110 4 2
110 5 2
110 6 2
110 9 2
110 10 2
110 11 2
110 13 2
110 14 2
110 18 2
110 20 2
110 21 2
110 23 2
110 26 2
110 28 2
110 29 2
110 32 2
110 36 2
110 41 2
110 42 2
110 44 2
110 45 2
110 46 2
110 48 2
110 54 2
110 55 2
110 56 2
110 57 2
110 58 2
110 59 2
110 63 2
110 65 2
110 67 2
110 69 2
110 70 2
110 71 2
110 81 2
110 83 2
110 85 2
110 88 2
110 89 2
110 96 2
110 97 2
110 98 2
110 100 2
110 105 2
110 106 2
110 110 2
111 0 2
111 3 2
111 4 2
111 5 2
111 6 2
111 8 2
111 16 2
111 17 2
111 19 2
111 20 2
111 21 2
111 23 2
111 24 2
111 25 2
111 26 2
111 28 2
111 29 2
111 30 2
111 31 2
111 35 2
111 37 2
111 39 2
111 40 2
111 41 2
111 44 2
111 46 2
111 47 2
111 48 2
111 51 2
111 53 2
111 57 2
111 58 2
111 61 2
111 62 2
111 63 2
111 64 2
111 66 2
111 68 2
111 74 2
111 77 2
111 79 2
111 80 2
111 81 2
111 82 2
111 83 2
111 85 2
111 89 2
111 90 2
111 92 2
111 93 2
111 94 2
111 95 2
111 96 2
111 98 2
111 101 2
111 102 2
111 103 2
111 104 2
111 106 2
111 107 2
111 108 2
112 1 2
112 2 2
112 4 2
112 5 2
112 8 2
112 9 2
112 12 2
112 21 2
112 25 2
112 29 2
112 32 2
112 42 2
112 50 2
112 51 2
112 53 2
112 55 2
112 56 2
112 59 2
112 60 2
112 63 2
112 72 2
112 74 2
112 76 2
112 84 2
112 85 2
112 86 2
112 88 2
112 90 2
112 94 2
112 99 2
112 104 2
112 112 2
113 2 2
113 5 2
113 11 2
113 13 2
113 27 2
113 35 2
113 36 2
113 43 2
113 50 2
113 51 2
113 59 2
113 62 2
113 64 2
113 67 2
113 69 2
113 73 2
113 74 2
113 75 2
113 76 2
113 83 2
113 86 2
113 88 2
113 89 2
113 92 2
113 94 2
113 95 2
113 104 2
113 105 2
113 111 2
113 112 2
114 0 2
114 1 2
114 4 2
114 5 2
114 9 2
114 13 2
114 15 2
114 17 2
114 18 2
114 21 2
114 22 2
114 25 2
114 26 2
114 27 2
114 28 2
114 29 2
114 30 2
114 32 2
114 33 2
114 36 2
114 37 2
114 38 2
114 39 2
114 40 2
114 42 2
114 45 2
114 46 2
114 47 2
114 49 2
114 54 2
114 56 2
114 58 2
114 60 2
114 61 2
114 63 2
114 65 2
114 68 2
114 71 2
114 72 2
114 74 2
114 78 2
114 80 2
114 81 2
114 85 2
114 87 2
114 89 2
114 93 2
114 94 2
114 95 2
114 98 2
114 99 2
114 103 2
114 106 2
114 108 2
114 110 2
114 112 2
115 2 2
115 5 2
115 9 2
115 10 2
115 11 2
115 15 2
115 20 2
115 29 2
115 30 2
115 33 2
115 34 2
115 35 2
115 36 2
115 38 2
115 43 2
115 45 2
115 47 2
115 52 2
115 61 2
115 67 2
115 69 2
115 70 2
115 71 2
115 73 2
115 75 2
115 86 2
115 88 2
115 91 2
115 92 2
115 94 2
115 100 2
115 102 2
115 105 2
115 107 2
115 115 2
116 1 2
116 5 2
116 8 2
116 9 2
116 11 2
116 18 2
116 21 2
116 22 2
116 25 2
116 33 2
116 37 2
116 38 2
116 50 2
116 53 2
116 62 2
116 67 2
116 69 2
116 72 2
116 73 2
116 76 2
116 89 2
116 91 2
116 92 2
116 101 2
116 104 2
116 105 2
116 107 2
116 110 2
116 112 2
116 113 2
116 116 2
117 0 2
117 2 2
117 3 2
117 5 2
117 6 2
117 10 2
117 13 2
117 14 2
117 20 2
117 21 2
117 22 2
117 26 2
117 28 2
117 29 2
117 31 2
117 32 2
117 37 2
117 39 2
117 40 2
117 43 2
117 45 2
117 46 2
117 47 2
117 54 2
117 56 2
117 59 2
117 61 2
117 64 2
117 65 2
117 66 2
117 68 2
117 72 2
117 77 2
117 78 2
117 79 2
117 84 2
117 85 2
117 87 2
117 89 2
117 93 2
117 95 2
117 96 2
117 97 2
117 100 2
117 103 2
117 105 2
117 106 2
117 108 2
117 117 2
118 0 2
118 2 2
118 4 2
118 11 2
118 12 2
118 21 2
118 28 2
118 33 2
118 36 2
118 42 2
118 43 2
118 45 2
118 50 2
118 52 2
118 53 2
118 55 2
118 60 2
118 70 2
118 74 2
118 79 2
118 81 2
118 88 2
118 91 2
118 92 2
118 97 2
118 100 2
118 104 2
118 105 2
118 107 2
118 109 2
118 111 2
118 112 2
118 113 2
118 114 2
118 115 2
118 118 2
119 3 2
119 4 2
119 8 2
119 10 2
119 13 2
119 14 2
119 15 2
119 16 2
119 17 2
119 19 2
119 20 2
119 21 2
119 24 2
119 26 2
119 29 2
119 30 2
119 33 2
119 37 2
119 38 2
119 39 2
119 41 2
119 42 2
119 44 2
119 46 2
119 47 2
119 48 2
119 49 2
119 56 2
119 57 2
119 61 2
119 62 2
119 63 2
119 64 2
119 67 2
119 69 2
119 70 2
119 71 2
119 72 2
119 74 2
119 75 2
119 78 2
119 81 2
119 83 2
119 84 2
119 86 2
119 87 2
119 90 2
119 93 2
119 94 2
119 96 2
119 98 2
119 101 2
119 102 2
119 103 2
119 110 2
119 114 2
119 115 2
119 117 2
119 118 2
120 0 2
120 4 2
120 7 2
120 12 2
120 21 2
120 23 2
120 25 2
120 33 2
120 35 2
120 36 2
120 40 2
120 41 2
120 43 2
120 51 2
120 52 2
120 55 2
120 61 2
120 62 2
120 65 2
120 66 2
120 70 2
120 73 2
120 75 2
120 78 2
120 79 2
120 83 2
120 86 2
120 87 2
120 91 2
120 100 2
120 102 2
120 107 2
120 111 2
120 112 2
120 113 2
120 114 2
120 117 2
120 119 2
120 120 2
121 1 2
121 2 2
121 7 2
121 11 2
121 12 2
121 16 2
121 25 2
121 27 2
121 29 2
121 32 2
121 33 2
121 35 2
121 43 2
121 46 2
121 48 2
121 53 2
121 55 2
121 60 2
121 62 2
121 66 2
121 67 2
121 69 2
121 73 2
121 74 2
121 75 2
121 76 2
121 77 2
121 80 2
121 88 2
121 92 2
121 95 2
121 101 2
121 102 2
121 105 2
121 112 2
121 115 2
121 116 2
121 118 2
122 0 2
122 1 2
122 6 2
122 7 2
122 11 2
122 14 2
122 15 2
122 16 2
122 17 2
122 20 2
122 21 2
122 22 2
122 23 2
122 26 2
122 27 2
122 29 2
122 31 2
122 32 2
122 34 2
122 36 2
122 37 2
122 38 2
122 39 2
122 40 2
122 41 2
122 42 2
122 44 2
122 45 2
122 46 2
122 48 2
122 49 2
122 50 2
122 56 2
122 60 2
122 64 2
122 65 2
122 72 2
122 77 2
122 78 2
122 81 2
122 82 2
122 83 2
122 85 2
122 87 2
122 89 2
122 91 2
122 93 2
122 94 2
122 95 2
122 96 2
122 97 2
122 98 2
122 100 2
122 101 2
122 103 2
122 105 2
122 106 2
122 108 2
122 109 2
122 110 2
122 111 2
122 116 2
122 120 2
123 0 2
123 3 2
123 4 2
123 5 2
123 9 2
123 13 2
123 15 2
123 16 2
123 20 2
123 23 2
123 24 2
123 25 2
123 27 2
123 28 2
123 29 2
123 32 2
123 35 2
123 36 2
123 38 2
123 39 2
123 42 2
123 44 2
123 45 2
123 47 2
123 48 2
123 49 2
123 52 2
123 54 2
123 56 2
123 57 2
123 59 2
123 60 2
123 61 2
123 68 2
123 76 2
123 77 2
123 78 2
123 79 2
123 81 2
123 83 2
123 86 2
123 87 2
123 88 2
123 89 2
123 96 2
123 98 2
123 101 2
123 103 2
123 105 2
123 106 2
123 107 2
123 108 2
123 110 2
123 112 2
123 114 2
123 115 2
123 117 2
123 122 2
123 123 2
124 0 2
124 1 2
124 3 2
124 4 2
124 5 2
124 6 2
124 8 2
124 10 2
124 12 2
124 13 2
124 14 2
124 16 2
124 17 2
124 18 2
124 22 2
124 23 2
124 24 2
124 26 2
124 29 2
124 31 2
124 37 2
124 39 2
124 40 2
124 44 2
124 45 2
124 46 2
124 47 2
124 48 2
124 53 2
124 54 2
124 56 2
124 57 2
124 63 2
124 64 2
124 65 2
124 66 2
124 68 2
124 70 2
124 75 2
124 76 2
124 77 2
124 78 2
124 79 2
124 81 2
124 82 2
124 84 2
124 85 2
124 89 2
124 90 2
124 91 2
124 93 2
124 94 2
124 96 2
124 97 2
124 98 2
124 99 2
124 100 2
124 102 2
124 103 2
124 104 2
124 105 2
124 106 2
124 107 2
124 109 2
124 110 2
124 111 2
124 112 2
124 113 2
124 114 2
124 119 2
124 121 2
124 122 2
124 124 2
125 0 2
125 4 2
125 5 2
125 6 2
125 8 2
125 10 2
125 14 2
125 15 2
125 17 2
125 19 2
125 22 2
125 24 2
125 29 2
125 30 2
125 31 2
125 32 2
125 36 2
125 37 2
125 40 2
125 41 2
125 42 2
125 45 2
125 47 2
125 56 2
125 58 2
125 59 2
125 61 2
125 63 2
125 65 2
125 66 2
125 71 2
125 72 2
125 74 2
125 76 2
125 77 2
125 79 2
125 84 2
125 85 2
125 88 2
125 89 2
125 93 2
125 95 2
125 97 2
125 98 2
125 99 2
125 101 2
125 102 2
125 103 2
125 105 2
125 107 2
125 109 2
125 110 2
125 111 2
125 114 2
125 117 2
125 120 2
125 121 2
125 122 2
126 1 2
126 5 2
126 7 2
126 12 2
126 18 2
126 29 2
126 32 2
126 34 2
126 43 2
126 45 2
126 50 2
126 51 2
126 52 2
126 54 2
126 57 2
126 60 2
126 62 2
126 66 2
126 70 2
126 71 2
126 74 2
126 75 2
126 76 2
126 79 2
126 80 2
126 81 2
126 86 2
126 90 2
126 91 2
126 92 2
126 93 2
126 95 2
126 97 2
126 98 2
126 107 2
126 108 2
126 110 2
126 111 2
126 112 2
126 114 2
126 115 2
126 116 2
126 118 2
126 122 2
126 126 2
127 2 2
127 7 2
127 11 2
127 14 2
127 16 2
127 25 2
127 29 2
127 31 2
127 32 2
127 33 2
127 36 2
127 43 2
127 45 2
127 47 2
127 50 2
127 51 2
127 52 2
127 53 2
127 54 2
127 55 2
127 56 2
127 58 2
127 62 2
127 66 2
127 67 2
127 69 2
127 70 2
127 73 2
127 76 2
127 86 2
127 91 2
127 92 2
127 93 2
127 94 2
127 99 2
127 100 2
127 104 2
127 109 2
127 110 2
127 113 2
127 116 2
127 117 2
127 119 2
127 120 2
127 121 2
128 0 2
128 3 2
128 5 2
128 6 2
128 7 2
128 8 2
128 12 2
128 17 2
128 19 2
128 20 2
128 21 2
128 23 2
128 26 2
128 28 2
128 29 2
128 30 2
128 31 2
128 33 2
128 36 2
128 39 2
128 40 2
128 42 2
128 47 2
128 48 2
128 56 2
128 57 2
128 60 2
128 61 2
128 63 2
128 66 2
128 69 2
128 71 2
128 72 2
128 73 2
128 76 2
128 78 2
128 79 2
128 82 2
128 84 2
128 85 2
128 87 2
128 91 2
128 92 2
128 95 2
128 96 2
128 97 2
128 98 2
128 99 2
128 100 2
128 105 2
128 106 2
128 107 2
128 110 2
128 111 2
128 113 2
128 114 2
128 115 2
128 116 2
128 117 2
128 122 2
128 125 2
129 0 2
129 6 2
129 10 2
129 12 2
129 13 2
129 15 2
129 17 2
129 18 2
129 19 2
129 20 2
129 21 2
129 22 2
129 23 2
129 26 2
129 27 2
129 28 2
129 30 2
129 31 2
129 35 2
129 38 2
129 42 2
129 43 2
129 45 2
129 46 2
129 47 2
129 48 2
129 52 2
129 53 2
129 54 2
129 57 2
129 63 2
129 66 2
129 71 2
129 72 2
129 73 2
129 74 2
129 76 2
129 79 2
129 81 2
129 82 2
129 83 2
129 84 2
129 85 2
129 87 2
129 88 2
129 89 2
129 90 2
129 94 2
129 95 2
129 96 2
129 99 2
129 100 2
129 101 2
129 102 2
129 103 2
129 106 2
129 109 2
129 110 2
129 116 2
129 119 2
130 0 2
130 3 2
130 5 2
130 6 2
130 8 2
130 9 2
130 11 2
130 13 2
130 14 2
130 16 2
130 17 2
130 18 2
130 19 2
130 20 2
130 21 2
130 23 2
130 24 2
130 26 2
130 27 2
130 28 2
130 31 2
130 32 2
130 36 2
130 38 2
130 40 2
130 43 2
130 46 2
130 47 2
130 48 2
130 49 2
130 55 2
130 56 2
130 57 2
130 58 2
130 59 2
130 66 2
130 68 2
130 71 2
130 78 2
130 82 2
130 83 2
130 85 2
130 87 2
130 89 2
130 90 2
130 93 2
130 97 2
130 100 2
130 101 2
130 102 2
130 103 2
130 105 2
130 106 2
130 108 2
130 109 2
130 110 2
130 111 2
130 113 2
130 118 2
130 119 2
130 123 2
130 125 2
130 127 2
130 128 2
130 129 2
131 0 2
131 3 2
131 4 2
131 5 2
131 6 2
131 8 2
131 13 2
131 19 2
131 20 2
131 21 2
131 22 2
131 27 2
131 28 2
131 29 2
131 32 2
131 38 2
131 40 2
131 41 2
131 42 2
131 44 2
131 46 2
131 47 2
131 48 2
131 54 2
131 56 2
131 57 2
131 59 2
131 60 2
131 66 2
131 68 2
131 69 2
131 72 2
131 77 2
131 79 2
131 80 2
131 81 2
131 82 2
131 85 2
131 87 2
131 88 2
131 89 2
131 93 2
131 94 2
131 96 2
131 100 2
131 101 2
131 102 2
131 103 2
131 106 2
131 108 2
131 110 2
131 111 2
131 114 2
131 117 2
131 118 2
131 121 2
131 124 2
131 125 2
131 128 2
131 129 2
131 130 2
131 131 2
132 0 2
132 1 2
132 2 2
132 3 2
132 4 2
132 10 2
132 11 2
132 15 2
132 16 2
132 17 2
132 18 2
132 19 2
132 20 2
132 22 2
132 26 2
132 28 2
132 29 2
132 30 2
132 34 2
132 37 2
132 38 2
132 39 2
132 41 2
132 47 2
132 48 2
132 53 2
132 54 2
132 56 2
132 57 2
132 59 2
132 60 2
132 61 2
132 62 2
132 63 2
132 64 2
132 66 2
132 71 2
132 72 2
132 73 2
132 74 2
132 78 2
132 81 2
132 84 2
132 85 2
132 87 2
132 88 2
132 90 2
132 93 2
132 96 2
132 97 2
132 98 2
132 99 2
132 103 2
132 108 2
132 111 2
132 117 2
132 119 2
132 122 2
132 123 2
132 125 2
132 127 2
132 128 2
132 129 2
132 131 2
133 0 2
133 1 2
133 3 2
133 5 2
133 7 2
133 8 2
133 14 2
133 15 2
133 16 2
133 17 2
133 18 2
133 19 2
133 21 2
133 22 2
133 27 2
133 30 2
133 31 2
133 32 2
133 34 2
133 38 2
133 39 2
133 40 2
133 46 2
133 47 2
133 48 2
133 49 2
133 51 2
133 54 2
133 56 2
133 59 2
133 61 2
133 62 2
133 63 2
133 65 2
133 67 2
133 68 2
133 78 2
133 81 2
133 83 2
133 85 2
133 86 2
133 95 2
133 96 2
133 100 2
133 103 2
133 104 2
133 108 2
133 109 2
133 110 2
133 111 2
133 114 2
133 115 2
133 119 2
133 121 2
133 122 2
133 125 2
133 126 2
133 128 2
133 130 2
133 132 2
133 133 2
134 2 2
134 8 2
134 9 2
134 12 2
134 15 2
134 16 2
134 17 2
134 22 2
134 23 2
134 25 2
134 32 2
134 34 2
134 41 2
134 42 2
134 50 2
134 52 2
134 53 2
134 55 2
134 60 2
134 62 2
134 67 2
134 73 2
134 74 2
134 75 2
134 76 2
134 84 2
134 87 2
134 94 2
134 103 2
134 104 2
134 107 2
134 110 2
134 112 2
134 113 2
134 115 2
134 116 2
134 118 2
134 121 2
134 122 2
134 125 2
134 126 2
134 127 2
134 128 2
134 130 2
134 134 2
135 1 2
135 5 2
135 6 2
135 10 2
135 11 2
135 13 2
135 17 2
135 21 2
135 23 2
135 24 2
135 26 2
135 27 2
135 34 2
135 36 2
135 38 2
135 41 2
135 44 2
135 45 2
135 46 2
135 48 2
135 50 2
135 53 2
135 54 2
135 58 2
135 60 2
135 61 2
135 63 2
135 64 2
135 65 2
135 66 2
135 68 2
135 71 2
135 72 2
135 78 2
135 79 2
135 82 2
135 83 2
135 87 2
135 88 2
135 89 2
135 90 2
135 91 2
135 95 2
135 96 2
135 98 2
135 99 2
135 100 2
135 101 2
135 102 2
135 103 2
135 104 2
135 105 2
135 106 2
135 108 2
135 109 2
135 110 2
135 111 2
135 120 2
135 123 2
135 125 2
135 128 2
135 131 2
135 132 2
135 133 2
135 134 2
135 135 2
136 2 2
136 3 2
136 6 2
136 10 2
136 13 2
136 14 2
136 15 2
136 16 2
136 18 2
136 20 2
136 22 2
136 23 2
136 24 2
136 26 2
136 30 2
136 31 2
136 32 2
136 35 2
136 37 2
136 39 2
136 42 2
136 44 2
136 46 2
136 47 2
136 49 2
136 51 2
136 58 2
136 59 2
136 63 2
136 64 2
136 66 2
136 67 2
136 72 2
136 77 2
136 79 2
136 82 2
136 85 2
136 89 2
136 93 2
136 100 2
136 101 2
136 102 2
136 105 2
136 106 2
136 108 2
136 109 2
136 110 2
136 111 2
136 121 2
136 124 2
136 125 2
136 129 2
136 131 2
136 133 2
136 134 2
136 135 2
137 1 2
137 2 2
137 3 2
137 7 2
137 8 2
137 12 2
137 16 2
137 21 2
137 32 2
137 47 2
137 48 2
137 49 2
137 51 2
137 55 2
137 62 2
137 67 2
137 69 2
137 71 2
137 74 2
137 79 2
137 82 2
137 85 2
137 88 2
137 91 2
137 92 2
137 94 2
137 99 2
137 100 2
137 101 2
137 104 2
137 107 2
137 111 2
137 112 2
137 114 2
137 115 2
137 118 2
137 120 2
137 122 2
137 126 2
137 127 2
137 128 2
137 133 2
137 134 2
137 137 2
138 6 2
138 8 2
138 10 2
138 18 2
138 21 2
138 22 2
138 25 2
138 26 2
138 28 2
138 30 2
138 31 2
138 32 2
138 34 2
138 38 2
138 39 2
138 41 2
138 44 2
138 45 2
138 46 2
138 47 2
138 48 2
138 49 2
138 50 2
138 54 2
138 55 2
138 57 2
138 59 2
138 61 2
138 64 2
138 67 2
138 68 2
138 71 2
138 72 2
138 76 2
138 77 2
138 81 2
138 82 2
138 83 2
138 84 2
138 85 2
138 86 2
138 87 2
138 89 2
138 92 2
138 93 2
138 96 2
138 97 2
138 102 2
138 103 2
138 104 2
138 105 2
138 106 2
138 108 2
138 109 2
138 113 2
138 117 2
138 119 2
138 120 2
138 123 2
138 124 2
138 125 2
138 127 2
138 128 2
138 132 2
138 133 2
138 134 2
138 135 2
138 136 2
138 138 2
139 1 2
139 2 2
139 7 2
139 9 2
139 11 2
139 12 2
139 13 2
139 16 2
139 18 2
139 20 2
139 22 2
139 25 2
139 29 2
139 35 2
139 37 2
139 43 2
139 46 2
139 47 2
139 48 2
139 51 2
139 52 2
139 55 2
139 57 2
139 62 2
139 63 2
139 67 2
139 68 2
139 69 2
139 70 2
139 74 2
139 76 2
139 78 2
139 80 2
139 86 2
139 88 2
139 91 2
139 92 2
139 98 2
139 104 2
139 111 2
139 112 2
139 115 2
139 116 2
139 118 2
139 119 2
139 120 2
139 121 2
139 122 2
139 126 2
139 128 2
139 131 2
139 134 2
139 135 2
139 137 2
140 4 2
140 7 2
140 9 2
140 15 2
140 25 2
140 29 2
140 31 2
140 33 2
140 34 2
140 38 2
140 39 2
140 41 2
140 43 2
140 50 2
140 51 2
140 52 2
140 53 2
140 62 2
140 63 2
140 67 2
140 70 2
140 73 2
140 80 2
140 85 2
140 86 2
140 89 2
140 94 2
140 102 2
140 104 2
140 105 2
140 111 2
140 112 2
140 116 2
140 120 2
140 121 2
140 122 2
140 124 2
140 126 2
140 127 2
140 128 2
140 134 2
140 139 2
140 140 2
141 1 2
141 5 2
141 9 2
141 11 2
141 15 2
141 16 2
141 17 2
141 18 2
141 19 2
141 24 2
141 25 2
141 26 2
141 27 2
141 29 2
141 30 2
141 32 2
141 36 2
141 40 2
141 41 2
141 42 2
141 43 2
141 44 2
141 47 2
141 48 2
141 49 2
141 55 2
141 56 2
141 60 2
141 61 2
141 62 2
141 63 2
141 65 2
141 66 2
141 68 2
141 72 2
141 73 2
141 75 2
141 76 2
141 79 2
141 81 2
141 82 2
141 83 2
141 84 2
141 89 2
141 90 2
141 93 2
141 97 2
141 99 2
141 100 2
141 102 2
141 103 2
141 104 2
141 105 2
141 106 2
141 107 2
141 108 2
141 109 2
141 110 2
141 114 2
141 117 2
141 119 2
141 122 2
141 123 2
141 124 2
141 125 2
141 126 2
141 128 2
141 129 2
141 130 2
141 131 2
141 132 2
141 133 2
141 136 2
141 138 2
141 141 2
142 0 2
142 2 2
142 3 2
142 4 2
142 6 2
142 7 2
142 9 2
142 10 2
142 13 2
142 14 2
142 16 2
142 17 2
142 18 2
142 19 2
142 20 2
142 21 2
142 22 2
142 25 2
142 26 2
142 30 2
142 32 2
142 33 2
142 36 2
142 38 2
142 39 2
142 40 2
142 44 2
142 45 2
142 46 2
142 55 2
142 56 2
142 59 2
142 61 2
142 63 2
142 64 2
142 65 2
142 66 2
142 68 2
142 71 2
142 72 2
142 73 2
142 77 2
142 78 2
142 82 2
142 83 2
142 85 2
142 87 2
142 92 2
142 93 2
142 94 2
142 97 2
142 98 2
142 99 2
142 100 2
142 101 2
142 105 2
142 106 2
142 107 2
142 108 2
142 109 2
142 111 2
142 112 2
142 115 2
142 119 2
142 121 2
142 122 2
142 123 2
142 131 2
142 133 2
142 135 2
142 141 2
143 0 2
143 3 2
143 4 2
143 5 2
143 6 2
143 7 2
143 13 2
143 14 2
143 16 2
143 18 2
143 19 2
143 21 2
143 24 2
143 26 2
143 27 2
143 29 2
143 30 2
143 31 2
143 38 2
143 39 2
143 41 2
143 42 2
143 44 2
143 46 2
143 47 2
143 48 2
143 51 2
143 52 2
143 56 2
143 57 2
143 58 2
143 63 2
143 64 2
143 65 2
143 67 2
143 68 2
143 71 2
143 72 2
143 77 2
143 79 2
143 82 2
143 83 2
143 89 2
143 90 2
143 93 2
143 95 2
143 96 2
143 97 2
143 100 2
143 102 2
143 103 2
143 106 2
143 107 2
143 108 2
143 109 2
143 110 2
143 111 2
143 117 2
143 118 2
143 119 2
143 121 2
143 122 2
143 123 2
143 124 2
143 125 2
143 130 2
143 131 2
143 135 2
143 136 2
143 137 2
143 139 2
143 141 2
143 142 2
144 0 2
144 3 2
144 4 2
144 5 2
144 8 2
144 9 2
144 10 2
144 13 2
144 14 2
144 20 2
144 21 2
144 24 2
144 26 2
144 30 2
144 31 2
144 36 2
144 39 2
144 40 2
144 44 2
144 46 2
144 48 2
144 54 2
144 56 2
144 57 2
144 58 2
144 60 2
144 63 2
144 65 2
144 68 2
144 70 2
144 72 2
144 73 2
144 75 2
144 77 2
144 81 2
144 82 2
144 84 2
144 85 2
144 87 2
144 88 2
144 89 2
144 90 2
144 96 2
144 97 2
144 99 2
144 100 2
144 101 2
144 102 2
144 104 2
144 106 2
144 108 2
144 109 2
144 110 2
144 114 2
144 117 2
144 118 2
144 122 2
144 123 2
144 125 2
144 126 2
144 128 2
144 129 2
144 130 2
144 131 2
144 132 2
144 133 2
144 134 2
144 135 2
144 136 2
144 143 2
144 144 2
145 0 2
145 1 2
145 5 2
145 6 2
145 7 2
145 10 2
145 12 2
145 13 2
145 17 2
145 18 2
145 19 2
145 20 2
145 22 2
145 24 2
145 28 2
145 29 2
145 32 2
145 36 2
145 37 2
145 38 2
145 45 2
145 46 2
145 47 2
145 49 2
145 54 2
145 56 2
145 57 2
145 58 2
145 60 2
145 61 2
145 63 2
145 69 2
145 71 2
145 72 2
145 77 2
145 78 2
145 82 2
145 84 2
145 89 2
145 90 2
145 91 2
145 93 2
145 98 2
145 100 2
145 103 2
145 106 2
145 107 2
145 108 2
145 110 2
145 111 2
145 114 2
145 117 2
145 118 2
145 119 2
145 122 2
145 125 2
145 126 2
145 130 2
145 131 2
145 132 2
145 135 2
145 138 2
145 141 2
145 142 2
145 145 2
146 0 2
146 2 2
146 4 2
146 6 2
146 10 2
146 15 2
146 16 2
146 18 2
146 19 2
146 21 2
146 22 2
146 23 2
146 30 2
146 31 2
146 32 2
146 34 2
146 35 2
146 38 2
146 39 2
146 40 2
146 41 2
146 42 2
146 44 2
146 46 2
146 47 2
146 48 2
146 50 2
146 51 2
146 56 2
146 57 2
146 59 2
146 61 2
146 63 2
146 64 2
146 65 2
146 66 2
146 68 2
146 71 2
146 72 2
146 77 2
146 78 2
146 79 2
146 80 2
146 81 2
146 82 2
146 83 2
146 84 2
146 85 2
146 87 2
146 93 2
146 96 2
146 98 2
146 99 2
146 105 2
146 106 2
146 108 2
146 110 2
146 111 2
146 114 2
146 117 2
146 119 2
146 121 2
146 124 2
146 125 2
146 126 2
146 127 2
146 128 2
146 129 2
146 130 2
146 131 2
146 138 2
146 142 2
146 143 2
146 144 2
146 145 2
147 3 2
147 4 2
147 5 2
147 8 2
147 13 2
147 14 2
147 19 2
147 20 2
147 21 2
147 22 2
147 26 2
147 28 2
147 29 2
147 30 2
147 31 2
147 34 2
147 36 2
147 37 2
147 43 2
147 44 2
147 45 2
147 46 2
147 48 2
147 49 2
147 54 2
147 55 2
147 57 2
147 58 2
147 59 2
147 61 2
147 64 2
147 66 2
147 70 2
147 75 2
147 77 2
147 78 2
147 79 2
147 83 2
147 84 2
147 87 2
147 91 2
147 92 2
147 95 2
147 97 2
147 98 2
147 99 2
147 101 2
147 102 2
147 105 2
147 106 2
147 111 2
147 114 2
147 117 2
147 119 2
147 121 2
147 122 2
147 123 2
147 124 2
147 125 2
147 128 2
147 130 2
147 131 2
147 133 2
147 135 2
147 142 2
147 144 2
147 145 2
147 147 2
148 2 2
148 4 2
148 5 2
148 6 2
148 8 2
148 13 2
148 16 2
148 17 2
148 18 2
148 20 2
148 22 2
148 27 2
148 29 2
148 30 2
148 32 2
148 36 2
148 37 2
148 38 2
148 41 2
148 42 2
148 44 2
148 47 2
148 49 2
148 51 2
148 54 2
148 56 2
148 59 2
148 65 2
148 67 2
148 71 2
148 72 2
148 74 2
148 75 2
148 77 2
148 78 2
148 84 2
148 87 2
148 89 2
148 93 2
148 95 2
148 98 2
148 99 2
148 106 2
148 108 2
148 109 2
148 110 2
148 111 2
148 114 2
148 117 2
148 119 2
148 122 2
148 125 2
148 126 2
148 130 2
148 131 2
148 133 2
148 135 2
148 141 2
148 142 2
148 144 2
148 146 2
149 4 2
149 5 2
149 10 2
149 14 2
149 19 2
149 22 2
149 26 2
149 27 2
149 28 2
149 29 2
149 30 2
149 31 2
149 35 2
149 36 2
149 37 2
149 38 2
149 40 2
149 41 2
149 46 2
149 49 2
149 56 2
149 57 2
149 59 2
149 60 2
149 61 2
149 65 2
149 66 2
149 68 2
149 71 2
149 72 2
149 77 2
149 78 2
149 79 2
149 81 2
149 82 2
149 83 2
149 84 2
149 85 2
149 89 2
149 90 2
149 91 2
149 95 2
149 99 2
149 101 2
149 102 2
149 105 2
149 106 2
149 108 2
149 111 2
149 129 2
149 130 2
149 131 2
149 132 2
149 134 2
149 136 2
149 139 2
149 142 2
149 143 2
149 147 2
149 148 2
149 149 2
150 2 2
150 3 2
150 7 2
150 9 2
150 12 2
150 14 2
150 15 2
150 18 2
150 25 2
150 28 2
150 30 2
150 33 2
150 34 2
150 45 2
150 52 2
150 53 2
150 56 2
150 57 2
150 64 2
150 65 2
150 67 2
150 75 2
150 80 2
150 83 2
150 86 2
150 91 2
150 94 2
150 95 2
150 97 2
150 100 2
150 101 2
150 102 2
150 115 2
150 116 2
150 118 2
150 120 2
150 121 2
150 126 2
150 127 2
150 133 2
150 134 2
150 137 2
150 139 2
150 140 2
150 141 2
150 144 2
150 150 2
151 3 2
151 4 2
151 6 2
151 8 2
151 12 2
151 13 2
151 14 2
151 15 2
151 16 2
151 17 2
151 18 2
151 20 2
151 21 2
151 22 2
151 23 2
151 26 2
151 27 2
151 28 2
151 29 2
151 30 2
151 31 2
151 32 2
151 36 2
151 37 2
151 38 2
151 39 2
151 40 2
151 41 2
151 43 2
151 49 2
151 50 2
151 53 2
151 56 2
151 57 2
151 58 2
151 60 2
151 61 2
151 63 2
151 66 2
151 68 2
151 70 2
151 72 2
151 73 2
151 75 2
151 78 2
151 79 2
151 80 2
151 81 2
151 82 2
151 89 2
151 95 2
151 96 2
151 97 2
151 99 2
151 100 2
151 101 2
151 102 2
151 103 2
151 104 2
151 105 2
151 108 2
151 111 2
151 113 2
151 121 2
151 122 2
151 123 2
151 125 2
151 128 2
151 129 2
151 131 2
151 132 2
151 133 2
151 135 2
151 136 2
151 138 2
151 139 2
151 141 2
151 144 2
151 145 2
151 146 2
151 147 2
151 148 2
151 151 2
152 3 2
152 5 2
152 8 2
152 9 2
152 10 2
152 12 2
152 15 2
152 16 2
152 19 2
152 21 2
152 23 2
152 24 2
152 26 2
152 27 2
152 28 2
152 29 2
152 30 2
152 31 2
152 35 2
152 36 2
152 37 2
152 38 2
152 40 2
152 41 2
152 44 2
152 45 2
152 47 2
152 48 2
152 49 2
152 53 2
152 56 2
152 57 2
152 58 2
152 59 2
152 62 2
152 63 2
152 64 2
152 69 2
152 71 2
152 72 2
152 75 2
152 77 2
152 78 2
152 80 2
152 81 2
152 85 2
152 88 2
152 89 2
152 90 2
152 93 2
152 95 2
152 96 2
152 98 2
152 99 2
152 102 2
152 105 2
152 106 2
152 108 2
152 111 2
152 115 2
152 117 2
152 119 2
152 124 2
152 125 2
152 127 2
152 128 2
152 129 2
152 130 2
152 132 2
152 133 2
152 135 2
152 138 2
152 144 2
152 145 2
152 146 2
152 147 2
152 148 2
152 151 2
153 0 2
153 3 2
153 5 2
153 8 2
153 14 2
153 16 2
153 17 2
153 18 2
153 20 2
153 22 2
153 24 2
153 25 2
153 27 2
153 28 2
153 29 2
153 31 2
153 35 2
153 37 2
153 38 2
153 40 2
153 42 2
153 43 2
153 44 2
153 45 2
153 47 2
153 48 2
153 50 2
153 52 2
153 54 2
153 57 2
153 58 2
153 59 2
153 60 2
153 62 2
153 64 2
153 65 2
153 66 2
153 68 2
153 72 2
153 73 2
153 78 2
153 79 2
153 81 2
153 82 2
153 83 2
153 84 2
153 86 2
153 87 2
153 93 2
153 96 2
153 97 2
153 98 2
153 99 2
153 100 2
153 101 2
153 103 2
153 105 2
153 106 2
153 108 2
153 110 2
153 117 2
153 118 2
153 120 2
153 122 2
153 123 2
153 125 2
153 126 2
153 127 2
153 128 2
153 131 2
153 133 2
153 135 2
153 136 2
153 138 2
153 142 2
153 143 2
153 144 2
153 145 2
153 146 2
153 147 2
153 148 2
153 149 2
153 151 2
153 152 2
154 0 2
154 2 2
154 3 2
154 9 2
154 12 2
154 14 2
154 15 2
154 21 2
154 32 2
154 33 2
154 35 2
154 42 2
154 46 2
154 48 2
154 50 2
154 52 2
154 55 2
154 56 2
154 57 2
154 59 2
154 61 2
154 66 2
154 67 2
154 69 2
154 70 2
154 73 2
154 76 2
154 80 2
154 82 2
154 88 2
154 94 2
154 95 2
154 104 2
154 106 2
154 111 2
154 112 2
154 113 2
154 115 2
154 121 2
154 126 2
154 127 2
154 134 2
154 137 2
154 139 2
154 140 2
154 149 2
154 154 2
155 0 2
155 3 2
155 8 2
155 13 2
155 14 2
155 17 2
155 18 2
155 20 2
155 22 2
155 24 2
155 26 2
155 31 2
155 32 2
155 36 2
155 37 2
155 39 2
155 41 2
155 42 2
155 44 2
155 48 2
155 54 2
155 58 2
155 59 2
155 60 2
155 63 2
155 65 2
155 66 2
155 68 2
155 69 2
155 72 2
155 73 2
155 75 2
155 78 2
155 79 2
155 82 2
155 83 2
155 85 2
155 87 2
155 89 2
155 92 2
155 94 2
155 96 2
155 97 2
155 99 2
155 100 2
155 102 2
155 103 2
155 105 2
155 106 2
155 107 2
155 108 2
155 109 2
155 111 2
155 114 2
155 117 2
155 118 2
155 119 2
155 120 2
155 123 2
155 125 2
155 131 2
155 133 2
155 136 2
155 143 2
155 144 2
155 146 2
155 147 2
155 148 2
155 149 2
155 151 2
155 155 2
156 4 2
156 5 2
156 6 2
156 8 2
156 12 2
156 13 2
156 15 2
156 16 2
156 17 2
156 20 2
156 21 2
156 23 2
156 24 2
156 27 2
156 28 2
156 31 2
156 32 2
156 34 2
156 36 2
156 37 2
156 38 2
156 44 2
156 47 2
156 56 2
156 60 2
156 61 2
156 62 2
156 64 2
156 65 2
156 66 2
156 68 2
156 70 2
156 71 2
156 77 2
156 78 2
156 79 2
156 81 2
156 85 2
156 89 2
156 90 2
156 91 2
156 93 2
156 96 2
156 99 2
156 100 2
156 102 2
156 103 2
156 105 2
156 108 2
156 110 2
156 111 2
156 116 2
156 117 2
156 119 2
156 122 2
156 123 2
156 125 2
156 131 2
156 133 2
156 134 2
156 135 2
156 136 2
156 138 2
156 142 2
156 144 2
156 145 2
156 147 2
156 148 2
156 149 2
156 152 2
156 153 2
156 155 2
157 1 2
157 2 2
157 7 2
157 9 2
157 20 2
157 21 2
157 25 2
157 33 2
157 34 2
157 35 2
157 39 2
157 43 2
157 46 2
157 48 2
157 52 2
157 54 2
157 57 2
157 62 2
157 63 2
157 64 2
157 65 2
157 66 2
157 68 2
157 70 2
157 71 2
157 73 2
157 75 2
157 76 2
157 82 2
157 86 2
157 89 2
157 90 2
157 93 2
157 94 2
157 96 2
157 102 2
157 103 2
157 107 2
157 112 2
157 113 2
157 114 2
157 117 2
157 118 2
157 120 2
157 121 2
157 122 2
157 127 2
157 133 2
157 134 2
157 136 2
157 137 2
157 139 2
157 142 2
157 146 2
157 150 2
157 152 2
157 154 2
157 157 2
158 3 2
158 4 2
158 5 2
158 14 2
158 17 2
158 20 2
158 21 2
158 23 2
158 24 2
158 27 2
158 28 2
158 30 2
158 31 2
158 32 2
158 34 2
158 36 2
158 38 2
158 39 2
158 40 2
158 41 2
158 44 2
158 47 2
158 48 2
158 49 2
158 52 2
158 54 2
158 55 2
158 56 2
158 57 2
158 58 2
158 60 2
158 61 2
158 62 2
158 64 2
158 68 2
158 71 2
158 73 2
158 74 2
158 78 2
158 81 2
158 83 2
158 85 2
158 87 2
158 89 2
158 93 2
158 100 2
158 101 2
158 102 2
158 105 2
158 106 2
158 109 2
158 110 2
158 111 2
158 114 2
158 117 2
158 121 2
158 123 2
158 124 2
158 125 2
158 126 2
158 128 2
158 129 2
158 132 2
158 135 2
158 136 2
158 137 2
158 138 2
158 140 2
158 141 2
158 142 2
158 143 2
158 146 2
158 147 2
158 148 2
158 149 2
158 151 2
158 152 2
158 155 2
158 156 2
158 158 2
159 0 2
159 2 2
159 3 2
159 9 2
159 28 2
159 30 2
159 35 2
159 36 2
159 43 2
159 47 2
159 50 2
159 52 2
159 55 2
159 57 2
159 58 2
159 62 2
159 64 2
159 65 2
159 70 2
159 76 2
159 78 2
159 79 2
159 80 2
159 83 2
159 84 2
159 86 2
159 88 2
159 91 2
159 92 2
159 97 2
159 101 2
159 104 2
159 105 2
159 111 2
159 112 2
159 113 2
159 116 2
159 118 2
159 121 2
159 127 2
159 130 2
159 131 2
159 142 2
159 143 2
159 157 2
159 159 2
160 0 2
160 2 2
160 4 2
160 5 2
160 8 2
160 10 2
160 14 2
160 15 2
160 18 2
160 20 2
160 22 2
160 24 2
160 25 2
160 26 2
160 27 2
160 30 2
160 36 2
160 39 2
160 41 2
160 44 2
160 45 2
160 47 2
160 49 2
160 50 2
160 53 2
160 54 2
160 56 2
160 57 2
160 58 2
160 59 2
160 60 2
160 65 2
160 66 2
160 71 2
160 72 2
160 73 2
160 79 2
160 81 2
160 83 2
160 84 2
160 86 2
160 87 2
160 88 2
160 89 2
160 90 2
160 91 2
160 93 2
160 94 2
160 95 2
160 96 2
160 98 2
160 99 2
160 100 2
160 102 2
160 103 2
160 104 2
160 105 2
160 108 2
160 111 2
160 114 2
160 117 2
160 119 2
160 120 2
160 122 2
160 125 2
160 128 2
160 130 2
160 132 2
160 133 2
160 135 2
160 136 2
160 143 2
160 148 2
160 149 2
160 151 2
160 153 2
160 155 2
161 0 2
161 1 2
161 2 2
161 3 2
161 4 2
161 6 2
161 8 2
161 9 2
161 10 2
161 15 2
161 18 2
161 19 2
161 21 2
161 22 2
161 23 2
161 24 2
161 26 2
161 29 2
161 30 2
161 31 2
161 34 2
161 35 2
161 36 2
161 37 2
161 38 2
161 40 2
161 41 2
161 44 2
161 46 2
161 48 2
161 49 2
161 59 2
161 60 2
161 61 2
161 63 2
161 66 2
161 68 2
161 69 2
161 71 2
161 72 2
161 73 2
161 76 2
161 77 2
161 78 2
161 81 2
161 84 2
161 85 2
161 87 2
161 96 2
161 97 2
161 98 2
161 99 2
161 100 2
161 103 2
161 105 2
161 108 2
161 109 2
161 111 2
161 117 2
161 123 2
161 125 2
161 126 2
161 128 2
161 132 2
161 135 2
161 136 2
161 142 2
161 143 2
161 146 2
161 147 2
161 148 2
161 149 2
161 151 2
161 152 2
161 153 2
161 155 2
161 156 2
162 3 2
162 4 2
162 5 2
162 6 2
162 8 2
162 13 2
162 15 2
162 17 2
162 21 2
162 23 2
162 24 2
162 26 2
162 27 2
162 30 2
162 31 2
162 32 2
162 33 2
162 34 2
162 36 2
162 37 2
162 38 2
162 39 2
162 46 2
162 47 2
162 49 2
162 53 2
162 56 2
162 57 2
162 58 2
162 60 2
162 61 2
162 64 2
162 65 2
162 71 2
162 77 2
162 79 2
162 81 2
162 84 2
162 85 2
162 88 2
162 92 2
162 93 2
162 94 2
162 95 2
162 97 2
162 98 2
162 99 2
162 100 2
162 101 2
162 105 2
162 108 2
162 109 2
162 110 2
162 111 2
162 114 2
162 117 2
162 120 2
162 122 2
162 123 2
162 124 2
162 125 2
162 128 2
162 130 2
162 132 2
162 135 2
162 140 2
162 141 2
162 143 2
162 144 2
162 147 2
162 149 2
162 151 2
162 152 2
162 153 2
162 155 2
162 159 2
162 160 2
162 161 2
162 162 2
163 3 2
163 4 2
163 7 2
163 8 2
163 11 2
163 12 2
163 13 2
163 14 2
163 19 2
163 20 2
163 23 2
163 24 2
163 26 2
163 27 2
163 28 2
163 30 2
163 31 2
163 32 2
163 34 2
163 37 2
163 39 2
163 40 2
163 44 2
163 46 2
163 47 2
163 48 2
163 53 2
163 56 2
163 57 2
163 60 2
163 63 2
163 64 2
163 65 2
163 66 2
163 68 2
163 71 2
163 72 2
163 73 2
163 78 2
163 81 2
163 82 2
163 87 2
163 88 2
163 90 2
163 91 2
163 95 2
163 96 2
163 97 2
163 98 2
163 101 2
163 102 2
163 105 2
163 106 2
163 109 2
163 110 2
163 111 2
163 112 2
163 114 2
163 117 2
163 123 2
163 124 2
163 125 2
163 130 2
163 131 2
163 133 2
163 134 2
163 135 2
163 141 2
163 142 2
163 143 2
163 145 2
163 146 2
163 148 2
163 153 2
163 154 2
163 155 2
163 156 2
163 158 2
163 160 2
163 161 2
163 162 2
164 0 2
164 3 2
164 5 2
164 6 2
164 8 2
164 11 2
164 14 2
164 15 2
164 16 2
164 19 2
164 20 2
164 23 2
164 26 2
164 29 2
164 31 2
164 32 2
164 36 2
164 38 2
164 39 2
164 42 2
164 43 2
164 44 2
164 45 2
164 47 2
164 48 2
164 56 2
164 58 2
164 59 2
164 61 2
164 63 2
164 64 2
164 66 2
164 68 2
164 71 2
164 72 2
164 79 2
164 83 2
164 85 2
164 90 2
164 93 2
164 96 2
164 97 2
164 100 2
164 101 2
164 103 2
164 106 2
164 108 2
164 109 2
164 110 2
164 111 2
164 116 2
164 117 2
164 119 2
164 120 2
164 121 2
164 122 2
164 123 2
164 124 2
164 125 2
164 126 2
164 128 2
164 129 2
164 131 2
164 138 2
164 142 2
164 143 2
164 146 2
164 152 2
164 153 2
164 156 2
164 160 2
164 161 2
164 163 2
165 0 2
165 1 2
165 2 2
165 7 2
165 9 2
165 12 2
165 13 2
165 15 2
165 16 2
165 19 2
165 32 2
165 35 2
165 36 2
165 39 2
165 46 2
165 52 2
165 53 2
165 54 2
165 58 2
165 59 2
165 60 2
165 62 2
165 63 2
165 70 2
165 71 2
165 72 2
165 74 2
165 76 2
165 80 2
165 86 2
165 88 2
165 91 2
165 92 2
165 94 2
165 96 2
165 97 2
165 101 2
165 104 2
165 105 2
165 107 2
165 112 2
165 114 2
165 116 2
165 120 2
165 121 2
165 123 2
165 124 2
165 132 2
165 134 2
165 137 2
165 139 2
165 141 2
165 144 2
165 145 2
165 147 2
165 149 2
165 150 2
165 154 2
165 157 2
165 159 2
165 162 2
166 0 2
166 3 2
166 4 2
166 6 2
166 10 2
166 13 2
166 14 2
166 17 2
166 19 2
166 20 2
166 21 2
166 25 2
166 26 2
166 28 2
166 29 2
166 30 2
166 36 2
166 37 2
166 39 2
166 40 2
166 43 2
166 44 2
166 45 2
166 46 2
166 47 2
166 48 2
166 49 2
166 54 2
166 56 2
166 57 2
166 58 2
166 60 2
166 63 2
166 64 2
166 66 2
166 71 2
166 72 2
166 76 2
166 77 2
166 78 2
166 79 2
166 82 2
166 83 2
166 84 2
166 90 2
166 95 2
166 97 2
166 98 2
166 101 2
166 102 2
166 103 2
166 104 2
166 105 2
166 106 2
166 111 2
166 114 2
166 122 2
166 124 2
166 125 2
166 127 2
166 129 2
166 131 2
166 132 2
166 133 2
166 134 2
166 135 2
166 136 2
166 138 2
166 141 2
166 142 2
166 144 2
166 145 2
166 146 2
166 147 2
166 149 2
166 151 2
166 153 2
166 155 2
166 157 2
166 158 2
166 160 2
166 162 2
166 163 2
166 164 2
166 166 2
167 1 2
167 3 2
167 4 2
167 5 2
167 7 2
167 10 2
167 12 2
167 14 2
167 15 2
167 16 2
167 17 2
167 18 2
167 19 2
167 21 2
167 22 2
167 23 2
167 24 2
167 26 2
167 27 2
167 28 2
167 29 2
167 32 2
167 38 2
167 41 2
167 43 2
167 44 2
167 45 2
167 46 2
167 47 2
167 56 2
167 57 2
167 59 2
167 60 2
167 61 2
167 63 2
167 64 2
167 65 2
167 67 2
167 72 2
167 74 2
167 77 2
167 78 2
167 79 2
167 82 2
167 83 2
167 87 2
167 93 2
167 95 2
167 97 2
167 101 2
167 103 2
167 104 2
167 107 2
167 108 2
167 110 2
167 111 2
167 113 2
167 114 2
167 117 2
167 119 2
167 122 2
167 123 2
167 124 2
167 128 2
167 129 2
167 130 2
167 135 2
167 138 2
167 141 2
167 145 2
167 146 2
167 147 2
167 148 2
167 149 2
167 150 2
167 151 2
167 156 2
167 157 2
167 158 2
167 160 2
167 161 2
167 162 2
167 164 2
167 166 2
168 0 2
168 3 2
168 4 2
168 5 2
168 6 2
168 8 2
168 13 2
168 14 2
168 15 2
168 17 2
168 20 2
168 22 2
168 23 2
168 24 2
168 27 2
168 31 2
168 32 2
168 38 2
168 42 2
168 45 2
168 46 2
168 47 2
168 48 2
168 49 2
168 51 2
168 54 2
168 55 2
168 56 2
168 57 2
168 59 2
168 60 2
168 61 2
168 63 2
168 66 2
168 69 2
168 72 2
168 76 2
168 77 2
168 78 2
168 79 2
168 80 2
168 81 2
168 82 2
168 83 2
168 87 2
168 89 2
168 93 2
168 94 2
168 95 2
168 99 2
168 100 2
168 101 2
168 102 2
168 109 2
168 111 2
168 112 2
168 122 2
168 123 2
168 125 2
168 128 2
168 129 2
168 130 2
168 132 2
168 133 2
168 136 2
168 142 2
168 143 2
168 144 2
168 145 2
168 146 2
168 148 2
168 149 2
168 151 2
168 152 2
168 155 2
168 157 2
168 160 2
168 166 2
168 167 2
168 168 2
169 3 2
169 8 2
169 10 2
169 12 2
169 13 2
169 14 2
169 15 2
169 16 2
169 19 2
169 20 2
169 21 2
169 23 2
169 24 2
169 25 2
169 28 2
169 29 2
169 30 2
169 31 2
169 42 2
169 46 2
169 47 2
169 48 2
169 49 2
169 57 2
169 59 2
169 64 2
169 65 2
169 72 2
169 74 2
169 75 2
169 78 2
169 84 2
169 85 2
169 89 2
169 96 2
169 99 2
169 100 2
169 102 2
169 105 2
169 109 2
169 110 2
169 112 2
169 115 2
169 117 2
169 120 2
169 122 2
169 123 2
169 124 2
169 125 2
169 128 2
169 129 2
169 130 2
169 131 2
169 135 2
169 136 2
169 138 2
169 139 2
169 141 2
169 144 2
169 145 2
169 146 2
169 148 2
169 150 2
169 153 2
169 155 2
169 159 2
169 160 2
169 162 2
169 163 2
169 166 2
169 169 2
170 0 2
170 4 2
170 10 2
170 11 2
170 14 2
170 16 2
170 17 2
170 19 2
170 21 2
170 23 2
170 28 2
170 29 2
170 31 2
170 32 2
170 33 2
170 36 2
170 37 2
170 38 2
170 41 2
170 42 2
170 44 2
170 48 2
170 50 2
170 54 2
170 56 2
170 57 2
170 58 2
170 59 2
170 61 2
170 63 2
170 64 2
170 65 2
170 70 2
170 71 2
170 72 2
170 74 2
170 78 2
170 80 2
170 81 2
170 82 2
170 83 2
170 85 2
170 86 2
170 93 2
170 95 2
170 96 2
170 98 2
170 100 2
170 101 2
170 102 2
170 103 2
170 105 2
170 106 2
170 108 2
170 109 2
170 113 2
170 114 2
170 115 2
170 117 2
170 118 2
170 123 2
170 125 2
170 127 2
170 131 2
170 133 2
170 136 2
170 138 2
170 141 2
170 143 2
170 144 2
170 146 2
170 148 2
170 151 2
170 155 2
170 156 2
170 157 2
170 159 2
170 160 2
170 163 2
170 166 2
170 167 2
170 168 2
170 169 2
170 170 2
171 0 2
171 3 2
171 4 2
171 6 2
171 8 2
171 11 2
171 13 2
171 14 2
171 16 2
171 17 2
171 18 2
171 20 2
171 23 2
171 24 2
171 26 2
171 27 2
171 28 2
171 29 2
171 30 2
171 32 2
171 33 2
171 35 2
171 37 2
171 38 2
171 39 2
171 40 2
171 41 2
171 46 2
171 47 2
171 48 2
171 50 2
171 54 2
171 57 2
171 58 2
171 60 2
171 62 2
171 63 2
171 67 2
171 68 2
171 72 2
171 78 2
171 79 2
171 82 2
171 84 2
171 88 2
171 89 2
171 90 2
171 93 2
171 95 2
171 96 2
171 98 2
171 99 2
171 102 2
171 105 2
171 106 2
171 108 2
171 110 2
171 112 2
171 113 2
171 115 2
171 117 2
171 122 2
171 124 2
171 126 2
171 128 2
171 130 2
171 132 2
171 135 2
171 138 2
171 141 2
171 143 2
171 145 2
171 146 2
171 148 2
171 149 2
171 151 2
171 153 2
171 155 2
171 156 2
171 157 2
171 158 2
171 160 2
171 162 2
171 164 2
171 166 2
171 169 2
171 170 2
171 171 2
172 1 2
172 3 2
172 4 2
172 5 2
172 6 2
172 9 2
172 11 2
172 13 2
172 15 2
172 17 2
172 18 2
172 20 2
172 24 2
172 27 2
172 28 2
172 29 2
172 30 2
172 31 2
172 32 2
172 38 2
172 40 2
172 42 2
172 44 2
172 45 2
172 47 2
172 54 2
172 55 2
172 59 2
172 61 2
172 63 2
172 64 2
172 65 2
172 67 2
172 68 2
172 69 2
172 71 2
172 72 2
172 77 2
172 82 2
172 84 2
172 89 2
172 90 2
172 93 2
172 95 2
172 96 2
172 98 2
172 99 2
172 100 2
172 106 2
172 109 2
172 111 2
172 114 2
172 121 2
172 122 2
172 123 2
172 128 2
172 130 2
172 131 2
172 132 2
172 136 2
172 138 2
172 142 2
172 143 2
172 145 2
172 148 2
172 149 2
172 151 2
172 155 2
172 157 2
172 160 2
172 161 2
172 162 2
172 163 2
172 164 2
172 166 2
172 167 2
172 168 2
173 0 2
173 3 2
173 6 2
173 8 2
173 9 2
173 10 2
173 14 2
173 15 2
173 18 2
173 20 2
173 21 2
173 22 2
173 25 2
173 26 2
173 27 2
173 30 2
173 31 2
173 32 2
173 34 2
173 36 2
173 37 2
173 40 2
173 41 2
173 42 2
173 44 2
173 45 2
173 46 2
173 47 2
173 49 2
173 52 2
173 53 2
173 56 2
173 57 2
173 58 2
173 59 2
173 60 2
173 64 2
173 66 2
173 71 2
173 73 2
173 76 2
173 79 2
173 84 2
173 92 2
173 93 2
173 95 2
173 96 2
173 97 2
173 98 2
173 101 2
173 102 2
173 103 2
173 106 2
173 109 2
173 110 2
173 111 2
173 114 2
173 116 2
173 117 2
173 119 2
173 121 2
173 124 2
173 125 2
173 129 2
173 135 2
173 136 2
173 138 2
173 141 2
173 142 2
173 143 2
173 145 2
173 149 2
173 151 2
173 153 2
173 159 2
173 160 2
173 161 2
173 162 2
173 163 2
173 164 2
173 166 2
173 167 2
173 168 2
173 169 2
173 170 2
173 172 2
173 173 2
174 0 2
174 1 2
174 3 2
174 7 2
174 9 2
174 12 2
174 13 2
174 15 2
174 16 2
174 17 2
174 18 2
174 19 2
174 20 2
174 22 2
174 23 2
174 28 2
174 32 2
174 35 2
174 36 2
174 37 2
174 38 2
174 39 2
174 42 2
174 45 2
174 46 2
174 49 2
174 52 2
174 53 2
174 54 2
174 55 2
174 58 2
174 59 2
174 62 2
174 68 2
174 71 2
174 76 2
174 82 2
174 83 2
174 90 2
174 95 2
174 96 2
174 98 2
174 99 2
174 100 2
174 101 2
174 102 2
174 103 2
174 105 2
174 106 2
174 109 2
174 110 2
174 113 2
174 114 2
174 115 2
174 119 2
174 122 2
174 124 2
174 125 2
174 130 2
174 132 2
174 133 2
174 136 2
174 138 2
174 142 2
174 143 2
174 144 2
174 146 2
174 148 2
174 149 2
174 150 2
174 151 2
174 152 2
174 155 2
174 160 2
174 161 2
174 162 2
174 163 2
174 167 2
174 171 2
174 172 2
174 173 2
174 174 2
175 0 2
175 1 2
175 3 2
175 4 2
175 5 2
175 6 2
175 7 2
175 8 2
175 13 2
175 14 2
175 15 2
175 18 2
175 20 2
175 21 2
175 24 2
175 30 2
175 32 2
175 35 2
175 36 2
175 38 2
175 40 2
175 41 2
175 43 2
175 46 2
175 48 2
175 51 2
175 57 2
175 59 2
175 63 2
175 65 2
175 66 2
175 72 2
175 74 2
175 75 2
175 78 2
175 79 2
175 82 2
175 83 2
175 85 2
175 86 2
175 87 2
175 89 2
175 92 2
175 94 2
175 95 2
175 97 2
175 100 2
175 102 2
175 103 2
175 104 2
175 107 2
175 108 2
175 109 2
175 112 2
175 114 2
175 116 2
175 117 2
175 119 2
175 120 2
175 122 2
175 124 2
175 125 2
175 126 2
175 128 2
175 130 2
175 131 2
175 135 2
175 136 2
175 138 2
175 141 2
175 143 2
175 146 2
175 147 2
175 148 2
175 149 2
175 158 2
175 162 2
175 163 2
175 167 2
175 169 2
175 171 2
175 175 2
176 0 2
176 4 2
176 5 2
176 9 2
176 10 2
176 13 2
176 18 2
176 20 2
176 21 2
176 23 2
176 26 2
176 27 2
176 28 2
176 30 2
176 31 2
176 32 2
176 34 2
176 36 2
176 39 2
176 40 2
176 41 2
176 42 2
176 44 2
176 47 2
176 48 2
176 53 2
176 54 2
176 55 2
176 57 2
176 61 2
176 63 2
176 64 2
176 66 2
176 68 2
176 71 2
176 73 2
176 76 2
176 77 2
176 78 2
176 79 2
176 82 2
176 84 2
176 85 2
176 86 2
176 87 2
176 89 2
176 90 2
176 93 2
176 95 2
176 96 2
176 97 2
176 100 2
176 101 2
176 102 2
176 105 2
176 106 2
176 108 2
176 114 2
176 117 2
176 119 2
176 122 2
176 123 2
176 124 2
176 125 2
176 127 2
176 128 2
176 129 2
176 131 2
176 133 2
176 136 2
176 138 2
176 139 2
176 141 2
176 145 2
176 146 2
176 148 2
176 149 2
176 150 2
176 151 2
176 155 2
176 160 2
176 161 2
176 162 2
176 163 2
176 167 2
176 169 2
176 170 2
176 171 2
176 172 2
176 174 2
176 175 2
176 176 2
177 0 2
177 3 2
177 6 2
177 8 2
177 11 2
177 13 2
177 14 2
177 16 2
177 17 2
177 18 2
177 20 2
177 24 2
177 26 2
177 27 2
177 28 2
177 30 2
177 31 2
177 32 2
177 40 2
177 45 2
177 46 2
177 47 2
177 48 2
177 53 2
177 54 2
177 56 2
177 59 2
177 60 2
177 61 2
177 63 2
177 64 2
177 65 2
177 68 2
177 72 2
177 75 2
177 78 2
177 79 2
177 81 2
177 83 2
177 84 2
177 87 2
177 89 2
177 90 2
177 96 2
177 97 2
177 99 2
177 101 2
177 102 2
177 103 2
177 108 2
177 110 2
177 114 2
177 116 2
177 117 2
177 119 2
177 121 2
177 124 2
177 126 2
177 128 2
177 129 2
177 133 2
177 134 2
177 135 2
177 136 2
177 138 2
177 140 2
177 142 2
177 144 2
177 145 2
177 146 2
177 148 2
177 149 2
177 151 2
177 152 2
177 153 2
177 155 2
177 156 2
177 160 2
177 162 2
177 163 2
177 164 2
177 166 2
177 168 2
177 169 2
177 170 2
177 171 2
177 173 2
177 177 2
178 2 2
178 3 2
178 5 2
178 7 2
178 9 2
178 25 2
178 28 2
178 30 2
178 34 2
178 35 2
178 38 2
178 39 2
178 41 2
178 47 2
178 48 2
178 50 2
178 52 2
178 61 2
178 62 2
178 67 2
178 69 2
178 70 2
178 74 2
178 75 2
178 76 2
178 80 2
178 81 2
178 86 2
178 88 2
178 92 2
178 94 2
178 99 2
178 100 2
178 104 2
178 107 2
178 110 2
178 112 2
178 113 2
178 118 2
178 120 2
178 126 2
178 127 2
178 132 2
178 134 2
178 135 2
178 139 2
178 150 2
178 151 2
178 154 2
178 156 2
178 159 2
178 165 2
178 166 2
178 172 2
178 178 2
179 4 2
179 5 2
179 6 2
179 8 2
179 16 2
179 17 2
179 18 2
179 20 2
179 21 2
179 22 2
179 23 2
179 24 2
179 26 2
179 27 2
179 28 2
179 30 2
179 31 2
179 33 2
179 37 2
179 38 2
179 40 2
179 41 2
179 42 2
179 43 2
179 44 2
179 46 2
179 49 2
179 53 2
179 56 2
179 57 2
179 58 2
179 59 2
179 60 2
179 68 2
179 72 2
179 75 2
179 77 2
179 78 2
179 79 2
179 81 2
179 84 2
179 85 2
179 87 2
179 91 2
179 93 2
179 95 2
179 96 2
179 101 2
179 102 2
179 103 2
179 105 2
179 106 2
179 108 2
179 109 2
179 110 2
179 111 2
179 114 2
179 117 2
179 123 2
179 125 2
179 128 2
179 129 2
179 130 2
179 132 2
179 133 2
179 135 2
179 136 2
179 138 2
179 140 2
179 141 2
179 142 2
179 144 2
179 145 2
179 146 2
179 147 2
179 149 2
179 151 2
179 152 2
179 155 2
179 156 2
179 158 2
179 161 2
179 162 2
179 163 2
179 164 2
179 165 2
179 166 2
179 167 2
179 168 2
179 170 2
179 171 2
179 172 2
179 173 2
179 174 2
179 177 2
179 179 2
180 0 2
180 1 2
180 3 2
180 4 2
180 5 2
180 6 2
180 8 2
180 10 2
180 13 2
180 14 2
180 15 2
180 17 2
180 19 2
180 20 2
180 21 2
180 23 2
180 24 2
180 26 2
180 27 2
180 28 2
180 30 2
180 31 2
180 35 2
180 36 2
180 38 2
180 39 2
180 40 2
180 41 2
180 45 2
180 46 2
180 49 2
180 55 2
180 56 2
180 57 2
180 58 2
180 60 2
180 61 2
180 64 2
180 65 2
180 66 2
180 73 2
180 77 2
180 78 2
180 79 2
180 80 2
180 83 2
180 84 2
180 85 2
180 87 2
180 88 2
180 89 2
180 95 2
180 96 2
180 98 2
180 100 2
180 101 2
180 103 2
180 104 2
180 106 2
180 112 2
180 113 2
180 114 2
180 117 2
180 119 2
180 121 2
180 122 2
180 124 2
180 128 2
180 129 2
180 131 2
180 132 2
180 135 2
180 136 2
180 138 2
180 142 2
180 144 2
180 147 2
180 148 2
180 151 2
180 152 2
180 157 2
180 158 2
180 161 2
180 163 2
180 164 2
180 165 2
180 167 2
180 170 2
180 171 2
180 172 2
180 173 2
180 176 2
180 178 2
180 179 2
181 0 2
181 4 2
181 6 2
181 8 2
181 10 2
181 12 2
181 13 2
181 14 2
181 15 2
181 16 2
181 17 2
181 20 2
181 21 2
181 23 2
181 24 2
181 27 2
181 28 2
181 29 2
181 30 2
181 31 2
181 36 2
181 37 2
181 38 2
181 42 2
181 49 2
181 50 2
181 53 2
181 56 2
181 57 2
181 58 2
181 59 2
181 61 2
181 64 2
181 68 2
181 71 2
181 72 2
181 74 2
181 79 2
181 82 2
181 84 2
181 85 2
181 90 2
181 95 2
181 97 2
181 98 2
181 99 2
181 101 2
181 104 2
181 105 2
181 106 2
181 110 2
181 111 2
181 112 2
181 117 2
181 123 2
181 124 2
181 128 2
181 129 2
181 130 2
181 131 2
181 132 2
181 133 2
181 135 2
181 136 2
181 138 2
181 140 2
181 141 2
181 142 2
181 143 2
181 144 2
181 145 2
181 147 2
181 152 2
181 158 2
181 159 2
181 161 2
181 162 2
181 166 2
181 167 2
181 168 2
181 169 2
181 170 2
181 171 2
181 172 2
181 173 2
181 174 2
181 177 2
181 180 2
181 181 2
182 1 2
182 2 2
182 6 2
182 8 2
182 12 2
182 15 2
182 17 2
182 18 2
182 19 2
182 22 2
182 25 2
182 31 2
182 34 2
182 35 2
182 39 2
182 40 2
182 43 2
182 44 2
182 50 2
182 51 2
182 52 2
182 53 2
182 54 2
182 64 2
182 67 2
182 69 2
182 70 2
182 73 2
182 75 2
182 76 2
182 80 2
182 84 2
182 86 2
182 93 2
182 94 2
182 98 2
182 100 2
182 107 2
182 109 2
182 110 2
182 112 2
182 114 2
182 115 2
182 118 2
182 119 2
182 121 2
182 127 2
182 129 2
182 134 2
182 139 2
182 149 2
182 150 2
182 154 2
182 155 2
182 156 2
182 157 2
182 159 2
182 164 2
182 168 2
182 169 2
182 171 2
182 174 2
182 178 2
183 1 2
183 7 2
183 9 2
183 12 2
183 17 2
183 33 2
183 34 2
183 35 2
183 37 2
183 43 2
183 44 2
183 50 2
183 51 2
183 55 2
183 58 2
183 64 2
183 67 2
183 71 2
183 73 2
183 74 2
183 75 2
183 76 2
183 77 2
183 79 2
183 81 2
183 87 2
183 88 2
183 94 2
183 102 2
183 110 2
183 112 2
183 113 2
183 114 2
183 115 2
183 121 2
183 128 2
183 129 2
183 134 2
183 139 2
183 140 2
183 141 2
183 144 2
183 150 2
183 152 2
183 154 2
183 156 2
183 161 2
183 163 2
183 169 2
183 171 2
183 172 2
183 177 2
183 179 2
184 4 2
184 5 2
184 8 2
184 10 2
184 12 2
184 13 2
184 14 2
184 16 2
184 17 2
184 19 2
184 21 2
184 24 2
184 26 2
184 27 2
184 31 2
184 36 2
184 39 2
184 44 2
184 45 2
184 47 2
184 48 2
184 54 2
184 56 2
184 59 2
184 61 2
184 63 2
184 66 2
184 71 2
184 72 2
184 75 2
184 78 2
184 79 2
184 80 2
184 81 2
184 85 2
184 89 2
184 90 2
184 96 2
184 98 2
184 100 2
184 101 2
184 102 2
184 103 2
184 105 2
184 106 2
184 108 2
184 109 2
184 114 2
184 116 2
184 118 2
184 119 2
184 123 2
184 124 2
184 125 2
184 128 2
184 129 2
184 131 2
184 132 2
184 133 2
184 135 2
184 136 2
184 141 2
184 142 2
184 143 2
184 144 2
184 146 2
184 147 2
184 148 2
184 149 2
184 151 2
184 152 2
184 153 2
184 156 2
184 157 2
184 160 2
184 161 2
184 163 2
184 165 2
184 166 2
184 167 2
184 168 2
184 169 2
184 171 2
184 174 2
184 176 2
184 179 2
184 184 2
185 2 2
185 3 2
185 4 2
185 5 2
185 6 2
185 8 2
185 10 2
185 13 2
185 16 2
185 18 2
185 19 2
185 20 2
185 21 2
185 22 2
185 23 2
185 24 2
185 28 2
185 31 2
185 32 2
185 36 2
185 37 2
185 40 2
185 43 2
185 44 2
185 46 2
185 47 2
185 49 2
185 56 2
185 60 2
185 63 2
185 64 2
185 65 2
185 68 2
185 69 2
185 71 2
185 76 2
185 78 2
185 79 2
185 82 2
185 83 2
185 84 2
185 87 2
185 90 2
185 93 2
185 97 2
185 98 2
185 100 2
185 102 2
185 103 2
185 105 2
185 106 2
185 109 2
185 110 2
185 111 2
185 113 2
185 115 2
185 116 2
185 117 2
185 119 2
185 121 2
185 122 2
185 125 2
185 128 2
185 129 2
185 131 2
185 133 2
185 138 2
185 139 2
185 142 2
185 143 2
185 144 2
185 146 2
185 147 2
185 148 2
185 149 2
185 151 2
185 152 2
185 156 2
185 158 2
185 161 2
185 164 2
185 165 2
185 166 2
185 167 2
185 169 2
185 171 2
185 174 2
185 176 2
185 177 2
185 179 2
186 2 2
186 3 2
186 9 2
186 11 2
186 12 2
186 15 2
186 16 2
186 18 2
186 21 2
186 25 2
186 28 2
186 32 2
186 35 2
186 43 2
186 48 2
186 50 2
186 55 2
186 62 2
186 69 2
186 70 2
186 73 2
186 74 2
186 80 2
186 81 2
186 86 2
186 87 2
186 88 2
186 89 2
186 90 2
186 91 2
186 92 2
186 94 2
186 102 2
186 104 2
186 112 2
186 115 2
186 116 2
186 117 2
186 118 2
186 121 2
186 126 2
186 127 2
186 134 2
186 139 2
186 143 2
186 147 2
186 150 2
186 152 2
186 154 2
186 158 2
186 159 2
186 161 2
186 164 2
186 165 2
186 166 2
186 178 2
186 181 2
186 182 2
186 183 2
186 185 2
187 14 2
187 15 2
187 19 2
187 21 2
187 22 2
187 24 2
187 29 2
187 32 2
187 33 2
187 37 2
187 42 2
187 46 2
187 47 2
187 48 2
187 49 2
187 56 2
187 57 2
187 58 2
187 59 2
187 60 2
187 61 2
187 63 2
187 64 2
187 65 2
187 66 2
187 71 2
187 72 2
187 73 2
187 78 2
187 82 2
187 85 2
187 89 2
187 91 2
187 93 2
187 96 2
187 97 2
187 98 2
187 100 2
187 101 2
187 102 2
187 103 2
187 104 2
187 105 2
187 106 2
187 110 2
187 111 2
187 118 2
187 120 2
187 122 2
187 123 2
187 127 2
187 129 2
187 130 2
187 133 2
187 135 2
187 138 2
187 141 2
187 142 2
187 144 2
187 145 2
187 146 2
187 147 2
187 149 2
187 153 2
187 155 2
187 157 2
187 161 2
187 162 2
187 163 2
187 164 2
187 168 2
187 171 2
187 173 2
187 174 2
187 175 2
187 176 2
187 177 2
187 178 2
187 180 2
187 184 2
187 185 2
188 0 2
188 1 2
188 3 2
188 5 2
188 6 2
188 11 2
188 13 2
188 16 2
188 17 2
188 19 2
188 20 2
188 21 2
188 22 2
188 24 2
188 25 2
188 26 2
188 28 2
188 30 2
188 34 2
188 36 2
188 37 2
188 38 2
188 39 2
188 40 2
188 41 2
188 46 2
188 49 2
188 56 2
188 57 2
188 59 2
188 60 2
188 61 2
188 63 2
188 65 2
188 66 2
188 67 2
188 68 2
188 69 2
188 71 2
188 77 2
188 78 2
188 79 2
188 81 2
188 84 2
188 85 2
188 87 2
188 88 2
188 89 2
188 90 2
188 92 2
188 93 2
188 101 2
188 102 2
188 103 2
188 106 2
188 108 2
188 109 2
188 111 2
188 112 2
188 113 2
188 114 2
188 117 2
188 118 2
188 122 2
188 123 2
188 124 2
188 128 2
188 129 2
188 130 2
188 132 2
188 133 2
188 135 2
188 138 2
188 141 2
188 142 2
188 144 2
188 150 2
188 151 2
188 152 2
188 154 2
188 155 2
188 156 2
188 158 2
188 159 2
188 160 2
188 162 2
188 163 2
188 164 2
188 167 2
188 169 2
188 170 2
188 175 2
188 177 2
188 179 2
188 181 2
188 184 2
188 187 2
188 188 2
189 5 2
189 6 2
189 8 2
189 10 2
189 11 2
189 15 2
189 16 2
189 18 2
189 19 2
189 20 2
189 21 2
189 23 2
189 26 2
189 27 2
189 28 2
189 29 2
189 31 2
189 34 2
189 39 2
189 41 2
189 44 2
189 46 2
189 47 2
189 56 2
189 58 2
189 61 2
189 63 2
189 64 2
189 65 2
189 66 2
189 67 2
189 68 2
189 69 2
189 71 2
189 75 2
189 79 2
189 81 2
189 82 2
189 83 2
189 84 2
189 87 2
189 89 2
189 91 2
189 94 2
189 95 2
189 101 2
189 103 2
189 105 2
189 106 2
189 107 2
189 109 2
189 113 2
189 114 2
189 119 2
189 122 2
189 123 2
189 124 2
189 125 2
189 126 2
189 128 2
189 129 2
189 130 2
189 131 2
189 132 2
189 134 2
189 135 2
189 136 2
189 137 2
189 141 2
189 142 2
189 145 2
189 146 2
189 152 2
189 155 2
189 156 2
189 160 2
189 162 2
189 164 2
189 166 2
189 170 2
189 171 2
189 172 2
189 174 2
189 176 2
189 178 2
189 179 2
189 180 2
189 181 2
189 184 2
189 185 2
189 187 2
190 3 2
190 4 2
190 5 2
190 6 2
190 8 2
190 9 2
190 11 2
190 12 2
190 13 2
190 14 2
190 15 2
190 16 2
190 17 2
190 18 2
190 23 2
190 24 2
190 26 2
190 27 2
190 28 2
190 29 2
190 34 2
190 36 2
190 39 2
190 40 2
190 41 2
190 44 2
190 45 2
190 46 2
190 47 2
190 52 2
190 53 2
190 54 2
190 56 2
190 57 2
190 60 2
190 61 2
190 62 2
190 66 2
190 71 2
190 73 2
190 74 2
190 79 2
190 81 2
190 82 2
190 83 2
190 86 2
190 87 2
190 89 2
190 90 2
190 93 2
190 94 2
190 95 2
190 96 2
190 97 2
190 100 2
190 101 2
190 103 2
190 106 2
190 108 2
190 113 2
190 114 2
190 116 2
190 119 2
190 123 2
190 124 2
190 125 2
190 129 2
190 130 2
190 131 2
190 132 2
190 133 2
190 134 2
190 136 2
190 137 2
190 138 2
190 139 2
190 140 2
190 141 2
190 142 2
190 143 2
190 144 2
190 145 2
190 147 2
190 152 2
190 158 2
190 161 2
190 163 2
190 164 2
190 169 2
190 170 2
190 172 2
190 173 2
190 174 2
190 175 2
190 176 2
190 177 2
190 179 2
190 180 2
190 187 2
190 188 2
190 189 2
190 190 2
191 1 2
191 13 2
191 22 2
191 24 2
191 26 2
191 28 2
191 30 2
191 34 2
191 35 2
191 39 2
191 42 2
191 43 2
191 45 2
191 53 2
191 55 2
191 62 2
191 66 2
191 67 2
191 74 2
191 75 2
191 76 2
191 79 2
191 80 2
191 81 2
191 82 2
191 86 2
191 88 2
191 93 2
191 95 2
191 106 2
191 107 2
191 111 2
191 115 2
191 120 2
191 121 2
191 127 2
191 131 2
191 133 2
191 134 2
191 135 2
191 137 2
191 139 2
191 140 2
191 142 2
191 150 2
191 152 2
191 154 2
191 160 2
191 162 2
191 165 2
191 166 2
191 168 2
191 180 2
191 182 2
191 183 2
191 185 2
191 186 2
191 188 2
192 1 2
192 11 2
192 13 2
192 15 2
192 16 2
192 17 2
192 22 2
192 25 2
192 29 2
192 32 2
192 36 2
192 51 2
192 52 2
192 58 2
192 59 2
192 60 2
192 67 2
192 68 2
192 69 2
192 70 2
192 73 2
192 76 2
192 86 2
192 88 2
192 92 2
192 94 2
192 110 2
192 111 2
192 112 2
192 113 2
192 116 2
192 120 2
192 121 2
192 123 2
192 130 2
192 133 2
192 134 2
192 154 2
192 159 2
192 162 2
192 165 2
192 173 2
192 179 2
192 185 2
192 186 2
192 191 2
193 3 2
193 4 2
193 6 2
193 8 2
193 10 2
193 14 2
193 16 2
193 17 2
193 20 2
193 22 2
193 23 2
193 24 2
193 26 2
193 31 2
193 33 2
193 37 2
193 39 2
193 42 2
193 44 2
193 45 2
193 46 2
193 47 2
193 48 2
193 50 2
193 51 2
193 54 2
193 56 2
193 57 2
193 59 2
193 61 2
193 63 2
193 65 2
193 66 2
193 68 2
193 72 2
193 74 2
193 76 2
193 78 2
193 79 2
193 80 2
193 81 2
193 82 2
193 84 2
193 89 2
193 90 2
193 94 2
193 95 2
193 96 2
193 99 2
193 101 2
193 102 2
193 106 2
193 108 2
193 110 2
193 113 2
193 114 2
193 117 2
193 119 2
193 121 2
193 123 2
193 125 2
193 133 2
193 135 2
193 136 2
193 139 2
193 143 2
193 144 2
193 146 2
193 148 2
193 149 2
193 152 2
193 153 2
193 155 2
193 156 2
193 158 2
193 160 2
193 161 2
193 163 2
193 166 2
193 168 2
193 169 2
193 170 2
193 172 2
193 173 2
193 174 2
193 175 2
193 177 2
193 178 2
193 179 2
193 180 2
193 181 2
193 184 2
193 185 2
193 192 2
193 193 2
194 0 2
194 3 2
194 4 2
194 8 2
194 10 2
194 15 2
194 17 2
194 19 2
194 20 2
194 21 2
194 22 2
194 24 2
194 26 2
194 28 2
194 29 2
194 30 2
194 31 2
194 32 2
194 36 2
194 37 2
194 38 2
194 41 2
194 42 2
194 44 2
194 47 2
194 48 2
194 54 2
194 58 2
194 60 2
194 61 2
194 65 2
194 67 2
194 68 2
194 71 2
194 72 2
194 75 2
194 77 2
194 81 2
194 83 2
194 85 2
194 90 2
194 95 2
194 97 2
194 99 2
194 101 2
194 103 2
194 104 2
194 105 2
194 106 2
194 108 2
194 109 2
194 111 2
194 115 2
194 117 2
194 119 2
194 122 2
194 123 2
194 129 2
194 135 2
194 138 2
194 143 2
194 146 2
194 147 2
194 149 2
194 152 2
194 156 2
194 158 2
194 161 2
194 163 2
194 164 2
194 170 2
194 171 2
194 172 2
194 174 2
194 175 2
194 177 2
194 179 2
194 180 2
194 181 2
194 185 2
194 189 2
195 0 2
195 2 2
195 8 2
195 10 2
195 12 2
195 13 2
195 14 2
195 15 2
195 18 2
195 19 2
195 22 2
195 23 2
195 24 2
195 28 2
195 30 2
195 32 2
195 34 2
195 36 2
195 37 2
195 38 2
195 40 2
195 41 2
195 42 2
195 44 2
195 45 2
195 46 2
195 47 2
195 48 2
195 49 2
195 54 2
195 56 2
195 57 2
195 58 2
195 60 2
195 61 2
195 65 2
195 66 2
195 68 2
195 69 2
195 71 2
195 77 2
195 78 2
195 82 2
195 84 2
195 85 2
195 86 2
195 90 2
195 91 2
195 93 2
195 95 2
195 96 2
195 97 2
195 98 2
195 100 2
195 102 2
195 103 2
195 105 2
195 110 2
195 114 2
195 117 2
195 119 2
195 120 2
195 122 2
195 123 2
195 129 2
195 132 2
195 133 2
195 134 2
195 135 2
195 136 2
195 139 2
195 141 2
195 142 2
195 143 2
195 146 2
195 147 2
195 148 2
195 149 2
195 151 2
195 155 2
195 160 2
195 161 2
195 162 2
195 163 2
195 166 2
195 168 2
195 169 2
195 171 2
195 172 2
195 173 2
195 175 2
195 176 2
195 177 2
195 178 2
195 180 2
195 181 2
195 183 2
195 189 2
195 190 2
195 195 2
196 1 2
196 3 2
196 7 2
196 8 2
196 9 2
196 16 2
196 17 2
196 19 2
196 20 2
196 22 2
196 23 2
196 24 2
196 25 2
196 31 2
196 34 2
196 35 2
196 44 2
196 49 2
196 50 2
196 52 2
196 53 2
196 55 2
196 58 2
196 70 2
196 71 2
196 73 2
196 74 2
196 76 2
196 80 2
196 84 2
196 85 2
196 86 2
196 89 2
196 90 2
196 93 2
196 94 2
196 104 2
196 106 2
196 107 2
196 111 2
196 113 2
196 115 2
196 116 2
196 117 2
196 118 2
196 120 2
196 126 2
196 127 2
196 133 2
196 134 2
196 137 2
196 139 2
196 140 2
196 146 2
196 147 2
196 150 2
196 152 2
196 153 2
196 157 2
196 159 2
196 165 2
196 170 2
196 171 2
196 178 2
196 182 2
196 186 2
196 190 2
196 192 2
197 0 2
197 1 2
197 5 2
197 7 2
197 9 2
197 11 2
197 12 2
197 16 2
197 17 2
197 22 2
197 24 2
197 27 2
197 29 2
197 34 2
197 38 2
197 43 2
197 50 2
197 53 2
197 54 2
197 55 2
197 57 2
197 64 2
197 66 2
197 73 2
197 75 2
197 77 2
197 80 2
197 81 2
197 82 2
197 84 2
197 88 2
197 89 2
197 91 2
197 92 2
197 94 2
197 107 2
197 113 2
197 115 2
197 117 2
197 118 2
197 121 2
197 126 2
197 131 2
197 132 2
197 139 2
197 140 2
197 150 2
197 151 2
197 154 2
197 155 2
197 163 2
197 164 2
197 165 2
197 167 2
197 173 2
197 174 2
197 175 2
197 176 2
197 182 2
197 183 2
197 186 2
197 191 2
197 194 2
197 196 2
197 197 2
198 2 2
198 5 2
198 7 2
198 11 2
198 12 2
198 15 2
198 26 2
198 28 2
198 31 2
198 33 2
198 37 2
198 39 2
198 43 2
198 48 2
198 49 2
198 50 2
198 51 2
198 55 2
198 65 2
198 66 2
198 69 2
198 73 2
198 74 2
198 75 2
198 76 2
198 82 2
198 83 2
198 85 2
198 87 2
198 88 2
198 91 2
198 92 2
198 99 2
198 104 2
198 108 2
198 113 2
198 115 2
198 116 2
198 118 2
198 120 2
198 121 2
198 124 2
198 126 2
198 128 2
198 131 2
198 134 2
198 136 2
198 137 2
198 139 2
198 140 2
198 153 2
198 157 2
198 159 2
198 175 2
198 177 2
198 178 2
198 181 2
198 182 2
198 183 2
198 196 2
198 197 2
198 198 2
199 1 2
199 9 2
199 11 2
199 12 2
199 13 2
199 14 2
199 15 2
199 18 2
199 19 2
199 21 2
199 24 2
199 25 2
199 33 2
199 35 2
199 36 2
199 51 2
199 53 2
199 67 2
199 69 2
199 73 2
199 74 2
199 75 2
199 76 2
199 78 2
199 86 2
199 88 2
199 96 2
199 104 2
199 113 2
199 115 2
199 116 2
199 120 2
199 121 2
199 124 2
199 126 2
199 127 2
199 134 2
199 138 2
199 139 2
199 140 2
199 142 2
199 143 2
199 145 2
199 147 2
199 148 2
199 155 2
199 157 2
199 159 2
199 161 2
199 163 2
199 167 2
199 171 2
199 178 2
199 182 2
199 183 2
199 185 2
199 188 2
199 192 2
199 197 2
199 198 2
199 199 2
0 0 3
1 1 3
2 1 3
3 0 3
3 1 3
3 2 3
4 0 3
4 3 3
4 4 3
5 2 3
5 3 3
5 4 3
5 5 3
6 4 3
6 6 3
7 0 3
7 1 3
7 2 3
7 6 3
8 0 3
8 4 3
8 8 3
9 0 3
9 1 3
9 7 3
9 8 3
9 9 3
10 2 3
10 4 3
11 1 3
11 2 3
11 3 3
11 5 3
11 6 3
11 8 3
11 10 3
11 11 3
12 0 3
12 3 3
12 6 3
12 7 3
12 8 3
12 9 3
12 10 3
12 11 3
12 12 3
13 4 3
13 5 3
13 7 3
13 13 3
14 0 3
14 4 3
14 5 3
14 6 3
14 13 3
14 14 3
15 2 3
15 5 3
15 6 3
15 10 3
15 13 3
15 14 3
15 15 3
16 1 3
16 2 3
16 3 3
16 7 3
16 8 3
16 9 3
16 11 3
16 12 3
17 0 3
17 2 3
17 9 3
17 11 3
17 12 3
18 0 3
18 2 3
18 4 3
18 7 3
18 9 3
18 10 3
18 12 3
18 14 3
18 16 3
18 18 3
19 6 3
19 7 3
19 10 3
19 12 3
20 0 3
20 3 3
20 6 3
20 7 3
20 8 3
20 12 3
20 13 3
20 17 3
20 18 3
20 19 3
20 20 3
21 2 3
21 4 3
21 6 3
21 10 3
21 15 3
21 16 3
21 19 3
22 0 3
22 2 3
22 5 3
22 6 3
22 10 3
22 12 3
22 13 3
22 14 3
22 15 3
22 16 3
23 0 3
23 1 3
23 3 3
23 4 3
23 8 3
23 9 3
23 11 3
23 12 3
23 16 3
23 17 3
23 18 3
23 19 3
23 20 3
23 23 3
24 1 3
24 2 3
24 4 3
24 5 3
24 7 3
24 8 3
24 11 3
24 14 3
24 16 3
24 17 3
24 18 3
24 23 3
24 24 3
25 3 3
25 6 3
25 12 3
25 13 3
25 19 3
25 20 3
25 22 3
25 23 3
25 25 3
26 0 3
26 1 3
26 4 3
26 5 3
26 13 3
26 15 3
26 18 3
26 19 3
26 22 3
27 0 3
27 2 3
27 3 3
27 6 3
27 7 3
27 8 3
27 9 3
27 11 3
27 12 3
27 19 3
27 23 3
27 24 3
27 25 3
27 26 3
28 0 3
28 7 3
28 8 3
28 9 3
28 11 3
28 17 3
28 18 3
28 19 3
28 20 3
28 24 3
28 25 3
28 27 3
28 28 3
29 3 3
29 4 3
29 5 3
29 10 3
29 15 3
29 17 3
29 19 3
29 21 3
29 24 3
29 26 3
29 29 3
30 0 3
30 2 3
30 3 3
30 4 3
30 10 3
30 12 3
30 16 3
30 17 3
30 20 3
30 22 3
30 24 3
30 28 3
30 30 3
31 6 3
31 7 3
31 12 3
31 13 3
31 14 3
31 15 3
31 19 3
31 21 3
31 28 3
31 29 3
31 31 3
32 6 3
32 7 3
32 10 3
32 14 3
32 17 3
32 19 3
32 21 3
32 22 3
32 26 3
32 29 3
32 30 3
32 32 3
33 0 3
33 2 3
33 3 3
33 7 3
33 8 3
33 9 3
33 11 3
33 16 3
33 22 3
33 23 3
33 28 3
33 33 3
34 0 3
34 2 3
34 3 3
34 5 3
34 8 3
34 9 3
34 11 3
34 12 3
34 16 3
34 17 3
34 18 3
34 21 3
34 24 3
34 25 3
34 26 3
34 27 3
34 28 3
34 29 3
34 30 3
34 33 3
35 1 3
35 2 3
35 3 3
35 4 3
35 8 3
35 12 3
35 14 3
35 15 3
35 16 3
35 17 3
35 18 3
35 22 3
35 23 3
35 25 3
35 27 3
35 28 3
35 32 3
35 33 3
35 34 3
35 35 3
36 1 3
36 2 3
36 3 3
36 5 3
36 7 3
36 9 3
36 11 3
36 12 3
36 17 3
36 18 3
36 20 3
36 24 3
36 25 3
36 31 3
36 33 3
36 34 3
36 35 3
36 36 3
37 4 3
37 5 3
37 8 3
37 10 3
37 12 3
37 13 3
37 14 3
37 15 3
37 19 3
37 22 3
37 28 3
37 31 3
37 32 3
38 0 3
38 1 3
38 8 3
38 11 3
38 12 3
38 17 3
38 19 3
38 20 3
38 21 3
38 22 3
38 23 3
38 24 3
38 25 3
38 29 3
38 30 3
38 33 3
38 35 3
38 38 3
39 0 3
39 1 3
39 3 3
39 7 3
39 9 3
39 12 3
39 16 3
39 18 3
39 24 3
39 25 3
39 26 3
39 28 3
39 33 3
39 34 3
39 35 3
39 36 3
40 3 3
40 4 3
40 5 3
40 9 3
40 10 3
40 13 3
40 14 3
40 20 3
40 21 3
40 22 3
40 26 3
40 27 3
40 29 3
40 30 3
40 31 3
40 32 3
40 33 3
40 35 3
40 38 3
40 39 3
41 2 3
41 4 3
41 7 3
41 8 3
41 11 3
41 12 3
41 14 3
41 15 3
41 16 3
41 17 3
41 18 3
41 20 3
41 22 3
41 23 3
41 33 3
41 34 3
41 36 3
41 39 3
41 41 3
42 1 3
42 2 3
42 4 3
42 8 3
42 10 3
42 13 3
42 14 3
42 15 3
42 16 3
42 21 3
42 26 3
42 29 3
42 31 3
42 33 3
42 37 3
42 42 3
43 0 3
43 3 3
43 7 3
43 9 3
43 11 3
43 13 3
43 15 3
43 16 3
43 17 3
43 18 3
43 20 3
43 22 3
43 27 3
43 30 3
43 33 3
43 35 3
43 39 3
43 41 3
44 2 3
44 4 3
44 5 3
44 6 3
44 10 3
44 13 3
44 14 3
44 18 3
44 20 3
44 21 3
44 29 3
44 32 3
44 37 3
44 40 3
44 42 3
44 44 3
45 0 3
45 3 3
45 8 3
45 9 3
45 11 3
45 12 3
45 15 3
45 16 3
45 17 3
45 18 3
45 20 3
45 25 3
45 26 3
45 27 3
45 28 3
45 33 3
45 34 3
45 36 3
45 38 3
45 39 3
45 40 3
45 42 3
45 43 3
45 45 3
46 0 3
46 2 3
46 4 3
46 5 3
46 7 3
46 8 3
46 9 3
46 12 3
46 16 3
46 17 3
46 20 3
46 25 3
46 26 3
46 27 3
46 28 3
46 29 3
46 33 3
46 34 3
46 35 3
46 36 3
46 38 3
46 46 3
47 0 3
47 1 3
47 2 3
47 8 3
47 9 3
47 11 3
47 15 3
47 16 3
47 18 3
47 20 3
47 25 3
47 26 3
47 33 3
47 34 3
47 35 3
47 38 3
47 39 3
47 41 3
47 44 3
47 45 3
47 46 3
48 0 3
48 2 3
48 3 3
48 8 3
48 12 3
48 17 3
48 18 3
48 20 3
48 22 3
48 23 3
48 24 3
48 25 3
48 27 3
48 28 3
48 32 3
48 33 3
48 36 3
48 38 3
48 39 3
48 43 3
48 46 3
48 48 3
49 4 3
49 6 3
49 10 3
49 13 3
49 16 3
49 19 3
49 22 3
49 29 3
49 31 3
49 32 3
49 33 3
49 35 3
49 37 3
49 38 3
49 40 3
49 49 3
50 1 3
50 3 3
50 8 3
50 9 3
50 11 3
50 12 3
50 15 3
50 17 3
50 18 3
50 20 3
50 24 3
50 25 3
50 26 3
50 28 3
50 30 3
50 31 3
50 33 3
50 35 3
50 36 3
50 40 3
50 41 3
50 44 3
50 45 3
50 46 3
50 47 3
51 3 3
51 8 3
51 9 3
51 12 3
51 20 3
51 23 3
51 24 3
51 27 3
51 28 3
51 29 3
51 33 3
51 34 3
51 35 3
51 41 3
51 45 3
51 47 3
51 49 3
51 50 3
52 0 3
52 1 3
52 2 3
52 3 3
52 4 3
52 5 3
52 7 3
52 8 3
52 9 3
52 11 3
52 12 3
52 13 3
52 18 3
52 22 3
52 23 3
52 24 3
52 25 3
52 26 3
52 28 3
52 30 3
52 33 3
52 34 3
52 39 3
52 41 3
52 43 3
52 47 3
52 52 3
53 3 3
53 4 3
53 5 3
53 6 3
53 7 3
53 8 3
53 10 3
53 11 3
53 12 3
53 16 3
53 17 3
53 18 3
53 23 3
53 24 3
53 26 3
53 29 3
53 30 3
53 39 3
53 40 3
53 41 3
53 45 3
53 50 3
53 51 3
53 52 3
54 0 3
54 2 3
54 3 3
54 6 3
54 7 3
54 12 3
54 16 3
54 20 3
54 23 3
54 24 3
54 25 3
54 27 3
54 28 3
54 30 3
54 31 3
54 33 3
54 34 3
54 35 3
54 36 3
54 38 3
54 41 3
54 42 3
54 45 3
54 46 3
54 47 3
54 48 3
54 51 3
54 52 3
54 53 3
54 54 3
55 0 3
55 2 3
55 3 3
55 7 3
55 8 3
55 9 3
55 11 3
55 14 3
55 17 3
55 20 3
55 21 3
55 23 3
55 24 3
55 27 3
55 28 3
55 30 3
55 31 3
55 34 3
55 35 3
55 36 3
55 38 3
55 39 3
55 40 3
55 41 3
55 43 3
55 45 3
55 50 3
55 51 3
55 52 3
55 53 3
55 54 3
55 55 3
56 6 3
56 11 3
56 12 3
56 15 3
56 18 3
56 21 3
56 25 3
56 28 3
56 31 3
56 33 3
56 37 3
56 39 3
56 40 3
56 42 3
56 44 3
56 49 3
56 56 3
57 1 3
57 3 3
57 5 3
57 7 3
57 10 3
57 13 3
57 14 3
57 15 3
57 17 3
57 18 3
57 19 3
57 21 3
57 22 3
57 26 3
57 35 3
57 37 3
57 40 3
57 51 3
57 56 3
57 57 3
58 4 3
58 5 3
58 6 3
58 7 3
58 11 3
58 13 3
58 14 3
58 15 3
58 17 3
58 19 3
58 21 3
58 22 3
58 26 3
58 29 3
58 31 3
58 32 3
58 35 3
58 37 3
58 38 3
58 40 3
58 41 3
58 44 3
58 47 3
58 49 3
58 51 3
58 56 3
58 57 3
58 58 3
59 1 3
59 2 3
59 3 3
59 4 3
59 5 3
59 7 3
59 9 3
59 12 3
59 16 3
59 20 3
59 24 3
59 25 3
59 26 3
59 28 3
59 33 3
59 34 3
59 38 3
59 39 3
59 43 3
59 44 3
59 46 3
59 47 3
59 48 3
59 50 3
59 51 3
59 53 3
59 54 3
59 55 3
59 59 3
60 1 3
60 7 3
60 8 3
60 9 3
60 12 3
60 16 3
60 17 3
60 18 3
60 19 3
60 20 3
60 24 3
60 27 3
60 28 3
60 32 3
60 33 3
60 35 3
60 36 3
60 38 3
60 39 3
60 40 3
60 41 3
60 43 3
60 46 3
60 47 3
60 48 3
60 51 3
60 52 3
60 54 3
60 55 3
60 60 3
61 2 3
61 5 3
61 8 3
61 10 3
61 11 3
61 13 3
61 14 3
61 15 3
61 19 3
61 20 3
61 29 3
61 30 3
61 31 3
61 32 3
61 35 3
61 37 3
61 42 3
61 43 3
61 56 3
61 57 3
62 3 3
62 9 3
62 11 3
62 14 3
62 15 3
62 20 3
62 21 3
62 23 3
62 24 3
62 27 3
62 30 3
62 31 3
62 33 3
62 34 3
62 35 3
62 36 3
62 41 3
62 43 3
62 44 3
62 48 3
62 49 3
62 50 3
62 51 3
62 52 3
62 59 3
62 62 3
63 0 3
63 1 3
63 6 3
63 8 3
63 9 3
63 10 3
63 11 3
63 12 3
63 18 3
63 21 3
63 24 3
63 25 3
63 26 3
63 27 3
63 28 3
63 32 3
63 34 3
63 36 3
63 42 3
63 45 3
63 46 3
63 47 3
63 48 3
63 50 3
63 51 3
63 52 3
63 54 3
63 55 3
63 59 3
63 60 3
63 61 3
63 62 3
63 63 3
64 0 3
64 4 3
64 5 3
64 6 3
64 14 3
64 18 3
64 20 3
64 21 3
64 26 3
64 31 3
64 33 3
64 36 3
64 37 3
64 39 3
64 40 3
64 42 3
64 44 3
64 47 3
64 48 3
64 55 3
64 58 3
64 61 3
64 64 3
65 1 3
65 2 3
65 8 3
65 10 3
65 11 3
65 12 3
65 13 3
65 16 3
65 17 3
65 18 3
65 21 3
65 24 3
65 25 3
65 26 3
65 27 3
65 30 3
65 32 3
65 33 3
65 34 3
65 35 3
65 38 3
65 39 3
65 45 3
65 46 3
65 47 3
65 48 3
65 49 3
65 52 3
65 53 3
65 54 3
65 59 3
65 63 3
65 65 3
66 2 3
66 4 3
66 6 3
66 10 3
66 13 3
66 14 3
66 16 3
66 17 3
66 19 3
66 24 3
66 27 3
66 29 3
66 30 3
66 32 3
66 33 3
66 35 3
66 42 3
66 43 3
66 44 3
66 46 3
66 49 3
66 50 3
66 55 3
66 58 3
66 61 3
66 64 3
66 66 3
67 2 3
67 3 3
67 7 3
67 8 3
67 11 3
67 12 3
67 13 3
67 15 3
67 16 3
67 18 3
67 21 3
67 24 3
67 25 3
67 28 3
67 30 3
67 33 3
67 35 3
67 36 3
67 39 3
67 41 3
67 45 3
67 46 3
67 47 3
67 50 3
67 52 3
67 54 3
67 55 3
67 59 3
67 65 3
67 67 3
68 4 3
68 9 3
68 10 3
68 11 3
68 13 3
68 21 3
68 22 3
68 24 3
68 26 3
68 31 3
68 36 3
68 38 3
68 40 3
68 42 3
68 44 3
68 48 3
68 49 3
68 56 3
68 57 3
68 58 3
68 61 3
68 65 3
68 66 3
69 3 3
69 4 3
69 5 3
69 7 3
69 8 3
69 11 3
69 16 3
69 17 3
69 18 3
69 20 3
69 25 3
69 26 3
69 34 3
69 35 3
69 36 3
69 38 3
69 39 3
69 42 3
69 43 3
69 45 3
69 46 3
69 47 3
69 50 3
69 51 3
69 52 3
69 59 3
69 60 3
69 64 3
69 66 3
69 67 3
69 69 3
70 0 3
70 1 3
70 7 3
70 8 3
70 9 3
70 15 3
70 17 3
70 18 3
70 19 3
70 27 3
70 28 3
70 33 3
70 34 3
70 35 3
70 36 3
70 41 3
70 43 3
70 45 3
70 46 3
70 47 3
70 50 3
70 52 3
70 54 3
70 55 3
70 57 3
70 63 3
71 0 3
71 4 3
71 6 3
71 9 3
71 10 3
71 15 3
71 18 3
71 19 3
71 20 3
71 21 3
71 22 3
71 24 3
71 25 3
71 32 3
71 38 3
71 42 3
71 47 3
71 49 3
71 55 3
71 57 3
71 59 3
71 61 3
71 64 3
71 66 3
71 68 3
71 71 3
72 3 3
72 5 3
72 6 3
72 10 3
72 13 3
72 14 3
72 15 3
72 17 3
72 22 3
72 23 3
72 25 3
72 29 3
72 32 3
72 33 3
72 37 3
72 38 3
72 43 3
72 50 3
72 54 3
72 55 3
72 56 3
72 63 3
72 64 3
72 65 3
72 67 3
72 69 3
72 71 3
73 0 3
73 1 3
73 2 3
73 3 3
73 6 3
73 7 3
73 8 3
73 10 3
73 12 3
73 17 3
73 20 3
73 21 3
73 23 3
73 24 3
73 25 3
73 27 3
73 28 3
73 30 3
73 33 3
73 34 3
73 35 3
73 36 3
73 39 3
73 43 3
73 45 3
73 48 3
73 50 3
73 51 3
73 52 3
73 53 3
73 54 3
73 55 3
73 59 3
73 60 3
73 62 3
73 63 3
73 65 3
73 67 3
73 69 3
73 71 3
74 0 3
74 1 3
74 4 3
74 7 3
74 11 3
74 13 3
74 16 3
74 18 3
74 20 3
74 23 3
74 24 3
74 27 3
74 28 3
74 32 3
74 33 3
74 35 3
74 38 3
74 39 3
74 41 3
74 45 3
74 46 3
74 48 3
74 50 3
74 51 3
74 52 3
74 54 3
74 60 3
74 62 3
74 63 3
74 65 3
74 67 3
74 69 3
74 70 3
74 74 3
75 0 3
75 1 3
75 3 3
75 9 3
75 11 3
75 12 3
75 16 3
75 17 3
75 18 3
75 20 3
75 21 3
75 24 3
75 25 3
75 26 3
75 27 3
75 28 3
75 34 3
75 36 3
75 38 3
75 39 3
75 41 3
75 46 3
75 48 3
75 52 3
75 53 3
75 54 3
75 55 3
75 59 3
75 62 3
75 65 3
75 66 3
75 73 3
75 74 3
75 75 3
76 0 3
76 1 3
76 3 3
76 5 3
76 6 3
76 7 3
76 11 3
76 13 3
76 16 3
76 18 3
76 19 3
76 23 3
76 24 3
76 25 3
76 29 3
76 33 3
76 34 3
76 35 3
76 36 3
76 40 3
76 44 3
76 46 3
76 47 3
76 49 3
76 51 3
76 53 3
76 59 3
76 60 3
76 62 3
76 63 3
76 65 3
76 67 3
76 69 3
76 73 3
76 75 3
76 76 3
77 2 3
77 3 3
77 6 3
77 12 3
77 14 3
77 15 3
77 16 3
77 19 3
77 22 3
77 26 3
77 31 3
77 32 3
77 33 3
77 34 3
77 35 3
77 37 3
77 42 3
77 45 3
77 49 3
77 57 3
77 59 3
77 61 3
77 64 3
77 65 3
77 68 3
77 71 3
77 72 3
77 73 3
78 0 3
78 4 3
78 8 3
78 11 3
78 16 3
78 17 3
78 20 3
78 23 3
78 24 3
78 31 3
78 36 3
78 38 3
78 39 3
78 45 3
78 46 3
78 47 3
78 48 3
78 49 3
78 51 3
78 52 3
78 53 3
78 55 3
78 57 3
78 59 3
78 63 3
78 65 3
78 67 3
78 69 3
78 70 3
78 71 3
78 73 3
79 0 3
79 5 3
79 6 3
79 10 3
79 13 3
79 14 3
79 15 3
79 18 3
79 19 3
79 21 3
79 22 3
79 28 3
79 29 3
79 37 3
79 41 3
79 44 3
79 46 3
79 49 3
79 51 3
79 56 3
79 57 3
79 61 3
79 64 3
79 66 3
79 67 3
79 68 3
79 71 3
79 72 3
79 77 3
80 0 3
80 3 3
80 7 3
80 8 3
80 9 3
80 10 3
80 11 3
80 16 3
80 17 3
80 20 3
80 22 3
80 27 3
80 28 3
80 33 3
80 34 3
80 35 3
80 41 3
80 45 3
80 46 3
80 50 3
80 51 3
80 54 3
80 55 3
80 59 3
80 65 3
80 67 3
80 68 3
80 69 3
80 70 3
80 73 3
80 75 3
80 76 3
80 77 3
80 78 3
81 1 3
81 2 3
81 7 3
81 8 3
81 9 3
81 11 3
81 12 3
81 13 3
81 18 3
81 20 3
81 21 3
81 23 3
81 24 3
81 25 3
81 28 3
81 33 3
81 38 3
81 39 3
81 40 3
81 43 3
81 47 3
81 48 3
81 49 3
81 50 3
81 51 3
81 54 3
81 55 3
81 58 3
81 60 3
81 63 3
81 65 3
81 66 3
81 69 3
81 73 3
81 74 3
81 75 3
81 77 3
81 79 3
81 80 3
81 81 3
82 2 3
82 3 3
82 7 3
82 9 3
82 11 3
82 16 3
82 18 3
82 23 3
82 25 3
82 27 3
82 28 3
82 30 3
82 32 3
82 34 3
82 36 3
82 39 3
82 41 3
82 43 3
82 45 3
82 46 3
82 47 3
82 49 3
82 50 3
82 52 3
82 53 3
82 56 3
82 59 3
82 60 3
82 64 3
82 65 3
82 67 3
82 69 3
82 70 3
82 73 3
82 74 3
82 76 3
82 80 3
82 81 3
82 82 3
83 1 3
83 2 3
83 3 3
83 4 3
83 8 3
83 9 3
83 13 3
83 19 3
83 21 3
83 25 3
83 28 3
83 35 3
83 37 3
83 49 3
83 59 3
83 61 3
83 62 3
83 64 3
83 68 3
83 76 3
83 77 3
83 78 3
83 79 3
83 83 3
84 0 3
84 1 3
84 5 3
84 6 3
84 8 3
84 11 3
84 21 3
84 23 3
84 25 3
84 33 3
84 34 3
84 38 3
84 39 3
84 46 3
84 47 3
84 50 3
84 51 3
84 52 3
84 53 3
84 54 3
84 55 3
84 60 3
84 62 3
84 63 3
84 67 3
84 68 3
84 69 3
84 70 3
84 71 3
84 73 3
84 74 3
84 75 3
84 78 3
84 81 3
84 83 3
84 84 3
85 0 3
85 3 3
85 8 3
85 9 3
85 11 3
85 12 3
85 15 3
85 17 3
85 18 3
85 20 3
85 25 3
85 28 3
85 30 3
85 31 3
85 33 3
85 35 3
85 36 3
85 38 3
85 41 3
85 43 3
85 45 3
85 46 3
85 47 3
85 48 3
85 49 3
85 50 3
85 51 3
85 52 3
85 53 3
85 54 3
85 55 3
85 58 3
85 59 3
85 61 3
85 62 3
85 67 3
85 74 3
85 75 3
85 76 3
85 77 3
85 78 3
85 79 3
85 80 3
85 85 3
86 2 3
86 3 3
86 8 3
86 9 3
86 15 3
86 16 3
86 17 3
86 18 3
86 20 3
86 21 3
86 22 3
86 27 3
86 30 3
86 35 3
86 36 3
86 37 3
86 41 3
86 43 3
86 44 3
86 45 3
86 46 3
86 52 3
86 54 3
86 63 3
86 64 3
86 65 3
86 66 3
86 69 3
86 73 3
86 74 3
86 76 3
86 80 3
86 81 3
86 82 3
86 84 3
86 85 3
87 2 3
87 3 3
87 7 3
87 9 3
87 12 3
87 16 3
87 18 3
87 20 3
87 22 3
87 23 3
87 25 3
87 28 3
87 30 3
87 31 3
87 32 3
87 33 3
87 35 3
87 40 3
87 41 3
87 44 3
87 45 3
87 46 3
87 48 3
87 50 3
87 52 3
87 53 3
87 54 3
87 55 3
87 56 3
87 58 3
87 62 3
87 67 3
87 68 3
87 69 3
87 73 3
87 75 3
87 78 3
87 80 3
87 82 3
87 85 3
87 86 3
87 87 3
88 0 3
88 1 3
88 2 3
88 3 3
88 7 3
88 8 3
88 10 3
88 11 3
88 16 3
88 18 3
88 19 3
88 22 3
88 27 3
88 28 3
88 31 3
88 36 3
88 38 3
88 41 3
88 43 3
88 48 3
88 50 3
88 52 3
88 53 3
88 55 3
88 60 3
88 62 3
88 63 3
88 67 3
88 68 3
88 69 3
88 72 3
88 74 3
88 76 3
88 84 3
88 85 3
88 86 3
88 87 3
89 1 3
89 3 3
89 8 3
89 9 3
89 11 3
89 17 3
89 18 3
89 23 3
89 24 3
89 25 3
89 28 3
89 29 3
89 33 3
89 39 3
89 41 3
89 42 3
89 43 3
89 45 3
89 46 3
89 52 3
89 55 3
89 57 3
89 58 3
89 63 3
89 65 3
89 67 3
89 68 3
89 69 3
89 70 3
89 71 3
89 74 3
89 76 3
89 78 3
89 81 3
89 82 3
89 84 3
89 85 3
89 87 3
90 4 3
90 5 3
90 6 3
90 8 3
90 13 3
90 14 3
90 15 3
90 19 3
90 22 3
90 24 3
90 25 3
90 26 3
90 27 3
90 29 3
90 30 3
90 31 3
90 32 3
90 33 3
90 36 3
90 37 3
90 40 3
90 44 3
90 47 3
90 49 3
90 50 3
90 54 3
90 58 3
90 61 3
90 65 3
90 66 3
90 68 3
90 76 3
90 82 3
90 90 3
91 0 3
91 2 3
91 3 3
91 5 3
91 7 3
91 8 3
91 9 3
91 12 3
91 16 3
91 17 3
91 18 3
91 20 3
91 24 3
91 25 3
91 27 3
91 28 3
91 30 3
91 33 3
91 35 3
91 36 3
91 39 3
91 40 3
91 43 3
91 44 3
91 46 3
91 47 3
91 50 3
91 51 3
91 52 3
91 57 3
91 59 3
91 60 3
91 64 3
91 65 3
91 67 3
91 69 3
91 70 3
91 72 3
91 73 3
91 74 3
91 75 3
91 78 3
91 80 3
91 81 3
91 88 3
91 89 3
91 90 3
91 91 3
92 1 3
92 3 3
92 5 3
92 7 3
92 9 3
92 11 3
92 14 3
92 15 3
92 17 3
92 18 3
92 19 3
92 20 3
92 21 3
92 22 3
92 24 3
92 30 3
92 33 3
92 38 3
92 39 3
92 40 3
92 41 3
92 43 3
92 45 3
92 47 3
92 50 3
92 51 3
92 52 3
92 53 3
92 55 3
92 56 3
92 60 3
92 62 3
92 63 3
92 67 3
92 69 3
92 74 3
92 75 3
92 77 3
92 78 3
92 80 3
92 81 3
92 85 3
92 86 3
92 89 3
92 91 3
92 92 3
93 0 3
93 1 3
93 3 3
93 6 3
93 9 3
93 11 3
93 12 3
93 14 3
93 17 3
93 18 3
93 20 3
93 21 3
93 22 3
93 23 3
93 24 3
93 27 3
93 30 3
93 32 3
93 33 3
93 34 3
93 36 3
93 39 3
93 41 3
93 42 3
93 45 3
93 47 3
93 48 3
93 50 3
93 54 3
93 55 3
93 62 3
93 64 3
93 65 3
93 67 3
93 69 3
93 73 3
93 76 3
93 80 3
93 85 3
93 88 3
93 92 3
93 93 3
94 1 3
94 2 3
94 8 3
94 9 3
94 15 3
94 16 3
94 17 3
94 20 3
94 22 3
94 23 3
94 25 3
94 27 3
94 28 3
94 33 3
94 34 3
94 36 3
94 38 3
94 40 3
94 41 3
94 44 3
94 45 3
94 46 3
94 47 3
94 50 3
94 53 3
94 59 3
94 60 3
94 62 3
94 63 3
94 65 3
94 67 3
94 69 3
94 70 3
94 71 3
94 72 3
94 73 3
94 74 3
94 78 3
94 80 3
94 84 3
94 85 3
94 86 3
94 88 3
94 89 3
94 91 3
94 94 3
95 0 3
95 1 3
95 2 3
95 3 3
95 7 3
95 8 3
95 9 3
95 12 3
95 16 3
95 17 3
95 18 3
95 20 3
95 24 3
95 28 3
95 32 3
95 33 3
95 35 3
95 36 3
95 39 3
95 43 3
95 45 3
95 47 3
95 48 3
95 52 3
95 53 3
95 55 3
95 61 3
95 67 3
95 70 3
95 74 3
95 75 3
95 80 3
95 82 3
95 83 3
95 86 3
95 87 3
95 94 3
95 95 3
96 0 3
96 1 3
96 4 3
96 7 3
96 8 3
96 9 3
96 16 3
96 17 3
96 20 3
96 25 3
96 26 3
96 27 3
96 28 3
96 38 3
96 39 3
96 45 3
96 46 3
96 47 3
96 48 3
96 50 3
96 53 3
96 54 3
96 57 3
96 58 3
96 62 3
96 63 3
96 65 3
96 69 3
96 74 3
96 75 3
96 78 3
96 84 3
96 85 3
96 86 3
96 88 3
96 90 3
96 91 3
96 94 3
96 96 3
97 0 3
97 1 3
97 3 3
97 4 3
97 9 3
97 11 3
97 16 3
97 23 3
97 24 3
97 25 3
97 27 3
97 29 3
97 30 3
97 32 3
97 33 3
97 34 3
97 35 3
97 38 3
97 39 3
97 41 3
97 46 3
97 47 3
97 48 3
97 50 3
97 51 3
97 52 3
97 54 3
97 56 3
97 58 3
97 59 3
97 60 3
97 62 3
97 65 3
97 67 3
97 68 3
97 70 3
97 73 3
97 75 3
97 76 3
97 78 3
97 80 3
97 84 3
97 85 3
97 88 3
97 90 3
97 93 3
97 94 3
97 95 3
97 96 3
98 5 3
98 6 3
98 8 3
98 13 3
98 15 3
98 19 3
98 21 3
98 22 3
98 29 3
98 30 3
98 31 3
98 34 3
98 37 3
98 40 3
98 43 3
98 45 3
98 51 3
98 57 3
98 61 3
98 66 3
98 71 3
98 72 3
98 86 3
98 90 3
98 91 3
99 2 3
99 4 3
99 6 3
99 10 3
99 13 3
99 14 3
99 15 3
99 19 3
99 20 3
99 21 3
99 22 3
99 26 3
99 30 3
99 37 3
99 39 3
99 40 3
99 49 3
99 57 3
99 58 3
99 61 3
99 64 3
99 66 3
99 68 3
99 69 3
99 71 3
99 73 3
99 77 3
99 80 3
99 81 3
99 82 3
99 83 3
99 84 3
100 3 3
100 4 3
100 5 3
100 7 3
100 10 3
100 14 3
100 15 3
100 17 3
100 21 3
100 22 3
100 26 3
100 28 3
100 32 3
100 37 3
100 40 3
100 42 3
100 44 3
100 58 3
100 59 3
100 61 3
100 68 3
100 69 3
100 73 3
100 76 3
100 77 3
100 79 3
100 83 3
100 86 3
100 89 3
100 90 3
100 96 3
100 98 3
101 2 3
101 4 3
101 6 3
101 7 3
101 8 3
101 9 3
101 12 3
101 16 3
101 17 3
101 18 3
101 20 3
101 22 3
101 27 3
101 28 3
101 29 3
101 33 3
101 35 3
101 36 3
101 41 3
101 43 3
101 46 3
101 47 3
101 48 3
101 49 3
101 51 3
101 52 3
101 58 3
101 60 3
101 62 3
101 65 3
101 67 3
101 69 3
101 73 3
101 81 3
101 82 3
101 84 3
101 85 3
101 86 3
101 87 3
101 88 3
101 90 3
101 93 3
101 95 3
102 0 3
102 3 3
102 7 3
102 9 3
102 11 3
102 16 3
102 17 3
102 18 3
102 22 3
102 24 3
102 27 3
102 30 3
102 34 3
102 37 3
102 41 3
102 42 3
102 45 3
102 46 3
102 48 3
102 49 3
102 52 3
102 54 3
102 55 3
102 57 3
102 59 3
102 60 3
102 61 3
102 63 3
102 65 3
102 66 3
102 71 3
102 75 3
102 76 3
102 78 3
102 80 3
102 81 3
102 82 3
102 85 3
102 86 3
102 87 3
102 90 3
102 91 3
102 92 3
102 94 3
102 95 3
102 97 3
102 99 3
102 102 3
103 0 3
103 2 3
103 3 3
103 4 3
103 8 3
103 9 3
103 15 3
103 17 3
103 18 3
103 20 3
103 23 3
103 24 3
103 25 3
103 27 3
103 30 3
103 31 3
103 33 3
103 34 3
103 35 3
103 36 3
103 40 3
103 43 3
103 45 3
103 46 3
103 48 3
103 50 3
103 52 3
103 53 3
103 54 3
103 55 3
103 57 3
103 58 3
103 59 3
103 63 3
103 67 3
103 69 3
103 71 3
103 73 3
103 74 3
103 75 3
103 76 3
103 80 3
103 81 3
103 82 3
103 85 3
103 86 3
103 91 3
103 93 3
103 95 3
103 98 3
103 101 3
103 102 3
104 1 3
104 2 3
104 3 3
104 4 3
104 11 3
104 12 3
104 15 3
104 16 3
104 20 3
104 24 3
104 29 3
104 30 3
104 34 3
104 35 3
104 41 3
104 43 3
104 45 3
104 46 3
104 47 3
104 48 3
104 50 3
104 51 3
104 52 3
104 53 3
104 54 3
104 57 3
104 58 3
104 62 3
104 65 3
104 67 3
104 69 3
104 70 3
104 75 3
104 76 3
104 78 3
104 80 3
104 81 3
104 82 3
104 84 3
104 85 3
104 86 3
104 87 3
104 88 3
104 89 3
104 94 3
104 100 3
104 101 3
104 103 3
105 4 3
105 6 3
105 13 3
105 14 3
105 15 3
105 17 3
105 18 3
105 20 3
105 21 3
105 22 3
105 25 3
105 29 3
105 31 3
105 33 3
105 41 3
105 43 3
105 44 3
105 46 3
105 49 3
105 51 3
105 56 3
105 59 3
105 61 3
105 62 3
105 64 3
105 66 3
105 70 3
105 71 3
105 72 3
105 73 3
105 77 3
105 79 3
105 80 3
105 81 3
105 84 3
105 89 3
105 90 3
105 92 3
105 103 3
105 105 3
106 0 3
106 1 3
106 3 3
106 9 3
106 12 3
106 16 3
106 17 3
106 23 3
106 24 3
106 26 3
106 27 3
106 28 3
106 33 3
106 38 3
106 39 3
106 41 3
106 43 3
106 45 3
106 46 3
106 47 3
106 48 3
106 50 3
106 51 3
106 53 3
106 57 3
106 59 3
106 60 3
106 62 3
106 63 3
106 66 3
106 67 3
106 69 3
106 72 3
106 73 3
106 74 3
106 76 3
106 77 3
106 81 3
106 84 3
106 86 3
106 87 3
106 88 3
106 89 3
106 92 3
106 93 3
106 94 3
106 95 3
106 96 3
106 97 3
106 101 3
106 103 3
106 104 3
107 1 3
107 3 3
107 7 3
107 9 3
107 11 3
107 12 3
107 13 3
107 16 3
107 17 3
107 18 3
107 22 3
107 24 3
107 27 3
107 30 3
107 34 3
107 36 3
107 37 3
107 38 3
107 40 3
107 41 3
107 43 3
107 44 3
107 45 3
107 46 3
107 47 3
107 51 3
107 52 3
107 53 3
107 59 3
107 63 3
107 64 3
107 65 3
107 67 3
107 68 3
107 74 3
107 80 3
107 82 3
107 84 3
107 85 3
107 86 3
107 87 3
107 89 3
107 93 3
107 94 3
107 95 3
107 96 3
107 97 3
107 102 3
107 104 3
107 105 3
108 0 3
108 6 3
108 13 3
108 14 3
108 15 3
108 18 3
108 21 3
108 22 3
108 26 3
108 29 3
108 31 3
108 32 3
108 33 3
108 37 3
108 39 3
108 40 3
108 41 3
108 42 3
108 44 3
108 46 3
108 48 3
108 49 3
108 51 3
108 56 3
108 61 3
108 64 3
108 69 3
108 76 3
108 77 3
108 79 3
108 80 3
108 83 3
108 88 3
108 90 3
108 94 3
108 98 3
108 99 3
108 105 3
108 107 3
108 108 3
109 1 3
109 5 3
109 6 3
109 10 3
109 15 3
109 16 3
109 17 3
109 19 3
109 29 3
109 31 3
109 32 3
109 36 3
109 37 3
109 39 3
109 42 3
109 44 3
109 49 3
109 50 3
109 53 3
109 54 3
109 56 3
109 57 3
109 58 3
109 61 3
109 64 3
109 67 3
109 72 3
109 77 3
109 78 3
109 79 3
109 83 3
109 87 3
109 90 3
109 91 3
109 93 3
109 95 3
109 96 3
109 99 3
109 100 3
109 105 3
110 1 3
110 4 3
110 7 3
110 13 3
110 14 3
110 19 3
110 21 3
110 22 3
110 23 3
110 24 3
110 25 3
110 26 3
110 28 3
110 31 3
110 33 3
110 34 3
110 35 3
110 36 3
110 37 3
110 40 3
110 41 3
110 44 3
110 45 3
110 56 3
110 57 3
110 58 3
110 61 3
110 63 3
110 64 3
110 68 3
110 72 3
110 78 3
110 80 3
110 82 3
110 87 3
110 90 3
110 93 3
110 98 3
110 99 3
110 100 3
110 103 3
110 108 3
110 109 3
111 4 3
111 6 3
111 15 3
111 21 3
111 22 3
111 25 3
111 29 3
111 31 3
111 34 3
111 36 3
111 42 3
111 44 3
111 48 3
111 49 3
111 56 3
111 57 3
111 61 3
111 63 3
111 66 3
111 68 3
111 71 3
111 72 3
111 73 3
111 77 3
111 78 3
111 79 3
111 89 3
111 90 3
111 95 3
111 98 3
111 99 3
111 101 3
111 105 3
111 108 3
111 109 3
111 111 3
112 5 3
112 7 3
112 8 3
112 10 3
112 11 3
112 16 3
112 20 3
112 21 3
112 22 3
112 24 3
112 25 3
112 26 3
112 27 3
112 28 3
112 30 3
112 32 3
112 34 3
112 35 3
112 36 3
112 38 3
112 43 3
112 44 3
112 48 3
112 50 3
112 56 3
112 59 3
112 60 3
112 63 3
112 64 3
112 68 3
112 70 3
112 74 3
112 76 3
112 78 3
112 80 3
112 81 3
112 82 3
112 85 3
112 87 3
112 88 3
112 89 3
112 91 3
112 92 3
112 94 3
112 95 3
112 103 3
112 104 3
112 112 3
113 2 3
113 8 3
113 12 3
113 15 3
113 17 3
113 23 3
113 27 3
113 31 3
113 33 3
113 35 3
113 36 3
113 39 3
113 40 3
113 41 3
113 45 3
113 46 3
113 50 3
113 52 3
113 53 3
113 54 3
113 55 3
113 57 3
113 65 3
113 67 3
113 72 3
113 73 3
113 74 3
113 75 3
113 77 3
113 78 3
113 80 3
113 81 3
113 85 3
113 86 3
113 87 3
113 89 3
113 91 3
113 93 3
113 94 3
113 95 3
113 97 3
113 100 3
113 101 3
113 102 3
113 104 3
113 106 3
113 112 3
114 0 3
114 1 3
114 2 3
114 7 3
114 8 3
114 12 3
114 16 3
114 20 3
114 21 3
114 23 3
114 24 3
114 25 3
114 30 3
114 32 3
114 36 3
114 39 3
114 43 3
114 47 3
114 48 3
114 50 3
114 51 3
114 55 3
114 56 3
114 59 3
114 60 3
114 67 3
114 69 3
114 73 3
114 75 3
114 78 3
114 81 3
114 84 3
114 85 3
114 87 3
114 89 3
114 91 3
114 92 3
114 93 3
114 94 3
114 101 3
114 106 3
114 108 3
114 110 3
114 111 3
114 113 3
114 114 3
115 0 3
115 1 3
115 3 3
115 8 3
115 9 3
115 11 3
115 16 3
115 17 3
115 18 3
115 19 3
115 20 3
115 22 3
115 24 3
115 28 3
115 30 3
115 34 3
115 36 3
115 38 3
115 42 3
115 43 3
115 45 3
115 46 3
115 47 3
115 48 3
115 50 3
115 51 3
115 52 3
115 53 3
115 55 3
115 56 3
115 57 3
115 59 3
115 61 3
115 63 3
115 67 3
115 68 3
115 69 3
115 70 3
115 71 3
115 74 3
115 75 3
115 76 3
115 82 3
115 84 3
115 86 3
115 87 3
115 88 3
115 89 3
115 90 3
115 92 3
115 95 3
115 96 3
115 97 3
115 101 3
115 103 3
115 104 3
115 106 3
115 112 3
115 115 3
116 0 3
116 2 3
116 6 3
116 8 3
116 9 3
116 10 3
116 12 3
116 17 3
116 18 3
116 20 3
116 21 3
116 23 3
116 24 3
116 27 3
116 30 3
116 33 3
116 35 3
116 36 3
116 39 3
116 45 3
116 48 3
116 50 3
116 52 3
116 53 3
116 54 3
116 55 3
116 58 3
116 62 3
116 65 3
116 70 3
116 73 3
116 75 3
116 78 3
116 80 3
116 81 3
116 84 3
116 85 3
116 88 3
116 91 3
116 92 3
116 95 3
116 96 3
116 101 3
116 102 3
116 103 3
116 104 3
116 106 3
116 112 3
116 113 3
116 115 3
116 116 3
117 5 3
117 10 3
117 13 3
117 14 3
117 17 3
117 19 3
117 20 3
117 21 3
117 26 3
117 31 3
117 32 3
117 34 3
117 38 3
117 39 3
117 42 3
117 49 3
117 52 3
117 55 3
117 57 3
117 61 3
117 62 3
117 66 3
117 71 3
117 79 3
117 83 3
117 96 3
117 99 3
117 104 3
117 105 3
117 108 3
117 111 3
117 113 3
118 0 3
118 1 3
118 3 3
118 8 3
118 9 3
118 10 3
118 11 3
118 12 3
118 13 3
118 15 3
118 16 3
118 17 3
118 24 3
118 25 3
118 27 3
118 30 3
118 32 3
118 33 3
118 35 3
118 36 3
118 39 3
118 40 3
118 44 3
118 45 3
118 46 3
118 47 3
118 50 3
118 51 3
118 52 3
118 53 3
118 54 3
118 55 3
118 57 3
118 59 3
118 60 3
118 64 3
118 65 3
118 67 3
118 68 3
118 70 3
118 73 3
118 74 3
118 75 3
118 76 3
118 78 3
118 79 3
118 82 3
118 84 3
118 85 3
118 86 3
118 88 3
118 91 3
118 92 3
118 93 3
118 94 3
118 95 3
118 97 3
118 100 3
118 104 3
118 113 3
118 115 3
118 117 3
119 1 3
119 2 3
119 3 3
119 4 3
119 8 3
119 9 3
119 11 3
119 12 3
119 13 3
119 16 3
119 18 3
119 20 3
119 22 3
119 23 3
119 25 3
119 28 3
119 33 3
119 34 3
119 35 3
119 37 3
119 39 3
119 40 3
119 41 3
119 50 3
119 51 3
119 53 3
119 56 3
119 60 3
119 73 3
119 74 3
119 76 3
119 78 3
119 80 3
119 82 3
119 83 3
119 84 3
119 85 3
119 86 3
119 87 3
119 89 3
119 91 3
119 92 3
119 93 3
119 94 3
119 95 3
119 97 3
119 101 3
119 104 3
119 107 3
119 108 3
119 110 3
119 113 3
119 114 3
119 118 3
119 119 3
120 1 3
120 3 3
120 4 3
120 5 3
120 9 3
120 10 3
120 11 3
120 13 3
120 16 3
120 17 3
120 18 3
120 20 3
120 23 3
120 25 3
120 26 3
120 27 3
120 28 3
120 30 3
120 31 3
120 33 3
120 36 3
120 40 3
120 41 3
120 43 3
120 45 3
120 46 3
120 47 3
120 48 3
120 49 3
120 52 3
120 54 3
120 55 3
120 59 3
120 60 3
120 61 3
120 62 3
120 65 3
120 67 3
120 70 3
120 76 3
120 79 3
120 80 3
120 81 3
120 82 3
120 84 3
120 85 3
120 89 3
120 90 3
120 91 3
120 92 3
120 95 3
120 97 3
120 101 3
120 106 3
120 107 3
120 113 3
120 115 3
120 119 3
121 0 3
121 8 3
121 9 3
121 11 3
121 12 3
121 17 3
121 18 3
121 23 3
121 24 3
121 26 3
121 31 3
121 33 3
121 35 3
121 36 3
121 38 3
121 39 3
121 41 3
121 47 3
121 48 3
121 50 3
121 52 3
121 53 3
121 55 3
121 59 3
121 61 3
121 62 3
121 63 3
121 65 3
121 67 3
121 74 3
121 81 3
121 85 3
121 86 3
121 87 3
121 88 3
121 89 3
121 91 3
121 93 3
121 95 3
121 97 3
121 102 3
121 106 3
121 111 3
121 112 3
121 114 3
121 116 3
121 118 3
121 119 3
121 120 3
121 121 3
122 1 3
122 2 3
122 3 3
122 7 3
122 8 3
122 9 3
122 11 3
122 17 3
122 18 3
122 20 3
122 22 3
122 24 3
122 25 3
122 27 3
122 28 3
122 30 3
122 35 3
122 37 3
122 38 3
122 39 3
122 43 3
122 46 3
122 47 3
122 48 3
122 55 3
122 62 3
122 63 3
122 65 3
122 69 3
122 70 3
122 73 3
122 74 3
122 75 3
122 76 3
122 80 3
122 81 3
122 82 3
122 84 3
122 85 3
122 86 3
122 88 3
122 93 3
122 97 3
122 101 3
122 103 3
122 104 3
122 106 3
122 112 3
122 113 3
122 116 3
122 118 3
123 1 3
123 4 3
123 5 3
123 10 3
123 13 3
123 14 3
123 17 3
123 21 3
123 22 3
123 29 3
123 31 3
123 41 3
123 42 3
123 44 3
123 49 3
123 55 3
123 56 3
123 58 3
123 61 3
123 64 3
123 65 3
123 66 3
123 68 3
123 69 3
123 71 3
123 72 3
123 74 3
123 83 3
123 85 3
123 89 3
123 90 3
123 93 3
123 100 3
123 102 3
123 108 3
123 110 3
123 116 3
123 117 3
123 121 3
124 0 3
124 3 3
124 5 3
124 10 3
124 14 3
124 15 3
124 16 3
124 19 3
124 20 3
124 21 3
124 29 3
124 31 3
124 32 3
124 35 3
124 42 3
124 44 3
124 45 3
124 49 3
124 53 3
124 54 3
124 56 3
124 57 3
124 58 3
124 59 3
124 60 3
124 61 3
124 64 3
124 67 3
124 68 3
124 72 3
124 76 3
124 77 3
124 79 3
124 85 3
124 87 3
124 88 3
124 89 3
124 95 3
124 98 3
124 102 3
124 108 3
124 109 3
124 110 3
124 111 3
124 113 3
124 115 3
124 117 3
124 118 3
124 119 3
124 120 3
124 121 3
124 124 3
125 0 3
125 1 3
125 3 3
125 7 3
125 9 3
125 12 3
125 16 3
125 17 3
125 18 3
125 22 3
125 24 3
125 25 3
125 30 3
125 35 3
125 36 3
125 38 3
125 39 3
125 41 3
125 46 3
125 47 3
125 48 3
125 50 3
125 51 3
125 52 3
125 54 3
125 55 3
125 62 3
125 64 3
125 68 3
125 71 3
125 73 3
125 75 3
125 76 3
125 78 3
125 83 3
125 84 3
125 85 3
125 86 3
125 88 3
125 89 3
125 91 3
125 93 3
125 94 3
125 100 3
125 101 3
125 102 3
125 106 3
125 107 3
125 112 3
125 113 3
125 114 3
125 118 3
125 119 3
125 120 3
125 122 3
125 125 3
126 0 3
126 1 3
126 2 3
126 3 3
126 5 3
126 7 3
126 8 3
126 11 3
126 12 3
126 13 3
126 16 3
126 17 3
126 19 3
126 24 3
126 25 3
126 28 3
126 33 3
126 34 3
126 35 3
126 38 3
126 39 3
126 41 3
126 43 3
126 44 3
126 45 3
126 46 3
126 47 3
126 48 3
126 49 3
126 50 3
126 51 3
126 52 3
126 54 3
126 57 3
126 58 3
126 59 3
126 60 3
126 63 3
126 65 3
126 66 3
126 69 3
126 70 3
126 73 3
126 74 3
126 75 3
126 76 3
126 78 3
126 82 3
126 84 3
126 85 3
126 86 3
126 87 3
126 88 3
126 91 3
126 92 3
126 93 3
126 96 3
126 97 3
126 101 3
126 102 3
126 104 3
126 106 3
126 107 3
126 110 3
126 113 3
126 114 3
126 116 3
126 117 3
126 118 3
126 119 3
126 120 3
126 121 3
126 123 3
126 125 3
126 126 3
127 0 3
127 1 3
127 2 3
127 3 3
127 4 3
127 7 3
127 9 3
127 11 3
127 18 3
127 20 3
127 25 3
127 27 3
127 33 3
127 35 3
127 36 3
127 37 3
127 38 3
127 41 3
127 43 3
127 45 3
127 46 3
127 52 3
127 54 3
127 55 3
127 56 3
127 59 3
127 62 3
127 65 3
127 66 3
127 70 3
127 74 3
127 75 3
127 76 3
127 78 3
127 81 3
127 82 3
127 83 3
127 85 3
127 86 3
127 87 3
127 89 3
127 91 3
127 95 3
127 96 3
127 97 3
127 104 3
127 107 3
127 109 3
127 110 3
127 112 3
127 114 3
127 115 3
127 118 3
127 120 3
127 121 3
127 124 3
127 126 3
127 127 3
128 0 3
128 4 3
128 5 3
128 8 3
128 9 3
128 10 3
128 13 3
128 15 3
128 17 3
128 19 3
128 22 3
128 24 3
128 29 3
128 31 3
128 32 3
128 36 3
128 37 3
128 40 3
128 42 3
128 44 3
128 47 3
128 49 3
128 54 3
128 56 3
128 57 3
128 58 3
128 61 3
128 66 3
128 68 3
128 72 3
128 77 3
128 81 3
128 83 3
128 86 3
128 90 3
128 91 3
128 98 3
128 99 3
128 100 3
128 103 3
128 105 3
128 106 3
128 109 3
128 112 3
128 114 3
128 115 3
128 117 3
128 118 3
128 124 3
128 127 3
128 128 3
129 7 3
129 8 3
129 9 3
129 12 3
129 15 3
129 16 3
129 17 3
129 18 3
129 21 3
129 23 3
129 24 3
129 25 3
129 27 3
129 28 3
129 32 3
129 33 3
129 36 3
129 41 3
129 45 3
129 48 3
129 52 3
129 54 3
129 60 3
129 62 3
129 65 3
129 67 3
129 73 3
129 74 3
129 75 3
129 79 3
129 82 3
129 84 3
129 85 3
129 86 3
129 87 3
129 88 3
129 89 3
129 91 3
129 93 3
129 94 3
129 95 3
129 96 3
129 99 3
129 103 3
129 104 3
129 107 3
129 111 3
129 113 3
129 114 3
129 116 3
129 118 3
129 121 3
129 126 3
129 127 3
130 0 3
130 1 3
130 2 3
130 3 3
130 7 3
130 8 3
130 11 3
130 15 3
130 17 3
130 18 3
130 20 3
130 22 3
130 23 3
130 24 3
130 27 3
130 30 3
130 34 3
130 35 3
130 36 3
130 41 3
130 45 3
130 48 3
130 49 3
130 50 3
130 51 3
130 52 3
130 53 3
130 54 3
130 60 3
130 62 3
130 64 3
130 67 3
130 69 3
130 70 3
130 72 3
130 73 3
130 76 3
130 82 3
130 83 3
130 84 3
130 85 3
130 86 3
130 87 3
130 89 3
130 91 3
130 94 3
130 96 3
130 99 3
130 102 3
130 103 3
130 104 3
130 106 3
130 107 3
130 110 3
130 112 3
130 115 3
130 116 3
130 117 3
130 120 3
130 121 3
130 122 3
130 125 3
130 126 3
130 127 3
130 130 3
131 0 3
131 2 3
131 4 3
131 5 3
131 8 3
131 9 3
131 13 3
131 15 3
131 19 3
131 22 3
131 25 3
131 26 3
131 36 3
131 42 3
131 44 3
131 48 3
131 49 3
131 56 3
131 57 3
131 58 3
131 64 3
131 65 3
131 68 3
131 71 3
131 77 3
131 79 3
131 86 3
131 90 3
131 93 3
131 94 3
131 98 3
131 99 3
131 101 3
131 104 3
131 105 3
131 108 3
131 109 3
131 117 3
131 120 3
131 122 3
131 124 3
131 125 3
131 127 3
131 128 3
131 131 3
132 4 3
132 5 3
132 6 3
132 8 3
132 10 3
132 13 3
132 14 3
132 15 3
132 17 3
132 19 3
132 26 3
132 28 3
132 29 3
132 31 3
132 34 3
132 37 3
132 38 3
132 40 3
132 49 3
132 57 3
132 61 3
132 62 3
132 64 3
132 66 3
132 68 3
132 71 3
132 78 3
132 79 3
132 83 3
132 87 3
132 90 3
132 91 3
132 94 3
132 96 3
132 98 3
132 99 3
132 107 3
132 110 3
132 111 3
132 112 3
132 117 3
132 124 3
132 128 3
132 129 3
132 130 3
132 131 3
133 0 3
133 1 3
133 3 3
133 8 3
133 9 3
133 11 3
133 12 3
133 16 3
133 17 3
133 18 3
133 22 3
133 24 3
133 25 3
133 27 3
133 28 3
133 30 3
133 32 3
133 33 3
133 34 3
133 35 3
133 36 3
133 43 3
133 44 3
133 45 3
133 46 3
133 47 3
133 48 3
133 51 3
133 53 3
133 54 3
133 55 3
133 57 3
133 63 3
133 68 3
133 71 3
133 76 3
133 78 3
133 81 3
133 82 3
133 83 3
133 88 3
133 89 3
133 92 3
133 94 3
133 95 3
133 101 3
133 102 3
133 104 3
133 105 3
133 113 3
133 114 3
133 116 3
133 117 3
133 118 3
133 121 3
133 122 3
133 124 3
133 125 3
133 127 3
133 128 3
133 129 3
133 133 3
134 0 3
134 1 3
134 2 3
134 8 3
134 9 3
134 12 3
134 13 3
134 15 3
134 16 3
134 20 3
134 23 3
134 26 3
134 27 3
134 30 3
134 35 3
134 38 3
134 39 3
134 41 3
134 43 3
134 45 3
134 46 3
134 47 3
134 48 3
134 52 3
134 53 3
134 59 3
134 60 3
134 61 3
134 63 3
134 65 3
134 67 3
134 73 3
134 75 3
134 80 3
134 82 3
134 84 3
134 86 3
134 91 3
134 92 3
134 94 3
134 96 3
134 97 3
134 99 3
134 101 3
134 102 3
134 103 3
134 104 3
134 106 3
134 110 3
134 112 3
134 113 3
134 114 3
134 115 3
134 116 3
134 121 3
134 126 3
134 127 3
134 129 3
134 131 3
134 132 3
134 134 3
135 2 3
135 3 3
135 8 3
135 9 3
135 16 3
135 17 3
135 18 3
135 24 3
135 25 3
135 28 3
135 30 3
135 34 3
135 36 3
135 39 3
135 40 3
135 43 3
135 53 3
135 54 3
135 55 3
135 59 3
135 60 3
135 62 3
135 63 3
135 65 3
135 67 3
135 70 3
135 73 3
135 80 3
135 81 3
135 85 3
135 87 3
135 88 3
135 92 3
135 95 3
135 96 3
135 97 3
135 101 3
135 102 3
135 103 3
135 104 3
135 105 3
135 106 3
135 112 3
135 115 3
135 116 3
135 120 3
135 122 3
135 125 3
135 129 3
135 130 3
135 132 3
135 133 3
135 135 3
136 0 3
136 2 3
136 5 3
136 6 3
136 11 3
136 12 3
136 16 3
136 17 3
136 18 3
136 23 3
136 25 3
136 30 3
136 33 3
136 34 3
136 36 3
136 40 3
136 43 3
136 46 3
136 47 3
136 48 3
136 49 3
136 50 3
136 51 3
136 52 3
136 55 3
136 63 3
136 64 3
136 65 3
136 66 3
136 67 3
136 69 3
136 70 3
136 74 3
136 75 3
136 78 3
136 79 3
136 81 3
136 82 3
136 84 3
136 88 3
136 91 3
136 93 3
136 95 3
136 96 3
136 97 3
136 105 3
136 112 3
136 119 3
136 120 3
136 122 3
136 126 3
136 127 3
136 128 3
136 130 3
136 132 3
136 133 3
136 134 3
136 135 3
137 0 3
137 1 3
137 2 3
137 3 3
137 5 3
137 6 3
137 7 3
137 9 3
137 11 3
137 12 3
137 15 3
137 18 3
137 19 3
137 20 3
137 21 3
137 24 3
137 25 3
137 27 3
137 28 3
137 30 3
137 33 3
137 34 3
137 35 3
137 36 3
137 41 3
137 47 3
137 50 3
137 51 3
137 52 3
137 56 3
137 58 3
137 61 3
137 62 3
137 63 3
137 67 3
137 69 3
137 70 3
137 75 3
137 78 3
137 81 3
137 82 3
137 84 3
137 87 3
137 88 3
137 91 3
137 92 3
137 94 3
137 95 3
137 98 3
137 99 3
137 101 3
137 102 3
137 103 3
137 104 3
137 106 3
137 112 3
137 113 3
137 115 3
137 116 3
137 118 3
137 119 3
137 121 3
137 122 3
137 126 3
137 127 3
137 129 3
137 130 3
137 133 3
137 134 3
137 135 3
137 136 3
138 0 3
138 1 3
138 5 3
138 7 3
138 9 3
138 12 3
138 16 3
138 18 3
138 20 3
138 22 3
138 23 3
138 24 3
138 26 3
138 27 3
138 36 3
138 38 3
138 41 3
138 43 3
138 45 3
138 46 3
138 50 3
138 51 3
138 52 3
138 53 3
138 54 3
138 55 3
138 56 3
138 59 3
138 60 3
138 62 3
138 63 3
138 65 3
138 74 3
138 75 3
138 78 3
138 81 3
138 82 3
138 84 3
138 86 3
138 88 3
138 91 3
138 93 3
138 94 3
138 95 3
138 101 3
138 102 3
138 107 3
138 110 3
138 112 3
138 113 3
138 116 3
138 117 3
138 118 3
138 119 3
138 120 3
138 124 3
138 127 3
138 129 3
138 130 3
138 133 3
138 134 3
138 137 3
139 0 3
139 3 3
139 7 3
139 8 3
139 9 3
139 11 3
139 12 3
139 18 3
139 19 3
139 23 3
139 24 3
139 25 3
139 27 3
139 28 3
139 30 3
139 33 3
139 34 3
139 35 3
139 36 3
139 38 3
139 39 3
139 41 3
139 43 3
139 47 3
139 48 3
139 50 3
139 52 3
139 55 3
139 59 3
139 60 3
139 62 3
139 73 3
139 75 3
139 76 3
139 86 3
139 87 3
139 89 3
139 91 3
139 93 3
139 94 3
139 100 3
139 102 3
139 103 3
139 104 3
139 107 3
139 109 3
139 113 3
139 115 3
139 119 3
139 120 3
139 121 3
139 122 3
139 127 3
139 129 3
139 130 3
139 136 3
139 138 3
140 0 3
140 2 3
140 3 3
140 7 3
140 8 3
140 11 3
140 14 3
140 16 3
140 18 3
140 25 3
140 27 3
140 28 3
140 30 3
140 34 3
140 35 3
140 38 3
140 39 3
140 41 3
140 44 3
140 45 3
140 47 3
140 50 3
140 51 3
140 52 3
140 54 3
140 57 3
140 59 3
140 60 3
140 62 3
140 63 3
140 65 3
140 66 3
140 67 3
140 68 3
140 70 3
140 71 3
140 72 3
140 74 3
140 75 3
140 76 3
140 77 3
140 81 3
140 85 3
140 87 3
140 88 3
140 89 3
140 93 3
140 94 3
140 96 3
140 97 3
140 102 3
140 104 3
140 105 3
140 106 3
140 107 3
140 108 3
140 113 3
140 114 3
140 115 3
140 119 3
140 120 3
140 123 3
140 127 3
140 129 3
140 130 3
140 137 3
140 138 3
140 139 3
141 2 3
141 6 3
141 8 3
141 10 3
141 15 3
141 21 3
141 22 3
141 23 3
141 24 3
141 27 3
141 32 3
141 37 3
141 40 3
141 42 3
141 48 3
141 49 3
141 56 3
141 57 3
141 58 3
141 59 3
141 61 3
141 66 3
141 68 3
141 70 3
141 72 3
141 76 3
141 78 3
141 79 3
141 83 3
141 86 3
141 90 3
141 94 3
141 98 3
141 99 3
141 100 3
141 101 3
141 105 3
141 108 3
141 109 3
141 110 3
141 111 3
141 115 3
141 117 3
141 123 3
141 124 3
141 125 3
141 126 3
141 128 3
141 133 3
141 141 3
142 0 3
142 1 3
142 2 3
142 3 3
142 9 3
142 12 3
142 18 3
142 23 3
142 27 3
142 31 3
142 33 3
142 34 3
142 35 3
142 36 3
142 38 3
142 39 3
142 42 3
142 43 3
142 44 3
142 45 3
142 46 3
142 47 3
142 48 3
142 50 3
142 51 3
142 52 3
142 53 3
142 54 3
142 55 3
142 61 3
142 62 3
142 63 3
142 65 3
142 66 3
142 75 3
142 76 3
142 80 3
142 82 3
142 85 3
142 91 3
142 94 3
142 95 3
142 97 3
142 101 3
142 102 3
142 103 3
142 107 3
142 108 3
142 112 3
142 119 3
142 120 3
142 121 3
142 122 3
142 124 3
142 126 3
142 127 3
142 129 3
142 132 3
142 134 3
142 139 3
142 140 3
142 142 3
143 1 3
143 9 3
143 10 3
143 11 3
143 17 3
143 20 3
143 23 3
143 24 3
143 26 3
143 27 3
143 28 3
143 30 3
143 35 3
143 36 3
143 37 3
143 38 3
143 39 3
143 40 3
143 41 3
143 43 3
143 45 3
143 46 3
143 51 3
143 52 3
143 53 3
143 54 3
143 55 3
143 57 3
143 67 3
143 70 3
143 71 3
143 73 3
143 78 3
143 80 3
143 81 3
143 84 3
143 86 3
143 88 3
143 89 3
143 90 3
143 91 3
143 92 3
143 93 3
143 94 3
143 95 3
143 97 3
143 98 3
143 99 3
143 101 3
143 102 3
143 103 3
143 104 3
143 105 3
143 106 3
143 107 3
143 111 3
143 113 3
143 116 3
143 117 3
143 121 3
143 122 3
143 131 3
143 132 3
143 133 3
143 137 3
143 138 3
143 139 3
143 140 3
143 142 3
144 4 3
144 5 3
144 6 3
144 9 3
144 10 3
144 13 3
144 15 3
144 22 3
144 24 3
144 26 3
144 29 3
144 32 3
144 37 3
144 38 3
144 39 3
144 40 3
144 52 3
144 55 3
144 56 3
144 57 3
144 60 3
144 61 3
144 64 3
144 66 3
144 68 3
144 72 3
144 85 3
144 86 3
144 90 3
144 94 3
144 96 3
144 98 3
144 99 3
144 100 3
144 108 3
144 109 3
144 117 3
144 123 3
144 128 3
144 132 3
144 141 3
144 144 3
145 0 3
145 1 3
145 4 3
145 6 3
145 10 3
145 13 3
145 22 3
145 25 3
145 26 3
145 29 3
145 30 3
145 31 3
145 32 3
145 37 3
145 42 3
145 57 3
145 58 3
145 61 3
145 64 3
145 72 3
145 73 3
145 75 3
145 76 3
145 78 3
145 79 3
145 83 3
145 85 3
145 86 3
145 90 3
145 93 3
145 96 3
145 98 3
145 99 3
145 100 3
145 102 3
145 107 3
145 111 3
145 114 3
145 122 3
145 123 3
145 124 3
145 128 3
145 131 3
145 132 3
145 134 3
145 144 3
145 145 3
146 0 3
146 1 3
146 7 3
146 9 3
146 17 3
146 19 3
146 20 3
146 21 3
146 24 3
146 25 3
146 27 3
146 28 3
146 30 3
146 31 3
146 33 3
146 34 3
146 36 3
146 39 3
146 46 3
146 48 3
146 51 3
146 52 3
146 53 3
146 55 3
146 59 3
146 60 3
146 61 3
146 63 3
146 66 3
146 67 3
146 72 3
146 73 3
146 75 3
146 78 3
146 82 3
146 83 3
146 86 3
146 90 3
146 91 3
146 93 3
146 95 3
146 97 3
146 100 3
146 101 3
146 102 3
146 103 3
146 104 3
146 105 3
146 107 3
146 111 3
146 112 3
146 113 3
146 114 3
146 116 3
146 119 3
146 120 3
146 121 3
146 125 3
146 126 3
146 130 3
146 136 3
146 139 3
146 140 3
146 142 3
147 0 3
147 1 3
147 2 3
147 7 3
147 9 3
147 10 3
147 11 3
147 12 3
147 13 3
147 18 3
147 20 3
147 24 3
147 28 3
147 30 3
147 33 3
147 34 3
147 35 3
147 36 3
147 37 3
147 39 3
147 41 3
147 46 3
147 48 3
147 50 3
147 51 3
147 52 3
147 54 3
147 55 3
147 68 3
147 70 3
147 72 3
147 74 3
147 75 3
147 76 3
147 78 3
147 87 3
147 89 3
147 90 3
147 91 3
147 92 3
147 93 3
147 95 3
147 96 3
147 99 3
147 101 3
147 104 3
147 106 3
147 107 3
147 112 3
147 113 3
147 115 3
147 118 3
147 119 3
147 121 3
147 122 3
147 125 3
147 126 3
147 127 3
147 130 3
147 134 3
147 135 3
147 136 3
147 137 3
147 138 3
147 139 3
147 142 3
147 143 3
147 145 3
148 2 3
148 6 3
148 11 3
148 15 3
148 19 3
148 20 3
148 21 3
148 22 3
148 25 3
148 27 3
148 28 3
148 29 3
148 32 3
148 35 3
148 40 3
148 41 3
148 42 3
148 49 3
148 52 3
148 56 3
148 57 3
148 59 3
148 68 3
148 70 3
148 72 3
148 79 3
148 84 3
148 86 3
148 91 3
148 93 3
148 99 3
148 100 3
148 102 3
148 104 3
148 107 3
148 108 3
148 110 3
148 111 3
148 116 3
148 127 3
148 131 3
148 132 3
148 138 3
148 141 3
148 142 3
148 145 3
149 2 3
149 4 3
149 5 3
149 6 3
149 7 3
149 10 3
149 12 3
149 13 3
149 14 3
149 16 3
149 22 3
149 24 3
149 26 3
149 29 3
149 31 3
149 32 3
149 37 3
149 40 3
149 42 3
149 51 3
149 56 3
149 57 3
149 58 3
149 59 3
149 61 3
149 62 3
149 64 3
149 66 3
149 71 3
149 72 3
149 74 3
149 77 3
149 79 3
149 85 3
149 88 3
149 89 3
149 95 3
149 96 3
149 97 3
149 98 3
149 101 3
149 106 3
149 109 3
149 110 3
149 117 3
149 124 3
149 125 3
149 128 3
149 131 3
149 135 3
149 140 3
149 144 3
149 145 3
149 149 3
150 0 3
150 3 3
150 5 3
150 6 3
150 7 3
150 8 3
150 14 3
150 16 3
150 18 3
150 23 3
150 25 3
150 27 3
150 30 3
150 34 3
150 36 3
150 37 3
150 38 3
150 43 3
150 45 3
150 47 3
150 50 3
150 51 3
150 52 3
150 53 3
150 54 3
150 55 3
150 57 3
150 62 3
150 63 3
150 65 3
150 67 3
150 68 3
150 69 3
150 74 3
150 76 3
150 78 3
150 80 3
150 81 3
150 82 3
150 83 3
150 85 3
150 86 3
150 87 3
150 88 3
150 89 3
150 95 3
150 97 3
150 99 3
150 101 3
150 102 3
150 112 3
150 113 3
150 115 3
150 116 3
150 118 3
150 119 3
150 120 3
150 122 3
150 125 3
150 127 3
150 129 3
150 130 3
150 132 3
150 134 3
150 135 3
150 136 3
150 137 3
150 138 3
150 142 3
150 144 3
150 147 3
150 150 3
151 1 3
151 4 3
151 5 3
151 6 3
151 8 3
151 10 3
151 13 3
151 16 3
151 22 3
151 25 3
151 27 3
151 28 3
151 31 3
151 36 3
151 37 3
151 38 3
151 40 3
151 42 3
151 44 3
151 45 3
151 53 3
151 54 3
151 56 3
151 57 3
151 58 3
151 62 3
151 66 3
151 69 3
151 71 3
151 76 3
151 77 3
151 79 3
151 85 3
151 87 3
151 89 3
151 98 3
151 99 3
151 100 3
151 110 3
151 111 3
151 120 3
151 121 3
151 122 3
151 123 3
151 131 3
151 132 3
151 141 3
151 142 3
151 144 3
151 147 3
151 148 3
151 149 3
152 4 3
152 5 3
152 6 3
152 7 3
152 8 3
152 13 3
152 15 3
152 21 3
152 27 3
152 29 3
152 31 3
152 32 3
152 34 3
152 35 3
152 40 3
152 42 3
152 45 3
152 48 3
152 49 3
152 56 3
152 58 3
152 61 3
152 64 3
152 68 3
152 70 3
152 71 3
152 72 3
152 77 3
152 79 3
152 81 3
152 83 3
152 84 3
152 89 3
152 94 3
152 99 3
152 100 3
152 104 3
152 108 3
152 110 3
152 111 3
152 112 3
152 117 3
152 123 3
152 124 3
152 128 3
152 131 3
152 132 3
152 138 3
152 144 3
152 145 3
152 146 3
152 148 3
152 151 3
153 5 3
153 7 3
153 8 3
153 11 3
153 12 3
153 16 3
153 17 3
153 21 3
153 27 3
153 28 3
153 30 3
153 31 3
153 34 3
153 35 3
153 36 3
153 38 3
153 39 3
153 40 3
153 41 3
153 45 3
153 46 3
153 47 3
153 50 3
153 51 3
153 53 3
153 55 3
153 58 3
153 59 3
153 60 3
153 61 3
153 62 3
153 65 3
153 69 3
153 70 3
153 71 3
153 75 3
153 76 3
153 78 3
153 82 3
153 83 3
153 85 3
153 86 3
153 87 3
153 88 3
153 89 3
153 90 3
153 92 3
153 93 3
153 94 3
153 95 3
153 98 3
153 101 3
153 102 3
153 103 3
153 108 3
153 113 3
153 114 3
153 115 3
153 116 3
153 118 3
153 119 3
153 120 3
153 121 3
153 125 3
153 126 3
153 127 3
153 129 3
153 131 3
153 133 3
153 134 3
153 136 3
153 137 3
153 140 3
153 142 3
153 143 3
153 146 3
153 147 3
154 1 3
154 2 3
154 3 3
154 4 3
154 5 3
154 7 3
154 8 3
154 12 3
154 14 3
154 17 3
154 18 3
154 20 3
154 23 3
154 25 3
154 30 3
154 32 3
154 33 3
154 35 3
154 36 3
154 38 3
154 48 3
154 55 3
154 56 3
154 60 3
154 67 3
154 69 3
154 72 3
154 74 3
154 76 3
154 81 3
154 85 3
154 89 3
154 91 3
154 95 3
154 97 3
154 101 3
154 102 3
154 107 3
154 108 3
154 109 3
154 112 3
154 114 3
154 116 3
154 118 3
154 120 3
154 121 3
154 125 3
154 130 3
154 134 3
154 135 3
154 136 3
154 137 3
154 139 3
154 140 3
154 142 3
154 143 3
154 146 3
154 147 3
154 152 3
154 153 3
155 1 3
155 4 3
155 6 3
155 8 3
155 13 3
155 14 3
155 15 3
155 16 3
155 18 3
155 21 3
155 22 3
155 26 3
155 28 3
155 29 3
155 37 3
155 38 3
155 40 3
155 49 3
155 56 3
155 58 3
155 59 3
155 64 3
155 66 3
155 77 3
155 78 3
155 79 3
155 80 3
155 81 3
155 89 3
155 94 3
155 100 3
155 103 3
155 105 3
155 106 3
155 108 3
155 114 3
155 116 3
155 122 3
155 123 3
155 124 3
155 128 3
155 129 3
155 135 3
155 138 3
155 141 3
155 142 3
155 145 3
155 148 3
155 149 3
155 150 3
155 152 3
155 155 3
156 1 3
156 2 3
156 3 3
156 4 3
156 5 3
156 7 3
156 8 3
156 9 3
156 16 3
156 19 3
156 20 3
156 23 3
156 24 3
156 26 3
156 27 3
156 30 3
156 31 3
156 34 3
156 35 3
156 36 3
156 41 3
156 42 3
156 43 3
156 45 3
156 47 3
156 50 3
156 52 3
156 53 3
156 54 3
156 56 3
156 60 3
156 62 3
156 63 3
156 67 3
156 70 3
156 71 3
156 74 3
156 76 3
156 78 3
156 80 3
156 81 3
156 82 3
156 84 3
156 85 3
156 89 3
156 92 3
156 93 3
156 95 3
156 96 3
156 99 3
156 102 3
156 104 3
156 106 3
156 112 3
156 116 3
156 118 3
156 119 3
156 120 3
156 121 3
156 122 3
156 129 3
156 130 3
156 133 3
156 134 3
156 135 3
156 136 3
156 138 3
156 140 3
156 141 3
156 142 3
156 143 3
156 144 3
156 150 3
156 153 3
156 154 3
156 156 3
157 0 3
157 3 3
157 4 3
157 7 3
157 8 3
157 9 3
157 20 3
157 27 3
157 33 3
157 34 3
157 35 3
157 36 3
157 37 3
157 39 3
157 42 3
157 43 3
157 45 3
157 46 3
157 52 3
157 53 3
157 54 3
157 58 3
157 59 3
157 60 3
157 63 3
157 64 3
157 65 3
157 67 3
157 68 3
157 69 3
157 73 3
157 74 3
157 75 3
157 76 3
157 78 3
157 79 3
157 80 3
157 81 3
157 82 3
157 84 3
157 86 3
157 87 3
157 89 3
157 92 3
157 93 3
157 94 3
157 95 3
157 96 3
157 97 3
157 106 3
157 112 3
157 113 3
157 118 3
157 119 3
157 120 3
157 121 3
157 122 3
157 126 3
157 127 3
157 129 3
157 130 3
157 133 3
157 135 3
157 136 3
157 144 3
157 145 3
157 150 3
157 151 3
157 153 3
157 154 3
157 157 3
158 4 3
158 5 3
158 6 3
158 7 3
158 15 3
158 16 3
158 17 3
158 19 3
158 21 3
158 22 3
158 26 3
158 27 3
158 29 3
158 32 3
158 34 3
158 37 3
158 42 3
158 45 3
158 46 3
158 55 3
158 57 3
158 61 3
158 66 3
158 67 3
158 68 3
158 70 3
158 71 3
158 72 3
158 87 3
158 90 3
158 96 3
158 99 3
158 105 3
158 108 3
158 109 3
158 111 3
158 117 3
158 119 3
158 122 3
158 128 3
158 131 3
158 133 3
158 138 3
158 141 3
158 144 3
158 145 3
158 148 3
158 152 3
158 155 3
158 158 3
159 2 3
159 3 3
159 9 3
159 10 3
159 11 3
159 12 3
159 15 3
159 17 3
159 18 3
159 20 3
159 21 3
159 22 3
159 26 3
159 30 3
159 31 3
159 33 3
159 34 3
159 35 3
159 36 3
159 38 3
159 43 3
159 47 3
159 50 3
159 52 3
159 54 3
159 55 3
159 58 3
159 59 3
159 63 3
159 68 3
159 73 3
159 75 3
159 76 3
159 78 3
159 79 3
159 80 3
159 82 3
159 84 3
159 88 3
159 89 3
159 91 3
159 93 3
159 94 3
159 95 3
159 97 3
159 99 3
159 100 3
159 102 3
159 104 3
159 108 3
159 110 3
159 112 3
159 113 3
159 114 3
159 115 3
159 116 3
159 119 3
159 120 3
159 121 3
159 123 3
159 124 3
159 125 3
159 126 3
159 127 3
159 133 3
159 134 3
159 135 3
159 137 3
159 138 3
159 142 3
159 143 3
159 144 3
159 145 3
159 146 3
159 147 3
159 150 3
159 154 3
159 156 3
159 157 3
159 159 3
160 1 3
160 2 3
160 3 3
160 7 3
160 8 3
160 11 3
160 12 3
160 14 3
160 17 3
160 18 3
160 20 3
160 21 3
160 22 3
160 23 3
160 24 3
160 25 3
160 28 3
160 30 3
160 32 3
160 33 3
160 35 3
160 37 3
160 41 3
160 43 3
160 45 3
160 47 3
160 48 3
160 50 3
160 52 3
160 53 3
160 59 3
160 60 3
160 62 3
160 63 3
160 65 3
160 66 3
160 67 3
160 71 3
160 73 3
160 74 3
160 76 3
160 78 3
160 81 3
160 83 3
160 85 3
160 86 3
160 88 3
160 89 3
160 91 3
160 92 3
160 94 3
160 97 3
160 99 3
160 101 3
160 104 3
160 105 3
160 107 3
160 108 3
160 112 3
160 114 3
160 115 3
160 116 3
160 118 3
160 119 3
160 121 3
160 122 3
160 125 3
160 127 3
160 130 3
160 133 3
160 134 3
160 137 3
160 138 3
160 139 3
160 140 3
160 143 3
160 144 3
160 147 3
160 153 3
160 154 3
160 160 3
161 0 3
161 1 3
161 3 3
161 4 3
161 6 3
161 10 3
161 11 3
161 13 3
161 16 3
161 20 3
161 22 3
161 23 3
161 28 3
161 34 3
161 36 3
161 37 3
161 38 3
161 41 3
161 46 3
161 47 3
161 48 3
161 49 3
161 51 3
161 52 3
161 53 3
161 54 3
161 55 3
161 56 3
161 57 3
161 62 3
161 63 3
161 65 3
161 70 3
161 74 3
161 75 3
161 80 3
161 81 3
161 82 3
161 84 3
161 85 3
161 86 3
161 87 3
161 88 3
161 89 3
161 93 3
161 96 3
161 97 3
161 101 3
161 103 3
161 104 3
161 106 3
161 107 3
161 112 3
161 113 3
161 115 3
161 118 3
161 120 3
161 126 3
161 127 3
161 130 3
161 132 3
161 135 3
161 137 3
161 142 3
161 146 3
161 147 3
161 150 3
161 154 3
161 156 3
161 157 3
161 159 3
161 160 3
162 1 3
162 2 3
162 3 3
162 4 3
162 5 3
162 8 3
162 11 3
162 12 3
162 16 3
162 17 3
162 18 3
162 20 3
162 23 3
162 24 3
162 25 3
162 31 3
162 34 3
162 35 3
162 36 3
162 37 3
162 38 3
162 39 3
162 41 3
162 42 3
162 43 3
162 46 3
162 47 3
162 48 3
162 50 3
162 51 3
162 52 3
162 53 3
162 54 3
162 55 3
162 56 3
162 58 3
162 59 3
162 60 3
162 62 3
162 65 3
162 67 3
162 69 3
162 70 3
162 73 3
162 74 3
162 75 3
162 76 3
162 78 3
162 80 3
162 81 3
162 82 3
162 86 3
162 88 3
162 91 3
162 92 3
162 93 3
162 94 3
162 97 3
162 99 3
162 101 3
162 104 3
162 112 3
162 114 3
162 115 3
162 117 3
162 121 3
162 122 3
162 124 3
162 126 3
162 127 3
162 128 3
162 129 3
162 130 3
162 135 3
162 136 3
162 137 3
162 140 3
162 142 3
162 143 3
162 146 3
162 150 3
162 153 3
162 156 3
162 158 3
162 160 3
162 161 3
162 162 3
163 0 3
163 3 3
163 7 3
163 9 3
163 10 3
163 12 3
163 14 3
163 15 3
163 17 3
163 18 3
163 23 3
163 25 3
163 27 3
163 30 3
163 33 3
163 34 3
163 35 3
163 36 3
163 37 3
163 41 3
163 45 3
163 46 3
163 48 3
163 52 3
163 53 3
163 54 3
163 55 3
163 63 3
163 65 3
163 66 3
163 67 3
163 69 3
163 70 3
163 71 3
163 73 3
163 74 3
163 75 3
163 77 3
163 84 3
163 88 3
163 89 3
163 91 3
163 92 3
163 95 3
163 100 3
163 101 3
163 102 3
163 103 3
163 104 3
163 106 3
163 109 3
163 112 3
163 113 3
163 114 3
163 115 3
163 117 3
163 119 3
163 120 3
163 121 3
163 124 3
163 126 3
163 127 3
163 129 3
163 131 3
163 133 3
163 134 3
163 135 3
163 136 3
163 137 3
163 143 3
163 145 3
163 146 3
163 149 3
163 150 3
163 154 3
163 155 3
163 157 3
163 158 3
163 161 3
163 163 3
164 4 3
164 5 3
164 6 3
164 9 3
164 10 3
164 13 3
164 17 3
164 21 3
164 22 3
164 23 3
164 29 3
164 31 3
164 32 3
164 37 3
164 40 3
164 42 3
164 49 3
164 53 3
164 56 3
164 57 3
164 58 3
164 61 3
164 68 3
164 70 3
164 71 3
164 72 3
164 73 3
164 77 3
164 79 3
164 83 3
164 85 3
164 90 3
164 93 3
164 99 3
164 100 3
164 103 3
164 105 3
164 109 3
164 111 3
164 112 3
164 113 3
164 115 3
164 116 3
164 117 3
164 119 3
164 120 3
164 122 3
164 123 3
164 124 3
164 128 3
164 137 3
164 139 3
164 141 3
164 145 3
164 146 3
164 152 3
164 158 3
164 162 3
164 164 3
165 0 3
165 1 3
165 2 3
165 7 3
165 8 3
165 9 3
165 11 3
165 14 3
165 17 3
165 18 3
165 19 3
165 20 3
165 22 3
165 23 3
165 24 3
165 25 3
165 27 3
165 28 3
165 29 3
165 33 3
165 34 3
165 38 3
165 39 3
165 45 3
165 46 3
165 51 3
165 52 3
165 53 3
165 55 3
165 60 3
165 64 3
165 65 3
165 67 3
165 68 3
165 73 3
165 76 3
165 78 3
165 79 3
165 82 3
165 84 3
165 85 3
165 87 3
165 88 3
165 89 3
165 91 3
165 93 3
165 94 3
165 95 3
165 97 3
165 102 3
165 103 3
165 104 3
165 106 3
165 107 3
165 113 3
165 115 3
165 116 3
165 117 3
165 118 3
165 119 3
165 121 3
165 122 3
165 123 3
165 126 3
165 129 3
165 130 3
165 131 3
165 133 3
165 134 3
165 136 3
165 138 3
165 139 3
165 140 3
165 142 3
165 143 3
165 147 3
165 150 3
165 154 3
165 156 3
165 157 3
165 159 3
165 163 3
165 165 3
166 2 3
166 3 3
166 4 3
166 6 3
166 7 3
166 9 3
166 11 3
166 14 3
166 20 3
166 25 3
166 26 3
166 30 3
166 33 3
166 34 3
166 35 3
166 36 3
166 41 3
166 43 3
166 45 3
166 46 3
166 48 3
166 53 3
166 55 3
166 58 3
166 59 3
166 60 3
166 62 3
166 64 3
166 65 3
166 68 3
166 69 3
166 70 3
166 71 3
166 73 3
166 74 3
166 80 3
166 81 3
166 85 3
166 86 3
166 87 3
166 89 3
166 91 3
166 94 3
166 97 3
166 101 3
166 102 3
166 103 3
166 104 3
166 106 3
166 110 3
166 112 3
166 113 3
166 114 3
166 115 3
166 116 3
166 117 3
166 119 3
166 121 3
166 125 3
166 126 3
166 129 3
166 132 3
166 133 3
166 134 3
166 135 3
166 136 3
166 138 3
166 142 3
166 143 3
166 144 3
166 147 3
166 151 3
166 154 3
166 156 3
166 158 3
166 160 3
166 163 3
166 165 3
167 4 3
167 5 3
167 6 3
167 13 3
167 15 3
167 16 3
167 17 3
167 19 3
167 21 3
167 22 3
167 23 3
167 26 3
167 27 3
167 30 3
167 31 3
167 32 3
167 34 3
167 36 3
167 37 3
167 40 3
167 46 3
167 47 3
167 49 3
167 52 3
167 56 3
167 57 3
167 61 3
167 66 3
167 67 3
167 71 3
167 72 3
167 77 3
167 79 3
167 82 3
167 83 3
167 85 3
167 87 3
167 98 3
167 99 3
167 102 3
167 105 3
167 106 3
167 109 3
167 116 3
167 123 3
167 124 3
167 127 3
167 128 3
167 131 3
167 132 3
167 138 3
167 141 3
167 145 3
167 146 3
167 148 3
167 149 3
167 151 3
167 152 3
167 158 3
167 162 3
167 164 3
167 167 3
168 0 3
168 4 3
168 9 3
168 11 3
168 13 3
168 15 3
168 17 3
168 19 3
168 21 3
168 30 3
168 44 3
168 55 3
168 61 3
168 67 3
168 68 3
168 71 3
168 72 3
168 79 3
168 80 3
168 86 3
168 87 3
168 91 3
168 99 3
168 100 3
168 101 3
168 105 3
168 108 3
168 109 3
168 111 3
168 114 3
168 121 3
168 122 3
168 123 3
168 127 3
168 128 3
168 130 3
168 131 3
168 132 3
168 134 3
168 140 3
168 141 3
168 148 3
168 149 3
168 151 3
168 152 3
168 153 3
168 154 3
168 155 3
168 156 3
168 158 3
168 164 3
168 165 3
168 168 3
169 0 3
169 7 3
169 8 3
169 11 3
169 12 3
169 13 3
169 14 3
169 15 3
169 16 3
169 18 3
169 20 3
169 23 3
169 24 3
169 28 3
169 30 3
169 33 3
169 34 3
169 35 3
169 39 3
169 41 3
169 43 3
169 47 3
169 51 3
169 53 3
169 54 3
169 55 3
169 62 3
169 68 3
169 69 3
169 70 3
169 73 3
169 74 3
169 76 3
169 78 3
169 81 3
169 82 3
169 84 3
169 85 3
169 87 3
169 88 3
169 89 3
169 91 3
169 93 3
169 94 3
169 95 3
169 97 3
169 99 3
169 102 3
169 104 3
169 108 3
169 109 3
169 114 3
169 116 3
169 117 3
169 119 3
169 121 3
169 124 3
169 125 3
169 127 3
169 129 3
169 130 3
169 131 3
169 132 3
169 133 3
169 134 3
169 137 3
169 138 3
169 140 3
169 142 3
169 143 3
169 148 3
169 150 3
169 154 3
169 156 3
169 159 3
169 160 3
169 161 3
169 162 3
169 163 3
169 169 3
170 0 3
170 3 3
170 6 3
170 8 3
170 9 3
170 11 3
170 16 3
170 21 3
170 23 3
170 26 3
170 27 3
170 29 3
170 30 3
170 31 3
170 33 3
170 34 3
170 36 3
170 37 3
170 39 3
170 41 3
170 42 3
170 45 3
170 47 3
170 48 3
170 49 3
170 50 3
170 51 3
170 52 3
170 53 3
170 54 3
170 55 3
170 59 3
170 60 3
170 62 3
170 63 3
170 67 3
170 69 3
170 71 3
170 73 3
170 75 3
170 81 3
170 82 3
170 84 3
170 85 3
170 86 3
170 87 3
170 88 3
170 89 3
170 90 3
170 91 3
170 93 3
170 94 3
170 96 3
170 97 3
170 98 3
170 101 3
170 102 3
170 103 3
170 104 3
170 110 3
170 112 3
170 113 3
170 114 3
170 116 3
170 118 3
170 122 3
170 123 3
170 125 3
170 126 3
170 134 3
170 135 3
170 136 3
170 137 3
170 139 3
170 142 3
170 143 3
170 144 3
170 146 3
170 147 3
170 150 3
170 153 3
170 154 3
170 156 3
170 157 3
170 159 3
170 162 3
170 166 3
170 169 3
171 3 3
171 8 3
171 11 3
171 14 3
171 19 3
171 20 3
171 21 3
171 22 3
171 26 3
171 27 3
171 29 3
171 32 3
171 37 3
171 40 3
171 41 3
171 55 3
171 58 3
171 59 3
171 64 3
171 65 3
171 66 3
171 68 3
171 69 3
171 72 3
171 77 3
171 78 3
171 79 3
171 84 3
171 89 3
171 97 3
171 100 3
171 104 3
171 105 3
171 108 3
171 109 3
171 115 3
171 116 3
171 122 3
171 124 3
171 126 3
171 131 3
171 135 3
171 137 3
171 141 3
171 144 3
171 148 3
171 149 3
171 151 3
171 152 3
171 157 3
171 158 3
171 160 3
171 163 3
171 168 3
171 171 3
172 0 3
172 2 3
172 8 3
172 9 3
172 10 3
172 11 3
172 12 3
172 14 3
172 15 3
172 16 3
172 20 3
172 23 3
172 24 3
172 25 3
172 27 3
172 28 3
172 34 3
172 36 3
172 40 3
172 43 3
172 46 3
172 47 3
172 48 3
172 49 3
172 51 3
172 52 3
172 55 3
172 57 3
172 58 3
172 59 3
172 63 3
172 67 3
172 70 3
172 71 3
172 73 3
172 74 3
172 75 3
172 76 3
172 80 3
172 81 3
172 84 3
172 85 3
172 91 3
172 92 3
172 96 3
172 97 3
172 100 3
172 101 3
172 102 3
172 103 3
172 104 3
172 106 3
172 107 3
172 109 3
172 111 3
172 112 3
172 114 3
172 115 3
172 116 3
172 118 3
172 120 3
172 121 3
172 123 3
172 124 3
172 125 3
172 129 3
172 130 3
172 133 3
172 135 3
172 138 3
172 139 3
172 140 3
172 141 3
172 142 3
172 147 3
172 150 3
172 156 3
172 157 3
172 160 3
172 161 3
172 162 3
172 163 3
172 165 3
172 166 3
173 3 3
173 5 3
173 6 3
173 10 3
173 12 3
173 13 3
173 14 3
173 15 3
173 18 3
173 19 3
173 21 3
173 22 3
173 25 3
173 26 3
173 31 3
173 32 3
173 33 3
173 40 3
173 41 3
173 42 3
173 43 3
173 44 3
173 49 3
173 50 3
173 54 3
173 56 3
173 58 3
173 61 3
173 64 3
173 66 3
173 72 3
173 77 3
173 79 3
173 80 3
173 83 3
173 84 3
173 86 3
173 94 3
173 98 3
173 100 3
173 102 3
173 104 3
173 105 3
173 108 3
173 109 3
173 111 3
173 117 3
173 118 3
173 124 3
173 126 3
173 131 3
173 132 3
173 136 3
173 141 3
173 142 3
173 148 3
173 149 3
173 153 3
173 158 3
173 159 3
173 161 3
173 164 3
173 166 3
173 171 3
174 0 3
174 1 3
174 3 3
174 5 3
174 8 3
174 11 3
174 16 3
174 17 3
174 18 3
174 23 3
174 24 3
174 25 3
174 28 3
174 30 3
174 31 3
174 33 3
174 34 3
174 35 3
174 41 3
174 43 3
174 45 3
174 46 3
174 49 3
174 50 3
174 53 3
174 54 3
174 55 3
174 58 3
174 65 3
174 66 3
174 67 3
174 73 3
174 76 3
174 78 3
174 80 3
174 82 3
174 85 3
174 86 3
174 87 3
174 88 3
174 91 3
174 92 3
174 93 3
174 95 3
174 101 3
174 104 3
174 108 3
174 113 3
174 115 3
174 118 3
174 120 3
174 121 3
174 122 3
174 123 3
174 127 3
174 130 3
174 133 3
174 135 3
174 138 3
174 139 3
174 141 3
174 142 3
174 152 3
174 154 3
174 156 3
174 157 3
174 162 3
174 163 3
174 165 3
174 166 3
174 167 3
174 172 3
174 173 3
175 5 3
175 6 3
175 9 3
175 10 3
175 11 3
175 12 3
175 13 3
175 14 3
175 15 3
175 16 3
175 19 3
175 20 3
175 22 3
175 26 3
175 31 3
175 32 3
175 36 3
175 37 3
175 40 3
175 42 3
175 43 3
175 46 3
175 49 3
175 54 3
175 56 3
175 58 3
175 64 3
175 65 3
175 66 3
175 68 3
175 70 3
175 71 3
175 74 3
175 75 3
175 76 3
175 82 3
175 83 3
175 87 3
175 90 3
175 96 3
175 98 3
175 100 3
175 110 3
175 111 3
175 116 3
175 117 3
175 120 3
175 123 3
175 124 3
175 125 3
175 126 3
175 138 3
175 141 3
175 144 3
175 148 3
175 152 3
175 161 3
175 167 3
175 168 3
175 171 3
175 173 3
175 175 3
176 0 3
176 4 3
176 8 3
176 9 3
176 10 3
176 12 3
176 14 3
176 19 3
176 22 3
176 23 3
176 24 3
176 25 3
176 28 3
176 30 3
176 31 3
176 33 3
176 35 3
176 36 3
176 46 3
176 49 3
176 50 3
176 51 3
176 52 3
176 53 3
176 54 3
176 62 3
176 65 3
176 67 3
176 69 3
176 70 3
176 73 3
176 75 3
176 76 3
176 78 3
176 79 3
176 81 3
176 83 3
176 84 3
176 85 3
176 89 3
176 92 3
176 94 3
176 95 3
176 97 3
176 101 3
176 103 3
176 104 3
176 105 3
176 106 3
176 109 3
176 112 3
176 113 3
176 114 3
176 119 3
176 120 3
176 121 3
176 122 3
176 123 3
176 126 3
176 127 3
176 128 3
176 129 3
176 133 3
176 137 3
176 139 3
176 140 3
176 142 3
176 143 3
176 147 3
176 150 3
176 153 3
176 156 3
176 157 3
176 159 3
176 160 3
176 162 3
176 164 3
176 166 3
176 169 3
176 170 3
176 174 3
176 176 3
177 0 3
177 1 3
177 2 3
177 3 3
177 4 3
177 8 3
177 9 3
177 11 3
177 16 3
177 17 3
177 18 3
177 20 3
177 21 3
177 23 3
177 25 3
177 26 3
177 28 3
177 30 3
177 34 3
177 36 3
177 37 3
177 38 3
177 39 3
177 41 3
177 43 3
177 45 3
177 46 3
177 47 3
177 48 3
177 49 3
177 52 3
177 54 3
177 58 3
177 59 3
177 60 3
177 63 3
177 65 3
177 66 3
177 69 3
177 70 3
177 74 3
177 75 3
177 76 3
177 80 3
177 81 3
177 84 3
177 86 3
177 87 3
177 88 3
177 89 3
177 93 3
177 94 3
177 97 3
177 102 3
177 103 3
177 104 3
177 109 3
177 114 3
177 116 3
177 120 3
177 124 3
177 125 3
177 126 3
177 128 3
177 129 3
177 130 3
177 131 3
177 133 3
177 134 3
177 135 3
177 136 3
177 137 3
177 139 3
177 140 3
177 143 3
177 144 3
177 148 3
177 150 3
177 153 3
177 154 3
177 156 3
177 157 3
177 160 3
177 161 3
177 162 3
177 165 3
177 166 3
177 167 3
177 169 3
177 170 3
177 172 3
177 173 3
177 174 3
177 176 3
177 177 3
178 0 3
178 1 3
178 2 3
178 3 3
178 7 3
178 9 3
178 11 3
178 12 3
178 13 3
178 20 3
178 23 3
178 24 3
178 27 3
178 29 3
178 30 3
178 32 3
178 34 3
178 36 3
178 41 3
178 43 3
178 46 3
178 48 3
178 50 3
178 52 3
178 53 3
178 58 3
178 60 3
178 62 3
178 63 3
178 65 3
178 67 3
178 69 3
178 70 3
178 71 3
178 73 3
178 75 3
178 80 3
178 81 3
178 82 3
178 85 3
178 86 3
178 87 3
178 88 3
178 89 3
178 92 3
178 93 3
178 95 3
178 96 3
178 98 3
178 99 3
178 101 3
178 102 3
178 103 3
178 104 3
178 106 3
178 107 3
178 110 3
178 112 3
178 113 3
178 115 3
178 116 3
178 118 3
178 121 3
178 122 3
178 124 3
178 125 3
178 126 3
178 130 3
178 131 3
178 133 3
178 136 3
178 142 3
178 143 3
178 147 3
178 157 3
178 159 3
178 160 3
178 161 3
178 162 3
178 163 3
178 165 3
178 166 3
178 168 3
178 169 3
178 170 3
178 174 3
178 177 3
178 178 3
179 1 3
179 4 3
179 5 3
179 10 3
179 11 3
179 13 3
179 14 3
179 15 3
179 18 3
179 20 3
179 21 3
179 22 3
179 26 3
179 29 3
179 31 3
179 35 3
179 37 3
179 38 3
179 40 3
179 45 3
179 49 3
179 60 3
179 61 3
179 62 3
179 64 3
179 66 3
179 68 3
179 71 3
179 72 3
179 75 3
179 79 3
179 80 3
179 85 3
179 89 3
179 90 3
179 93 3
179 96 3
179 105 3
179 106 3
179 108 3
179 109 3
179 110 3
179 111 3
179 112 3
179 117 3
179 119 3
179 123 3
179 125 3
179 127 3
179 128 3
179 129 3
179 131 3
179 132 3
179 138 3
179 141 3
179 145 3
179 151 3
179 152 3
179 155 3
179 158 3
179 162 3
179 164 3
179 168 3
179 171 3
179 175 3
179 176 3
179 179 3
180 0 3
180 1 3
180 3 3
180 6 3
180 7 3
180 8 3
180 9 3
180 11 3
180 12 3
180 14 3
180 16 3
180 17 3
180 18 3
180 20 3
180 24 3
180 31 3
180 33 3
180 37 3
180 47 3
180 48 3
180 52 3
180 53 3
180 55 3
180 56 3
180 59 3
180 62 3
180 63 3
180 73 3
180 75 3
180 76 3
180 78 3
180 80 3
180 82 3
180 84 3
180 85 3
180 86 3
180 88 3
180 89 3
180 92 3
180 93 3
180 94 3
180 95 3
180 96 3
180 104 3
180 106 3
180 107 3
180 113 3
180 115 3
180 116 3
180 118 3
180 123 3
180 130 3
180 133 3
180 134 3
180 135 3
180 137 3
180 138 3
180 139 3
180 143 3
180 146 3
180 150 3
180 153 3
180 157 3
180 160 3
180 161 3
180 163 3
180 164 3
180 165 3
180 166 3
180 169 3
180 170 3
180 173 3
180 174 3
180 176 3
180 177 3
180 180 3
181 1 3
181 5 3
181 6 3
181 13 3
181 20 3
181 21 3
181 24 3
181 26 3
181 27 3
181 28 3
181 32 3
181 37 3
181 40 3
181 44 3
181 46 3
181 57 3
181 58 3
181 61 3
181 65 3
181 68 3
181 77 3
181 82 3
181 83 3
181 85 3
181 86 3
181 90 3
181 93 3
181 97 3
181 104 3
181 105 3
181 109 3
181 115 3
181 117 3
181 122 3
181 123 3
181 124 3
181 127 3
181 128 3
181 129 3
181 133 3
181 135 3
181 136 3
181 138 3
181 141 3
181 143 3
181 144 3
181 145 3
181 148 3
181 149 3
181 150 3
181 155 3
181 164 3
181 167 3
181 168 3
181 171 3
181 174 3
181 177 3
181 181 3
182 0 3
182 1 3
182 2 3
182 4 3
182 7 3
182 8 3
182 16 3
182 17 3
182 18 3
182 23 3
182 24 3
182 27 3
182 28 3
182 29 3
182 31 3
182 33 3
182 34 3
182 36 3
182 38 3
182 39 3
182 43 3
182 45 3
182 47 3
182 48 3
182 50 3
182 52 3
182 53 3
182 54 3
182 59 3
182 60 3
182 62 3
182 65 3
182 66 3
182 67 3
182 69 3
182 70 3
182 73 3
182 75 3
182 78 3
182 83 3
182 84 3
182 86 3
182 87 3
182 88 3
182 89 3
182 91 3
182 92 3
182 93 3
182 97 3
182 103 3
182 104 3
182 105 3
182 112 3
182 113 3
182 116 3
182 119 3
182 121 3
182 122 3
182 125 3
182 126 3
182 127 3
182 129 3
182 130 3
182 131 3
182 133 3
182 134 3
182 135 3
182 136 3
182 137 3
182 138 3
182 139 3
182 144 3
182 146 3
182 147 3
182 150 3
182 152 3
182 153 3
182 154 3
182 156 3
182 157 3
182 161 3
182 163 3
182 166 3
182 170 3
182 173 3
182 174 3
182 175 3
182 176 3
182 178 3
183 0 3
183 1 3
183 7 3
183 9 3
183 12 3
183 13 3
183 15 3
183 17 3
183 18 3
183 20 3
183 23 3
183 24 3
183 25 3
183 27 3
183 28 3
183 30 3
183 31 3
183 32 3
183 33 3
183 36 3
183 39 3
183 41 3
183 45 3
183 46 3
183 50 3
183 51 3
183 52 3
183 54 3
183 59 3
183 60 3
183 63 3
183 73 3
183 75 3
183 76 3
183 78 3
183 81 3
183 83 3
183 85 3
183 87 3
183 88 3
183 93 3
183 94 3
183 95 3
183 96 3
183 101 3
183 102 3
183 103 3
183 106 3
183 107 3
183 112 3
183 113 3
183 114 3
183 115 3
183 118 3
183 120 3
183 121 3
183 125 3
183 126 3
183 127 3
183 129 3
183 130 3
183 133 3
183 134 3
183 138 3
183 139 3
183 140 3
183 142 3
183 146 3
183 147 3
183 148 3
183 150 3
183 152 3
183 153 3
183 154 3
183 156 3
183 157 3
183 163 3
183 165 3
183 167 3
183 169 3
183 174 3
183 177 3
183 178 3
183 180 3
183 181 3
183 183 3
184 1 3
184 3 3
184 4 3
184 5 3
184 6 3
184 10 3
184 15 3
184 17 3
184 19 3
184 22 3
184 23 3
184 26 3
184 28 3
184 29 3
184 30 3
184 31 3
184 35 3
184 37 3
184 38 3
184 39 3
184 40 3
184 42 3
184 43 3
184 44 3
184 49 3
184 52 3
184 61 3
184 65 3
184 71 3
184 74 3
184 76 3
184 79 3
184 83 3
184 87 3
184 90 3
184 97 3
184 99 3
184 102 3
184 104 3
184 106 3
184 109 3
184 110 3
184 111 3
184 119 3
184 123 3
184 131 3
184 132 3
184 136 3
184 138 3
184 141 3
184 144 3
184 145 3
184 149 3
184 154 3
184 157 3
184 158 3
184 162 3
184 165 3
184 166 3
184 167 3
184 172 3
184 173 3
184 179 3
184 181 3
184 184 3
185 2 3
185 3 3
185 8 3
185 10 3
185 12 3
185 14 3
185 17 3
185 18 3
185 19 3
185 21 3
185 23 3
185 30 3
185 31 3
185 32 3
185 33 3
185 34 3
185 35 3
185 36 3
185 39 3
185 41 3
185 45 3
185 48 3
185 50 3
185 51 3
185 52 3
185 54 3
185 55 3
185 56 3
185 57 3
185 59 3
185 60 3
185 62 3
185 65 3
185 69 3
185 73 3
185 74 3
185 75 3
185 79 3
185 80 3
185 81 3
185 82 3
185 83 3
185 84 3
185 85 3
185 87 3
185 91 3
185 92 3
185 98 3
185 101 3
185 103 3
185 104 3
185 105 3
185 106 3
185 108 3
185 109 3
185 113 3
185 114 3
185 116 3
185 118 3
185 119 3
185 120 3
185 121 3
185 122 3
185 125 3
185 126 3
185 134 3
185 137 3
185 138 3
185 139 3
185 140 3
185 141 3
185 142 3
185 145 3
185 146 3
185 147 3
185 149 3
185 152 3
185 153 3
185 154 3
185 160 3
185 161 3
185 162 3
185 163 3
185 166 3
185 169 3
185 170 3
185 172 3
185 173 3
185 176 3
185 177 3
185 178 3
185 180 3
185 181 3
185 183 3
185 184 3
186 0 3
186 1 3
186 2 3
186 3 3
186 7 3
186 12 3
186 18 3
186 20 3
186 21 3
186 23 3
186 24 3
186 25 3
186 30 3
186 33 3
186 34 3
186 38 3
186 39 3
186 41 3
186 43 3
186 47 3
186 48 3
186 49 3
186 50 3
186 51 3
186 52 3
186 53 3
186 55 3
186 62 3
186 64 3
186 65 3
186 67 3
186 72 3
186 74 3
186 75 3
186 76 3
186 78 3
186 81 3
186 82 3
186 84 3
186 85 3
186 86 3
186 87 3
186 88 3
186 89 3
186 92 3
186 94 3
186 95 3
186 97 3
186 101 3
186 102 3
186 110 3
186 112 3
186 113 3
186 118 3
186 119 3
186 120 3
186 125 3
186 126 3
186 129 3
186 130 3
186 132 3
186 133 3
186 134 3
186 135 3
186 136 3
186 138 3
186 141 3
186 142 3
186 143 3
186 144 3
186 145 3
186 146 3
186 153 3
186 154 3
186 156 3
186 162 3
186 163 3
186 169 3
186 171 3
186 172 3
186 174 3
186 180 3
186 181 3
186 182 3
186 183 3
186 186 3
187 0 3
187 1 3
187 5 3
187 8 3
187 11 3
187 12 3
187 16 3
187 17 3
187 18 3
187 19 3
187 23 3
187 24 3
187 25 3
187 27 3
187 28 3
187 30 3
187 33 3
187 34 3
187 35 3
187 36 3
187 39 3
187 41 3
187 43 3
187 46 3
187 47 3
187 50 3
187 52 3
187 60 3
187 62 3
187 63 3
187 66 3
187 70 3
187 73 3
187 74 3
187 76 3
187 81 3
187 82 3
187 84 3
187 85 3
187 86 3
187 91 3
187 92 3
187 94 3
187 95 3
187 96 3
187 97 3
187 101 3
187 102 3
187 104 3
187 106 3
187 108 3
187 110 3
187 116 3
187 121 3
187 125 3
187 126 3
187 127 3
187 129 3
187 131 3
187 137 3
187 140 3
187 141 3
187 142 3
187 145 3
187 146 3
187 148 3
187 150 3
187 153 3
187 154 3
187 155 3
187 156 3
187 159 3
187 165 3
187 166 3
187 167 3
187 168 3
187 171 3
187 175 3
187 177 3
187 180 3
187 182 3
187 183 3
187 185 3
187 186 3
187 187 3
188 1 3
188 3 3
188 5 3
188 9 3
188 11 3
188 14 3
188 16 3
188 18 3
188 22 3
188 23 3
188 24 3
188 25 3
188 28 3
188 30 3
188 33 3
188 36 3
188 38 3
188 39 3
188 41 3
188 43 3
188 45 3
188 46 3
188 47 3
188 48 3
188 50 3
188 52 3
188 54 3
188 55 3
188 64 3
188 66 3
188 67 3
188 69 3
188 70 3
188 71 3
188 74 3
188 75 3
188 78 3
188 80 3
188 82 3
188 83 3
188 86 3
188 87 3
188 88 3
188 89 3
188 92 3
188 93 3
188 95 3
188 96 3
188 98 3
188 101 3
188 102 3
188 106 3
188 107 3
188 112 3
188 113 3
188 115 3
188 117 3
188 119 3
188 120 3
188 121 3
188 122 3
188 125 3
188 126 3
188 127 3
188 129 3
188 130 3
188 133 3
188 134 3
188 135 3
188 137 3
188 138 3
188 140 3
188 143 3
188 147 3
188 150 3
188 153 3
188 156 3
188 159 3
188 161 3
188 165 3
188 166 3
188 169 3
188 172 3
188 174 3
188 176 3
188 178 3
188 184 3
188 185 3
188 187 3
188 188 3
189 2 3
189 3 3
189 5 3
189 6 3
189 7 3
189 10 3
189 14 3
189 19 3
189 21 3
189 26 3
189 31 3
189 32 3
189 40 3
189 42 3
189 44 3
189 50 3
189 52 3
189 62 3
189 79 3
189 90 3
189 99 3
189 105 3
189 109 3
189 111 3
189 113 3
189 117 3
189 119 3
189 123 3
189 124 3
189 125 3
189 131 3
189 132 3
189 136 3
189 137 3
189 138 3
189 144 3
189 145 3
189 149 3
189 151 3
189 155 3
189 159 3
189 164 3
189 165 3
189 167 3
189 170 3
189 173 3
189 179 3
189 180 3
189 181 3
189 184 3
189 185 3
189 189 3
190 3 3
190 4 3
190 5 3
190 6 3
190 11 3
190 12 3
190 14 3
190 18 3
190 20 3
190 21 3
190 30 3
190 32 3
190 34 3
190 35 3
190 37 3
190 40 3
190 42 3
190 44 3
190 46 3
190 57 3
190 58 3
190 60 3
190 61 3
190 63 3
190 64 3
190 68 3
190 72 3
190 73 3
190 75 3
190 77 3
190 79 3
190 83 3
190 85 3
190 90 3
190 98 3
190 99 3
190 100 3
190 102 3
190 105 3
190 106 3
190 108 3
190 109 3
190 110 3
190 111 3
190 115 3
190 117 3
190 118 3
190 123 3
190 131 3
190 132 3
190 133 3
190 141 3
190 144 3
190 145 3
190 146 3
190 148 3
190 149 3
190 150 3
190 152 3
190 155 3
190 159 3
190 161 3
190 169 3
190 173 3
190 179 3
190 180 3
190 181 3
190 184 3
190 187 3
190 188 3
190 189 3
190 190 3
191 0 3
191 1 3
191 3 3
191 5 3
191 6 3
191 7 3
191 9 3
191 11 3
191 12 3
191 14 3
191 17 3
191 18 3
191 24 3
191 28 3
191 30 3
191 31 3
191 33 3
191 35 3
191 36 3
191 39 3
191 41 3
191 42 3
191 46 3
191 47 3
191 50 3
191 51 3
191 54 3
191 55 3
191 57 3
191 58 3
191 59 3
191 62 3
191 63 3
191 65 3
191 67 3
191 68 3
191 69 3
191 71 3
191 73 3
191 75 3
191 76 3
191 77 3
191 78 3
191 80 3
191 82 3
191 83 3
191 85 3
191 87 3
191 88 3
191 89 3
191 91 3
191 92 3
191 93 3
191 94 3
191 95 3
191 97 3
191 98 3
191 101 3
191 102 3
191 103 3
191 109 3
191 111 3
191 112 3
191 113 3
191 115 3
191 116 3
191 117 3
191 118 3
191 119 3
191 120 3
191 121 3
191 122 3
191 124 3
191 126 3
191 127 3
191 129 3
191 133 3
191 135 3
191 138 3
191 139 3
191 140 3
191 143 3
191 153 3
191 154 3
191 156 3
191 157 3
191 158 3
191 159 3
191 160 3
191 161 3
191 162 3
191 163 3
191 166 3
191 169 3
191 172 3
191 174 3
191 177 3
191 178 3
191 182 3
191 183 3
191 184 3
191 185 3
191 186 3
191 187 3
191 191 3
192 1 3
192 2 3
192 3 3
192 6 3
192 8 3
192 9 3
192 11 3
192 16 3
192 23 3
192 24 3
192 30 3
192 31 3
192 34 3
192 38 3
192 39 3
192 40 3
192 43 3
192 44 3
192 45 3
192 46 3
192 47 3
192 53 3
192 54 3
192 55 3
192 60 3
192 63 3
192 70 3
192 71 3
192 73 3
192 74 3
192 76 3
192 84 3
192 87 3
192 88 3
192 89 3
192 91 3
192 92 3
192 93 3
192 94 3
192 95 3
192 96 3
192 100 3
192 102 3
192 103 3
192 104 3
192 107 3
192 111 3
192 113 3
192 114 3
192 116 3
192 119 3
192 120 3
192 121 3
192 125 3
192 126 3
192 127 3
192 129 3
192 132 3
192 133 3
192 134 3
192 135 3
192 139 3
192 140 3
192 142 3
192 146 3
192 147 3
192 153 3
192 158 3
192 160 3
192 163 3
192 164 3
192 166 3
192 169 3
192 176 3
192 179 3
192 182 3
192 183 3
192 185 3
192 189 3
192 191 3
192 192 3
193 0 3
193 3 3
193 4 3
193 7 3
193 8 3
193 14 3
193 17 3
193 18 3
193 20 3
193 21 3
193 28 3
193 30 3
193 32 3
193 41 3
193 42 3
193 45 3
193 47 3
193 51 3
193 53 3
193 54 3
193 55 3
193 57 3
193 58 3
193 59 3
193 61 3
193 62 3
193 63 3
193 65 3
193 67 3
193 69 3
193 72 3
193 76 3
193 78 3
193 80 3
193 83 3
193 84 3
193 87 3
193 88 3
193 89 3
193 91 3
193 93 3
193 94 3
193 95 3
193 96 3
193 101 3
193 102 3
193 105 3
193 107 3
193 112 3
193 114 3
193 118 3
193 119 3
193 122 3
193 124 3
193 125 3
193 126 3
193 127 3
193 130 3
193 132 3
193 137 3
193 138 3
193 140 3
193 143 3
193 146 3
193 147 3
193 153 3
193 154 3
193 155 3
193 157 3
193 158 3
193 160 3
193 164 3
193 167 3
193 169 3
193 170 3
193 174 3
193 176 3
193 177 3
193 178 3
193 182 3
193 183 3
193 185 3
193 186 3
193 187 3
194 0 3
194 3 3
194 4 3
194 7 3
194 8 3
194 13 3
194 16 3
194 17 3
194 18 3
194 20 3
194 23 3
194 25 3
194 27 3
194 30 3
194 31 3
194 33 3
194 34 3
194 35 3
194 37 3
194 39 3
194 41 3
194 46 3
194 50 3
194 51 3
194 52 3
194 54 3
194 55 3
194 56 3
194 59 3
194 60 3
194 62 3
194 65 3
194 67 3
194 71 3
194 72 3
194 73 3
194 75 3
194 76 3
194 81 3
194 83 3
194 84 3
194 85 3
194 86 3
194 88 3
194 92 3
194 95 3
194 97 3
194 101 3
194 102 3
194 103 3
194 104 3
194 105 3
194 107 3
194 111 3
194 112 3
194 113 3
194 118 3
194 119 3
194 120 3
194 122 3
194 125 3
194 126 3
194 129 3
194 134 3
194 135 3
194 136 3
194 137 3
194 138 3
194 140 3
194 147 3
194 148 3
194 154 3
194 156 3
194 157 3
194 159 3
194 160 3
194 161 3
194 162 3
194 164 3
194 165 3
194 166 3
194 168 3
194 170 3
194 172 3
194 174 3
194 175 3
194 176 3
194 177 3
194 180 3
194 182 3
194 183 3
194 184 3
194 187 3
194 190 3
194 191 3
194 192 3
194 193 3
194 194 3
195 0 3
195 2 3
195 3 3
195 6 3
195 8 3
195 11 3
195 12 3
195 17 3
195 18 3
195 21 3
195 23 3
195 27 3
195 30 3
195 32 3
195 34 3
195 35 3
195 36 3
195 38 3
195 39 3
195 41 3
195 43 3
195 46 3
195 51 3
195 52 3
195 53 3
195 54 3
195 55 3
195 60 3
195 62 3
195 63 3
195 65 3
195 67 3
195 70 3
195 72 3
195 73 3
195 74 3
195 75 3
195 76 3
195 77 3
195 79 3
195 80 3
195 81 3
195 84 3
195 85 3
195 86 3
195 87 3
195 89 3
195 91 3
195 93 3
195 94 3
195 95 3
195 101 3
195 102 3
195 103 3
195 106 3
195 107 3
195 112 3
195 113 3
195 115 3
195 119 3
195 121 3
195 125 3
195 126 3
195 127 3
195 129 3
195 130 3
195 131 3
195 132 3
195 133 3
195 134 3
195 135 3
195 136 3
195 137 3
195 138 3
195 139 3
195 141 3
195 143 3
195 146 3
195 148 3
195 150 3
195 154 3
195 157 3
195 159 3
195 160 3
195 161 3
195 166 3
195 169 3
195 174 3
195 176 3
195 177 3
195 178 3
195 182 3
195 183 3
195 186 3
195 187 3
195 188 3
195 192 3
195 193 3
195 194 3
196 1 3
196 2 3
196 3 3
196 8 3
196 9 3
196 10 3
196 11 3
196 12 3
196 17 3
196 18 3
196 20 3
196 22 3
196 24 3
196 27 3
196 28 3
196 30 3
196 33 3
196 34 3
196 36 3
196 37 3
196 39 3
196 40 3
196 45 3
196 47 3
196 49 3
196 50 3
196 51 3
196 52 3
196 54 3
196 59 3
196 62 3
196 63 3
196 64 3
196 67 3
196 68 3
196 72 3
196 73 3
196 74 3
196 76 3
196 77 3
196 78 3
196 84 3
196 86 3
196 91 3
196 94 3
196 99 3
196 101 3
196 103 3
196 104 3
196 107 3
196 108 3
196 112 3
196 115 3
196 116 3
196 119 3
196 120 3
196 121 3
196 122 3
196 125 3
196 126 3
196 129 3
196 130 3
196 133 3
196 134 3
196 135 3
196 136 3
196 137 3
196 139 3
196 146 3
196 147 3
196 148 3
196 153 3
196 156 3
196 160 3
196 165 3
196 169 3
196 170 3
196 171 3
196 172 3
196 174 3
196 175 3
196 176 3
196 177 3
196 178 3
196 187 3
196 188 3
196 192 3
196 193 3
196 196 3
197 2 3
197 3 3
197 7 3
197 10 3
197 11 3
197 12 3
197 16 3
197 18 3
197 19 3
197 20 3
197 22 3
197 24 3
197 30 3
197 31 3
197 35 3
197 37 3
197 38 3
197 39 3
197 41 3
197 45 3
197 47 3
197 52 3
197 55 3
197 60 3
197 62 3
197 65 3
197 67 3
197 69 3
197 70 3
197 72 3
197 74 3
197 76 3
197 78 3
197 80 3
197 81 3
197 82 3
197 84 3
197 85 3
197 87 3
197 88 3
197 91 3
197 92 3
197 93 3
197 95 3
197 96 3
197 97 3
197 98 3
197 100 3
197 101 3
197 102 3
197 103 3
197 104 3
197 107 3
197 113 3
197 114 3
197 116 3
197 119 3
197 121 3
197 124 3
197 125 3
197 126 3
197 127 3
197 129 3
197 130 3
197 133 3
197 134 3
197 135 3
197 136 3
197 138 3
197 139 3
197 140 3
197 141 3
197 142 3
197 146 3
197 147 3
197 154 3
197 157 3
197 159 3
197 162 3
197 163 3
197 164 3
197 166 3
197 170 3
197 172 3
197 174 3
197 175 3
197 177 3
197 180 3
197 181 3
197 185 3
197 186 3
197 187 3
197 188 3
197 191 3
197 192 3
197 194 3
197 195 3
197 196 3
198 2 3
198 7 3
198 8 3
198 12 3
198 17 3
198 18 3
198 22 3
198 23 3
198 28 3
198 30 3
198 31 3
198 35 3
198 36 3
198 38 3
198 41 3
198 42 3
198 43 3
198 45 3
198 46 3
198 47 3
198 52 3
198 53 3
198 54 3
198 55 3
198 56 3
198 62 3
198 63 3
198 65 3
198 68 3
198 69 3
198 74 3
198 75 3
198 77 3
198 78 3
198 80 3
198 81 3
198 84 3
198 86 3
198 87 3
198 88 3
198 89 3
198 92 3
198 93 3
198 101 3
198 102 3
198 112 3
198 113 3
198 115 3
198 118 3
198 119 3
198 125 3
198 127 3
198 129 3
198 130 3
198 134 3
198 135 3
198 136 3
198 138 3
198 141 3
198 142 3
198 143 3
198 146 3
198 147 3
198 151 3
198 153 3
198 155 3
198 157 3
198 161 3
198 163 3
198 165 3
198 168 3
198 169 3
198 170 3
198 174 3
198 176 3
198 177 3
198 180 3
198 182 3
198 183 3
198 188 3
198 190 3
198 191 3
198 192 3
198 193 3
198 194 3
198 195 3
198 196 3
198 198 3
199 0 3
199 1 3
199 11 3
199 12 3
199 20 3
199 22 3
199 24 3
199 25 3
199 27 3
199 33 3
199 34 3
199 36 3
199 39 3
199 41 3
199 43 3
199 44 3
199 47 3
199 49 3
199 50 3
199 52 3
199 53 3
199 60 3
199 64 3
199 65 3
199 67 3
199 69 3
199 70 3
199 74 3
199 76 3
199 79 3
199 80 3
199 85 3
199 86 3
199 87 3
199 88 3
199 89 3
199 90 3
199 91 3
199 93 3
199 95 3
199 96 3
199 97 3
199 101 3
199 103 3
199 104 3
199 106 3
199 107 3
199 109 3
199 111 3
199 112 3
199 115 3
199 116 3
199 118 3
199 119 3
199 125 3
199 126 3
199 127 3
199 133 3
199 137 3
199 144 3
199 145 3
199 147 3
199 148 3
199 152 3
199 153 3
199 157 3
199 159 3
199 160 3
199 161 3
199 162 3
199 169 3
199 170 3
199 175 3
199 176 3
199 177 3
199 180 3
199 181 3
199 182 3
199 185 3
199 186 3
199 187 3
199 191 3
199 193 3
199 194 3
199 198 3
199 199 3
