0 0 1
1 1 1
3 2 1
4 3 1
5 3 1
6 5 1
7 1 1
7 2 1
8 2 1
8 3 1
9 2 1
10 5 1
10 6 1
10 10 1
11 0 1
11 9 1
12 1 1
12 5 1
12 7 1
12 8 1
12 10 1
13 3 1
13 6 1
13 9 1
13 11 1
14 14 1
15 3 1
15 4 1
15 9 1
15 10 1
15 13 1
16 0 1
16 5 1
16 8 1
16 9 1
16 13 1
17 0 1
17 1 1
17 6 1
17 8 1
17 11 1
18 4 1
18 11 1
18 18 1
19 1 1
19 8 1
19 16 1
20 2 1
20 3 1
20 8 1
20 15 1
20 16 1
21 7 1
21 9 1
21 10 1
21 13 1
21 14 1
21 17 1
22 10 1
22 11 1
22 19 1
22 21 1
22 22 1
23 1 1
23 3 1
23 6 1
23 17 1
23 20 1
23 23 1
24 4 1
24 13 1
24 18 1
24 19 1
24 24 1
25 6 1
25 7 1
25 13 1
25 16 1
25 17 1
25 20 1
25 22 1
26 3 1
26 5 1
26 6 1
26 10 1
26 14 1
26 15 1
26 16 1
26 17 1
26 18 1
26 19 1
26 22 1
27 0 1
27 4 1
27 6 1
27 8 1
27 19 1
27 20 1
27 22 1
28 1 1
28 5 1
28 12 1
29 3 1
29 6 1
29 13 1
29 15 1
29 16 1
29 24 1
30 0 1
30 2 1
30 7 1
30 14 1
30 20 1
30 25 1
30 27 1
31 2 1
31 5 1
31 10 1
31 11 1
31 13 1
31 15 1
31 20 1
31 24 1
31 27 1
31 30 1
32 4 1
32 8 1
32 12 1
32 14 1
32 15 1
32 19 1
32 25 1
33 6 1
33 9 1
33 15 1
33 24 1
34 1 1
34 2 1
34 8 1
34 11 1
34 13 1
34 17 1
34 19 1
34 25 1
34 29 1
34 33 1
34 34 1
35 5 1
35 13 1
35 22 1
35 24 1
35 27 1
35 33 1
36 0 1
36 3 1
36 11 1
36 20 1
36 35 1
37 2 1
37 11 1
37 12 1
37 14 1
37 15 1
37 16 1
37 18 1
37 20 1
37 26 1
37 36 1
38 8 1
38 15 1
38 16 1
38 32 1
38 33 1
39 0 1
39 5 1
39 9 1
39 11 1
39 17 1
39 18 1
40 1 1
40 2 1
40 12 1
40 18 1
40 27 1
40 30 1
40 36 1
40 37 1
40 38 1
40 40 1
41 11 1
41 14 1
41 17 1
41 20 1
41 23 1
41 24 1
41 25 1
41 28 1
41 29 1
41 30 1
41 31 1
41 39 1
42 1 1
42 8 1
42 11 1
42 13 1
42 17 1
42 18 1
42 19 1
42 26 1
42 32 1
42 36 1
42 37 1
43 7 1
43 9 1
43 18 1
43 31 1
43 34 1
43 40 1
43 41 1
43 43 1
44 11 1
44 13 1
44 21 1
44 23 1
44 25 1
44 35 1
44 36 1
44 38 1
44 40 1
44 42 1
44 43 1
45 2 1
45 4 1
45 6 1
45 11 1
45 13 1
45 19 1
45 21 1
45 28 1
45 30 1
45 36 1
45 38 1
45 41 1
46 10 1
46 13 1
46 23 1
46 30 1
46 34 1
46 41 1
47 1 1
47 4 1
47 16 1
47 17 1
47 18 1
47 19 1
47 26 1
47 37 1
47 41 1
47 45 1
48 0 1
48 1 1
48 4 1
48 8 1
48 10 1
48 12 1
48 13 1
48 19 1
48 23 1
48 24 1
48 28 1
48 31 1
49 2 1
49 3 1
49 6 1
49 7 1
49 19 1
49 25 1
49 44 1
49 49 1
50 0 1
50 1 1
50 3 1
50 5 1
50 9 1
50 10 1
50 11 1
50 24 1
50 32 1
50 34 1
50 35 1
50 36 1
50 42 1
50 45 1
50 46 1
51 1 1
51 6 1
51 7 1
51 8 1
51 20 1
51 23 1
51 25 1
51 32 1
51 33 1
51 37 1
51 38 1
51 42 1
51 45 1
52 4 1
52 6 1
52 10 1
52 12 1
52 14 1
52 22 1
52 24 1
52 30 1
52 32 1
52 37 1
52 50 1
53 6 1
53 10 1
53 12 1
53 16 1
53 25 1
53 28 1
53 32 1
53 38 1
53 40 1
53 42 1
53 44 1
53 47 1
53 52 1
53 53 1
54 1 1
54 4 1
54 12 1
54 26 1
54 28 1
54 31 1
54 34 1
54 35 1
54 36 1
54 37 1
54 39 1
54 42 1
54 48 1
54 52 1
54 53 1
55 7 1
55 13 1
55 14 1
55 22 1
55 26 1
55 29 1
55 30 1
55 31 1
55 34 1
55 41 1
55 44 1
55 49 1
55 51 1
55 52 1
56 4 1
56 7 1
56 11 1
56 15 1
56 17 1
56 21 1
56 29 1
56 32 1
56 33 1
56 43 1
56 44 1
56 46 1
56 53 1
57 0 1
57 3 1
57 6 1
57 20 1
57 28 1
57 29 1
57 33 1
57 37 1
57 38 1
57 40 1
57 57 1
58 1 1
58 14 1
58 19 1
58 22 1
58 26 1
58 29 1
58 35 1
58 38 1
58 49 1
58 52 1
59 3 1
59 8 1
59 11 1
59 12 1
59 14 1
59 18 1
59 21 1
59 27 1
59 29 1
59 38 1
59 45 1
59 48 1
59 49 1
60 0 1
60 6 1
60 8 1
60 11 1
60 12 1
60 18 1
60 28 1
60 32 1
60 33 1
60 34 1
60 35 1
60 36 1
60 41 1
60 47 1
60 56 1
60 58 1
60 59 1
61 1 1
61 3 1
61 4 1
61 15 1
61 30 1
61 36 1
61 38 1
61 41 1
61 46 1
61 48 1
61 49 1
61 51 1
61 55 1
62 1 1
62 2 1
62 3 1
62 12 1
62 14 1
62 23 1
62 30 1
62 43 1
62 44 1
62 50 1
62 51 1
62 54 1
62 55 1
62 58 1
62 60 1
63 3 1
63 18 1
63 30 1
63 35 1
63 45 1
63 49 1
63 53 1
63 54 1
63 59 1
63 61 1
64 1 1
64 3 1
64 4 1
64 9 1
64 20 1
64 21 1
64 25 1
64 28 1
64 32 1
64 37 1
64 50 1
64 55 1
64 58 1
64 63 1
65 13 1
65 20 1
65 27 1
65 30 1
65 31 1
65 32 1
65 34 1
65 39 1
65 42 1
65 43 1
65 48 1
65 49 1
65 62 1
66 2 1
66 5 1
66 7 1
66 8 1
66 9 1
66 14 1
66 17 1
66 22 1
66 36 1
66 39 1
66 47 1
66 48 1
66 49 1
66 56 1
66 64 1
66 65 1
67 1 1
67 7 1
67 25 1
67 31 1
67 35 1
67 37 1
67 42 1
67 49 1
67 50 1
67 54 1
67 56 1
67 67 1
68 2 1
68 7 1
68 12 1
68 21 1
68 25 1
68 26 1
68 30 1
68 32 1
68 35 1
68 39 1
68 53 1
68 54 1
68 56 1
68 57 1
68 61 1
68 62 1
69 0 1
69 2 1
69 7 1
69 9 1
69 12 1
69 13 1
69 14 1
69 30 1
69 33 1
69 39 1
69 41 1
69 50 1
69 56 1
69 59 1
69 68 1
70 2 1
70 11 1
70 13 1
70 19 1
70 21 1
70 25 1
70 35 1
70 43 1
70 44 1
70 45 1
70 49 1
70 56 1
70 60 1
70 66 1
71 5 1
71 6 1
71 16 1
71 19 1
71 24 1
71 28 1
71 29 1
71 30 1
71 32 1
71 34 1
71 35 1
71 38 1
71 51 1
71 56 1
71 61 1
71 62 1
71 65 1
71 66 1
71 68 1
72 5 1
72 7 1
72 10 1
72 11 1
72 12 1
72 13 1
72 19 1
72 21 1
72 22 1
72 28 1
72 32 1
72 34 1
72 40 1
72 46 1
72 48 1
72 52 1
72 57 1
72 58 1
72 62 1
72 65 1
72 68 1
72 69 1
72 72 1
73 0 1
73 6 1
73 28 1
73 38 1
73 42 1
73 43 1
73 49 1
73 54 1
73 63 1
73 67 1
73 68 1
73 69 1
73 73 1
74 0 1
74 11 1
74 15 1
74 21 1
74 22 1
74 25 1
74 27 1
74 28 1
74 33 1
74 40 1
74 42 1
74 53 1
74 58 1
74 62 1
74 65 1
74 66 1
74 68 1
74 73 1
75 4 1
75 6 1
75 10 1
75 11 1
75 12 1
75 14 1
75 23 1
75 25 1
75 37 1
75 40 1
75 48 1
75 50 1
75 52 1
75 61 1
75 62 1
75 66 1
76 2 1
76 4 1
76 9 1
76 11 1
76 12 1
76 28 1
76 33 1
76 35 1
76 42 1
76 43 1
76 44 1
76 47 1
76 55 1
76 62 1
76 67 1
76 68 1
77 1 1
77 3 1
77 4 1
77 11 1
77 12 1
77 13 1
77 15 1
77 18 1
77 19 1
77 20 1
77 21 1
77 26 1
77 27 1
77 29 1
77 32 1
77 43 1
77 55 1
77 57 1
77 65 1
77 68 1
77 69 1
77 72 1
78 8 1
78 11 1
78 16 1
78 25 1
78 37 1
78 38 1
78 39 1
78 46 1
78 52 1
78 54 1
78 61 1
78 62 1
78 63 1
78 69 1
78 73 1
79 3 1
79 7 1
79 12 1
79 13 1
79 16 1
79 17 1
79 20 1
79 22 1
79 26 1
79 27 1
79 30 1
79 37 1
79 43 1
79 46 1
79 48 1
79 49 1
79 61 1
79 66 1
79 74 1
79 76 1
80 7 1
80 17 1
80 26 1
80 36 1
80 46 1
80 50 1
80 54 1
80 61 1
80 76 1
80 77 1
81 8 1
81 16 1
81 17 1
81 21 1
81 32 1
81 36 1
81 47 1
81 54 1
81 57 1
81 60 1
81 70 1
81 78 1
81 79 1
82 2 1
82 3 1
82 4 1
82 12 1
82 19 1
82 24 1
82 26 1
82 27 1
82 28 1
82 30 1
82 32 1
82 35 1
82 36 1
82 44 1
82 45 1
82 46 1
82 64 1
82 65 1
82 67 1
82 72 1
82 77 1
82 78 1
82 82 1
83 0 1
83 7 1
83 12 1
83 14 1
83 19 1
83 21 1
83 23 1
83 26 1
83 27 1
83 28 1
83 44 1
83 46 1
83 50 1
83 55 1
83 57 1
83 75 1
83 81 1
84 3 1
84 8 1
84 9 1
84 10 1
84 13 1
84 15 1
84 16 1
84 18 1
84 26 1
84 29 1
84 32 1
84 35 1
84 40 1
84 55 1
84 57 1
84 58 1
84 59 1
84 62 1
84 67 1
84 71 1
84 75 1
85 4 1
85 9 1
85 17 1
85 20 1
85 21 1
85 24 1
85 27 1
85 30 1
85 31 1
85 45 1
85 46 1
85 52 1
85 57 1
85 68 1
85 76 1
85 77 1
85 82 1
85 83 1
85 84 1
85 85 1
86 0 1
86 6 1
86 8 1
86 12 1
86 18 1
86 19 1
86 23 1
86 27 1
86 35 1
86 43 1
86 45 1
86 46 1
86 48 1
86 52 1
86 57 1
86 72 1
86 74 1
86 77 1
86 78 1
86 79 1
87 0 1
87 8 1
87 14 1
87 24 1
87 26 1
87 28 1
87 30 1
87 33 1
87 47 1
87 48 1
87 54 1
87 57 1
87 59 1
87 72 1
87 75 1
87 78 1
87 79 1
87 85 1
87 87 1
88 1 1
88 9 1
88 13 1
88 19 1
88 26 1
88 31 1
88 32 1
88 34 1
88 36 1
88 48 1
88 52 1
88 56 1
88 60 1
88 64 1
88 65 1
88 66 1
88 67 1
88 68 1
88 72 1
88 73 1
88 75 1
88 76 1
88 77 1
88 81 1
88 87 1
88 88 1
89 8 1
89 20 1
89 21 1
89 24 1
89 27 1
89 28 1
89 30 1
89 34 1
89 35 1
89 36 1
89 44 1
89 48 1
89 54 1
89 60 1
89 61 1
89 62 1
89 63 1
89 74 1
89 76 1
89 81 1
89 84 1
89 85 1
90 2 1
90 9 1
90 10 1
90 11 1
90 14 1
90 15 1
90 20 1
90 21 1
90 25 1
90 31 1
90 38 1
90 40 1
90 41 1
90 43 1
90 49 1
90 52 1
90 54 1
90 55 1
90 57 1
90 59 1
90 61 1
90 65 1
90 68 1
90 72 1
90 77 1
90 79 1
90 81 1
90 84 1
90 88 1
91 0 1
91 2 1
91 14 1
91 22 1
91 37 1
91 38 1
91 39 1
91 41 1
91 50 1
91 51 1
91 60 1
91 64 1
91 72 1
91 76 1
91 81 1
91 89 1
91 90 1
91 91 1
92 2 1
92 6 1
92 10 1
92 12 1
92 15 1
92 16 1
92 17 1
92 19 1
92 22 1
92 25 1
92 26 1
92 29 1
92 34 1
92 41 1
92 46 1
92 47 1
92 53 1
92 57 1
92 59 1
92 60 1
92 61 1
92 64 1
92 69 1
92 76 1
92 83 1
92 85 1
92 89 1
93 0 1
93 2 1
93 8 1
93 24 1
93 31 1
93 40 1
93 45 1
93 47 1
93 58 1
93 60 1
93 63 1
93 65 1
93 75 1
93 78 1
93 82 1
93 83 1
93 87 1
93 88 1
94 2 1
94 5 1
94 8 1
94 11 1
94 18 1
94 20 1
94 22 1
94 27 1
94 34 1
94 43 1
94 44 1
94 46 1
94 65 1
94 73 1
94 76 1
94 87 1
94 88 1
94 91 1
94 94 1
95 3 1
95 4 1
95 9 1
95 14 1
95 15 1
95 19 1
95 20 1
95 25 1
95 26 1
95 29 1
95 34 1
95 43 1
95 46 1
95 47 1
95 54 1
95 59 1
95 61 1
95 63 1
95 65 1
95 69 1
95 72 1
95 76 1
95 77 1
95 81 1
95 95 1
96 0 1
96 2 1
96 16 1
96 17 1
96 18 1
96 27 1
96 30 1
96 33 1
96 36 1
96 45 1
96 54 1
96 58 1
96 59 1
96 64 1
96 68 1
96 69 1
96 78 1
96 79 1
96 80 1
96 86 1
96 90 1
96 93 1
96 95 1
97 2 1
97 5 1
97 7 1
97 10 1
97 14 1
97 17 1
97 20 1
97 26 1
97 27 1
97 30 1
97 43 1
97 58 1
97 62 1
97 67 1
97 79 1
97 85 1
97 89 1
97 93 1
97 97 1
98 1 1
98 4 1
98 6 1
98 9 1
98 18 1
98 21 1
98 26 1
98 31 1
98 36 1
98 48 1
98 57 1
98 59 1
98 64 1
98 79 1
98 87 1
98 89 1
98 94 1
99 12 1
99 20 1
99 24 1
99 26 1
99 30 1
99 35 1
99 38 1
99 40 1
99 60 1
99 66 1
99 73 1
99 79 1
99 85 1
99 87 1
99 90 1
99 91 1
99 94 1
99 98 1
99 99 1
100 8 1
100 16 1
100 17 1
100 18 1
100 22 1
100 28 1
100 33 1
100 34 1
100 37 1
100 41 1
100 42 1
100 43 1
100 46 1
100 49 1
100 53 1
100 56 1
100 57 1
100 59 1
100 61 1
100 64 1
100 66 1
100 67 1
100 68 1
100 73 1
100 74 1
100 77 1
100 80 1
100 85 1
100 87 1
100 90 1
100 91 1
100 93 1
100 96 1
100 98 1
100 99 1
100 100 1
101 0 1
101 3 1
101 8 1
101 19 1
101 26 1
101 27 1
101 28 1
101 36 1
101 37 1
101 46 1
101 56 1
101 59 1
101 63 1
101 64 1
101 66 1
101 82 1
101 94 1
101 98 1
102 5 1
102 12 1
102 13 1
102 16 1
102 27 1
102 31 1
102 34 1
102 51 1
102 54 1
102 57 1
102 58 1
102 63 1
102 69 1
102 76 1
102 85 1
102 96 1
102 98 1
103 0 1
103 2 1
103 3 1
103 10 1
103 12 1
103 18 1
103 19 1
103 23 1
103 25 1
103 26 1
103 28 1
103 32 1
103 34 1
103 45 1
103 46 1
103 52 1
103 57 1
103 60 1
103 65 1
103 67 1
103 82 1
103 91 1
103 95 1
103 97 1
103 98 1
103 100 1
104 8 1
104 9 1
104 25 1
104 39 1
104 43 1
104 47 1
104 52 1
104 54 1
104 56 1
104 67 1
104 78 1
104 80 1
104 89 1
104 91 1
104 93 1
104 97 1
104 102 1
105 13 1
105 23 1
105 27 1
105 37 1
105 38 1
105 39 1
105 41 1
105 43 1
105 56 1
105 57 1
105 64 1
105 72 1
105 76 1
105 80 1
105 95 1
105 100 1
105 101 1
105 103 1
106 13 1
106 15 1
106 17 1
106 20 1
106 25 1
106 28 1
106 29 1
106 50 1
106 51 1
106 53 1
106 54 1
106 71 1
106 74 1
106 75 1
106 77 1
106 81 1
106 84 1
106 85 1
106 89 1
106 95 1
106 97 1
106 99 1
106 103 1
107 0 1
107 7 1
107 10 1
107 11 1
107 13 1
107 14 1
107 17 1
107 24 1
107 31 1
107 34 1
107 35 1
107 40 1
107 45 1
107 54 1
107 55 1
107 57 1
107 62 1
107 68 1
107 73 1
107 82 1
107 83 1
107 86 1
107 88 1
107 97 1
107 99 1
107 105 1
108 1 1
108 2 1
108 4 1
108 6 1
108 10 1
108 13 1
108 14 1
108 26 1
108 37 1
108 38 1
108 57 1
108 58 1
108 69 1
108 71 1
108 74 1
108 84 1
108 86 1
108 87 1
108 88 1
108 95 1
108 98 1
108 99 1
108 104 1
108 105 1
108 108 1
109 4 1
109 7 1
109 15 1
109 22 1
109 30 1
109 37 1
109 42 1
109 66 1
109 69 1
109 71 1
109 75 1
109 80 1
109 81 1
109 84 1
109 91 1
109 93 1
109 94 1
109 99 1
109 103 1
109 108 1
110 0 1
110 9 1
110 15 1
110 20 1
110 27 1
110 39 1
110 42 1
110 56 1
110 57 1
110 59 1
110 64 1
110 67 1
110 74 1
110 77 1
110 83 1
110 89 1
110 98 1
110 99 1
110 100 1
110 109 1
111 0 1
111 7 1
111 11 1
111 14 1
111 15 1
111 23 1
111 34 1
111 35 1
111 37 1
111 38 1
111 44 1
111 45 1
111 47 1
111 49 1
111 54 1
111 56 1
111 61 1
111 66 1
111 67 1
111 71 1
111 73 1
111 75 1
111 78 1
111 85 1
111 87 1
111 90 1
111 92 1
111 94 1
111 100 1
111 105 1
111 106 1
112 8 1
112 9 1
112 14 1
112 18 1
112 32 1
112 36 1
112 44 1
112 46 1
112 47 1
112 50 1
112 55 1
112 56 1
112 58 1
112 59 1
112 67 1
112 80 1
112 90 1
112 91 1
112 96 1
112 98 1
112 107 1
112 109 1
113 2 1
113 3 1
113 7 1
113 18 1
113 20 1
113 23 1
113 29 1
113 33 1
113 37 1
113 38 1
113 46 1
113 48 1
113 55 1
113 59 1
113 63 1
113 64 1
113 67 1
113 73 1
113 88 1
113 90 1
113 91 1
113 94 1
113 103 1
113 104 1
113 107 1
113 113 1
114 3 1
114 4 1
114 6 1
114 8 1
114 11 1
114 12 1
114 16 1
114 19 1
114 29 1
114 38 1
114 43 1
114 45 1
114 49 1
114 53 1
114 56 1
114 57 1
114 58 1
114 60 1
114 61 1
114 64 1
114 65 1
114 71 1
114 83 1
114 84 1
114 87 1
114 88 1
114 90 1
114 94 1
114 96 1
114 108 1
114 110 1
115 0 1
115 1 1
115 2 1
115 7 1
115 15 1
115 20 1
115 28 1
115 36 1
115 37 1
115 45 1
115 46 1
115 48 1
115 55 1
115 60 1
115 62 1
115 69 1
115 81 1
115 82 1
115 84 1
115 86 1
115 87 1
115 90 1
115 104 1
115 112 1
115 113 1
116 0 1
116 6 1
116 9 1
116 25 1
116 30 1
116 35 1
116 38 1
116 39 1
116 41 1
116 48 1
116 52 1
116 59 1
116 69 1
116 70 1
116 71 1
116 73 1
116 75 1
116 82 1
116 88 1
116 90 1
116 98 1
116 99 1
116 102 1
116 106 1
116 112 1
116 113 1
116 116 1
117 0 1
117 8 1
117 11 1
117 21 1
117 22 1
117 26 1
117 32 1
117 36 1
117 47 1
117 50 1
117 54 1
117 58 1
117 59 1
117 68 1
117 83 1
117 88 1
117 96 1
117 97 1
117 100 1
117 109 1
117 110 1
117 112 1
118 0 1
118 2 1
118 12 1
118 25 1
118 26 1
118 36 1
118 46 1
118 47 1
118 48 1
118 50 1
118 51 1
118 52 1
118 53 1
118 58 1
118 65 1
118 67 1
118 70 1
118 71 1
118 75 1
118 78 1
118 84 1
118 91 1
118 107 1
118 108 1
118 112 1
118 115 1
119 0 1
119 2 1
119 6 1
119 7 1
119 14 1
119 20 1
119 21 1
119 29 1
119 32 1
119 34 1
119 35 1
119 47 1
119 54 1
119 56 1
119 62 1
119 65 1
119 66 1
119 73 1
119 75 1
119 79 1
119 82 1
119 87 1
119 101 1
119 106 1
119 107 1
119 109 1
120 4 1
120 12 1
120 13 1
120 22 1
120 32 1
120 35 1
120 40 1
120 41 1
120 43 1
120 46 1
120 47 1
120 48 1
120 55 1
120 58 1
120 60 1
120 63 1
120 64 1
120 66 1
120 70 1
120 72 1
120 73 1
120 79 1
120 84 1
120 86 1
120 88 1
120 96 1
120 97 1
121 0 1
121 1 1
121 4 1
121 9 1
121 13 1
121 15 1
121 25 1
121 34 1
121 35 1
121 38 1
121 49 1
121 50 1
121 58 1
121 76 1
121 79 1
121 84 1
121 90 1
121 92 1
121 95 1
121 103 1
121 105 1
121 108 1
121 113 1
121 115 1
121 119 1
121 120 1
122 3 1
122 4 1
122 6 1
122 13 1
122 14 1
122 30 1
122 31 1
122 35 1
122 41 1
122 42 1
122 45 1
122 55 1
122 63 1
122 67 1
122 71 1
122 74 1
122 76 1
122 79 1
122 86 1
122 88 1
122 89 1
122 90 1
122 94 1
122 99 1
122 100 1
122 102 1
122 108 1
122 111 1
123 1 1
123 8 1
123 12 1
123 14 1
123 17 1
123 18 1
123 19 1
123 22 1
123 23 1
123 25 1
123 31 1
123 33 1
123 38 1
123 48 1
123 49 1
123 60 1
123 71 1
123 72 1
123 77 1
123 80 1
123 90 1
123 92 1
123 98 1
123 103 1
123 104 1
123 105 1
123 113 1
123 114 1
124 1 1
124 4 1
124 7 1
124 12 1
124 13 1
124 19 1
124 21 1
124 26 1
124 31 1
124 34 1
124 36 1
124 41 1
124 42 1
124 49 1
124 57 1
124 59 1
124 61 1
124 67 1
124 70 1
124 71 1
124 74 1
124 79 1
124 83 1
124 88 1
124 90 1
124 96 1
124 98 1
124 105 1
124 108 1
124 112 1
124 116 1
124 117 1
124 121 1
124 123 1
124 124 1
125 1 1
125 3 1
125 4 1
125 6 1
125 9 1
125 13 1
125 14 1
125 17 1
125 19 1
125 21 1
125 23 1
125 30 1
125 34 1
125 39 1
125 45 1
125 63 1
125 64 1
125 82 1
125 87 1
125 89 1
125 94 1
125 103 1
125 114 1
125 117 1
125 118 1
125 121 1
125 122 1
126 0 1
126 7 1
126 20 1
126 21 1
126 33 1
126 34 1
126 49 1
126 50 1
126 61 1
126 62 1
126 67 1
126 69 1
126 72 1
126 75 1
126 84 1
126 89 1
126 91 1
126 92 1
126 94 1
126 97 1
126 103 1
126 108 1
126 112 1
126 116 1
126 123 1
127 5 1
127 6 1
127 7 1
127 10 1
127 11 1
127 19 1
127 20 1
127 23 1
127 33 1
127 38 1
127 41 1
127 45 1
127 47 1
127 50 1
127 53 1
127 54 1
127 57 1
127 70 1
127 76 1
127 79 1
127 80 1
127 81 1
127 87 1
127 88 1
127 90 1
127 93 1
127 96 1
127 98 1
127 108 1
127 110 1
127 111 1
127 112 1
127 115 1
127 117 1
127 121 1
127 125 1
127 126 1
128 15 1
128 16 1
128 23 1
128 24 1
128 26 1
128 28 1
128 29 1
128 30 1
128 33 1
128 61 1
128 64 1
128 70 1
128 76 1
128 77 1
128 80 1
128 85 1
128 88 1
128 90 1
128 97 1
128 101 1
128 102 1
128 109 1
128 112 1
128 116 1
128 125 1
128 127 1
129 3 1
129 5 1
129 7 1
129 12 1
129 14 1
129 16 1
129 17 1
129 22 1
129 27 1
129 28 1
129 31 1
129 32 1
129 35 1
129 37 1
129 38 1
129 48 1
129 55 1
129 60 1
129 71 1
129 74 1
129 75 1
129 77 1
129 81 1
129 84 1
129 85 1
129 87 1
129 88 1
129 106 1
129 108 1
129 115 1
129 120 1
129 128 1
130 1 1
130 4 1
130 6 1
130 16 1
130 17 1
130 18 1
130 25 1
130 32 1
130 35 1
130 38 1
130 47 1
130 49 1
130 50 1
130 60 1
130 65 1
130 70 1
130 74 1
130 77 1
130 80 1
130 81 1
130 85 1
130 92 1
130 99 1
130 101 1
130 107 1
130 111 1
130 113 1
130 117 1
130 127 1
130 128 1
130 130 1
131 0 1
131 1 1
131 2 1
131 4 1
131 5 1
131 6 1
131 8 1
131 10 1
131 14 1
131 18 1
131 19 1
131 20 1
131 28 1
131 32 1
131 33 1
131 37 1
131 43 1
131 44 1
131 49 1
131 55 1
131 61 1
131 63 1
131 65 1
131 74 1
131 75 1
131 77 1
131 91 1
131 92 1
131 93 1
131 97 1
131 106 1
131 114 1
131 118 1
131 123 1
131 128 1
131 130 1
132 1 1
132 3 1
132 6 1
132 7 1
132 9 1
132 10 1
132 11 1
132 13 1
132 19 1
132 26 1
132 28 1
132 30 1
132 43 1
132 50 1
132 53 1
132 66 1
132 67 1
132 73 1
132 76 1
132 77 1
132 79 1
132 82 1
132 89 1
132 90 1
132 91 1
132 97 1
132 98 1
132 99 1
132 100 1
132 105 1
132 108 1
132 111 1
132 117 1
132 118 1
132 121 1
132 124 1
132 128 1
132 131 1
133 0 1
133 8 1
133 9 1
133 13 1
133 22 1
133 24 1
133 27 1
133 28 1
133 32 1
133 35 1
133 37 1
133 43 1
133 54 1
133 61 1
133 64 1
133 68 1
133 69 1
133 80 1
133 81 1
133 82 1
133 85 1
133 104 1
133 105 1
133 108 1
133 122 1
133 124 1
134 0 1
134 2 1
134 3 1
134 8 1
134 14 1
134 16 1
134 21 1
134 23 1
134 29 1
134 33 1
134 39 1
134 40 1
134 42 1
134 47 1
134 50 1
134 53 1
134 54 1
134 57 1
134 60 1
134 66 1
134 67 1
134 68 1
134 69 1
134 73 1
134 76 1
134 80 1
134 81 1
134 84 1
134 86 1
134 89 1
134 94 1
134 95 1
134 107 1
134 113 1
134 117 1
134 118 1
134 120 1
134 121 1
134 128 1
135 3 1
135 4 1
135 8 1
135 9 1
135 11 1
135 24 1
135 44 1
135 48 1
135 50 1
135 52 1
135 54 1
135 58 1
135 61 1
135 64 1
135 65 1
135 67 1
135 78 1
135 92 1
135 93 1
135 97 1
135 108 1
135 109 1
135 110 1
135 118 1
135 121 1
135 132 1
135 133 1
136 3 1
136 7 1
136 8 1
136 14 1
136 16 1
136 33 1
136 36 1
136 40 1
136 44 1
136 48 1
136 51 1
136 58 1
136 65 1
136 78 1
136 94 1
136 95 1
136 99 1
136 102 1
136 105 1
136 106 1
136 108 1
136 110 1
136 112 1
136 114 1
136 116 1
136 117 1
136 124 1
137 0 1
137 3 1
137 5 1
137 10 1
137 11 1
137 12 1
137 16 1
137 26 1
137 33 1
137 34 1
137 36 1
137 40 1
137 43 1
137 44 1
137 50 1
137 75 1
137 76 1
137 80 1
137 81 1
137 94 1
137 97 1
137 102 1
137 104 1
137 120 1
137 121 1
137 129 1
138 0 1
138 3 1
138 5 1
138 11 1
138 14 1
138 17 1
138 18 1
138 19 1
138 20 1
138 26 1
138 29 1
138 36 1
138 38 1
138 41 1
138 42 1
138 48 1
138 59 1
138 81 1
138 84 1
138 85 1
138 90 1
138 96 1
138 100 1
138 106 1
138 107 1
138 119 1
138 123 1
138 128 1
138 130 1
138 132 1
138 134 1
138 136 1
139 7 1
139 8 1
139 11 1
139 23 1
139 27 1
139 42 1
139 51 1
139 54 1
139 56 1
139 57 1
139 62 1
139 67 1
139 70 1
139 77 1
139 79 1
139 80 1
139 94 1
139 99 1
139 108 1
139 112 1
139 115 1
139 120 1
139 121 1
139 127 1
139 128 1
139 132 1
139 135 1
140 12 1
140 15 1
140 25 1
140 31 1
140 34 1
140 41 1
140 43 1
140 46 1
140 50 1
140 51 1
140 55 1
140 56 1
140 59 1
140 67 1
140 69 1
140 70 1
140 78 1
140 80 1
140 81 1
140 82 1
140 89 1
140 90 1
140 91 1
140 100 1
140 108 1
140 117 1
140 119 1
140 131 1
140 134 1
140 136 1
141 0 1
141 2 1
141 8 1
141 10 1
141 13 1
141 14 1
141 16 1
141 17 1
141 29 1
141 36 1
141 37 1
141 43 1
141 46 1
141 64 1
141 76 1
141 77 1
141 80 1
141 81 1
141 83 1
141 90 1
141 93 1
141 98 1
141 99 1
141 118 1
141 125 1
141 126 1
141 128 1
141 131 1
141 132 1
141 133 1
141 135 1
141 141 1
142 0 1
142 9 1
142 10 1
142 14 1
142 15 1
142 20 1
142 23 1
142 29 1
142 32 1
142 36 1
142 38 1
142 39 1
142 41 1
142 45 1
142 47 1
142 57 1
142 60 1
142 64 1
142 66 1
142 73 1
142 76 1
142 79 1
142 81 1
142 85 1
142 87 1
142 94 1
142 95 1
142 97 1
142 102 1
142 106 1
142 114 1
142 117 1
142 128 1
142 129 1
142 130 1
142 135 1
143 1 1
143 14 1
143 15 1
143 33 1
143 34 1
143 36 1
143 39 1
143 41 1
143 42 1
143 43 1
143 45 1
143 46 1
143 49 1
143 62 1
143 63 1
143 78 1
143 81 1
143 82 1
143 85 1
143 87 1
143 96 1
143 99 1
143 104 1
143 108 1
143 110 1
143 119 1
143 123 1
143 125 1
143 127 1
143 134 1
143 141 1
144 5 1
144 13 1
144 16 1
144 20 1
144 27 1
144 29 1
144 31 1
144 43 1
144 44 1
144 49 1
144 52 1
144 53 1
144 54 1
144 65 1
144 67 1
144 89 1
144 91 1
144 93 1
144 94 1
144 97 1
144 104 1
144 113 1
144 124 1
144 126 1
144 127 1
144 131 1
144 132 1
144 137 1
144 144 1
145 5 1
145 6 1
145 8 1
145 9 1
145 10 1
145 13 1
145 14 1
145 20 1
145 26 1
145 27 1
145 31 1
145 32 1
145 34 1
145 37 1
145 40 1
145 49 1
145 50 1
145 55 1
145 57 1
145 72 1
145 74 1
145 83 1
145 90 1
145 92 1
145 94 1
145 96 1
145 101 1
145 109 1
145 116 1
145 123 1
145 131 1
145 133 1
145 134 1
145 138 1
145 140 1
145 141 1
145 143 1
145 145 1
146 1 1
146 6 1
146 8 1
146 27 1
146 37 1
146 41 1
146 43 1
146 45 1
146 46 1
146 49 1
146 50 1
146 54 1
146 67 1
146 71 1
146 76 1
146 82 1
146 83 1
146 84 1
146 88 1
146 90 1
146 93 1
146 96 1
146 98 1
146 99 1
146 101 1
146 102 1
146 111 1
146 113 1
146 117 1
146 119 1
146 125 1
146 128 1
146 130 1
146 134 1
146 140 1
146 143 1
146 144 1
147 0 1
147 6 1
147 14 1
147 17 1
147 21 1
147 23 1
147 38 1
147 48 1
147 56 1
147 57 1
147 60 1
147 72 1
147 74 1
147 76 1
147 84 1
147 85 1
147 86 1
147 90 1
147 97 1
147 101 1
147 103 1
147 105 1
147 106 1
147 108 1
147 143 1
148 2 1
148 4 1
148 6 1
148 8 1
148 13 1
148 14 1
148 18 1
148 20 1
148 28 1
148 37 1
148 39 1
148 49 1
148 52 1
148 53 1
148 61 1
148 62 1
148 64 1
148 67 1
148 68 1
148 69 1
148 71 1
148 74 1
148 75 1
148 79 1
148 86 1
148 90 1
148 105 1
148 107 1
148 111 1
148 115 1
148 126 1
148 129 1
148 131 1
148 139 1
148 142 1
148 144 1
149 4 1
149 8 1
149 10 1
149 12 1
149 14 1
149 15 1
149 22 1
149 23 1
149 28 1
149 29 1
149 31 1
149 32 1
149 36 1
149 42 1
149 44 1
149 50 1
149 53 1
149 56 1
149 58 1
149 59 1
149 73 1
149 77 1
149 79 1
149 87 1
149 92 1
149 94 1
149 96 1
149 114 1
149 119 1
149 148 1
150 0 1
150 4 1
150 9 1
150 19 1
150 27 1
150 30 1
150 33 1
150 34 1
150 42 1
150 43 1
150 45 1
150 48 1
150 60 1
150 62 1
150 63 1
150 75 1
150 78 1
150 82 1
150 84 1
150 92 1
150 98 1
150 101 1
150 104 1
150 107 1
150 111 1
150 113 1
150 117 1
150 122 1
150 127 1
150 129 1
150 130 1
150 133 1
150 134 1
150 140 1
150 141 1
150 143 1
150 149 1
151 2 1
151 4 1
151 6 1
151 8 1
151 11 1
151 14 1
151 15 1
151 19 1
151 21 1
151 29 1
151 31 1
151 42 1
151 44 1
151 45 1
151 47 1
151 50 1
151 52 1
151 58 1
151 60 1
151 64 1
151 65 1
151 71 1
151 77 1
151 78 1
151 83 1
151 97 1
151 98 1
151 107 1
151 108 1
151 111 1
151 113 1
151 120 1
151 132 1
151 136 1
151 137 1
151 141 1
151 149 1
152 4 1
152 8 1
152 13 1
152 14 1
152 17 1
152 24 1
152 32 1
152 33 1
152 34 1
152 42 1
152 48 1
152 56 1
152 60 1
152 62 1
152 64 1
152 78 1
152 86 1
152 89 1
152 92 1
152 93 1
152 95 1
152 107 1
152 109 1
152 120 1
152 137 1
152 139 1
152 142 1
152 144 1
152 146 1
152 151 1
153 1 1
153 12 1
153 14 1
153 18 1
153 19 1
153 20 1
153 28 1
153 29 1
153 30 1
153 40 1
153 41 1
153 46 1
153 48 1
153 51 1
153 53 1
153 60 1
153 65 1
153 71 1
153 73 1
153 79 1
153 83 1
153 84 1
153 85 1
153 95 1
153 97 1
153 100 1
153 105 1
153 106 1
153 114 1
153 116 1
153 132 1
153 133 1
153 134 1
153 137 1
153 142 1
153 143 1
153 150 1
153 152 1
154 2 1
154 3 1
154 4 1
154 6 1
154 13 1
154 24 1
154 30 1
154 33 1
154 47 1
154 50 1
154 57 1
154 58 1
154 64 1
154 65 1
154 66 1
154 69 1
154 72 1
154 78 1
154 80 1
154 83 1
154 84 1
154 90 1
154 109 1
154 118 1
154 120 1
154 122 1
154 123 1
154 134 1
154 138 1
154 141 1
154 144 1
155 1 1
155 2 1
155 3 1
155 5 1
155 13 1
155 15 1
155 20 1
155 23 1
155 35 1
155 38 1
155 42 1
155 45 1
155 50 1
155 58 1
155 59 1
155 61 1
155 64 1
155 66 1
155 68 1
155 69 1
155 72 1
155 94 1
155 95 1
155 98 1
155 108 1
155 109 1
155 113 1
155 117 1
155 120 1
155 128 1
155 129 1
155 131 1
155 148 1
155 150 1
155 154 1
156 0 1
156 12 1
156 20 1
156 21 1
156 22 1
156 23 1
156 28 1
156 30 1
156 44 1
156 45 1
156 54 1
156 60 1
156 63 1
156 75 1
156 76 1
156 78 1
156 80 1
156 83 1
156 85 1
156 95 1
156 96 1
156 98 1
156 105 1
156 108 1
156 113 1
156 118 1
156 121 1
156 123 1
156 125 1
156 127 1
156 128 1
156 132 1
156 139 1
156 140 1
156 143 1
156 149 1
156 150 1
156 153 1
156 155 1
157 11 1
157 14 1
157 23 1
157 25 1
157 30 1
157 31 1
157 34 1
157 38 1
157 41 1
157 42 1
157 51 1
157 52 1
157 55 1
157 57 1
157 59 1
157 62 1
157 63 1
157 68 1
157 69 1
157 71 1
157 74 1
157 76 1
157 78 1
157 80 1
157 82 1
157 87 1
157 94 1
157 98 1
157 99 1
157 101 1
157 102 1
157 104 1
157 105 1
157 107 1
157 108 1
157 113 1
157 114 1
157 120 1
157 127 1
157 136 1
157 147 1
157 157 1
158 18 1
158 22 1
158 28 1
158 31 1
158 37 1
158 42 1
158 50 1
158 51 1
158 52 1
158 54 1
158 64 1
158 65 1
158 76 1
158 83 1
158 87 1
158 88 1
158 96 1
158 102 1
158 121 1
158 125 1
158 133 1
158 137 1
158 141 1
158 143 1
158 147 1
158 151 1
158 157 1
159 0 1
159 5 1
159 7 1
159 9 1
159 17 1
159 18 1
159 24 1
159 29 1
159 33 1
159 38 1
159 45 1
159 52 1
159 56 1
159 69 1
159 70 1
159 74 1
159 75 1
159 76 1
159 82 1
159 93 1
159 95 1
159 100 1
159 102 1
159 105 1
159 107 1
159 113 1
159 118 1
159 129 1
159 131 1
159 135 1
159 152 1
159 157 1
159 158 1
160 16 1
160 17 1
160 22 1
160 28 1
160 32 1
160 34 1
160 38 1
160 45 1
160 47 1
160 56 1
160 64 1
160 75 1
160 78 1
160 82 1
160 84 1
160 89 1
160 90 1
160 99 1
160 106 1
160 111 1
160 114 1
160 115 1
160 120 1
160 127 1
160 132 1
160 133 1
160 137 1
160 138 1
160 140 1
160 145 1
160 151 1
160 152 1
160 158 1
160 160 1
161 3 1
161 4 1
161 7 1
161 25 1
161 27 1
161 29 1
161 34 1
161 37 1
161 40 1
161 41 1
161 46 1
161 47 1
161 49 1
161 50 1
161 54 1
161 59 1
161 61 1
161 74 1
161 81 1
161 85 1
161 88 1
161 89 1
161 95 1
161 96 1
161 101 1
161 107 1
161 109 1
161 120 1
161 121 1
161 123 1
161 125 1
161 129 1
161 139 1
161 141 1
161 145 1
161 146 1
161 147 1
161 149 1
161 150 1
161 152 1
161 156 1
161 158 1
162 4 1
162 12 1
162 13 1
162 17 1
162 21 1
162 22 1
162 38 1
162 40 1
162 41 1
162 45 1
162 47 1
162 48 1
162 49 1
162 52 1
162 56 1
162 58 1
162 71 1
162 78 1
162 82 1
162 83 1
162 84 1
162 90 1
162 92 1
162 101 1
162 102 1
162 104 1
162 110 1
162 114 1
162 121 1
162 133 1
162 134 1
162 138 1
162 140 1
162 145 1
162 150 1
162 151 1
162 162 1
163 3 1
163 11 1
163 13 1
163 14 1
163 19 1
163 24 1
163 30 1
163 31 1
163 33 1
163 39 1
163 41 1
163 46 1
163 49 1
163 50 1
163 60 1
163 62 1
163 69 1
163 77 1
163 78 1
163 81 1
163 85 1
163 89 1
163 95 1
163 106 1
163 113 1
163 114 1
163 116 1
163 117 1
163 124 1
163 127 1
163 128 1
163 129 1
163 133 1
163 141 1
163 146 1
163 147 1
163 151 1
163 159 1
163 162 1
164 3 1
164 4 1
164 5 1
164 9 1
164 10 1
164 13 1
164 14 1
164 15 1
164 21 1
164 32 1
164 36 1
164 41 1
164 48 1
164 51 1
164 52 1
164 56 1
164 58 1
164 59 1
164 68 1
164 71 1
164 77 1
164 81 1
164 85 1
164 97 1
164 100 1
164 101 1
164 105 1
164 118 1
164 121 1
164 123 1
164 125 1
164 128 1
164 135 1
164 145 1
164 146 1
164 148 1
164 151 1
164 153 1
164 155 1
164 158 1
164 161 1
165 4 1
165 6 1
165 7 1
165 14 1
165 15 1
165 20 1
165 24 1
165 34 1
165 35 1
165 48 1
165 49 1
165 52 1
165 53 1
165 58 1
165 66 1
165 70 1
165 71 1
165 74 1
165 82 1
165 84 1
165 92 1
165 98 1
165 112 1
165 113 1
165 116 1
165 120 1
165 121 1
165 123 1
165 132 1
165 133 1
165 136 1
165 137 1
165 140 1
165 145 1
165 148 1
165 157 1
166 18 1
166 23 1
166 25 1
166 28 1
166 36 1
166 37 1
166 44 1
166 45 1
166 55 1
166 63 1
166 64 1
166 65 1
166 66 1
166 86 1
166 89 1
166 90 1
166 92 1
166 95 1
166 97 1
166 99 1
166 103 1
166 104 1
166 107 1
166 109 1
166 112 1
166 117 1
166 120 1
166 121 1
166 128 1
166 131 1
166 133 1
166 136 1
166 146 1
166 147 1
166 153 1
166 159 1
166 160 1
167 0 1
167 13 1
167 15 1
167 19 1
167 22 1
167 30 1
167 35 1
167 38 1
167 42 1
167 47 1
167 51 1
167 52 1
167 56 1
167 60 1
167 63 1
167 66 1
167 71 1
167 72 1
167 89 1
167 98 1
167 101 1
167 102 1
167 103 1
167 110 1
167 118 1
167 122 1
167 127 1
167 131 1
167 132 1
167 138 1
167 145 1
167 151 1
167 152 1
167 154 1
167 161 1
167 164 1
168 4 1
168 10 1
168 13 1
168 16 1
168 20 1
168 22 1
168 23 1
168 27 1
168 29 1
168 34 1
168 42 1
168 44 1
168 50 1
168 51 1
168 53 1
168 61 1
168 63 1
168 64 1
168 71 1
168 72 1
168 77 1
168 79 1
168 81 1
168 83 1
168 88 1
168 95 1
168 97 1
168 107 1
168 114 1
168 118 1
168 121 1
168 123 1
168 127 1
168 130 1
168 131 1
168 132 1
168 134 1
168 137 1
168 142 1
168 145 1
168 148 1
168 151 1
168 152 1
168 158 1
168 159 1
168 161 1
168 165 1
169 4 1
169 5 1
169 8 1
169 10 1
169 12 1
169 15 1
169 16 1
169 17 1
169 18 1
169 20 1
169 24 1
169 25 1
169 27 1
169 28 1
169 34 1
169 42 1
169 43 1
169 46 1
169 55 1
169 56 1
169 61 1
169 67 1
169 70 1
169 71 1
169 74 1
169 83 1
169 85 1
169 87 1
169 97 1
169 99 1
169 109 1
169 116 1
169 119 1
169 121 1
169 125 1
169 137 1
169 142 1
169 143 1
169 148 1
169 151 1
169 154 1
169 156 1
169 160 1
169 163 1
169 166 1
169 169 1
170 0 1
170 2 1
170 3 1
170 10 1
170 11 1
170 13 1
170 22 1
170 23 1
170 27 1
170 28 1
170 34 1
170 43 1
170 45 1
170 47 1
170 54 1
170 55 1
170 57 1
170 58 1
170 59 1
170 61 1
170 66 1
170 73 1
170 78 1
170 79 1
170 83 1
170 86 1
170 94 1
170 95 1
170 96 1
170 97 1
170 98 1
170 101 1
170 104 1
170 114 1
170 116 1
170 119 1
170 124 1
170 126 1
170 128 1
170 130 1
170 131 1
170 133 1
170 139 1
170 157 1
170 159 1
170 160 1
170 170 1
171 5 1
171 11 1
171 13 1
171 22 1
171 27 1
171 29 1
171 30 1
171 31 1
171 37 1
171 41 1
171 44 1
171 50 1
171 54 1
171 58 1
171 60 1
171 64 1
171 67 1
171 73 1
171 74 1
171 83 1
171 88 1
171 91 1
171 96 1
171 97 1
171 103 1
171 104 1
171 126 1
171 131 1
171 144 1
171 154 1
171 156 1
171 159 1
171 160 1
171 168 1
172 0 1
172 3 1
172 11 1
172 14 1
172 22 1
172 28 1
172 37 1
172 42 1
172 44 1
172 47 1
172 53 1
172 55 1
172 56 1
172 61 1
172 65 1
172 67 1
172 85 1
172 88 1
172 89 1
172 91 1
172 95 1
172 96 1
172 106 1
172 110 1
172 113 1
172 114 1
172 121 1
172 135 1
172 151 1
172 159 1
172 165 1
172 169 1
172 172 1
173 7 1
173 10 1
173 12 1
173 15 1
173 21 1
173 22 1
173 25 1
173 26 1
173 28 1
173 29 1
173 32 1
173 33 1
173 35 1
173 42 1
173 47 1
173 51 1
173 53 1
173 54 1
173 58 1
173 60 1
173 77 1
173 78 1
173 79 1
173 81 1
173 86 1
173 88 1
173 98 1
173 99 1
173 102 1
173 108 1
173 109 1
173 110 1
173 117 1
173 119 1
173 124 1
173 128 1
173 139 1
173 141 1
173 142 1
173 147 1
173 148 1
173 153 1
173 158 1
173 159 1
173 163 1
173 164 1
173 165 1
173 166 1
173 167 1
173 173 1
174 6 1
174 12 1
174 13 1
174 14 1
174 15 1
174 19 1
174 20 1
174 21 1
174 24 1
174 31 1
174 33 1
174 35 1
174 38 1
174 41 1
174 45 1
174 50 1
174 51 1
174 52 1
174 55 1
174 70 1
174 75 1
174 76 1
174 78 1
174 84 1
174 85 1
174 89 1
174 94 1
174 96 1
174 97 1
174 98 1
174 100 1
174 101 1
174 102 1
174 103 1
174 104 1
174 109 1
174 111 1
174 112 1
174 115 1
174 120 1
174 125 1
174 127 1
174 137 1
174 143 1
174 162 1
174 164 1
174 166 1
174 174 1
175 7 1
175 13 1
175 14 1
175 15 1
175 19 1
175 21 1
175 23 1
175 24 1
175 25 1
175 30 1
175 32 1
175 33 1
175 42 1
175 44 1
175 53 1
175 56 1
175 67 1
175 68 1
175 79 1
175 90 1
175 92 1
175 94 1
175 105 1
175 106 1
175 109 1
175 113 1
175 115 1
175 119 1
175 120 1
175 125 1
175 128 1
175 131 1
175 134 1
175 138 1
175 139 1
175 149 1
175 150 1
175 155 1
175 157 1
175 158 1
175 166 1
175 171 1
175 175 1
176 0 1
176 7 1
176 8 1
176 15 1
176 16 1
176 17 1
176 24 1
176 25 1
176 27 1
176 30 1
176 32 1
176 36 1
176 37 1
176 39 1
176 42 1
176 44 1
176 54 1
176 60 1
176 63 1
176 70 1
176 73 1
176 74 1
176 76 1
176 83 1
176 85 1
176 86 1
176 93 1
176 97 1
176 102 1
176 106 1
176 112 1
176 120 1
176 131 1
176 135 1
176 137 1
176 143 1
176 145 1
176 146 1
176 161 1
176 162 1
176 163 1
176 167 1
176 172 1
177 1 1
177 2 1
177 11 1
177 15 1
177 18 1
177 22 1
177 27 1
177 28 1
177 33 1
177 38 1
177 39 1
177 42 1
177 51 1
177 54 1
177 64 1
177 65 1
177 66 1
177 74 1
177 79 1
177 81 1
177 84 1
177 85 1
177 86 1
177 88 1
177 93 1
177 101 1
177 102 1
177 106 1
177 109 1
177 111 1
177 119 1
177 122 1
177 127 1
177 138 1
177 139 1
177 142 1
177 143 1
177 144 1
177 152 1
177 153 1
177 155 1
177 160 1
177 163 1
177 171 1
177 173 1
177 176 1
178 1 1
178 3 1
178 7 1
178 11 1
178 15 1
178 17 1
178 21 1
178 22 1
178 32 1
178 41 1
178 43 1
178 44 1
178 48 1
178 49 1
178 53 1
178 54 1
178 59 1
178 71 1
178 73 1
178 82 1
178 88 1
178 100 1
178 103 1
178 107 1
178 108 1
178 109 1
178 110 1
178 121 1
178 131 1
178 142 1
178 149 1
178 152 1
178 154 1
178 159 1
179 0 1
179 4 1
179 5 1
179 29 1
179 32 1
179 36 1
179 39 1
179 43 1
179 51 1
179 55 1
179 59 1
179 65 1
179 66 1
179 73 1
179 77 1
179 85 1
179 87 1
179 89 1
179 102 1
179 106 1
179 113 1
179 122 1
179 123 1
179 124 1
179 126 1
179 127 1
179 128 1
179 138 1
179 140 1
179 141 1
179 144 1
179 148 1
179 152 1
179 158 1
179 161 1
179 172 1
179 173 1
179 174 1
179 178 1
180 0 1
180 1 1
180 10 1
180 14 1
180 17 1
180 18 1
180 21 1
180 30 1
180 32 1
180 36 1
180 42 1
180 46 1
180 47 1
180 59 1
180 60 1
180 64 1
180 66 1
180 69 1
180 72 1
180 81 1
180 87 1
180 93 1
180 97 1
180 99 1
180 103 1
180 105 1
180 107 1
180 111 1
180 113 1
180 119 1
180 129 1
180 133 1
180 143 1
180 147 1
180 157 1
180 164 1
181 1 1
181 10 1
181 29 1
181 30 1
181 34 1
181 43 1
181 44 1
181 52 1
181 54 1
181 55 1
181 56 1
181 58 1
181 60 1
181 66 1
181 68 1
181 71 1
181 91 1
181 92 1
181 99 1
181 108 1
181 110 1
181 112 1
181 113 1
181 114 1
181 115 1
181 119 1
181 134 1
181 136 1
181 140 1
181 146 1
181 149 1
181 151 1
181 157 1
181 165 1
181 168 1
181 176 1
181 177 1
181 179 1
182 1 1
182 9 1
182 12 1
182 17 1
182 18 1
182 19 1
182 23 1
182 25 1
182 39 1
182 41 1
182 43 1
182 45 1
182 46 1
182 47 1
182 50 1
182 51 1
182 54 1
182 55 1
182 59 1
182 66 1
182 69 1
182 70 1
182 71 1
182 72 1
182 78 1
182 79 1
182 81 1
182 86 1
182 98 1
182 100 1
182 105 1
182 111 1
182 120 1
182 121 1
182 122 1
182 131 1
182 140 1
182 142 1
182 149 1
182 151 1
182 152 1
182 153 1
182 156 1
182 158 1
182 159 1
182 163 1
182 170 1
182 174 1
182 177 1
182 178 1
183 1 1
183 3 1
183 6 1
183 8 1
183 9 1
183 18 1
183 29 1
183 31 1
183 37 1
183 45 1
183 56 1
183 69 1
183 70 1
183 73 1
183 75 1
183 76 1
183 78 1
183 86 1
183 90 1
183 96 1
183 106 1
183 110 1
183 114 1
183 126 1
183 133 1
183 134 1
183 141 1
183 147 1
183 150 1
183 153 1
183 161 1
183 162 1
183 167 1
183 168 1
183 169 1
183 172 1
183 176 1
183 181 1
183 182 1
184 6 1
184 10 1
184 13 1
184 15 1
184 19 1
184 21 1
184 30 1
184 37 1
184 47 1
184 53 1
184 57 1
184 61 1
184 71 1
184 75 1
184 77 1
184 92 1
184 105 1
184 114 1
184 117 1
184 124 1
184 127 1
184 130 1
184 131 1
184 134 1
184 135 1
184 137 1
184 138 1
184 141 1
184 147 1
184 148 1
184 149 1
184 150 1
184 157 1
184 159 1
184 175 1
184 179 1
184 184 1
185 2 1
185 7 1
185 10 1
185 17 1
185 20 1
185 23 1
185 36 1
185 37 1
185 43 1
185 59 1
185 61 1
185 65 1
185 66 1
185 67 1
185 69 1
185 70 1
185 71 1
185 77 1
185 83 1
185 92 1
185 93 1
185 94 1
185 95 1
185 101 1
185 102 1
185 108 1
185 113 1
185 117 1
185 119 1
185 121 1
185 126 1
185 129 1
185 130 1
185 140 1
185 155 1
185 158 1
185 167 1
185 174 1
185 180 1
186 5 1
186 6 1
186 11 1
186 15 1
186 16 1
186 20 1
186 21 1
186 22 1
186 27 1
186 33 1
186 35 1
186 36 1
186 41 1
186 44 1
186 51 1
186 52 1
186 64 1
186 72 1
186 78 1
186 86 1
186 94 1
186 96 1
186 97 1
186 102 1
186 104 1
186 107 1
186 110 1
186 111 1
186 112 1
186 113 1
186 124 1
186 125 1
186 129 1
186 130 1
186 135 1
186 137 1
186 140 1
186 149 1
186 153 1
186 156 1
186 157 1
186 162 1
186 165 1
186 166 1
186 167 1
186 178 1
186 181 1
186 183 1
186 184 1
187 7 1
187 8 1
187 9 1
187 14 1
187 15 1
187 20 1
187 21 1
187 23 1
187 28 1
187 29 1
187 30 1
187 33 1
187 39 1
187 43 1
187 45 1
187 48 1
187 56 1
187 64 1
187 65 1
187 77 1
187 83 1
187 85 1
187 86 1
187 87 1
187 89 1
187 93 1
187 95 1
187 97 1
187 98 1
187 101 1
187 103 1
187 106 1
187 109 1
187 122 1
187 134 1
187 136 1
187 137 1
187 141 1
187 161 1
187 162 1
187 173 1
187 180 1
188 1 1
188 4 1
188 9 1
188 15 1
188 16 1
188 18 1
188 19 1
188 20 1
188 24 1
188 25 1
188 35 1
188 40 1
188 41 1
188 42 1
188 44 1
188 45 1
188 47 1
188 48 1
188 57 1
188 61 1
188 73 1
188 75 1
188 79 1
188 83 1
188 85 1
188 87 1
188 101 1
188 106 1
188 108 1
188 112 1
188 115 1
188 118 1
188 120 1
188 125 1
188 129 1
188 134 1
188 139 1
188 144 1
188 145 1
188 148 1
188 150 1
188 156 1
188 159 1
188 161 1
188 172 1
188 174 1
188 185 1
188 188 1
189 1 1
189 3 1
189 5 1
189 9 1
189 10 1
189 18 1
189 22 1
189 28 1
189 32 1
189 34 1
189 40 1
189 44 1
189 48 1
189 50 1
189 54 1
189 57 1
189 58 1
189 59 1
189 61 1
189 75 1
189 77 1
189 82 1
189 84 1
189 87 1
189 88 1
189 89 1
189 97 1
189 98 1
189 100 1
189 112 1
189 117 1
189 124 1
189 130 1
189 131 1
189 141 1
189 145 1
189 147 1
189 148 1
189 155 1
189 156 1
189 161 1
189 167 1
189 169 1
189 170 1
189 172 1
189 176 1
189 177 1
189 178 1
189 184 1
189 185 1
189 187 1
190 0 1
190 3 1
190 4 1
190 11 1
190 14 1
190 19 1
190 29 1
190 31 1
190 35 1
190 39 1
190 41 1
190 42 1
190 44 1
190 50 1
190 52 1
190 54 1
190 55 1
190 56 1
190 57 1
190 59 1
190 65 1
190 66 1
190 67 1
190 70 1
190 83 1
190 87 1
190 90 1
190 95 1
190 100 1
190 101 1
190 108 1
190 112 1
190 113 1
190 115 1
190 123 1
190 139 1
190 140 1
190 142 1
190 145 1
190 147 1
190 149 1
190 150 1
190 155 1
190 160 1
190 169 1
190 175 1
190 176 1
190 180 1
190 183 1
190 184 1
190 185 1
191 0 1
191 3 1
191 7 1
191 8 1
191 11 1
191 13 1
191 23 1
191 27 1
191 35 1
191 40 1
191 45 1
191 52 1
191 53 1
191 66 1
191 67 1
191 76 1
191 80 1
191 88 1
191 91 1
191 92 1
191 101 1
191 102 1
191 120 1
191 126 1
191 130 1
191 132 1
191 141 1
191 147 1
191 157 1
191 159 1
191 181 1
191 185 1
191 191 1
192 4 1
192 10 1
192 14 1
192 16 1
192 19 1
192 35 1
192 36 1
192 39 1
192 40 1
192 43 1
192 47 1
192 53 1
192 60 1
192 70 1
192 74 1
192 76 1
192 83 1
192 84 1
192 85 1
192 86 1
192 91 1
192 92 1
192 95 1
192 99 1
192 102 1
192 105 1
192 108 1
192 117 1
192 119 1
192 121 1
192 133 1
192 137 1
192 138 1
192 139 1
192 140 1
192 141 1
192 143 1
192 148 1
192 157 1
192 158 1
192 170 1
192 175 1
192 176 1
192 179 1
192 182 1
192 183 1
192 185 1
193 3 1
193 10 1
193 11 1
193 12 1
193 13 1
193 14 1
193 16 1
193 18 1
193 19 1
193 20 1
193 23 1
193 39 1
193 54 1
193 58 1
193 61 1
193 64 1
193 67 1
193 68 1
193 75 1
193 78 1
193 83 1
193 90 1
193 91 1
193 92 1
193 94 1
193 97 1
193 100 1
193 107 1
193 112 1
193 119 1
193 122 1
193 128 1
193 129 1
193 131 1
193 145 1
193 150 1
193 161 1
193 165 1
193 168 1
193 174 1
193 175 1
193 176 1
193 183 1
193 185 1
193 187 1
194 3 1
194 14 1
194 18 1
194 20 1
194 24 1
194 33 1
194 46 1
194 47 1
194 52 1
194 57 1
194 58 1
194 63 1
194 67 1
194 72 1
194 78 1
194 81 1
194 82 1
194 84 1
194 85 1
194 87 1
194 92 1
194 97 1
194 101 1
194 103 1
194 109 1
194 115 1
194 126 1
194 128 1
194 137 1
194 142 1
194 153 1
194 154 1
194 163 1
194 164 1
194 180 1
194 183 1
194 186 1
195 3 1
195 5 1
195 15 1
195 17 1
195 20 1
195 31 1
195 32 1
195 36 1
195 39 1
195 42 1
195 44 1
195 45 1
195 46 1
195 50 1
195 52 1
195 56 1
195 63 1
195 70 1
195 72 1
195 75 1
195 78 1
195 84 1
195 85 1
195 94 1
195 95 1
195 96 1
195 97 1
195 101 1
195 106 1
195 107 1
195 109 1
195 110 1
195 117 1
195 119 1
195 122 1
195 130 1
195 133 1
195 134 1
195 140 1
195 146 1
195 149 1
195 150 1
195 153 1
195 156 1
195 158 1
195 161 1
195 166 1
195 174 1
195 176 1
195 177 1
195 183 1
195 185 1
195 188 1
195 190 1
195 192 1
195 195 1
196 2 1
196 12 1
196 17 1
196 20 1
196 21 1
196 25 1
196 27 1
196 28 1
196 38 1
196 50 1
196 53 1
196 65 1
196 74 1
196 83 1
196 85 1
196 92 1
196 93 1
196 94 1
196 102 1
196 104 1
196 108 1
196 111 1
196 116 1
196 118 1
196 120 1
196 122 1
196 131 1
196 132 1
196 134 1
196 153 1
196 155 1
196 158 1
196 162 1
196 169 1
196 178 1
196 180 1
196 182 1
196 183 1
196 185 1
196 194 1
196 196 1
197 1 1
197 7 1
197 16 1
197 21 1
197 24 1
197 26 1
197 30 1
197 35 1
197 38 1
197 39 1
197 44 1
197 52 1
197 62 1
197 63 1
197 77 1
197 91 1
197 100 1
197 102 1
197 106 1
197 110 1
197 113 1
197 124 1
197 125 1
197 133 1
197 139 1
197 145 1
197 148 1
197 152 1
197 157 1
197 163 1
197 165 1
197 166 1
197 172 1
197 173 1
197 174 1
198 0 1
198 2 1
198 3 1
198 9 1
198 11 1
198 13 1
198 15 1
198 23 1
198 24 1
198 28 1
198 29 1
198 30 1
198 33 1
198 47 1
198 48 1
198 49 1
198 59 1
198 60 1
198 62 1
198 65 1
198 69 1
198 76 1
198 82 1
198 83 1
198 84 1
198 89 1
198 96 1
198 103 1
198 104 1
198 107 1
198 112 1
198 115 1
198 119 1
198 133 1
198 140 1
198 142 1
198 157 1
198 179 1
198 187 1
198 191 1
198 196 1
198 197 1
199 2 1
199 5 1
199 10 1
199 11 1
199 12 1
199 14 1
199 24 1
199 28 1
199 34 1
199 35 1
199 40 1
199 43 1
199 45 1
199 46 1
199 48 1
199 52 1
199 53 1
199 55 1
199 60 1
199 64 1
199 73 1
199 74 1
199 75 1
199 76 1
199 79 1
199 82 1
199 95 1
199 97 1
199 100 1
199 101 1
199 107 1
199 108 1
199 115 1
199 116 1
199 126 1
199 129 1
199 131 1
199 135 1
199 137 1
199 140 1
199 143 1
199 144 1
199 146 1
199 157 1
199 165 1
199 167 1
199 177 1
199 178 1
199 183 1
199 186 1
199 187 1
199 191 1
199 195 1
199 198 1
0 0 2
1 0 2
3 1 2
3 3 2
5 2 2
6 3 2
7 2 2
7 4 2
7 5 2
8 3 2
8 5 2
8 6 2
9 7 2
10 7 2
11 2 2
11 7 2
11 9 2
12 1 2
12 3 2
12 4 2
12 9 2
13 3 2
13 4 2
13 8 2
13 10 2
13 11 2
13 13 2
14 0 2
14 1 2
14 12 2
14 13 2
15 10 2
16 8 2
16 10 2
16 14 2
16 15 2
16 16 2
17 0 2
17 6 2
17 8 2
17 9 2
17 10 2
18 0 2
18 4 2
18 5 2
18 8 2
18 9 2
18 13 2
18 14 2
19 3 2
19 4 2
19 5 2
19 7 2
19 10 2
19 15 2
19 16 2
20 0 2
20 3 2
20 4 2
20 9 2
20 10 2
20 13 2
21 16 2
21 19 2
21 20 2
22 7 2
22 9 2
22 10 2
22 14 2
22 16 2
22 20 2
22 22 2
23 0 2
23 1 2
23 2 2
23 6 2
23 17 2
23 18 2
23 19 2
23 20 2
24 13 2
24 16 2
24 18 2
24 19 2
24 20 2
24 21 2
25 1 2
25 4 2
25 11 2
25 16 2
25 23 2
26 0 2
26 2 2
26 11 2
26 12 2
26 15 2
26 26 2
27 0 2
27 4 2
27 8 2
27 9 2
27 10 2
27 15 2
27 16 2
27 17 2
27 19 2
27 21 2
27 22 2
27 26 2
28 5 2
28 7 2
28 19 2
28 21 2
28 24 2
29 5 2
29 6 2
29 8 2
29 17 2
29 22 2
29 24 2
29 29 2
30 0 2
30 1 2
30 13 2
30 17 2
30 20 2
30 23 2
30 24 2
30 28 2
31 9 2
31 12 2
31 17 2
31 26 2
31 29 2
31 30 2
31 31 2
32 0 2
32 1 2
32 8 2
32 11 2
32 24 2
33 3 2
33 4 2
33 5 2
33 18 2
33 19 2
33 21 2
33 22 2
33 28 2
34 1 2
34 2 2
34 4 2
34 6 2
34 7 2
34 15 2
34 21 2
34 23 2
34 26 2
34 27 2
34 33 2
35 3 2
35 7 2
35 9 2
35 15 2
35 25 2
35 27 2
35 33 2
35 35 2
36 4 2
36 6 2
36 12 2
36 13 2
36 16 2
36 18 2
36 19 2
36 21 2
36 23 2
36 28 2
36 29 2
36 32 2
36 33 2
37 21 2
37 27 2
37 31 2
37 33 2
38 8 2
38 12 2
38 14 2
38 16 2
38 23 2
38 27 2
38 28 2
38 32 2
38 35 2
38 37 2
39 3 2
39 9 2
39 15 2
39 16 2
39 17 2
39 24 2
39 26 2
39 27 2
40 1 2
40 5 2
40 7 2
40 11 2
40 20 2
40 22 2
40 23 2
40 26 2
40 27 2
40 34 2
40 36 2
40 37 2
41 0 2
41 9 2
41 10 2
41 12 2
41 15 2
41 18 2
41 21 2
41 25 2
41 31 2
41 33 2
41 37 2
41 38 2
41 39 2
42 0 2
42 4 2
42 5 2
42 6 2
42 9 2
42 15 2
42 17 2
42 25 2
42 27 2
42 31 2
42 38 2
42 40 2
42 42 2
43 1 2
43 10 2
43 23 2
43 24 2
43 25 2
43 34 2
43 38 2
43 42 2
44 0 2
44 3 2
44 5 2
44 10 2
44 20 2
44 24 2
44 26 2
44 30 2
44 32 2
44 35 2
44 36 2
44 42 2
44 43 2
45 0 2
45 3 2
45 4 2
45 6 2
45 12 2
45 14 2
45 17 2
45 42 2
45 44 2
46 0 2
46 1 2
46 3 2
46 4 2
46 9 2
46 10 2
46 13 2
46 16 2
46 18 2
46 22 2
46 30 2
46 46 2
47 0 2
47 4 2
47 8 2
47 13 2
47 15 2
47 17 2
47 21 2
47 26 2
47 27 2
47 35 2
47 36 2
47 39 2
47 42 2
47 44 2
47 46 2
47 47 2
48 1 2
48 3 2
48 8 2
48 13 2
48 16 2
48 18 2
48 23 2
48 24 2
48 25 2
48 26 2
48 28 2
48 33 2
48 35 2
48 37 2
48 40 2
49 0 2
49 1 2
49 4 2
49 5 2
49 14 2
49 15 2
49 16 2
49 18 2
49 19 2
49 26 2
49 27 2
49 28 2
49 37 2
49 38 2
49 43 2
50 2 2
50 7 2
50 11 2
50 17 2
50 20 2
50 34 2
50 41 2
50 46 2
50 47 2
51 1 2
51 2 2
51 4 2
51 25 2
51 31 2
51 32 2
52 1 2
52 7 2
52 10 2
52 11 2
52 12 2
52 15 2
52 17 2
52 18 2
52 19 2
52 33 2
52 42 2
52 43 2
52 52 2
53 0 2
53 5 2
53 8 2
53 18 2
53 29 2
53 44 2
54 4 2
54 11 2
54 19 2
54 20 2
54 23 2
54 24 2
54 28 2
54 29 2
54 37 2
54 38 2
54 39 2
54 40 2
54 41 2
54 42 2
55 1 2
55 9 2
55 11 2
55 12 2
55 17 2
55 18 2
55 23 2
55 25 2
55 32 2
55 33 2
55 34 2
55 48 2
55 49 2
55 53 2
55 54 2
56 3 2
56 4 2
56 5 2
56 6 2
56 14 2
56 19 2
56 20 2
56 22 2
56 29 2
56 31 2
56 37 2
56 43 2
56 45 2
56 50 2
56 53 2
56 55 2
57 4 2
57 10 2
57 11 2
57 12 2
57 13 2
57 18 2
57 20 2
57 21 2
57 22 2
57 28 2
57 29 2
57 33 2
57 35 2
57 37 2
57 39 2
57 42 2
57 44 2
57 46 2
57 51 2
57 53 2
57 55 2
57 57 2
58 0 2
58 1 2
58 8 2
58 9 2
58 10 2
58 12 2
58 17 2
58 18 2
58 21 2
58 35 2
58 37 2
58 38 2
58 45 2
58 46 2
58 47 2
59 0 2
59 3 2
59 6 2
59 8 2
59 12 2
59 14 2
59 23 2
59 24 2
59 25 2
59 33 2
59 35 2
59 36 2
59 37 2
59 45 2
59 49 2
59 51 2
59 57 2
59 59 2
60 0 2
60 3 2
60 6 2
60 14 2
60 20 2
60 25 2
60 43 2
60 45 2
60 48 2
60 49 2
60 51 2
60 57 2
61 1 2
61 4 2
61 6 2
61 10 2
61 13 2
61 14 2
61 16 2
61 17 2
61 18 2
61 20 2
61 26 2
61 30 2
61 31 2
61 39 2
61 43 2
61 48 2
61 55 2
62 0 2
62 2 2
62 13 2
62 21 2
62 27 2
62 28 2
62 33 2
62 38 2
62 43 2
62 49 2
62 50 2
62 51 2
62 53 2
62 61 2
63 0 2
63 2 2
63 14 2
63 15 2
63 16 2
63 18 2
63 22 2
63 26 2
63 27 2
63 29 2
63 40 2
63 41 2
63 44 2
63 45 2
63 50 2
63 62 2
64 6 2
64 9 2
64 11 2
64 12 2
64 18 2
64 19 2
64 20 2
64 24 2
64 27 2
64 28 2
64 31 2
64 38 2
64 41 2
64 53 2
64 57 2
64 58 2
64 59 2
65 0 2
65 1 2
65 2 2
65 5 2
65 8 2
65 11 2
65 14 2
65 21 2
65 22 2
65 23 2
65 29 2
65 36 2
65 38 2
65 39 2
65 40 2
65 42 2
65 47 2
65 48 2
65 50 2
65 57 2
65 60 2
65 61 2
65 65 2
66 4 2
66 6 2
66 14 2
66 15 2
66 20 2
66 24 2
66 31 2
66 33 2
66 34 2
66 36 2
66 37 2
66 38 2
66 40 2
66 41 2
66 47 2
66 58 2
66 59 2
66 60 2
66 61 2
67 0 2
67 8 2
67 12 2
67 13 2
67 16 2
67 21 2
67 24 2
67 30 2
67 37 2
67 41 2
67 52 2
67 53 2
67 56 2
67 58 2
67 59 2
67 62 2
67 65 2
68 0 2
68 4 2
68 16 2
68 18 2
68 21 2
68 25 2
68 27 2
68 28 2
68 30 2
68 31 2
68 34 2
68 38 2
68 39 2
68 41 2
68 43 2
68 44 2
68 45 2
68 54 2
69 2 2
69 4 2
69 9 2
69 11 2
69 19 2
69 24 2
69 25 2
69 28 2
69 30 2
69 32 2
69 35 2
69 37 2
69 44 2
69 45 2
69 55 2
69 56 2
69 64 2
69 69 2
70 2 2
70 4 2
70 7 2
70 9 2
70 10 2
70 13 2
70 18 2
70 25 2
70 30 2
70 34 2
70 38 2
70 39 2
70 52 2
70 56 2
70 58 2
70 60 2
70 61 2
70 64 2
70 65 2
71 0 2
71 5 2
71 7 2
71 8 2
71 10 2
71 14 2
71 17 2
71 19 2
71 21 2
71 22 2
71 25 2
71 31 2
71 41 2
71 43 2
71 44 2
71 46 2
71 54 2
71 63 2
71 64 2
71 65 2
71 69 2
72 13 2
72 17 2
72 18 2
72 22 2
72 25 2
72 29 2
72 30 2
72 38 2
72 41 2
72 44 2
72 57 2
72 60 2
72 61 2
72 72 2
73 14 2
73 22 2
73 27 2
73 30 2
73 33 2
73 44 2
73 53 2
73 62 2
73 67 2
74 11 2
74 13 2
74 26 2
74 37 2
74 39 2
74 40 2
74 47 2
74 49 2
74 59 2
74 61 2
74 63 2
74 69 2
75 1 2
75 4 2
75 5 2
75 13 2
75 18 2
75 20 2
75 26 2
75 33 2
75 35 2
75 42 2
75 43 2
75 55 2
75 62 2
75 67 2
76 3 2
76 7 2
76 10 2
76 13 2
76 18 2
76 30 2
76 34 2
76 38 2
76 40 2
76 43 2
76 51 2
76 55 2
76 56 2
76 58 2
76 62 2
76 65 2
76 72 2
76 73 2
76 74 2
77 0 2
77 15 2
77 16 2
77 24 2
77 25 2
77 31 2
77 40 2
77 44 2
77 45 2
77 47 2
77 54 2
77 60 2
77 61 2
77 62 2
77 66 2
77 72 2
77 77 2
78 5 2
78 6 2
78 7 2
78 8 2
78 9 2
78 20 2
78 31 2
78 34 2
78 36 2
78 40 2
78 46 2
78 53 2
78 56 2
78 64 2
78 67 2
78 69 2
79 6 2
79 8 2
79 10 2
79 20 2
79 31 2
79 38 2
79 40 2
79 48 2
79 59 2
79 72 2
79 75 2
79 78 2
80 0 2
80 1 2
80 3 2
80 4 2
80 9 2
80 14 2
80 16 2
80 20 2
80 23 2
80 33 2
80 45 2
80 48 2
80 50 2
80 51 2
80 57 2
80 60 2
80 63 2
80 70 2
80 76 2
80 80 2
81 5 2
81 6 2
81 9 2
81 12 2
81 13 2
81 14 2
81 16 2
81 18 2
81 19 2
81 21 2
81 22 2
81 27 2
81 31 2
81 36 2
81 38 2
81 42 2
81 43 2
81 47 2
81 55 2
81 56 2
81 57 2
81 63 2
81 68 2
81 78 2
82 1 2
82 4 2
82 9 2
82 11 2
82 12 2
82 26 2
82 30 2
82 34 2
82 40 2
82 42 2
82 43 2
82 48 2
82 49 2
82 57 2
82 60 2
82 65 2
82 69 2
82 82 2
83 1 2
83 3 2
83 4 2
83 7 2
83 8 2
83 10 2
83 14 2
83 15 2
83 23 2
83 25 2
83 27 2
83 28 2
83 41 2
83 42 2
83 44 2
83 45 2
83 47 2
83 49 2
83 50 2
83 53 2
83 54 2
83 59 2
83 64 2
83 74 2
83 79 2
84 0 2
84 5 2
84 7 2
84 10 2
84 15 2
84 16 2
84 22 2
84 39 2
84 42 2
84 44 2
84 46 2
84 48 2
84 57 2
84 60 2
84 61 2
84 83 2
85 3 2
85 4 2
85 5 2
85 13 2
85 17 2
85 23 2
85 25 2
85 26 2
85 27 2
85 36 2
85 37 2
85 38 2
85 45 2
85 46 2
85 49 2
85 54 2
85 56 2
85 58 2
85 60 2
85 64 2
85 71 2
85 78 2
85 79 2
85 82 2
86 6 2
86 8 2
86 9 2
86 10 2
86 11 2
86 22 2
86 26 2
86 43 2
86 48 2
86 49 2
86 50 2
86 55 2
86 58 2
86 67 2
86 68 2
86 69 2
86 71 2
86 74 2
86 81 2
86 82 2
86 86 2
87 7 2
87 10 2
87 11 2
87 17 2
87 20 2
87 25 2
87 26 2
87 28 2
87 31 2
87 33 2
87 35 2
87 37 2
87 43 2
87 44 2
87 45 2
87 46 2
87 56 2
87 59 2
87 78 2
87 81 2
88 12 2
88 22 2
88 35 2
88 49 2
88 51 2
88 52 2
88 57 2
88 60 2
88 61 2
88 67 2
88 70 2
88 71 2
88 72 2
88 81 2
88 83 2
88 84 2
88 86 2
89 9 2
89 10 2
89 11 2
89 14 2
89 16 2
89 18 2
89 19 2
89 23 2
89 28 2
89 45 2
89 47 2
89 49 2
89 50 2
89 51 2
89 52 2
89 57 2
89 59 2
89 60 2
89 61 2
89 70 2
89 76 2
89 77 2
89 81 2
89 83 2
89 86 2
89 88 2
90 1 2
90 3 2
90 8 2
90 14 2
90 16 2
90 25 2
90 28 2
90 32 2
90 33 2
90 36 2
90 39 2
90 43 2
90 44 2
90 47 2
90 58 2
90 60 2
90 65 2
90 72 2
90 78 2
90 81 2
90 83 2
90 87 2
90 89 2
90 90 2
91 5 2
91 6 2
91 8 2
91 11 2
91 13 2
91 15 2
91 21 2
91 23 2
91 27 2
91 39 2
91 44 2
91 45 2
91 50 2
91 52 2
91 54 2
91 55 2
91 58 2
91 61 2
91 64 2
91 65 2
91 66 2
91 75 2
91 80 2
91 85 2
91 90 2
92 1 2
92 3 2
92 7 2
92 9 2
92 10 2
92 11 2
92 12 2
92 14 2
92 27 2
92 32 2
92 33 2
92 34 2
92 40 2
92 42 2
92 44 2
92 45 2
92 59 2
92 62 2
92 76 2
92 81 2
92 88 2
92 89 2
93 6 2
93 11 2
93 15 2
93 20 2
93 21 2
93 22 2
93 36 2
93 41 2
93 44 2
93 51 2
93 55 2
93 58 2
93 59 2
93 64 2
93 68 2
93 73 2
93 74 2
93 79 2
93 82 2
93 89 2
93 93 2
94 0 2
94 12 2
94 15 2
94 16 2
94 19 2
94 31 2
94 32 2
94 36 2
94 38 2
94 42 2
94 44 2
94 46 2
94 54 2
94 60 2
94 62 2
94 71 2
94 72 2
94 74 2
94 75 2
94 83 2
94 84 2
94 85 2
94 88 2
94 90 2
94 94 2
95 0 2
95 3 2
95 6 2
95 8 2
95 13 2
95 14 2
95 19 2
95 21 2
95 23 2
95 26 2
95 27 2
95 28 2
95 31 2
95 33 2
95 39 2
95 40 2
95 41 2
95 42 2
95 43 2
95 44 2
95 45 2
95 46 2
95 47 2
95 51 2
95 57 2
95 60 2
95 63 2
95 64 2
95 65 2
95 66 2
95 68 2
95 72 2
95 74 2
95 79 2
95 83 2
95 85 2
96 15 2
96 18 2
96 25 2
96 26 2
96 27 2
96 29 2
96 36 2
96 37 2
96 41 2
96 45 2
96 54 2
96 60 2
96 62 2
96 64 2
96 65 2
96 70 2
96 72 2
96 84 2
96 85 2
96 87 2
96 89 2
97 3 2
97 7 2
97 12 2
97 17 2
97 23 2
97 26 2
97 29 2
97 30 2
97 32 2
97 37 2
97 40 2
97 41 2
97 45 2
97 47 2
97 51 2
97 54 2
97 55 2
97 56 2
97 58 2
97 61 2
97 62 2
97 69 2
97 75 2
97 78 2
97 84 2
97 87 2
97 89 2
98 0 2
98 6 2
98 7 2
98 11 2
98 15 2
98 20 2
98 22 2
98 23 2
98 24 2
98 26 2
98 28 2
98 32 2
98 36 2
98 37 2
98 40 2
98 41 2
98 42 2
98 56 2
98 58 2
98 59 2
98 62 2
98 63 2
98 65 2
98 72 2
98 77 2
98 79 2
98 80 2
98 82 2
98 85 2
98 87 2
98 88 2
98 90 2
98 93 2
99 6 2
99 7 2
99 8 2
99 11 2
99 18 2
99 22 2
99 24 2
99 27 2
99 34 2
99 44 2
99 45 2
99 46 2
99 50 2
99 51 2
99 53 2
99 54 2
99 59 2
99 64 2
99 70 2
99 73 2
99 77 2
99 78 2
99 79 2
99 83 2
99 92 2
99 93 2
99 96 2
99 98 2
99 99 2
100 3 2
100 6 2
100 11 2
100 18 2
100 19 2
100 23 2
100 24 2
100 32 2
100 39 2
100 43 2
100 44 2
100 48 2
100 53 2
100 63 2
100 66 2
100 79 2
100 81 2
100 84 2
100 89 2
100 100 2
101 0 2
101 2 2
101 11 2
101 13 2
101 15 2
101 20 2
101 21 2
101 26 2
101 28 2
101 34 2
101 35 2
101 37 2
101 40 2
101 41 2
101 45 2
101 46 2
101 47 2
101 60 2
101 65 2
101 83 2
101 84 2
101 87 2
101 88 2
101 89 2
101 95 2
101 98 2
101 101 2
102 4 2
102 6 2
102 8 2
102 16 2
102 17 2
102 19 2
102 20 2
102 21 2
102 23 2
102 31 2
102 44 2
102 46 2
102 61 2
102 63 2
102 65 2
102 67 2
102 71 2
102 73 2
102 75 2
102 77 2
102 78 2
102 81 2
102 91 2
102 99 2
102 101 2
103 3 2
103 5 2
103 12 2
103 16 2
103 20 2
103 21 2
103 24 2
103 26 2
103 28 2
103 36 2
103 37 2
103 54 2
103 58 2
103 61 2
103 66 2
103 73 2
103 79 2
103 82 2
103 95 2
103 100 2
104 7 2
104 9 2
104 11 2
104 14 2
104 25 2
104 29 2
104 43 2
104 46 2
104 50 2
104 53 2
104 55 2
104 60 2
104 67 2
104 68 2
104 70 2
104 74 2
104 79 2
104 84 2
104 86 2
104 98 2
104 99 2
104 100 2
105 3 2
105 5 2
105 6 2
105 8 2
105 12 2
105 14 2
105 15 2
105 16 2
105 21 2
105 26 2
105 27 2
105 34 2
105 37 2
105 42 2
105 44 2
105 46 2
105 47 2
105 60 2
105 62 2
105 67 2
105 70 2
105 71 2
105 74 2
105 77 2
105 78 2
105 81 2
105 83 2
105 88 2
105 96 2
105 99 2
105 103 2
106 6 2
106 8 2
106 16 2
106 19 2
106 20 2
106 21 2
106 22 2
106 25 2
106 32 2
106 36 2
106 48 2
106 50 2
106 54 2
106 58 2
106 59 2
106 61 2
106 62 2
106 66 2
106 68 2
106 77 2
106 79 2
106 85 2
106 91 2
106 96 2
106 98 2
106 100 2
106 106 2
107 7 2
107 8 2
107 10 2
107 12 2
107 13 2
107 17 2
107 27 2
107 32 2
107 33 2
107 35 2
107 37 2
107 41 2
107 47 2
107 50 2
107 51 2
107 55 2
107 64 2
107 70 2
107 78 2
107 79 2
107 80 2
107 83 2
107 85 2
107 86 2
107 87 2
107 89 2
107 98 2
107 102 2
107 105 2
108 0 2
108 4 2
108 6 2
108 9 2
108 14 2
108 15 2
108 19 2
108 28 2
108 31 2
108 32 2
108 33 2
108 36 2
108 38 2
108 42 2
108 43 2
108 45 2
108 47 2
108 49 2
108 52 2
108 58 2
108 59 2
108 61 2
108 68 2
108 69 2
108 74 2
108 80 2
108 82 2
108 84 2
108 85 2
108 87 2
108 88 2
108 93 2
108 104 2
108 105 2
109 0 2
109 4 2
109 5 2
109 11 2
109 16 2
109 28 2
109 29 2
109 30 2
109 31 2
109 33 2
109 40 2
109 41 2
109 45 2
109 57 2
109 59 2
109 61 2
109 65 2
109 69 2
109 72 2
109 73 2
109 82 2
109 96 2
109 98 2
109 108 2
110 1 2
110 4 2
110 11 2
110 14 2
110 15 2
110 16 2
110 27 2
110 28 2
110 30 2
110 37 2
110 39 2
110 46 2
110 51 2
110 56 2
110 63 2
110 80 2
110 81 2
110 87 2
110 89 2
110 91 2
110 92 2
110 93 2
110 94 2
110 100 2
110 101 2
111 2 2
111 5 2
111 8 2
111 13 2
111 21 2
111 22 2
111 32 2
111 33 2
111 39 2
111 46 2
111 48 2
111 54 2
111 55 2
111 59 2
111 67 2
111 75 2
111 79 2
111 83 2
111 84 2
111 90 2
111 92 2
111 98 2
111 106 2
111 111 2
112 2 2
112 3 2
112 7 2
112 8 2
112 9 2
112 18 2
112 19 2
112 28 2
112 32 2
112 34 2
112 35 2
112 40 2
112 47 2
112 54 2
112 57 2
112 61 2
112 65 2
112 70 2
112 72 2
112 76 2
112 84 2
112 85 2
112 87 2
112 89 2
112 91 2
112 93 2
112 102 2
112 103 2
112 107 2
112 112 2
113 2 2
113 10 2
113 11 2
113 12 2
113 13 2
113 14 2
113 16 2
113 21 2
113 22 2
113 25 2
113 34 2
113 36 2
113 39 2
113 47 2
113 48 2
113 51 2
113 53 2
113 55 2
113 57 2
113 63 2
113 67 2
113 74 2
113 77 2
113 83 2
113 86 2
113 90 2
113 94 2
113 100 2
113 108 2
113 111 2
114 1 2
114 3 2
114 7 2
114 8 2
114 10 2
114 11 2
114 15 2
114 20 2
114 22 2
114 23 2
114 28 2
114 30 2
114 31 2
114 32 2
114 34 2
114 36 2
114 43 2
114 50 2
114 55 2
114 56 2
114 65 2
114 78 2
114 79 2
114 82 2
114 87 2
114 94 2
114 96 2
114 97 2
114 99 2
114 100 2
114 101 2
114 102 2
114 104 2
114 108 2
114 111 2
114 112 2
114 113 2
115 2 2
115 21 2
115 22 2
115 25 2
115 35 2
115 41 2
115 46 2
115 54 2
115 59 2
115 61 2
115 64 2
115 68 2
115 76 2
115 79 2
115 88 2
115 99 2
115 102 2
115 104 2
115 107 2
115 110 2
115 113 2
115 114 2
115 115 2
116 1 2
116 5 2
116 6 2
116 7 2
116 16 2
116 26 2
116 27 2
116 28 2
116 30 2
116 31 2
116 35 2
116 37 2
116 41 2
116 42 2
116 44 2
116 51 2
116 54 2
116 55 2
116 56 2
116 60 2
116 61 2
116 67 2
116 69 2
116 72 2
116 73 2
116 88 2
116 92 2
116 106 2
116 112 2
116 116 2
117 6 2
117 14 2
117 20 2
117 22 2
117 23 2
117 34 2
117 39 2
117 47 2
117 49 2
117 50 2
117 63 2
117 72 2
117 73 2
117 81 2
117 99 2
117 106 2
117 108 2
117 117 2
118 0 2
118 1 2
118 5 2
118 11 2
118 12 2
118 13 2
118 20 2
118 22 2
118 34 2
118 38 2
118 46 2
118 54 2
118 55 2
118 56 2
118 60 2
118 64 2
118 66 2
118 69 2
118 70 2
118 72 2
118 74 2
118 75 2
118 81 2
118 89 2
118 92 2
118 101 2
118 103 2
118 104 2
118 107 2
118 108 2
118 109 2
119 4 2
119 13 2
119 18 2
119 22 2
119 24 2
119 25 2
119 27 2
119 35 2
119 37 2
119 39 2
119 42 2
119 44 2
119 56 2
119 58 2
119 59 2
119 64 2
119 77 2
119 79 2
119 84 2
119 88 2
119 91 2
119 93 2
119 98 2
119 100 2
119 102 2
119 104 2
119 106 2
119 107 2
119 109 2
119 110 2
119 112 2
119 114 2
119 119 2
120 0 2
120 11 2
120 12 2
120 15 2
120 24 2
120 26 2
120 32 2
120 44 2
120 50 2
120 68 2
120 70 2
120 74 2
120 79 2
120 86 2
120 88 2
120 92 2
120 97 2
120 105 2
120 109 2
120 110 2
120 115 2
120 118 2
121 5 2
121 7 2
121 9 2
121 11 2
121 15 2
121 16 2
121 19 2
121 23 2
121 31 2
121 32 2
121 39 2
121 44 2
121 51 2
121 54 2
121 55 2
121 58 2
121 59 2
121 61 2
121 62 2
121 67 2
121 71 2
121 74 2
121 75 2
121 76 2
121 84 2
121 86 2
121 89 2
121 91 2
121 95 2
121 97 2
121 100 2
121 105 2
121 116 2
121 117 2
121 121 2
122 1 2
122 3 2
122 4 2
122 9 2
122 10 2
122 14 2
122 16 2
122 21 2
122 22 2
122 24 2
122 27 2
122 28 2
122 31 2
122 38 2
122 40 2
122 44 2
122 45 2
122 46 2
122 47 2
122 48 2
122 50 2
122 55 2
122 56 2
122 57 2
122 58 2
122 67 2
122 74 2
122 75 2
122 80 2
122 82 2
122 85 2
122 88 2
122 90 2
122 97 2
122 98 2
122 101 2
122 106 2
122 111 2
122 112 2
122 113 2
122 117 2
123 0 2
123 15 2
123 20 2
123 21 2
123 28 2
123 30 2
123 39 2
123 45 2
123 52 2
123 54 2
123 60 2
123 65 2
123 70 2
123 72 2
123 73 2
123 75 2
123 76 2
123 77 2
123 84 2
123 86 2
123 87 2
123 88 2
123 95 2
123 96 2
123 100 2
123 103 2
123 111 2
123 117 2
123 119 2
124 1 2
124 4 2
124 5 2
124 15 2
124 16 2
124 18 2
124 22 2
124 26 2
124 28 2
124 31 2
124 42 2
124 43 2
124 45 2
124 49 2
124 56 2
124 57 2
124 59 2
124 64 2
124 66 2
124 68 2
124 71 2
124 73 2
124 76 2
124 82 2
124 95 2
124 101 2
124 106 2
124 109 2
124 111 2
124 114 2
124 117 2
124 120 2
125 0 2
125 3 2
125 4 2
125 10 2
125 13 2
125 16 2
125 21 2
125 25 2
125 27 2
125 30 2
125 31 2
125 34 2
125 35 2
125 45 2
125 46 2
125 50 2
125 54 2
125 59 2
125 66 2
125 69 2
125 76 2
125 79 2
125 80 2
125 82 2
125 84 2
125 86 2
125 88 2
125 90 2
125 92 2
125 93 2
125 94 2
125 96 2
125 100 2
125 102 2
125 103 2
125 106 2
125 108 2
125 109 2
125 111 2
125 112 2
125 118 2
125 121 2
125 122 2
125 125 2
126 1 2
126 2 2
126 10 2
126 11 2
126 18 2
126 24 2
126 33 2
126 35 2
126 41 2
126 50 2
126 55 2
126 57 2
126 70 2
126 71 2
126 77 2
126 85 2
126 88 2
126 92 2
126 98 2
126 99 2
126 103 2
126 104 2
126 107 2
126 113 2
126 115 2
126 116 2
126 118 2
126 122 2
127 6 2
127 9 2
127 29 2
127 31 2
127 35 2
127 39 2
127 42 2
127 52 2
127 55 2
127 56 2
127 67 2
127 72 2
127 75 2
127 82 2
127 88 2
127 89 2
127 91 2
127 93 2
127 94 2
127 95 2
127 97 2
127 102 2
127 106 2
127 107 2
127 109 2
127 115 2
127 117 2
127 123 2
128 0 2
128 3 2
128 4 2
128 7 2
128 9 2
128 10 2
128 11 2
128 16 2
128 18 2
128 23 2
128 24 2
128 26 2
128 30 2
128 36 2
128 38 2
128 40 2
128 43 2
128 44 2
128 53 2
128 62 2
128 64 2
128 65 2
128 66 2
128 67 2
128 68 2
128 71 2
128 72 2
128 88 2
128 89 2
128 91 2
128 97 2
128 100 2
128 101 2
128 105 2
128 106 2
128 107 2
128 110 2
128 111 2
128 117 2
128 122 2
128 124 2
128 126 2
128 127 2
128 128 2
129 3 2
129 8 2
129 12 2
129 13 2
129 14 2
129 22 2
129 39 2
129 41 2
129 42 2
129 43 2
129 48 2
129 57 2
129 59 2
129 64 2
129 65 2
129 72 2
129 78 2
129 81 2
129 88 2
129 91 2
129 102 2
129 104 2
129 107 2
129 108 2
129 119 2
129 120 2
129 127 2
130 3 2
130 4 2
130 7 2
130 18 2
130 23 2
130 27 2
130 29 2
130 30 2
130 31 2
130 36 2
130 37 2
130 40 2
130 42 2
130 46 2
130 55 2
130 60 2
130 62 2
130 63 2
130 70 2
130 72 2
130 82 2
130 83 2
130 84 2
130 87 2
130 89 2
130 90 2
130 97 2
130 102 2
130 104 2
130 106 2
130 110 2
130 114 2
130 117 2
130 119 2
130 124 2
130 128 2
131 8 2
131 10 2
131 14 2
131 17 2
131 23 2
131 26 2
131 28 2
131 30 2
131 31 2
131 32 2
131 33 2
131 38 2
131 43 2
131 47 2
131 48 2
131 60 2
131 71 2
131 79 2
131 84 2
131 86 2
131 87 2
131 90 2
131 92 2
131 97 2
131 99 2
131 102 2
131 111 2
131 114 2
131 117 2
131 119 2
131 121 2
131 123 2
131 131 2
132 0 2
132 3 2
132 12 2
132 13 2
132 21 2
132 23 2
132 25 2
132 26 2
132 29 2
132 30 2
132 34 2
132 36 2
132 40 2
132 42 2
132 44 2
132 45 2
132 47 2
132 54 2
132 55 2
132 62 2
132 67 2
132 77 2
132 78 2
132 80 2
132 81 2
132 88 2
132 89 2
132 90 2
132 93 2
132 95 2
132 100 2
132 101 2
132 102 2
132 104 2
132 109 2
132 114 2
132 118 2
132 120 2
132 130 2
132 131 2
133 1 2
133 2 2
133 4 2
133 6 2
133 10 2
133 17 2
133 18 2
133 19 2
133 20 2
133 23 2
133 26 2
133 29 2
133 31 2
133 32 2
133 36 2
133 38 2
133 39 2
133 41 2
133 42 2
133 45 2
133 47 2
133 57 2
133 74 2
133 75 2
133 77 2
133 86 2
133 89 2
133 97 2
133 98 2
133 110 2
133 114 2
133 117 2
133 124 2
133 127 2
133 129 2
133 130 2
133 131 2
133 132 2
134 1 2
134 4 2
134 8 2
134 10 2
134 17 2
134 27 2
134 32 2
134 43 2
134 51 2
134 53 2
134 54 2
134 69 2
134 71 2
134 76 2
134 77 2
134 88 2
134 89 2
134 92 2
134 93 2
134 94 2
134 98 2
134 99 2
134 106 2
134 108 2
134 110 2
134 112 2
134 118 2
134 127 2
134 132 2
135 0 2
135 2 2
135 5 2
135 6 2
135 10 2
135 13 2
135 16 2
135 20 2
135 22 2
135 23 2
135 31 2
135 38 2
135 43 2
135 45 2
135 47 2
135 48 2
135 49 2
135 50 2
135 57 2
135 59 2
135 63 2
135 66 2
135 76 2
135 77 2
135 81 2
135 86 2
135 89 2
135 93 2
135 97 2
135 98 2
135 100 2
135 103 2
135 104 2
135 106 2
135 110 2
135 111 2
135 115 2
135 116 2
135 117 2
135 120 2
135 121 2
135 123 2
135 130 2
135 135 2
136 11 2
136 12 2
136 13 2
136 22 2
136 34 2
136 36 2
136 40 2
136 41 2
136 45 2
136 49 2
136 50 2
136 54 2
136 57 2
136 60 2
136 67 2
136 68 2
136 71 2
136 86 2
136 88 2
136 96 2
136 99 2
136 108 2
136 112 2
136 113 2
136 125 2
136 129 2
136 135 2
137 5 2
137 9 2
137 21 2
137 25 2
137 28 2
137 37 2
137 42 2
137 49 2
137 52 2
137 66 2
137 68 2
137 69 2
137 70 2
137 75 2
137 77 2
137 78 2
137 79 2
137 86 2
137 88 2
137 95 2
137 99 2
137 101 2
137 107 2
137 112 2
137 113 2
137 118 2
137 119 2
137 130 2
137 131 2
137 132 2
137 133 2
137 137 2
138 2 2
138 7 2
138 11 2
138 14 2
138 16 2
138 20 2
138 22 2
138 25 2
138 30 2
138 31 2
138 41 2
138 45 2
138 48 2
138 50 2
138 65 2
138 66 2
138 67 2
138 69 2
138 70 2
138 71 2
138 72 2
138 80 2
138 81 2
138 87 2
138 94 2
138 95 2
138 98 2
138 106 2
138 112 2
138 114 2
138 120 2
138 127 2
138 130 2
138 135 2
139 6 2
139 7 2
139 8 2
139 9 2
139 20 2
139 25 2
139 27 2
139 34 2
139 37 2
139 38 2
139 40 2
139 44 2
139 53 2
139 56 2
139 57 2
139 59 2
139 62 2
139 63 2
139 65 2
139 66 2
139 74 2
139 78 2
139 79 2
139 81 2
139 87 2
139 88 2
139 92 2
139 98 2
139 108 2
139 122 2
139 124 2
139 125 2
139 133 2
140 1 2
140 13 2
140 14 2
140 18 2
140 22 2
140 24 2
140 25 2
140 27 2
140 34 2
140 35 2
140 38 2
140 41 2
140 43 2
140 51 2
140 55 2
140 56 2
140 58 2
140 59 2
140 61 2
140 63 2
140 74 2
140 87 2
140 91 2
140 94 2
140 96 2
140 102 2
140 113 2
140 116 2
140 121 2
140 126 2
140 127 2
140 128 2
140 136 2
140 137 2
141 4 2
141 6 2
141 18 2
141 19 2
141 20 2
141 21 2
141 24 2
141 26 2
141 27 2
141 38 2
141 40 2
141 41 2
141 47 2
141 49 2
141 51 2
141 55 2
141 57 2
141 63 2
141 68 2
141 69 2
141 74 2
141 81 2
141 84 2
141 86 2
141 90 2
141 91 2
141 96 2
141 102 2
141 104 2
141 105 2
141 106 2
141 108 2
141 109 2
141 115 2
141 117 2
141 122 2
141 124 2
141 125 2
141 128 2
141 130 2
141 132 2
141 133 2
142 5 2
142 10 2
142 12 2
142 22 2
142 26 2
142 27 2
142 32 2
142 39 2
142 40 2
142 41 2
142 42 2
142 44 2
142 54 2
142 60 2
142 65 2
142 72 2
142 74 2
142 76 2
142 103 2
142 104 2
142 113 2
142 119 2
142 120 2
142 125 2
142 129 2
142 140 2
142 141 2
142 142 2
143 9 2
143 11 2
143 15 2
143 16 2
143 25 2
143 26 2
143 27 2
143 32 2
143 34 2
143 45 2
143 46 2
143 47 2
143 48 2
143 55 2
143 61 2
143 62 2
143 63 2
143 64 2
143 65 2
143 66 2
143 75 2
143 79 2
143 84 2
143 87 2
143 89 2
143 91 2
143 95 2
143 96 2
143 98 2
143 102 2
143 103 2
143 104 2
143 105 2
143 108 2
143 112 2
143 119 2
143 124 2
143 131 2
143 133 2
143 135 2
143 136 2
143 137 2
143 138 2
143 139 2
144 0 2
144 2 2
144 3 2
144 8 2
144 14 2
144 18 2
144 21 2
144 29 2
144 31 2
144 37 2
144 47 2
144 48 2
144 50 2
144 51 2
144 53 2
144 57 2
144 66 2
144 68 2
144 71 2
144 73 2
144 74 2
144 81 2
144 83 2
144 89 2
144 93 2
144 105 2
144 109 2
144 112 2
144 115 2
144 119 2
144 121 2
144 122 2
144 123 2
144 132 2
144 133 2
144 136 2
144 139 2
144 141 2
144 142 2
144 143 2
145 5 2
145 9 2
145 12 2
145 22 2
145 24 2
145 26 2
145 30 2
145 40 2
145 48 2
145 50 2
145 54 2
145 55 2
145 60 2
145 65 2
145 77 2
145 79 2
145 83 2
145 87 2
145 95 2
145 96 2
145 98 2
145 99 2
145 103 2
145 111 2
145 112 2
145 113 2
145 116 2
145 119 2
145 120 2
145 121 2
145 140 2
145 145 2
146 2 2
146 3 2
146 10 2
146 14 2
146 18 2
146 19 2
146 20 2
146 22 2
146 28 2
146 31 2
146 32 2
146 39 2
146 42 2
146 44 2
146 46 2
146 47 2
146 49 2
146 50 2
146 52 2
146 54 2
146 56 2
146 58 2
146 60 2
146 71 2
146 78 2
146 79 2
146 84 2
146 85 2
146 94 2
146 95 2
146 101 2
146 106 2
146 111 2
146 120 2
146 131 2
146 136 2
146 141 2
146 146 2
147 0 2
147 6 2
147 8 2
147 11 2
147 12 2
147 15 2
147 17 2
147 20 2
147 23 2
147 27 2
147 28 2
147 33 2
147 39 2
147 44 2
147 45 2
147 46 2
147 50 2
147 52 2
147 54 2
147 56 2
147 57 2
147 63 2
147 71 2
147 75 2
147 78 2
147 80 2
147 81 2
147 86 2
147 89 2
147 90 2
147 101 2
147 104 2
147 105 2
147 106 2
147 117 2
147 122 2
147 127 2
147 129 2
147 133 2
147 140 2
147 146 2
148 0 2
148 2 2
148 5 2
148 7 2
148 12 2
148 15 2
148 19 2
148 26 2
148 28 2
148 33 2
148 37 2
148 45 2
148 47 2
148 49 2
148 56 2
148 63 2
148 67 2
148 72 2
148 77 2
148 82 2
148 86 2
148 90 2
148 92 2
148 93 2
148 97 2
148 98 2
148 100 2
148 101 2
148 104 2
148 109 2
148 110 2
148 111 2
148 115 2
148 127 2
148 130 2
148 132 2
148 133 2
148 141 2
148 142 2
148 143 2
148 144 2
149 0 2
149 8 2
149 16 2
149 22 2
149 28 2
149 43 2
149 45 2
149 49 2
149 51 2
149 56 2
149 62 2
149 64 2
149 76 2
149 79 2
149 83 2
149 85 2
149 94 2
149 99 2
149 101 2
149 106 2
149 108 2
149 110 2
149 111 2
149 114 2
149 122 2
149 124 2
149 128 2
149 129 2
149 141 2
149 148 2
150 0 2
150 2 2
150 36 2
150 42 2
150 43 2
150 44 2
150 49 2
150 51 2
150 52 2
150 59 2
150 64 2
150 69 2
150 72 2
150 74 2
150 75 2
150 83 2
150 91 2
150 95 2
150 104 2
150 107 2
150 109 2
150 110 2
150 113 2
150 120 2
150 130 2
150 131 2
150 136 2
150 141 2
150 149 2
150 150 2
151 3 2
151 14 2
151 16 2
151 17 2
151 22 2
151 23 2
151 24 2
151 27 2
151 29 2
151 41 2
151 45 2
151 46 2
151 49 2
151 51 2
151 55 2
151 56 2
151 58 2
151 63 2
151 72 2
151 82 2
151 85 2
151 89 2
151 90 2
151 95 2
151 99 2
151 106 2
151 107 2
151 108 2
151 110 2
151 114 2
151 116 2
151 119 2
151 126 2
151 131 2
151 133 2
151 135 2
151 136 2
151 142 2
151 144 2
151 151 2
152 4 2
152 6 2
152 10 2
152 12 2
152 14 2
152 20 2
152 26 2
152 28 2
152 32 2
152 35 2
152 40 2
152 41 2
152 42 2
152 44 2
152 45 2
152 46 2
152 48 2
152 57 2
152 63 2
152 70 2
152 72 2
152 76 2
152 78 2
152 83 2
152 86 2
152 89 2
152 90 2
152 100 2
152 105 2
152 114 2
152 138 2
152 145 2
152 149 2
153 0 2
153 2 2
153 12 2
153 13 2
153 15 2
153 17 2
153 21 2
153 22 2
153 23 2
153 25 2
153 26 2
153 28 2
153 36 2
153 39 2
153 42 2
153 45 2
153 52 2
153 56 2
153 59 2
153 62 2
153 66 2
153 70 2
153 76 2
153 79 2
153 84 2
153 87 2
153 89 2
153 91 2
153 97 2
153 98 2
153 101 2
153 104 2
153 109 2
153 110 2
153 114 2
153 121 2
153 125 2
153 135 2
153 138 2
153 141 2
153 147 2
153 149 2
154 0 2
154 4 2
154 5 2
154 7 2
154 20 2
154 22 2
154 26 2
154 28 2
154 50 2
154 62 2
154 63 2
154 73 2
154 80 2
154 86 2
154 100 2
154 101 2
154 119 2
154 120 2
154 125 2
154 128 2
154 129 2
154 130 2
154 132 2
154 137 2
154 138 2
154 142 2
154 145 2
154 148 2
154 154 2
155 4 2
155 5 2
155 8 2
155 19 2
155 22 2
155 27 2
155 29 2
155 30 2
155 31 2
155 33 2
155 34 2
155 41 2
155 44 2
155 47 2
155 48 2
155 54 2
155 60 2
155 64 2
155 65 2
155 70 2
155 79 2
155 80 2
155 82 2
155 84 2
155 85 2
155 89 2
155 93 2
155 97 2
155 106 2
155 114 2
155 119 2
155 122 2
155 123 2
155 127 2
155 129 2
155 131 2
155 132 2
155 135 2
155 144 2
155 145 2
155 146 2
155 149 2
155 151 2
155 152 2
155 154 2
155 155 2
156 6 2
156 20 2
156 24 2
156 25 2
156 26 2
156 30 2
156 32 2
156 34 2
156 38 2
156 40 2
156 42 2
156 48 2
156 52 2
156 59 2
156 64 2
156 68 2
156 74 2
156 77 2
156 78 2
156 83 2
156 84 2
156 87 2
156 93 2
156 103 2
156 105 2
156 106 2
156 109 2
156 118 2
156 121 2
156 124 2
156 125 2
156 127 2
156 129 2
156 131 2
156 134 2
156 140 2
156 145 2
156 152 2
156 155 2
157 7 2
157 12 2
157 13 2
157 14 2
157 17 2
157 26 2
157 27 2
157 29 2
157 31 2
157 35 2
157 42 2
157 43 2
157 46 2
157 51 2
157 67 2
157 69 2
157 73 2
157 75 2
157 79 2
157 81 2
157 83 2
157 86 2
157 87 2
157 94 2
157 96 2
157 101 2
157 102 2
157 104 2
157 114 2
157 115 2
157 122 2
157 135 2
157 136 2
157 137 2
157 141 2
157 147 2
157 150 2
157 152 2
157 154 2
157 156 2
157 157 2
158 3 2
158 4 2
158 5 2
158 6 2
158 13 2
158 14 2
158 24 2
158 26 2
158 28 2
158 34 2
158 38 2
158 39 2
158 45 2
158 51 2
158 56 2
158 66 2
158 68 2
158 77 2
158 82 2
158 93 2
158 94 2
158 97 2
158 99 2
158 108 2
158 114 2
158 122 2
158 123 2
158 127 2
158 135 2
158 138 2
158 139 2
158 140 2
158 141 2
158 143 2
158 145 2
158 147 2
158 153 2
158 156 2
158 158 2
159 1 2
159 7 2
159 14 2
159 16 2
159 21 2
159 23 2
159 34 2
159 35 2
159 37 2
159 41 2
159 43 2
159 49 2
159 56 2
159 58 2
159 61 2
159 63 2
159 69 2
159 70 2
159 75 2
159 95 2
159 101 2
159 102 2
159 108 2
159 116 2
159 120 2
159 122 2
159 130 2
159 136 2
159 138 2
159 155 2
159 158 2
159 159 2
160 5 2
160 7 2
160 9 2
160 16 2
160 17 2
160 20 2
160 23 2
160 27 2
160 28 2
160 29 2
160 32 2
160 33 2
160 40 2
160 42 2
160 45 2
160 49 2
160 51 2
160 52 2
160 74 2
160 81 2
160 86 2
160 90 2
160 93 2
160 103 2
160 104 2
160 106 2
160 109 2
160 112 2
160 125 2
160 140 2
160 141 2
160 142 2
160 145 2
160 149 2
160 155 2
160 158 2
161 2 2
161 3 2
161 6 2
161 11 2
161 14 2
161 16 2
161 23 2
161 26 2
161 34 2
161 47 2
161 54 2
161 57 2
161 60 2
161 61 2
161 62 2
161 64 2
161 67 2
161 68 2
161 71 2
161 72 2
161 75 2
161 77 2
161 82 2
161 84 2
161 90 2
161 94 2
161 107 2
161 116 2
161 117 2
161 119 2
161 124 2
161 134 2
161 139 2
161 142 2
161 146 2
161 157 2
162 0 2
162 3 2
162 10 2
162 14 2
162 17 2
162 19 2
162 26 2
162 32 2
162 36 2
162 37 2
162 40 2
162 47 2
162 49 2
162 51 2
162 56 2
162 61 2
162 65 2
162 66 2
162 69 2
162 71 2
162 73 2
162 82 2
162 85 2
162 86 2
162 92 2
162 95 2
162 109 2
162 131 2
162 137 2
162 138 2
162 155 2
162 160 2
162 162 2
163 1 2
163 9 2
163 13 2
163 16 2
163 19 2
163 26 2
163 27 2
163 31 2
163 32 2
163 35 2
163 36 2
163 37 2
163 40 2
163 43 2
163 45 2
163 46 2
163 48 2
163 49 2
163 60 2
163 62 2
163 65 2
163 67 2
163 68 2
163 69 2
163 74 2
163 79 2
163 81 2
163 82 2
163 83 2
163 85 2
163 87 2
163 89 2
163 92 2
163 93 2
163 94 2
163 96 2
163 103 2
163 105 2
163 110 2
163 111 2
163 115 2
163 117 2
163 121 2
163 125 2
163 128 2
163 130 2
163 133 2
163 138 2
163 139 2
163 146 2
163 149 2
163 152 2
163 153 2
163 154 2
163 158 2
163 162 2
164 2 2
164 3 2
164 4 2
164 8 2
164 12 2
164 13 2
164 16 2
164 20 2
164 27 2
164 39 2
164 44 2
164 49 2
164 51 2
164 55 2
164 62 2
164 68 2
164 71 2
164 76 2
164 78 2
164 81 2
164 85 2
164 87 2
164 88 2
164 89 2
164 91 2
164 96 2
164 97 2
164 99 2
164 101 2
164 102 2
164 105 2
164 106 2
164 109 2
164 112 2
164 116 2
164 117 2
164 121 2
164 131 2
164 134 2
164 143 2
164 147 2
164 151 2
164 153 2
164 158 2
164 162 2
164 163 2
165 0 2
165 2 2
165 3 2
165 4 2
165 10 2
165 14 2
165 30 2
165 39 2
165 41 2
165 44 2
165 47 2
165 48 2
165 51 2
165 52 2
165 57 2
165 72 2
165 73 2
165 74 2
165 81 2
165 83 2
165 84 2
165 86 2
165 87 2
165 91 2
165 96 2
165 98 2
165 103 2
165 105 2
165 114 2
165 115 2
165 117 2
165 120 2
165 127 2
165 130 2
165 132 2
165 157 2
166 7 2
166 13 2
166 22 2
166 23 2
166 25 2
166 28 2
166 29 2
166 30 2
166 33 2
166 35 2
166 40 2
166 41 2
166 49 2
166 57 2
166 62 2
166 68 2
166 78 2
166 84 2
166 85 2
166 87 2
166 93 2
166 101 2
166 103 2
166 107 2
166 113 2
166 117 2
166 118 2
166 119 2
166 123 2
166 127 2
166 128 2
166 144 2
166 152 2
166 157 2
166 163 2
166 165 2
167 4 2
167 10 2
167 14 2
167 15 2
167 16 2
167 25 2
167 27 2
167 31 2
167 36 2
167 43 2
167 55 2
167 57 2
167 59 2
167 62 2
167 64 2
167 65 2
167 69 2
167 72 2
167 77 2
167 78 2
167 83 2
167 85 2
167 97 2
167 99 2
167 101 2
167 102 2
167 103 2
167 108 2
167 124 2
167 125 2
167 129 2
167 132 2
167 135 2
167 141 2
167 143 2
167 144 2
167 149 2
167 152 2
167 155 2
167 158 2
167 162 2
167 163 2
168 2 2
168 5 2
168 8 2
168 11 2
168 14 2
168 16 2
168 26 2
168 28 2
168 40 2
168 41 2
168 42 2
168 50 2
168 54 2
168 55 2
168 59 2
168 63 2
168 66 2
168 68 2
168 75 2
168 76 2
168 79 2
168 81 2
168 82 2
168 85 2
168 90 2
168 93 2
168 101 2
168 105 2
168 106 2
168 118 2
168 119 2
168 121 2
168 123 2
168 125 2
168 129 2
168 130 2
168 133 2
168 141 2
168 144 2
168 152 2
168 154 2
168 158 2
168 164 2
168 168 2
169 0 2
169 6 2
169 13 2
169 14 2
169 16 2
169 17 2
169 18 2
169 19 2
169 23 2
169 29 2
169 37 2
169 43 2
169 47 2
169 48 2
169 54 2
169 56 2
169 57 2
169 59 2
169 64 2
169 74 2
169 85 2
169 94 2
169 103 2
169 107 2
169 109 2
169 116 2
169 117 2
169 122 2
169 123 2
169 124 2
169 127 2
169 130 2
169 131 2
169 132 2
169 133 2
169 134 2
169 135 2
169 141 2
169 154 2
169 155 2
169 162 2
169 167 2
169 168 2
170 3 2
170 6 2
170 7 2
170 14 2
170 15 2
170 17 2
170 21 2
170 28 2
170 46 2
170 56 2
170 57 2
170 63 2
170 64 2
170 72 2
170 81 2
170 84 2
170 88 2
170 93 2
170 94 2
170 97 2
170 116 2
170 125 2
170 130 2
170 136 2
170 143 2
170 144 2
170 145 2
170 149 2
170 152 2
170 154 2
170 160 2
170 165 2
171 0 2
171 1 2
171 6 2
171 7 2
171 8 2
171 11 2
171 12 2
171 14 2
171 17 2
171 18 2
171 22 2
171 26 2
171 29 2
171 36 2
171 39 2
171 47 2
171 50 2
171 58 2
171 60 2
171 63 2
171 64 2
171 71 2
171 72 2
171 77 2
171 79 2
171 82 2
171 84 2
171 94 2
171 97 2
171 98 2
171 102 2
171 105 2
171 119 2
171 123 2
171 126 2
171 131 2
171 138 2
171 146 2
171 149 2
171 154 2
171 155 2
171 156 2
171 162 2
171 164 2
171 169 2
171 170 2
172 0 2
172 7 2
172 15 2
172 17 2
172 20 2
172 23 2
172 24 2
172 29 2
172 32 2
172 38 2
172 39 2
172 45 2
172 46 2
172 49 2
172 51 2
172 59 2
172 60 2
172 61 2
172 74 2
172 78 2
172 86 2
172 93 2
172 94 2
172 98 2
172 102 2
172 104 2
172 108 2
172 111 2
172 114 2
172 116 2
172 120 2
172 123 2
172 129 2
172 135 2
172 136 2
172 141 2
172 146 2
172 148 2
172 153 2
172 161 2
172 166 2
172 167 2
172 168 2
172 169 2
173 12 2
173 13 2
173 21 2
173 22 2
173 24 2
173 31 2
173 34 2
173 37 2
173 44 2
173 50 2
173 52 2
173 60 2
173 65 2
173 75 2
173 77 2
173 79 2
173 80 2
173 81 2
173 83 2
173 84 2
173 89 2
173 96 2
173 100 2
173 103 2
173 104 2
173 106 2
173 119 2
173 120 2
173 132 2
173 139 2
173 140 2
173 141 2
173 143 2
173 145 2
173 146 2
173 154 2
173 155 2
173 168 2
173 170 2
173 172 2
174 3 2
174 5 2
174 7 2
174 8 2
174 14 2
174 15 2
174 16 2
174 20 2
174 23 2
174 24 2
174 27 2
174 29 2
174 30 2
174 31 2
174 51 2
174 54 2
174 55 2
174 58 2
174 61 2
174 62 2
174 64 2
174 65 2
174 66 2
174 68 2
174 72 2
174 75 2
174 78 2
174 80 2
174 82 2
174 96 2
174 98 2
174 109 2
174 112 2
174 115 2
174 125 2
174 127 2
174 129 2
174 131 2
174 139 2
174 141 2
174 145 2
174 149 2
174 150 2
174 151 2
174 152 2
174 153 2
174 155 2
174 159 2
174 160 2
174 165 2
174 171 2
174 173 2
175 5 2
175 6 2
175 9 2
175 28 2
175 30 2
175 33 2
175 34 2
175 36 2
175 39 2
175 41 2
175 44 2
175 51 2
175 52 2
175 54 2
175 56 2
175 59 2
175 61 2
175 72 2
175 74 2
175 76 2
175 79 2
175 86 2
175 100 2
175 105 2
175 108 2
175 109 2
175 110 2
175 112 2
175 114 2
175 124 2
175 132 2
175 133 2
175 136 2
175 140 2
175 144 2
175 151 2
175 167 2
175 168 2
175 171 2
175 174 2
176 2 2
176 9 2
176 12 2
176 21 2
176 24 2
176 26 2
176 28 2
176 30 2
176 31 2
176 34 2
176 37 2
176 43 2
176 49 2
176 51 2
176 54 2
176 58 2
176 61 2
176 63 2
176 70 2
176 73 2
176 76 2
176 77 2
176 81 2
176 88 2
176 94 2
176 97 2
176 98 2
176 99 2
176 101 2
176 106 2
176 107 2
176 111 2
176 114 2
176 116 2
176 122 2
176 123 2
176 130 2
176 133 2
176 136 2
176 137 2
176 140 2
176 147 2
176 152 2
176 155 2
176 156 2
176 159 2
176 161 2
176 162 2
176 163 2
176 164 2
176 167 2
177 2 2
177 3 2
177 7 2
177 16 2
177 17 2
177 20 2
177 21 2
177 22 2
177 26 2
177 27 2
177 32 2
177 38 2
177 42 2
177 43 2
177 46 2
177 47 2
177 48 2
177 49 2
177 51 2
177 52 2
177 53 2
177 55 2
177 56 2
177 58 2
177 59 2
177 67 2
177 79 2
177 80 2
177 81 2
177 83 2
177 88 2
177 96 2
177 97 2
177 99 2
177 127 2
177 129 2
177 131 2
177 133 2
177 138 2
177 141 2
177 142 2
177 143 2
177 144 2
177 145 2
177 158 2
177 160 2
177 161 2
177 162 2
177 164 2
177 169 2
177 170 2
177 171 2
177 172 2
177 177 2
178 1 2
178 12 2
178 13 2
178 17 2
178 23 2
178 25 2
178 31 2
178 46 2
178 52 2
178 58 2
178 61 2
178 62 2
178 67 2
178 73 2
178 76 2
178 82 2
178 85 2
178 91 2
178 95 2
178 96 2
178 103 2
178 112 2
178 116 2
178 119 2
178 121 2
178 132 2
178 139 2
178 143 2
178 145 2
178 149 2
178 151 2
178 153 2
178 158 2
178 161 2
178 162 2
178 164 2
178 172 2
179 3 2
179 16 2
179 17 2
179 18 2
179 23 2
179 24 2
179 29 2
179 30 2
179 36 2
179 37 2
179 41 2
179 48 2
179 51 2
179 52 2
179 53 2
179 57 2
179 60 2
179 64 2
179 65 2
179 66 2
179 67 2
179 69 2
179 71 2
179 78 2
179 83 2
179 85 2
179 97 2
179 102 2
179 105 2
179 106 2
179 114 2
179 119 2
179 127 2
179 128 2
179 132 2
179 134 2
179 135 2
179 137 2
179 139 2
179 140 2
179 146 2
179 151 2
179 154 2
179 156 2
179 160 2
179 163 2
179 164 2
179 167 2
179 168 2
180 2 2
180 11 2
180 16 2
180 17 2
180 21 2
180 32 2
180 33 2
180 38 2
180 39 2
180 42 2
180 46 2
180 50 2
180 56 2
180 57 2
180 58 2
180 60 2
180 65 2
180 66 2
180 71 2
180 72 2
180 77 2
180 78 2
180 79 2
180 82 2
180 90 2
180 92 2
180 93 2
180 98 2
180 101 2
180 102 2
180 103 2
180 105 2
180 109 2
180 111 2
180 114 2
180 117 2
180 123 2
180 128 2
180 134 2
180 135 2
180 141 2
180 142 2
180 147 2
180 154 2
180 156 2
180 159 2
180 166 2
180 173 2
180 176 2
180 177 2
181 1 2
181 4 2
181 5 2
181 10 2
181 15 2
181 25 2
181 27 2
181 31 2
181 34 2
181 37 2
181 38 2
181 39 2
181 41 2
181 43 2
181 48 2
181 49 2
181 54 2
181 55 2
181 58 2
181 60 2
181 61 2
181 72 2
181 73 2
181 76 2
181 80 2
181 82 2
181 83 2
181 87 2
181 91 2
181 93 2
181 95 2
181 102 2
181 105 2
181 111 2
181 113 2
181 119 2
181 122 2
181 124 2
181 125 2
181 127 2
181 132 2
181 134 2
181 135 2
181 138 2
181 144 2
181 152 2
181 160 2
181 166 2
181 168 2
181 169 2
181 170 2
181 172 2
181 174 2
181 175 2
181 179 2
182 0 2
182 1 2
182 9 2
182 10 2
182 13 2
182 14 2
182 24 2
182 26 2
182 36 2
182 41 2
182 43 2
182 44 2
182 46 2
182 48 2
182 50 2
182 55 2
182 58 2
182 62 2
182 65 2
182 67 2
182 68 2
182 73 2
182 75 2
182 76 2
182 80 2
182 81 2
182 83 2
182 92 2
182 93 2
182 98 2
182 100 2
182 104 2
182 110 2
182 112 2
182 115 2
182 122 2
182 133 2
182 136 2
182 151 2
182 152 2
182 153 2
182 154 2
182 155 2
182 158 2
182 161 2
182 163 2
182 164 2
182 172 2
182 176 2
183 1 2
183 4 2
183 6 2
183 7 2
183 13 2
183 16 2
183 29 2
183 30 2
183 43 2
183 58 2
183 69 2
183 73 2
183 75 2
183 76 2
183 89 2
183 90 2
183 98 2
183 107 2
183 114 2
183 118 2
183 123 2
183 126 2
183 127 2
183 128 2
183 129 2
183 130 2
183 134 2
183 140 2
183 143 2
183 145 2
183 146 2
183 152 2
183 153 2
183 155 2
183 157 2
183 158 2
183 160 2
183 161 2
183 164 2
183 165 2
183 169 2
183 170 2
183 174 2
183 178 2
183 181 2
183 183 2
184 4 2
184 10 2
184 12 2
184 18 2
184 19 2
184 20 2
184 24 2
184 25 2
184 34 2
184 35 2
184 38 2
184 45 2
184 61 2
184 64 2
184 66 2
184 73 2
184 77 2
184 78 2
184 79 2
184 80 2
184 81 2
184 82 2
184 83 2
184 84 2
184 87 2
184 90 2
184 91 2
184 92 2
184 97 2
184 100 2
184 101 2
184 104 2
184 105 2
184 114 2
184 125 2
184 127 2
184 130 2
184 135 2
184 137 2
184 138 2
184 139 2
184 141 2
184 143 2
184 144 2
184 146 2
184 147 2
184 158 2
184 162 2
184 163 2
184 164 2
184 168 2
184 169 2
184 171 2
184 176 2
184 182 2
185 0 2
185 2 2
185 3 2
185 4 2
185 6 2
185 8 2
185 16 2
185 24 2
185 31 2
185 32 2
185 36 2
185 38 2
185 39 2
185 41 2
185 42 2
185 44 2
185 50 2
185 55 2
185 59 2
185 63 2
185 74 2
185 75 2
185 77 2
185 79 2
185 83 2
185 85 2
185 86 2
185 93 2
185 110 2
185 117 2
185 123 2
185 128 2
185 129 2
185 133 2
185 134 2
185 135 2
185 136 2
185 148 2
185 149 2
185 155 2
185 161 2
185 162 2
185 167 2
185 168 2
185 177 2
185 179 2
185 180 2
185 182 2
186 1 2
186 3 2
186 4 2
186 6 2
186 8 2
186 9 2
186 25 2
186 29 2
186 30 2
186 34 2
186 40 2
186 42 2
186 56 2
186 61 2
186 73 2
186 75 2
186 83 2
186 85 2
186 86 2
186 88 2
186 91 2
186 95 2
186 97 2
186 104 2
186 107 2
186 110 2
186 113 2
186 121 2
186 125 2
186 126 2
186 130 2
186 132 2
186 136 2
186 141 2
186 145 2
186 149 2
186 163 2
186 170 2
186 171 2
186 174 2
186 175 2
186 178 2
186 182 2
186 183 2
187 4 2
187 5 2
187 10 2
187 13 2
187 15 2
187 16 2
187 30 2
187 39 2
187 40 2
187 42 2
187 47 2
187 48 2
187 52 2
187 58 2
187 60 2
187 61 2
187 72 2
187 73 2
187 75 2
187 84 2
187 89 2
187 90 2
187 104 2
187 105 2
187 108 2
187 109 2
187 110 2
187 118 2
187 120 2
187 123 2
187 128 2
187 139 2
187 142 2
187 144 2
187 150 2
187 154 2
187 160 2
187 161 2
187 163 2
187 167 2
187 169 2
187 170 2
187 176 2
187 184 2
187 185 2
188 3 2
188 6 2
188 7 2
188 8 2
188 13 2
188 15 2
188 17 2
188 19 2
188 21 2
188 23 2
188 27 2
188 34 2
188 54 2
188 59 2
188 64 2
188 66 2
188 71 2
188 72 2
188 79 2
188 92 2
188 93 2
188 105 2
188 108 2
188 109 2
188 123 2
188 124 2
188 127 2
188 128 2
188 132 2
188 140 2
188 155 2
188 158 2
188 160 2
188 161 2
188 164 2
188 168 2
188 176 2
188 179 2
189 3 2
189 5 2
189 12 2
189 17 2
189 19 2
189 20 2
189 23 2
189 28 2
189 33 2
189 35 2
189 43 2
189 46 2
189 48 2
189 50 2
189 57 2
189 61 2
189 64 2
189 66 2
189 67 2
189 68 2
189 77 2
189 84 2
189 87 2
189 95 2
189 98 2
189 100 2
189 105 2
189 108 2
189 114 2
189 117 2
189 120 2
189 122 2
189 123 2
189 125 2
189 126 2
189 132 2
189 136 2
189 138 2
189 142 2
189 144 2
189 150 2
189 155 2
189 158 2
189 165 2
189 167 2
189 170 2
189 178 2
189 184 2
190 0 2
190 14 2
190 28 2
190 33 2
190 36 2
190 37 2
190 38 2
190 42 2
190 48 2
190 50 2
190 53 2
190 55 2
190 56 2
190 57 2
190 68 2
190 71 2
190 79 2
190 83 2
190 102 2
190 103 2
190 106 2
190 108 2
190 118 2
190 130 2
190 132 2
190 136 2
190 138 2
190 149 2
190 153 2
190 155 2
190 159 2
190 161 2
190 162 2
190 163 2
190 168 2
190 170 2
190 171 2
190 173 2
190 176 2
191 6 2
191 7 2
191 8 2
191 9 2
191 12 2
191 14 2
191 22 2
191 27 2
191 43 2
191 45 2
191 48 2
191 51 2
191 54 2
191 67 2
191 70 2
191 80 2
191 84 2
191 88 2
191 90 2
191 95 2
191 96 2
191 107 2
191 109 2
191 111 2
191 114 2
191 118 2
191 121 2
191 125 2
191 126 2
191 136 2
191 139 2
191 141 2
191 144 2
191 153 2
191 154 2
191 158 2
191 159 2
191 170 2
191 179 2
191 180 2
191 185 2
191 187 2
192 0 2
192 2 2
192 6 2
192 9 2
192 12 2
192 13 2
192 24 2
192 28 2
192 30 2
192 32 2
192 37 2
192 38 2
192 39 2
192 41 2
192 43 2
192 45 2
192 48 2
192 52 2
192 60 2
192 62 2
192 63 2
192 67 2
192 71 2
192 74 2
192 79 2
192 80 2
192 84 2
192 86 2
192 88 2
192 89 2
192 96 2
192 101 2
192 103 2
192 108 2
192 113 2
192 124 2
192 127 2
192 134 2
192 136 2
192 137 2
192 138 2
192 139 2
192 142 2
192 143 2
192 144 2
192 145 2
192 150 2
192 153 2
192 158 2
192 160 2
192 163 2
192 165 2
192 173 2
192 175 2
192 176 2
192 178 2
192 182 2
192 183 2
192 185 2
192 190 2
193 1 2
193 3 2
193 8 2
193 16 2
193 23 2
193 24 2
193 28 2
193 31 2
193 32 2
193 38 2
193 39 2
193 44 2
193 48 2
193 51 2
193 52 2
193 55 2
193 56 2
193 59 2
193 60 2
193 63 2
193 66 2
193 72 2
193 75 2
193 81 2
193 83 2
193 86 2
193 87 2
193 90 2
193 91 2
193 94 2
193 95 2
193 96 2
193 100 2
193 111 2
193 113 2
193 114 2
193 118 2
193 129 2
193 130 2
193 137 2
193 139 2
193 141 2
193 143 2
193 144 2
193 153 2
193 158 2
193 159 2
193 161 2
193 163 2
193 164 2
193 167 2
193 171 2
193 177 2
193 179 2
193 186 2
193 192 2
194 0 2
194 2 2
194 6 2
194 8 2
194 15 2
194 22 2
194 29 2
194 30 2
194 32 2
194 33 2
194 38 2
194 39 2
194 41 2
194 43 2
194 44 2
194 47 2
194 48 2
194 49 2
194 50 2
194 61 2
194 68 2
194 70 2
194 74 2
194 76 2
194 81 2
194 84 2
194 87 2
194 88 2
194 90 2
194 91 2
194 94 2
194 95 2
194 96 2
194 99 2
194 102 2
194 114 2
194 115 2
194 118 2
194 120 2
194 122 2
194 126 2
194 127 2
194 129 2
194 135 2
194 140 2
194 148 2
194 149 2
194 153 2
194 155 2
194 159 2
194 164 2
194 169 2
194 172 2
194 174 2
194 175 2
194 181 2
194 188 2
194 190 2
195 4 2
195 8 2
195 10 2
195 11 2
195 16 2
195 18 2
195 20 2
195 21 2
195 23 2
195 26 2
195 29 2
195 30 2
195 31 2
195 38 2
195 42 2
195 53 2
195 63 2
195 64 2
195 65 2
195 72 2
195 76 2
195 78 2
195 83 2
195 85 2
195 98 2
195 109 2
195 117 2
195 120 2
195 126 2
195 128 2
195 130 2
195 131 2
195 137 2
195 145 2
195 146 2
195 147 2
195 155 2
195 158 2
195 159 2
195 160 2
195 161 2
195 163 2
195 176 2
195 177 2
195 180 2
195 181 2
195 183 2
195 191 2
196 5 2
196 8 2
196 17 2
196 19 2
196 20 2
196 23 2
196 24 2
196 28 2
196 32 2
196 33 2
196 38 2
196 44 2
196 54 2
196 58 2
196 68 2
196 70 2
196 73 2
196 80 2
196 85 2
196 87 2
196 90 2
196 94 2
196 105 2
196 119 2
196 126 2
196 127 2
196 141 2
196 147 2
196 150 2
196 157 2
196 160 2
196 170 2
196 185 2
196 187 2
196 188 2
196 192 2
196 194 2
196 195 2
197 12 2
197 14 2
197 15 2
197 17 2
197 18 2
197 21 2
197 22 2
197 34 2
197 35 2
197 37 2
197 40 2
197 41 2
197 43 2
197 48 2
197 49 2
197 55 2
197 62 2
197 64 2
197 67 2
197 73 2
197 81 2
197 88 2
197 89 2
197 90 2
197 91 2
197 99 2
197 116 2
197 119 2
197 129 2
197 137 2
197 141 2
197 147 2
197 149 2
197 151 2
197 159 2
197 163 2
197 173 2
197 177 2
197 178 2
197 179 2
197 182 2
197 185 2
197 186 2
197 196 2
197 197 2
198 1 2
198 8 2
198 17 2
198 18 2
198 32 2
198 34 2
198 35 2
198 36 2
198 39 2
198 42 2
198 47 2
198 56 2
198 59 2
198 61 2
198 62 2
198 70 2
198 73 2
198 74 2
198 75 2
198 76 2
198 94 2
198 96 2
198 99 2
198 101 2
198 109 2
198 110 2
198 121 2
198 128 2
198 131 2
198 132 2
198 135 2
198 139 2
198 141 2
198 148 2
198 153 2
198 154 2
198 158 2
198 169 2
198 173 2
198 178 2
198 189 2
198 192 2
198 195 2
198 196 2
198 197 2
199 9 2
199 11 2
199 14 2
199 22 2
199 38 2
199 47 2
199 48 2
199 56 2
199 59 2
199 64 2
199 66 2
199 67 2
199 69 2
199 70 2
199 71 2
199 74 2
199 88 2
199 96 2
199 106 2
199 107 2
199 111 2
199 113 2
199 115 2
199 116 2
199 126 2
199 129 2
199 131 2
199 133 2
199 137 2
199 142 2
199 146 2
199 149 2
199 154 2
199 157 2
199 158 2
199 159 2
199 165 2
199 168 2
199 175 2
199 178 2
199 185 2
1 0 3
2 0 3
3 2 3
3 3 3
4 2 3
5 4 3
5 5 3
6 2 3
7 6 3
7 7 3
8 0 3
8 1 3
9 1 3
9 3 3
10 10 3
11 4 3
11 6 3
12 0 3
12 2 3
12 3 3
12 5 3
12 7 3
12 8 3
12 9 3
13 1 3
13 4 3
13 8 3
13 9 3
13 10 3
15 2 3
15 6 3
15 7 3
15 8 3
15 9 3
15 10 3
15 13 3
15 15 3
16 3 3
16 5 3
16 13 3
17 0 3
17 7 3
17 9 3
17 17 3
18 0 3
18 1 3
18 2 3
18 3 3
18 7 3
18 9 3
18 10 3
18 12 3
18 14 3
18 17 3
19 5 3
19 6 3
19 8 3
19 18 3
19 19 3
20 7 3
20 8 3
20 15 3
21 0 3
21 4 3
21 5 3
21 10 3
21 12 3
21 13 3
21 14 3
21 15 3
21 19 3
22 1 3
22 2 3
22 5 3
22 12 3
22 13 3
22 17 3
22 22 3
23 3 3
23 5 3
23 10 3
23 12 3
23 16 3
23 20 3
24 3 3
24 7 3
24 11 3
24 12 3
24 24 3
25 4 3
25 5 3
25 7 3
25 8 3
25 13 3
25 15 3
25 16 3
25 20 3
26 1 3
26 4 3
26 25 3
27 0 3
27 1 3
27 5 3
27 7 3
27 8 3
27 12 3
27 13 3
27 15 3
27 18 3
27 20 3
27 23 3
27 24 3
28 0 3
28 1 3
28 5 3
28 12 3
28 13 3
28 16 3
28 22 3
29 7 3
29 14 3
29 15 3
29 16 3
29 18 3
29 19 3
29 24 3
29 25 3
29 29 3
30 1 3
30 26 3
30 27 3
30 30 3
31 0 3
31 3 3
31 13 3
31 14 3
31 21 3
31 22 3
31 24 3
31 26 3
31 29 3
32 0 3
32 2 3
32 4 3
32 6 3
32 11 3
32 17 3
32 21 3
32 22 3
32 23 3
32 27 3
33 2 3
33 9 3
33 10 3
33 11 3
33 12 3
33 13 3
33 14 3
33 15 3
33 17 3
33 20 3
33 25 3
33 26 3
33 29 3
33 32 3
33 33 3
34 0 3
34 1 3
34 3 3
34 7 3
34 8 3
34 9 3
34 11 3
34 12 3
34 13 3
34 27 3
34 29 3
34 32 3
34 33 3
34 34 3
35 2 3
35 6 3
35 8 3
35 12 3
35 19 3
35 25 3
35 27 3
35 29 3
35 32 3
36 3 3
36 4 3
36 6 3
36 8 3
36 10 3
36 15 3
36 23 3
36 30 3
36 35 3
36 36 3
37 4 3
37 6 3
37 10 3
37 20 3
37 27 3
37 32 3
37 34 3
38 2 3
38 3 3
38 9 3
38 12 3
38 16 3
38 17 3
38 23 3
38 25 3
38 26 3
38 34 3
38 38 3
39 0 3
39 1 3
39 2 3
39 3 3
39 6 3
39 7 3
39 9 3
39 20 3
39 25 3
39 26 3
39 27 3
39 36 3
40 7 3
40 8 3
40 13 3
40 21 3
40 22 3
40 28 3
40 29 3
40 30 3
40 34 3
40 39 3
41 2 3
41 7 3
41 18 3
41 19 3
41 23 3
41 25 3
41 36 3
41 38 3
42 5 3
42 14 3
42 19 3
42 20 3
42 22 3
42 26 3
42 27 3
42 42 3
43 1 3
43 3 3
43 4 3
43 11 3
43 15 3
43 16 3
43 18 3
43 20 3
43 24 3
43 27 3
43 28 3
44 3 3
44 4 3
44 5 3
44 24 3
44 25 3
44 37 3
44 39 3
45 0 3
45 4 3
45 6 3
45 8 3
45 13 3
45 15 3
45 18 3
45 20 3
45 24 3
45 26 3
45 27 3
45 33 3
45 34 3
45 39 3
45 41 3
45 42 3
46 0 3
46 2 3
46 4 3
46 11 3
46 16 3
46 17 3
46 18 3
46 20 3
46 24 3
46 25 3
46 28 3
46 34 3
46 38 3
46 39 3
46 40 3
47 2 3
47 6 3
47 7 3
47 8 3
47 12 3
47 16 3
47 21 3
47 28 3
47 29 3
47 31 3
47 42 3
47 43 3
48 5 3
48 13 3
48 24 3
48 29 3
48 31 3
48 34 3
48 37 3
48 43 3
48 45 3
48 46 3
48 48 3
49 1 3
49 3 3
49 6 3
49 10 3
49 12 3
49 15 3
49 21 3
49 22 3
49 23 3
49 29 3
49 32 3
49 35 3
49 38 3
49 39 3
49 49 3
50 0 3
50 3 3
50 6 3
50 10 3
50 26 3
50 28 3
50 32 3
50 45 3
50 46 3
50 49 3
50 50 3
51 1 3
51 2 3
51 11 3
51 14 3
51 16 3
51 20 3
51 30 3
51 31 3
51 43 3
51 44 3
51 45 3
52 0 3
52 6 3
52 7 3
52 9 3
52 11 3
52 21 3
52 28 3
52 29 3
52 33 3
52 35 3
52 39 3
52 46 3
52 49 3
52 50 3
52 51 3
53 9 3
53 18 3
53 23 3
53 24 3
53 28 3
53 32 3
53 33 3
53 36 3
53 37 3
53 38 3
53 42 3
53 45 3
53 52 3
54 1 3
54 2 3
54 3 3
54 4 3
54 6 3
54 7 3
54 9 3
54 16 3
54 23 3
54 28 3
54 36 3
54 40 3
54 45 3
55 5 3
55 8 3
55 10 3
55 12 3
55 19 3
55 22 3
55 25 3
55 28 3
55 30 3
55 36 3
55 37 3
55 38 3
55 43 3
55 45 3
55 53 3
56 11 3
56 14 3
56 15 3
56 21 3
56 25 3
56 26 3
56 30 3
56 31 3
56 42 3
56 47 3
57 1 3
57 3 3
57 6 3
57 7 3
57 10 3
57 17 3
57 21 3
57 24 3
57 31 3
57 43 3
57 47 3
57 48 3
58 1 3
58 4 3
58 17 3
58 33 3
58 38 3
58 41 3
58 44 3
58 45 3
58 52 3
58 58 3
59 1 3
59 3 3
59 7 3
59 12 3
59 13 3
59 18 3
59 19 3
59 34 3
59 38 3
59 41 3
59 43 3
59 45 3
59 46 3
59 48 3
59 51 3
59 53 3
59 55 3
59 59 3
60 0 3
60 3 3
60 4 3
60 7 3
60 8 3
60 14 3
60 19 3
60 20 3
60 27 3
60 28 3
60 29 3
60 30 3
60 35 3
60 36 3
60 39 3
60 48 3
60 50 3
60 53 3
60 58 3
60 60 3
61 1 3
61 5 3
61 6 3
61 8 3
61 11 3
61 16 3
61 19 3
61 20 3
61 23 3
61 24 3
61 27 3
61 43 3
61 44 3
61 46 3
61 49 3
61 52 3
61 53 3
61 54 3
61 58 3
61 59 3
62 1 3
62 2 3
62 3 3
62 4 3
62 12 3
62 16 3
62 23 3
62 31 3
62 36 3
62 37 3
62 38 3
62 39 3
62 42 3
62 48 3
62 50 3
62 54 3
62 58 3
63 3 3
63 11 3
63 12 3
63 18 3
63 20 3
63 21 3
63 32 3
63 35 3
63 36 3
63 38 3
63 50 3
63 52 3
63 53 3
63 58 3
63 60 3
63 61 3
63 62 3
64 2 3
64 3 3
64 8 3
64 9 3
64 10 3
64 11 3
64 18 3
64 20 3
64 23 3
64 24 3
64 32 3
64 33 3
64 36 3
64 43 3
64 51 3
64 61 3
65 2 3
65 8 3
65 12 3
65 18 3
65 23 3
65 25 3
65 27 3
65 29 3
65 30 3
65 35 3
65 39 3
65 45 3
65 46 3
65 47 3
65 50 3
65 52 3
65 53 3
65 59 3
65 64 3
66 0 3
66 1 3
66 3 3
66 6 3
66 8 3
66 13 3
66 14 3
66 19 3
66 27 3
66 31 3
66 32 3
66 34 3
66 40 3
66 50 3
66 55 3
66 63 3
66 66 3
67 5 3
67 9 3
67 14 3
67 18 3
67 23 3
67 27 3
67 28 3
67 29 3
67 38 3
67 41 3
67 42 3
67 49 3
67 50 3
67 52 3
67 53 3
67 54 3
67 58 3
67 62 3
67 63 3
68 0 3
68 2 3
68 4 3
68 10 3
68 12 3
68 15 3
68 20 3
68 24 3
68 26 3
68 28 3
68 33 3
68 37 3
68 42 3
68 44 3
68 59 3
69 3 3
69 5 3
69 8 3
69 17 3
69 19 3
69 21 3
69 22 3
69 24 3
69 25 3
69 26 3
69 28 3
69 29 3
69 30 3
69 35 3
69 36 3
69 44 3
69 46 3
69 47 3
69 50 3
69 51 3
69 59 3
69 60 3
69 62 3
69 64 3
69 68 3
70 0 3
70 4 3
70 5 3
70 7 3
70 8 3
70 12 3
70 17 3
70 24 3
70 28 3
70 32 3
70 36 3
70 38 3
70 39 3
70 51 3
70 57 3
70 58 3
70 70 3
71 7 3
71 11 3
71 13 3
71 14 3
71 15 3
71 16 3
71 18 3
71 19 3
71 32 3
71 34 3
71 39 3
71 41 3
71 45 3
71 47 3
71 49 3
71 54 3
71 56 3
71 57 3
71 58 3
71 70 3
72 2 3
72 4 3
72 7 3
72 9 3
72 13 3
72 15 3
72 16 3
72 17 3
72 19 3
72 21 3
72 25 3
72 26 3
72 29 3
72 30 3
72 41 3
72 49 3
72 53 3
72 62 3
72 68 3
72 70 3
72 71 3
73 0 3
73 3 3
73 15 3
73 16 3
73 17 3
73 18 3
73 21 3
73 32 3
73 37 3
73 45 3
73 46 3
73 48 3
73 52 3
73 60 3
73 61 3
73 62 3
73 66 3
73 67 3
73 71 3
74 6 3
74 9 3
74 17 3
74 21 3
74 25 3
74 27 3
74 34 3
74 35 3
74 45 3
74 47 3
74 48 3
74 52 3
74 53 3
74 55 3
74 56 3
74 63 3
74 67 3
74 69 3
74 71 3
74 73 3
74 74 3
75 0 3
75 1 3
75 2 3
75 6 3
75 7 3
75 8 3
75 11 3
75 14 3
75 15 3
75 17 3
75 18 3
75 24 3
75 29 3
75 30 3
75 33 3
75 38 3
75 43 3
75 46 3
75 49 3
75 51 3
75 52 3
75 54 3
75 57 3
75 65 3
75 67 3
75 69 3
75 72 3
75 73 3
76 9 3
76 12 3
76 22 3
76 23 3
76 24 3
76 27 3
76 30 3
76 34 3
76 37 3
76 46 3
76 47 3
76 53 3
76 54 3
76 55 3
76 59 3
76 63 3
76 65 3
76 71 3
77 8 3
77 11 3
77 14 3
77 17 3
77 18 3
77 19 3
77 24 3
77 29 3
77 32 3
77 33 3
77 40 3
77 42 3
77 44 3
77 46 3
77 48 3
77 49 3
77 64 3
77 67 3
77 69 3
77 70 3
77 73 3
77 74 3
77 75 3
78 1 3
78 2 3
78 8 3
78 22 3
78 28 3
78 32 3
78 36 3
78 41 3
78 44 3
78 47 3
78 48 3
78 50 3
78 54 3
78 56 3
78 58 3
78 60 3
78 61 3
78 65 3
78 68 3
78 73 3
78 74 3
78 77 3
79 5 3
79 6 3
79 12 3
79 15 3
79 31 3
79 38 3
79 40 3
79 57 3
79 66 3
79 70 3
79 72 3
79 74 3
79 77 3
80 5 3
80 6 3
80 8 3
80 9 3
80 10 3
80 12 3
80 13 3
80 16 3
80 18 3
80 20 3
80 30 3
80 34 3
80 35 3
80 38 3
80 47 3
80 49 3
80 57 3
80 63 3
80 64 3
80 73 3
80 76 3
81 0 3
81 1 3
81 6 3
81 8 3
81 17 3
81 18 3
81 33 3
81 35 3
81 37 3
81 47 3
81 50 3
81 57 3
81 62 3
81 66 3
81 70 3
81 73 3
81 75 3
81 76 3
81 78 3
81 81 3
82 2 3
82 7 3
82 8 3
82 9 3
82 11 3
82 12 3
82 17 3
82 21 3
82 27 3
82 33 3
82 34 3
82 36 3
82 37 3
82 40 3
82 44 3
82 45 3
82 48 3
82 50 3
82 73 3
83 8 3
83 9 3
83 10 3
83 12 3
83 13 3
83 14 3
83 15 3
83 22 3
83 31 3
83 37 3
83 39 3
83 43 3
83 45 3
83 46 3
83 57 3
83 59 3
83 61 3
83 63 3
83 71 3
83 76 3
83 77 3
83 82 3
83 83 3
84 0 3
84 1 3
84 2 3
84 5 3
84 7 3
84 11 3
84 12 3
84 15 3
84 27 3
84 28 3
84 29 3
84 32 3
84 33 3
84 37 3
84 41 3
84 44 3
84 46 3
84 47 3
84 53 3
84 62 3
84 66 3
84 71 3
84 72 3
84 73 3
84 74 3
84 75 3
84 79 3
84 80 3
85 0 3
85 2 3
85 8 3
85 12 3
85 13 3
85 14 3
85 21 3
85 22 3
85 23 3
85 35 3
85 48 3
85 52 3
85 60 3
85 66 3
85 67 3
85 69 3
85 74 3
85 83 3
86 1 3
86 2 3
86 5 3
86 11 3
86 14 3
86 20 3
86 23 3
86 24 3
86 28 3
86 33 3
86 36 3
86 40 3
86 42 3
86 45 3
86 51 3
86 53 3
86 56 3
86 59 3
86 61 3
86 63 3
86 64 3
86 70 3
86 73 3
86 77 3
86 81 3
86 83 3
86 86 3
87 1 3
87 3 3
87 10 3
87 11 3
87 12 3
87 20 3
87 23 3
87 25 3
87 29 3
87 36 3
87 37 3
87 38 3
87 41 3
87 44 3
87 46 3
87 51 3
87 54 3
87 61 3
87 66 3
87 67 3
87 71 3
87 73 3
87 74 3
87 75 3
87 78 3
87 82 3
87 83 3
87 85 3
87 86 3
88 3 3
88 11 3
88 14 3
88 16 3
88 17 3
88 20 3
88 23 3
88 24 3
88 25 3
88 29 3
88 35 3
88 41 3
88 42 3
88 50 3
88 54 3
88 55 3
88 56 3
88 58 3
88 60 3
88 61 3
88 69 3
88 70 3
88 72 3
88 77 3
88 86 3
88 87 3
88 88 3
89 3 3
89 8 3
89 13 3
89 15 3
89 20 3
89 23 3
89 27 3
89 32 3
89 36 3
89 37 3
89 40 3
89 53 3
89 54 3
89 55 3
89 57 3
89 60 3
89 61 3
89 62 3
89 64 3
89 72 3
89 73 3
89 81 3
89 84 3
89 87 3
89 89 3
90 1 3
90 11 3
90 13 3
90 19 3
90 26 3
90 27 3
90 37 3
90 38 3
90 40 3
90 41 3
90 44 3
90 49 3
90 61 3
90 63 3
90 64 3
90 66 3
90 68 3
90 69 3
90 70 3
90 71 3
90 80 3
90 83 3
90 90 3
91 12 3
91 17 3
91 18 3
91 28 3
91 29 3
91 39 3
91 43 3
91 51 3
91 60 3
91 62 3
91 76 3
91 85 3
91 86 3
91 90 3
91 91 3
92 3 3
92 4 3
92 10 3
92 12 3
92 16 3
92 17 3
92 23 3
92 30 3
92 33 3
92 35 3
92 36 3
92 38 3
92 45 3
92 46 3
92 48 3
92 50 3
92 53 3
92 64 3
92 68 3
92 69 3
92 75 3
92 77 3
92 82 3
92 89 3
92 92 3
93 8 3
93 21 3
93 34 3
93 35 3
93 38 3
93 39 3
93 40 3
93 46 3
93 55 3
93 58 3
93 60 3
93 65 3
93 68 3
93 70 3
93 73 3
93 74 3
93 83 3
93 85 3
93 89 3
93 90 3
93 91 3
93 92 3
93 93 3
94 3 3
94 4 3
94 6 3
94 9 3
94 15 3
94 16 3
94 28 3
94 30 3
94 32 3
94 42 3
94 47 3
94 49 3
94 53 3
94 56 3
94 60 3
94 69 3
94 73 3
94 76 3
94 77 3
94 78 3
94 88 3
94 94 3
95 5 3
95 10 3
95 11 3
95 13 3
95 18 3
95 23 3
95 28 3
95 32 3
95 38 3
95 39 3
95 43 3
95 45 3
95 48 3
95 50 3
95 54 3
95 59 3
95 60 3
95 64 3
95 65 3
95 67 3
95 69 3
95 70 3
95 75 3
95 76 3
95 78 3
95 82 3
95 85 3
95 89 3
95 94 3
96 2 3
96 14 3
96 16 3
96 22 3
96 25 3
96 26 3
96 28 3
96 31 3
96 36 3
96 38 3
96 42 3
96 43 3
96 47 3
96 57 3
96 64 3
96 67 3
96 68 3
96 71 3
96 72 3
96 74 3
96 86 3
96 93 3
97 0 3
97 5 3
97 6 3
97 12 3
97 19 3
97 22 3
97 24 3
97 29 3
97 30 3
97 45 3
97 47 3
97 52 3
97 57 3
97 60 3
97 63 3
97 64 3
97 66 3
97 81 3
97 85 3
97 93 3
97 97 3
98 3 3
98 8 3
98 9 3
98 14 3
98 24 3
98 25 3
98 32 3
98 33 3
98 40 3
98 41 3
98 43 3
98 47 3
98 48 3
98 77 3
98 87 3
98 93 3
98 98 3
99 5 3
99 6 3
99 8 3
99 11 3
99 13 3
99 19 3
99 20 3
99 23 3
99 25 3
99 30 3
99 31 3
99 32 3
99 37 3
99 39 3
99 40 3
99 41 3
99 56 3
99 60 3
99 69 3
99 77 3
99 78 3
99 80 3
99 90 3
99 93 3
100 0 3
100 5 3
100 6 3
100 10 3
100 11 3
100 13 3
100 16 3
100 28 3
100 33 3
100 35 3
100 36 3
100 37 3
100 45 3
100 48 3
100 50 3
100 52 3
100 55 3
100 64 3
100 66 3
100 67 3
100 68 3
100 70 3
100 71 3
100 73 3
100 78 3
100 81 3
100 82 3
100 86 3
101 0 3
101 3 3
101 7 3
101 16 3
101 20 3
101 23 3
101 25 3
101 30 3
101 32 3
101 35 3
101 41 3
101 45 3
101 47 3
101 51 3
101 53 3
101 58 3
101 60 3
101 61 3
101 65 3
101 73 3
101 76 3
101 78 3
101 81 3
101 82 3
101 85 3
101 88 3
101 89 3
101 94 3
102 0 3
102 1 3
102 2 3
102 3 3
102 7 3
102 10 3
102 11 3
102 12 3
102 18 3
102 27 3
102 30 3
102 32 3
102 34 3
102 35 3
102 36 3
102 38 3
102 41 3
102 44 3
102 50 3
102 55 3
102 56 3
102 60 3
102 66 3
102 67 3
102 69 3
102 70 3
102 71 3
102 75 3
102 79 3
102 80 3
102 83 3
102 85 3
102 93 3
102 98 3
102 100 3
102 101 3
102 102 3
103 3 3
103 5 3
103 11 3
103 18 3
103 19 3
103 20 3
103 21 3
103 33 3
103 38 3
103 41 3
103 43 3
103 44 3
103 46 3
103 50 3
103 51 3
103 53 3
103 61 3
103 68 3
103 74 3
103 76 3
103 79 3
103 81 3
103 93 3
103 94 3
103 95 3
103 99 3
103 100 3
104 0 3
104 16 3
104 17 3
104 20 3
104 23 3
104 25 3
104 30 3
104 34 3
104 37 3
104 38 3
104 39 3
104 45 3
104 46 3
104 49 3
104 51 3
104 58 3
104 63 3
104 64 3
104 74 3
104 76 3
104 81 3
104 82 3
104 86 3
104 88 3
104 95 3
104 96 3
104 99 3
104 103 3
105 0 3
105 7 3
105 9 3
105 11 3
105 21 3
105 22 3
105 26 3
105 34 3
105 37 3
105 39 3
105 40 3
105 42 3
105 43 3
105 45 3
105 47 3
105 48 3
105 54 3
105 67 3
105 68 3
105 71 3
105 77 3
105 78 3
105 79 3
105 83 3
105 90 3
105 91 3
105 92 3
105 93 3
105 95 3
105 99 3
105 105 3
106 2 3
106 9 3
106 15 3
106 17 3
106 25 3
106 30 3
106 37 3
106 38 3
106 40 3
106 49 3
106 52 3
106 53 3
106 63 3
106 72 3
106 74 3
106 76 3
106 77 3
106 80 3
106 89 3
106 90 3
106 91 3
106 92 3
106 97 3
106 98 3
106 99 3
107 0 3
107 7 3
107 10 3
107 14 3
107 16 3
107 24 3
107 27 3
107 30 3
107 33 3
107 35 3
107 46 3
107 51 3
107 55 3
107 60 3
107 61 3
107 63 3
107 66 3
107 67 3
107 70 3
107 74 3
107 76 3
107 78 3
107 79 3
107 84 3
107 85 3
107 89 3
107 92 3
107 93 3
107 94 3
107 103 3
108 8 3
108 18 3
108 19 3
108 27 3
108 34 3
108 67 3
108 70 3
108 75 3
108 78 3
108 79 3
108 81 3
108 88 3
108 89 3
108 95 3
108 96 3
108 103 3
108 105 3
108 106 3
109 2 3
109 11 3
109 12 3
109 15 3
109 17 3
109 19 3
109 25 3
109 29 3
109 34 3
109 36 3
109 41 3
109 44 3
109 47 3
109 48 3
109 49 3
109 51 3
109 52 3
109 61 3
109 68 3
109 78 3
109 91 3
109 94 3
109 104 3
109 108 3
110 3 3
110 15 3
110 16 3
110 20 3
110 21 3
110 37 3
110 41 3
110 42 3
110 43 3
110 45 3
110 46 3
110 49 3
110 53 3
110 55 3
110 66 3
110 72 3
110 73 3
110 74 3
110 80 3
110 87 3
110 90 3
110 101 3
110 109 3
111 4 3
111 8 3
111 10 3
111 13 3
111 16 3
111 17 3
111 18 3
111 20 3
111 24 3
111 30 3
111 31 3
111 45 3
111 46 3
111 49 3
111 51 3
111 59 3
111 65 3
111 68 3
111 74 3
111 84 3
111 90 3
111 94 3
111 104 3
111 105 3
111 111 3
112 2 3
112 8 3
112 9 3
112 31 3
112 35 3
112 36 3
112 40 3
112 41 3
112 46 3
112 54 3
112 57 3
112 59 3
112 69 3
112 74 3
112 80 3
112 81 3
112 89 3
112 106 3
113 8 3
113 9 3
113 12 3
113 16 3
113 28 3
113 29 3
113 30 3
113 31 3
113 32 3
113 33 3
113 46 3
113 48 3
113 53 3
113 63 3
113 69 3
113 74 3
113 76 3
113 78 3
113 85 3
113 89 3
113 91 3
113 92 3
113 102 3
113 103 3
113 104 3
113 107 3
113 108 3
113 112 3
113 113 3
114 0 3
114 2 3
114 3 3
114 17 3
114 18 3
114 20 3
114 23 3
114 24 3
114 25 3
114 36 3
114 41 3
114 42 3
114 47 3
114 52 3
114 57 3
114 58 3
114 63 3
114 65 3
114 66 3
114 73 3
114 76 3
114 78 3
114 80 3
114 86 3
114 88 3
114 89 3
114 90 3
114 94 3
114 102 3
114 106 3
114 107 3
114 114 3
115 0 3
115 5 3
115 6 3
115 8 3
115 9 3
115 22 3
115 23 3
115 25 3
115 27 3
115 28 3
115 31 3
115 35 3
115 38 3
115 47 3
115 50 3
115 52 3
115 59 3
115 67 3
115 69 3
115 70 3
115 84 3
115 89 3
115 94 3
115 96 3
115 104 3
115 111 3
115 112 3
116 0 3
116 1 3
116 4 3
116 7 3
116 8 3
116 28 3
116 29 3
116 39 3
116 42 3
116 43 3
116 48 3
116 51 3
116 52 3
116 62 3
116 63 3
116 64 3
116 67 3
116 73 3
116 75 3
116 82 3
116 84 3
116 87 3
116 89 3
116 91 3
116 92 3
116 93 3
116 94 3
116 103 3
116 105 3
117 5 3
117 6 3
117 9 3
117 13 3
117 19 3
117 21 3
117 22 3
117 30 3
117 32 3
117 37 3
117 40 3
117 45 3
117 46 3
117 55 3
117 64 3
117 71 3
117 72 3
117 81 3
117 83 3
117 96 3
117 100 3
117 110 3
117 116 3
118 8 3
118 9 3
118 11 3
118 12 3
118 13 3
118 19 3
118 22 3
118 24 3
118 32 3
118 33 3
118 36 3
118 43 3
118 48 3
118 53 3
118 59 3
118 61 3
118 67 3
118 68 3
118 73 3
118 77 3
118 80 3
118 84 3
118 89 3
118 90 3
118 91 3
118 98 3
118 100 3
118 101 3
118 113 3
118 115 3
118 116 3
119 4 3
119 7 3
119 16 3
119 17 3
119 20 3
119 29 3
119 31 3
119 35 3
119 39 3
119 43 3
119 47 3
119 59 3
119 62 3
119 63 3
119 64 3
119 75 3
119 80 3
119 81 3
119 85 3
119 88 3
119 90 3
119 91 3
119 92 3
119 94 3
119 95 3
119 97 3
119 99 3
119 104 3
119 106 3
119 108 3
119 113 3
119 116 3
119 117 3
119 118 3
120 3 3
120 8 3
120 9 3
120 10 3
120 12 3
120 19 3
120 20 3
120 25 3
120 27 3
120 32 3
120 35 3
120 38 3
120 42 3
120 43 3
120 45 3
120 46 3
120 52 3
120 59 3
120 63 3
120 65 3
120 66 3
120 68 3
120 81 3
120 82 3
120 86 3
120 89 3
120 92 3
120 95 3
120 99 3
120 103 3
120 105 3
120 113 3
121 8 3
121 9 3
121 14 3
121 21 3
121 23 3
121 24 3
121 26 3
121 27 3
121 29 3
121 35 3
121 36 3
121 41 3
121 46 3
121 55 3
121 56 3
121 58 3
121 59 3
121 62 3
121 64 3
121 65 3
121 69 3
121 70 3
121 76 3
121 79 3
121 81 3
121 83 3
121 86 3
121 93 3
121 101 3
121 102 3
121 106 3
121 107 3
121 113 3
121 115 3
121 117 3
121 121 3
122 10 3
122 12 3
122 15 3
122 16 3
122 28 3
122 31 3
122 34 3
122 36 3
122 40 3
122 42 3
122 43 3
122 51 3
122 52 3
122 54 3
122 55 3
122 57 3
122 63 3
122 67 3
122 69 3
122 74 3
122 76 3
122 81 3
122 85 3
122 91 3
122 94 3
122 97 3
122 100 3
122 108 3
122 113 3
122 114 3
122 116 3
122 120 3
123 8 3
123 15 3
123 17 3
123 18 3
123 20 3
123 23 3
123 25 3
123 26 3
123 32 3
123 35 3
123 38 3
123 43 3
123 47 3
123 54 3
123 56 3
123 61 3
123 64 3
123 79 3
123 82 3
123 90 3
123 99 3
123 109 3
123 110 3
123 113 3
123 115 3
124 2 3
124 4 3
124 14 3
124 16 3
124 18 3
124 22 3
124 26 3
124 27 3
124 28 3
124 29 3
124 31 3
124 41 3
124 43 3
124 51 3
124 53 3
124 55 3
124 56 3
124 60 3
124 62 3
124 66 3
124 67 3
124 69 3
124 74 3
124 76 3
124 82 3
124 87 3
124 89 3
124 92 3
124 93 3
124 99 3
124 100 3
124 103 3
124 113 3
124 117 3
124 118 3
124 119 3
124 120 3
125 2 3
125 8 3
125 21 3
125 23 3
125 28 3
125 30 3
125 31 3
125 34 3
125 37 3
125 39 3
125 41 3
125 45 3
125 50 3
125 63 3
125 67 3
125 72 3
125 73 3
125 79 3
125 81 3
125 85 3
125 89 3
125 100 3
125 103 3
125 105 3
125 110 3
125 120 3
125 125 3
126 0 3
126 13 3
126 14 3
126 15 3
126 18 3
126 25 3
126 26 3
126 27 3
126 28 3
126 30 3
126 31 3
126 32 3
126 33 3
126 39 3
126 42 3
126 45 3
126 48 3
126 50 3
126 51 3
126 54 3
126 61 3
126 62 3
126 75 3
126 77 3
126 78 3
126 82 3
126 86 3
126 89 3
126 91 3
126 100 3
126 101 3
126 102 3
126 104 3
126 106 3
126 107 3
126 111 3
126 113 3
126 114 3
127 0 3
127 1 3
127 9 3
127 22 3
127 23 3
127 27 3
127 28 3
127 30 3
127 35 3
127 36 3
127 38 3
127 41 3
127 43 3
127 50 3
127 51 3
127 52 3
127 53 3
127 54 3
127 60 3
127 63 3
127 65 3
127 70 3
127 73 3
127 74 3
127 77 3
127 78 3
127 80 3
127 93 3
127 96 3
127 98 3
127 102 3
127 104 3
127 106 3
127 113 3
127 116 3
127 125 3
128 0 3
128 6 3
128 11 3
128 13 3
128 14 3
128 21 3
128 22 3
128 25 3
128 26 3
128 27 3
128 31 3
128 33 3
128 35 3
128 38 3
128 44 3
128 46 3
128 47 3
128 53 3
128 54 3
128 55 3
128 60 3
128 66 3
128 69 3
128 71 3
128 72 3
128 73 3
128 82 3
128 83 3
128 84 3
128 90 3
128 97 3
128 102 3
128 105 3
128 106 3
128 111 3
128 121 3
128 127 3
129 1 3
129 2 3
129 6 3
129 12 3
129 16 3
129 17 3
129 18 3
129 25 3
129 30 3
129 31 3
129 43 3
129 44 3
129 46 3
129 47 3
129 51 3
129 52 3
129 53 3
129 54 3
129 57 3
129 58 3
129 59 3
129 65 3
129 70 3
129 74 3
129 79 3
129 82 3
129 85 3
129 87 3
129 95 3
129 103 3
129 107 3
129 113 3
129 116 3
129 118 3
129 123 3
129 127 3
130 0 3
130 5 3
130 7 3
130 12 3
130 14 3
130 35 3
130 41 3
130 47 3
130 53 3
130 54 3
130 59 3
130 65 3
130 67 3
130 70 3
130 78 3
130 86 3
130 101 3
130 106 3
130 108 3
130 109 3
130 114 3
130 118 3
130 119 3
130 120 3
130 121 3
130 127 3
131 5 3
131 7 3
131 9 3
131 10 3
131 12 3
131 13 3
131 16 3
131 21 3
131 25 3
131 26 3
131 27 3
131 29 3
131 37 3
131 38 3
131 39 3
131 40 3
131 42 3
131 43 3
131 48 3
131 56 3
131 65 3
131 66 3
131 72 3
131 77 3
131 79 3
131 82 3
131 83 3
131 85 3
131 91 3
131 93 3
131 94 3
131 109 3
131 111 3
131 122 3
131 123 3
131 124 3
131 130 3
132 1 3
132 3 3
132 5 3
132 12 3
132 19 3
132 25 3
132 29 3
132 30 3
132 42 3
132 43 3
132 45 3
132 50 3
132 51 3
132 53 3
132 57 3
132 66 3
132 67 3
132 68 3
132 72 3
132 73 3
132 74 3
132 75 3
132 91 3
132 96 3
132 103 3
132 110 3
132 111 3
132 128 3
132 129 3
132 130 3
133 7 3
133 8 3
133 12 3
133 16 3
133 21 3
133 29 3
133 30 3
133 34 3
133 35 3
133 37 3
133 39 3
133 41 3
133 44 3
133 45 3
133 46 3
133 47 3
133 50 3
133 55 3
133 59 3
133 60 3
133 69 3
133 74 3
133 81 3
133 86 3
133 89 3
133 93 3
133 100 3
133 108 3
133 113 3
133 119 3
133 121 3
133 123 3
133 125 3
133 126 3
133 129 3
133 130 3
134 5 3
134 6 3
134 18 3
134 20 3
134 27 3
134 28 3
134 33 3
134 37 3
134 40 3
134 42 3
134 43 3
134 47 3
134 55 3
134 58 3
134 60 3
134 64 3
134 65 3
134 72 3
134 80 3
134 83 3
134 84 3
134 92 3
134 93 3
134 96 3
134 97 3
134 98 3
134 102 3
134 107 3
134 111 3
134 112 3
134 114 3
134 115 3
134 116 3
134 117 3
134 118 3
134 120 3
134 123 3
134 126 3
134 127 3
134 134 3
135 0 3
135 2 3
135 4 3
135 7 3
135 10 3
135 15 3
135 16 3
135 23 3
135 32 3
135 34 3
135 36 3
135 39 3
135 42 3
135 44 3
135 49 3
135 57 3
135 58 3
135 62 3
135 71 3
135 74 3
135 75 3
135 82 3
135 83 3
135 85 3
135 87 3
135 89 3
135 99 3
135 106 3
135 107 3
135 108 3
135 112 3
135 115 3
135 119 3
135 122 3
135 133 3
135 134 3
135 135 3
136 0 3
136 9 3
136 10 3
136 11 3
136 12 3
136 13 3
136 15 3
136 20 3
136 21 3
136 28 3
136 32 3
136 35 3
136 39 3
136 44 3
136 45 3
136 49 3
136 51 3
136 53 3
136 55 3
136 60 3
136 68 3
136 70 3
136 73 3
136 75 3
136 80 3
136 81 3
136 85 3
136 89 3
136 90 3
136 101 3
136 103 3
136 104 3
136 118 3
136 121 3
136 122 3
136 123 3
136 126 3
136 130 3
136 132 3
136 134 3
137 1 3
137 4 3
137 11 3
137 13 3
137 15 3
137 21 3
137 24 3
137 25 3
137 31 3
137 33 3
137 35 3
137 37 3
137 38 3
137 39 3
137 41 3
137 43 3
137 52 3
137 55 3
137 60 3
137 66 3
137 69 3
137 78 3
137 79 3
137 80 3
137 81 3
137 82 3
137 85 3
137 87 3
137 88 3
137 92 3
137 96 3
137 101 3
137 105 3
137 106 3
137 109 3
137 113 3
137 114 3
137 116 3
137 119 3
137 121 3
137 122 3
137 124 3
137 134 3
137 135 3
137 136 3
137 137 3
138 2 3
138 4 3
138 13 3
138 16 3
138 24 3
138 25 3
138 27 3
138 31 3
138 34 3
138 39 3
138 41 3
138 46 3
138 48 3
138 51 3
138 55 3
138 58 3
138 60 3
138 62 3
138 65 3
138 67 3
138 70 3
138 72 3
138 73 3
138 75 3
138 86 3
138 89 3
138 104 3
138 105 3
138 118 3
138 121 3
138 127 3
138 128 3
138 131 3
138 133 3
138 135 3
138 136 3
138 138 3
139 2 3
139 4 3
139 16 3
139 17 3
139 20 3
139 22 3
139 25 3
139 42 3
139 44 3
139 45 3
139 54 3
139 56 3
139 59 3
139 62 3
139 76 3
139 81 3
139 82 3
139 84 3
139 85 3
139 87 3
139 91 3
139 92 3
139 101 3
139 106 3
139 107 3
139 113 3
139 115 3
139 122 3
139 124 3
139 129 3
139 130 3
139 131 3
139 134 3
140 4 3
140 5 3
140 11 3
140 14 3
140 20 3
140 23 3
140 25 3
140 26 3
140 28 3
140 30 3
140 31 3
140 33 3
140 39 3
140 44 3
140 45 3
140 50 3
140 54 3
140 55 3
140 57 3
140 58 3
140 60 3
140 62 3
140 65 3
140 69 3
140 71 3
140 76 3
140 77 3
140 78 3
140 84 3
140 86 3
140 91 3
140 103 3
140 107 3
140 110 3
140 114 3
140 119 3
140 133 3
140 137 3
140 140 3
141 2 3
141 4 3
141 5 3
141 6 3
141 14 3
141 20 3
141 26 3
141 28 3
141 33 3
141 39 3
141 49 3
141 53 3
141 73 3
141 79 3
141 81 3
141 82 3
141 94 3
141 96 3
141 98 3
141 102 3
141 103 3
141 104 3
141 105 3
141 108 3
141 110 3
141 118 3
141 128 3
141 130 3
141 131 3
141 134 3
141 140 3
142 2 3
142 3 3
142 11 3
142 15 3
142 18 3
142 28 3
142 39 3
142 42 3
142 44 3
142 56 3
142 62 3
142 65 3
142 66 3
142 67 3
142 69 3
142 71 3
142 79 3
142 81 3
142 85 3
142 86 3
142 94 3
142 97 3
142 109 3
142 110 3
142 114 3
142 118 3
142 120 3
142 124 3
142 125 3
142 126 3
142 128 3
142 129 3
142 139 3
143 3 3
143 7 3
143 9 3
143 10 3
143 17 3
143 20 3
143 23 3
143 24 3
143 27 3
143 32 3
143 33 3
143 36 3
143 39 3
143 40 3
143 44 3
143 45 3
143 53 3
143 61 3
143 63 3
143 75 3
143 77 3
143 78 3
143 83 3
143 85 3
143 86 3
143 89 3
143 92 3
143 93 3
143 95 3
143 96 3
143 97 3
143 100 3
143 105 3
143 107 3
143 119 3
143 129 3
143 132 3
143 133 3
143 143 3
144 1 3
144 4 3
144 5 3
144 8 3
144 15 3
144 21 3
144 23 3
144 31 3
144 32 3
144 36 3
144 38 3
144 39 3
144 45 3
144 55 3
144 56 3
144 57 3
144 63 3
144 64 3
144 70 3
144 75 3
144 92 3
144 98 3
144 100 3
144 105 3
144 112 3
144 114 3
144 117 3
144 129 3
144 131 3
144 134 3
144 137 3
144 139 3
144 141 3
144 143 3
144 144 3
145 14 3
145 15 3
145 19 3
145 21 3
145 26 3
145 32 3
145 37 3
145 40 3
145 51 3
145 68 3
145 75 3
145 90 3
145 91 3
145 100 3
145 101 3
145 121 3
145 124 3
145 125 3
145 126 3
145 136 3
145 137 3
145 138 3
145 139 3
145 142 3
146 4 3
146 5 3
146 13 3
146 16 3
146 18 3
146 21 3
146 23 3
146 25 3
146 28 3
146 30 3
146 36 3
146 37 3
146 41 3
146 45 3
146 46 3
146 47 3
146 53 3
146 54 3
146 55 3
146 60 3
146 63 3
146 65 3
146 73 3
146 77 3
146 78 3
146 80 3
146 84 3
146 85 3
146 87 3
146 91 3
146 97 3
146 99 3
146 113 3
146 116 3
146 131 3
146 135 3
146 143 3
147 8 3
147 10 3
147 11 3
147 12 3
147 15 3
147 19 3
147 21 3
147 22 3
147 24 3
147 26 3
147 27 3
147 33 3
147 34 3
147 43 3
147 44 3
147 45 3
147 52 3
147 61 3
147 67 3
147 68 3
147 69 3
147 70 3
147 75 3
147 76 3
147 78 3
147 79 3
147 81 3
147 87 3
147 89 3
147 91 3
147 107 3
147 109 3
147 110 3
147 111 3
147 112 3
147 113 3
147 116 3
147 117 3
147 118 3
147 120 3
147 121 3
147 123 3
147 135 3
147 139 3
148 0 3
148 5 3
148 15 3
148 18 3
148 19 3
148 20 3
148 21 3
148 22 3
148 31 3
148 33 3
148 38 3
148 43 3
148 44 3
148 46 3
148 49 3
148 56 3
148 58 3
148 66 3
148 67 3
148 76 3
148 81 3
148 83 3
148 86 3
148 87 3
148 90 3
148 98 3
148 102 3
148 106 3
148 107 3
148 109 3
148 119 3
148 125 3
148 136 3
148 144 3
148 145 3
148 147 3
149 2 3
149 8 3
149 10 3
149 11 3
149 14 3
149 19 3
149 22 3
149 27 3
149 38 3
149 59 3
149 63 3
149 66 3
149 68 3
149 70 3
149 72 3
149 73 3
149 79 3
149 82 3
149 86 3
149 97 3
149 100 3
149 105 3
149 106 3
149 109 3
149 110 3
149 111 3
149 115 3
149 123 3
149 130 3
149 131 3
149 139 3
149 141 3
149 146 3
149 147 3
149 148 3
150 0 3
150 3 3
150 4 3
150 6 3
150 10 3
150 11 3
150 15 3
150 21 3
150 31 3
150 33 3
150 34 3
150 39 3
150 43 3
150 44 3
150 50 3
150 51 3
150 53 3
150 54 3
150 56 3
150 61 3
150 66 3
150 68 3
150 83 3
150 84 3
150 86 3
150 89 3
150 90 3
150 95 3
150 96 3
150 97 3
150 99 3
150 105 3
150 110 3
150 113 3
150 114 3
150 115 3
150 116 3
150 120 3
150 124 3
150 128 3
150 131 3
150 134 3
150 137 3
150 139 3
150 146 3
150 147 3
151 0 3
151 2 3
151 5 3
151 13 3
151 20 3
151 21 3
151 22 3
151 26 3
151 30 3
151 31 3
151 32 3
151 34 3
151 35 3
151 40 3
151 49 3
151 58 3
151 67 3
151 68 3
151 69 3
151 77 3
151 82 3
151 84 3
151 91 3
151 92 3
151 102 3
151 105 3
151 106 3
151 107 3
151 111 3
151 113 3
151 115 3
151 116 3
151 124 3
151 129 3
151 131 3
151 133 3
151 135 3
151 136 3
151 141 3
151 145 3
151 147 3
151 149 3
152 4 3
152 9 3
152 13 3
152 18 3
152 20 3
152 24 3
152 27 3
152 29 3
152 36 3
152 37 3
152 40 3
152 41 3
152 44 3
152 45 3
152 49 3
152 54 3
152 55 3
152 58 3
152 64 3
152 75 3
152 78 3
152 83 3
152 85 3
152 89 3
152 91 3
152 92 3
152 93 3
152 96 3
152 97 3
152 99 3
152 105 3
152 108 3
152 111 3
152 114 3
152 115 3
152 117 3
152 118 3
152 121 3
152 129 3
152 136 3
152 140 3
152 144 3
152 148 3
153 1 3
153 8 3
153 11 3
153 14 3
153 16 3
153 26 3
153 27 3
153 28 3
153 29 3
153 31 3
153 36 3
153 39 3
153 40 3
153 44 3
153 46 3
153 48 3
153 52 3
153 54 3
153 55 3
153 56 3
153 59 3
153 62 3
153 73 3
153 87 3
153 88 3
153 89 3
153 91 3
153 92 3
153 97 3
153 101 3
153 102 3
153 104 3
153 105 3
153 106 3
153 114 3
153 117 3
153 126 3
153 130 3
153 136 3
153 139 3
153 141 3
153 143 3
153 147 3
154 0 3
154 4 3
154 10 3
154 15 3
154 17 3
154 20 3
154 31 3
154 38 3
154 42 3
154 45 3
154 48 3
154 50 3
154 59 3
154 64 3
154 66 3
154 69 3
154 76 3
154 78 3
154 79 3
154 81 3
154 83 3
154 92 3
154 96 3
154 105 3
154 108 3
154 115 3
154 116 3
154 117 3
154 118 3
154 122 3
154 125 3
154 129 3
154 132 3
154 137 3
154 139 3
154 140 3
154 143 3
154 148 3
154 150 3
154 152 3
154 154 3
155 4 3
155 7 3
155 32 3
155 51 3
155 52 3
155 56 3
155 58 3
155 61 3
155 67 3
155 70 3
155 71 3
155 79 3
155 80 3
155 83 3
155 90 3
155 99 3
155 104 3
155 107 3
155 111 3
155 113 3
155 119 3
155 122 3
155 123 3
155 125 3
155 128 3
155 129 3
155 132 3
155 133 3
155 137 3
155 140 3
155 143 3
155 148 3
155 155 3
156 0 3
156 1 3
156 3 3
156 5 3
156 6 3
156 9 3
156 11 3
156 14 3
156 20 3
156 24 3
156 29 3
156 33 3
156 38 3
156 39 3
156 41 3
156 46 3
156 47 3
156 48 3
156 49 3
156 62 3
156 64 3
156 65 3
156 67 3
156 69 3
156 71 3
156 74 3
156 79 3
156 84 3
156 90 3
156 92 3
156 94 3
156 101 3
156 107 3
156 119 3
156 124 3
156 129 3
156 130 3
156 133 3
156 135 3
156 136 3
156 142 3
156 153 3
156 155 3
157 0 3
157 6 3
157 10 3
157 13 3
157 14 3
157 25 3
157 26 3
157 33 3
157 38 3
157 47 3
157 52 3
157 53 3
157 60 3
157 62 3
157 67 3
157 77 3
157 84 3
157 93 3
157 95 3
157 98 3
157 103 3
157 104 3
157 106 3
157 110 3
157 115 3
157 125 3
157 137 3
157 139 3
157 140 3
157 142 3
157 143 3
157 147 3
157 148 3
157 153 3
158 8 3
158 16 3
158 18 3
158 31 3
158 34 3
158 35 3
158 46 3
158 48 3
158 50 3
158 58 3
158 59 3
158 61 3
158 64 3
158 66 3
158 67 3
158 68 3
158 72 3
158 79 3
158 81 3
158 87 3
158 90 3
158 91 3
158 96 3
158 97 3
158 100 3
158 108 3
158 109 3
158 116 3
158 120 3
158 121 3
158 124 3
158 125 3
158 127 3
158 128 3
158 130 3
158 135 3
158 142 3
158 143 3
158 145 3
158 149 3
159 3 3
159 8 3
159 9 3
159 12 3
159 15 3
159 18 3
159 23 3
159 24 3
159 25 3
159 36 3
159 38 3
159 45 3
159 46 3
159 48 3
159 49 3
159 50 3
159 51 3
159 52 3
159 53 3
159 55 3
159 56 3
159 63 3
159 66 3
159 74 3
159 76 3
159 77 3
159 88 3
159 91 3
159 93 3
159 95 3
159 96 3
159 101 3
159 103 3
159 113 3
159 116 3
159 121 3
159 124 3
159 125 3
159 126 3
159 130 3
159 135 3
159 138 3
159 140 3
159 143 3
159 148 3
159 150 3
159 155 3
159 156 3
160 8 3
160 11 3
160 12 3
160 16 3
160 17 3
160 19 3
160 25 3
160 27 3
160 30 3
160 33 3
160 40 3
160 41 3
160 42 3
160 45 3
160 49 3
160 54 3
160 57 3
160 61 3
160 69 3
160 71 3
160 73 3
160 74 3
160 82 3
160 88 3
160 91 3
160 96 3
160 97 3
160 105 3
160 121 3
160 126 3
160 127 3
160 130 3
160 135 3
160 143 3
160 145 3
160 150 3
160 151 3
160 154 3
161 0 3
161 1 3
161 7 3
161 22 3
161 23 3
161 30 3
161 33 3
161 38 3
161 39 3
161 41 3
161 43 3
161 46 3
161 49 3
161 54 3
161 60 3
161 65 3
161 68 3
161 70 3
161 74 3
161 76 3
161 79 3
161 80 3
161 81 3
161 88 3
161 89 3
161 93 3
161 96 3
161 99 3
161 102 3
161 103 3
161 104 3
161 105 3
161 107 3
161 120 3
161 121 3
161 133 3
161 136 3
161 137 3
161 138 3
161 153 3
161 154 3
161 157 3
162 2 3
162 7 3
162 12 3
162 16 3
162 18 3
162 24 3
162 25 3
162 27 3
162 29 3
162 34 3
162 35 3
162 39 3
162 42 3
162 51 3
162 55 3
162 63 3
162 67 3
162 68 3
162 69 3
162 70 3
162 71 3
162 73 3
162 75 3
162 76 3
162 79 3
162 86 3
162 92 3
162 93 3
162 95 3
162 97 3
162 98 3
162 100 3
162 107 3
162 113 3
162 121 3
162 130 3
162 131 3
162 136 3
162 139 3
162 148 3
162 149 3
162 152 3
162 153 3
162 156 3
162 157 3
162 158 3
163 7 3
163 9 3
163 12 3
163 14 3
163 16 3
163 20 3
163 22 3
163 28 3
163 30 3
163 35 3
163 51 3
163 52 3
163 65 3
163 72 3
163 76 3
163 78 3
163 81 3
163 83 3
163 89 3
163 100 3
163 108 3
163 112 3
163 116 3
163 127 3
163 139 3
163 140 3
163 141 3
163 146 3
163 147 3
163 153 3
163 156 3
164 4 3
164 8 3
164 12 3
164 13 3
164 20 3
164 26 3
164 40 3
164 41 3
164 50 3
164 60 3
164 62 3
164 66 3
164 72 3
164 76 3
164 79 3
164 84 3
164 87 3
164 88 3
164 94 3
164 96 3
164 98 3
164 102 3
164 104 3
164 105 3
164 110 3
164 111 3
164 112 3
164 114 3
164 124 3
164 132 3
164 137 3
164 144 3
164 148 3
164 150 3
164 152 3
164 155 3
164 158 3
164 161 3
165 3 3
165 5 3
165 7 3
165 9 3
165 23 3
165 24 3
165 29 3
165 43 3
165 48 3
165 56 3
165 59 3
165 62 3
165 64 3
165 68 3
165 77 3
165 78 3
165 82 3
165 84 3
165 85 3
165 87 3
165 88 3
165 90 3
165 101 3
165 112 3
165 122 3
165 133 3
165 136 3
165 140 3
165 141 3
165 142 3
165 145 3
165 149 3
165 150 3
165 162 3
165 163 3
166 1 3
166 8 3
166 17 3
166 22 3
166 24 3
166 25 3
166 27 3
166 28 3
166 33 3
166 34 3
166 35 3
166 36 3
166 40 3
166 48 3
166 52 3
166 54 3
166 57 3
166 61 3
166 63 3
166 65 3
166 68 3
166 69 3
166 73 3
166 83 3
166 84 3
166 94 3
166 95 3
166 98 3
166 102 3
166 109 3
166 114 3
166 116 3
166 118 3
166 120 3
166 121 3
166 126 3
166 128 3
166 132 3
166 133 3
166 134 3
166 136 3
166 139 3
166 141 3
166 146 3
166 153 3
166 157 3
166 158 3
167 6 3
167 11 3
167 13 3
167 19 3
167 20 3
167 23 3
167 28 3
167 29 3
167 31 3
167 34 3
167 42 3
167 46 3
167 47 3
167 56 3
167 63 3
167 64 3
167 67 3
167 72 3
167 74 3
167 80 3
167 82 3
167 84 3
167 85 3
167 91 3
167 95 3
167 104 3
167 107 3
167 113 3
167 115 3
167 121 3
167 124 3
167 127 3
167 141 3
167 143 3
167 149 3
167 150 3
167 153 3
167 159 3
167 161 3
167 167 3
168 5 3
168 10 3
168 13 3
168 16 3
168 21 3
168 26 3
168 38 3
168 43 3
168 44 3
168 45 3
168 48 3
168 49 3
168 50 3
168 56 3
168 59 3
168 64 3
168 73 3
168 80 3
168 81 3
168 82 3
168 86 3
168 93 3
168 97 3
168 100 3
168 101 3
168 111 3
168 112 3
168 117 3
168 118 3
168 121 3
168 122 3
168 123 3
168 124 3
168 125 3
168 128 3
168 129 3
168 131 3
168 136 3
168 137 3
168 142 3
168 145 3
168 157 3
168 158 3
168 160 3
168 162 3
168 164 3
168 165 3
169 1 3
169 3 3
169 8 3
169 9 3
169 12 3
169 14 3
169 17 3
169 22 3
169 23 3
169 25 3
169 27 3
169 28 3
169 30 3
169 33 3
169 41 3
169 47 3
169 54 3
169 63 3
169 67 3
169 68 3
169 69 3
169 85 3
169 86 3
169 89 3
169 90 3
169 93 3
169 97 3
169 101 3
169 102 3
169 107 3
169 109 3
169 112 3
169 114 3
169 115 3
169 116 3
169 134 3
169 135 3
169 136 3
169 139 3
169 143 3
169 147 3
169 153 3
169 163 3
170 2 3
170 6 3
170 11 3
170 13 3
170 16 3
170 17 3
170 24 3
170 29 3
170 31 3
170 35 3
170 43 3
170 48 3
170 51 3
170 55 3
170 75 3
170 83 3
170 84 3
170 96 3
170 97 3
170 98 3
170 103 3
170 110 3
170 111 3
170 112 3
170 118 3
170 119 3
170 121 3
170 128 3
170 137 3
170 142 3
170 144 3
170 147 3
170 151 3
170 153 3
170 156 3
170 158 3
170 163 3
170 166 3
170 170 3
171 6 3
171 8 3
171 9 3
171 10 3
171 11 3
171 18 3
171 19 3
171 22 3
171 26 3
171 29 3
171 34 3
171 36 3
171 41 3
171 47 3
171 49 3
171 54 3
171 55 3
171 58 3
171 62 3
171 70 3
171 72 3
171 84 3
171 85 3
171 87 3
171 88 3
171 89 3
171 101 3
171 105 3
171 108 3
171 109 3
171 111 3
171 112 3
171 114 3
171 128 3
171 133 3
171 137 3
171 146 3
171 154 3
171 155 3
171 156 3
171 159 3
171 160 3
171 168 3
172 3 3
172 9 3
172 11 3
172 13 3
172 15 3
172 16 3
172 19 3
172 20 3
172 24 3
172 26 3
172 30 3
172 31 3
172 35 3
172 36 3
172 38 3
172 43 3
172 45 3
172 51 3
172 53 3
172 57 3
172 60 3
172 62 3
172 63 3
172 64 3
172 67 3
172 69 3
172 76 3
172 77 3
172 81 3
172 86 3
172 87 3
172 89 3
172 92 3
172 93 3
172 95 3
172 97 3
172 98 3
172 104 3
172 110 3
172 117 3
172 125 3
172 134 3
172 136 3
172 140 3
172 147 3
172 149 3
172 150 3
172 153 3
172 154 3
172 155 3
172 157 3
172 159 3
172 160 3
172 163 3
172 164 3
172 165 3
172 166 3
172 169 3
173 2 3
173 5 3
173 6 3
173 7 3
173 8 3
173 10 3
173 12 3
173 23 3
173 27 3
173 31 3
173 33 3
173 39 3
173 45 3
173 48 3
173 56 3
173 59 3
173 63 3
173 64 3
173 66 3
173 68 3
173 69 3
173 70 3
173 80 3
173 81 3
173 93 3
173 95 3
173 97 3
173 98 3
173 102 3
173 104 3
173 108 3
173 116 3
173 124 3
173 141 3
173 154 3
173 164 3
173 167 3
173 170 3
173 173 3
174 1 3
174 7 3
174 11 3
174 21 3
174 27 3
174 34 3
174 38 3
174 47 3
174 48 3
174 49 3
174 53 3
174 58 3
174 59 3
174 67 3
174 75 3
174 85 3
174 89 3
174 92 3
174 99 3
174 102 3
174 104 3
174 113 3
174 119 3
174 122 3
174 126 3
174 128 3
174 131 3
174 138 3
174 146 3
174 153 3
174 162 3
174 165 3
174 166 3
175 10 3
175 19 3
175 27 3
175 36 3
175 40 3
175 58 3
175 61 3
175 64 3
175 69 3
175 70 3
175 71 3
175 77 3
175 79 3
175 80 3
175 82 3
175 85 3
175 88 3
175 97 3
175 105 3
175 106 3
175 109 3
175 110 3
175 113 3
175 118 3
175 119 3
175 122 3
175 130 3
175 131 3
175 132 3
175 133 3
175 141 3
175 142 3
175 144 3
175 145 3
175 149 3
175 154 3
175 155 3
175 166 3
175 168 3
175 171 3
176 2 3
176 4 3
176 5 3
176 6 3
176 12 3
176 20 3
176 25 3
176 31 3
176 34 3
176 35 3
176 36 3
176 43 3
176 47 3
176 51 3
176 53 3
176 56 3
176 59 3
176 62 3
176 80 3
176 84 3
176 85 3
176 86 3
176 89 3
176 92 3
176 94 3
176 97 3
176 103 3
176 108 3
176 109 3
176 124 3
176 130 3
176 131 3
176 135 3
176 152 3
176 156 3
176 157 3
176 158 3
176 159 3
176 160 3
176 161 3
177 0 3
177 3 3
177 4 3
177 15 3
177 16 3
177 19 3
177 20 3
177 24 3
177 27 3
177 36 3
177 42 3
177 51 3
177 52 3
177 56 3
177 57 3
177 59 3
177 62 3
177 67 3
177 68 3
177 70 3
177 75 3
177 77 3
177 78 3
177 86 3
177 92 3
177 97 3
177 99 3
177 101 3
177 103 3
177 109 3
177 113 3
177 114 3
177 116 3
177 128 3
177 130 3
177 137 3
177 142 3
177 145 3
177 149 3
177 152 3
177 153 3
177 159 3
177 166 3
177 169 3
177 172 3
177 177 3
178 1 3
178 13 3
178 15 3
178 32 3
178 34 3
178 35 3
178 37 3
178 41 3
178 49 3
178 50 3
178 53 3
178 55 3
178 57 3
178 59 3
178 60 3
178 64 3
178 70 3
178 74 3
178 75 3
178 78 3
178 79 3
178 80 3
178 85 3
178 88 3
178 89 3
178 92 3
178 94 3
178 95 3
178 99 3
178 100 3
178 104 3
178 106 3
178 110 3
178 114 3
178 115 3
178 117 3
178 118 3
178 124 3
178 129 3
178 131 3
178 134 3
178 135 3
178 137 3
178 142 3
178 145 3
178 146 3
178 147 3
178 148 3
178 155 3
178 164 3
178 174 3
178 175 3
178 176 3
179 0 3
179 1 3
179 3 3
179 5 3
179 6 3
179 7 3
179 12 3
179 17 3
179 18 3
179 31 3
179 39 3
179 40 3
179 45 3
179 48 3
179 49 3
179 53 3
179 56 3
179 58 3
179 65 3
179 68 3
179 74 3
179 78 3
179 79 3
179 83 3
179 94 3
179 98 3
179 103 3
179 104 3
179 107 3
179 110 3
179 113 3
179 117 3
179 119 3
179 140 3
179 144 3
179 145 3
179 151 3
179 154 3
179 158 3
179 168 3
180 0 3
180 1 3
180 3 3
180 5 3
180 6 3
180 16 3
180 20 3
180 23 3
180 25 3
180 33 3
180 34 3
180 36 3
180 43 3
180 46 3
180 49 3
180 51 3
180 62 3
180 63 3
180 66 3
180 73 3
180 74 3
180 76 3
180 82 3
180 84 3
180 86 3
180 89 3
180 92 3
180 95 3
180 98 3
180 104 3
180 107 3
180 110 3
180 111 3
180 122 3
180 124 3
180 126 3
180 138 3
180 139 3
180 141 3
180 144 3
180 146 3
180 152 3
180 153 3
180 155 3
180 156 3
180 161 3
180 163 3
180 166 3
180 168 3
180 175 3
180 177 3
181 7 3
181 10 3
181 14 3
181 21 3
181 22 3
181 29 3
181 33 3
181 37 3
181 44 3
181 46 3
181 48 3
181 58 3
181 61 3
181 66 3
181 68 3
181 69 3
181 70 3
181 71 3
181 79 3
181 83 3
181 95 3
181 96 3
181 97 3
181 98 3
181 102 3
181 103 3
181 109 3
181 111 3
181 115 3
181 116 3
181 121 3
181 125 3
181 126 3
181 134 3
181 141 3
181 149 3
181 157 3
181 160 3
181 166 3
181 168 3
181 171 3
181 173 3
181 176 3
182 0 3
182 1 3
182 9 3
182 16 3
182 19 3
182 21 3
182 28 3
182 33 3
182 38 3
182 39 3
182 43 3
182 44 3
182 48 3
182 50 3
182 51 3
182 52 3
182 58 3
182 59 3
182 61 3
182 63 3
182 65 3
182 69 3
182 73 3
182 74 3
182 75 3
182 77 3
182 78 3
182 84 3
182 87 3
182 88 3
182 89 3
182 92 3
182 95 3
182 96 3
182 97 3
182 98 3
182 100 3
182 101 3
182 103 3
182 105 3
182 107 3
182 108 3
182 115 3
182 118 3
182 120 3
182 123 3
182 124 3
182 126 3
182 129 3
182 138 3
182 142 3
182 143 3
182 145 3
182 146 3
182 147 3
182 151 3
182 153 3
182 156 3
182 159 3
182 165 3
182 166 3
182 168 3
182 172 3
182 176 3
182 179 3
182 180 3
183 0 3
183 8 3
183 10 3
183 11 3
183 12 3
183 16 3
183 17 3
183 29 3
183 33 3
183 36 3
183 41 3
183 47 3
183 54 3
183 59 3
183 69 3
183 73 3
183 74 3
183 90 3
183 99 3
183 101 3
183 106 3
183 113 3
183 116 3
183 120 3
183 126 3
183 127 3
183 129 3
183 138 3
183 141 3
183 144 3
183 146 3
183 148 3
183 152 3
183 156 3
183 159 3
183 162 3
183 163 3
183 167 3
183 174 3
183 176 3
183 180 3
183 182 3
184 0 3
184 5 3
184 6 3
184 12 3
184 16 3
184 23 3
184 25 3
184 31 3
184 34 3
184 35 3
184 36 3
184 42 3
184 47 3
184 48 3
184 50 3
184 57 3
184 61 3
184 64 3
184 69 3
184 74 3
184 76 3
184 79 3
184 82 3
184 87 3
184 99 3
184 101 3
184 108 3
184 109 3
184 110 3
184 115 3
184 120 3
184 126 3
184 130 3
184 133 3
184 149 3
184 151 3
184 152 3
184 155 3
184 156 3
184 168 3
184 171 3
184 174 3
184 175 3
184 182 3
184 184 3
185 0 3
185 1 3
185 3 3
185 5 3
185 7 3
185 9 3
185 11 3
185 21 3
185 25 3
185 35 3
185 37 3
185 38 3
185 42 3
185 44 3
185 45 3
185 47 3
185 48 3
185 50 3
185 53 3
185 54 3
185 60 3
185 61 3
185 65 3
185 66 3
185 67 3
185 74 3
185 82 3
185 84 3
185 90 3
185 91 3
185 93 3
185 102 3
185 105 3
185 106 3
185 113 3
185 114 3
185 115 3
185 119 3
185 133 3
185 142 3
185 144 3
185 150 3
185 154 3
185 159 3
185 160 3
185 162 3
185 163 3
185 169 3
185 177 3
185 179 3
186 6 3
186 15 3
186 16 3
186 17 3
186 20 3
186 22 3
186 23 3
186 27 3
186 28 3
186 34 3
186 36 3
186 41 3
186 42 3
186 45 3
186 46 3
186 48 3
186 55 3
186 58 3
186 60 3
186 63 3
186 69 3
186 70 3
186 71 3
186 75 3
186 77 3
186 80 3
186 85 3
186 93 3
186 94 3
186 103 3
186 107 3
186 108 3
186 110 3
186 129 3
186 136 3
186 139 3
186 140 3
186 142 3
186 144 3
186 146 3
186 147 3
186 151 3
186 153 3
186 154 3
186 157 3
186 161 3
186 162 3
186 164 3
186 177 3
186 181 3
186 182 3
186 184 3
186 185 3
186 186 3
187 8 3
187 13 3
187 25 3
187 27 3
187 30 3
187 31 3
187 53 3
187 57 3
187 58 3
187 59 3
187 61 3
187 62 3
187 63 3
187 67 3
187 72 3
187 88 3
187 92 3
187 95 3
187 97 3
187 100 3
187 102 3
187 104 3
187 113 3
187 119 3
187 122 3
187 126 3
187 127 3
187 133 3
187 134 3
187 135 3
187 136 3
187 137 3
187 142 3
187 145 3
187 163 3
187 174 3
187 178 3
187 187 3
188 0 3
188 1 3
188 2 3
188 4 3
188 6 3
188 11 3
188 15 3
188 18 3
188 21 3
188 23 3
188 27 3
188 28 3
188 35 3
188 50 3
188 51 3
188 53 3
188 54 3
188 56 3
188 60 3
188 62 3
188 63 3
188 68 3
188 72 3
188 75 3
188 77 3
188 81 3
188 82 3
188 85 3
188 93 3
188 95 3
188 97 3
188 102 3
188 104 3
188 105 3
188 108 3
188 117 3
188 119 3
188 123 3
188 127 3
188 134 3
188 138 3
188 144 3
188 146 3
188 151 3
188 152 3
188 162 3
188 163 3
188 174 3
188 176 3
188 177 3
188 178 3
188 180 3
188 181 3
188 185 3
188 188 3
189 9 3
189 25 3
189 26 3
189 28 3
189 29 3
189 30 3
189 32 3
189 33 3
189 37 3
189 38 3
189 39 3
189 45 3
189 48 3
189 54 3
189 63 3
189 66 3
189 71 3
189 74 3
189 75 3
189 77 3
189 78 3
189 83 3
189 87 3
189 91 3
189 93 3
189 94 3
189 95 3
189 103 3
189 104 3
189 111 3
189 118 3
189 121 3
189 123 3
189 126 3
189 128 3
189 132 3
189 139 3
189 141 3
189 142 3
189 145 3
189 155 3
189 159 3
189 161 3
189 163 3
189 166 3
189 171 3
189 172 3
189 173 3
189 179 3
189 189 3
190 2 3
190 8 3
190 12 3
190 16 3
190 17 3
190 21 3
190 24 3
190 36 3
190 44 3
190 52 3
190 62 3
190 63 3
190 67 3
190 71 3
190 74 3
190 76 3
190 77 3
190 84 3
190 89 3
190 93 3
190 96 3
190 97 3
190 98 3
190 100 3
190 110 3
190 111 3
190 114 3
190 117 3
190 118 3
190 123 3
190 124 3
190 128 3
190 134 3
190 138 3
190 142 3
190 150 3
190 151 3
190 160 3
190 164 3
190 167 3
190 184 3
190 190 3
191 2 3
191 13 3
191 18 3
191 27 3
191 31 3
191 32 3
191 34 3
191 41 3
191 43 3
191 46 3
191 69 3
191 70 3
191 74 3
191 75 3
191 76 3
191 85 3
191 88 3
191 89 3
191 91 3
191 93 3
191 100 3
191 103 3
191 107 3
191 115 3
191 116 3
191 117 3
191 123 3
191 125 3
191 126 3
191 127 3
191 135 3
191 137 3
191 138 3
191 150 3
191 153 3
191 155 3
191 157 3
191 164 3
191 169 3
191 172 3
191 174 3
191 183 3
191 186 3
191 187 3
191 189 3
191 191 3
192 0 3
192 11 3
192 24 3
192 25 3
192 26 3
192 30 3
192 32 3
192 34 3
192 41 3
192 44 3
192 45 3
192 53 3
192 62 3
192 63 3
192 64 3
192 70 3
192 75 3
192 77 3
192 78 3
192 82 3
192 87 3
192 90 3
192 93 3
192 95 3
192 97 3
192 101 3
192 104 3
192 106 3
192 107 3
192 109 3
192 112 3
192 114 3
192 119 3
192 134 3
192 136 3
192 138 3
192 139 3
192 146 3
192 149 3
192 152 3
192 156 3
192 160 3
192 167 3
192 168 3
192 173 3
192 174 3
192 177 3
192 178 3
192 179 3
193 7 3
193 9 3
193 10 3
193 18 3
193 21 3
193 23 3
193 27 3
193 29 3
193 52 3
193 65 3
193 68 3
193 70 3
193 76 3
193 81 3
193 83 3
193 89 3
193 90 3
193 93 3
193 94 3
193 97 3
193 98 3
193 102 3
193 104 3
193 109 3
193 112 3
193 114 3
193 118 3
193 120 3
193 122 3
193 127 3
193 132 3
193 134 3
193 137 3
193 138 3
193 140 3
193 146 3
193 155 3
193 161 3
193 163 3
193 168 3
193 174 3
193 175 3
193 178 3
193 181 3
193 186 3
193 187 3
193 188 3
193 192 3
194 1 3
194 5 3
194 6 3
194 17 3
194 20 3
194 24 3
194 40 3
194 43 3
194 49 3
194 65 3
194 67 3
194 73 3
194 78 3
194 83 3
194 84 3
194 85 3
194 86 3
194 89 3
194 91 3
194 92 3
194 96 3
194 100 3
194 110 3
194 112 3
194 115 3
194 117 3
194 121 3
194 123 3
194 126 3
194 133 3
194 135 3
194 138 3
194 150 3
194 153 3
194 154 3
194 155 3
194 165 3
194 166 3
194 168 3
194 174 3
194 178 3
194 185 3
194 186 3
194 188 3
194 191 3
194 192 3
195 4 3
195 9 3
195 13 3
195 18 3
195 20 3
195 25 3
195 27 3
195 28 3
195 33 3
195 48 3
195 50 3
195 56 3
195 58 3
195 62 3
195 63 3
195 69 3
195 70 3
195 77 3
195 83 3
195 89 3
195 91 3
195 93 3
195 96 3
195 97 3
195 98 3
195 100 3
195 119 3
195 121 3
195 123 3
195 125 3
195 126 3
195 130 3
195 133 3
195 137 3
195 142 3
195 143 3
195 147 3
195 154 3
195 157 3
195 162 3
195 176 3
195 177 3
195 178 3
195 186 3
195 189 3
195 190 3
195 192 3
196 1 3
196 2 3
196 7 3
196 13 3
196 23 3
196 24 3
196 25 3
196 26 3
196 28 3
196 30 3
196 36 3
196 38 3
196 39 3
196 44 3
196 55 3
196 57 3
196 64 3
196 65 3
196 67 3
196 69 3
196 70 3
196 71 3
196 73 3
196 74 3
196 76 3
196 80 3
196 84 3
196 89 3
196 95 3
196 97 3
196 100 3
196 102 3
196 104 3
196 106 3
196 109 3
196 111 3
196 112 3
196 117 3
196 120 3
196 122 3
196 124 3
196 133 3
196 134 3
196 136 3
196 141 3
196 146 3
196 148 3
196 160 3
196 175 3
196 181 3
196 183 3
196 187 3
196 191 3
196 192 3
197 2 3
197 11 3
197 12 3
197 15 3
197 17 3
197 19 3
197 23 3
197 28 3
197 36 3
197 40 3
197 43 3
197 44 3
197 51 3
197 52 3
197 54 3
197 58 3
197 65 3
197 67 3
197 73 3
197 80 3
197 82 3
197 97 3
197 113 3
197 116 3
197 119 3
197 122 3
197 125 3
197 128 3
197 129 3
197 132 3
197 134 3
197 136 3
197 138 3
197 143 3
197 149 3
197 157 3
197 162 3
197 163 3
197 165 3
197 172 3
197 173 3
197 174 3
197 177 3
197 182 3
197 183 3
197 186 3
197 187 3
197 193 3
197 197 3
198 1 3
198 13 3
198 15 3
198 17 3
198 29 3
198 35 3
198 38 3
198 39 3
198 40 3
198 41 3
198 46 3
198 50 3
198 51 3
198 52 3
198 53 3
198 55 3
198 62 3
198 63 3
198 72 3
198 78 3
198 79 3
198 80 3
198 84 3
198 86 3
198 87 3
198 94 3
198 95 3
198 97 3
198 99 3
198 101 3
198 111 3
198 112 3
198 113 3
198 115 3
198 116 3
198 118 3
198 119 3
198 121 3
198 125 3
198 127 3
198 131 3
198 132 3
198 134 3
198 136 3
198 140 3
198 143 3
198 144 3
198 153 3
198 154 3
198 156 3
198 163 3
198 164 3
198 169 3
198 173 3
198 174 3
198 181 3
198 184 3
198 193 3
198 194 3
198 195 3
198 196 3
198 198 3
199 1 3
199 8 3
199 9 3
199 12 3
199 14 3
199 15 3
199 20 3
199 22 3
199 24 3
199 25 3
199 27 3
199 28 3
199 29 3
199 43 3
199 44 3
199 48 3
199 52 3
199 65 3
199 69 3
199 70 3
199 74 3
199 78 3
199 79 3
199 82 3
199 84 3
199 89 3
199 96 3
199 103 3
199 104 3
199 106 3
199 107 3
199 108 3
199 109 3
199 112 3
199 114 3
199 115 3
199 121 3
199 123 3
199 128 3
199 129 3
199 130 3
199 156 3
199 160 3
199 163 3
199 166 3
199 170 3
199 174 3
199 177 3
199 179 3
199 180 3
199 181 3
199 184 3
199 185 3
199 189 3
199 191 3
199 197 3
