0 0 1
3 3 1
4 0 1
4 1 1
4 2 1
4 4 1
5 0 1
5 1 1
5 4 1
6 0 1
6 2 1
6 4 1
6 5 1
7 1 1
7 2 1
7 3 1
7 4 1
8 2 1
8 3 1
8 6 1
8 7 1
8 8 1
9 3 1
9 7 1
9 8 1
9 9 1
10 0 1
10 2 1
10 4 1
10 5 1
10 6 1
10 8 1
11 11 1
12 3 1
12 5 1
12 9 1
12 12 1
13 0 1
13 6 1
13 12 1
14 5 1
14 6 1
14 7 1
14 10 1
14 12 1
14 13 1
15 2 1
15 3 1
15 4 1
15 5 1
15 6 1
15 9 1
15 10 1
15 12 1
15 14 1
16 0 1
16 5 1
16 6 1
16 7 1
16 15 1
16 16 1
17 2 1
17 3 1
17 7 1
17 8 1
17 9 1
17 12 1
17 17 1
18 0 1
18 3 1
18 5 1
18 8 1
18 12 1
18 15 1
18 17 1
19 4 1
19 5 1
19 6 1
19 8 1
19 12 1
19 14 1
19 16 1
19 17 1
19 19 1
20 2 1
20 3 1
20 7 1
20 8 1
20 9 1
20 11 1
20 12 1
20 18 1
20 20 1
21 4 1
21 6 1
21 7 1
21 10 1
21 13 1
21 14 1
21 16 1
21 17 1
21 18 1
21 19 1
21 21 1
22 0 1
22 3 1
22 5 1
22 6 1
22 10 1
22 13 1
22 14 1
22 16 1
22 18 1
22 19 1
22 21 1
22 22 1
23 0 1
23 4 1
23 5 1
23 8 1
23 10 1
23 12 1
23 13 1
23 16 1
23 21 1
23 23 1
24 2 1
24 3 1
24 7 1
24 9 1
24 12 1
24 16 1
24 20 1
24 23 1
25 2 1
25 3 1
25 8 1
25 9 1
25 12 1
25 13 1
25 15 1
25 20 1
25 21 1
25 23 1
25 25 1
26 0 1
26 5 1
26 6 1
26 9 1
26 10 1
26 13 1
26 15 1
26 16 1
26 19 1
26 22 1
26 23 1
26 25 1
26 26 1
27 1 1
27 3 1
27 7 1
27 8 1
27 12 1
27 17 1
27 19 1
27 20 1
27 21 1
27 22 1
27 25 1
27 27 1
28 7 1
28 17 1
28 18 1
28 20 1
28 23 1
28 25 1
28 28 1
29 0 1
29 3 1
29 6 1
29 7 1
29 13 1
29 14 1
29 19 1
29 21 1
29 23 1
29 25 1
29 26 1
29 29 1
30 0 1
30 2 1
30 3 1
30 7 1
30 9 1
30 12 1
30 13 1
30 15 1
30 17 1
30 20 1
30 25 1
30 27 1
30 28 1
31 0 1
31 2 1
31 4 1
31 5 1
31 6 1
31 10 1
31 14 1
31 16 1
31 17 1
31 19 1
31 22 1
31 23 1
31 25 1
31 26 1
32 0 1
32 1 1
32 4 1
32 5 1
32 6 1
32 7 1
32 10 1
32 13 1
32 15 1
32 19 1
32 21 1
32 22 1
32 23 1
32 26 1
32 27 1
32 29 1
32 31 1
32 32 1
33 1 1
33 9 1
33 21 1
33 23 1
33 33 1
34 0 1
34 6 1
34 13 1
34 17 1
34 19 1
34 29 1
34 32 1
34 33 1
34 34 1
35 0 1
35 2 1
35 3 1
35 4 1
35 7 1
35 8 1
35 9 1
35 12 1
35 16 1
35 18 1
35 20 1
35 24 1
35 27 1
35 28 1
35 30 1
35 32 1
35 35 1
36 4 1
36 5 1
36 8 1
36 9 1
36 10 1
36 12 1
36 13 1
36 14 1
36 15 1
36 18 1
36 19 1
36 21 1
36 23 1
36 26 1
36 29 1
36 30 1
36 32 1
36 33 1
36 36 1
37 0 1
37 6 1
37 8 1
37 10 1
37 12 1
37 13 1
37 14 1
37 15 1
37 19 1
37 22 1
37 23 1
37 29 1
37 32 1
37 33 1
37 35 1
37 37 1
38 2 1
38 7 1
38 8 1
38 9 1
38 12 1
38 15 1
38 17 1
38 18 1
38 25 1
38 27 1
38 28 1
38 35 1
38 38 1
39 2 1
39 3 1
39 4 1
39 6 1
39 8 1
39 9 1
39 13 1
39 17 1
39 18 1
39 20 1
39 23 1
39 24 1
39 25 1
39 27 1
39 32 1
39 35 1
39 38 1
40 0 1
40 2 1
40 4 1
40 6 1
40 9 1
40 14 1
40 15 1
40 16 1
40 17 1
40 18 1
40 22 1
40 24 1
40 26 1
40 28 1
40 29 1
40 32 1
40 33 1
40 37 1
40 38 1
40 39 1
41 2 1
41 3 1
41 7 1
41 8 1
41 14 1
41 16 1
41 17 1
41 18 1
41 20 1
41 23 1
41 24 1
41 27 1
41 28 1
41 30 1
41 36 1
41 37 1
41 39 1
41 41 1
42 0 1
42 3 1
42 6 1
42 8 1
42 10 1
42 13 1
42 14 1
42 15 1
42 18 1
42 21 1
42 23 1
42 24 1
42 25 1
42 26 1
42 30 1
42 31 1
42 32 1
42 37 1
42 40 1
42 42 1
43 6 1
43 11 1
43 13 1
43 17 1
43 18 1
43 25 1
43 28 1
43 29 1
43 31 1
43 32 1
43 36 1
43 39 1
44 3 1
44 4 1
44 5 1
44 6 1
44 9 1
44 10 1
44 12 1
44 13 1
44 14 1
44 16 1
44 19 1
44 22 1
44 31 1
44 32 1
44 33 1
44 36 1
44 38 1
44 40 1
44 44 1
45 0 1
45 2 1
45 3 1
45 7 1
45 8 1
45 9 1
45 10 1
45 16 1
45 17 1
45 20 1
45 24 1
45 25 1
45 26 1
45 27 1
45 28 1
45 30 1
45 32 1
45 35 1
45 38 1
45 39 1
45 41 1
46 5 1
46 10 1
46 13 1
46 16 1
46 19 1
46 21 1
46 22 1
46 26 1
46 29 1
46 31 1
46 32 1
46 33 1
46 36 1
46 40 1
46 41 1
46 42 1
46 44 1
46 46 1
47 2 1
47 7 1
47 8 1
47 12 1
47 17 1
47 18 1
47 20 1
47 21 1
47 24 1
47 27 1
47 28 1
47 30 1
47 33 1
47 35 1
47 36 1
47 38 1
47 39 1
47 41 1
47 44 1
47 45 1
47 47 1
48 2 1
48 3 1
48 7 1
48 8 1
48 9 1
48 11 1
48 12 1
48 17 1
48 18 1
48 20 1
48 24 1
48 25 1
48 27 1
48 30 1
48 32 1
48 35 1
48 38 1
48 41 1
48 42 1
48 45 1
48 47 1
48 48 1
49 0 1
49 6 1
49 12 1
49 14 1
49 16 1
49 21 1
49 22 1
49 26 1
49 29 1
49 32 1
49 33 1
49 36 1
49 37 1
49 40 1
49 41 1
49 43 1
49 44 1
49 46 1
49 48 1
49 49 1
50 0 1
50 7 1
50 15 1
50 16 1
50 20 1
50 25 1
50 29 1
50 34 1
50 42 1
50 43 1
51 3 1
51 7 1
51 9 1
51 12 1
51 17 1
51 21 1
51 24 1
51 25 1
51 26 1
51 27 1
51 28 1
51 30 1
51 31 1
51 35 1
51 38 1
51 39 1
51 41 1
51 45 1
51 47 1
51 51 1
52 1 1
52 4 1
52 7 1
52 15 1
52 16 1
52 24 1
52 25 1
52 28 1
52 30 1
52 34 1
52 39 1
52 41 1
52 48 1
53 2 1
53 3 1
53 9 1
53 11 1
53 12 1
53 15 1
53 17 1
53 18 1
53 20 1
53 25 1
53 28 1
53 32 1
53 35 1
53 37 1
53 38 1
53 41 1
53 45 1
53 47 1
53 48 1
53 51 1
53 53 1
54 2 1
54 4 1
54 5 1
54 6 1
54 7 1
54 8 1
54 13 1
54 14 1
54 18 1
54 23 1
54 24 1
54 27 1
54 38 1
54 39 1
54 45 1
54 48 1
54 53 1
55 0 1
55 1 1
55 15 1
55 22 1
55 27 1
55 31 1
55 34 1
55 36 1
55 39 1
55 43 1
55 50 1
55 55 1
56 0 1
56 6 1
56 8 1
56 10 1
56 13 1
56 15 1
56 16 1
56 19 1
56 22 1
56 23 1
56 26 1
56 28 1
56 32 1
56 36 1
56 40 1
56 42 1
56 44 1
56 45 1
56 46 1
56 49 1
56 56 1
57 0 1
57 1 1
57 5 1
57 8 1
57 9 1
57 10 1
57 13 1
57 14 1
57 15 1
57 21 1
57 22 1
57 23 1
57 24 1
57 26 1
57 27 1
57 28 1
57 29 1
57 32 1
57 35 1
57 36 1
57 37 1
57 39 1
57 40 1
57 42 1
57 45 1
57 46 1
57 48 1
57 49 1
58 0 1
58 3 1
58 4 1
58 5 1
58 10 1
58 11 1
58 16 1
58 21 1
58 24 1
58 29 1
58 31 1
58 32 1
58 36 1
58 40 1
58 42 1
58 44 1
58 46 1
58 49 1
58 52 1
58 56 1
58 57 1
58 58 1
59 4 1
59 5 1
59 7 1
59 13 1
59 14 1
59 19 1
59 21 1
59 22 1
59 23 1
59 26 1
59 29 1
59 31 1
59 32 1
59 36 1
59 37 1
59 40 1
59 44 1
59 45 1
59 46 1
59 49 1
59 52 1
59 53 1
59 57 1
59 58 1
59 59 1
60 0 1
60 2 1
60 6 1
60 10 1
60 13 1
60 14 1
60 15 1
60 17 1
60 21 1
60 23 1
60 26 1
60 29 1
60 31 1
60 32 1
60 37 1
60 44 1
60 46 1
60 49 1
60 52 1
60 53 1
60 56 1
60 58 1
60 60 1
61 0 1
61 3 1
61 4 1
61 6 1
61 11 1
61 15 1
61 16 1
61 19 1
61 20 1
61 21 1
61 22 1
61 23 1
61 26 1
61 28 1
61 30 1
61 31 1
61 36 1
61 42 1
61 43 1
61 46 1
61 47 1
61 48 1
61 49 1
61 50 1
61 54 1
61 56 1
61 57 1
61 60 1
61 61 1
62 2 1
62 7 1
62 8 1
62 9 1
62 12 1
62 16 1
62 17 1
62 20 1
62 23 1
62 24 1
62 26 1
62 30 1
62 35 1
62 36 1
62 38 1
62 39 1
62 41 1
62 47 1
62 48 1
62 54 1
62 55 1
62 62 1
63 0 1
63 5 1
63 6 1
63 10 1
63 13 1
63 14 1
63 15 1
63 16 1
63 19 1
63 23 1
63 25 1
63 26 1
63 27 1
63 29 1
63 30 1
63 33 1
63 35 1
63 36 1
63 37 1
63 40 1
63 42 1
63 45 1
63 46 1
63 49 1
63 56 1
63 57 1
63 58 1
63 60 1
63 63 1
64 0 1
64 3 1
64 4 1
64 6 1
64 13 1
64 14 1
64 15 1
64 16 1
64 19 1
64 22 1
64 24 1
64 29 1
64 34 1
64 36 1
64 37 1
64 40 1
64 41 1
64 42 1
64 45 1
64 49 1
64 51 1
64 52 1
64 57 1
64 59 1
64 61 1
64 63 1
64 64 1
65 1 1
65 3 1
65 7 1
65 8 1
65 12 1
65 17 1
65 18 1
65 25 1
65 30 1
65 40 1
65 41 1
65 43 1
65 47 1
65 48 1
65 51 1
65 52 1
65 53 1
65 54 1
65 57 1
65 60 1
66 0 1
66 4 1
66 6 1
66 10 1
66 11 1
66 15 1
66 19 1
66 21 1
66 22 1
66 23 1
66 25 1
66 26 1
66 29 1
66 31 1
66 32 1
66 36 1
66 37 1
66 38 1
66 39 1
66 40 1
66 42 1
66 44 1
66 46 1
66 49 1
66 53 1
66 55 1
66 56 1
66 58 1
66 61 1
66 62 1
66 64 1
67 2 1
67 8 1
67 9 1
67 11 1
67 15 1
67 17 1
67 18 1
67 20 1
67 24 1
67 25 1
67 27 1
67 34 1
67 35 1
67 36 1
67 38 1
67 39 1
67 45 1
67 47 1
67 48 1
67 49 1
67 54 1
67 58 1
67 62 1
67 63 1
67 65 1
67 66 1
67 67 1
68 0 1
68 3 1
68 4 1
68 6 1
68 10 1
68 14 1
68 15 1
68 16 1
68 17 1
68 19 1
68 20 1
68 21 1
68 22 1
68 23 1
68 26 1
68 27 1
68 29 1
68 31 1
68 32 1
68 36 1
68 37 1
68 39 1
68 40 1
68 42 1
68 44 1
68 49 1
68 50 1
68 55 1
68 56 1
68 57 1
68 59 1
68 60 1
68 61 1
68 62 1
68 64 1
68 66 1
68 68 1
69 1 1
69 3 1
69 7 1
69 9 1
69 11 1
69 19 1
69 22 1
69 34 1
69 43 1
69 49 1
69 50 1
69 59 1
69 68 1
69 69 1
70 2 1
70 3 1
70 5 1
70 7 1
70 9 1
70 17 1
70 18 1
70 23 1
70 24 1
70 25 1
70 26 1
70 30 1
70 34 1
70 36 1
70 39 1
70 41 1
70 44 1
70 45 1
70 53 1
70 57 1
70 61 1
70 65 1
70 66 1
70 68 1
70 70 1
71 0 1
71 4 1
71 5 1
71 9 1
71 13 1
71 14 1
71 15 1
71 16 1
71 18 1
71 19 1
71 21 1
71 22 1
71 23 1
71 25 1
71 31 1
71 32 1
71 36 1
71 37 1
71 38 1
71 40 1
71 44 1
71 51 1
71 53 1
71 57 1
71 58 1
71 60 1
71 61 1
71 64 1
71 66 1
71 71 1
72 0 1
72 2 1
72 3 1
72 5 1
72 9 1
72 13 1
72 15 1
72 16 1
72 21 1
72 22 1
72 23 1
72 26 1
72 29 1
72 31 1
72 32 1
72 36 1
72 37 1
72 40 1
72 41 1
72 42 1
72 44 1
72 46 1
72 49 1
72 55 1
72 56 1
72 57 1
72 58 1
72 60 1
72 62 1
72 63 1
72 64 1
72 68 1
72 72 1
73 2 1
73 3 1
73 9 1
73 10 1
73 12 1
73 15 1
73 17 1
73 18 1
73 19 1
73 23 1
73 24 1
73 25 1
73 28 1
73 29 1
73 30 1
73 32 1
73 37 1
73 39 1
73 41 1
73 45 1
73 47 1
73 48 1
73 49 1
73 51 1
73 57 1
73 63 1
73 65 1
73 73 1
74 2 1
74 3 1
74 7 1
74 8 1
74 9 1
74 10 1
74 12 1
74 15 1
74 18 1
74 19 1
74 23 1
74 24 1
74 25 1
74 27 1
74 28 1
74 30 1
74 36 1
74 38 1
74 39 1
74 42 1
74 43 1
74 47 1
74 48 1
74 51 1
74 54 1
74 58 1
74 65 1
74 67 1
74 69 1
74 70 1
74 73 1
74 74 1
75 0 1
75 2 1
75 3 1
75 4 1
75 9 1
75 17 1
75 18 1
75 21 1
75 22 1
75 26 1
75 27 1
75 28 1
75 30 1
75 32 1
75 34 1
75 35 1
75 38 1
75 39 1
75 40 1
75 41 1
75 45 1
75 46 1
75 47 1
75 48 1
75 52 1
75 53 1
75 54 1
75 62 1
75 64 1
75 65 1
75 72 1
75 74 1
75 75 1
76 2 1
76 5 1
76 7 1
76 8 1
76 9 1
76 12 1
76 14 1
76 17 1
76 18 1
76 19 1
76 20 1
76 23 1
76 24 1
76 25 1
76 26 1
76 27 1
76 28 1
76 30 1
76 35 1
76 38 1
76 40 1
76 41 1
76 46 1
76 47 1
76 48 1
76 51 1
76 53 1
76 56 1
76 59 1
76 60 1
76 61 1
76 62 1
76 63 1
76 64 1
76 65 1
76 67 1
76 68 1
76 70 1
76 71 1
76 72 1
76 74 1
76 75 1
77 0 1
77 3 1
77 4 1
77 6 1
77 7 1
77 8 1
77 13 1
77 14 1
77 16 1
77 21 1
77 22 1
77 26 1
77 29 1
77 31 1
77 32 1
77 36 1
77 40 1
77 44 1
77 46 1
77 50 1
77 51 1
77 54 1
77 56 1
77 57 1
77 58 1
77 60 1
77 61 1
77 63 1
77 64 1
77 67 1
77 71 1
77 72 1
77 76 1
77 77 1
78 2 1
78 4 1
78 5 1
78 6 1
78 10 1
78 11 1
78 13 1
78 14 1
78 15 1
78 16 1
78 17 1
78 20 1
78 22 1
78 25 1
78 26 1
78 31 1
78 32 1
78 37 1
78 40 1
78 44 1
78 45 1
78 46 1
78 49 1
78 56 1
78 57 1
78 58 1
78 60 1
78 61 1
78 63 1
78 68 1
78 70 1
78 71 1
78 72 1
78 73 1
78 75 1
79 0 1
79 2 1
79 6 1
79 7 1
79 13 1
79 14 1
79 16 1
79 19 1
79 21 1
79 22 1
79 25 1
79 29 1
79 31 1
79 32 1
79 33 1
79 35 1
79 36 1
79 37 1
79 38 1
79 40 1
79 41 1
79 42 1
79 45 1
79 46 1
79 50 1
79 58 1
79 59 1
79 60 1
79 61 1
79 63 1
79 66 1
79 71 1
79 72 1
79 73 1
79 79 1
80 2 1
80 3 1
80 7 1
80 9 1
80 12 1
80 17 1
80 18 1
80 20 1
80 21 1
80 24 1
80 25 1
80 27 1
80 29 1
80 30 1
80 31 1
80 35 1
80 36 1
80 38 1
80 39 1
80 40 1
80 41 1
80 45 1
80 48 1
80 53 1
80 54 1
80 57 1
80 63 1
80 65 1
80 67 1
80 73 1
80 74 1
80 80 1
81 3 1
81 7 1
81 9 1
81 11 1
81 12 1
81 13 1
81 17 1
81 18 1
81 20 1
81 24 1
81 25 1
81 26 1
81 28 1
81 30 1
81 32 1
81 34 1
81 35 1
81 38 1
81 39 1
81 40 1
81 41 1
81 45 1
81 47 1
81 49 1
81 51 1
81 53 1
81 54 1
81 59 1
81 60 1
81 65 1
81 66 1
81 67 1
81 70 1
81 72 1
81 73 1
81 74 1
81 76 1
81 80 1
81 81 1
82 2 1
82 3 1
82 4 1
82 5 1
82 6 1
82 10 1
82 13 1
82 14 1
82 16 1
82 18 1
82 19 1
82 21 1
82 23 1
82 26 1
82 29 1
82 30 1
82 31 1
82 32 1
82 36 1
82 37 1
82 46 1
82 47 1
82 50 1
82 52 1
82 54 1
82 57 1
82 58 1
82 59 1
82 63 1
82 64 1
82 66 1
82 68 1
82 71 1
82 73 1
82 77 1
82 82 1
83 4 1
83 5 1
83 6 1
83 10 1
83 15 1
83 16 1
83 18 1
83 21 1
83 22 1
83 23 1
83 26 1
83 31 1
83 35 1
83 36 1
83 37 1
83 40 1
83 44 1
83 46 1
83 49 1
83 50 1
83 53 1
83 54 1
83 55 1
83 56 1
83 58 1
83 59 1
83 60 1
83 63 1
83 64 1
83 66 1
83 67 1
83 71 1
83 76 1
83 77 1
83 78 1
83 79 1
83 80 1
83 82 1
83 83 1
84 0 1
84 4 1
84 5 1
84 6 1
84 13 1
84 14 1
84 15 1
84 16 1
84 19 1
84 21 1
84 23 1
84 26 1
84 29 1
84 31 1
84 34 1
84 36 1
84 37 1
84 40 1
84 42 1
84 43 1
84 44 1
84 46 1
84 56 1
84 57 1
84 58 1
84 63 1
84 64 1
84 68 1
84 72 1
84 76 1
84 77 1
84 78 1
84 79 1
84 80 1
84 81 1
84 83 1
84 84 1
85 0 1
85 3 1
85 6 1
85 10 1
85 13 1
85 15 1
85 16 1
85 19 1
85 20 1
85 21 1
85 22 1
85 23 1
85 26 1
85 27 1
85 29 1
85 34 1
85 36 1
85 37 1
85 40 1
85 41 1
85 44 1
85 46 1
85 47 1
85 49 1
85 53 1
85 54 1
85 56 1
85 57 1
85 58 1
85 59 1
85 60 1
85 61 1
85 64 1
85 66 1
85 68 1
85 70 1
85 72 1
85 78 1
85 79 1
85 82 1
85 83 1
85 85 1
86 2 1
86 3 1
86 8 1
86 9 1
86 20 1
86 24 1
86 25 1
86 27 1
86 28 1
86 29 1
86 33 1
86 38 1
86 39 1
86 41 1
86 45 1
86 47 1
86 48 1
86 51 1
86 52 1
86 60 1
86 61 1
86 65 1
86 67 1
86 74 1
86 76 1
86 77 1
86 80 1
86 86 1
87 2 1
87 8 1
87 11 1
87 15 1
87 17 1
87 20 1
87 23 1
87 24 1
87 25 1
87 27 1
87 28 1
87 30 1
87 33 1
87 38 1
87 40 1
87 47 1
87 48 1
87 49 1
87 51 1
87 53 1
87 62 1
87 63 1
87 65 1
87 66 1
87 67 1
87 69 1
87 70 1
87 73 1
87 74 1
87 76 1
87 80 1
87 81 1
87 82 1
87 83 1
87 86 1
88 1 1
88 7 1
88 8 1
88 11 1
88 12 1
88 15 1
88 17 1
88 18 1
88 20 1
88 24 1
88 25 1
88 26 1
88 27 1
88 28 1
88 29 1
88 39 1
88 40 1
88 41 1
88 44 1
88 45 1
88 46 1
88 47 1
88 48 1
88 51 1
88 54 1
88 64 1
88 65 1
88 67 1
88 70 1
88 72 1
88 73 1
88 74 1
88 75 1
88 76 1
88 80 1
88 81 1
88 85 1
88 86 1
88 88 1
89 0 1
89 4 1
89 7 1
89 8 1
89 9 1
89 12 1
89 17 1
89 18 1
89 24 1
89 27 1
89 28 1
89 30 1
89 32 1
89 38 1
89 39 1
89 41 1
89 47 1
89 48 1
89 50 1
89 53 1
89 54 1
89 58 1
89 60 1
89 61 1
89 62 1
89 65 1
89 70 1
89 71 1
89 72 1
89 73 1
89 74 1
89 75 1
89 76 1
89 77 1
89 80 1
89 81 1
89 84 1
89 85 1
89 86 1
89 88 1
89 89 1
90 1 1
90 4 1
90 5 1
90 6 1
90 8 1
90 12 1
90 15 1
90 16 1
90 19 1
90 21 1
90 22 1
90 23 1
90 28 1
90 29 1
90 31 1
90 32 1
90 33 1
90 34 1
90 36 1
90 37 1
90 43 1
90 45 1
90 47 1
90 49 1
90 50 1
90 51 1
90 56 1
90 57 1
90 58 1
90 60 1
90 61 1
90 63 1
90 65 1
90 66 1
90 69 1
90 71 1
90 77 1
90 78 1
90 82 1
90 83 1
90 87 1
90 90 1
91 1 1
91 3 1
91 4 1
91 7 1
91 8 1
91 9 1
91 10 1
91 12 1
91 14 1
91 18 1
91 20 1
91 24 1
91 27 1
91 28 1
91 30 1
91 33 1
91 35 1
91 37 1
91 38 1
91 39 1
91 40 1
91 41 1
91 45 1
91 47 1
91 55 1
91 57 1
91 58 1
91 62 1
91 65 1
91 66 1
91 67 1
91 75 1
91 76 1
91 78 1
91 80 1
91 81 1
91 87 1
91 88 1
91 91 1
92 2 1
92 3 1
92 7 1
92 8 1
92 9 1
92 12 1
92 18 1
92 21 1
92 23 1
92 25 1
92 27 1
92 28 1
92 29 1
92 30 1
92 32 1
92 35 1
92 38 1
92 39 1
92 45 1
92 47 1
92 49 1
92 51 1
92 53 1
92 54 1
92 61 1
92 62 1
92 66 1
92 67 1
92 70 1
92 71 1
92 74 1
92 76 1
92 81 1
92 82 1
92 86 1
92 87 1
92 91 1
93 0 1
93 2 1
93 3 1
93 7 1
93 8 1
93 9 1
93 10 1
93 13 1
93 16 1
93 17 1
93 18 1
93 20 1
93 24 1
93 25 1
93 27 1
93 28 1
93 30 1
93 35 1
93 38 1
93 39 1
93 41 1
93 45 1
93 47 1
93 48 1
93 51 1
93 53 1
93 63 1
93 65 1
93 66 1
93 67 1
93 70 1
93 74 1
93 75 1
93 76 1
93 81 1
93 85 1
93 86 1
93 88 1
93 89 1
93 91 1
93 92 1
93 93 1
94 2 1
94 12 1
94 20 1
94 22 1
94 23 1
94 24 1
94 25 1
94 27 1
94 28 1
94 30 1
94 34 1
94 35 1
94 38 1
94 41 1
94 42 1
94 46 1
94 47 1
94 48 1
94 49 1
94 51 1
94 53 1
94 54 1
94 56 1
94 60 1
94 63 1
94 67 1
94 68 1
94 70 1
94 73 1
94 74 1
94 75 1
94 78 1
94 81 1
94 86 1
94 87 1
94 88 1
94 89 1
94 92 1
94 94 1
95 0 1
95 2 1
95 7 1
95 8 1
95 9 1
95 13 1
95 15 1
95 16 1
95 17 1
95 24 1
95 25 1
95 27 1
95 28 1
95 29 1
95 30 1
95 33 1
95 35 1
95 39 1
95 44 1
95 47 1
95 48 1
95 51 1
95 53 1
95 54 1
95 55 1
95 56 1
95 60 1
95 62 1
95 65 1
95 72 1
95 73 1
95 74 1
95 75 1
95 76 1
95 80 1
95 82 1
95 87 1
95 88 1
95 91 1
95 93 1
95 94 1
95 95 1
96 2 1
96 3 1
96 4 1
96 7 1
96 8 1
96 11 1
96 14 1
96 16 1
96 17 1
96 18 1
96 20 1
96 22 1
96 24 1
96 25 1
96 27 1
96 32 1
96 35 1
96 37 1
96 39 1
96 41 1
96 45 1
96 47 1
96 54 1
96 58 1
96 61 1
96 62 1
96 65 1
96 66 1
96 70 1
96 74 1
96 76 1
96 77 1
96 80 1
96 81 1
96 87 1
96 88 1
96 91 1
96 94 1
96 95 1
96 96 1
97 0 1
97 1 1
97 2 1
97 3 1
97 4 1
97 7 1
97 8 1
97 9 1
97 15 1
97 17 1
97 18 1
97 22 1
97 24 1
97 25 1
97 27 1
97 28 1
97 30 1
97 34 1
97 35 1
97 37 1
97 41 1
97 45 1
97 46 1
97 48 1
97 51 1
97 53 1
97 58 1
97 60 1
97 62 1
97 65 1
97 67 1
97 70 1
97 73 1
97 74 1
97 75 1
97 76 1
97 77 1
97 79 1
97 81 1
97 82 1
97 87 1
97 89 1
97 92 1
97 93 1
97 97 1
98 0 1
98 3 1
98 4 1
98 5 1
98 6 1
98 7 1
98 8 1
98 10 1
98 12 1
98 13 1
98 14 1
98 15 1
98 16 1
98 19 1
98 22 1
98 26 1
98 29 1
98 32 1
98 33 1
98 36 1
98 37 1
98 38 1
98 40 1
98 42 1
98 44 1
98 46 1
98 47 1
98 48 1
98 49 1
98 51 1
98 52 1
98 54 1
98 57 1
98 58 1
98 60 1
98 61 1
98 64 1
98 66 1
98 72 1
98 75 1
98 79 1
98 83 1
98 85 1
98 87 1
98 90 1
98 92 1
98 97 1
98 98 1
99 0 1
99 1 1
99 7 1
99 9 1
99 10 1
99 13 1
99 15 1
99 16 1
99 18 1
99 19 1
99 21 1
99 22 1
99 23 1
99 24 1
99 26 1
99 29 1
99 31 1
99 32 1
99 36 1
99 37 1
99 40 1
99 42 1
99 44 1
99 46 1
99 49 1
99 51 1
99 57 1
99 58 1
99 61 1
99 63 1
99 64 1
99 65 1
99 66 1
99 67 1
99 72 1
99 74 1
99 75 1
99 78 1
99 82 1
99 83 1
99 84 1
99 90 1
99 98 1
99 99 1
100 0 1
100 3 1
100 4 1
100 5 1
100 6 1
100 10 1
100 13 1
100 15 1
100 16 1
100 19 1
100 22 1
100 26 1
100 29 1
100 31 1
100 32 1
100 36 1
100 37 1
100 40 1
100 42 1
100 44 1
100 51 1
100 52 1
100 58 1
100 59 1
100 60 1
100 61 1
100 63 1
100 66 1
100 68 1
100 72 1
100 74 1
100 75 1
100 78 1
100 79 1
100 82 1
100 84 1
100 85 1
100 86 1
100 88 1
100 90 1
100 92 1
100 93 1
100 98 1
100 99 1
100 100 1
101 2 1
101 3 1
101 5 1
101 7 1
101 8 1
101 12 1
101 13 1
101 17 1
101 18 1
101 20 1
101 21 1
101 24 1
101 25 1
101 27 1
101 30 1
101 34 1
101 35 1
101 37 1
101 38 1
101 39 1
101 42 1
101 43 1
101 47 1
101 48 1
101 49 1
101 51 1
101 53 1
101 56 1
101 58 1
101 64 1
101 70 1
101 75 1
101 76 1
101 81 1
101 86 1
101 87 1
101 88 1
101 89 1
101 90 1
101 92 1
101 94 1
101 95 1
101 97 1
101 99 1
101 101 1
102 0 1
102 1 1
102 2 1
102 5 1
102 6 1
102 7 1
102 10 1
102 13 1
102 14 1
102 15 1
102 16 1
102 19 1
102 20 1
102 21 1
102 22 1
102 26 1
102 27 1
102 29 1
102 32 1
102 35 1
102 36 1
102 37 1
102 42 1
102 44 1
102 46 1
102 48 1
102 49 1
102 56 1
102 57 1
102 58 1
102 59 1
102 60 1
102 61 1
102 62 1
102 63 1
102 64 1
102 70 1
102 71 1
102 72 1
102 73 1
102 74 1
102 78 1
102 79 1
102 80 1
102 82 1
102 83 1
102 84 1
102 85 1
102 90 1
102 98 1
102 99 1
102 102 1
103 0 1
103 3 1
103 7 1
103 8 1
103 11 1
103 12 1
103 18 1
103 20 1
103 22 1
103 24 1
103 25 1
103 27 1
103 29 1
103 38 1
103 40 1
103 41 1
103 45 1
103 47 1
103 54 1
103 58 1
103 62 1
103 65 1
103 67 1
103 68 1
103 70 1
103 71 1
103 73 1
103 74 1
103 80 1
103 81 1
103 86 1
103 87 1
103 91 1
103 92 1
103 93 1
103 94 1
103 95 1
103 97 1
103 101 1
103 103 1
104 1 1
104 11 1
104 14 1
104 25 1
104 29 1
104 34 1
104 35 1
104 44 1
104 50 1
104 51 1
104 55 1
104 57 1
104 58 1
104 69 1
104 70 1
104 75 1
104 77 1
104 78 1
104 80 1
104 82 1
104 87 1
104 91 1
104 100 1
104 101 1
104 102 1
104 104 1
105 4 1
105 5 1
105 6 1
105 10 1
105 14 1
105 15 1
105 16 1
105 21 1
105 22 1
105 26 1
105 28 1
105 31 1
105 35 1
105 39 1
105 40 1
105 42 1
105 43 1
105 44 1
105 47 1
105 49 1
105 50 1
105 55 1
105 56 1
105 58 1
105 60 1
105 61 1
105 64 1
105 65 1
105 66 1
105 71 1
105 72 1
105 74 1
105 78 1
105 79 1
105 82 1
105 85 1
105 90 1
105 96 1
105 99 1
105 100 1
105 101 1
105 102 1
105 105 1
106 2 1
106 3 1
106 4 1
106 9 1
106 12 1
106 17 1
106 18 1
106 20 1
106 24 1
106 25 1
106 27 1
106 28 1
106 30 1
106 35 1
106 36 1
106 37 1
106 38 1
106 39 1
106 40 1
106 41 1
106 46 1
106 47 1
106 48 1
106 50 1
106 51 1
106 53 1
106 54 1
106 65 1
106 67 1
106 73 1
106 74 1
106 75 1
106 80 1
106 81 1
106 83 1
106 86 1
106 87 1
106 88 1
106 89 1
106 91 1
106 92 1
106 93 1
106 94 1
106 95 1
106 96 1
106 98 1
106 101 1
106 103 1
106 104 1
106 106 1
107 2 1
107 7 1
107 8 1
107 15 1
107 16 1
107 17 1
107 21 1
107 24 1
107 27 1
107 30 1
107 37 1
107 38 1
107 39 1
107 45 1
107 47 1
107 48 1
107 51 1
107 53 1
107 54 1
107 58 1
107 61 1
107 62 1
107 65 1
107 68 1
107 69 1
107 73 1
107 74 1
107 75 1
107 78 1
107 79 1
107 80 1
107 81 1
107 84 1
107 86 1
107 88 1
107 92 1
107 94 1
107 97 1
107 101 1
107 103 1
107 106 1
107 107 1
108 0 1
108 4 1
108 5 1
108 6 1
108 13 1
108 16 1
108 20 1
108 21 1
108 22 1
108 23 1
108 25 1
108 26 1
108 34 1
108 36 1
108 37 1
108 38 1
108 42 1
108 44 1
108 49 1
108 50 1
108 52 1
108 53 1
108 54 1
108 55 1
108 56 1
108 57 1
108 58 1
108 60 1
108 61 1
108 63 1
108 64 1
108 67 1
108 68 1
108 72 1
108 77 1
108 78 1
108 79 1
108 82 1
108 83 1
108 84 1
108 85 1
108 90 1
108 98 1
108 99 1
108 100 1
108 102 1
108 105 1
108 107 1
109 0 1
109 4 1
109 5 1
109 6 1
109 9 1
109 10 1
109 13 1
109 15 1
109 16 1
109 19 1
109 20 1
109 21 1
109 22 1
109 23 1
109 24 1
109 26 1
109 29 1
109 31 1
109 32 1
109 36 1
109 37 1
109 40 1
109 41 1
109 44 1
109 45 1
109 51 1
109 54 1
109 58 1
109 59 1
109 60 1
109 61 1
109 64 1
109 70 1
109 71 1
109 74 1
109 76 1
109 78 1
109 82 1
109 83 1
109 84 1
109 85 1
109 86 1
109 93 1
109 95 1
109 98 1
109 99 1
109 104 1
109 105 1
110 0 1
110 4 1
110 5 1
110 6 1
110 7 1
110 10 1
110 15 1
110 16 1
110 18 1
110 19 1
110 20 1
110 21 1
110 23 1
110 26 1
110 27 1
110 29 1
110 30 1
110 31 1
110 32 1
110 36 1
110 39 1
110 40 1
110 44 1
110 46 1
110 49 1
110 55 1
110 56 1
110 57 1
110 58 1
110 59 1
110 60 1
110 61 1
110 62 1
110 63 1
110 66 1
110 68 1
110 69 1
110 71 1
110 77 1
110 78 1
110 79 1
110 81 1
110 82 1
110 84 1
110 89 1
110 90 1
110 91 1
110 92 1
110 96 1
110 97 1
110 98 1
110 99 1
110 102 1
110 105 1
110 109 1
110 110 1
111 4 1
111 5 1
111 6 1
111 11 1
111 13 1
111 14 1
111 15 1
111 16 1
111 19 1
111 21 1
111 23 1
111 24 1
111 26 1
111 28 1
111 29 1
111 31 1
111 33 1
111 36 1
111 39 1
111 40 1
111 42 1
111 46 1
111 49 1
111 56 1
111 57 1
111 58 1
111 61 1
111 63 1
111 64 1
111 65 1
111 66 1
111 68 1
111 70 1
111 72 1
111 77 1
111 78 1
111 82 1
111 83 1
111 85 1
111 89 1
111 90 1
111 98 1
111 102 1
111 106 1
111 107 1
111 108 1
111 110 1
111 111 1
112 0 1
112 1 1
112 2 1
112 3 1
112 7 1
112 10 1
112 11 1
112 16 1
112 20 1
112 33 1
112 34 1
112 43 1
112 46 1
112 49 1
112 50 1
112 52 1
112 55 1
112 56 1
112 60 1
112 62 1
112 65 1
112 67 1
112 70 1
112 81 1
112 90 1
112 97 1
112 101 1
112 102 1
112 104 1
112 112 1
113 1 1
113 2 1
113 4 1
113 7 1
113 9 1
113 12 1
113 13 1
113 17 1
113 18 1
113 25 1
113 26 1
113 28 1
113 35 1
113 38 1
113 39 1
113 41 1
113 44 1
113 45 1
113 47 1
113 48 1
113 51 1
113 52 1
113 53 1
113 56 1
113 57 1
113 58 1
113 61 1
113 62 1
113 65 1
113 71 1
113 73 1
113 74 1
113 75 1
113 76 1
113 80 1
113 81 1
113 86 1
113 87 1
113 88 1
113 89 1
113 91 1
113 93 1
113 96 1
113 97 1
113 101 1
113 103 1
113 107 1
113 113 1
114 2 1
114 3 1
114 4 1
114 5 1
114 8 1
114 9 1
114 12 1
114 13 1
114 17 1
114 19 1
114 20 1
114 23 1
114 27 1
114 28 1
114 30 1
114 32 1
114 35 1
114 38 1
114 39 1
114 41 1
114 45 1
114 47 1
114 48 1
114 50 1
114 51 1
114 54 1
114 55 1
114 57 1
114 61 1
114 62 1
114 65 1
114 67 1
114 70 1
114 73 1
114 74 1
114 75 1
114 76 1
114 80 1
114 81 1
114 86 1
114 89 1
114 91 1
114 92 1
114 93 1
114 94 1
114 95 1
114 97 1
114 100 1
114 101 1
114 103 1
114 106 1
114 107 1
114 108 1
114 112 1
114 113 1
114 114 1
115 2 1
115 3 1
115 7 1
115 8 1
115 9 1
115 10 1
115 12 1
115 16 1
115 17 1
115 18 1
115 20 1
115 21 1
115 24 1
115 25 1
115 27 1
115 28 1
115 30 1
115 31 1
115 32 1
115 35 1
115 37 1
115 38 1
115 41 1
115 43 1
115 44 1
115 45 1
115 47 1
115 48 1
115 49 1
115 50 1
115 52 1
115 53 1
115 62 1
115 65 1
115 70 1
115 74 1
115 75 1
115 81 1
115 82 1
115 84 1
115 86 1
115 87 1
115 88 1
115 89 1
115 91 1
115 93 1
115 96 1
115 97 1
115 100 1
115 102 1
115 103 1
115 106 1
115 107 1
115 108 1
115 110 1
115 111 1
115 113 1
115 115 1
116 2 1
116 3 1
116 8 1
116 9 1
116 11 1
116 14 1
116 15 1
116 17 1
116 20 1
116 25 1
116 26 1
116 30 1
116 31 1
116 33 1
116 35 1
116 38 1
116 39 1
116 42 1
116 47 1
116 48 1
116 51 1
116 56 1
116 60 1
116 62 1
116 63 1
116 65 1
116 67 1
116 70 1
116 71 1
116 75 1
116 76 1
116 80 1
116 85 1
116 86 1
116 87 1
116 88 1
116 90 1
116 91 1
116 92 1
116 93 1
116 94 1
116 95 1
116 96 1
116 97 1
116 103 1
116 106 1
116 107 1
116 110 1
116 113 1
116 114 1
116 115 1
116 116 1
117 0 1
117 6 1
117 10 1
117 14 1
117 16 1
117 19 1
117 20 1
117 21 1
117 22 1
117 23 1
117 26 1
117 29 1
117 30 1
117 32 1
117 37 1
117 39 1
117 40 1
117 42 1
117 44 1
117 45 1
117 46 1
117 49 1
117 53 1
117 54 1
117 56 1
117 59 1
117 61 1
117 64 1
117 66 1
117 71 1
117 77 1
117 78 1
117 79 1
117 81 1
117 83 1
117 84 1
117 87 1
117 90 1
117 98 1
117 99 1
117 100 1
117 103 1
117 106 1
117 107 1
117 110 1
117 111 1
117 114 1
117 115 1
117 117 1
118 2 1
118 5 1
118 8 1
118 9 1
118 18 1
118 20 1
118 22 1
118 24 1
118 28 1
118 30 1
118 33 1
118 34 1
118 35 1
118 38 1
118 39 1
118 41 1
118 46 1
118 47 1
118 49 1
118 51 1
118 52 1
118 53 1
118 57 1
118 61 1
118 62 1
118 66 1
118 67 1
118 70 1
118 73 1
118 74 1
118 75 1
118 76 1
118 80 1
118 81 1
118 86 1
118 87 1
118 90 1
118 91 1
118 92 1
118 93 1
118 96 1
118 100 1
118 101 1
118 102 1
118 106 1
118 113 1
118 114 1
118 115 1
118 116 1
119 0 1
119 3 1
119 4 1
119 7 1
119 17 1
119 23 1
119 24 1
119 25 1
119 30 1
119 31 1
119 37 1
119 38 1
119 39 1
119 41 1
119 48 1
119 51 1
119 54 1
119 55 1
119 68 1
119 73 1
119 74 1
119 76 1
119 81 1
119 84 1
119 87 1
119 89 1
119 93 1
119 95 1
119 96 1
119 99 1
119 101 1
119 103 1
119 106 1
119 107 1
119 113 1
119 115 1
119 118 1
119 119 1
120 1 1
120 3 1
120 4 1
120 7 1
120 8 1
120 15 1
120 17 1
120 21 1
120 22 1
120 24 1
120 25 1
120 27 1
120 28 1
120 30 1
120 35 1
120 37 1
120 38 1
120 39 1
120 41 1
120 43 1
120 45 1
120 48 1
120 51 1
120 53 1
120 54 1
120 57 1
120 61 1
120 62 1
120 65 1
120 67 1
120 71 1
120 74 1
120 75 1
120 81 1
120 86 1
120 87 1
120 91 1
120 93 1
120 94 1
120 95 1
120 96 1
120 97 1
120 98 1
120 107 1
120 109 1
120 115 1
120 116 1
120 118 1
120 120 1
121 6 1
121 7 1
121 8 1
121 9 1
121 12 1
121 17 1
121 18 1
121 20 1
121 21 1
121 25 1
121 27 1
121 34 1
121 35 1
121 38 1
121 41 1
121 42 1
121 45 1
121 47 1
121 48 1
121 53 1
121 54 1
121 63 1
121 65 1
121 70 1
121 73 1
121 75 1
121 76 1
121 78 1
121 79 1
121 80 1
121 81 1
121 82 1
121 88 1
121 91 1
121 92 1
121 93 1
121 95 1
121 97 1
121 99 1
121 102 1
121 113 1
121 115 1
121 116 1
121 118 1
122 0 1
122 3 1
122 4 1
122 14 1
122 15 1
122 16 1
122 17 1
122 18 1
122 20 1
122 22 1
122 23 1
122 29 1
122 36 1
122 37 1
122 39 1
122 40 1
122 41 1
122 42 1
122 44 1
122 48 1
122 49 1
122 53 1
122 56 1
122 57 1
122 58 1
122 59 1
122 60 1
122 63 1
122 64 1
122 66 1
122 68 1
122 70 1
122 71 1
122 76 1
122 77 1
122 78 1
122 80 1
122 84 1
122 89 1
122 90 1
122 91 1
122 92 1
122 98 1
122 100 1
122 102 1
122 105 1
122 108 1
122 109 1
122 111 1
122 116 1
122 117 1
122 119 1
122 122 1
123 0 1
123 3 1
123 6 1
123 7 1
123 13 1
123 14 1
123 15 1
123 16 1
123 19 1
123 21 1
123 22 1
123 27 1
123 29 1
123 30 1
123 31 1
123 32 1
123 36 1
123 41 1
123 42 1
123 46 1
123 47 1
123 49 1
123 50 1
123 52 1
123 55 1
123 57 1
123 58 1
123 59 1
123 60 1
123 61 1
123 63 1
123 66 1
123 68 1
123 71 1
123 76 1
123 77 1
123 78 1
123 83 1
123 84 1
123 85 1
123 86 1
123 90 1
123 91 1
123 92 1
123 93 1
123 99 1
123 100 1
123 102 1
123 103 1
123 105 1
123 108 1
123 110 1
123 111 1
123 113 1
123 117 1
123 118 1
123 120 1
123 122 1
124 1 1
124 5 1
124 7 1
124 10 1
124 13 1
124 14 1
124 16 1
124 18 1
124 21 1
124 22 1
124 26 1
124 27 1
124 28 1
124 29 1
124 31 1
124 33 1
124 34 1
124 35 1
124 38 1
124 40 1
124 42 1
124 44 1
124 46 1
124 50 1
124 56 1
124 57 1
124 58 1
124 61 1
124 64 1
124 65 1
124 66 1
124 71 1
124 72 1
124 74 1
124 77 1
124 78 1
124 79 1
124 80 1
124 82 1
124 83 1
124 85 1
124 90 1
124 95 1
124 98 1
124 99 1
124 100 1
124 102 1
124 103 1
124 105 1
124 108 1
124 110 1
124 117 1
124 121 1
124 122 1
124 124 1
125 1 1
125 3 1
125 4 1
125 7 1
125 8 1
125 9 1
125 12 1
125 13 1
125 14 1
125 15 1
125 18 1
125 20 1
125 22 1
125 24 1
125 25 1
125 27 1
125 30 1
125 33 1
125 38 1
125 39 1
125 41 1
125 45 1
125 47 1
125 48 1
125 49 1
125 50 1
125 52 1
125 53 1
125 54 1
125 57 1
125 62 1
125 64 1
125 65 1
125 66 1
125 70 1
125 73 1
125 74 1
125 75 1
125 76 1
125 77 1
125 81 1
125 86 1
125 87 1
125 88 1
125 89 1
125 90 1
125 91 1
125 92 1
125 93 1
125 94 1
125 95 1
125 97 1
125 99 1
125 101 1
125 103 1
125 104 1
125 105 1
125 106 1
125 107 1
125 112 1
125 114 1
125 115 1
125 116 1
125 118 1
125 125 1
126 1 1
126 2 1
126 3 1
126 7 1
126 8 1
126 9 1
126 10 1
126 12 1
126 17 1
126 19 1
126 24 1
126 25 1
126 27 1
126 28 1
126 30 1
126 35 1
126 38 1
126 39 1
126 40 1
126 41 1
126 44 1
126 45 1
126 46 1
126 47 1
126 48 1
126 53 1
126 55 1
126 60 1
126 62 1
126 63 1
126 67 1
126 70 1
126 73 1
126 75 1
126 80 1
126 81 1
126 83 1
126 84 1
126 87 1
126 88 1
126 89 1
126 91 1
126 93 1
126 94 1
126 95 1
126 96 1
126 101 1
126 102 1
126 106 1
126 107 1
126 111 1
126 113 1
126 114 1
126 115 1
126 118 1
126 119 1
126 120 1
126 125 1
126 126 1
127 2 1
127 3 1
127 4 1
127 7 1
127 9 1
127 12 1
127 13 1
127 15 1
127 17 1
127 18 1
127 20 1
127 21 1
127 23 1
127 24 1
127 25 1
127 27 1
127 28 1
127 30 1
127 31 1
127 32 1
127 34 1
127 36 1
127 38 1
127 39 1
127 45 1
127 47 1
127 48 1
127 51 1
127 53 1
127 54 1
127 55 1
127 59 1
127 62 1
127 64 1
127 65 1
127 67 1
127 73 1
127 74 1
127 75 1
127 82 1
127 84 1
127 86 1
127 88 1
127 91 1
127 92 1
127 93 1
127 94 1
127 95 1
127 97 1
127 103 1
127 104 1
127 105 1
127 110 1
127 112 1
127 116 1
127 117 1
127 120 1
127 121 1
127 122 1
127 125 1
127 127 1
128 0 1
128 4 1
128 5 1
128 8 1
128 10 1
128 11 1
128 12 1
128 14 1
128 15 1
128 16 1
128 19 1
128 22 1
128 23 1
128 26 1
128 27 1
128 29 1
128 31 1
128 32 1
128 33 1
128 36 1
128 37 1
128 43 1
128 44 1
128 46 1
128 49 1
128 53 1
128 57 1
128 59 1
128 63 1
128 64 1
128 66 1
128 68 1
128 69 1
128 71 1
128 72 1
128 75 1
128 79 1
128 82 1
128 85 1
128 86 1
128 87 1
128 88 1
128 90 1
128 91 1
128 97 1
128 98 1
128 99 1
128 100 1
128 102 1
128 104 1
128 105 1
128 109 1
128 110 1
128 111 1
128 124 1
128 125 1
129 0 1
129 2 1
129 6 1
129 7 1
129 8 1
129 9 1
129 16 1
129 17 1
129 18 1
129 19 1
129 20 1
129 21 1
129 24 1
129 27 1
129 28 1
129 29 1
129 35 1
129 39 1
129 41 1
129 47 1
129 49 1
129 51 1
129 53 1
129 54 1
129 57 1
129 59 1
129 62 1
129 64 1
129 65 1
129 67 1
129 68 1
129 70 1
129 72 1
129 73 1
129 74 1
129 75 1
129 78 1
129 80 1
129 81 1
129 86 1
129 87 1
129 88 1
129 89 1
129 91 1
129 92 1
129 95 1
129 97 1
129 100 1
129 101 1
129 102 1
129 114 1
129 115 1
129 116 1
129 119 1
129 120 1
129 121 1
129 122 1
129 125 1
129 126 1
129 128 1
129 129 1
130 3 1
130 7 1
130 8 1
130 9 1
130 13 1
130 15 1
130 17 1
130 18 1
130 19 1
130 24 1
130 25 1
130 28 1
130 30 1
130 32 1
130 33 1
130 35 1
130 38 1
130 39 1
130 45 1
130 46 1
130 47 1
130 48 1
130 49 1
130 50 1
130 51 1
130 56 1
130 60 1
130 62 1
130 65 1
130 66 1
130 68 1
130 70 1
130 73 1
130 74 1
130 75 1
130 76 1
130 81 1
130 83 1
130 86 1
130 87 1
130 88 1
130 89 1
130 90 1
130 92 1
130 93 1
130 95 1
130 96 1
130 97 1
130 101 1
130 102 1
130 113 1
130 114 1
130 115 1
130 118 1
130 119 1
130 120 1
130 121 1
130 125 1
130 126 1
130 127 1
130 130 1
131 0 1
131 4 1
131 5 1
131 6 1
131 10 1
131 13 1
131 15 1
131 18 1
131 19 1
131 20 1
131 23 1
131 26 1
131 29 1
131 31 1
131 32 1
131 35 1
131 36 1
131 37 1
131 38 1
131 40 1
131 44 1
131 48 1
131 49 1
131 53 1
131 57 1
131 58 1
131 59 1
131 60 1
131 62 1
131 64 1
131 66 1
131 77 1
131 79 1
131 80 1
131 82 1
131 83 1
131 85 1
131 89 1
131 92 1
131 96 1
131 98 1
131 99 1
131 100 1
131 102 1
131 104 1
131 107 1
131 108 1
131 109 1
131 110 1
131 111 1
131 113 1
131 117 1
131 120 1
131 122 1
131 123 1
131 124 1
131 125 1
131 131 1
132 0 1
132 1 1
132 4 1
132 5 1
132 6 1
132 7 1
132 13 1
132 15 1
132 16 1
132 20 1
132 21 1
132 23 1
132 26 1
132 29 1
132 31 1
132 32 1
132 36 1
132 37 1
132 38 1
132 40 1
132 41 1
132 42 1
132 44 1
132 46 1
132 52 1
132 54 1
132 56 1
132 57 1
132 58 1
132 59 1
132 60 1
132 61 1
132 64 1
132 66 1
132 71 1
132 72 1
132 79 1
132 80 1
132 82 1
132 83 1
132 84 1
132 87 1
132 90 1
132 94 1
132 99 1
132 105 1
132 106 1
132 110 1
132 111 1
132 115 1
132 117 1
132 118 1
132 122 1
132 124 1
132 125 1
132 128 1
132 131 1
132 132 1
133 0 1
133 5 1
133 6 1
133 10 1
133 13 1
133 14 1
133 16 1
133 19 1
133 21 1
133 22 1
133 23 1
133 24 1
133 25 1
133 26 1
133 29 1
133 31 1
133 34 1
133 36 1
133 37 1
133 41 1
133 42 1
133 43 1
133 44 1
133 45 1
133 46 1
133 47 1
133 52 1
133 56 1
133 57 1
133 59 1
133 60 1
133 61 1
133 63 1
133 64 1
133 66 1
133 68 1
133 70 1
133 71 1
133 72 1
133 75 1
133 77 1
133 78 1
133 82 1
133 83 1
133 88 1
133 90 1
133 98 1
133 99 1
133 102 1
133 104 1
133 105 1
133 106 1
133 108 1
133 109 1
133 110 1
133 111 1
133 112 1
133 120 1
133 122 1
133 123 1
133 124 1
133 125 1
133 127 1
133 131 1
133 132 1
134 1 1
134 11 1
134 13 1
134 15 1
134 16 1
134 25 1
134 33 1
134 34 1
134 40 1
134 49 1
134 52 1
134 61 1
134 64 1
134 71 1
134 72 1
134 80 1
134 88 1
134 93 1
134 94 1
134 104 1
134 107 1
134 112 1
134 113 1
134 118 1
134 123 1
134 125 1
134 128 1
134 134 1
135 0 1
135 2 1
135 5 1
135 7 1
135 8 1
135 9 1
135 13 1
135 14 1
135 16 1
135 17 1
135 19 1
135 20 1
135 21 1
135 23 1
135 24 1
135 26 1
135 27 1
135 29 1
135 32 1
135 36 1
135 40 1
135 44 1
135 45 1
135 46 1
135 55 1
135 56 1
135 57 1
135 58 1
135 59 1
135 60 1
135 63 1
135 66 1
135 67 1
135 68 1
135 70 1
135 77 1
135 80 1
135 83 1
135 85 1
135 89 1
135 90 1
135 93 1
135 95 1
135 98 1
135 99 1
135 100 1
135 102 1
135 104 1
135 105 1
135 107 1
135 108 1
135 109 1
135 117 1
135 120 1
135 122 1
135 123 1
135 124 1
135 125 1
135 128 1
135 132 1
135 133 1
135 135 1
136 2 1
136 3 1
136 7 1
136 8 1
136 9 1
136 17 1
136 20 1
136 24 1
136 27 1
136 28 1
136 30 1
136 35 1
136 38 1
136 39 1
136 41 1
136 45 1
136 47 1
136 50 1
136 51 1
136 53 1
136 54 1
136 58 1
136 59 1
136 61 1
136 68 1
136 70 1
136 74 1
136 76 1
136 79 1
136 81 1
136 85 1
136 87 1
136 88 1
136 91 1
136 92 1
136 93 1
136 96 1
136 97 1
136 101 1
136 102 1
136 106 1
136 107 1
136 113 1
136 114 1
136 116 1
136 117 1
136 119 1
136 120 1
136 125 1
136 126 1
136 129 1
136 130 1
136 131 1
136 133 1
136 136 1
137 1 1
137 2 1
137 3 1
137 4 1
137 7 1
137 8 1
137 9 1
137 12 1
137 16 1
137 17 1
137 20 1
137 27 1
137 29 1
137 30 1
137 35 1
137 37 1
137 38 1
137 43 1
137 44 1
137 46 1
137 47 1
137 53 1
137 54 1
137 57 1
137 59 1
137 65 1
137 66 1
137 67 1
137 68 1
137 70 1
137 73 1
137 74 1
137 76 1
137 80 1
137 81 1
137 86 1
137 87 1
137 89 1
137 91 1
137 92 1
137 93 1
137 96 1
137 97 1
137 101 1
137 103 1
137 106 1
137 107 1
137 114 1
137 115 1
137 118 1
137 119 1
137 120 1
137 121 1
137 125 1
137 130 1
137 132 1
137 134 1
137 136 1
137 137 1
138 0 1
138 4 1
138 5 1
138 6 1
138 10 1
138 12 1
138 13 1
138 14 1
138 15 1
138 19 1
138 21 1
138 22 1
138 26 1
138 27 1
138 29 1
138 32 1
138 40 1
138 41 1
138 42 1
138 44 1
138 46 1
138 49 1
138 51 1
138 56 1
138 57 1
138 58 1
138 60 1
138 61 1
138 63 1
138 64 1
138 66 1
138 67 1
138 68 1
138 70 1
138 71 1
138 72 1
138 74 1
138 78 1
138 79 1
138 80 1
138 82 1
138 83 1
138 84 1
138 85 1
138 94 1
138 98 1
138 103 1
138 105 1
138 109 1
138 111 1
138 117 1
138 119 1
138 122 1
138 124 1
138 127 1
138 131 1
138 133 1
138 135 1
138 138 1
139 0 1
139 1 1
139 4 1
139 5 1
139 8 1
139 9 1
139 14 1
139 16 1
139 27 1
139 30 1
139 33 1
139 34 1
139 37 1
139 43 1
139 46 1
139 47 1
139 49 1
139 50 1
139 52 1
139 67 1
139 68 1
139 69 1
139 80 1
139 88 1
139 92 1
139 96 1
139 100 1
139 102 1
139 112 1
139 117 1
139 120 1
139 122 1
139 127 1
139 134 1
139 136 1
139 139 1
140 1 1
140 10 1
140 11 1
140 17 1
140 26 1
140 29 1
140 33 1
140 36 1
140 39 1
140 40 1
140 43 1
140 44 1
140 50 1
140 51 1
140 52 1
140 55 1
140 59 1
140 61 1
140 65 1
140 67 1
140 91 1
140 94 1
140 95 1
140 96 1
140 97 1
140 99 1
140 101 1
140 102 1
140 104 1
140 110 1
140 112 1
140 114 1
140 116 1
140 122 1
140 127 1
140 129 1
140 131 1
140 133 1
140 134 1
140 137 1
140 139 1
140 140 1
141 5 1
141 6 1
141 8 1
141 9 1
141 14 1
141 16 1
141 19 1
141 21 1
141 22 1
141 25 1
141 32 1
141 36 1
141 37 1
141 38 1
141 40 1
141 41 1
141 44 1
141 45 1
141 46 1
141 47 1
141 49 1
141 53 1
141 54 1
141 57 1
141 58 1
141 59 1
141 60 1
141 61 1
141 62 1
141 63 1
141 64 1
141 66 1
141 71 1
141 72 1
141 76 1
141 77 1
141 79 1
141 82 1
141 83 1
141 84 1
141 86 1
141 90 1
141 98 1
141 104 1
141 105 1
141 109 1
141 111 1
141 117 1
141 122 1
141 123 1
141 126 1
141 127 1
141 128 1
141 129 1
141 133 1
141 134 1
141 138 1
142 1 1
142 7 1
142 8 1
142 9 1
142 16 1
142 17 1
142 20 1
142 24 1
142 25 1
142 27 1
142 30 1
142 34 1
142 35 1
142 36 1
142 37 1
142 38 1
142 39 1
142 41 1
142 44 1
142 47 1
142 49 1
142 51 1
142 53 1
142 54 1
142 55 1
142 57 1
142 61 1
142 62 1
142 65 1
142 67 1
142 70 1
142 71 1
142 73 1
142 74 1
142 75 1
142 80 1
142 83 1
142 84 1
142 86 1
142 87 1
142 90 1
142 91 1
142 94 1
142 96 1
142 97 1
142 99 1
142 101 1
142 102 1
142 104 1
142 106 1
142 107 1
142 112 1
142 113 1
142 114 1
142 116 1
142 117 1
142 118 1
142 119 1
142 120 1
142 121 1
142 125 1
142 126 1
142 127 1
142 129 1
142 130 1
142 133 1
142 136 1
142 137 1
142 139 1
142 142 1
143 0 1
143 9 1
143 10 1
143 13 1
143 15 1
143 16 1
143 17 1
143 18 1
143 23 1
143 26 1
143 27 1
143 29 1
143 31 1
143 32 1
143 36 1
143 40 1
143 44 1
143 46 1
143 52 1
143 54 1
143 58 1
143 59 1
143 60 1
143 61 1
143 62 1
143 63 1
143 64 1
143 66 1
143 68 1
143 71 1
143 72 1
143 77 1
143 79 1
143 83 1
143 84 1
143 85 1
143 88 1
143 90 1
143 91 1
143 95 1
143 98 1
143 100 1
143 105 1
143 106 1
143 110 1
143 111 1
143 113 1
143 121 1
143 123 1
143 128 1
143 132 1
143 133 1
143 138 1
143 141 1
143 143 1
144 5 1
144 6 1
144 7 1
144 10 1
144 13 1
144 14 1
144 23 1
144 24 1
144 25 1
144 26 1
144 27 1
144 28 1
144 29 1
144 31 1
144 32 1
144 33 1
144 35 1
144 37 1
144 40 1
144 42 1
144 44 1
144 46 1
144 49 1
144 51 1
144 56 1
144 57 1
144 58 1
144 60 1
144 63 1
144 64 1
144 65 1
144 66 1
144 68 1
144 69 1
144 71 1
144 72 1
144 77 1
144 78 1
144 79 1
144 81 1
144 82 1
144 84 1
144 85 1
144 88 1
144 89 1
144 90 1
144 91 1
144 98 1
144 100 1
144 102 1
144 107 1
144 108 1
144 109 1
144 110 1
144 111 1
144 115 1
144 121 1
144 123 1
144 125 1
144 128 1
144 132 1
144 135 1
144 137 1
144 138 1
144 141 1
144 142 1
144 144 1
145 0 1
145 3 1
145 4 1
145 6 1
145 7 1
145 10 1
145 13 1
145 14 1
145 15 1
145 16 1
145 19 1
145 21 1
145 22 1
145 29 1
145 32 1
145 33 1
145 34 1
145 36 1
145 37 1
145 40 1
145 41 1
145 42 1
145 44 1
145 45 1
145 46 1
145 49 1
145 51 1
145 52 1
145 54 1
145 59 1
145 61 1
145 63 1
145 64 1
145 66 1
145 68 1
145 69 1
145 71 1
145 72 1
145 77 1
145 78 1
145 79 1
145 81 1
145 82 1
145 84 1
145 85 1
145 89 1
145 90 1
145 95 1
145 96 1
145 98 1
145 100 1
145 105 1
145 107 1
145 108 1
145 109 1
145 111 1
145 122 1
145 124 1
145 125 1
145 126 1
145 131 1
145 133 1
145 135 1
145 138 1
145 141 1
145 143 1
145 144 1
145 145 1
146 2 1
146 3 1
146 6 1
146 7 1
146 8 1
146 9 1
146 11 1
146 13 1
146 17 1
146 18 1
146 20 1
146 24 1
146 25 1
146 27 1
146 28 1
146 30 1
146 35 1
146 38 1
146 41 1
146 45 1
146 47 1
146 51 1
146 54 1
146 62 1
146 63 1
146 64 1
146 65 1
146 67 1
146 73 1
146 75 1
146 76 1
146 83 1
146 84 1
146 86 1
146 87 1
146 88 1
146 89 1
146 92 1
146 93 1
146 95 1
146 96 1
146 101 1
146 103 1
146 104 1
146 106 1
146 107 1
146 113 1
146 114 1
146 116 1
146 120 1
146 121 1
146 126 1
146 129 1
146 130 1
146 131 1
146 132 1
146 134 1
146 135 1
146 136 1
146 139 1
146 146 1
147 2 1
147 7 1
147 8 1
147 9 1
147 12 1
147 15 1
147 18 1
147 24 1
147 25 1
147 27 1
147 30 1
147 35 1
147 36 1
147 39 1
147 43 1
147 44 1
147 47 1
147 48 1
147 51 1
147 53 1
147 54 1
147 60 1
147 65 1
147 67 1
147 72 1
147 74 1
147 75 1
147 76 1
147 80 1
147 81 1
147 88 1
147 89 1
147 91 1
147 92 1
147 94 1
147 96 1
147 97 1
147 98 1
147 103 1
147 107 1
147 109 1
147 110 1
147 113 1
147 114 1
147 115 1
147 116 1
147 118 1
147 121 1
147 125 1
147 126 1
147 127 1
147 132 1
147 133 1
147 136 1
147 137 1
147 138 1
147 142 1
147 146 1
147 147 1
148 1 1
148 4 1
148 5 1
148 6 1
148 10 1
148 13 1
148 14 1
148 15 1
148 16 1
148 19 1
148 23 1
148 26 1
148 29 1
148 31 1
148 32 1
148 36 1
148 37 1
148 40 1
148 42 1
148 46 1
148 49 1
148 50 1
148 52 1
148 53 1
148 56 1
148 57 1
148 58 1
148 59 1
148 60 1
148 61 1
148 64 1
148 66 1
148 67 1
148 68 1
148 71 1
148 72 1
148 75 1
148 77 1
148 78 1
148 79 1
148 80 1
148 82 1
148 84 1
148 89 1
148 90 1
148 99 1
148 100 1
148 105 1
148 106 1
148 108 1
148 110 1
148 111 1
148 113 1
148 115 1
148 116 1
148 119 1
148 120 1
148 124 1
148 127 1
148 128 1
148 132 1
148 133 1
148 135 1
148 138 1
148 141 1
148 143 1
148 144 1
148 145 1
148 148 1
149 0 1
149 5 1
149 6 1
149 14 1
149 17 1
149 19 1
149 21 1
149 23 1
149 26 1
149 29 1
149 31 1
149 32 1
149 36 1
149 37 1
149 38 1
149 40 1
149 41 1
149 42 1
149 44 1
149 45 1
149 46 1
149 47 1
149 49 1
149 51 1
149 52 1
149 54 1
149 56 1
149 58 1
149 59 1
149 60 1
149 62 1
149 63 1
149 64 1
149 65 1
149 66 1
149 69 1
149 71 1
149 72 1
149 73 1
149 77 1
149 78 1
149 79 1
149 80 1
149 81 1
149 82 1
149 83 1
149 84 1
149 90 1
149 92 1
149 97 1
149 98 1
149 99 1
149 100 1
149 101 1
149 102 1
149 105 1
149 107 1
149 110 1
149 111 1
149 115 1
149 116 1
149 117 1
149 123 1
149 125 1
149 126 1
149 128 1
149 131 1
149 132 1
149 133 1
149 135 1
149 139 1
149 141 1
149 143 1
149 144 1
149 145 1
149 146 1
149 147 1
149 148 1
149 149 1
150 11 1
150 12 1
150 17 1
150 20 1
150 24 1
150 25 1
150 33 1
150 34 1
150 37 1
150 38 1
150 43 1
150 52 1
150 55 1
150 57 1
150 58 1
150 62 1
150 68 1
150 69 1
150 70 1
150 78 1
150 80 1
150 81 1
150 90 1
150 93 1
150 98 1
150 101 1
150 102 1
150 104 1
150 106 1
150 112 1
150 113 1
150 115 1
150 117 1
150 122 1
150 130 1
150 134 1
150 136 1
150 137 1
150 143 1
150 146 1
150 147 1
150 150 1
151 0 1
151 4 1
151 5 1
151 6 1
151 10 1
151 12 1
151 13 1
151 15 1
151 19 1
151 21 1
151 26 1
151 31 1
151 34 1
151 36 1
151 40 1
151 42 1
151 43 1
151 44 1
151 48 1
151 49 1
151 53 1
151 56 1
151 57 1
151 58 1
151 60 1
151 61 1
151 63 1
151 64 1
151 66 1
151 71 1
151 72 1
151 77 1
151 78 1
151 79 1
151 81 1
151 83 1
151 84 1
151 85 1
151 94 1
151 98 1
151 99 1
151 107 1
151 108 1
151 109 1
151 110 1
151 113 1
151 122 1
151 123 1
151 128 1
151 132 1
151 138 1
151 143 1
151 144 1
151 145 1
151 146 1
151 151 1
152 0 1
152 1 1
152 4 1
152 6 1
152 10 1
152 11 1
152 14 1
152 15 1
152 23 1
152 29 1
152 32 1
152 34 1
152 37 1
152 40 1
152 41 1
152 42 1
152 44 1
152 46 1
152 57 1
152 59 1
152 61 1
152 62 1
152 64 1
152 65 1
152 66 1
152 68 1
152 77 1
152 78 1
152 79 1
152 81 1
152 83 1
152 84 1
152 85 1
152 86 1
152 87 1
152 88 1
152 93 1
152 94 1
152 97 1
152 99 1
152 100 1
152 101 1
152 102 1
152 108 1
152 110 1
152 111 1
152 112 1
152 117 1
152 118 1
152 119 1
152 122 1
152 123 1
152 124 1
152 126 1
152 128 1
152 129 1
152 132 1
152 133 1
152 135 1
152 138 1
152 141 1
152 142 1
152 143 1
152 144 1
152 145 1
152 148 1
152 149 1
153 2 1
153 7 1
153 8 1
153 12 1
153 15 1
153 17 1
153 18 1
153 20 1
153 25 1
153 37 1
153 38 1
153 40 1
153 41 1
153 42 1
153 44 1
153 45 1
153 48 1
153 50 1
153 51 1
153 52 1
153 53 1
153 55 1
153 62 1
153 65 1
153 66 1
153 70 1
153 73 1
153 74 1
153 76 1
153 77 1
153 80 1
153 84 1
153 86 1
153 87 1
153 91 1
153 92 1
153 93 1
153 94 1
153 95 1
153 96 1
153 97 1
153 101 1
153 103 1
153 104 1
153 105 1
153 106 1
153 110 1
153 111 1
153 113 1
153 114 1
153 115 1
153 116 1
153 118 1
153 119 1
153 120 1
153 121 1
153 123 1
153 125 1
153 127 1
153 129 1
153 130 1
153 132 1
153 136 1
153 137 1
153 138 1
153 143 1
153 146 1
154 0 1
154 1 1
154 6 1
154 7 1
154 9 1
154 14 1
154 16 1
154 18 1
154 19 1
154 33 1
154 39 1
154 52 1
154 55 1
154 58 1
154 69 1
154 74 1
154 77 1
154 84 1
154 86 1
154 88 1
154 89 1
154 90 1
154 96 1
154 100 1
154 101 1
154 104 1
154 106 1
154 109 1
154 112 1
154 119 1
154 121 1
154 123 1
154 130 1
154 133 1
154 134 1
154 140 1
154 142 1
154 150 1
154 151 1
154 153 1
154 154 1
155 0 1
155 1 1
155 4 1
155 5 1
155 6 1
155 8 1
155 10 1
155 13 1
155 15 1
155 16 1
155 19 1
155 21 1
155 22 1
155 23 1
155 25 1
155 29 1
155 30 1
155 31 1
155 32 1
155 34 1
155 36 1
155 38 1
155 40 1
155 42 1
155 44 1
155 49 1
155 53 1
155 54 1
155 55 1
155 57 1
155 58 1
155 59 1
155 60 1
155 63 1
155 64 1
155 66 1
155 68 1
155 69 1
155 71 1
155 78 1
155 79 1
155 82 1
155 84 1
155 85 1
155 86 1
155 90 1
155 98 1
155 99 1
155 101 1
155 105 1
155 108 1
155 109 1
155 111 1
155 117 1
155 122 1
155 123 1
155 126 1
155 128 1
155 129 1
155 131 1
155 132 1
155 133 1
155 135 1
155 136 1
155 137 1
155 138 1
155 141 1
155 143 1
155 144 1
155 148 1
155 149 1
155 150 1
155 152 1
155 155 1
156 0 1
156 1 1
156 2 1
156 3 1
156 7 1
156 8 1
156 12 1
156 17 1
156 18 1
156 20 1
156 24 1
156 25 1
156 27 1
156 30 1
156 31 1
156 35 1
156 38 1
156 44 1
156 45 1
156 47 1
156 51 1
156 56 1
156 65 1
156 67 1
156 68 1
156 70 1
156 73 1
156 74 1
156 78 1
156 80 1
156 83 1
156 86 1
156 87 1
156 88 1
156 89 1
156 91 1
156 92 1
156 94 1
156 95 1
156 96 1
156 101 1
156 103 1
156 104 1
156 107 1
156 114 1
156 118 1
156 119 1
156 120 1
156 122 1
156 123 1
156 125 1
156 126 1
156 127 1
156 129 1
156 130 1
156 131 1
156 132 1
156 135 1
156 142 1
156 144 1
156 146 1
156 152 1
156 153 1
156 156 1
157 2 1
157 3 1
157 6 1
157 8 1
157 9 1
157 15 1
157 17 1
157 19 1
157 20 1
157 21 1
157 24 1
157 25 1
157 27 1
157 28 1
157 30 1
157 35 1
157 38 1
157 39 1
157 40 1
157 41 1
157 43 1
157 45 1
157 48 1
157 51 1
157 54 1
157 56 1
157 62 1
157 64 1
157 65 1
157 67 1
157 70 1
157 74 1
157 75 1
157 76 1
157 80 1
157 81 1
157 82 1
157 86 1
157 87 1
157 88 1
157 89 1
157 92 1
157 93 1
157 95 1
157 96 1
157 101 1
157 103 1
157 106 1
157 107 1
157 110 1
157 113 1
157 115 1
157 116 1
157 117 1
157 118 1
157 120 1
157 121 1
157 124 1
157 125 1
157 126 1
157 129 1
157 130 1
157 136 1
157 137 1
157 138 1
157 146 1
157 147 1
157 151 1
157 153 1
157 156 1
157 157 1
158 0 1
158 1 1
158 4 1
158 6 1
158 7 1
158 9 1
158 11 1
158 12 1
158 13 1
158 14 1
158 19 1
158 20 1
158 21 1
158 22 1
158 24 1
158 26 1
158 29 1
158 30 1
158 31 1
158 35 1
158 38 1
158 42 1
158 44 1
158 46 1
158 49 1
158 53 1
158 57 1
158 60 1
158 61 1
158 62 1
158 63 1
158 64 1
158 66 1
158 68 1
158 77 1
158 78 1
158 79 1
158 80 1
158 82 1
158 84 1
158 87 1
158 90 1
158 93 1
158 98 1
158 100 1
158 102 1
158 108 1
158 110 1
158 111 1
158 116 1
158 117 1
158 118 1
158 119 1
158 122 1
158 123 1
158 124 1
158 126 1
158 128 1
158 129 1
158 130 1
158 131 1
158 135 1
158 138 1
158 141 1
158 143 1
158 144 1
158 145 1
158 149 1
158 151 1
158 155 1
158 158 1
159 0 1
159 2 1
159 9 1
159 12 1
159 13 1
159 14 1
159 18 1
159 20 1
159 21 1
159 24 1
159 25 1
159 27 1
159 29 1
159 32 1
159 35 1
159 39 1
159 41 1
159 42 1
159 48 1
159 52 1
159 53 1
159 60 1
159 65 1
159 68 1
159 70 1
159 73 1
159 74 1
159 75 1
159 78 1
159 80 1
159 86 1
159 87 1
159 91 1
159 93 1
159 94 1
159 96 1
159 98 1
159 103 1
159 106 1
159 107 1
159 113 1
159 114 1
159 115 1
159 116 1
159 119 1
159 121 1
159 122 1
159 125 1
159 126 1
159 127 1
159 128 1
159 130 1
159 141 1
159 142 1
159 146 1
159 147 1
159 148 1
159 155 1
159 156 1
159 157 1
159 159 1
160 0 1
160 2 1
160 4 1
160 5 1
160 8 1
160 10 1
160 11 1
160 13 1
160 16 1
160 17 1
160 21 1
160 22 1
160 25 1
160 27 1
160 29 1
160 32 1
160 36 1
160 37 1
160 38 1
160 40 1
160 42 1
160 44 1
160 46 1
160 47 1
160 49 1
160 54 1
160 56 1
160 57 1
160 58 1
160 59 1
160 61 1
160 62 1
160 63 1
160 64 1
160 65 1
160 66 1
160 68 1
160 71 1
160 72 1
160 74 1
160 78 1
160 79 1
160 80 1
160 82 1
160 83 1
160 84 1
160 85 1
160 88 1
160 90 1
160 91 1
160 95 1
160 96 1
160 98 1
160 102 1
160 107 1
160 108 1
160 111 1
160 113 1
160 117 1
160 118 1
160 124 1
160 128 1
160 131 1
160 132 1
160 133 1
160 135 1
160 138 1
160 143 1
160 144 1
160 148 1
160 149 1
160 151 1
160 152 1
160 153 1
160 155 1
160 158 1
161 2 1
161 3 1
161 5 1
161 7 1
161 8 1
161 9 1
161 12 1
161 17 1
161 18 1
161 19 1
161 20 1
161 22 1
161 25 1
161 28 1
161 35 1
161 39 1
161 41 1
161 45 1
161 47 1
161 48 1
161 51 1
161 52 1
161 53 1
161 54 1
161 56 1
161 60 1
161 62 1
161 63 1
161 64 1
161 66 1
161 67 1
161 68 1
161 70 1
161 73 1
161 74 1
161 75 1
161 76 1
161 77 1
161 81 1
161 86 1
161 87 1
161 89 1
161 90 1
161 91 1
161 94 1
161 96 1
161 97 1
161 102 1
161 106 1
161 107 1
161 113 1
161 114 1
161 115 1
161 117 1
161 119 1
161 120 1
161 121 1
161 122 1
161 126 1
161 131 1
161 136 1
161 137 1
161 138 1
161 141 1
161 142 1
161 143 1
161 150 1
161 156 1
161 157 1
161 159 1
162 0 1
162 1 1
162 2 1
162 3 1
162 4 1
162 7 1
162 8 1
162 9 1
162 11 1
162 12 1
162 13 1
162 15 1
162 20 1
162 21 1
162 24 1
162 25 1
162 27 1
162 28 1
162 30 1
162 33 1
162 35 1
162 38 1
162 39 1
162 41 1
162 43 1
162 44 1
162 45 1
162 47 1
162 48 1
162 51 1
162 53 1
162 54 1
162 58 1
162 59 1
162 61 1
162 62 1
162 64 1
162 65 1
162 66 1
162 67 1
162 70 1
162 71 1
162 74 1
162 75 1
162 76 1
162 81 1
162 83 1
162 86 1
162 87 1
162 89 1
162 91 1
162 92 1
162 93 1
162 94 1
162 95 1
162 96 1
162 97 1
162 103 1
162 106 1
162 107 1
162 109 1
162 113 1
162 114 1
162 115 1
162 116 1
162 120 1
162 121 1
162 125 1
162 126 1
162 127 1
162 129 1
162 130 1
162 133 1
162 136 1
162 137 1
162 142 1
162 145 1
162 146 1
162 149 1
162 153 1
162 154 1
162 155 1
162 156 1
162 157 1
162 161 1
162 162 1
163 1 1
163 2 1
163 3 1
163 5 1
163 7 1
163 9 1
163 11 1
163 12 1
163 17 1
163 18 1
163 24 1
163 27 1
163 28 1
163 29 1
163 30 1
163 31 1
163 34 1
163 35 1
163 39 1
163 41 1
163 47 1
163 53 1
163 54 1
163 60 1
163 62 1
163 63 1
163 65 1
163 73 1
163 76 1
163 77 1
163 79 1
163 81 1
163 84 1
163 85 1
163 87 1
163 89 1
163 91 1
163 92 1
163 94 1
163 95 1
163 96 1
163 97 1
163 101 1
163 103 1
163 118 1
163 119 1
163 120 1
163 121 1
163 122 1
163 123 1
163 126 1
163 127 1
163 130 1
163 133 1
163 135 1
163 136 1
163 137 1
163 141 1
163 142 1
163 145 1
163 147 1
163 148 1
163 149 1
163 151 1
163 153 1
163 157 1
163 159 1
163 163 1
164 4 1
164 6 1
164 7 1
164 10 1
164 21 1
164 22 1
164 23 1
164 26 1
164 31 1
164 33 1
164 36 1
164 44 1
164 45 1
164 46 1
164 49 1
164 56 1
164 57 1
164 58 1
164 59 1
164 60 1
164 61 1
164 65 1
164 66 1
164 68 1
164 71 1
164 77 1
164 78 1
164 79 1
164 82 1
164 84 1
164 85 1
164 86 1
164 98 1
164 99 1
164 100 1
164 102 1
164 104 1
164 105 1
164 108 1
164 110 1
164 111 1
164 115 1
164 117 1
164 122 1
164 123 1
164 124 1
164 128 1
164 131 1
164 132 1
164 135 1
164 138 1
164 144 1
164 145 1
164 146 1
164 148 1
164 149 1
164 151 1
164 152 1
164 155 1
164 156 1
164 158 1
164 164 1
165 2 1
165 3 1
165 7 1
165 8 1
165 12 1
165 16 1
165 18 1
165 20 1
165 23 1
165 27 1
165 28 1
165 30 1
165 31 1
165 34 1
165 35 1
165 37 1
165 39 1
165 41 1
165 45 1
165 47 1
165 48 1
165 51 1
165 53 1
165 54 1
165 60 1
165 61 1
165 69 1
165 70 1
165 73 1
165 75 1
165 76 1
165 80 1
165 81 1
165 88 1
165 89 1
165 91 1
165 92 1
165 93 1
165 94 1
165 95 1
165 96 1
165 97 1
165 98 1
165 99 1
165 101 1
165 103 1
165 104 1
165 105 1
165 106 1
165 107 1
165 109 1
165 113 1
165 114 1
165 117 1
165 118 1
165 119 1
165 125 1
165 127 1
165 129 1
165 130 1
165 133 1
165 136 1
165 137 1
165 140 1
165 141 1
165 142 1
165 153 1
165 154 1
165 156 1
165 159 1
165 161 1
165 162 1
165 163 1
166 0 1
166 4 1
166 6 1
166 10 1
166 19 1
166 21 1
166 26 1
166 28 1
166 29 1
166 32 1
166 33 1
166 37 1
166 40 1
166 42 1
166 44 1
166 46 1
166 47 1
166 48 1
166 49 1
166 54 1
166 55 1
166 56 1
166 57 1
166 58 1
166 60 1
166 61 1
166 63 1
166 65 1
166 66 1
166 70 1
166 71 1
166 72 1
166 73 1
166 76 1
166 78 1
166 80 1
166 82 1
166 83 1
166 84 1
166 85 1
166 87 1
166 90 1
166 94 1
166 96 1
166 98 1
166 100 1
166 102 1
166 105 1
166 117 1
166 118 1
166 119 1
166 122 1
166 123 1
166 124 1
166 128 1
166 129 1
166 131 1
166 133 1
166 135 1
166 138 1
166 142 1
166 143 1
166 146 1
166 147 1
166 148 1
166 149 1
166 151 1
166 152 1
166 158 1
166 162 1
166 163 1
166 166 1
167 0 1
167 5 1
167 6 1
167 10 1
167 14 1
167 16 1
167 18 1
167 19 1
167 22 1
167 23 1
167 26 1
167 27 1
167 29 1
167 31 1
167 33 1
167 37 1
167 40 1
167 44 1
167 45 1
167 46 1
167 47 1
167 49 1
167 53 1
167 56 1
167 57 1
167 58 1
167 59 1
167 60 1
167 65 1
167 66 1
167 70 1
167 71 1
167 76 1
167 77 1
167 78 1
167 79 1
167 82 1
167 83 1
167 84 1
167 85 1
167 86 1
167 88 1
167 90 1
167 92 1
167 98 1
167 99 1
167 100 1
167 102 1
167 104 1
167 105 1
167 106 1
167 108 1
167 109 1
167 111 1
167 116 1
167 117 1
167 122 1
167 123 1
167 124 1
167 125 1
167 132 1
167 133 1
167 137 1
167 138 1
167 140 1
167 142 1
167 143 1
167 144 1
167 145 1
167 149 1
167 155 1
167 157 1
167 158 1
167 160 1
167 163 1
167 164 1
167 166 1
168 1 1
168 3 1
168 4 1
168 5 1
168 6 1
168 10 1
168 12 1
168 13 1
168 14 1
168 22 1
168 23 1
168 26 1
168 31 1
168 33 1
168 37 1
168 40 1
168 42 1
168 44 1
168 46 1
168 53 1
168 57 1
168 59 1
168 61 1
168 62 1
168 63 1
168 65 1
168 67 1
168 68 1
168 71 1
168 72 1
168 78 1
168 80 1
168 82 1
168 83 1
168 84 1
168 90 1
168 98 1
168 99 1
168 102 1
168 108 1
168 110 1
168 111 1
168 113 1
168 116 1
168 117 1
168 119 1
168 122 1
168 123 1
168 131 1
168 133 1
168 135 1
168 138 1
168 141 1
168 143 1
168 145 1
168 148 1
168 149 1
168 152 1
168 155 1
168 156 1
168 158 1
168 160 1
168 163 1
168 164 1
168 167 1
168 168 1
169 2 1
169 3 1
169 7 1
169 9 1
169 13 1
169 17 1
169 25 1
169 26 1
169 27 1
169 28 1
169 29 1
169 30 1
169 32 1
169 35 1
169 36 1
169 39 1
169 41 1
169 45 1
169 47 1
169 48 1
169 51 1
169 53 1
169 54 1
169 55 1
169 60 1
169 62 1
169 65 1
169 67 1
169 70 1
169 73 1
169 74 1
169 76 1
169 79 1
169 81 1
169 82 1
169 83 1
169 86 1
169 87 1
169 88 1
169 89 1
169 92 1
169 93 1
169 94 1
169 95 1
169 96 1
169 99 1
169 103 1
169 113 1
169 116 1
169 118 1
169 119 1
169 120 1
169 121 1
169 126 1
169 127 1
169 129 1
169 131 1
169 136 1
169 137 1
169 143 1
169 146 1
169 147 1
169 152 1
169 154 1
169 155 1
169 159 1
169 162 1
169 163 1
169 164 1
169 165 1
169 169 1
170 1 1
170 2 1
170 3 1
170 7 1
170 9 1
170 10 1
170 12 1
170 13 1
170 14 1
170 18 1
170 20 1
170 23 1
170 24 1
170 25 1
170 27 1
170 28 1
170 32 1
170 35 1
170 38 1
170 39 1
170 41 1
170 43 1
170 45 1
170 46 1
170 48 1
170 51 1
170 54 1
170 60 1
170 67 1
170 71 1
170 74 1
170 75 1
170 76 1
170 80 1
170 82 1
170 83 1
170 86 1
170 88 1
170 89 1
170 91 1
170 93 1
170 94 1
170 95 1
170 97 1
170 101 1
170 105 1
170 106 1
170 107 1
170 109 1
170 110 1
170 113 1
170 114 1
170 116 1
170 118 1
170 119 1
170 120 1
170 121 1
170 125 1
170 129 1
170 130 1
170 132 1
170 136 1
170 137 1
170 138 1
170 141 1
170 142 1
170 146 1
170 147 1
170 148 1
170 156 1
170 157 1
170 159 1
170 161 1
170 162 1
170 165 1
170 167 1
170 168 1
170 169 1
170 170 1
171 0 1
171 4 1
171 6 1
171 10 1
171 13 1
171 19 1
171 21 1
171 22 1
171 23 1
171 26 1
171 31 1
171 32 1
171 37 1
171 38 1
171 40 1
171 41 1
171 44 1
171 46 1
171 48 1
171 49 1
171 50 1
171 51 1
171 55 1
171 57 1
171 59 1
171 60 1
171 61 1
171 62 1
171 64 1
171 70 1
171 72 1
171 75 1
171 77 1
171 78 1
171 82 1
171 83 1
171 85 1
171 89 1
171 90 1
171 93 1
171 99 1
171 100 1
171 101 1
171 102 1
171 108 1
171 109 1
171 110 1
171 111 1
171 113 1
171 117 1
171 122 1
171 123 1
171 124 1
171 128 1
171 131 1
171 134 1
171 135 1
171 138 1
171 141 1
171 142 1
171 143 1
171 144 1
171 145 1
171 150 1
171 151 1
171 152 1
171 155 1
171 159 1
171 163 1
171 164 1
171 166 1
171 167 1
171 168 1
171 170 1
171 171 1
172 2 1
172 7 1
172 8 1
172 9 1
172 14 1
172 17 1
172 18 1
172 19 1
172 20 1
172 24 1
172 25 1
172 28 1
172 35 1
172 38 1
172 41 1
172 47 1
172 48 1
172 51 1
172 53 1
172 54 1
172 59 1
172 60 1
172 61 1
172 62 1
172 65 1
172 68 1
172 72 1
172 73 1
172 74 1
172 75 1
172 76 1
172 77 1
172 79 1
172 82 1
172 86 1
172 87 1
172 88 1
172 92 1
172 93 1
172 95 1
172 96 1
172 97 1
172 101 1
172 103 1
172 106 1
172 109 1
172 112 1
172 113 1
172 114 1
172 115 1
172 116 1
172 117 1
172 118 1
172 120 1
172 121 1
172 122 1
172 123 1
172 125 1
172 126 1
172 127 1
172 129 1
172 130 1
172 136 1
172 137 1
172 142 1
172 143 1
172 146 1
172 147 1
172 150 1
172 153 1
172 154 1
172 156 1
172 159 1
172 161 1
172 162 1
172 164 1
172 165 1
172 168 1
172 170 1
172 171 1
172 172 1
173 5 1
173 6 1
173 11 1
173 13 1
173 14 1
173 15 1
173 16 1
173 17 1
173 21 1
173 22 1
173 24 1
173 29 1
173 31 1
173 36 1
173 37 1
173 40 1
173 42 1
173 44 1
173 46 1
173 48 1
173 49 1
173 50 1
173 51 1
173 54 1
173 56 1
173 58 1
173 59 1
173 60 1
173 61 1
173 62 1
173 66 1
173 68 1
173 69 1
173 71 1
173 72 1
173 73 1
173 75 1
173 77 1
173 79 1
173 83 1
173 84 1
173 85 1
173 86 1
173 88 1
173 96 1
173 99 1
173 101 1
173 108 1
173 110 1
173 112 1
173 115 1
173 117 1
173 122 1
173 124 1
173 126 1
173 128 1
173 129 1
173 130 1
173 131 1
173 132 1
173 141 1
173 144 1
173 145 1
173 148 1
173 149 1
173 150 1
173 151 1
173 152 1
173 153 1
173 155 1
173 157 1
173 159 1
173 160 1
173 164 1
173 168 1
173 171 1
173 173 1
174 2 1
174 7 1
174 8 1
174 18 1
174 20 1
174 24 1
174 25 1
174 27 1
174 28 1
174 30 1
174 34 1
174 35 1
174 37 1
174 39 1
174 40 1
174 41 1
174 45 1
174 48 1
174 51 1
174 53 1
174 54 1
174 60 1
174 70 1
174 80 1
174 81 1
174 84 1
174 87 1
174 90 1
174 91 1
174 92 1
174 94 1
174 95 1
174 97 1
174 103 1
174 106 1
174 112 1
174 114 1
174 117 1
174 119 1
174 120 1
174 121 1
174 122 1
174 123 1
174 124 1
174 126 1
174 129 1
174 130 1
174 136 1
174 137 1
174 141 1
174 142 1
174 145 1
174 146 1
174 147 1
174 148 1
174 149 1
174 153 1
174 156 1
174 157 1
174 159 1
174 161 1
174 162 1
174 166 1
174 168 1
174 170 1
174 174 1
175 1 1
175 4 1
175 5 1
175 6 1
175 7 1
175 9 1
175 10 1
175 15 1
175 21 1
175 22 1
175 26 1
175 29 1
175 31 1
175 32 1
175 36 1
175 37 1
175 38 1
175 40 1
175 42 1
175 44 1
175 45 1
175 47 1
175 49 1
175 50 1
175 55 1
175 56 1
175 57 1
175 59 1
175 63 1
175 64 1
175 68 1
175 70 1
175 72 1
175 76 1
175 77 1
175 78 1
175 79 1
175 82 1
175 84 1
175 85 1
175 86 1
175 90 1
175 92 1
175 94 1
175 98 1
175 99 1
175 102 1
175 105 1
175 109 1
175 111 1
175 117 1
175 120 1
175 121 1
175 122 1
175 123 1
175 124 1
175 125 1
175 130 1
175 131 1
175 133 1
175 135 1
175 138 1
175 141 1
175 143 1
175 144 1
175 145 1
175 146 1
175 148 1
175 151 1
175 152 1
175 157 1
175 158 1
175 160 1
175 161 1
175 164 1
175 166 1
175 168 1
175 173 1
175 175 1
176 2 1
176 7 1
176 8 1
176 9 1
176 12 1
176 17 1
176 18 1
176 25 1
176 26 1
176 27 1
176 28 1
176 30 1
176 31 1
176 34 1
176 36 1
176 39 1
176 44 1
176 45 1
176 46 1
176 47 1
176 53 1
176 61 1
176 62 1
176 65 1
176 66 1
176 69 1
176 72 1
176 73 1
176 74 1
176 75 1
176 76 1
176 80 1
176 81 1
176 86 1
176 87 1
176 89 1
176 90 1
176 91 1
176 92 1
176 93 1
176 95 1
176 96 1
176 97 1
176 99 1
176 101 1
176 103 1
176 106 1
176 107 1
176 108 1
176 109 1
176 110 1
176 113 1
176 114 1
176 115 1
176 119 1
176 121 1
176 122 1
176 126 1
176 129 1
176 130 1
176 131 1
176 136 1
176 137 1
176 142 1
176 146 1
176 147 1
176 151 1
176 153 1
176 154 1
176 156 1
176 157 1
176 158 1
176 159 1
176 161 1
176 162 1
176 165 1
176 166 1
176 167 1
176 169 1
176 170 1
176 172 1
176 173 1
176 174 1
176 176 1
177 0 1
177 4 1
177 5 1
177 6 1
177 8 1
177 10 1
177 14 1
177 15 1
177 16 1
177 19 1
177 21 1
177 22 1
177 23 1
177 24 1
177 26 1
177 29 1
177 31 1
177 32 1
177 37 1
177 39 1
177 40 1
177 42 1
177 46 1
177 52 1
177 56 1
177 57 1
177 59 1
177 60 1
177 61 1
177 63 1
177 68 1
177 71 1
177 72 1
177 74 1
177 76 1
177 77 1
177 79 1
177 82 1
177 83 1
177 84 1
177 85 1
177 90 1
177 98 1
177 102 1
177 105 1
177 107 1
177 110 1
177 111 1
177 115 1
177 117 1
177 120 1
177 121 1
177 122 1
177 123 1
177 124 1
177 125 1
177 130 1
177 131 1
177 133 1
177 138 1
177 145 1
177 149 1
177 150 1
177 151 1
177 152 1
177 153 1
177 160 1
177 162 1
177 164 1
177 165 1
177 167 1
177 168 1
177 170 1
177 173 1
177 177 1
178 1 1
178 4 1
178 11 1
178 14 1
178 18 1
178 22 1
178 23 1
178 38 1
178 43 1
178 48 1
178 50 1
178 52 1
178 53 1
178 55 1
178 58 1
178 59 1
178 63 1
178 64 1
178 66 1
178 69 1
178 72 1
178 76 1
178 78 1
178 79 1
178 80 1
178 81 1
178 89 1
178 90 1
178 93 1
178 96 1
178 101 1
178 105 1
178 112 1
178 115 1
178 118 1
178 124 1
178 133 1
178 145 1
178 149 1
178 150 1
178 155 1
178 165 1
178 167 1
178 169 1
178 176 1
178 178 1
179 0 1
179 4 1
179 5 1
179 6 1
179 8 1
179 9 1
179 10 1
179 16 1
179 19 1
179 21 1
179 22 1
179 23 1
179 24 1
179 26 1
179 31 1
179 32 1
179 36 1
179 37 1
179 40 1
179 46 1
179 49 1
179 51 1
179 52 1
179 54 1
179 55 1
179 56 1
179 57 1
179 58 1
179 60 1
179 61 1
179 62 1
179 63 1
179 64 1
179 68 1
179 71 1
179 76 1
179 78 1
179 82 1
179 83 1
179 84 1
179 85 1
179 88 1
179 91 1
179 96 1
179 97 1
179 98 1
179 99 1
179 101 1
179 102 1
179 105 1
179 107 1
179 108 1
179 110 1
179 111 1
179 120 1
179 121 1
179 124 1
179 128 1
179 131 1
179 132 1
179 133 1
179 135 1
179 138 1
179 141 1
179 144 1
179 145 1
179 146 1
179 148 1
179 149 1
179 151 1
179 152 1
179 155 1
179 158 1
179 160 1
179 162 1
179 166 1
179 168 1
179 169 1
179 173 1
179 175 1
179 177 1
179 179 1
180 0 1
180 1 1
180 5 1
180 10 1
180 13 1
180 14 1
180 15 1
180 16 1
180 21 1
180 22 1
180 23 1
180 31 1
180 32 1
180 34 1
180 35 1
180 37 1
180 40 1
180 42 1
180 44 1
180 45 1
180 46 1
180 48 1
180 50 1
180 55 1
180 56 1
180 57 1
180 58 1
180 59 1
180 60 1
180 61 1
180 62 1
180 63 1
180 64 1
180 68 1
180 71 1
180 72 1
180 76 1
180 77 1
180 78 1
180 79 1
180 82 1
180 84 1
180 85 1
180 90 1
180 92 1
180 98 1
180 100 1
180 101 1
180 102 1
180 104 1
180 105 1
180 107 1
180 108 1
180 109 1
180 111 1
180 115 1
180 117 1
180 118 1
180 119 1
180 122 1
180 123 1
180 124 1
180 126 1
180 130 1
180 133 1
180 136 1
180 141 1
180 143 1
180 145 1
180 149 1
180 150 1
180 155 1
180 158 1
180 159 1
180 160 1
180 161 1
180 162 1
180 164 1
180 166 1
180 168 1
180 170 1
180 171 1
180 173 1
180 177 1
180 179 1
180 180 1
181 0 1
181 5 1
181 9 1
181 10 1
181 19 1
181 23 1
181 26 1
181 31 1
181 32 1
181 36 1
181 44 1
181 47 1
181 53 1
181 56 1
181 57 1
181 59 1
181 61 1
181 63 1
181 64 1
181 68 1
181 72 1
181 75 1
181 77 1
181 78 1
181 82 1
181 84 1
181 86 1
181 90 1
181 94 1
181 99 1
181 100 1
181 102 1
181 108 1
181 109 1
181 111 1
181 112 1
181 117 1
181 120 1
181 121 1
181 122 1
181 123 1
181 125 1
181 128 1
181 129 1
181 131 1
181 134 1
181 135 1
181 136 1
181 138 1
181 141 1
181 143 1
181 144 1
181 145 1
181 149 1
181 155 1
181 157 1
181 160 1
181 164 1
181 165 1
181 166 1
181 168 1
181 171 1
181 176 1
181 178 1
181 180 1
181 181 1
182 1 1
182 7 1
182 10 1
182 19 1
182 22 1
182 32 1
182 33 1
182 36 1
182 43 1
182 55 1
182 69 1
182 77 1
182 80 1
182 87 1
182 99 1
182 112 1
182 113 1
182 115 1
182 119 1
182 132 1
182 134 1
182 139 1
182 140 1
182 143 1
182 144 1
182 150 1
182 154 1
182 156 1
182 160 1
182 166 1
182 169 1
182 170 1
182 172 1
182 176 1
182 178 1
182 182 1
183 0 1
183 2 1
183 7 1
183 12 1
183 17 1
183 18 1
183 20 1
183 21 1
183 25 1
183 27 1
183 28 1
183 30 1
183 35 1
183 39 1
183 44 1
183 47 1
183 54 1
183 57 1
183 58 1
183 65 1
183 67 1
183 72 1
183 73 1
183 74 1
183 79 1
183 82 1
183 84 1
183 86 1
183 87 1
183 88 1
183 89 1
183 90 1
183 91 1
183 92 1
183 93 1
183 94 1
183 95 1
183 97 1
183 101 1
183 102 1
183 103 1
183 106 1
183 107 1
183 111 1
183 113 1
183 114 1
183 115 1
183 116 1
183 117 1
183 119 1
183 120 1
183 121 1
183 123 1
183 125 1
183 127 1
183 128 1
183 129 1
183 135 1
183 137 1
183 140 1
183 141 1
183 149 1
183 153 1
183 154 1
183 156 1
183 157 1
183 159 1
183 162 1
183 163 1
183 164 1
183 165 1
183 169 1
183 170 1
183 172 1
183 174 1
183 176 1
183 177 1
183 178 1
184 0 1
184 4 1
184 5 1
184 6 1
184 7 1
184 10 1
184 11 1
184 14 1
184 17 1
184 18 1
184 19 1
184 22 1
184 23 1
184 25 1
184 26 1
184 27 1
184 29 1
184 31 1
184 33 1
184 35 1
184 37 1
184 42 1
184 46 1
184 49 1
184 55 1
184 56 1
184 57 1
184 58 1
184 59 1
184 60 1
184 61 1
184 63 1
184 64 1
184 66 1
184 68 1
184 74 1
184 76 1
184 77 1
184 78 1
184 79 1
184 82 1
184 85 1
184 90 1
184 100 1
184 102 1
184 105 1
184 107 1
184 108 1
184 109 1
184 110 1
184 111 1
184 113 1
184 117 1
184 118 1
184 120 1
184 122 1
184 123 1
184 124 1
184 125 1
184 127 1
184 128 1
184 131 1
184 132 1
184 135 1
184 142 1
184 145 1
184 146 1
184 148 1
184 149 1
184 151 1
184 152 1
184 155 1
184 160 1
184 164 1
184 166 1
184 167 1
184 168 1
184 169 1
184 171 1
184 173 1
184 174 1
184 175 1
184 178 1
184 179 1
184 180 1
184 181 1
184 182 1
184 184 1
185 0 1
185 2 1
185 3 1
185 7 1
185 8 1
185 9 1
185 10 1
185 14 1
185 16 1
185 17 1
185 18 1
185 20 1
185 24 1
185 27 1
185 28 1
185 30 1
185 32 1
185 35 1
185 39 1
185 41 1
185 48 1
185 51 1
185 53 1
185 54 1
185 56 1
185 62 1
185 65 1
185 67 1
185 70 1
185 74 1
185 75 1
185 76 1
185 86 1
185 87 1
185 88 1
185 89 1
185 91 1
185 92 1
185 93 1
185 95 1
185 96 1
185 97 1
185 101 1
185 103 1
185 106 1
185 107 1
185 109 1
185 111 1
185 114 1
185 116 1
185 119 1
185 122 1
185 124 1
185 125 1
185 126 1
185 127 1
185 129 1
185 130 1
185 131 1
185 134 1
185 137 1
185 141 1
185 145 1
185 147 1
185 153 1
185 156 1
185 157 1
185 159 1
185 161 1
185 162 1
185 164 1
185 165 1
185 169 1
185 170 1
185 171 1
185 172 1
185 174 1
185 179 1
185 182 1
185 183 1
185 185 1
186 1 1
186 2 1
186 3 1
186 7 1
186 8 1
186 12 1
186 15 1
186 17 1
186 24 1
186 25 1
186 28 1
186 30 1
186 35 1
186 39 1
186 40 1
186 41 1
186 45 1
186 47 1
186 49 1
186 51 1
186 53 1
186 54 1
186 55 1
186 60 1
186 62 1
186 65 1
186 67 1
186 70 1
186 74 1
186 75 1
186 76 1
186 80 1
186 81 1
186 87 1
186 88 1
186 89 1
186 91 1
186 93 1
186 94 1
186 95 1
186 96 1
186 97 1
186 101 1
186 102 1
186 107 1
186 113 1
186 114 1
186 115 1
186 116 1
186 118 1
186 119 1
186 120 1
186 121 1
186 122 1
186 125 1
186 126 1
186 127 1
186 130 1
186 136 1
186 137 1
186 141 1
186 143 1
186 144 1
186 146 1
186 147 1
186 154 1
186 156 1
186 159 1
186 161 1
186 162 1
186 163 1
186 165 1
186 168 1
186 169 1
186 172 1
186 174 1
186 176 1
186 181 1
186 185 1
187 0 1
187 2 1
187 5 1
187 6 1
187 15 1
187 16 1
187 17 1
187 18 1
187 19 1
187 24 1
187 27 1
187 28 1
187 30 1
187 35 1
187 38 1
187 40 1
187 41 1
187 45 1
187 46 1
187 48 1
187 51 1
187 53 1
187 54 1
187 57 1
187 58 1
187 65 1
187 67 1
187 68 1
187 70 1
187 74 1
187 76 1
187 80 1
187 81 1
187 82 1
187 85 1
187 86 1
187 87 1
187 88 1
187 91 1
187 92 1
187 93 1
187 94 1
187 95 1
187 97 1
187 100 1
187 103 1
187 106 1
187 107 1
187 112 1
187 113 1
187 114 1
187 115 1
187 116 1
187 118 1
187 119 1
187 120 1
187 121 1
187 125 1
187 127 1
187 129 1
187 137 1
187 146 1
187 147 1
187 150 1
187 153 1
187 156 1
187 157 1
187 159 1
187 160 1
187 161 1
187 162 1
187 163 1
187 165 1
187 170 1
187 172 1
187 174 1
187 176 1
187 178 1
187 183 1
188 4 1
188 6 1
188 7 1
188 9 1
188 12 1
188 14 1
188 17 1
188 20 1
188 24 1
188 28 1
188 29 1
188 30 1
188 32 1
188 34 1
188 35 1
188 38 1
188 40 1
188 41 1
188 43 1
188 45 1
188 54 1
188 56 1
188 60 1
188 61 1
188 63 1
188 66 1
188 67 1
188 71 1
188 72 1
188 73 1
188 74 1
188 76 1
188 80 1
188 81 1
188 86 1
188 88 1
188 91 1
188 92 1
188 94 1
188 95 1
188 96 1
188 97 1
188 99 1
188 101 1
188 103 1
188 107 1
188 113 1
188 114 1
188 115 1
188 116 1
188 119 1
188 120 1
188 121 1
188 123 1
188 125 1
188 127 1
188 129 1
188 130 1
188 133 1
188 135 1
188 136 1
188 137 1
188 142 1
188 146 1
188 147 1
188 150 1
188 151 1
188 153 1
188 156 1
188 157 1
188 158 1
188 163 1
188 167 1
188 169 1
188 172 1
188 174 1
188 176 1
188 178 1
188 183 1
188 186 1
188 187 1
188 188 1
189 0 1
189 6 1
189 10 1
189 12 1
189 13 1
189 14 1
189 15 1
189 16 1
189 17 1
189 19 1
189 21 1
189 22 1
189 23 1
189 29 1
189 32 1
189 33 1
189 36 1
189 37 1
189 40 1
189 42 1
189 43 1
189 44 1
189 46 1
189 49 1
189 54 1
189 57 1
189 58 1
189 59 1
189 60 1
189 61 1
189 63 1
189 64 1
189 66 1
189 68 1
189 70 1
189 72 1
189 73 1
189 74 1
189 76 1
189 78 1
189 79 1
189 84 1
189 85 1
189 90 1
189 94 1
189 98 1
189 99 1
189 103 1
189 105 1
189 114 1
189 122 1
189 128 1
189 131 1
189 132 1
189 133 1
189 135 1
189 137 1
189 138 1
189 145 1
189 149 1
189 151 1
189 152 1
189 155 1
189 158 1
189 160 1
189 163 1
189 164 1
189 166 1
189 167 1
189 169 1
189 171 1
189 175 1
189 177 1
189 178 1
189 179 1
189 180 1
189 181 1
189 182 1
189 183 1
189 184 1
189 186 1
189 189 1
190 4 1
190 5 1
190 6 1
190 8 1
190 10 1
190 14 1
190 15 1
190 16 1
190 17 1
190 19 1
190 21 1
190 22 1
190 23 1
190 26 1
190 29 1
190 32 1
190 33 1
190 36 1
190 37 1
190 38 1
190 41 1
190 42 1
190 43 1
190 46 1
190 49 1
190 52 1
190 57 1
190 58 1
190 59 1
190 60 1
190 61 1
190 63 1
190 64 1
190 65 1
190 66 1
190 67 1
190 68 1
190 71 1
190 77 1
190 80 1
190 82 1
190 83 1
190 84 1
190 85 1
190 91 1
190 92 1
190 93 1
190 94 1
190 95 1
190 98 1
190 99 1
190 102 1
190 104 1
190 105 1
190 108 1
190 109 1
190 110 1
190 111 1
190 114 1
190 117 1
190 123 1
190 129 1
190 132 1
190 135 1
190 139 1
190 141 1
190 144 1
190 145 1
190 146 1
190 149 1
190 153 1
190 155 1
190 158 1
190 160 1
190 164 1
190 166 1
190 167 1
190 168 1
190 171 1
190 173 1
190 175 1
190 176 1
190 179 1
190 180 1
190 181 1
190 183 1
190 184 1
190 190 1
191 2 1
191 3 1
191 5 1
191 7 1
191 8 1
191 9 1
191 11 1
191 12 1
191 17 1
191 20 1
191 24 1
191 26 1
191 35 1
191 38 1
191 45 1
191 46 1
191 47 1
191 48 1
191 51 1
191 54 1
191 57 1
191 58 1
191 67 1
191 73 1
191 74 1
191 75 1
191 80 1
191 86 1
191 89 1
191 92 1
191 93 1
191 94 1
191 96 1
191 100 1
191 106 1
191 107 1
191 113 1
191 114 1
191 115 1
191 116 1
191 119 1
191 120 1
191 121 1
191 125 1
191 126 1
191 127 1
191 129 1
191 130 1
191 134 1
191 136 1
191 137 1
191 138 1
191 140 1
191 142 1
191 144 1
191 145 1
191 147 1
191 153 1
191 157 1
191 161 1
191 162 1
191 163 1
191 169 1
191 170 1
191 172 1
191 175 1
191 176 1
191 184 1
191 187 1
191 188 1
191 189 1
191 191 1
192 1 1
192 5 1
192 11 1
192 13 1
192 29 1
192 30 1
192 35 1
192 40 1
192 45 1
192 50 1
192 52 1
192 59 1
192 63 1
192 68 1
192 69 1
192 73 1
192 75 1
192 76 1
192 77 1
192 81 1
192 82 1
192 84 1
192 87 1
192 91 1
192 93 1
192 106 1
192 112 1
192 114 1
192 119 1
192 120 1
192 134 1
192 136 1
192 140 1
192 141 1
192 143 1
192 146 1
192 150 1
192 155 1
192 157 1
192 159 1
192 165 1
192 166 1
192 168 1
192 174 1
192 176 1
192 178 1
192 187 1
192 188 1
192 191 1
192 192 1
193 3 1
193 6 1
193 7 1
193 8 1
193 9 1
193 15 1
193 17 1
193 18 1
193 19 1
193 20 1
193 24 1
193 25 1
193 28 1
193 29 1
193 30 1
193 34 1
193 35 1
193 37 1
193 39 1
193 41 1
193 44 1
193 45 1
193 47 1
193 48 1
193 49 1
193 51 1
193 53 1
193 55 1
193 57 1
193 58 1
193 61 1
193 62 1
193 65 1
193 66 1
193 67 1
193 68 1
193 70 1
193 73 1
193 74 1
193 75 1
193 76 1
193 80 1
193 83 1
193 85 1
193 86 1
193 87 1
193 88 1
193 89 1
193 91 1
193 93 1
193 94 1
193 95 1
193 96 1
193 100 1
193 101 1
193 103 1
193 107 1
193 109 1
193 111 1
193 113 1
193 117 1
193 119 1
193 120 1
193 121 1
193 125 1
193 127 1
193 128 1
193 129 1
193 130 1
193 137 1
193 145 1
193 146 1
193 147 1
193 148 1
193 149 1
193 151 1
193 153 1
193 156 1
193 157 1
193 159 1
193 161 1
193 163 1
193 164 1
193 165 1
193 169 1
193 170 1
193 172 1
193 173 1
193 174 1
193 176 1
193 182 1
193 183 1
193 185 1
193 186 1
193 188 1
193 190 1
193 192 1
194 1 1
194 4 1
194 5 1
194 6 1
194 8 1
194 10 1
194 12 1
194 13 1
194 14 1
194 19 1
194 21 1
194 26 1
194 31 1
194 33 1
194 35 1
194 36 1
194 42 1
194 54 1
194 55 1
194 56 1
194 58 1
194 59 1
194 60 1
194 61 1
194 64 1
194 66 1
194 68 1
194 71 1
194 72 1
194 73 1
194 75 1
194 77 1
194 78 1
194 82 1
194 83 1
194 84 1
194 85 1
194 86 1
194 91 1
194 93 1
194 96 1
194 98 1
194 99 1
194 100 1
194 102 1
194 104 1
194 105 1
194 108 1
194 110 1
194 117 1
194 122 1
194 124 1
194 128 1
194 129 1
194 130 1
194 131 1
194 133 1
194 134 1
194 135 1
194 142 1
194 143 1
194 144 1
194 145 1
194 148 1
194 149 1
194 151 1
194 156 1
194 158 1
194 160 1
194 164 1
194 165 1
194 166 1
194 168 1
194 171 1
194 172 1
194 175 1
194 184 1
194 189 1
194 190 1
194 193 1
194 194 1
195 0 1
195 4 1
195 5 1
195 6 1
195 11 1
195 12 1
195 13 1
195 14 1
195 16 1
195 19 1
195 21 1
195 22 1
195 23 1
195 25 1
195 26 1
195 32 1
195 36 1
195 37 1
195 41 1
195 42 1
195 44 1
195 45 1
195 46 1
195 51 1
195 54 1
195 55 1
195 56 1
195 57 1
195 58 1
195 59 1
195 60 1
195 63 1
195 66 1
195 72 1
195 73 1
195 76 1
195 77 1
195 82 1
195 83 1
195 84 1
195 90 1
195 91 1
195 98 1
195 99 1
195 100 1
195 101 1
195 102 1
195 104 1
195 105 1
195 108 1
195 109 1
195 114 1
195 116 1
195 117 1
195 120 1
195 122 1
195 123 1
195 131 1
195 132 1
195 133 1
195 134 1
195 135 1
195 137 1
195 138 1
195 142 1
195 144 1
195 145 1
195 155 1
195 156 1
195 158 1
195 159 1
195 161 1
195 164 1
195 168 1
195 171 1
195 172 1
195 173 1
195 176 1
195 177 1
195 181 1
195 185 1
195 187 1
195 189 1
196 0 1
196 3 1
196 6 1
196 8 1
196 9 1
196 10 1
196 12 1
196 13 1
196 14 1
196 17 1
196 18 1
196 21 1
196 24 1
196 25 1
196 27 1
196 28 1
196 30 1
196 38 1
196 39 1
196 41 1
196 45 1
196 47 1
196 48 1
196 51 1
196 56 1
196 57 1
196 62 1
196 65 1
196 67 1
196 70 1
196 72 1
196 74 1
196 76 1
196 79 1
196 81 1
196 86 1
196 87 1
196 88 1
196 89 1
196 90 1
196 91 1
196 92 1
196 93 1
196 94 1
196 95 1
196 97 1
196 101 1
196 103 1
196 106 1
196 107 1
196 113 1
196 115 1
196 118 1
196 119 1
196 121 1
196 125 1
196 126 1
196 129 1
196 133 1
196 136 1
196 137 1
196 147 1
196 149 1
196 151 1
196 153 1
196 156 1
196 157 1
196 159 1
196 162 1
196 163 1
196 165 1
196 169 1
196 170 1
196 172 1
196 174 1
196 182 1
196 185 1
196 186 1
196 188 1
196 193 1
196 194 1
197 3 1
197 7 1
197 8 1
197 12 1
197 13 1
197 17 1
197 18 1
197 19 1
197 20 1
197 25 1
197 27 1
197 28 1
197 29 1
197 30 1
197 33 1
197 34 1
197 35 1
197 38 1
197 41 1
197 45 1
197 47 1
197 48 1
197 51 1
197 52 1
197 53 1
197 58 1
197 62 1
197 64 1
197 67 1
197 72 1
197 76 1
197 81 1
197 86 1
197 89 1
197 92 1
197 93 1
197 96 1
197 98 1
197 99 1
197 101 1
197 105 1
197 107 1
197 113 1
197 114 1
197 116 1
197 117 1
197 118 1
197 119 1
197 126 1
197 127 1
197 129 1
197 130 1
197 133 1
197 134 1
197 138 1
197 146 1
197 147 1
197 148 1
197 153 1
197 158 1
197 161 1
197 162 1
197 163 1
197 164 1
197 165 1
197 166 1
197 168 1
197 169 1
197 170 1
197 172 1
197 176 1
197 186 1
197 187 1
197 188 1
197 189 1
197 191 1
197 194 1
197 196 1
197 197 1
198 2 1
198 3 1
198 4 1
198 12 1
198 13 1
198 17 1
198 18 1
198 20 1
198 22 1
198 24 1
198 28 1
198 30 1
198 31 1
198 36 1
198 38 1
198 39 1
198 45 1
198 51 1
198 53 1
198 54 1
198 56 1
198 65 1
198 67 1
198 69 1
198 70 1
198 73 1
198 75 1
198 77 1
198 80 1
198 87 1
198 88 1
198 91 1
198 94 1
198 95 1
198 97 1
198 101 1
198 103 1
198 107 1
198 110 1
198 113 1
198 114 1
198 115 1
198 116 1
198 119 1
198 120 1
198 121 1
198 123 1
198 125 1
198 129 1
198 133 1
198 135 1
198 136 1
198 139 1
198 142 1
198 143 1
198 144 1
198 147 1
198 151 1
198 153 1
198 156 1
198 157 1
198 159 1
198 161 1
198 162 1
198 163 1
198 167 1
198 169 1
198 170 1
198 171 1
198 172 1
198 174 1
198 176 1
198 178 1
198 179 1
198 181 1
198 185 1
198 186 1
198 187 1
198 194 1
198 196 1
198 197 1
198 198 1
199 2 1
199 7 1
199 8 1
199 9 1
199 18 1
199 20 1
199 24 1
199 25 1
199 26 1
199 27 1
199 28 1
199 29 1
199 30 1
199 31 1
199 35 1
199 39 1
199 41 1
199 44 1
199 45 1
199 48 1
199 51 1
199 52 1
199 53 1
199 54 1
199 56 1
199 67 1
199 70 1
199 73 1
199 74 1
199 75 1
199 76 1
199 81 1
199 88 1
199 89 1
199 92 1
199 93 1
199 94 1
199 95 1
199 96 1
199 97 1
199 101 1
199 102 1
199 103 1
199 106 1
199 107 1
199 113 1
199 114 1
199 115 1
199 116 1
199 118 1
199 119 1
199 121 1
199 122 1
199 124 1
199 125 1
199 126 1
199 128 1
199 129 1
199 130 1
199 142 1
199 145 1
199 146 1
199 153 1
199 156 1
199 157 1
199 159 1
199 163 1
199 165 1
199 166 1
199 169 1
199 172 1
199 174 1
199 176 1
199 180 1
199 183 1
199 186 1
199 187 1
199 189 1
199 191 1
199 193 1
199 196 1
199 197 1
199 199 1
0 0 2
1 1 2
2 0 2
2 2 2
3 0 2
3 2 2
3 3 2
4 0 2
4 1 2
4 2 2
5 0 2
5 3 2
5 4 2
5 5 2
6 0 2
6 2 2
6 3 2
6 5 2
7 0 2
7 2 2
7 3 2
7 4 2
7 5 2
7 7 2
8 0 2
8 4 2
8 5 2
8 6 2
8 7 2
9 0 2
9 3 2
9 5 2
9 6 2
9 7 2
9 8 2
10 0 2
10 2 2
10 3 2
10 4 2
10 7 2
10 8 2
10 9 2
11 5 2
11 6 2
11 10 2
12 2 2
12 3 2
12 4 2
12 6 2
12 8 2
12 9 2
12 12 2
13 2 2
13 4 2
13 5 2
13 6 2
13 7 2
13 8 2
13 9 2
13 11 2
14 0 2
14 2 2
14 3 2
14 5 2
14 6 2
14 9 2
14 10 2
14 12 2
14 13 2
14 14 2
15 0 2
15 2 2
15 3 2
15 4 2
15 6 2
15 7 2
15 8 2
15 9 2
15 10 2
15 11 2
15 13 2
16 0 2
16 1 2
16 2 2
16 3 2
16 5 2
16 7 2
16 10 2
16 12 2
16 13 2
16 14 2
16 15 2
16 16 2
17 0 2
17 2 2
17 3 2
17 4 2
17 5 2
17 6 2
17 7 2
17 8 2
17 12 2
17 13 2
17 14 2
17 15 2
17 16 2
17 17 2
18 0 2
18 3 2
18 4 2
18 5 2
18 6 2
18 7 2
18 10 2
18 11 2
18 12 2
18 14 2
18 15 2
18 16 2
18 17 2
18 18 2
19 0 2
19 2 2
19 3 2
19 4 2
19 5 2
19 6 2
19 7 2
19 8 2
19 9 2
19 10 2
19 12 2
19 13 2
19 15 2
19 17 2
19 19 2
20 0 2
20 2 2
20 4 2
20 5 2
20 6 2
20 7 2
20 10 2
20 11 2
20 12 2
20 13 2
20 14 2
20 15 2
20 16 2
20 18 2
20 19 2
20 20 2
21 1 2
21 2 2
21 4 2
21 5 2
21 6 2
21 8 2
21 9 2
21 10 2
21 13 2
21 14 2
21 15 2
21 16 2
21 17 2
21 19 2
21 20 2
22 0 2
22 2 2
22 3 2
22 4 2
22 6 2
22 9 2
22 10 2
22 12 2
22 15 2
22 16 2
22 18 2
22 19 2
23 0 2
23 1 2
23 4 2
23 7 2
23 9 2
23 10 2
23 12 2
23 13 2
23 14 2
23 15 2
23 16 2
23 18 2
23 19 2
23 20 2
23 21 2
23 22 2
23 23 2
24 0 2
24 2 2
24 3 2
24 6 2
24 7 2
24 8 2
24 9 2
24 11 2
24 12 2
24 13 2
24 14 2
24 15 2
24 16 2
24 17 2
24 19 2
24 20 2
24 21 2
24 22 2
24 23 2
25 3 2
25 5 2
25 6 2
25 9 2
25 10 2
25 13 2
25 14 2
25 15 2
25 18 2
25 19 2
25 20 2
25 21 2
25 22 2
25 23 2
25 25 2
26 0 2
26 2 2
26 3 2
26 5 2
26 6 2
26 7 2
26 9 2
26 10 2
26 13 2
26 14 2
26 15 2
26 16 2
26 18 2
26 19 2
26 20 2
26 21 2
26 22 2
26 25 2
27 1 2
27 3 2
27 4 2
27 5 2
27 6 2
27 7 2
27 9 2
27 12 2
27 13 2
27 14 2
27 18 2
27 19 2
27 20 2
27 21 2
27 22 2
27 23 2
27 24 2
27 25 2
27 27 2
28 0 2
28 1 2
28 5 2
28 7 2
28 8 2
28 9 2
28 10 2
28 11 2
28 13 2
28 15 2
28 16 2
28 17 2
28 19 2
28 20 2
28 21 2
28 22 2
28 23 2
28 24 2
28 26 2
28 27 2
28 28 2
29 0 2
29 4 2
29 5 2
29 8 2
29 9 2
29 12 2
29 14 2
29 15 2
29 16 2
29 18 2
29 20 2
29 21 2
29 22 2
29 23 2
29 25 2
29 27 2
29 28 2
29 29 2
30 0 2
30 2 2
30 3 2
30 5 2
30 6 2
30 7 2
30 12 2
30 13 2
30 14 2
30 15 2
30 16 2
30 18 2
30 19 2
30 20 2
30 21 2
30 23 2
30 24 2
30 25 2
30 26 2
30 28 2
30 30 2
31 0 2
31 1 2
31 2 2
31 3 2
31 4 2
31 6 2
31 7 2
31 8 2
31 10 2
31 11 2
31 12 2
31 14 2
31 15 2
31 16 2
31 17 2
31 18 2
31 21 2
31 23 2
31 25 2
31 26 2
31 28 2
31 31 2
32 0 2
32 2 2
32 4 2
32 6 2
32 7 2
32 10 2
32 11 2
32 13 2
32 14 2
32 15 2
32 17 2
32 18 2
32 19 2
32 20 2
32 21 2
32 22 2
32 23 2
32 24 2
32 27 2
32 30 2
32 31 2
32 32 2
33 1 2
33 9 2
33 16 2
33 25 2
33 26 2
33 33 2
34 2 2
34 7 2
34 14 2
34 15 2
34 21 2
34 24 2
34 25 2
34 26 2
34 34 2
35 0 2
35 2 2
35 3 2
35 6 2
35 7 2
35 9 2
35 12 2
35 14 2
35 15 2
35 17 2
35 18 2
35 19 2
35 20 2
35 21 2
35 22 2
35 23 2
35 24 2
35 25 2
35 26 2
35 28 2
35 30 2
35 31 2
36 0 2
36 2 2
36 3 2
36 4 2
36 5 2
36 6 2
36 7 2
36 8 2
36 9 2
36 10 2
36 12 2
36 13 2
36 14 2
36 15 2
36 16 2
36 18 2
36 19 2
36 20 2
36 21 2
36 23 2
36 24 2
36 26 2
36 27 2
36 28 2
36 29 2
36 30 2
36 31 2
36 32 2
36 34 2
37 2 2
37 3 2
37 4 2
37 5 2
37 6 2
37 9 2
37 10 2
37 12 2
37 14 2
37 15 2
37 16 2
37 17 2
37 19 2
37 20 2
37 24 2
37 25 2
37 26 2
37 29 2
37 30 2
37 34 2
37 35 2
37 37 2
38 0 2
38 2 2
38 4 2
38 5 2
38 6 2
38 9 2
38 10 2
38 12 2
38 13 2
38 15 2
38 16 2
38 17 2
38 20 2
38 21 2
38 22 2
38 24 2
38 26 2
38 27 2
38 30 2
38 31 2
38 32 2
38 36 2
38 38 2
39 0 2
39 1 2
39 2 2
39 3 2
39 4 2
39 5 2
39 7 2
39 8 2
39 9 2
39 10 2
39 12 2
39 13 2
39 17 2
39 18 2
39 20 2
39 22 2
39 23 2
39 24 2
39 27 2
39 30 2
39 31 2
39 32 2
39 35 2
39 39 2
40 0 2
40 2 2
40 4 2
40 6 2
40 7 2
40 8 2
40 9 2
40 10 2
40 12 2
40 13 2
40 14 2
40 16 2
40 21 2
40 22 2
40 23 2
40 25 2
40 27 2
40 28 2
40 30 2
40 32 2
40 35 2
40 36 2
40 37 2
40 38 2
40 40 2
41 0 2
41 2 2
41 3 2
41 4 2
41 5 2
41 7 2
41 9 2
41 10 2
41 12 2
41 13 2
41 14 2
41 15 2
41 16 2
41 18 2
41 19 2
41 20 2
41 21 2
41 22 2
41 23 2
41 26 2
41 28 2
41 29 2
41 33 2
41 38 2
41 39 2
41 40 2
41 41 2
42 3 2
42 4 2
42 5 2
42 6 2
42 7 2
42 8 2
42 10 2
42 12 2
42 13 2
42 14 2
42 15 2
42 16 2
42 17 2
42 18 2
42 19 2
42 21 2
42 23 2
42 24 2
42 25 2
42 26 2
42 27 2
42 28 2
42 29 2
42 31 2
42 32 2
42 34 2
42 37 2
42 39 2
42 40 2
42 41 2
42 42 2
43 2 2
43 5 2
43 7 2
43 8 2
43 11 2
43 21 2
43 26 2
43 33 2
43 34 2
43 36 2
43 42 2
43 43 2
44 0 2
44 1 2
44 2 2
44 3 2
44 4 2
44 5 2
44 7 2
44 8 2
44 9 2
44 12 2
44 14 2
44 15 2
44 17 2
44 19 2
44 20 2
44 21 2
44 22 2
44 23 2
44 24 2
44 25 2
44 27 2
44 28 2
44 29 2
44 30 2
44 31 2
44 33 2
44 35 2
44 36 2
44 37 2
44 38 2
44 39 2
44 44 2
45 3 2
45 4 2
45 5 2
45 6 2
45 8 2
45 9 2
45 11 2
45 12 2
45 14 2
45 16 2
45 19 2
45 21 2
45 23 2
45 24 2
45 25 2
45 26 2
45 28 2
45 29 2
45 31 2
45 32 2
45 35 2
45 36 2
45 38 2
45 41 2
45 42 2
45 44 2
45 45 2
46 0 2
46 2 2
46 6 2
46 8 2
46 13 2
46 16 2
46 17 2
46 20 2
46 21 2
46 22 2
46 23 2
46 25 2
46 26 2
46 27 2
46 31 2
46 32 2
46 33 2
46 34 2
46 35 2
46 36 2
46 38 2
46 40 2
46 41 2
46 42 2
46 46 2
47 0 2
47 2 2
47 3 2
47 6 2
47 7 2
47 9 2
47 10 2
47 16 2
47 17 2
47 18 2
47 19 2
47 20 2
47 21 2
47 23 2
47 26 2
47 27 2
47 28 2
47 29 2
47 30 2
47 31 2
47 32 2
47 35 2
47 37 2
47 38 2
47 39 2
47 42 2
47 44 2
47 45 2
47 46 2
47 47 2
48 5 2
48 6 2
48 7 2
48 8 2
48 9 2
48 12 2
48 13 2
48 16 2
48 18 2
48 19 2
48 20 2
48 21 2
48 22 2
48 23 2
48 24 2
48 25 2
48 26 2
48 27 2
48 28 2
48 29 2
48 30 2
48 31 2
48 32 2
48 35 2
48 36 2
48 38 2
48 41 2
48 42 2
48 43 2
48 44 2
48 45 2
48 46 2
48 47 2
49 0 2
49 4 2
49 6 2
49 7 2
49 10 2
49 11 2
49 15 2
49 16 2
49 17 2
49 18 2
49 20 2
49 21 2
49 22 2
49 23 2
49 24 2
49 25 2
49 26 2
49 27 2
49 28 2
49 29 2
49 31 2
49 35 2
49 38 2
49 39 2
49 40 2
49 41 2
49 42 2
49 44 2
49 45 2
49 46 2
49 47 2
49 48 2
49 49 2
50 4 2
50 11 2
50 19 2
50 20 2
50 26 2
50 33 2
50 34 2
50 36 2
50 37 2
50 42 2
50 43 2
50 44 2
50 46 2
50 48 2
51 0 2
51 2 2
51 3 2
51 4 2
51 5 2
51 6 2
51 7 2
51 9 2
51 12 2
51 13 2
51 14 2
51 15 2
51 18 2
51 19 2
51 20 2
51 21 2
51 22 2
51 23 2
51 24 2
51 25 2
51 27 2
51 30 2
51 31 2
51 32 2
51 35 2
51 36 2
51 37 2
51 38 2
51 39 2
51 41 2
51 42 2
51 44 2
51 45 2
51 46 2
51 47 2
51 49 2
51 51 2
52 9 2
52 19 2
52 25 2
52 27 2
52 28 2
52 30 2
52 33 2
52 34 2
52 35 2
52 38 2
52 50 2
52 52 2
53 0 2
53 2 2
53 3 2
53 5 2
53 6 2
53 8 2
53 9 2
53 10 2
53 13 2
53 14 2
53 15 2
53 16 2
53 17 2
53 18 2
53 19 2
53 20 2
53 21 2
53 23 2
53 24 2
53 26 2
53 27 2
53 28 2
53 29 2
53 33 2
53 34 2
53 36 2
53 37 2
53 38 2
53 39 2
53 44 2
53 45 2
53 46 2
54 0 2
54 2 2
54 3 2
54 5 2
54 6 2
54 8 2
54 9 2
54 10 2
54 12 2
54 14 2
54 15 2
54 16 2
54 17 2
54 18 2
54 19 2
54 20 2
54 21 2
54 22 2
54 23 2
54 24 2
54 25 2
54 26 2
54 27 2
54 29 2
54 30 2
54 31 2
54 32 2
54 35 2
54 38 2
54 39 2
54 40 2
54 42 2
54 43 2
54 44 2
54 45 2
54 46 2
54 47 2
54 48 2
54 51 2
54 52 2
54 53 2
54 54 2
55 2 2
55 4 2
55 5 2
55 15 2
55 16 2
55 20 2
55 21 2
55 23 2
55 25 2
55 30 2
55 34 2
55 36 2
55 43 2
55 45 2
55 46 2
55 48 2
55 49 2
55 50 2
55 55 2
56 0 2
56 3 2
56 4 2
56 5 2
56 6 2
56 7 2
56 8 2
56 9 2
56 10 2
56 11 2
56 12 2
56 14 2
56 15 2
56 16 2
56 17 2
56 18 2
56 19 2
56 20 2
56 21 2
56 23 2
56 25 2
56 26 2
56 27 2
56 28 2
56 30 2
56 32 2
56 36 2
56 37 2
56 38 2
56 40 2
56 43 2
56 44 2
56 45 2
56 47 2
56 48 2
56 49 2
56 51 2
56 52 2
56 54 2
56 56 2
57 0 2
57 3 2
57 4 2
57 5 2
57 6 2
57 9 2
57 13 2
57 14 2
57 15 2
57 16 2
57 19 2
57 20 2
57 22 2
57 23 2
57 24 2
57 25 2
57 26 2
57 29 2
57 30 2
57 31 2
57 32 2
57 35 2
57 36 2
57 38 2
57 39 2
57 40 2
57 41 2
57 42 2
57 45 2
57 47 2
57 48 2
57 49 2
57 51 2
57 53 2
57 56 2
58 0 2
58 2 2
58 3 2
58 5 2
58 6 2
58 7 2
58 9 2
58 10 2
58 12 2
58 13 2
58 15 2
58 16 2
58 17 2
58 19 2
58 22 2
58 23 2
58 24 2
58 27 2
58 28 2
58 29 2
58 30 2
58 31 2
58 33 2
58 35 2
58 36 2
58 37 2
58 38 2
58 39 2
58 41 2
58 44 2
58 45 2
58 46 2
58 48 2
58 50 2
58 51 2
58 53 2
58 56 2
58 58 2
59 0 2
59 2 2
59 3 2
59 4 2
59 6 2
59 7 2
59 8 2
59 9 2
59 10 2
59 11 2
59 12 2
59 13 2
59 14 2
59 15 2
59 16 2
59 17 2
59 18 2
59 19 2
59 20 2
59 21 2
59 23 2
59 24 2
59 27 2
59 28 2
59 29 2
59 30 2
59 31 2
59 35 2
59 36 2
59 38 2
59 39 2
59 40 2
59 41 2
59 42 2
59 43 2
59 45 2
59 46 2
59 47 2
59 48 2
59 50 2
59 51 2
59 53 2
59 54 2
59 57 2
59 58 2
59 59 2
60 0 2
60 2 2
60 3 2
60 7 2
60 8 2
60 12 2
60 14 2
60 15 2
60 17 2
60 19 2
60 20 2
60 22 2
60 23 2
60 25 2
60 27 2
60 28 2
60 30 2
60 31 2
60 32 2
60 36 2
60 37 2
60 38 2
60 40 2
60 41 2
60 42 2
60 46 2
60 48 2
60 49 2
60 53 2
60 57 2
60 60 2
61 0 2
61 3 2
61 4 2
61 6 2
61 7 2
61 8 2
61 9 2
61 13 2
61 14 2
61 15 2
61 16 2
61 17 2
61 18 2
61 19 2
61 20 2
61 21 2
61 22 2
61 23 2
61 24 2
61 25 2
61 27 2
61 28 2
61 30 2
61 31 2
61 33 2
61 35 2
61 36 2
61 37 2
61 38 2
61 40 2
61 41 2
61 42 2
61 45 2
61 46 2
61 47 2
61 48 2
61 49 2
61 50 2
61 53 2
61 54 2
61 56 2
61 57 2
61 58 2
61 59 2
61 60 2
61 61 2
62 0 2
62 4 2
62 6 2
62 12 2
62 13 2
62 14 2
62 16 2
62 18 2
62 19 2
62 20 2
62 21 2
62 22 2
62 25 2
62 26 2
62 29 2
62 32 2
62 37 2
62 39 2
62 40 2
62 41 2
62 42 2
62 44 2
62 46 2
62 47 2
62 50 2
62 51 2
62 56 2
62 59 2
62 60 2
62 61 2
62 62 2
63 2 2
63 4 2
63 5 2
63 6 2
63 10 2
63 12 2
63 15 2
63 17 2
63 19 2
63 20 2
63 22 2
63 24 2
63 25 2
63 26 2
63 28 2
63 29 2
63 32 2
63 39 2
63 40 2
63 42 2
63 44 2
63 45 2
63 46 2
63 49 2
63 53 2
63 54 2
63 56 2
63 57 2
63 59 2
63 60 2
63 62 2
64 1 2
64 2 2
64 3 2
64 4 2
64 5 2
64 6 2
64 7 2
64 8 2
64 10 2
64 13 2
64 14 2
64 15 2
64 18 2
64 21 2
64 22 2
64 23 2
64 25 2
64 26 2
64 27 2
64 28 2
64 29 2
64 31 2
64 32 2
64 35 2
64 38 2
64 39 2
64 40 2
64 41 2
64 42 2
64 44 2
64 46 2
64 48 2
64 49 2
64 51 2
64 54 2
64 55 2
64 56 2
64 57 2
64 58 2
64 59 2
64 61 2
64 62 2
65 1 2
65 3 2
65 4 2
65 5 2
65 6 2
65 10 2
65 13 2
65 14 2
65 15 2
65 16 2
65 17 2
65 20 2
65 21 2
65 24 2
65 25 2
65 26 2
65 28 2
65 29 2
65 30 2
65 31 2
65 32 2
65 35 2
65 37 2
65 41 2
65 42 2
65 44 2
65 45 2
65 46 2
65 48 2
65 49 2
65 50 2
65 51 2
65 52 2
65 53 2
65 56 2
65 58 2
65 59 2
65 60 2
65 61 2
65 62 2
65 63 2
65 65 2
66 0 2
66 2 2
66 3 2
66 5 2
66 6 2
66 8 2
66 12 2
66 13 2
66 15 2
66 16 2
66 17 2
66 19 2
66 20 2
66 22 2
66 23 2
66 28 2
66 35 2
66 36 2
66 37 2
66 39 2
66 40 2
66 44 2
66 45 2
66 47 2
66 48 2
66 49 2
66 53 2
66 54 2
66 56 2
66 58 2
66 59 2
66 60 2
66 63 2
66 65 2
67 0 2
67 1 2
67 2 2
67 3 2
67 4 2
67 5 2
67 7 2
67 8 2
67 9 2
67 10 2
67 12 2
67 13 2
67 15 2
67 16 2
67 17 2
67 18 2
67 20 2
67 21 2
67 22 2
67 23 2
67 24 2
67 25 2
67 27 2
67 28 2
67 29 2
67 31 2
67 32 2
67 35 2
67 37 2
67 38 2
67 39 2
67 40 2
67 41 2
67 42 2
67 44 2
67 45 2
67 46 2
67 47 2
67 48 2
67 49 2
67 50 2
67 51 2
67 53 2
67 54 2
67 58 2
67 59 2
67 61 2
67 63 2
67 65 2
67 66 2
67 67 2
68 0 2
68 3 2
68 4 2
68 5 2
68 6 2
68 7 2
68 8 2
68 9 2
68 11 2
68 12 2
68 13 2
68 14 2
68 17 2
68 18 2
68 19 2
68 20 2
68 22 2
68 23 2
68 24 2
68 27 2
68 28 2
68 29 2
68 30 2
68 31 2
68 33 2
68 36 2
68 37 2
68 38 2
68 40 2
68 41 2
68 44 2
68 45 2
68 47 2
68 49 2
68 51 2
68 53 2
68 54 2
68 55 2
68 58 2
68 59 2
68 60 2
68 61 2
68 62 2
68 63 2
68 64 2
68 65 2
68 67 2
69 1 2
69 4 2
69 11 2
69 15 2
69 16 2
69 24 2
69 32 2
69 33 2
69 34 2
69 39 2
69 44 2
69 47 2
69 50 2
69 55 2
69 62 2
69 63 2
69 68 2
69 69 2
70 2 2
70 3 2
70 4 2
70 6 2
70 7 2
70 9 2
70 14 2
70 15 2
70 16 2
70 18 2
70 23 2
70 24 2
70 25 2
70 28 2
70 29 2
70 30 2
70 32 2
70 35 2
70 37 2
70 38 2
70 40 2
70 41 2
70 42 2
70 45 2
70 48 2
70 49 2
70 51 2
70 53 2
70 56 2
70 57 2
70 58 2
70 60 2
70 61 2
70 62 2
70 65 2
70 66 2
70 67 2
70 68 2
70 70 2
71 0 2
71 2 2
71 4 2
71 5 2
71 9 2
71 10 2
71 12 2
71 14 2
71 18 2
71 20 2
71 21 2
71 22 2
71 23 2
71 24 2
71 25 2
71 26 2
71 28 2
71 30 2
71 34 2
71 35 2
71 37 2
71 38 2
71 39 2
71 41 2
71 42 2
71 44 2
71 45 2
71 47 2
71 48 2
71 49 2
71 54 2
71 56 2
71 57 2
71 58 2
71 60 2
71 61 2
71 62 2
71 63 2
71 64 2
71 65 2
71 67 2
71 71 2
72 0 2
72 1 2
72 5 2
72 6 2
72 7 2
72 10 2
72 12 2
72 14 2
72 15 2
72 16 2
72 17 2
72 18 2
72 19 2
72 20 2
72 23 2
72 24 2
72 25 2
72 27 2
72 28 2
72 30 2
72 31 2
72 32 2
72 35 2
72 36 2
72 37 2
72 38 2
72 39 2
72 40 2
72 41 2
72 44 2
72 45 2
72 47 2
72 49 2
72 50 2
72 51 2
72 52 2
72 55 2
72 56 2
72 58 2
72 59 2
72 60 2
72 63 2
72 64 2
72 65 2
72 67 2
72 70 2
72 71 2
72 72 2
73 0 2
73 3 2
73 8 2
73 9 2
73 13 2
73 14 2
73 15 2
73 16 2
73 17 2
73 18 2
73 19 2
73 21 2
73 22 2
73 25 2
73 26 2
73 27 2
73 29 2
73 30 2
73 35 2
73 36 2
73 39 2
73 42 2
73 43 2
73 44 2
73 46 2
73 48 2
73 49 2
73 50 2
73 51 2
73 53 2
73 54 2
73 57 2
73 59 2
73 60 2
73 61 2
73 63 2
73 64 2
73 65 2
73 66 2
73 67 2
73 70 2
73 71 2
73 72 2
74 0 2
74 2 2
74 3 2
74 4 2
74 5 2
74 6 2
74 7 2
74 8 2
74 12 2
74 14 2
74 15 2
74 17 2
74 18 2
74 19 2
74 20 2
74 21 2
74 25 2
74 26 2
74 27 2
74 28 2
74 29 2
74 31 2
74 32 2
74 34 2
74 36 2
74 37 2
74 38 2
74 39 2
74 41 2
74 44 2
74 45 2
74 46 2
74 47 2
74 48 2
74 49 2
74 53 2
74 54 2
74 56 2
74 57 2
74 58 2
74 59 2
74 60 2
74 64 2
74 65 2
74 66 2
74 68 2
74 69 2
74 70 2
74 72 2
74 73 2
74 74 2
75 0 2
75 2 2
75 3 2
75 4 2
75 5 2
75 6 2
75 8 2
75 9 2
75 10 2
75 13 2
75 14 2
75 16 2
75 17 2
75 18 2
75 19 2
75 20 2
75 21 2
75 22 2
75 23 2
75 24 2
75 26 2
75 27 2
75 28 2
75 29 2
75 30 2
75 31 2
75 32 2
75 35 2
75 36 2
75 37 2
75 38 2
75 39 2
75 41 2
75 42 2
75 44 2
75 45 2
75 48 2
75 49 2
75 51 2
75 53 2
75 54 2
75 57 2
75 58 2
75 60 2
75 63 2
75 64 2
75 65 2
75 67 2
75 68 2
75 71 2
75 72 2
75 73 2
75 74 2
75 75 2
76 2 2
76 3 2
76 5 2
76 6 2
76 7 2
76 8 2
76 11 2
76 12 2
76 14 2
76 15 2
76 16 2
76 18 2
76 19 2
76 20 2
76 21 2
76 22 2
76 23 2
76 24 2
76 25 2
76 26 2
76 28 2
76 29 2
76 30 2
76 31 2
76 32 2
76 35 2
76 36 2
76 38 2
76 39 2
76 40 2
76 41 2
76 42 2
76 45 2
76 46 2
76 47 2
76 48 2
76 51 2
76 52 2
76 53 2
76 56 2
76 64 2
76 65 2
76 66 2
76 67 2
76 68 2
76 69 2
76 70 2
76 71 2
76 72 2
76 73 2
76 74 2
76 75 2
77 0 2
77 1 2
77 2 2
77 3 2
77 4 2
77 5 2
77 6 2
77 7 2
77 8 2
77 9 2
77 13 2
77 14 2
77 15 2
77 18 2
77 19 2
77 20 2
77 21 2
77 24 2
77 25 2
77 26 2
77 27 2
77 28 2
77 30 2
77 32 2
77 35 2
77 36 2
77 37 2
77 38 2
77 39 2
77 40 2
77 41 2
77 42 2
77 43 2
77 45 2
77 46 2
77 47 2
77 48 2
77 51 2
77 54 2
77 56 2
77 57 2
77 58 2
77 60 2
77 61 2
77 62 2
77 63 2
77 64 2
77 65 2
77 68 2
77 70 2
77 71 2
77 73 2
77 74 2
77 75 2
77 77 2
78 2 2
78 3 2
78 4 2
78 5 2
78 7 2
78 8 2
78 9 2
78 10 2
78 12 2
78 13 2
78 14 2
78 15 2
78 18 2
78 19 2
78 21 2
78 23 2
78 24 2
78 25 2
78 26 2
78 28 2
78 29 2
78 30 2
78 31 2
78 36 2
78 37 2
78 38 2
78 39 2
78 40 2
78 41 2
78 42 2
78 43 2
78 45 2
78 46 2
78 47 2
78 48 2
78 49 2
78 51 2
78 53 2
78 54 2
78 57 2
78 58 2
78 59 2
78 60 2
78 61 2
78 65 2
78 66 2
78 67 2
78 68 2
78 69 2
78 70 2
78 71 2
78 72 2
78 73 2
78 74 2
78 75 2
78 78 2
79 2 2
79 3 2
79 4 2
79 5 2
79 6 2
79 7 2
79 8 2
79 9 2
79 10 2
79 13 2
79 14 2
79 15 2
79 16 2
79 17 2
79 18 2
79 20 2
79 22 2
79 23 2
79 24 2
79 27 2
79 28 2
79 29 2
79 30 2
79 36 2
79 37 2
79 38 2
79 39 2
79 41 2
79 43 2
79 44 2
79 45 2
79 46 2
79 47 2
79 48 2
79 51 2
79 52 2
79 53 2
79 54 2
79 56 2
79 57 2
79 58 2
79 59 2
79 60 2
79 61 2
79 62 2
79 63 2
79 64 2
79 68 2
79 71 2
79 72 2
79 73 2
79 74 2
79 76 2
80 4 2
80 7 2
80 10 2
80 12 2
80 13 2
80 14 2
80 15 2
80 16 2
80 18 2
80 19 2
80 20 2
80 22 2
80 24 2
80 26 2
80 27 2
80 28 2
80 29 2
80 30 2
80 32 2
80 35 2
80 37 2
80 39 2
80 40 2
80 41 2
80 42 2
80 43 2
80 45 2
80 46 2
80 47 2
80 48 2
80 49 2
80 51 2
80 53 2
80 56 2
80 57 2
80 59 2
80 60 2
80 61 2
80 63 2
80 64 2
80 66 2
80 67 2
80 70 2
80 71 2
80 72 2
80 73 2
80 74 2
80 75 2
80 76 2
80 77 2
80 78 2
80 79 2
80 80 2
81 0 2
81 2 2
81 3 2
81 4 2
81 5 2
81 6 2
81 8 2
81 9 2
81 10 2
81 14 2
81 15 2
81 17 2
81 19 2
81 21 2
81 22 2
81 24 2
81 25 2
81 27 2
81 29 2
81 32 2
81 36 2
81 38 2
81 40 2
81 41 2
81 42 2
81 43 2
81 44 2
81 45 2
81 46 2
81 48 2
81 49 2
81 51 2
81 53 2
81 55 2
81 57 2
81 58 2
81 59 2
81 60 2
81 61 2
81 62 2
81 63 2
81 64 2
81 65 2
81 66 2
81 67 2
81 70 2
81 72 2
81 73 2
81 77 2
81 78 2
81 79 2
81 80 2
81 81 2
82 2 2
82 3 2
82 4 2
82 5 2
82 6 2
82 7 2
82 8 2
82 11 2
82 13 2
82 15 2
82 19 2
82 21 2
82 23 2
82 24 2
82 25 2
82 27 2
82 28 2
82 30 2
82 31 2
82 32 2
82 35 2
82 36 2
82 37 2
82 39 2
82 40 2
82 42 2
82 45 2
82 47 2
82 48 2
82 49 2
82 51 2
82 53 2
82 54 2
82 56 2
82 57 2
82 59 2
82 61 2
82 63 2
82 66 2
82 67 2
82 68 2
82 70 2
82 72 2
82 75 2
82 76 2
82 79 2
82 80 2
82 81 2
82 82 2
83 1 2
83 4 2
83 5 2
83 6 2
83 7 2
83 8 2
83 9 2
83 10 2
83 12 2
83 13 2
83 14 2
83 15 2
83 18 2
83 21 2
83 22 2
83 23 2
83 24 2
83 25 2
83 27 2
83 28 2
83 29 2
83 30 2
83 31 2
83 35 2
83 36 2
83 37 2
83 38 2
83 39 2
83 40 2
83 41 2
83 46 2
83 47 2
83 58 2
83 59 2
83 62 2
83 64 2
83 65 2
83 66 2
83 67 2
83 70 2
83 71 2
83 72 2
83 73 2
83 74 2
83 75 2
83 76 2
83 78 2
83 79 2
83 80 2
83 81 2
83 82 2
83 83 2
84 0 2
84 2 2
84 3 2
84 4 2
84 7 2
84 8 2
84 9 2
84 10 2
84 12 2
84 15 2
84 16 2
84 17 2
84 18 2
84 19 2
84 20 2
84 21 2
84 22 2
84 23 2
84 24 2
84 25 2
84 28 2
84 29 2
84 30 2
84 31 2
84 32 2
84 39 2
84 40 2
84 41 2
84 42 2
84 44 2
84 45 2
84 47 2
84 48 2
84 53 2
84 54 2
84 56 2
84 57 2
84 58 2
84 59 2
84 60 2
84 62 2
84 63 2
84 64 2
84 65 2
84 68 2
84 70 2
84 71 2
84 72 2
84 73 2
84 74 2
84 76 2
84 78 2
84 81 2
84 82 2
84 83 2
85 0 2
85 1 2
85 3 2
85 4 2
85 5 2
85 6 2
85 7 2
85 8 2
85 9 2
85 10 2
85 12 2
85 13 2
85 14 2
85 15 2
85 16 2
85 20 2
85 21 2
85 24 2
85 26 2
85 27 2
85 28 2
85 30 2
85 36 2
85 37 2
85 38 2
85 40 2
85 41 2
85 42 2
85 43 2
85 45 2
85 46 2
85 47 2
85 49 2
85 51 2
85 52 2
85 54 2
85 56 2
85 58 2
85 59 2
85 60 2
85 61 2
85 63 2
85 64 2
85 66 2
85 67 2
85 68 2
85 69 2
85 70 2
85 72 2
85 73 2
85 75 2
85 76 2
85 78 2
85 79 2
85 80 2
85 81 2
85 82 2
85 84 2
85 85 2
86 2 2
86 3 2
86 4 2
86 5 2
86 6 2
86 7 2
86 8 2
86 10 2
86 13 2
86 15 2
86 16 2
86 18 2
86 19 2
86 21 2
86 22 2
86 23 2
86 24 2
86 25 2
86 26 2
86 27 2
86 29 2
86 31 2
86 32 2
86 34 2
86 35 2
86 36 2
86 37 2
86 38 2
86 40 2
86 41 2
86 43 2
86 44 2
86 46 2
86 49 2
86 50 2
86 51 2
86 54 2
86 55 2
86 56 2
86 58 2
86 59 2
86 62 2
86 65 2
86 66 2
86 67 2
86 70 2
86 72 2
86 74 2
86 75 2
86 76 2
86 77 2
86 79 2
86 82 2
86 84 2
86 85 2
86 86 2
87 0 2
87 2 2
87 4 2
87 5 2
87 6 2
87 7 2
87 10 2
87 12 2
87 13 2
87 14 2
87 15 2
87 16 2
87 17 2
87 20 2
87 21 2
87 22 2
87 23 2
87 24 2
87 26 2
87 27 2
87 29 2
87 30 2
87 32 2
87 35 2
87 36 2
87 37 2
87 38 2
87 39 2
87 41 2
87 42 2
87 45 2
87 46 2
87 47 2
87 48 2
87 49 2
87 53 2
87 56 2
87 57 2
87 58 2
87 59 2
87 60 2
87 62 2
87 63 2
87 64 2
87 65 2
87 66 2
87 67 2
87 68 2
87 70 2
87 71 2
87 72 2
87 76 2
87 77 2
87 78 2
87 79 2
87 80 2
87 81 2
87 83 2
87 84 2
87 85 2
87 86 2
87 87 2
88 2 2
88 3 2
88 6 2
88 7 2
88 8 2
88 9 2
88 10 2
88 12 2
88 13 2
88 14 2
88 15 2
88 18 2
88 19 2
88 20 2
88 21 2
88 22 2
88 23 2
88 24 2
88 25 2
88 29 2
88 30 2
88 32 2
88 34 2
88 35 2
88 36 2
88 37 2
88 38 2
88 39 2
88 40 2
88 41 2
88 46 2
88 47 2
88 48 2
88 49 2
88 51 2
88 54 2
88 56 2
88 57 2
88 58 2
88 60 2
88 61 2
88 62 2
88 63 2
88 64 2
88 65 2
88 66 2
88 68 2
88 72 2
88 73 2
88 74 2
88 75 2
88 76 2
88 78 2
88 79 2
88 80 2
88 81 2
88 82 2
88 83 2
88 84 2
88 85 2
88 86 2
88 87 2
89 0 2
89 1 2
89 2 2
89 3 2
89 4 2
89 7 2
89 9 2
89 10 2
89 11 2
89 12 2
89 14 2
89 16 2
89 17 2
89 18 2
89 19 2
89 21 2
89 23 2
89 24 2
89 25 2
89 26 2
89 28 2
89 29 2
89 30 2
89 31 2
89 32 2
89 35 2
89 37 2
89 38 2
89 41 2
89 42 2
89 44 2
89 47 2
89 51 2
89 53 2
89 56 2
89 57 2
89 59 2
89 60 2
89 61 2
89 62 2
89 63 2
89 64 2
89 66 2
89 67 2
89 68 2
89 69 2
89 70 2
89 71 2
89 72 2
89 73 2
89 74 2
89 75 2
89 76 2
89 79 2
89 81 2
89 82 2
89 83 2
89 85 2
89 86 2
89 88 2
89 89 2
90 0 2
90 2 2
90 3 2
90 5 2
90 6 2
90 7 2
90 10 2
90 12 2
90 13 2
90 14 2
90 15 2
90 16 2
90 17 2
90 18 2
90 19 2
90 20 2
90 21 2
90 22 2
90 23 2
90 24 2
90 25 2
90 26 2
90 27 2
90 30 2
90 31 2
90 32 2
90 35 2
90 37 2
90 39 2
90 40 2
90 41 2
90 42 2
90 44 2
90 45 2
90 47 2
90 49 2
90 51 2
90 52 2
90 53 2
90 54 2
90 57 2
90 60 2
90 61 2
90 62 2
90 63 2
90 64 2
90 65 2
90 67 2
90 68 2
90 70 2
90 71 2
90 72 2
90 73 2
90 76 2
90 78 2
90 79 2
90 80 2
90 81 2
90 82 2
90 84 2
90 86 2
90 87 2
90 89 2
91 0 2
91 2 2
91 3 2
91 5 2
91 6 2
91 7 2
91 10 2
91 12 2
91 15 2
91 17 2
91 18 2
91 19 2
91 20 2
91 23 2
91 25 2
91 26 2
91 28 2
91 29 2
91 30 2
91 31 2
91 32 2
91 33 2
91 35 2
91 36 2
91 39 2
91 40 2
91 41 2
91 42 2
91 43 2
91 44 2
91 46 2
91 47 2
91 54 2
91 56 2
91 57 2
91 58 2
91 59 2
91 60 2
91 61 2
91 62 2
91 63 2
91 65 2
91 66 2
91 67 2
91 68 2
91 71 2
91 72 2
91 73 2
91 75 2
91 78 2
91 79 2
91 80 2
91 81 2
91 84 2
91 86 2
91 88 2
91 89 2
91 91 2
92 5 2
92 6 2
92 7 2
92 8 2
92 9 2
92 10 2
92 12 2
92 13 2
92 14 2
92 15 2
92 16 2
92 17 2
92 19 2
92 21 2
92 22 2
92 24 2
92 25 2
92 29 2
92 30 2
92 31 2
92 32 2
92 35 2
92 36 2
92 37 2
92 39 2
92 40 2
92 41 2
92 42 2
92 43 2
92 44 2
92 46 2
92 47 2
92 49 2
92 51 2
92 53 2
92 59 2
92 60 2
92 61 2
92 63 2
92 64 2
92 65 2
92 66 2
92 67 2
92 68 2
92 71 2
92 73 2
92 74 2
92 75 2
92 78 2
92 79 2
92 80 2
92 81 2
92 82 2
92 83 2
92 85 2
92 86 2
92 88 2
92 89 2
92 90 2
92 92 2
93 2 2
93 4 2
93 5 2
93 7 2
93 9 2
93 10 2
93 11 2
93 12 2
93 13 2
93 15 2
93 16 2
93 17 2
93 18 2
93 19 2
93 20 2
93 21 2
93 22 2
93 23 2
93 24 2
93 25 2
93 26 2
93 28 2
93 29 2
93 30 2
93 31 2
93 32 2
93 37 2
93 38 2
93 39 2
93 40 2
93 42 2
93 46 2
93 48 2
93 49 2
93 51 2
93 53 2
93 54 2
93 55 2
93 57 2
93 58 2
93 59 2
93 60 2
93 61 2
93 63 2
93 64 2
93 65 2
93 67 2
93 68 2
93 69 2
93 72 2
93 73 2
93 74 2
93 75 2
93 77 2
93 78 2
93 79 2
93 83 2
93 85 2
93 86 2
93 87 2
93 88 2
93 89 2
93 92 2
94 0 2
94 2 2
94 3 2
94 4 2
94 7 2
94 8 2
94 9 2
94 10 2
94 11 2
94 12 2
94 14 2
94 16 2
94 17 2
94 19 2
94 20 2
94 21 2
94 22 2
94 24 2
94 25 2
94 27 2
94 28 2
94 29 2
94 30 2
94 31 2
94 33 2
94 35 2
94 36 2
94 37 2
94 38 2
94 39 2
94 42 2
94 44 2
94 47 2
94 48 2
94 49 2
94 50 2
94 51 2
94 53 2
94 54 2
94 56 2
94 58 2
94 59 2
94 61 2
94 62 2
94 63 2
94 64 2
94 65 2
94 66 2
94 67 2
94 68 2
94 69 2
94 70 2
94 71 2
94 72 2
94 73 2
94 76 2
94 78 2
94 83 2
94 84 2
94 85 2
94 86 2
94 87 2
94 88 2
94 89 2
94 90 2
94 91 2
94 92 2
94 94 2
95 0 2
95 2 2
95 3 2
95 5 2
95 6 2
95 7 2
95 8 2
95 9 2
95 10 2
95 12 2
95 14 2
95 15 2
95 17 2
95 18 2
95 19 2
95 20 2
95 21 2
95 22 2
95 25 2
95 27 2
95 28 2
95 29 2
95 30 2
95 31 2
95 32 2
95 35 2
95 36 2
95 37 2
95 38 2
95 40 2
95 41 2
95 44 2
95 45 2
95 47 2
95 48 2
95 49 2
95 50 2
95 51 2
95 52 2
95 53 2
95 54 2
95 55 2
95 56 2
95 58 2
95 59 2
95 60 2
95 61 2
95 62 2
95 68 2
95 70 2
95 71 2
95 72 2
95 73 2
95 74 2
95 75 2
95 76 2
95 77 2
95 78 2
95 80 2
95 82 2
95 83 2
95 84 2
95 85 2
95 86 2
95 88 2
95 90 2
95 91 2
95 92 2
95 93 2
95 95 2
96 2 2
96 6 2
96 7 2
96 8 2
96 9 2
96 10 2
96 12 2
96 13 2
96 14 2
96 16 2
96 17 2
96 18 2
96 20 2
96 21 2
96 23 2
96 24 2
96 28 2
96 30 2
96 31 2
96 32 2
96 35 2
96 36 2
96 37 2
96 39 2
96 40 2
96 41 2
96 42 2
96 43 2
96 44 2
96 48 2
96 53 2
96 54 2
96 55 2
96 56 2
96 57 2
96 59 2
96 64 2
96 65 2
96 66 2
96 67 2
96 68 2
96 70 2
96 71 2
96 73 2
96 74 2
96 76 2
96 77 2
96 79 2
96 82 2
96 84 2
96 86 2
96 88 2
96 89 2
96 90 2
96 91 2
96 94 2
96 95 2
96 96 2
97 0 2
97 2 2
97 3 2
97 4 2
97 5 2
97 7 2
97 8 2
97 9 2
97 10 2
97 12 2
97 13 2
97 14 2
97 15 2
97 16 2
97 17 2
97 19 2
97 20 2
97 21 2
97 23 2
97 24 2
97 25 2
97 26 2
97 27 2
97 30 2
97 31 2
97 32 2
97 35 2
97 36 2
97 37 2
97 38 2
97 40 2
97 41 2
97 42 2
97 44 2
97 46 2
97 47 2
97 48 2
97 49 2
97 51 2
97 53 2
97 54 2
97 56 2
97 57 2
97 58 2
97 62 2
97 63 2
97 64 2
97 65 2
97 66 2
97 67 2
97 68 2
97 71 2
97 72 2
97 74 2
97 75 2
97 77 2
97 78 2
97 79 2
97 81 2
97 82 2
97 83 2
97 84 2
97 85 2
97 86 2
97 87 2
97 88 2
97 90 2
97 91 2
97 92 2
97 93 2
97 96 2
98 2 2
98 3 2
98 5 2
98 7 2
98 8 2
98 9 2
98 10 2
98 12 2
98 13 2
98 14 2
98 15 2
98 18 2
98 19 2
98 20 2
98 24 2
98 25 2
98 26 2
98 27 2
98 29 2
98 30 2
98 31 2
98 32 2
98 35 2
98 36 2
98 37 2
98 38 2
98 39 2
98 40 2
98 41 2
98 45 2
98 46 2
98 48 2
98 49 2
98 52 2
98 53 2
98 54 2
98 56 2
98 57 2
98 58 2
98 59 2
98 60 2
98 61 2
98 64 2
98 66 2
98 67 2
98 70 2
98 71 2
98 73 2
98 75 2
98 76 2
98 79 2
98 80 2
98 81 2
98 82 2
98 84 2
98 85 2
98 86 2
98 90 2
98 91 2
98 92 2
98 93 2
98 94 2
98 95 2
98 97 2
98 98 2
99 0 2
99 1 2
99 3 2
99 4 2
99 5 2
99 6 2
99 7 2
99 8 2
99 9 2
99 12 2
99 13 2
99 14 2
99 15 2
99 16 2
99 17 2
99 18 2
99 19 2
99 20 2
99 21 2
99 22 2
99 23 2
99 24 2
99 25 2
99 26 2
99 27 2
99 28 2
99 30 2
99 31 2
99 32 2
99 34 2
99 35 2
99 37 2
99 38 2
99 39 2
99 40 2
99 41 2
99 42 2
99 45 2
99 48 2
99 49 2
99 51 2
99 56 2
99 58 2
99 59 2
99 60 2
99 62 2
99 64 2
99 66 2
99 67 2
99 71 2
99 72 2
99 75 2
99 76 2
99 78 2
99 79 2
99 80 2
99 81 2
99 82 2
99 85 2
99 86 2
99 87 2
99 88 2
99 89 2
99 90 2
99 91 2
99 92 2
99 93 2
99 94 2
99 95 2
99 96 2
99 97 2
99 98 2
99 99 2
100 0 2
100 2 2
100 3 2
100 6 2
100 7 2
100 8 2
100 9 2
100 10 2
100 13 2
100 14 2
100 15 2
100 17 2
100 18 2
100 19 2
100 20 2
100 21 2
100 23 2
100 24 2
100 25 2
100 26 2
100 27 2
100 28 2
100 29 2
100 31 2
100 32 2
100 35 2
100 37 2
100 38 2
100 46 2
100 47 2
100 48 2
100 50 2
100 51 2
100 53 2
100 54 2
100 56 2
100 58 2
100 61 2
100 62 2
100 63 2
100 64 2
100 67 2
100 68 2
100 70 2
100 71 2
100 73 2
100 74 2
100 75 2
100 76 2
100 77 2
100 80 2
100 81 2
100 84 2
100 85 2
100 86 2
100 87 2
100 88 2
100 90 2
100 91 2
100 92 2
100 94 2
100 95 2
100 96 2
100 97 2
100 99 2
100 100 2
101 0 2
101 3 2
101 4 2
101 5 2
101 6 2
101 8 2
101 9 2
101 12 2
101 13 2
101 14 2
101 16 2
101 18 2
101 19 2
101 20 2
101 21 2
101 22 2
101 23 2
101 24 2
101 26 2
101 27 2
101 28 2
101 29 2
101 30 2
101 31 2
101 32 2
101 33 2
101 35 2
101 36 2
101 38 2
101 39 2
101 41 2
101 45 2
101 46 2
101 47 2
101 48 2
101 51 2
101 56 2
101 57 2
101 58 2
101 60 2
101 61 2
101 63 2
101 65 2
101 66 2
101 67 2
101 68 2
101 70 2
101 71 2
101 72 2
101 73 2
101 74 2
101 76 2
101 77 2
101 78 2
101 79 2
101 80 2
101 81 2
101 82 2
101 83 2
101 84 2
101 86 2
101 91 2
101 92 2
101 93 2
101 94 2
101 95 2
101 96 2
101 97 2
101 98 2
102 0 2
102 2 2
102 3 2
102 4 2
102 5 2
102 6 2
102 7 2
102 8 2
102 9 2
102 10 2
102 12 2
102 13 2
102 15 2
102 18 2
102 19 2
102 22 2
102 23 2
102 24 2
102 25 2
102 27 2
102 28 2
102 29 2
102 30 2
102 31 2
102 34 2
102 35 2
102 36 2
102 37 2
102 38 2
102 39 2
102 41 2
102 42 2
102 44 2
102 45 2
102 48 2
102 49 2
102 50 2
102 51 2
102 54 2
102 56 2
102 57 2
102 58 2
102 59 2
102 60 2
102 61 2
102 64 2
102 65 2
102 66 2
102 67 2
102 70 2
102 71 2
102 73 2
102 74 2
102 75 2
102 76 2
102 77 2
102 79 2
102 80 2
102 81 2
102 82 2
102 83 2
102 84 2
102 85 2
102 86 2
102 87 2
102 88 2
102 89 2
102 90 2
102 93 2
102 94 2
102 95 2
102 96 2
102 97 2
102 100 2
102 101 2
102 102 2
103 2 2
103 5 2
103 7 2
103 8 2
103 10 2
103 15 2
103 16 2
103 17 2
103 18 2
103 19 2
103 20 2
103 21 2
103 24 2
103 26 2
103 27 2
103 28 2
103 32 2
103 35 2
103 36 2
103 37 2
103 39 2
103 41 2
103 42 2
103 45 2
103 46 2
103 47 2
103 48 2
103 49 2
103 51 2
103 54 2
103 57 2
103 58 2
103 60 2
103 62 2
103 66 2
103 67 2
103 68 2
103 70 2
103 71 2
103 73 2
103 74 2
103 75 2
103 76 2
103 77 2
103 78 2
103 79 2
103 82 2
103 83 2
103 84 2
103 85 2
103 86 2
103 89 2
103 90 2
103 92 2
103 93 2
103 94 2
103 95 2
103 96 2
103 97 2
103 98 2
103 99 2
103 100 2
104 1 2
104 7 2
104 11 2
104 13 2
104 15 2
104 16 2
104 34 2
104 36 2
104 39 2
104 40 2
104 43 2
104 45 2
104 48 2
104 50 2
104 52 2
104 54 2
104 56 2
104 58 2
104 70 2
104 77 2
104 80 2
104 83 2
104 86 2
104 89 2
104 93 2
104 96 2
104 99 2
104 104 2
105 0 2
105 2 2
105 4 2
105 6 2
105 7 2
105 9 2
105 10 2
105 11 2
105 12 2
105 13 2
105 14 2
105 17 2
105 18 2
105 21 2
105 22 2
105 23 2
105 26 2
105 28 2
105 29 2
105 30 2
105 31 2
105 32 2
105 35 2
105 36 2
105 39 2
105 40 2
105 42 2
105 44 2
105 48 2
105 49 2
105 51 2
105 52 2
105 53 2
105 54 2
105 56 2
105 57 2
105 58 2
105 59 2
105 60 2
105 61 2
105 62 2
105 63 2
105 64 2
105 65 2
105 66 2
105 67 2
105 70 2
105 72 2
105 73 2
105 75 2
105 78 2
105 79 2
105 80 2
105 81 2
105 83 2
105 89 2
105 90 2
105 91 2
105 93 2
105 94 2
105 96 2
105 97 2
105 99 2
105 100 2
105 102 2
105 103 2
105 105 2
106 0 2
106 2 2
106 3 2
106 4 2
106 5 2
106 7 2
106 8 2
106 9 2
106 12 2
106 13 2
106 14 2
106 17 2
106 20 2
106 22 2
106 23 2
106 24 2
106 25 2
106 26 2
106 27 2
106 29 2
106 31 2
106 33 2
106 35 2
106 36 2
106 37 2
106 38 2
106 39 2
106 40 2
106 44 2
106 45 2
106 47 2
106 48 2
106 49 2
106 51 2
106 53 2
106 54 2
106 56 2
106 57 2
106 59 2
106 60 2
106 61 2
106 62 2
106 63 2
106 65 2
106 67 2
106 71 2
106 73 2
106 74 2
106 76 2
106 79 2
106 82 2
106 83 2
106 84 2
106 85 2
106 86 2
106 87 2
106 88 2
106 89 2
106 91 2
106 93 2
106 96 2
106 97 2
106 98 2
106 100 2
106 101 2
106 105 2
106 106 2
107 0 2
107 2 2
107 3 2
107 4 2
107 7 2
107 8 2
107 12 2
107 13 2
107 14 2
107 15 2
107 16 2
107 17 2
107 18 2
107 19 2
107 22 2
107 23 2
107 24 2
107 25 2
107 29 2
107 30 2
107 32 2
107 35 2
107 36 2
107 38 2
107 41 2
107 46 2
107 48 2
107 51 2
107 53 2
107 54 2
107 56 2
107 58 2
107 61 2
107 62 2
107 63 2
107 64 2
107 66 2
107 67 2
107 68 2
107 70 2
107 72 2
107 73 2
107 74 2
107 77 2
107 78 2
107 79 2
107 80 2
107 82 2
107 84 2
107 85 2
107 86 2
107 87 2
107 88 2
107 91 2
107 92 2
107 94 2
107 95 2
107 96 2
107 97 2
107 99 2
107 100 2
107 102 2
107 103 2
107 105 2
107 106 2
107 107 2
108 0 2
108 3 2
108 5 2
108 6 2
108 7 2
108 8 2
108 10 2
108 13 2
108 14 2
108 17 2
108 18 2
108 19 2
108 21 2
108 23 2
108 24 2
108 25 2
108 26 2
108 27 2
108 30 2
108 31 2
108 32 2
108 35 2
108 36 2
108 37 2
108 38 2
108 39 2
108 40 2
108 41 2
108 42 2
108 43 2
108 44 2
108 45 2
108 47 2
108 48 2
108 49 2
108 53 2
108 54 2
108 56 2
108 57 2
108 58 2
108 60 2
108 61 2
108 62 2
108 63 2
108 64 2
108 65 2
108 66 2
108 67 2
108 68 2
108 70 2
108 72 2
108 75 2
108 76 2
108 77 2
108 78 2
108 79 2
108 80 2
108 82 2
108 83 2
108 84 2
108 85 2
108 86 2
108 87 2
108 88 2
108 90 2
108 91 2
108 92 2
108 93 2
108 94 2
108 95 2
108 96 2
108 97 2
108 99 2
108 100 2
108 101 2
108 102 2
108 103 2
108 105 2
109 0 2
109 4 2
109 5 2
109 8 2
109 13 2
109 14 2
109 16 2
109 18 2
109 19 2
109 20 2
109 21 2
109 22 2
109 23 2
109 25 2
109 28 2
109 29 2
109 31 2
109 32 2
109 34 2
109 35 2
109 36 2
109 37 2
109 38 2
109 41 2
109 42 2
109 44 2
109 45 2
109 47 2
109 48 2
109 49 2
109 56 2
109 58 2
109 61 2
109 62 2
109 63 2
109 66 2
109 67 2
109 69 2
109 70 2
109 71 2
109 74 2
109 75 2
109 76 2
109 78 2
109 79 2
109 81 2
109 82 2
109 84 2
109 86 2
109 88 2
109 89 2
109 91 2
109 92 2
109 97 2
109 99 2
109 100 2
109 101 2
109 102 2
109 103 2
109 104 2
109 105 2
109 106 2
109 108 2
110 0 2
110 3 2
110 4 2
110 5 2
110 7 2
110 8 2
110 10 2
110 11 2
110 12 2
110 13 2
110 14 2
110 15 2
110 18 2
110 20 2
110 21 2
110 22 2
110 24 2
110 25 2
110 26 2
110 27 2
110 29 2
110 30 2
110 32 2
110 35 2
110 36 2
110 38 2
110 39 2
110 42 2
110 44 2
110 46 2
110 47 2
110 48 2
110 49 2
110 54 2
110 59 2
110 60 2
110 61 2
110 62 2
110 64 2
110 65 2
110 66 2
110 70 2
110 71 2
110 72 2
110 73 2
110 75 2
110 76 2
110 77 2
110 79 2
110 82 2
110 84 2
110 85 2
110 86 2
110 87 2
110 88 2
110 89 2
110 90 2
110 91 2
110 92 2
110 93 2
110 94 2
110 95 2
110 100 2
110 101 2
110 102 2
110 103 2
110 106 2
111 1 2
111 3 2
111 4 2
111 7 2
111 8 2
111 9 2
111 10 2
111 13 2
111 14 2
111 16 2
111 18 2
111 19 2
111 21 2
111 22 2
111 23 2
111 24 2
111 25 2
111 27 2
111 28 2
111 30 2
111 31 2
111 34 2
111 35 2
111 36 2
111 38 2
111 39 2
111 41 2
111 44 2
111 45 2
111 47 2
111 51 2
111 53 2
111 56 2
111 57 2
111 58 2
111 59 2
111 61 2
111 62 2
111 64 2
111 65 2
111 66 2
111 67 2
111 68 2
111 70 2
111 71 2
111 72 2
111 73 2
111 75 2
111 76 2
111 77 2
111 78 2
111 79 2
111 80 2
111 83 2
111 84 2
111 87 2
111 88 2
111 89 2
111 90 2
111 91 2
111 93 2
111 96 2
111 97 2
111 98 2
111 99 2
111 100 2
111 102 2
111 103 2
111 105 2
111 106 2
111 108 2
111 109 2
111 110 2
112 1 2
112 2 2
112 11 2
112 12 2
112 16 2
112 20 2
112 25 2
112 26 2
112 33 2
112 41 2
112 42 2
112 46 2
112 47 2
112 49 2
112 50 2
112 52 2
112 53 2
112 55 2
112 65 2
112 67 2
112 69 2
112 72 2
112 74 2
112 79 2
112 81 2
112 83 2
112 91 2
112 94 2
112 98 2
112 102 2
112 104 2
112 111 2
112 112 2
113 2 2
113 4 2
113 5 2
113 7 2
113 9 2
113 10 2
113 12 2
113 13 2
113 14 2
113 15 2
113 16 2
113 18 2
113 19 2
113 20 2
113 21 2
113 22 2
113 23 2
113 24 2
113 25 2
113 26 2
113 28 2
113 29 2
113 31 2
113 32 2
113 35 2
113 36 2
113 37 2
113 40 2
113 42 2
113 45 2
113 46 2
113 48 2
113 49 2
113 51 2
113 53 2
113 55 2
113 56 2
113 58 2
113 59 2
113 61 2
113 62 2
113 64 2
113 65 2
113 66 2
113 67 2
113 68 2
113 70 2
113 72 2
113 73 2
113 74 2
113 75 2
113 76 2
113 77 2
113 78 2
113 80 2
113 81 2
113 83 2
113 85 2
113 87 2
113 88 2
113 89 2
113 90 2
113 91 2
113 92 2
113 93 2
113 94 2
113 95 2
113 96 2
113 97 2
113 98 2
113 103 2
113 104 2
113 106 2
113 107 2
113 108 2
113 110 2
113 111 2
113 113 2
114 0 2
114 2 2
114 3 2
114 4 2
114 6 2
114 9 2
114 10 2
114 12 2
114 13 2
114 14 2
114 15 2
114 16 2
114 17 2
114 18 2
114 19 2
114 20 2
114 21 2
114 22 2
114 23 2
114 26 2
114 27 2
114 29 2
114 32 2
114 35 2
114 36 2
114 37 2
114 38 2
114 39 2
114 40 2
114 41 2
114 42 2
114 43 2
114 46 2
114 50 2
114 51 2
114 53 2
114 54 2
114 56 2
114 57 2
114 59 2
114 60 2
114 61 2
114 63 2
114 64 2
114 65 2
114 66 2
114 70 2
114 73 2
114 75 2
114 76 2
114 77 2
114 78 2
114 79 2
114 80 2
114 81 2
114 82 2
114 83 2
114 85 2
114 90 2
114 91 2
114 92 2
114 94 2
114 96 2
114 97 2
114 101 2
114 102 2
114 105 2
114 106 2
114 107 2
114 108 2
114 109 2
114 111 2
114 113 2
115 0 2
115 1 2
115 2 2
115 3 2
115 5 2
115 6 2
115 7 2
115 8 2
115 9 2
115 11 2
115 12 2
115 13 2
115 14 2
115 15 2
115 16 2
115 18 2
115 19 2
115 20 2
115 21 2
115 22 2
115 24 2
115 25 2
115 26 2
115 30 2
115 31 2
115 35 2
115 36 2
115 37 2
115 38 2
115 39 2
115 40 2
115 41 2
115 44 2
115 45 2
115 46 2
115 48 2
115 49 2
115 51 2
115 53 2
115 56 2
115 57 2
115 61 2
115 63 2
115 64 2
115 65 2
115 70 2
115 71 2
115 72 2
115 73 2
115 75 2
115 76 2
115 77 2
115 84 2
115 85 2
115 87 2
115 89 2
115 90 2
115 91 2
115 92 2
115 93 2
115 94 2
115 95 2
115 96 2
115 97 2
115 98 2
115 100 2
115 102 2
115 103 2
115 105 2
115 106 2
115 107 2
115 109 2
115 110 2
115 111 2
115 114 2
116 0 2
116 1 2
116 2 2
116 4 2
116 6 2
116 7 2
116 8 2
116 9 2
116 15 2
116 16 2
116 18 2
116 19 2
116 22 2
116 23 2
116 25 2
116 26 2
116 27 2
116 28 2
116 29 2
116 30 2
116 31 2
116 34 2
116 35 2
116 37 2
116 39 2
116 40 2
116 41 2
116 42 2
116 44 2
116 47 2
116 48 2
116 49 2
116 53 2
116 54 2
116 56 2
116 57 2
116 59 2
116 61 2
116 62 2
116 63 2
116 70 2
116 71 2
116 72 2
116 73 2
116 75 2
116 76 2
116 79 2
116 80 2
116 83 2
116 84 2
116 85 2
116 86 2
116 87 2
116 88 2
116 89 2
116 90 2
116 91 2
116 92 2
116 93 2
116 95 2
116 96 2
116 98 2
116 99 2
116 100 2
116 101 2
116 103 2
116 105 2
116 106 2
116 110 2
116 113 2
116 115 2
116 116 2
117 0 2
117 2 2
117 3 2
117 4 2
117 6 2
117 7 2
117 8 2
117 9 2
117 10 2
117 14 2
117 16 2
117 17 2
117 18 2
117 19 2
117 20 2
117 21 2
117 22 2
117 23 2
117 25 2
117 27 2
117 28 2
117 29 2
117 30 2
117 31 2
117 32 2
117 38 2
117 39 2
117 42 2
117 45 2
117 46 2
117 51 2
117 53 2
117 54 2
117 55 2
117 56 2
117 57 2
117 59 2
117 61 2
117 62 2
117 63 2
117 65 2
117 66 2
117 67 2
117 68 2
117 70 2
117 71 2
117 72 2
117 73 2
117 74 2
117 76 2
117 77 2
117 78 2
117 79 2
117 80 2
117 82 2
117 83 2
117 84 2
117 85 2
117 86 2
117 89 2
117 91 2
117 92 2
117 93 2
117 94 2
117 96 2
117 98 2
117 99 2
117 100 2
117 101 2
117 102 2
117 105 2
117 106 2
117 108 2
117 109 2
117 110 2
117 111 2
117 114 2
117 115 2
117 116 2
117 117 2
118 0 2
118 2 2
118 4 2
118 5 2
118 6 2
118 7 2
118 8 2
118 9 2
118 13 2
118 14 2
118 15 2
118 16 2
118 17 2
118 18 2
118 20 2
118 21 2
118 22 2
118 23 2
118 24 2
118 25 2
118 26 2
118 27 2
118 28 2
118 29 2
118 30 2
118 31 2
118 32 2
118 33 2
118 34 2
118 35 2
118 36 2
118 37 2
118 40 2
118 41 2
118 44 2
118 45 2
118 47 2
118 49 2
118 51 2
118 53 2
118 56 2
118 59 2
118 60 2
118 62 2
118 63 2
118 65 2
118 66 2
118 67 2
118 69 2
118 70 2
118 71 2
118 74 2
118 76 2
118 77 2
118 78 2
118 79 2
118 80 2
118 81 2
118 82 2
118 83 2
118 85 2
118 87 2
118 88 2
118 89 2
118 90 2
118 91 2
118 92 2
118 93 2
118 95 2
118 97 2
118 98 2
118 99 2
118 100 2
118 102 2
118 103 2
118 105 2
118 107 2
118 112 2
118 113 2
118 115 2
118 116 2
118 117 2
118 118 2
119 0 2
119 2 2
119 3 2
119 5 2
119 7 2
119 9 2
119 10 2
119 12 2
119 13 2
119 16 2
119 17 2
119 18 2
119 19 2
119 20 2
119 21 2
119 22 2
119 23 2
119 24 2
119 25 2
119 28 2
119 29 2
119 30 2
119 31 2
119 35 2
119 36 2
119 38 2
119 39 2
119 40 2
119 41 2
119 42 2
119 45 2
119 46 2
119 48 2
119 49 2
119 51 2
119 52 2
119 56 2
119 57 2
119 60 2
119 61 2
119 62 2
119 63 2
119 64 2
119 65 2
119 66 2
119 68 2
119 70 2
119 71 2
119 72 2
119 73 2
119 76 2
119 77 2
119 78 2
119 79 2
119 80 2
119 81 2
119 82 2
119 83 2
119 84 2
119 85 2
119 86 2
119 87 2
119 88 2
119 89 2
119 91 2
119 94 2
119 95 2
119 96 2
119 97 2
119 98 2
119 99 2
119 100 2
119 101 2
119 102 2
119 103 2
119 105 2
119 106 2
119 107 2
119 108 2
119 109 2
119 110 2
119 111 2
119 115 2
119 116 2
119 117 2
119 119 2
120 0 2
120 2 2
120 3 2
120 4 2
120 5 2
120 6 2
120 7 2
120 8 2
120 10 2
120 11 2
120 12 2
120 13 2
120 14 2
120 15 2
120 16 2
120 18 2
120 21 2
120 24 2
120 26 2
120 27 2
120 28 2
120 29 2
120 30 2
120 31 2
120 32 2
120 35 2
120 36 2
120 37 2
120 38 2
120 39 2
120 42 2
120 45 2
120 46 2
120 47 2
120 48 2
120 49 2
120 51 2
120 52 2
120 53 2
120 54 2
120 56 2
120 57 2
120 58 2
120 59 2
120 60 2
120 61 2
120 65 2
120 66 2
120 67 2
120 68 2
120 71 2
120 72 2
120 73 2
120 75 2
120 76 2
120 77 2
120 78 2
120 81 2
120 83 2
120 84 2
120 85 2
120 86 2
120 88 2
120 89 2
120 90 2
120 91 2
120 93 2
120 94 2
120 95 2
120 96 2
120 97 2
120 98 2
120 100 2
120 102 2
120 103 2
120 105 2
120 108 2
120 109 2
120 110 2
120 111 2
120 112 2
120 113 2
120 114 2
120 115 2
120 116 2
120 117 2
120 118 2
120 119 2
120 120 2
121 0 2
121 2 2
121 4 2
121 5 2
121 6 2
121 7 2
121 12 2
121 13 2
121 15 2
121 17 2
121 18 2
121 19 2
121 20 2
121 21 2
121 22 2
121 23 2
121 24 2
121 26 2
121 28 2
121 29 2
121 30 2
121 32 2
121 35 2
121 36 2
121 37 2
121 38 2
121 39 2
121 40 2
121 41 2
121 42 2
121 43 2
121 44 2
121 45 2
121 46 2
121 47 2
121 48 2
121 49 2
121 51 2
121 53 2
121 54 2
121 57 2
121 59 2
121 60 2
121 61 2
121 62 2
121 63 2
121 64 2
121 65 2
121 67 2
121 68 2
121 69 2
121 70 2
121 74 2
121 76 2
121 77 2
121 78 2
121 80 2
121 81 2
121 82 2
121 83 2
121 84 2
121 85 2
121 86 2
121 87 2
121 88 2
121 89 2
121 90 2
121 91 2
121 92 2
121 93 2
121 94 2
121 95 2
121 96 2
121 97 2
121 98 2
121 100 2
121 101 2
121 102 2
121 103 2
121 104 2
121 105 2
121 107 2
121 108 2
121 109 2
121 110 2
121 112 2
121 113 2
121 114 2
121 115 2
121 116 2
121 117 2
121 118 2
121 119 2
121 120 2
122 0 2
122 2 2
122 3 2
122 4 2
122 5 2
122 6 2
122 7 2
122 8 2
122 9 2
122 13 2
122 14 2
122 15 2
122 16 2
122 17 2
122 18 2
122 20 2
122 23 2
122 24 2
122 26 2
122 27 2
122 28 2
122 29 2
122 30 2
122 31 2
122 32 2
122 35 2
122 37 2
122 39 2
122 40 2
122 41 2
122 44 2
122 47 2
122 48 2
122 49 2
122 51 2
122 54 2
122 56 2
122 58 2
122 59 2
122 61 2
122 62 2
122 63 2
122 64 2
122 65 2
122 66 2
122 67 2
122 68 2
122 71 2
122 72 2
122 73 2
122 74 2
122 75 2
122 77 2
122 78 2
122 79 2
122 80 2
122 81 2
122 82 2
122 83 2
122 84 2
122 85 2
122 86 2
122 88 2
122 89 2
122 90 2
122 92 2
122 94 2
122 95 2
122 97 2
122 98 2
122 100 2
122 101 2
122 102 2
122 105 2
122 106 2
122 107 2
122 108 2
122 109 2
122 110 2
122 111 2
122 114 2
122 115 2
122 117 2
122 119 2
122 120 2
122 121 2
122 122 2
123 0 2
123 2 2
123 7 2
123 8 2
123 12 2
123 13 2
123 14 2
123 16 2
123 17 2
123 20 2
123 22 2
123 23 2
123 24 2
123 25 2
123 28 2
123 29 2
123 31 2
123 32 2
123 36 2
123 37 2
123 41 2
123 44 2
123 46 2
123 49 2
123 51 2
123 53 2
123 54 2
123 57 2
123 58 2
123 60 2
123 61 2
123 62 2
123 63 2
123 64 2
123 66 2
123 67 2
123 68 2
123 70 2
123 71 2
123 72 2
123 73 2
123 75 2
123 77 2
123 79 2
123 84 2
123 85 2
123 86 2
123 87 2
123 89 2
123 90 2
123 92 2
123 93 2
123 94 2
123 95 2
123 96 2
123 97 2
123 98 2
123 99 2
123 100 2
123 101 2
123 102 2
123 103 2
123 105 2
123 106 2
123 107 2
123 108 2
123 109 2
123 110 2
123 112 2
123 113 2
123 114 2
123 115 2
123 116 2
123 117 2
123 118 2
123 119 2
123 120 2
123 121 2
123 122 2
124 0 2
124 2 2
124 5 2
124 6 2
124 7 2
124 8 2
124 9 2
124 10 2
124 13 2
124 14 2
124 15 2
124 18 2
124 19 2
124 20 2
124 21 2
124 22 2
124 23 2
124 25 2
124 26 2
124 27 2
124 28 2
124 32 2
124 33 2
124 35 2
124 36 2
124 38 2
124 39 2
124 40 2
124 44 2
124 45 2
124 46 2
124 47 2
124 48 2
124 51 2
124 53 2
124 54 2
124 55 2
124 56 2
124 57 2
124 58 2
124 59 2
124 60 2
124 62 2
124 64 2
124 65 2
124 66 2
124 68 2
124 69 2
124 71 2
124 72 2
124 73 2
124 74 2
124 75 2
124 76 2
124 77 2
124 79 2
124 80 2
124 83 2
124 84 2
124 85 2
124 86 2
124 88 2
124 89 2
124 90 2
124 91 2
124 93 2
124 94 2
124 96 2
124 98 2
124 99 2
124 100 2
124 102 2
124 104 2
124 105 2
124 108 2
124 109 2
124 110 2
124 111 2
124 113 2
124 114 2
124 115 2
124 116 2
124 117 2
124 118 2
124 121 2
124 123 2
124 124 2
125 0 2
125 5 2
125 6 2
125 8 2
125 10 2
125 11 2
125 12 2
125 13 2
125 14 2
125 19 2
125 20 2
125 21 2
125 23 2
125 24 2
125 25 2
125 26 2
125 28 2
125 29 2
125 31 2
125 32 2
125 36 2
125 37 2
125 42 2
125 44 2
125 45 2
125 46 2
125 48 2
125 51 2
125 53 2
125 56 2
125 57 2
125 58 2
125 59 2
125 62 2
125 64 2
125 66 2
125 67 2
125 68 2
125 70 2
125 71 2
125 72 2
125 74 2
125 75 2
125 76 2
125 78 2
125 79 2
125 80 2
125 81 2
125 83 2
125 85 2
125 87 2
125 88 2
125 90 2
125 93 2
125 94 2
125 95 2
125 97 2
125 98 2
125 99 2
125 100 2
125 102 2
125 104 2
125 109 2
125 111 2
125 113 2
125 115 2
125 116 2
125 118 2
125 119 2
125 120 2
125 121 2
125 122 2
125 123 2
125 124 2
125 125 2
126 2 2
126 3 2
126 6 2
126 7 2
126 8 2
126 9 2
126 10 2
126 11 2
126 12 2
126 13 2
126 14 2
126 15 2
126 17 2
126 19 2
126 20 2
126 22 2
126 25 2
126 27 2
126 28 2
126 29 2
126 30 2
126 31 2
126 32 2
126 34 2
126 35 2
126 36 2
126 37 2
126 38 2
126 40 2
126 41 2
126 42 2
126 44 2
126 46 2
126 49 2
126 53 2
126 54 2
126 56 2
126 58 2
126 60 2
126 61 2
126 62 2
126 63 2
126 64 2
126 65 2
126 66 2
126 67 2
126 68 2
126 70 2
126 72 2
126 73 2
126 75 2
126 76 2
126 78 2
126 79 2
126 80 2
126 81 2
126 83 2
126 84 2
126 88 2
126 90 2
126 93 2
126 94 2
126 96 2
126 97 2
126 98 2
126 99 2
126 100 2
126 101 2
126 103 2
126 104 2
126 106 2
126 109 2
126 110 2
126 111 2
126 113 2
126 116 2
126 117 2
126 118 2
126 119 2
126 121 2
126 122 2
126 123 2
126 124 2
126 125 2
126 126 2
127 2 2
127 3 2
127 4 2
127 5 2
127 6 2
127 7 2
127 8 2
127 9 2
127 10 2
127 12 2
127 14 2
127 16 2
127 17 2
127 19 2
127 20 2
127 21 2
127 22 2
127 23 2
127 24 2
127 25 2
127 27 2
127 30 2
127 31 2
127 32 2
127 33 2
127 35 2
127 36 2
127 37 2
127 39 2
127 40 2
127 41 2
127 42 2
127 44 2
127 47 2
127 48 2
127 49 2
127 51 2
127 53 2
127 54 2
127 55 2
127 56 2
127 57 2
127 58 2
127 60 2
127 61 2
127 62 2
127 64 2
127 66 2
127 67 2
127 68 2
127 73 2
127 75 2
127 76 2
127 77 2
127 78 2
127 79 2
127 80 2
127 81 2
127 82 2
127 83 2
127 84 2
127 85 2
127 87 2
127 89 2
127 91 2
127 93 2
127 94 2
127 95 2
127 97 2
127 98 2
127 99 2
127 100 2
127 101 2
127 102 2
127 104 2
127 106 2
127 107 2
127 108 2
127 109 2
127 111 2
127 113 2
127 114 2
127 115 2
127 117 2
127 118 2
127 119 2
127 120 2
127 121 2
127 122 2
127 123 2
127 125 2
127 126 2
127 127 2
128 1 2
128 2 2
128 5 2
128 7 2
128 8 2
128 9 2
128 12 2
128 13 2
128 15 2
128 16 2
128 18 2
128 20 2
128 21 2
128 24 2
128 29 2
128 30 2
128 31 2
128 32 2
128 34 2
128 35 2
128 36 2
128 38 2
128 39 2
128 41 2
128 42 2
128 44 2
128 45 2
128 47 2
128 48 2
128 51 2
128 52 2
128 54 2
128 58 2
128 59 2
128 60 2
128 63 2
128 64 2
128 65 2
128 66 2
128 67 2
128 68 2
128 72 2
128 73 2
128 74 2
128 75 2
128 77 2
128 78 2
128 79 2
128 80 2
128 81 2
128 84 2
128 85 2
128 86 2
128 87 2
128 89 2
128 90 2
128 94 2
128 95 2
128 98 2
128 101 2
128 102 2
128 103 2
128 105 2
128 106 2
128 107 2
128 113 2
128 114 2
128 116 2
128 117 2
128 118 2
128 119 2
128 120 2
128 121 2
128 123 2
128 124 2
128 125 2
128 127 2
128 128 2
129 0 2
129 4 2
129 6 2
129 7 2
129 8 2
129 9 2
129 10 2
129 11 2
129 12 2
129 13 2
129 14 2
129 15 2
129 17 2
129 18 2
129 19 2
129 20 2
129 21 2
129 23 2
129 24 2
129 25 2
129 26 2
129 27 2
129 29 2
129 30 2
129 36 2
129 37 2
129 38 2
129 39 2
129 40 2
129 42 2
129 44 2
129 45 2
129 46 2
129 49 2
129 53 2
129 54 2
129 56 2
129 58 2
129 60 2
129 61 2
129 62 2
129 65 2
129 67 2
129 68 2
129 71 2
129 72 2
129 75 2
129 77 2
129 78 2
129 79 2
129 80 2
129 81 2
129 85 2
129 86 2
129 87 2
129 88 2
129 89 2
129 90 2
129 93 2
129 94 2
129 96 2
129 97 2
129 98 2
129 99 2
129 100 2
129 101 2
129 102 2
129 103 2
129 106 2
129 107 2
129 108 2
129 109 2
129 110 2
129 111 2
129 116 2
129 118 2
129 119 2
129 122 2
129 123 2
129 125 2
129 129 2
130 0 2
130 3 2
130 4 2
130 5 2
130 7 2
130 8 2
130 10 2
130 12 2
130 14 2
130 15 2
130 16 2
130 17 2
130 19 2
130 20 2
130 21 2
130 22 2
130 24 2
130 25 2
130 26 2
130 27 2
130 28 2
130 29 2
130 30 2
130 31 2
130 32 2
130 35 2
130 36 2
130 38 2
130 39 2
130 40 2
130 41 2
130 44 2
130 46 2
130 47 2
130 48 2
130 49 2
130 52 2
130 53 2
130 57 2
130 58 2
130 59 2
130 60 2
130 61 2
130 62 2
130 63 2
130 64 2
130 65 2
130 66 2
130 67 2
130 68 2
130 71 2
130 72 2
130 73 2
130 74 2
130 75 2
130 77 2
130 78 2
130 79 2
130 80 2
130 82 2
130 84 2
130 85 2
130 86 2
130 88 2
130 90 2
130 91 2
130 92 2
130 93 2
130 94 2
130 95 2
130 96 2
130 98 2
130 99 2
130 100 2
130 101 2
130 103 2
130 106 2
130 108 2
130 111 2
130 113 2
130 114 2
130 116 2
130 119 2
130 121 2
130 123 2
130 124 2
130 125 2
130 126 2
130 128 2
130 130 2
131 0 2
131 2 2
131 3 2
131 4 2
131 5 2
131 6 2
131 7 2
131 8 2
131 9 2
131 10 2
131 12 2
131 13 2
131 14 2
131 15 2
131 16 2
131 20 2
131 21 2
131 23 2
131 24 2
131 25 2
131 26 2
131 27 2
131 30 2
131 31 2
131 32 2
131 35 2
131 38 2
131 39 2
131 40 2
131 41 2
131 44 2
131 45 2
131 47 2
131 48 2
131 49 2
131 51 2
131 53 2
131 56 2
131 57 2
131 58 2
131 59 2
131 60 2
131 61 2
131 64 2
131 65 2
131 66 2
131 68 2
131 69 2
131 70 2
131 72 2
131 74 2
131 75 2
131 77 2
131 78 2
131 79 2
131 81 2
131 82 2
131 83 2
131 84 2
131 85 2
131 87 2
131 88 2
131 89 2
131 90 2
131 91 2
131 92 2
131 93 2
131 94 2
131 97 2
131 98 2
131 99 2
131 100 2
131 101 2
131 102 2
131 103 2
131 105 2
131 106 2
131 107 2
131 108 2
131 109 2
131 110 2
131 114 2
131 115 2
131 117 2
131 118 2
131 120 2
131 122 2
131 123 2
131 124 2
131 125 2
131 126 2
131 129 2
131 131 2
132 2 2
132 3 2
132 4 2
132 5 2
132 6 2
132 7 2
132 8 2
132 10 2
132 12 2
132 13 2
132 15 2
132 16 2
132 17 2
132 18 2
132 19 2
132 21 2
132 23 2
132 25 2
132 26 2
132 27 2
132 28 2
132 29 2
132 30 2
132 35 2
132 36 2
132 39 2
132 41 2
132 42 2
132 44 2
132 45 2
132 47 2
132 49 2
132 53 2
132 54 2
132 57 2
132 58 2
132 59 2
132 60 2
132 61 2
132 62 2
132 63 2
132 64 2
132 65 2
132 66 2
132 67 2
132 68 2
132 70 2
132 71 2
132 73 2
132 75 2
132 76 2
132 77 2
132 78 2
132 79 2
132 81 2
132 82 2
132 83 2
132 85 2
132 86 2
132 87 2
132 89 2
132 90 2
132 92 2
132 95 2
132 96 2
132 99 2
132 100 2
132 101 2
132 106 2
132 107 2
132 109 2
132 110 2
132 111 2
132 112 2
132 114 2
132 116 2
132 118 2
132 120 2
132 121 2
132 122 2
132 123 2
132 124 2
132 125 2
132 126 2
132 128 2
132 129 2
132 130 2
132 131 2
133 0 2
133 3 2
133 4 2
133 6 2
133 7 2
133 8 2
133 10 2
133 16 2
133 18 2
133 23 2
133 24 2
133 26 2
133 27 2
133 28 2
133 29 2
133 31 2
133 32 2
133 36 2
133 37 2
133 38 2
133 39 2
133 44 2
133 45 2
133 46 2
133 48 2
133 49 2
133 51 2
133 53 2
133 54 2
133 56 2
133 57 2
133 59 2
133 60 2
133 61 2
133 63 2
133 65 2
133 66 2
133 67 2
133 68 2
133 74 2
133 75 2
133 76 2
133 77 2
133 79 2
133 80 2
133 81 2
133 82 2
133 83 2
133 84 2
133 90 2
133 91 2
133 92 2
133 93 2
133 94 2
133 95 2
133 96 2
133 98 2
133 101 2
133 102 2
133 103 2
133 105 2
133 106 2
133 107 2
133 109 2
133 111 2
133 113 2
133 114 2
133 115 2
133 116 2
133 117 2
133 118 2
133 119 2
133 120 2
133 121 2
133 123 2
133 124 2
133 125 2
133 126 2
133 127 2
133 128 2
133 129 2
133 130 2
133 131 2
133 132 2
133 133 2
134 0 2
134 1 2
134 9 2
134 11 2
134 15 2
134 25 2
134 34 2
134 41 2
134 42 2
134 43 2
134 45 2
134 50 2
134 52 2
134 55 2
134 64 2
134 69 2
134 72 2
134 73 2
134 75 2
134 79 2
134 84 2
134 97 2
134 99 2
134 102 2
134 103 2
134 104 2
134 110 2
134 112 2
134 114 2
134 120 2
134 127 2
135 0 2
135 2 2
135 3 2
135 4 2
135 6 2
135 7 2
135 8 2
135 9 2
135 10 2
135 13 2
135 14 2
135 16 2
135 18 2
135 20 2
135 22 2
135 23 2
135 24 2
135 25 2
135 26 2
135 30 2
135 31 2
135 35 2
135 38 2
135 39 2
135 40 2
135 42 2
135 43 2
135 45 2
135 47 2
135 49 2
135 50 2
135 51 2
135 53 2
135 54 2
135 56 2
135 60 2
135 63 2
135 65 2
135 66 2
135 70 2
135 71 2
135 72 2
135 73 2
135 74 2
135 75 2
135 76 2
135 77 2
135 78 2
135 80 2
135 83 2
135 84 2
135 87 2
135 89 2
135 90 2
135 91 2
135 92 2
135 94 2
135 96 2
135 98 2
135 99 2
135 101 2
135 102 2
135 103 2
135 105 2
135 107 2
135 108 2
135 110 2
135 113 2
135 114 2
135 115 2
135 116 2
135 117 2
135 119 2
135 120 2
135 123 2
135 124 2
135 125 2
135 127 2
135 130 2
135 132 2
136 2 2
136 3 2
136 5 2
136 6 2
136 7 2
136 8 2
136 9 2
136 13 2
136 15 2
136 17 2
136 18 2
136 20 2
136 21 2
136 23 2
136 25 2
136 26 2
136 27 2
136 29 2
136 30 2
136 31 2
136 32 2
136 35 2
136 36 2
136 37 2
136 38 2
136 41 2
136 42 2
136 44 2
136 46 2
136 47 2
136 48 2
136 49 2
136 51 2
136 54 2
136 58 2
136 59 2
136 60 2
136 62 2
136 63 2
136 64 2
136 66 2
136 67 2
136 68 2
136 69 2
136 72 2
136 73 2
136 74 2
136 75 2
136 76 2
136 77 2
136 78 2
136 79 2
136 80 2
136 82 2
136 83 2
136 86 2
136 87 2
136 88 2
136 90 2
136 92 2
136 93 2
136 95 2
136 96 2
136 98 2
136 102 2
136 103 2
136 105 2
136 106 2
136 107 2
136 109 2
136 111 2
136 113 2
136 114 2
136 115 2
136 116 2
136 117 2
136 118 2
136 119 2
136 121 2
136 122 2
136 123 2
136 124 2
136 125 2
136 127 2
136 128 2
136 130 2
136 131 2
136 132 2
137 0 2
137 2 2
137 5 2
137 7 2
137 8 2
137 9 2
137 10 2
137 12 2
137 13 2
137 14 2
137 16 2
137 18 2
137 19 2
137 20 2
137 22 2
137 23 2
137 24 2
137 25 2
137 26 2
137 27 2
137 28 2
137 29 2
137 30 2
137 31 2
137 32 2
137 34 2
137 35 2
137 36 2
137 37 2
137 38 2
137 39 2
137 40 2
137 41 2
137 42 2
137 44 2
137 49 2
137 53 2
137 56 2
137 57 2
137 59 2
137 62 2
137 64 2
137 65 2
137 67 2
137 70 2
137 72 2
137 73 2
137 74 2
137 75 2
137 76 2
137 77 2
137 78 2
137 79 2
137 80 2
137 81 2
137 82 2
137 84 2
137 85 2
137 86 2
137 88 2
137 91 2
137 94 2
137 95 2
137 97 2
137 98 2
137 100 2
137 101 2
137 102 2
137 103 2
137 107 2
137 108 2
137 109 2
137 111 2
137 112 2
137 113 2
137 116 2
137 117 2
137 118 2
137 119 2
137 120 2
137 121 2
137 122 2
137 124 2
137 126 2
137 127 2
137 128 2
137 129 2
137 130 2
137 131 2
137 132 2
137 134 2
137 136 2
138 2 2
138 3 2
138 5 2
138 6 2
138 8 2
138 9 2
138 12 2
138 13 2
138 14 2
138 15 2
138 16 2
138 19 2
138 23 2
138 25 2
138 26 2
138 27 2
138 28 2
138 29 2
138 31 2
138 33 2
138 34 2
138 36 2
138 37 2
138 41 2
138 42 2
138 43 2
138 46 2
138 48 2
138 52 2
138 53 2
138 54 2
138 56 2
138 57 2
138 61 2
138 62 2
138 65 2
138 66 2
138 68 2
138 69 2
138 72 2
138 73 2
138 74 2
138 76 2
138 77 2
138 78 2
138 79 2
138 81 2
138 82 2
138 83 2
138 84 2
138 86 2
138 88 2
138 89 2
138 90 2
138 91 2
138 93 2
138 95 2
138 96 2
138 97 2
138 98 2
138 99 2
138 100 2
138 101 2
138 102 2
138 106 2
138 108 2
138 109 2
138 110 2
138 111 2
138 112 2
138 113 2
138 115 2
138 116 2
138 118 2
138 119 2
138 120 2
138 121 2
138 123 2
138 124 2
138 127 2
138 128 2
138 129 2
138 132 2
138 133 2
138 136 2
138 137 2
138 138 2
139 1 2
139 5 2
139 9 2
139 11 2
139 13 2
139 14 2
139 15 2
139 17 2
139 24 2
139 28 2
139 29 2
139 33 2
139 34 2
139 37 2
139 40 2
139 43 2
139 50 2
139 51 2
139 52 2
139 54 2
139 55 2
139 58 2
139 62 2
139 65 2
139 69 2
139 91 2
139 95 2
139 102 2
139 104 2
139 112 2
139 117 2
139 119 2
139 136 2
139 139 2
140 0 2
140 1 2
140 5 2
140 11 2
140 17 2
140 25 2
140 32 2
140 33 2
140 34 2
140 41 2
140 43 2
140 45 2
140 48 2
140 52 2
140 53 2
140 55 2
140 70 2
140 79 2
140 81 2
140 85 2
140 92 2
140 101 2
140 103 2
140 112 2
140 127 2
140 136 2
140 139 2
140 140 2
141 0 2
141 2 2
141 4 2
141 5 2
141 6 2
141 8 2
141 9 2
141 10 2
141 13 2
141 14 2
141 15 2
141 16 2
141 17 2
141 19 2
141 20 2
141 21 2
141 22 2
141 23 2
141 24 2
141 25 2
141 26 2
141 28 2
141 30 2
141 31 2
141 32 2
141 34 2
141 36 2
141 38 2
141 41 2
141 42 2
141 44 2
141 45 2
141 46 2
141 48 2
141 51 2
141 52 2
141 53 2
141 54 2
141 56 2
141 57 2
141 58 2
141 60 2
141 61 2
141 62 2
141 63 2
141 64 2
141 69 2
141 70 2
141 71 2
141 72 2
141 73 2
141 76 2
141 77 2
141 81 2
141 84 2
141 85 2
141 86 2
141 87 2
141 90 2
141 91 2
141 94 2
141 95 2
141 100 2
141 103 2
141 105 2
141 107 2
141 108 2
141 109 2
141 110 2
141 111 2
141 113 2
141 114 2
141 115 2
141 117 2
141 119 2
141 120 2
141 122 2
141 124 2
141 126 2
141 127 2
141 128 2
141 129 2
141 130 2
141 132 2
141 133 2
141 136 2
141 141 2
142 0 2
142 3 2
142 6 2
142 7 2
142 13 2
142 15 2
142 16 2
142 18 2
142 19 2
142 20 2
142 21 2
142 23 2
142 24 2
142 25 2
142 26 2
142 27 2
142 28 2
142 30 2
142 31 2
142 32 2
142 35 2
142 36 2
142 37 2
142 38 2
142 39 2
142 40 2
142 41 2
142 43 2
142 45 2
142 46 2
142 47 2
142 48 2
142 49 2
142 53 2
142 54 2
142 57 2
142 59 2
142 60 2
142 62 2
142 64 2
142 65 2
142 66 2
142 68 2
142 71 2
142 72 2
142 75 2
142 76 2
142 77 2
142 78 2
142 81 2
142 83 2
142 84 2
142 86 2
142 87 2
142 88 2
142 89 2
142 90 2
142 91 2
142 92 2
142 96 2
142 97 2
142 102 2
142 103 2
142 105 2
142 107 2
142 109 2
142 114 2
142 115 2
142 118 2
142 119 2
142 120 2
142 121 2
142 122 2
142 123 2
142 124 2
142 125 2
142 128 2
142 131 2
142 132 2
142 133 2
142 135 2
142 136 2
142 138 2
142 139 2
142 141 2
143 0 2
143 4 2
143 5 2
143 6 2
143 8 2
143 10 2
143 12 2
143 13 2
143 15 2
143 17 2
143 19 2
143 20 2
143 21 2
143 23 2
143 24 2
143 25 2
143 26 2
143 27 2
143 28 2
143 31 2
143 35 2
143 38 2
143 40 2
143 41 2
143 44 2
143 45 2
143 47 2
143 49 2
143 52 2
143 53 2
143 54 2
143 59 2
143 63 2
143 64 2
143 65 2
143 67 2
143 70 2
143 71 2
143 72 2
143 73 2
143 74 2
143 76 2
143 77 2
143 79 2
143 82 2
143 83 2
143 85 2
143 87 2
143 88 2
143 89 2
143 90 2
143 91 2
143 93 2
143 94 2
143 95 2
143 96 2
143 97 2
143 98 2
143 99 2
143 100 2
143 102 2
143 105 2
143 107 2
143 108 2
143 109 2
143 110 2
143 113 2
143 114 2
143 116 2
143 117 2
143 119 2
143 120 2
143 121 2
143 122 2
143 123 2
143 125 2
143 126 2
143 128 2
143 130 2
143 131 2
143 133 2
143 135 2
143 136 2
143 137 2
143 138 2
143 139 2
143 141 2
143 142 2
144 0 2
144 2 2
144 4 2
144 5 2
144 6 2
144 7 2
144 8 2
144 9 2
144 10 2
144 12 2
144 14 2
144 15 2
144 16 2
144 17 2
144 18 2
144 19 2
144 20 2
144 21 2
144 22 2
144 23 2
144 24 2
144 25 2
144 26 2
144 27 2
144 28 2
144 30 2
144 31 2
144 32 2
144 33 2
144 35 2
144 36 2
144 37 2
144 38 2
144 40 2
144 41 2
144 42 2
144 44 2
144 45 2
144 46 2
144 48 2
144 49 2
144 51 2
144 52 2
144 53 2
144 56 2
144 57 2
144 58 2
144 60 2
144 61 2
144 62 2
144 64 2
144 65 2
144 66 2
144 70 2
144 72 2
144 76 2
144 77 2
144 78 2
144 79 2
144 80 2
144 81 2
144 82 2
144 83 2
144 84 2
144 85 2
144 87 2
144 89 2
144 90 2
144 91 2
144 92 2
144 93 2
144 95 2
144 97 2
144 98 2
144 99 2
144 100 2
144 101 2
144 102 2
144 103 2
144 105 2
144 107 2
144 108 2
144 109 2
144 110 2
144 111 2
144 112 2
144 113 2
144 115 2
144 117 2
144 119 2
144 120 2
144 122 2
144 123 2
144 124 2
144 126 2
144 127 2
144 129 2
144 130 2
144 133 2
144 135 2
144 137 2
144 138 2
144 139 2
144 142 2
144 143 2
144 144 2
145 2 2
145 3 2
145 5 2
145 6 2
145 7 2
145 8 2
145 9 2
145 10 2
145 11 2
145 12 2
145 13 2
145 14 2
145 16 2
145 17 2
145 20 2
145 22 2
145 23 2
145 24 2
145 25 2
145 27 2
145 28 2
145 30 2
145 31 2
145 32 2
145 35 2
145 38 2
145 39 2
145 40 2
145 41 2
145 44 2
145 45 2
145 49 2
145 51 2
145 53 2
145 57 2
145 60 2
145 63 2
145 66 2
145 71 2
145 72 2
145 73 2
145 75 2
145 76 2
145 77 2
145 78 2
145 80 2
145 81 2
145 82 2
145 83 2
145 87 2
145 90 2
145 91 2
145 94 2
145 95 2
145 96 2
145 97 2
145 98 2
145 99 2
145 100 2
145 102 2
145 104 2
145 105 2
145 106 2
145 107 2
145 108 2
145 109 2
145 110 2
145 111 2
145 114 2
145 115 2
145 117 2
145 118 2
145 120 2
145 121 2
145 122 2
145 124 2
145 126 2
145 127 2
145 128 2
145 129 2
145 132 2
145 135 2
145 136 2
145 137 2
145 138 2
145 141 2
145 145 2
146 0 2
146 2 2
146 3 2
146 4 2
146 5 2
146 6 2
146 7 2
146 8 2
146 9 2
146 10 2
146 12 2
146 13 2
146 14 2
146 16 2
146 19 2
146 22 2
146 23 2
146 26 2
146 27 2
146 28 2
146 29 2
146 30 2
146 31 2
146 32 2
146 35 2
146 37 2
146 38 2
146 41 2
146 42 2
146 44 2
146 45 2
146 46 2
146 49 2
146 53 2
146 54 2
146 56 2
146 59 2
146 60 2
146 61 2
146 62 2
146 63 2
146 64 2
146 65 2
146 68 2
146 72 2
146 76 2
146 77 2
146 78 2
146 79 2
146 83 2
146 85 2
146 88 2
146 91 2
146 92 2
146 94 2
146 95 2
146 96 2
146 97 2
146 98 2
146 99 2
146 100 2
146 101 2
146 103 2
146 105 2
146 106 2
146 107 2
146 111 2
146 112 2
146 114 2
146 115 2
146 116 2
146 118 2
146 119 2
146 121 2
146 123 2
146 125 2
146 126 2
146 127 2
146 128 2
146 129 2
146 130 2
146 131 2
146 134 2
146 135 2
146 136 2
146 137 2
146 138 2
146 141 2
146 142 2
146 144 2
146 145 2
146 146 2
147 4 2
147 5 2
147 7 2
147 8 2
147 9 2
147 11 2
147 12 2
147 13 2
147 14 2
147 15 2
147 16 2
147 20 2
147 21 2
147 22 2
147 23 2
147 24 2
147 26 2
147 27 2
147 28 2
147 30 2
147 31 2
147 32 2
147 35 2
147 36 2
147 38 2
147 39 2
147 40 2
147 42 2
147 44 2
147 45 2
147 46 2
147 53 2
147 54 2
147 56 2
147 57 2
147 59 2
147 60 2
147 62 2
147 65 2
147 66 2
147 71 2
147 73 2
147 74 2
147 75 2
147 76 2
147 78 2
147 79 2
147 82 2
147 85 2
147 87 2
147 88 2
147 90 2
147 92 2
147 93 2
147 94 2
147 95 2
147 96 2
147 97 2
147 98 2
147 101 2
147 104 2
147 106 2
147 107 2
147 109 2
147 110 2
147 111 2
147 113 2
147 115 2
147 117 2
147 118 2
147 119 2
147 120 2
147 121 2
147 122 2
147 123 2
147 124 2
147 127 2
147 129 2
147 132 2
147 135 2
147 141 2
147 142 2
147 144 2
147 145 2
147 146 2
147 147 2
148 1 2
148 3 2
148 4 2
148 6 2
148 7 2
148 8 2
148 9 2
148 10 2
148 12 2
148 14 2
148 15 2
148 19 2
148 22 2
148 23 2
148 24 2
148 25 2
148 26 2
148 27 2
148 28 2
148 30 2
148 31 2
148 32 2
148 35 2
148 36 2
148 37 2
148 38 2
148 39 2
148 41 2
148 42 2
148 44 2
148 45 2
148 46 2
148 48 2
148 49 2
148 51 2
148 53 2
148 54 2
148 55 2
148 58 2
148 60 2
148 61 2
148 63 2
148 68 2
148 70 2
148 71 2
148 72 2
148 76 2
148 77 2
148 79 2
148 80 2
148 83 2
148 86 2
148 87 2
148 89 2
148 90 2
148 91 2
148 92 2
148 93 2
148 94 2
148 95 2
148 96 2
148 97 2
148 98 2
148 99 2
148 100 2
148 101 2
148 102 2
148 106 2
148 107 2
148 108 2
148 109 2
148 110 2
148 111 2
148 115 2
148 116 2
148 117 2
148 118 2
148 119 2
148 120 2
148 122 2
148 123 2
148 125 2
148 126 2
148 127 2
148 128 2
148 129 2
148 130 2
148 131 2
148 134 2
148 135 2
148 136 2
148 137 2
148 138 2
148 141 2
148 142 2
148 144 2
148 145 2
148 147 2
149 0 2
149 1 2
149 2 2
149 3 2
149 4 2
149 5 2
149 6 2
149 7 2
149 8 2
149 9 2
149 10 2
149 12 2
149 13 2
149 14 2
149 15 2
149 16 2
149 17 2
149 18 2
149 21 2
149 23 2
149 24 2
149 27 2
149 28 2
149 30 2
149 31 2
149 32 2
149 34 2
149 35 2
149 37 2
149 38 2
149 39 2
149 40 2
149 41 2
149 42 2
149 43 2
149 44 2
149 45 2
149 47 2
149 48 2
149 49 2
149 51 2
149 54 2
149 56 2
149 57 2
149 58 2
149 59 2
149 60 2
149 61 2
149 62 2
149 63 2
149 64 2
149 65 2
149 66 2
149 67 2
149 71 2
149 73 2
149 74 2
149 75 2
149 76 2
149 79 2
149 80 2
149 81 2
149 82 2
149 83 2
149 84 2
149 85 2
149 87 2
149 88 2
149 89 2
149 91 2
149 93 2
149 94 2
149 96 2
149 97 2
149 99 2
149 100 2
149 101 2
149 105 2
149 107 2
149 108 2
149 109 2
149 110 2
149 113 2
149 114 2
149 117 2
149 118 2
149 119 2
149 120 2
149 121 2
149 122 2
149 123 2
149 124 2
149 125 2
149 126 2
149 128 2
149 129 2
149 130 2
149 131 2
149 132 2
149 133 2
149 135 2
149 137 2
149 138 2
149 141 2
149 142 2
149 143 2
149 144 2
149 145 2
149 146 2
149 147 2
149 148 2
150 1 2
150 2 2
150 4 2
150 9 2
150 19 2
150 24 2
150 33 2
150 34 2
150 41 2
150 42 2
150 50 2
150 52 2
150 53 2
150 61 2
150 69 2
150 74 2
150 76 2
150 77 2
150 81 2
150 90 2
150 96 2
150 98 2
150 103 2
150 105 2
150 107 2
150 112 2
150 120 2
150 127 2
150 134 2
150 139 2
150 140 2
150 150 2
151 1 2
151 2 2
151 3 2
151 4 2
151 5 2
151 7 2
151 8 2
151 9 2
151 10 2
151 12 2
151 15 2
151 16 2
151 18 2
151 20 2
151 21 2
151 22 2
151 23 2
151 24 2
151 25 2
151 26 2
151 27 2
151 30 2
151 31 2
151 32 2
151 35 2
151 36 2
151 38 2
151 40 2
151 41 2
151 42 2
151 44 2
151 45 2
151 46 2
151 47 2
151 48 2
151 49 2
151 51 2
151 54 2
151 56 2
151 57 2
151 59 2
151 60 2
151 61 2
151 62 2
151 64 2
151 65 2
151 66 2
151 67 2
151 68 2
151 72 2
151 73 2
151 75 2
151 77 2
151 84 2
151 85 2
151 86 2
151 87 2
151 88 2
151 89 2
151 90 2
151 93 2
151 94 2
151 96 2
151 98 2
151 99 2
151 100 2
151 101 2
151 103 2
151 105 2
151 106 2
151 107 2
151 109 2
151 110 2
151 111 2
151 112 2
151 113 2
151 114 2
151 115 2
151 116 2
151 118 2
151 120 2
151 121 2
151 122 2
151 123 2
151 127 2
151 128 2
151 129 2
151 130 2
151 131 2
151 133 2
151 135 2
151 136 2
151 137 2
151 138 2
151 140 2
151 142 2
151 144 2
151 145 2
151 150 2
151 151 2
152 0 2
152 1 2
152 2 2
152 3 2
152 4 2
152 5 2
152 6 2
152 7 2
152 8 2
152 9 2
152 10 2
152 13 2
152 14 2
152 15 2
152 16 2
152 17 2
152 18 2
152 20 2
152 22 2
152 23 2
152 24 2
152 25 2
152 26 2
152 28 2
152 30 2
152 32 2
152 35 2
152 36 2
152 38 2
152 39 2
152 41 2
152 42 2
152 45 2
152 46 2
152 47 2
152 51 2
152 53 2
152 54 2
152 56 2
152 61 2
152 62 2
152 63 2
152 64 2
152 65 2
152 66 2
152 67 2
152 68 2
152 71 2
152 72 2
152 73 2
152 74 2
152 77 2
152 78 2
152 79 2
152 80 2
152 82 2
152 83 2
152 84 2
152 85 2
152 86 2
152 87 2
152 89 2
152 90 2
152 91 2
152 92 2
152 93 2
152 94 2
152 95 2
152 96 2
152 99 2
152 100 2
152 101 2
152 102 2
152 105 2
152 106 2
152 107 2
152 108 2
152 109 2
152 111 2
152 116 2
152 117 2
152 118 2
152 121 2
152 124 2
152 125 2
152 129 2
152 130 2
152 132 2
152 133 2
152 135 2
152 136 2
152 137 2
152 141 2
152 142 2
152 143 2
152 145 2
152 146 2
152 147 2
152 152 2
153 0 2
153 3 2
153 4 2
153 5 2
153 8 2
153 9 2
153 12 2
153 13 2
153 15 2
153 17 2
153 19 2
153 20 2
153 21 2
153 22 2
153 24 2
153 25 2
153 26 2
153 27 2
153 28 2
153 30 2
153 31 2
153 34 2
153 35 2
153 37 2
153 38 2
153 39 2
153 40 2
153 41 2
153 42 2
153 43 2
153 47 2
153 48 2
153 49 2
153 50 2
153 51 2
153 54 2
153 56 2
153 57 2
153 58 2
153 59 2
153 60 2
153 61 2
153 64 2
153 66 2
153 68 2
153 70 2
153 71 2
153 72 2
153 73 2
153 74 2
153 75 2
153 76 2
153 77 2
153 79 2
153 80 2
153 81 2
153 82 2
153 83 2
153 84 2
153 85 2
153 86 2
153 88 2
153 91 2
153 92 2
153 93 2
153 94 2
153 95 2
153 96 2
153 97 2
153 99 2
153 100 2
153 101 2
153 103 2
153 106 2
153 107 2
153 108 2
153 109 2
153 111 2
153 112 2
153 113 2
153 115 2
153 116 2
153 118 2
153 121 2
153 122 2
153 123 2
153 124 2
153 125 2
153 126 2
153 127 2
153 130 2
153 132 2
153 133 2
153 135 2
153 136 2
153 137 2
153 138 2
153 142 2
153 143 2
153 144 2
153 147 2
153 148 2
153 149 2
153 151 2
153 152 2
153 153 2
154 1 2
154 4 2
154 6 2
154 11 2
154 12 2
154 19 2
154 21 2
154 22 2
154 23 2
154 26 2
154 29 2
154 30 2
154 32 2
154 33 2
154 36 2
154 43 2
154 45 2
154 47 2
154 50 2
154 53 2
154 55 2
154 67 2
154 69 2
154 73 2
154 91 2
154 96 2
154 97 2
154 100 2
154 103 2
154 108 2
154 111 2
154 112 2
154 117 2
154 118 2
154 128 2
154 130 2
154 131 2
154 140 2
154 151 2
154 154 2
155 0 2
155 1 2
155 2 2
155 3 2
155 4 2
155 6 2
155 7 2
155 8 2
155 9 2
155 13 2
155 14 2
155 16 2
155 18 2
155 19 2
155 20 2
155 21 2
155 22 2
155 23 2
155 24 2
155 25 2
155 26 2
155 27 2
155 30 2
155 31 2
155 32 2
155 35 2
155 36 2
155 37 2
155 38 2
155 40 2
155 41 2
155 42 2
155 45 2
155 47 2
155 48 2
155 49 2
155 52 2
155 53 2
155 54 2
155 55 2
155 56 2
155 57 2
155 58 2
155 59 2
155 60 2
155 61 2
155 62 2
155 63 2
155 65 2
155 66 2
155 67 2
155 68 2
155 71 2
155 72 2
155 73 2
155 75 2
155 76 2
155 79 2
155 80 2
155 81 2
155 83 2
155 85 2
155 89 2
155 90 2
155 91 2
155 92 2
155 94 2
155 97 2
155 98 2
155 99 2
155 100 2
155 101 2
155 102 2
155 103 2
155 105 2
155 106 2
155 107 2
155 108 2
155 109 2
155 110 2
155 111 2
155 112 2
155 113 2
155 114 2
155 115 2
155 116 2
155 117 2
155 122 2
155 123 2
155 125 2
155 126 2
155 127 2
155 129 2
155 130 2
155 132 2
155 133 2
155 135 2
155 136 2
155 138 2
155 141 2
155 145 2
155 146 2
155 147 2
155 149 2
155 152 2
155 155 2
156 0 2
156 2 2
156 3 2
156 4 2
156 5 2
156 7 2
156 8 2
156 10 2
156 12 2
156 13 2
156 14 2
156 17 2
156 18 2
156 19 2
156 21 2
156 22 2
156 24 2
156 26 2
156 27 2
156 28 2
156 29 2
156 30 2
156 31 2
156 32 2
156 38 2
156 39 2
156 41 2
156 42 2
156 45 2
156 46 2
156 47 2
156 48 2
156 53 2
156 54 2
156 55 2
156 56 2
156 57 2
156 58 2
156 60 2
156 61 2
156 62 2
156 63 2
156 65 2
156 68 2
156 71 2
156 72 2
156 73 2
156 74 2
156 75 2
156 76 2
156 77 2
156 78 2
156 80 2
156 81 2
156 83 2
156 84 2
156 85 2
156 87 2
156 92 2
156 93 2
156 95 2
156 96 2
156 97 2
156 99 2
156 100 2
156 101 2
156 102 2
156 103 2
156 105 2
156 106 2
156 108 2
156 109 2
156 110 2
156 111 2
156 113 2
156 114 2
156 115 2
156 117 2
156 118 2
156 119 2
156 120 2
156 121 2
156 122 2
156 124 2
156 127 2
156 128 2
156 129 2
156 132 2
156 133 2
156 136 2
156 137 2
156 139 2
156 141 2
156 143 2
156 145 2
156 147 2
156 148 2
156 152 2
156 155 2
156 156 2
157 0 2
157 2 2
157 3 2
157 4 2
157 5 2
157 6 2
157 7 2
157 8 2
157 9 2
157 13 2
157 14 2
157 15 2
157 16 2
157 17 2
157 18 2
157 19 2
157 22 2
157 23 2
157 24 2
157 25 2
157 27 2
157 29 2
157 30 2
157 32 2
157 35 2
157 36 2
157 39 2
157 40 2
157 43 2
157 44 2
157 45 2
157 48 2
157 51 2
157 53 2
157 54 2
157 56 2
157 58 2
157 61 2
157 64 2
157 67 2
157 68 2
157 70 2
157 72 2
157 76 2
157 77 2
157 79 2
157 80 2
157 83 2
157 84 2
157 85 2
157 86 2
157 87 2
157 88 2
157 89 2
157 90 2
157 91 2
157 92 2
157 94 2
157 96 2
157 97 2
157 98 2
157 99 2
157 100 2
157 105 2
157 106 2
157 107 2
157 108 2
157 109 2
157 110 2
157 111 2
157 113 2
157 115 2
157 117 2
157 118 2
157 120 2
157 121 2
157 122 2
157 123 2
157 124 2
157 125 2
157 126 2
157 127 2
157 128 2
157 129 2
157 130 2
157 131 2
157 132 2
157 134 2
157 135 2
157 136 2
157 137 2
157 141 2
157 142 2
157 143 2
157 144 2
157 145 2
157 146 2
157 149 2
157 151 2
157 152 2
157 155 2
157 156 2
157 157 2
158 0 2
158 2 2
158 3 2
158 4 2
158 6 2
158 8 2
158 9 2
158 10 2
158 13 2
158 15 2
158 16 2
158 17 2
158 18 2
158 21 2
158 22 2
158 24 2
158 25 2
158 26 2
158 27 2
158 29 2
158 30 2
158 31 2
158 32 2
158 33 2
158 37 2
158 38 2
158 39 2
158 40 2
158 42 2
158 44 2
158 47 2
158 49 2
158 50 2
158 51 2
158 53 2
158 54 2
158 55 2
158 58 2
158 59 2
158 60 2
158 61 2
158 63 2
158 64 2
158 66 2
158 70 2
158 71 2
158 72 2
158 73 2
158 79 2
158 81 2
158 82 2
158 83 2
158 84 2
158 85 2
158 86 2
158 87 2
158 88 2
158 89 2
158 90 2
158 91 2
158 95 2
158 98 2
158 99 2
158 100 2
158 102 2
158 106 2
158 107 2
158 109 2
158 110 2
158 111 2
158 113 2
158 115 2
158 116 2
158 117 2
158 118 2
158 119 2
158 120 2
158 121 2
158 122 2
158 123 2
158 124 2
158 125 2
158 126 2
158 128 2
158 129 2
158 130 2
158 132 2
158 133 2
158 137 2
158 138 2
158 141 2
158 142 2
158 144 2
158 147 2
158 148 2
158 149 2
158 152 2
158 153 2
158 155 2
158 156 2
159 3 2
159 4 2
159 5 2
159 9 2
159 10 2
159 11 2
159 13 2
159 15 2
159 16 2
159 17 2
159 18 2
159 20 2
159 21 2
159 23 2
159 25 2
159 26 2
159 29 2
159 30 2
159 31 2
159 32 2
159 36 2
159 37 2
159 38 2
159 39 2
159 40 2
159 41 2
159 42 2
159 44 2
159 45 2
159 46 2
159 48 2
159 49 2
159 51 2
159 52 2
159 54 2
159 57 2
159 58 2
159 59 2
159 61 2
159 62 2
159 65 2
159 66 2
159 68 2
159 70 2
159 71 2
159 72 2
159 74 2
159 76 2
159 77 2
159 79 2
159 80 2
159 82 2
159 83 2
159 84 2
159 86 2
159 87 2
159 88 2
159 89 2
159 90 2
159 91 2
159 92 2
159 94 2
159 96 2
159 97 2
159 98 2
159 99 2
159 101 2
159 105 2
159 107 2
159 108 2
159 109 2
159 110 2
159 111 2
159 112 2
159 113 2
159 114 2
159 115 2
159 116 2
159 117 2
159 118 2
159 119 2
159 120 2
159 121 2
159 123 2
159 124 2
159 125 2
159 126 2
159 127 2
159 128 2
159 129 2
159 130 2
159 131 2
159 133 2
159 134 2
159 136 2
159 138 2
159 141 2
159 142 2
159 144 2
159 145 2
159 146 2
159 147 2
159 148 2
159 149 2
159 151 2
159 152 2
159 153 2
159 155 2
159 156 2
159 157 2
159 158 2
159 159 2
160 0 2
160 3 2
160 4 2
160 5 2
160 6 2
160 7 2
160 8 2
160 9 2
160 11 2
160 12 2
160 14 2
160 15 2
160 18 2
160 20 2
160 21 2
160 23 2
160 24 2
160 25 2
160 28 2
160 29 2
160 31 2
160 32 2
160 35 2
160 36 2
160 37 2
160 38 2
160 40 2
160 42 2
160 44 2
160 45 2
160 46 2
160 51 2
160 53 2
160 54 2
160 58 2
160 59 2
160 60 2
160 63 2
160 65 2
160 66 2
160 67 2
160 68 2
160 70 2
160 71 2
160 73 2
160 76 2
160 78 2
160 79 2
160 80 2
160 81 2
160 82 2
160 84 2
160 85 2
160 86 2
160 90 2
160 91 2
160 92 2
160 93 2
160 94 2
160 95 2
160 97 2
160 98 2
160 99 2
160 100 2
160 101 2
160 103 2
160 105 2
160 106 2
160 107 2
160 108 2
160 109 2
160 110 2
160 113 2
160 115 2
160 118 2
160 119 2
160 121 2
160 123 2
160 124 2
160 126 2
160 127 2
160 128 2
160 129 2
160 130 2
160 131 2
160 132 2
160 133 2
160 135 2
160 138 2
160 142 2
160 144 2
160 145 2
160 146 2
160 148 2
160 149 2
160 151 2
160 152 2
160 153 2
160 155 2
160 158 2
160 159 2
161 0 2
161 1 2
161 2 2
161 3 2
161 4 2
161 5 2
161 7 2
161 8 2
161 9 2
161 12 2
161 14 2
161 15 2
161 16 2
161 17 2
161 18 2
161 19 2
161 20 2
161 21 2
161 22 2
161 23 2
161 26 2
161 27 2
161 28 2
161 29 2
161 30 2
161 31 2
161 32 2
161 35 2
161 38 2
161 39 2
161 40 2
161 41 2
161 42 2
161 44 2
161 45 2
161 46 2
161 47 2
161 48 2
161 49 2
161 51 2
161 53 2
161 57 2
161 59 2
161 60 2
161 61 2
161 62 2
161 64 2
161 65 2
161 66 2
161 68 2
161 70 2
161 71 2
161 72 2
161 73 2
161 75 2
161 77 2
161 78 2
161 79 2
161 80 2
161 81 2
161 82 2
161 84 2
161 85 2
161 86 2
161 87 2
161 89 2
161 90 2
161 91 2
161 92 2
161 95 2
161 96 2
161 99 2
161 100 2
161 102 2
161 103 2
161 105 2
161 106 2
161 107 2
161 108 2
161 110 2
161 111 2
161 114 2
161 117 2
161 119 2
161 120 2
161 121 2
161 122 2
161 123 2
161 124 2
161 128 2
161 129 2
161 130 2
161 131 2
161 132 2
161 133 2
161 135 2
161 136 2
161 137 2
161 138 2
161 144 2
161 145 2
161 146 2
161 147 2
161 148 2
161 151 2
161 152 2
161 154 2
161 159 2
161 160 2
161 161 2
162 0 2
162 1 2
162 2 2
162 3 2
162 4 2
162 6 2
162 8 2
162 9 2
162 10 2
162 13 2
162 14 2
162 18 2
162 23 2
162 24 2
162 25 2
162 26 2
162 30 2
162 31 2
162 32 2
162 35 2
162 37 2
162 38 2
162 39 2
162 40 2
162 41 2
162 42 2
162 43 2
162 44 2
162 45 2
162 46 2
162 47 2
162 48 2
162 49 2
162 51 2
162 53 2
162 54 2
162 58 2
162 59 2
162 60 2
162 61 2
162 63 2
162 65 2
162 66 2
162 67 2
162 71 2
162 73 2
162 74 2
162 75 2
162 77 2
162 78 2
162 79 2
162 80 2
162 83 2
162 84 2
162 86 2
162 89 2
162 90 2
162 93 2
162 94 2
162 95 2
162 96 2
162 97 2
162 100 2
162 103 2
162 104 2
162 105 2
162 108 2
162 111 2
162 112 2
162 113 2
162 114 2
162 115 2
162 117 2
162 119 2
162 120 2
162 122 2
162 123 2
162 124 2
162 125 2
162 126 2
162 130 2
162 131 2
162 132 2
162 136 2
162 137 2
162 138 2
162 139 2
162 141 2
162 142 2
162 143 2
162 146 2
162 147 2
162 148 2
162 149 2
162 151 2
162 152 2
162 153 2
162 154 2
162 155 2
162 156 2
162 157 2
162 158 2
162 159 2
162 160 2
162 161 2
163 0 2
163 2 2
163 4 2
163 6 2
163 8 2
163 10 2
163 11 2
163 13 2
163 15 2
163 17 2
163 20 2
163 22 2
163 23 2
163 24 2
163 25 2
163 26 2
163 28 2
163 30 2
163 31 2
163 32 2
163 34 2
163 35 2
163 36 2
163 40 2
163 41 2
163 42 2
163 43 2
163 44 2
163 47 2
163 48 2
163 49 2
163 51 2
163 54 2
163 57 2
163 58 2
163 59 2
163 61 2
163 62 2
163 63 2
163 64 2
163 65 2
163 66 2
163 67 2
163 68 2
163 72 2
163 73 2
163 76 2
163 78 2
163 79 2
163 80 2
163 81 2
163 82 2
163 84 2
163 85 2
163 86 2
163 87 2
163 88 2
163 89 2
163 92 2
163 93 2
163 94 2
163 95 2
163 96 2
163 97 2
163 98 2
163 99 2
163 100 2
163 101 2
163 102 2
163 103 2
163 104 2
163 105 2
163 106 2
163 109 2
163 111 2
163 113 2
163 114 2
163 118 2
163 121 2
163 122 2
163 124 2
163 125 2
163 126 2
163 127 2
163 128 2
163 129 2
163 130 2
163 132 2
163 133 2
163 135 2
163 139 2
163 142 2
163 144 2
163 146 2
163 148 2
163 153 2
163 155 2
163 157 2
163 159 2
163 160 2
163 161 2
163 163 2
164 2 2
164 3 2
164 4 2
164 5 2
164 7 2
164 8 2
164 10 2
164 13 2
164 14 2
164 15 2
164 16 2
164 17 2
164 19 2
164 22 2
164 24 2
164 25 2
164 26 2
164 28 2
164 29 2
164 30 2
164 31 2
164 32 2
164 36 2
164 37 2
164 38 2
164 39 2
164 40 2
164 41 2
164 42 2
164 43 2
164 45 2
164 46 2
164 47 2
164 48 2
164 51 2
164 53 2
164 54 2
164 57 2
164 58 2
164 61 2
164 64 2
164 65 2
164 67 2
164 68 2
164 69 2
164 71 2
164 72 2
164 73 2
164 75 2
164 76 2
164 77 2
164 79 2
164 81 2
164 82 2
164 83 2
164 84 2
164 85 2
164 86 2
164 89 2
164 90 2
164 91 2
164 92 2
164 93 2
164 94 2
164 96 2
164 98 2
164 99 2
164 100 2
164 101 2
164 102 2
164 103 2
164 105 2
164 107 2
164 108 2
164 111 2
164 114 2
164 115 2
164 118 2
164 121 2
164 123 2
164 124 2
164 128 2
164 129 2
164 130 2
164 132 2
164 133 2
164 136 2
164 137 2
164 138 2
164 142 2
164 145 2
164 147 2
164 148 2
164 149 2
164 151 2
164 152 2
164 153 2
164 155 2
164 157 2
164 159 2
164 161 2
164 163 2
164 164 2
165 3 2
165 7 2
165 9 2
165 10 2
165 12 2
165 14 2
165 15 2
165 17 2
165 18 2
165 20 2
165 23 2
165 25 2
165 26 2
165 27 2
165 28 2
165 29 2
165 30 2
165 31 2
165 34 2
165 36 2
165 37 2
165 38 2
165 40 2
165 41 2
165 42 2
165 44 2
165 45 2
165 47 2
165 49 2
165 53 2
165 54 2
165 58 2
165 59 2
165 61 2
165 63 2
165 64 2
165 66 2
165 67 2
165 68 2
165 70 2
165 71 2
165 72 2
165 73 2
165 74 2
165 75 2
165 76 2
165 77 2
165 78 2
165 79 2
165 80 2
165 81 2
165 82 2
165 84 2
165 85 2
165 86 2
165 88 2
165 90 2
165 91 2
165 92 2
165 93 2
165 94 2
165 96 2
165 97 2
165 98 2
165 100 2
165 101 2
165 102 2
165 103 2
165 105 2
165 106 2
165 107 2
165 108 2
165 110 2
165 111 2
165 113 2
165 114 2
165 115 2
165 117 2
165 118 2
165 120 2
165 122 2
165 123 2
165 125 2
165 126 2
165 127 2
165 128 2
165 130 2
165 131 2
165 132 2
165 133 2
165 137 2
165 138 2
165 140 2
165 143 2
165 145 2
165 146 2
165 147 2
165 148 2
165 149 2
165 152 2
165 153 2
165 155 2
165 156 2
165 157 2
165 159 2
165 161 2
165 162 2
165 163 2
166 0 2
166 1 2
166 7 2
166 8 2
166 9 2
166 13 2
166 15 2
166 16 2
166 17 2
166 22 2
166 24 2
166 25 2
166 26 2
166 27 2
166 28 2
166 29 2
166 30 2
166 31 2
166 36 2
166 38 2
166 39 2
166 42 2
166 44 2
166 47 2
166 48 2
166 49 2
166 51 2
166 53 2
166 55 2
166 56 2
166 57 2
166 58 2
166 60 2
166 62 2
166 64 2
166 66 2
166 68 2
166 70 2
166 71 2
166 72 2
166 73 2
166 74 2
166 75 2
166 76 2
166 77 2
166 78 2
166 80 2
166 81 2
166 82 2
166 84 2
166 85 2
166 86 2
166 87 2
166 92 2
166 93 2
166 94 2
166 95 2
166 96 2
166 97 2
166 98 2
166 100 2
166 101 2
166 102 2
166 103 2
166 105 2
166 106 2
166 107 2
166 108 2
166 110 2
166 113 2
166 114 2
166 115 2
166 116 2
166 118 2
166 119 2
166 120 2
166 121 2
166 122 2
166 124 2
166 127 2
166 128 2
166 129 2
166 131 2
166 133 2
166 135 2
166 137 2
166 138 2
166 141 2
166 142 2
166 143 2
166 144 2
166 146 2
166 147 2
166 148 2
166 149 2
166 152 2
166 153 2
166 154 2
166 155 2
166 156 2
166 157 2
166 158 2
166 159 2
166 160 2
166 161 2
166 162 2
166 163 2
166 165 2
167 0 2
167 2 2
167 3 2
167 4 2
167 6 2
167 9 2
167 10 2
167 12 2
167 13 2
167 14 2
167 15 2
167 16 2
167 17 2
167 18 2
167 19 2
167 20 2
167 21 2
167 25 2
167 26 2
167 27 2
167 28 2
167 30 2
167 31 2
167 32 2
167 35 2
167 37 2
167 38 2
167 39 2
167 41 2
167 46 2
167 47 2
167 51 2
167 52 2
167 54 2
167 56 2
167 57 2
167 58 2
167 59 2
167 60 2
167 61 2
167 64 2
167 65 2
167 66 2
167 67 2
167 70 2
167 71 2
167 73 2
167 74 2
167 75 2
167 76 2
167 78 2
167 79 2
167 82 2
167 83 2
167 84 2
167 85 2
167 86 2
167 87 2
167 88 2
167 91 2
167 92 2
167 93 2
167 94 2
167 95 2
167 96 2
167 98 2
167 99 2
167 100 2
167 101 2
167 102 2
167 107 2
167 111 2
167 113 2
167 114 2
167 115 2
167 116 2
167 117 2
167 118 2
167 119 2
167 120 2
167 121 2
167 122 2
167 125 2
167 126 2
167 127 2
167 130 2
167 131 2
167 132 2
167 135 2
167 137 2
167 138 2
167 142 2
167 145 2
167 148 2
167 149 2
167 151 2
167 153 2
167 156 2
167 157 2
167 158 2
167 159 2
167 160 2
167 161 2
167 162 2
167 163 2
167 165 2
167 166 2
167 167 2
168 0 2
168 2 2
168 3 2
168 5 2
168 7 2
168 8 2
168 9 2
168 10 2
168 14 2
168 15 2
168 16 2
168 17 2
168 18 2
168 19 2
168 20 2
168 21 2
168 22 2
168 23 2
168 24 2
168 25 2
168 26 2
168 28 2
168 31 2
168 32 2
168 35 2
168 37 2
168 38 2
168 39 2
168 41 2
168 42 2
168 44 2
168 45 2
168 47 2
168 49 2
168 51 2
168 54 2
168 58 2
168 59 2
168 60 2
168 62 2
168 63 2
168 64 2
168 65 2
168 67 2
168 68 2
168 71 2
168 72 2
168 73 2
168 74 2
168 75 2
168 77 2
168 78 2
168 80 2
168 81 2
168 82 2
168 84 2
168 86 2
168 87 2
168 88 2
168 89 2
168 90 2
168 91 2
168 92 2
168 93 2
168 94 2
168 95 2
168 97 2
168 99 2
168 100 2
168 101 2
168 103 2
168 105 2
168 106 2
168 108 2
168 113 2
168 117 2
168 118 2
168 119 2
168 120 2
168 122 2
168 123 2
168 125 2
168 127 2
168 128 2
168 129 2
168 132 2
168 133 2
168 136 2
168 138 2
168 140 2
168 141 2
168 142 2
168 143 2
168 144 2
168 145 2
168 146 2
168 147 2
168 148 2
168 150 2
168 151 2
168 154 2
168 156 2
168 157 2
168 158 2
168 159 2
168 160 2
168 161 2
168 163 2
168 164 2
168 165 2
168 167 2
168 168 2
169 2 2
169 4 2
169 5 2
169 6 2
169 8 2
169 9 2
169 10 2
169 11 2
169 12 2
169 14 2
169 17 2
169 18 2
169 20 2
169 21 2
169 22 2
169 23 2
169 25 2
169 26 2
169 28 2
169 29 2
169 30 2
169 31 2
169 35 2
169 36 2
169 37 2
169 39 2
169 40 2
169 42 2
169 45 2
169 46 2
169 47 2
169 48 2
169 49 2
169 51 2
169 52 2
169 53 2
169 54 2
169 56 2
169 57 2
169 59 2
169 60 2
169 61 2
169 62 2
169 64 2
169 65 2
169 66 2
169 67 2
169 68 2
169 70 2
169 72 2
169 73 2
169 76 2
169 77 2
169 78 2
169 79 2
169 80 2
169 81 2
169 82 2
169 83 2
169 84 2
169 85 2
169 86 2
169 87 2
169 88 2
169 89 2
169 91 2
169 92 2
169 93 2
169 94 2
169 97 2
169 98 2
169 99 2
169 100 2
169 101 2
169 102 2
169 103 2
169 105 2
169 106 2
169 108 2
169 110 2
169 111 2
169 112 2
169 113 2
169 115 2
169 116 2
169 118 2
169 119 2
169 121 2
169 122 2
169 124 2
169 126 2
169 127 2
169 130 2
169 135 2
169 136 2
169 137 2
169 138 2
169 141 2
169 142 2
169 143 2
169 144 2
169 146 2
169 147 2
169 149 2
169 150 2
169 151 2
169 155 2
169 156 2
169 158 2
169 160 2
169 161 2
169 162 2
169 164 2
169 167 2
169 168 2
169 169 2
170 0 2
170 4 2
170 5 2
170 6 2
170 7 2
170 8 2
170 10 2
170 13 2
170 14 2
170 15 2
170 17 2
170 18 2
170 19 2
170 21 2
170 22 2
170 23 2
170 24 2
170 27 2
170 28 2
170 30 2
170 31 2
170 32 2
170 35 2
170 36 2
170 38 2
170 39 2
170 40 2
170 41 2
170 42 2
170 44 2
170 45 2
170 47 2
170 48 2
170 49 2
170 50 2
170 51 2
170 54 2
170 56 2
170 59 2
170 60 2
170 62 2
170 65 2
170 66 2
170 67 2
170 68 2
170 69 2
170 70 2
170 71 2
170 72 2
170 74 2
170 75 2
170 76 2
170 80 2
170 81 2
170 82 2
170 83 2
170 85 2
170 86 2
170 87 2
170 88 2
170 91 2
170 92 2
170 93 2
170 94 2
170 95 2
170 97 2
170 100 2
170 101 2
170 102 2
170 103 2
170 105 2
170 107 2
170 108 2
170 109 2
170 110 2
170 111 2
170 112 2
170 113 2
170 114 2
170 116 2
170 120 2
170 121 2
170 122 2
170 123 2
170 124 2
170 125 2
170 126 2
170 127 2
170 128 2
170 129 2
170 130 2
170 131 2
170 133 2
170 135 2
170 136 2
170 137 2
170 139 2
170 142 2
170 143 2
170 144 2
170 145 2
170 146 2
170 147 2
170 148 2
170 149 2
170 151 2
170 153 2
170 156 2
170 157 2
170 158 2
170 159 2
170 162 2
170 164 2
170 166 2
170 168 2
170 169 2
170 170 2
171 0 2
171 2 2
171 3 2
171 4 2
171 5 2
171 7 2
171 8 2
171 9 2
171 10 2
171 13 2
171 14 2
171 15 2
171 16 2
171 17 2
171 18 2
171 20 2
171 22 2
171 23 2
171 24 2
171 27 2
171 29 2
171 30 2
171 32 2
171 33 2
171 35 2
171 36 2
171 37 2
171 38 2
171 40 2
171 41 2
171 42 2
171 45 2
171 47 2
171 50 2
171 51 2
171 53 2
171 54 2
171 59 2
171 60 2
171 61 2
171 63 2
171 64 2
171 65 2
171 66 2
171 67 2
171 68 2
171 70 2
171 72 2
171 73 2
171 74 2
171 77 2
171 80 2
171 82 2
171 83 2
171 84 2
171 85 2
171 86 2
171 87 2
171 88 2
171 89 2
171 90 2
171 91 2
171 92 2
171 93 2
171 94 2
171 95 2
171 96 2
171 100 2
171 102 2
171 103 2
171 104 2
171 105 2
171 106 2
171 107 2
171 108 2
171 111 2
171 113 2
171 114 2
171 117 2
171 120 2
171 122 2
171 123 2
171 124 2
171 125 2
171 126 2
171 128 2
171 129 2
171 130 2
171 131 2
171 132 2
171 136 2
171 137 2
171 138 2
171 140 2
171 142 2
171 143 2
171 145 2
171 147 2
171 148 2
171 151 2
171 152 2
171 155 2
171 157 2
171 158 2
171 160 2
171 162 2
171 163 2
171 165 2
171 167 2
171 169 2
171 170 2
171 171 2
172 0 2
172 1 2
172 2 2
172 4 2
172 5 2
172 6 2
172 7 2
172 8 2
172 9 2
172 12 2
172 13 2
172 18 2
172 20 2
172 21 2
172 22 2
172 23 2
172 24 2
172 27 2
172 28 2
172 31 2
172 32 2
172 35 2
172 37 2
172 39 2
172 40 2
172 41 2
172 42 2
172 43 2
172 46 2
172 47 2
172 48 2
172 49 2
172 50 2
172 53 2
172 54 2
172 57 2
172 60 2
172 62 2
172 63 2
172 64 2
172 65 2
172 67 2
172 74 2
172 75 2
172 76 2
172 77 2
172 78 2
172 81 2
172 82 2
172 83 2
172 84 2
172 85 2
172 87 2
172 88 2
172 89 2
172 92 2
172 93 2
172 95 2
172 96 2
172 97 2
172 98 2
172 99 2
172 102 2
172 103 2
172 105 2
172 106 2
172 107 2
172 108 2
172 109 2
172 110 2
172 113 2
172 114 2
172 116 2
172 117 2
172 119 2
172 120 2
172 122 2
172 123 2
172 124 2
172 127 2
172 129 2
172 131 2
172 133 2
172 137 2
172 138 2
172 141 2
172 142 2
172 143 2
172 144 2
172 145 2
172 147 2
172 148 2
172 149 2
172 151 2
172 153 2
172 156 2
172 157 2
172 162 2
172 163 2
172 164 2
172 165 2
172 166 2
172 167 2
172 168 2
172 169 2
172 170 2
172 171 2
173 0 2
173 1 2
173 2 2
173 3 2
173 4 2
173 5 2
173 6 2
173 7 2
173 8 2
173 9 2
173 10 2
173 13 2
173 14 2
173 15 2
173 17 2
173 19 2
173 20 2
173 21 2
173 22 2
173 23 2
173 24 2
173 25 2
173 26 2
173 27 2
173 28 2
173 29 2
173 30 2
173 31 2
173 34 2
173 35 2
173 37 2
173 38 2
173 41 2
173 42 2
173 43 2
173 44 2
173 45 2
173 46 2
173 47 2
173 49 2
173 51 2
173 53 2
173 54 2
173 55 2
173 56 2
173 57 2
173 59 2
173 60 2
173 61 2
173 62 2
173 63 2
173 64 2
173 66 2
173 67 2
173 71 2
173 72 2
173 74 2
173 75 2
173 76 2
173 77 2
173 78 2
173 79 2
173 80 2
173 81 2
173 83 2
173 85 2
173 86 2
173 87 2
173 89 2
173 90 2
173 91 2
173 92 2
173 94 2
173 95 2
173 96 2
173 97 2
173 98 2
173 100 2
173 101 2
173 102 2
173 103 2
173 106 2
173 107 2
173 108 2
173 113 2
173 118 2
173 120 2
173 121 2
173 123 2
173 125 2
173 127 2
173 128 2
173 130 2
173 131 2
173 132 2
173 135 2
173 136 2
173 137 2
173 139 2
173 141 2
173 142 2
173 143 2
173 145 2
173 146 2
173 149 2
173 151 2
173 152 2
173 154 2
173 157 2
173 158 2
173 159 2
173 160 2
173 162 2
173 163 2
173 164 2
173 166 2
173 168 2
173 171 2
173 172 2
173 173 2
174 2 2
174 4 2
174 5 2
174 6 2
174 7 2
174 8 2
174 9 2
174 10 2
174 12 2
174 13 2
174 15 2
174 16 2
174 18 2
174 20 2
174 22 2
174 23 2
174 24 2
174 26 2
174 27 2
174 28 2
174 29 2
174 30 2
174 31 2
174 37 2
174 38 2
174 40 2
174 41 2
174 45 2
174 46 2
174 47 2
174 48 2
174 49 2
174 50 2
174 51 2
174 54 2
174 57 2
174 58 2
174 59 2
174 60 2
174 62 2
174 63 2
174 64 2
174 67 2
174 68 2
174 71 2
174 74 2
174 75 2
174 76 2
174 78 2
174 81 2
174 82 2
174 83 2
174 84 2
174 85 2
174 88 2
174 90 2
174 93 2
174 94 2
174 95 2
174 97 2
174 98 2
174 99 2
174 101 2
174 102 2
174 103 2
174 106 2
174 107 2
174 108 2
174 109 2
174 110 2
174 112 2
174 113 2
174 116 2
174 117 2
174 118 2
174 119 2
174 120 2
174 121 2
174 122 2
174 123 2
174 124 2
174 125 2
174 126 2
174 127 2
174 128 2
174 129 2
174 130 2
174 131 2
174 133 2
174 135 2
174 136 2
174 137 2
174 141 2
174 142 2
174 143 2
174 144 2
174 147 2
174 151 2
174 152 2
174 153 2
174 155 2
174 156 2
174 158 2
174 159 2
174 160 2
174 162 2
174 163 2
174 166 2
174 167 2
174 168 2
174 172 2
174 173 2
174 174 2
175 0 2
175 3 2
175 4 2
175 5 2
175 6 2
175 8 2
175 9 2
175 12 2
175 13 2
175 15 2
175 16 2
175 17 2
175 18 2
175 20 2
175 22 2
175 23 2
175 25 2
175 26 2
175 27 2
175 28 2
175 30 2
175 31 2
175 35 2
175 36 2
175 38 2
175 39 2
175 40 2
175 41 2
175 42 2
175 45 2
175 46 2
175 47 2
175 49 2
175 53 2
175 54 2
175 56 2
175 57 2
175 59 2
175 60 2
175 62 2
175 63 2
175 65 2
175 66 2
175 67 2
175 68 2
175 70 2
175 71 2
175 72 2
175 73 2
175 74 2
175 75 2
175 76 2
175 77 2
175 84 2
175 85 2
175 86 2
175 87 2
175 91 2
175 93 2
175 94 2
175 98 2
175 99 2
175 100 2
175 102 2
175 106 2
175 108 2
175 110 2
175 112 2
175 113 2
175 114 2
175 115 2
175 116 2
175 119 2
175 121 2
175 122 2
175 123 2
175 125 2
175 126 2
175 127 2
175 129 2
175 131 2
175 132 2
175 133 2
175 136 2
175 137 2
175 141 2
175 142 2
175 143 2
175 144 2
175 145 2
175 147 2
175 149 2
175 151 2
175 153 2
175 156 2
175 158 2
175 159 2
175 160 2
175 162 2
175 163 2
175 164 2
175 165 2
175 168 2
175 169 2
175 173 2
175 174 2
175 175 2
176 0 2
176 2 2
176 3 2
176 7 2
176 8 2
176 10 2
176 13 2
176 14 2
176 15 2
176 16 2
176 17 2
176 18 2
176 19 2
176 23 2
176 25 2
176 27 2
176 29 2
176 30 2
176 31 2
176 32 2
176 35 2
176 36 2
176 37 2
176 38 2
176 39 2
176 40 2
176 42 2
176 44 2
176 45 2
176 47 2
176 48 2
176 50 2
176 52 2
176 57 2
176 58 2
176 59 2
176 60 2
176 63 2
176 64 2
176 65 2
176 67 2
176 68 2
176 69 2
176 70 2
176 71 2
176 73 2
176 74 2
176 75 2
176 77 2
176 78 2
176 79 2
176 80 2
176 81 2
176 82 2
176 84 2
176 85 2
176 86 2
176 88 2
176 90 2
176 91 2
176 92 2
176 94 2
176 95 2
176 98 2
176 101 2
176 103 2
176 106 2
176 110 2
176 111 2
176 113 2
176 115 2
176 116 2
176 117 2
176 118 2
176 119 2
176 120 2
176 121 2
176 122 2
176 123 2
176 125 2
176 126 2
176 128 2
176 130 2
176 131 2
176 133 2
176 135 2
176 136 2
176 137 2
176 139 2
176 142 2
176 143 2
176 144 2
176 145 2
176 146 2
176 148 2
176 151 2
176 155 2
176 156 2
176 157 2
176 159 2
176 160 2
176 161 2
176 162 2
176 163 2
176 164 2
176 165 2
176 166 2
176 168 2
176 169 2
176 170 2
176 171 2
176 172 2
176 174 2
177 2 2
177 3 2
177 5 2
177 6 2
177 7 2
177 8 2
177 9 2
177 10 2
177 13 2
177 14 2
177 15 2
177 16 2
177 18 2
177 19 2
177 21 2
177 22 2
177 23 2
177 24 2
177 29 2
177 30 2
177 31 2
177 36 2
177 37 2
177 38 2
177 40 2
177 42 2
177 44 2
177 46 2
177 47 2
177 49 2
177 51 2
177 53 2
177 54 2
177 56 2
177 57 2
177 58 2
177 59 2
177 60 2
177 62 2
177 63 2
177 64 2
177 65 2
177 67 2
177 68 2
177 70 2
177 72 2
177 73 2
177 75 2
177 76 2
177 77 2
177 78 2
177 80 2
177 81 2
177 82 2
177 83 2
177 85 2
177 86 2
177 87 2
177 88 2
177 89 2
177 90 2
177 92 2
177 94 2
177 96 2
177 99 2
177 100 2
177 101 2
177 102 2
177 103 2
177 107 2
177 109 2
177 110 2
177 111 2
177 113 2
177 114 2
177 115 2
177 116 2
177 118 2
177 121 2
177 122 2
177 124 2
177 125 2
177 127 2
177 128 2
177 131 2
177 135 2
177 136 2
177 137 2
177 140 2
177 141 2
177 142 2
177 143 2
177 144 2
177 145 2
177 149 2
177 150 2
177 151 2
177 152 2
177 153 2
177 159 2
177 160 2
177 161 2
177 162 2
177 163 2
177 166 2
177 167 2
177 170 2
177 171 2
177 172 2
177 173 2
177 174 2
177 175 2
177 176 2
178 1 2
178 7 2
178 9 2
178 11 2
178 13 2
178 28 2
178 33 2
178 34 2
178 36 2
178 43 2
178 44 2
178 50 2
178 52 2
178 55 2
178 59 2
178 69 2
178 71 2
178 77 2
178 79 2
178 84 2
178 92 2
178 98 2
178 101 2
178 102 2
178 104 2
178 105 2
178 106 2
178 107 2
178 109 2
178 110 2
178 119 2
178 122 2
178 134 2
178 135 2
178 136 2
178 139 2
178 147 2
178 157 2
178 170 2
178 178 2
179 0 2
179 2 2
179 4 2
179 5 2
179 8 2
179 9 2
179 10 2
179 12 2
179 14 2
179 15 2
179 16 2
179 17 2
179 18 2
179 19 2
179 20 2
179 22 2
179 24 2
179 26 2
179 28 2
179 30 2
179 31 2
179 32 2
179 34 2
179 36 2
179 41 2
179 42 2
179 44 2
179 45 2
179 46 2
179 47 2
179 48 2
179 49 2
179 51 2
179 52 2
179 56 2
179 59 2
179 62 2
179 63 2
179 65 2
179 66 2
179 70 2
179 71 2
179 72 2
179 73 2
179 74 2
179 75 2
179 76 2
179 77 2
179 79 2
179 80 2
179 82 2
179 83 2
179 85 2
179 86 2
179 89 2
179 90 2
179 91 2
179 92 2
179 94 2
179 95 2
179 96 2
179 97 2
179 98 2
179 99 2
179 100 2
179 101 2
179 103 2
179 104 2
179 106 2
179 108 2
179 109 2
179 111 2
179 114 2
179 115 2
179 116 2
179 118 2
179 119 2
179 120 2
179 121 2
179 122 2
179 124 2
179 125 2
179 129 2
179 130 2
179 131 2
179 133 2
179 135 2
179 136 2
179 137 2
179 138 2
179 142 2
179 143 2
179 144 2
179 145 2
179 146 2
179 148 2
179 149 2
179 151 2
179 153 2
179 155 2
179 156 2
179 157 2
179 158 2
179 159 2
179 160 2
179 162 2
179 165 2
179 166 2
179 167 2
179 168 2
179 169 2
179 171 2
179 172 2
179 173 2
179 174 2
179 175 2
179 176 2
179 178 2
179 179 2
180 0 2
180 2 2
180 3 2
180 5 2
180 8 2
180 9 2
180 12 2
180 13 2
180 16 2
180 18 2
180 21 2
180 22 2
180 23 2
180 25 2
180 26 2
180 28 2
180 30 2
180 32 2
180 33 2
180 35 2
180 39 2
180 40 2
180 41 2
180 42 2
180 45 2
180 47 2
180 48 2
180 49 2
180 51 2
180 53 2
180 54 2
180 56 2
180 57 2
180 58 2
180 59 2
180 60 2
180 61 2
180 62 2
180 63 2
180 64 2
180 65 2
180 67 2
180 68 2
180 71 2
180 72 2
180 73 2
180 74 2
180 78 2
180 79 2
180 80 2
180 81 2
180 82 2
180 83 2
180 86 2
180 87 2
180 88 2
180 90 2
180 91 2
180 92 2
180 94 2
180 95 2
180 98 2
180 100 2
180 101 2
180 103 2
180 105 2
180 106 2
180 108 2
180 109 2
180 110 2
180 111 2
180 112 2
180 113 2
180 114 2
180 116 2
180 117 2
180 119 2
180 121 2
180 123 2
180 124 2
180 125 2
180 129 2
180 130 2
180 131 2
180 135 2
180 136 2
180 137 2
180 138 2
180 141 2
180 142 2
180 144 2
180 145 2
180 146 2
180 149 2
180 151 2
180 152 2
180 153 2
180 155 2
180 158 2
180 159 2
180 160 2
180 161 2
180 162 2
180 167 2
180 168 2
180 169 2
180 170 2
180 171 2
180 172 2
180 174 2
180 175 2
180 177 2
180 179 2
180 180 2
181 0 2
181 2 2
181 4 2
181 5 2
181 6 2
181 7 2
181 9 2
181 10 2
181 12 2
181 13 2
181 14 2
181 15 2
181 16 2
181 17 2
181 18 2
181 20 2
181 22 2
181 23 2
181 24 2
181 25 2
181 27 2
181 28 2
181 29 2
181 30 2
181 35 2
181 36 2
181 37 2
181 38 2
181 39 2
181 40 2
181 42 2
181 44 2
181 45 2
181 46 2
181 47 2
181 48 2
181 49 2
181 50 2
181 51 2
181 52 2
181 53 2
181 54 2
181 55 2
181 56 2
181 58 2
181 63 2
181 64 2
181 65 2
181 66 2
181 70 2
181 71 2
181 73 2
181 74 2
181 75 2
181 77 2
181 78 2
181 79 2
181 81 2
181 85 2
181 87 2
181 88 2
181 89 2
181 90 2
181 91 2
181 93 2
181 94 2
181 96 2
181 99 2
181 101 2
181 102 2
181 103 2
181 105 2
181 109 2
181 110 2
181 113 2
181 115 2
181 116 2
181 117 2
181 118 2
181 119 2
181 120 2
181 121 2
181 122 2
181 123 2
181 124 2
181 125 2
181 127 2
181 129 2
181 132 2
181 135 2
181 137 2
181 138 2
181 142 2
181 145 2
181 149 2
181 150 2
181 151 2
181 152 2
181 153 2
181 155 2
181 156 2
181 157 2
181 158 2
181 160 2
181 162 2
181 163 2
181 164 2
181 165 2
181 166 2
181 168 2
181 170 2
181 171 2
181 172 2
181 173 2
181 174 2
181 175 2
181 176 2
181 177 2
182 1 2
182 5 2
182 7 2
182 11 2
182 13 2
182 14 2
182 20 2
182 22 2
182 24 2
182 26 2
182 27 2
182 36 2
182 40 2
182 43 2
182 50 2
182 53 2
182 55 2
182 56 2
182 57 2
182 58 2
182 59 2
182 63 2
182 64 2
182 66 2
182 69 2
182 80 2
182 81 2
182 83 2
182 85 2
182 87 2
182 88 2
182 89 2
182 99 2
182 102 2
182 104 2
182 106 2
182 112 2
182 114 2
182 121 2
182 127 2
182 134 2
182 139 2
182 140 2
182 148 2
182 154 2
182 155 2
182 156 2
182 159 2
182 161 2
182 164 2
182 178 2
182 179 2
182 182 2
183 2 2
183 3 2
183 4 2
183 5 2
183 6 2
183 8 2
183 11 2
183 12 2
183 13 2
183 16 2
183 17 2
183 18 2
183 19 2
183 20 2
183 21 2
183 22 2
183 25 2
183 30 2
183 32 2
183 37 2
183 38 2
183 41 2
183 42 2
183 44 2
183 45 2
183 46 2
183 47 2
183 48 2
183 49 2
183 51 2
183 53 2
183 54 2
183 56 2
183 57 2
183 58 2
183 60 2
183 61 2
183 62 2
183 64 2
183 65 2
183 66 2
183 68 2
183 71 2
183 73 2
183 75 2
183 82 2
183 84 2
183 85 2
183 86 2
183 87 2
183 88 2
183 90 2
183 91 2
183 92 2
183 93 2
183 94 2
183 95 2
183 96 2
183 98 2
183 100 2
183 101 2
183 102 2
183 103 2
183 105 2
183 107 2
183 108 2
183 109 2
183 113 2
183 114 2
183 115 2
183 116 2
183 117 2
183 118 2
183 119 2
183 120 2
183 121 2
183 122 2
183 123 2
183 124 2
183 125 2
183 126 2
183 127 2
183 128 2
183 129 2
183 130 2
183 131 2
183 132 2
183 133 2
183 135 2
183 136 2
183 137 2
183 138 2
183 141 2
183 142 2
183 143 2
183 144 2
183 145 2
183 146 2
183 147 2
183 148 2
183 151 2
183 152 2
183 153 2
183 155 2
183 156 2
183 157 2
183 158 2
183 159 2
183 160 2
183 162 2
183 163 2
183 164 2
183 165 2
183 166 2
183 167 2
183 168 2
183 169 2
183 170 2
183 171 2
183 174 2
183 175 2
183 179 2
183 181 2
183 183 2
184 0 2
184 2 2
184 3 2
184 4 2
184 5 2
184 8 2
184 9 2
184 13 2
184 14 2
184 15 2
184 18 2
184 19 2
184 20 2
184 21 2
184 22 2
184 23 2
184 24 2
184 25 2
184 26 2
184 28 2
184 31 2
184 32 2
184 35 2
184 36 2
184 37 2
184 40 2
184 46 2
184 48 2
184 51 2
184 53 2
184 54 2
184 57 2
184 59 2
184 61 2
184 62 2
184 63 2
184 64 2
184 70 2
184 73 2
184 74 2
184 75 2
184 76 2
184 78 2
184 79 2
184 81 2
184 83 2
184 86 2
184 88 2
184 89 2
184 90 2
184 91 2
184 93 2
184 94 2
184 95 2
184 97 2
184 98 2
184 99 2
184 100 2
184 101 2
184 102 2
184 104 2
184 105 2
184 107 2
184 108 2
184 110 2
184 111 2
184 113 2
184 114 2
184 115 2
184 117 2
184 118 2
184 119 2
184 120 2
184 121 2
184 122 2
184 124 2
184 125 2
184 126 2
184 127 2
184 129 2
184 130 2
184 131 2
184 132 2
184 133 2
184 134 2
184 135 2
184 136 2
184 137 2
184 140 2
184 141 2
184 144 2
184 147 2
184 148 2
184 149 2
184 152 2
184 153 2
184 156 2
184 158 2
184 159 2
184 160 2
184 161 2
184 163 2
184 164 2
184 166 2
184 169 2
184 170 2
184 171 2
184 172 2
184 174 2
184 175 2
184 176 2
184 177 2
184 179 2
184 181 2
184 182 2
184 183 2
184 184 2
185 0 2
185 3 2
185 4 2
185 7 2
185 8 2
185 9 2
185 10 2
185 12 2
185 15 2
185 16 2
185 17 2
185 18 2
185 19 2
185 20 2
185 21 2
185 22 2
185 24 2
185 25 2
185 26 2
185 27 2
185 28 2
185 29 2
185 31 2
185 32 2
185 33 2
185 35 2
185 36 2
185 37 2
185 39 2
185 40 2
185 41 2
185 42 2
185 44 2
185 45 2
185 46 2
185 48 2
185 49 2
185 50 2
185 55 2
185 56 2
185 57 2
185 58 2
185 59 2
185 60 2
185 61 2
185 62 2
185 65 2
185 66 2
185 68 2
185 70 2
185 71 2
185 72 2
185 73 2
185 74 2
185 75 2
185 76 2
185 77 2
185 78 2
185 80 2
185 81 2
185 82 2
185 83 2
185 84 2
185 85 2
185 87 2
185 89 2
185 90 2
185 91 2
185 92 2
185 94 2
185 95 2
185 97 2
185 98 2
185 99 2
185 100 2
185 101 2
185 102 2
185 103 2
185 105 2
185 109 2
185 111 2
185 113 2
185 114 2
185 116 2
185 117 2
185 118 2
185 119 2
185 120 2
185 122 2
185 124 2
185 126 2
185 128 2
185 129 2
185 130 2
185 131 2
185 132 2
185 135 2
185 136 2
185 137 2
185 138 2
185 140 2
185 141 2
185 142 2
185 143 2
185 144 2
185 145 2
185 146 2
185 147 2
185 149 2
185 151 2
185 152 2
185 153 2
185 156 2
185 157 2
185 158 2
185 159 2
185 160 2
185 161 2
185 162 2
185 164 2
185 165 2
185 168 2
185 170 2
185 171 2
185 172 2
185 173 2
185 174 2
185 175 2
185 176 2
185 179 2
185 180 2
185 183 2
185 185 2
186 0 2
186 4 2
186 5 2
186 6 2
186 7 2
186 8 2
186 9 2
186 10 2
186 13 2
186 14 2
186 15 2
186 16 2
186 17 2
186 18 2
186 20 2
186 22 2
186 23 2
186 24 2
186 25 2
186 26 2
186 27 2
186 28 2
186 29 2
186 30 2
186 32 2
186 34 2
186 35 2
186 37 2
186 38 2
186 39 2
186 41 2
186 45 2
186 46 2
186 47 2
186 49 2
186 51 2
186 52 2
186 53 2
186 56 2
186 57 2
186 58 2
186 59 2
186 60 2
186 61 2
186 62 2
186 66 2
186 67 2
186 70 2
186 71 2
186 72 2
186 73 2
186 76 2
186 77 2
186 78 2
186 79 2
186 80 2
186 81 2
186 82 2
186 83 2
186 85 2
186 86 2
186 88 2
186 90 2
186 91 2
186 92 2
186 93 2
186 94 2
186 95 2
186 96 2
186 97 2
186 98 2
186 99 2
186 101 2
186 102 2
186 103 2
186 104 2
186 105 2
186 106 2
186 107 2
186 109 2
186 110 2
186 111 2
186 114 2
186 118 2
186 119 2
186 120 2
186 121 2
186 123 2
186 124 2
186 127 2
186 129 2
186 130 2
186 131 2
186 133 2
186 136 2
186 140 2
186 141 2
186 142 2
186 144 2
186 147 2
186 152 2
186 153 2
186 156 2
186 157 2
186 160 2
186 161 2
186 166 2
186 167 2
186 169 2
186 170 2
186 172 2
186 173 2
186 174 2
186 176 2
186 177 2
186 179 2
186 181 2
186 183 2
186 185 2
186 186 2
187 0 2
187 1 2
187 5 2
187 6 2
187 7 2
187 8 2
187 9 2
187 12 2
187 13 2
187 14 2
187 20 2
187 22 2
187 24 2
187 26 2
187 28 2
187 29 2
187 30 2
187 31 2
187 32 2
187 34 2
187 35 2
187 38 2
187 39 2
187 40 2
187 42 2
187 43 2
187 44 2
187 45 2
187 46 2
187 48 2
187 50 2
187 53 2
187 54 2
187 56 2
187 57 2
187 58 2
187 59 2
187 60 2
187 61 2
187 62 2
187 63 2
187 64 2
187 65 2
187 66 2
187 67 2
187 68 2
187 69 2
187 70 2
187 71 2
187 74 2
187 75 2
187 76 2
187 77 2
187 80 2
187 82 2
187 84 2
187 85 2
187 86 2
187 87 2
187 88 2
187 89 2
187 91 2
187 92 2
187 93 2
187 95 2
187 96 2
187 98 2
187 99 2
187 101 2
187 103 2
187 106 2
187 107 2
187 108 2
187 109 2
187 110 2
187 111 2
187 114 2
187 116 2
187 117 2
187 118 2
187 119 2
187 120 2
187 121 2
187 122 2
187 123 2
187 126 2
187 127 2
187 128 2
187 129 2
187 131 2
187 132 2
187 134 2
187 136 2
187 137 2
187 138 2
187 142 2
187 143 2
187 144 2
187 146 2
187 147 2
187 148 2
187 149 2
187 151 2
187 152 2
187 153 2
187 156 2
187 157 2
187 158 2
187 159 2
187 161 2
187 162 2
187 163 2
187 165 2
187 167 2
187 168 2
187 171 2
187 173 2
187 175 2
187 176 2
187 177 2
187 178 2
187 179 2
187 181 2
187 183 2
187 184 2
187 185 2
187 186 2
187 187 2
188 0 2
188 2 2
188 3 2
188 4 2
188 6 2
188 8 2
188 9 2
188 10 2
188 12 2
188 13 2
188 14 2
188 15 2
188 16 2
188 17 2
188 18 2
188 20 2
188 21 2
188 23 2
188 24 2
188 26 2
188 27 2
188 30 2
188 31 2
188 33 2
188 34 2
188 35 2
188 36 2
188 38 2
188 40 2
188 41 2
188 43 2
188 44 2
188 45 2
188 46 2
188 47 2
188 49 2
188 51 2
188 53 2
188 54 2
188 57 2
188 61 2
188 64 2
188 67 2
188 70 2
188 71 2
188 72 2
188 73 2
188 74 2
188 75 2
188 77 2
188 78 2
188 79 2
188 80 2
188 81 2
188 82 2
188 83 2
188 84 2
188 85 2
188 87 2
188 89 2
188 91 2
188 92 2
188 93 2
188 94 2
188 95 2
188 96 2
188 97 2
188 99 2
188 100 2
188 101 2
188 103 2
188 105 2
188 106 2
188 110 2
188 111 2
188 112 2
188 113 2
188 114 2
188 115 2
188 117 2
188 118 2
188 119 2
188 121 2
188 122 2
188 123 2
188 124 2
188 125 2
188 127 2
188 128 2
188 129 2
188 130 2
188 131 2
188 132 2
188 133 2
188 134 2
188 135 2
188 136 2
188 137 2
188 138 2
188 141 2
188 142 2
188 143 2
188 144 2
188 145 2
188 147 2
188 149 2
188 152 2
188 153 2
188 155 2
188 157 2
188 158 2
188 164 2
188 165 2
188 166 2
188 167 2
188 170 2
188 171 2
188 173 2
188 174 2
188 175 2
188 177 2
188 178 2
188 180 2
188 181 2
188 183 2
188 184 2
188 185 2
188 188 2
189 0 2
189 3 2
189 4 2
189 6 2
189 7 2
189 8 2
189 10 2
189 13 2
189 14 2
189 15 2
189 16 2
189 17 2
189 19 2
189 20 2
189 21 2
189 23 2
189 24 2
189 26 2
189 27 2
189 28 2
189 32 2
189 34 2
189 35 2
189 37 2
189 39 2
189 40 2
189 41 2
189 42 2
189 43 2
189 44 2
189 45 2
189 46 2
189 47 2
189 48 2
189 49 2
189 51 2
189 53 2
189 54 2
189 56 2
189 57 2
189 58 2
189 60 2
189 61 2
189 62 2
189 65 2
189 66 2
189 67 2
189 69 2
189 70 2
189 71 2
189 73 2
189 74 2
189 75 2
189 77 2
189 78 2
189 79 2
189 80 2
189 81 2
189 82 2
189 83 2
189 84 2
189 86 2
189 87 2
189 88 2
189 90 2
189 91 2
189 92 2
189 93 2
189 94 2
189 95 2
189 96 2
189 98 2
189 99 2
189 100 2
189 101 2
189 102 2
189 103 2
189 105 2
189 106 2
189 107 2
189 108 2
189 110 2
189 111 2
189 113 2
189 114 2
189 115 2
189 117 2
189 118 2
189 119 2
189 120 2
189 121 2
189 122 2
189 123 2
189 124 2
189 125 2
189 127 2
189 128 2
189 131 2
189 132 2
189 133 2
189 135 2
189 138 2
189 140 2
189 142 2
189 144 2
189 146 2
189 147 2
189 148 2
189 152 2
189 153 2
189 155 2
189 156 2
189 157 2
189 158 2
189 159 2
189 160 2
189 165 2
189 166 2
189 168 2
189 170 2
189 171 2
189 172 2
189 173 2
189 175 2
189 176 2
189 177 2
189 179 2
189 180 2
189 181 2
189 182 2
189 183 2
189 185 2
189 187 2
189 189 2
190 0 2
190 2 2
190 4 2
190 5 2
190 6 2
190 7 2
190 8 2
190 9 2
190 12 2
190 14 2
190 15 2
190 17 2
190 19 2
190 21 2
190 24 2
190 26 2
190 27 2
190 28 2
190 29 2
190 32 2
190 35 2
190 37 2
190 38 2
190 40 2
190 41 2
190 42 2
190 43 2
190 44 2
190 46 2
190 51 2
190 53 2
190 54 2
190 58 2
190 60 2
190 62 2
190 64 2
190 66 2
190 68 2
190 71 2
190 72 2
190 74 2
190 75 2
190 76 2
190 77 2
190 78 2
190 79 2
190 80 2
190 82 2
190 83 2
190 84 2
190 86 2
190 89 2
190 90 2
190 91 2
190 94 2
190 95 2
190 97 2
190 102 2
190 103 2
190 104 2
190 105 2
190 107 2
190 108 2
190 109 2
190 110 2
190 111 2
190 112 2
190 114 2
190 115 2
190 118 2
190 121 2
190 122 2
190 123 2
190 124 2
190 126 2
190 127 2
190 129 2
190 130 2
190 131 2
190 132 2
190 133 2
190 135 2
190 136 2
190 137 2
190 138 2
190 141 2
190 142 2
190 144 2
190 145 2
190 147 2
190 148 2
190 151 2
190 152 2
190 153 2
190 156 2
190 157 2
190 158 2
190 159 2
190 160 2
190 163 2
190 165 2
190 166 2
190 167 2
190 168 2
190 170 2
190 177 2
190 179 2
190 181 2
190 183 2
190 184 2
190 185 2
190 188 2
190 189 2
191 0 2
191 2 2
191 4 2
191 5 2
191 6 2
191 7 2
191 9 2
191 10 2
191 12 2
191 13 2
191 14 2
191 15 2
191 17 2
191 18 2
191 19 2
191 21 2
191 22 2
191 23 2
191 25 2
191 26 2
191 28 2
191 29 2
191 31 2
191 32 2
191 33 2
191 34 2
191 38 2
191 39 2
191 42 2
191 44 2
191 48 2
191 53 2
191 54 2
191 56 2
191 57 2
191 60 2
191 61 2
191 63 2
191 65 2
191 66 2
191 67 2
191 70 2
191 72 2
191 75 2
191 77 2
191 78 2
191 79 2
191 80 2
191 81 2
191 82 2
191 83 2
191 85 2
191 86 2
191 89 2
191 91 2
191 92 2
191 93 2
191 96 2
191 98 2
191 99 2
191 101 2
191 102 2
191 103 2
191 104 2
191 105 2
191 106 2
191 107 2
191 108 2
191 110 2
191 111 2
191 112 2
191 115 2
191 116 2
191 118 2
191 119 2
191 120 2
191 121 2
191 124 2
191 127 2
191 130 2
191 131 2
191 135 2
191 136 2
191 137 2
191 138 2
191 141 2
191 142 2
191 143 2
191 145 2
191 146 2
191 147 2
191 148 2
191 149 2
191 151 2
191 152 2
191 153 2
191 154 2
191 155 2
191 156 2
191 157 2
191 158 2
191 159 2
191 161 2
191 163 2
191 164 2
191 166 2
191 168 2
191 170 2
191 171 2
191 172 2
191 173 2
191 174 2
191 175 2
191 177 2
191 179 2
191 181 2
191 183 2
191 186 2
191 187 2
191 188 2
191 189 2
191 190 2
192 5 2
192 7 2
192 9 2
192 11 2
192 12 2
192 18 2
192 31 2
192 33 2
192 34 2
192 43 2
192 50 2
192 52 2
192 62 2
192 65 2
192 67 2
192 85 2
192 87 2
192 90 2
192 91 2
192 94 2
192 95 2
192 96 2
192 99 2
192 100 2
192 102 2
192 104 2
192 110 2
192 111 2
192 112 2
192 113 2
192 121 2
192 128 2
192 132 2
192 134 2
192 139 2
192 140 2
192 147 2
192 152 2
192 155 2
192 160 2
192 161 2
192 178 2
192 182 2
192 190 2
192 192 2
193 0 2
193 2 2
193 4 2
193 5 2
193 6 2
193 7 2
193 9 2
193 12 2
193 13 2
193 15 2
193 16 2
193 17 2
193 18 2
193 19 2
193 21 2
193 22 2
193 23 2
193 24 2
193 26 2
193 27 2
193 28 2
193 29 2
193 30 2
193 31 2
193 35 2
193 36 2
193 38 2
193 39 2
193 40 2
193 43 2
193 44 2
193 48 2
193 49 2
193 51 2
193 57 2
193 61 2
193 64 2
193 65 2
193 67 2
193 69 2
193 71 2
193 72 2
193 73 2
193 75 2
193 76 2
193 77 2
193 79 2
193 81 2
193 82 2
193 83 2
193 84 2
193 86 2
193 87 2
193 88 2
193 89 2
193 90 2
193 91 2
193 93 2
193 94 2
193 97 2
193 98 2
193 99 2
193 100 2
193 101 2
193 104 2
193 107 2
193 108 2
193 109 2
193 110 2
193 111 2
193 114 2
193 117 2
193 118 2
193 119 2
193 120 2
193 121 2
193 122 2
193 124 2
193 128 2
193 129 2
193 130 2
193 131 2
193 132 2
193 133 2
193 134 2
193 135 2
193 136 2
193 137 2
193 138 2
193 141 2
193 143 2
193 144 2
193 146 2
193 147 2
193 148 2
193 151 2
193 152 2
193 153 2
193 156 2
193 157 2
193 158 2
193 159 2
193 160 2
193 164 2
193 165 2
193 166 2
193 167 2
193 168 2
193 169 2
193 170 2
193 171 2
193 172 2
193 173 2
193 174 2
193 176 2
193 177 2
193 179 2
193 182 2
193 183 2
193 184 2
193 185 2
193 186 2
193 188 2
193 189 2
193 191 2
193 193 2
194 0 2
194 2 2
194 3 2
194 4 2
194 5 2
194 6 2
194 7 2
194 8 2
194 9 2
194 10 2
194 13 2
194 14 2
194 16 2
194 17 2
194 19 2
194 23 2
194 24 2
194 26 2
194 27 2
194 28 2
194 30 2
194 36 2
194 37 2
194 38 2
194 39 2
194 40 2
194 41 2
194 44 2
194 46 2
194 48 2
194 50 2
194 51 2
194 54 2
194 56 2
194 58 2
194 60 2
194 62 2
194 64 2
194 65 2
194 67 2
194 68 2
194 70 2
194 72 2
194 73 2
194 74 2
194 75 2
194 77 2
194 80 2
194 81 2
194 82 2
194 83 2
194 84 2
194 85 2
194 86 2
194 87 2
194 90 2
194 93 2
194 95 2
194 96 2
194 97 2
194 98 2
194 99 2
194 100 2
194 101 2
194 102 2
194 103 2
194 106 2
194 107 2
194 108 2
194 109 2
194 110 2
194 111 2
194 113 2
194 114 2
194 115 2
194 116 2
194 118 2
194 119 2
194 121 2
194 123 2
194 124 2
194 126 2
194 128 2
194 129 2
194 132 2
194 134 2
194 135 2
194 137 2
194 138 2
194 139 2
194 140 2
194 141 2
194 142 2
194 143 2
194 144 2
194 145 2
194 146 2
194 147 2
194 148 2
194 149 2
194 155 2
194 156 2
194 162 2
194 165 2
194 167 2
194 168 2
194 169 2
194 171 2
194 172 2
194 174 2
194 175 2
194 176 2
194 177 2
194 184 2
194 185 2
194 187 2
194 188 2
194 189 2
194 190 2
194 191 2
194 192 2
194 193 2
194 194 2
195 0 2
195 2 2
195 5 2
195 7 2
195 8 2
195 9 2
195 10 2
195 12 2
195 13 2
195 14 2
195 15 2
195 17 2
195 18 2
195 20 2
195 21 2
195 25 2
195 26 2
195 28 2
195 29 2
195 30 2
195 32 2
195 33 2
195 36 2
195 37 2
195 39 2
195 40 2
195 42 2
195 44 2
195 45 2
195 47 2
195 48 2
195 51 2
195 53 2
195 54 2
195 56 2
195 57 2
195 59 2
195 60 2
195 62 2
195 63 2
195 65 2
195 66 2
195 67 2
195 70 2
195 71 2
195 75 2
195 76 2
195 77 2
195 79 2
195 82 2
195 84 2
195 87 2
195 88 2
195 89 2
195 90 2
195 92 2
195 93 2
195 94 2
195 95 2
195 96 2
195 97 2
195 99 2
195 100 2
195 101 2
195 102 2
195 103 2
195 106 2
195 107 2
195 108 2
195 109 2
195 116 2
195 117 2
195 118 2
195 120 2
195 121 2
195 122 2
195 123 2
195 124 2
195 125 2
195 129 2
195 131 2
195 132 2
195 133 2
195 134 2
195 135 2
195 137 2
195 138 2
195 141 2
195 142 2
195 144 2
195 146 2
195 147 2
195 150 2
195 152 2
195 153 2
195 156 2
195 158 2
195 159 2
195 161 2
195 162 2
195 163 2
195 166 2
195 167 2
195 170 2
195 171 2
195 173 2
195 174 2
195 177 2
195 179 2
195 180 2
195 181 2
195 186 2
195 187 2
195 188 2
195 189 2
195 190 2
195 191 2
195 193 2
195 195 2
196 2 2
196 3 2
196 5 2
196 7 2
196 8 2
196 10 2
196 11 2
196 12 2
196 13 2
196 14 2
196 15 2
196 16 2
196 17 2
196 19 2
196 20 2
196 21 2
196 22 2
196 23 2
196 24 2
196 26 2
196 27 2
196 28 2
196 29 2
196 31 2
196 32 2
196 35 2
196 37 2
196 38 2
196 39 2
196 40 2
196 42 2
196 43 2
196 44 2
196 45 2
196 46 2
196 48 2
196 49 2
196 50 2
196 52 2
196 53 2
196 56 2
196 57 2
196 60 2
196 61 2
196 62 2
196 63 2
196 66 2
196 67 2
196 72 2
196 74 2
196 76 2
196 77 2
196 78 2
196 82 2
196 83 2
196 86 2
196 90 2
196 91 2
196 92 2
196 97 2
196 98 2
196 99 2
196 100 2
196 101 2
196 102 2
196 103 2
196 107 2
196 108 2
196 109 2
196 110 2
196 111 2
196 112 2
196 113 2
196 114 2
196 115 2
196 116 2
196 118 2
196 119 2
196 120 2
196 121 2
196 122 2
196 124 2
196 125 2
196 126 2
196 127 2
196 129 2
196 130 2
196 131 2
196 132 2
196 133 2
196 135 2
196 136 2
196 137 2
196 138 2
196 142 2
196 143 2
196 144 2
196 145 2
196 148 2
196 152 2
196 153 2
196 154 2
196 155 2
196 156 2
196 159 2
196 160 2
196 161 2
196 162 2
196 163 2
196 164 2
196 166 2
196 169 2
196 170 2
196 172 2
196 175 2
196 176 2
196 179 2
196 180 2
196 181 2
196 183 2
196 184 2
196 185 2
196 186 2
196 187 2
196 188 2
196 189 2
196 190 2
196 191 2
196 193 2
196 194 2
196 195 2
196 196 2
197 4 2
197 5 2
197 6 2
197 7 2
197 8 2
197 9 2
197 10 2
197 12 2
197 14 2
197 15 2
197 16 2
197 17 2
197 18 2
197 19 2
197 20 2
197 21 2
197 22 2
197 24 2
197 25 2
197 26 2
197 27 2
197 29 2
197 30 2
197 31 2
197 32 2
197 35 2
197 36 2
197 38 2
197 39 2
197 40 2
197 41 2
197 42 2
197 44 2
197 45 2
197 47 2
197 51 2
197 54 2
197 57 2
197 59 2
197 60 2
197 62 2
197 63 2
197 67 2
197 68 2
197 69 2
197 70 2
197 71 2
197 72 2
197 73 2
197 74 2
197 75 2
197 77 2
197 78 2
197 80 2
197 82 2
197 83 2
197 85 2
197 86 2
197 88 2
197 90 2
197 91 2
197 92 2
197 93 2
197 95 2
197 97 2
197 98 2
197 99 2
197 100 2
197 103 2
197 104 2
197 105 2
197 107 2
197 108 2
197 111 2
197 113 2
197 116 2
197 117 2
197 118 2
197 119 2
197 120 2
197 121 2
197 122 2
197 123 2
197 124 2
197 125 2
197 126 2
197 127 2
197 129 2
197 131 2
197 133 2
197 136 2
197 137 2
197 138 2
197 139 2
197 141 2
197 142 2
197 143 2
197 144 2
197 146 2
197 147 2
197 148 2
197 149 2
197 152 2
197 154 2
197 155 2
197 157 2
197 158 2
197 160 2
197 161 2
197 162 2
197 164 2
197 165 2
197 166 2
197 169 2
197 170 2
197 171 2
197 172 2
197 173 2
197 174 2
197 176 2
197 177 2
197 180 2
197 181 2
197 183 2
197 184 2
197 185 2
197 186 2
197 187 2
197 190 2
197 191 2
197 193 2
197 195 2
197 196 2
198 0 2
198 2 2
198 3 2
198 4 2
198 5 2
198 7 2
198 9 2
198 10 2
198 11 2
198 12 2
198 13 2
198 14 2
198 15 2
198 16 2
198 20 2
198 21 2
198 22 2
198 23 2
198 24 2
198 27 2
198 29 2
198 30 2
198 31 2
198 37 2
198 38 2
198 39 2
198 42 2
198 43 2
198 44 2
198 45 2
198 46 2
198 48 2
198 51 2
198 54 2
198 56 2
198 57 2
198 58 2
198 59 2
198 60 2
198 61 2
198 62 2
198 63 2
198 64 2
198 67 2
198 70 2
198 72 2
198 73 2
198 74 2
198 75 2
198 83 2
198 84 2
198 85 2
198 86 2
198 87 2
198 88 2
198 89 2
198 90 2
198 91 2
198 93 2
198 94 2
198 95 2
198 96 2
198 98 2
198 100 2
198 101 2
198 103 2
198 106 2
198 107 2
198 108 2
198 109 2
198 110 2
198 111 2
198 113 2
198 114 2
198 115 2
198 118 2
198 119 2
198 120 2
198 121 2
198 123 2
198 124 2
198 125 2
198 126 2
198 128 2
198 129 2
198 130 2
198 131 2
198 133 2
198 136 2
198 138 2
198 140 2
198 142 2
198 143 2
198 145 2
198 147 2
198 148 2
198 152 2
198 153 2
198 156 2
198 158 2
198 159 2
198 160 2
198 161 2
198 162 2
198 163 2
198 164 2
198 168 2
198 169 2
198 172 2
198 176 2
198 177 2
198 179 2
198 180 2
198 184 2
198 185 2
198 186 2
198 187 2
198 190 2
198 194 2
198 196 2
198 197 2
198 198 2
199 1 2
199 2 2
199 4 2
199 5 2
199 6 2
199 7 2
199 8 2
199 10 2
199 11 2
199 12 2
199 13 2
199 14 2
199 15 2
199 16 2
199 19 2
199 20 2
199 21 2
199 22 2
199 23 2
199 25 2
199 26 2
199 28 2
199 30 2
199 31 2
199 32 2
199 37 2
199 38 2
199 39 2
199 40 2
199 42 2
199 45 2
199 47 2
199 48 2
199 49 2
199 51 2
199 53 2
199 54 2
199 56 2
199 57 2
199 59 2
199 60 2
199 61 2
199 62 2
199 63 2
199 68 2
199 70 2
199 71 2
199 72 2
199 75 2
199 76 2
199 77 2
199 78 2
199 82 2
199 83 2
199 85 2
199 86 2
199 87 2
199 88 2
199 90 2
199 91 2
199 93 2
199 94 2
199 95 2
199 96 2
199 97 2
199 98 2
199 99 2
199 100 2
199 102 2
199 103 2
199 104 2
199 106 2
199 107 2
199 108 2
199 109 2
199 110 2
199 111 2
199 113 2
199 114 2
199 116 2
199 118 2
199 122 2
199 123 2
199 124 2
199 125 2
199 126 2
199 130 2
199 135 2
199 136 2
199 137 2
199 139 2
199 140 2
199 141 2
199 144 2
199 145 2
199 146 2
199 152 2
199 153 2
199 155 2
199 156 2
199 158 2
199 159 2
199 162 2
199 163 2
199 166 2
199 167 2
199 168 2
199 170 2
199 171 2
199 172 2
199 173 2
199 175 2
199 176 2
199 177 2
199 179 2
199 182 2
199 183 2
199 184 2
199 186 2
199 187 2
199 188 2
199 189 2
199 190 2
199 191 2
199 192 2
199 193 2
199 194 2
199 195 2
199 196 2
199 197 2
0 0 3
1 1 3
2 1 3
3 0 3
3 1 3
4 4 3
5 0 3
5 4 3
6 0 3
6 4 3
6 6 3
7 3 3
7 7 3
8 1 3
8 2 3
8 3 3
8 4 3
8 7 3
8 8 3
9 2 3
9 3 3
9 7 3
9 8 3
10 6 3
11 0 3
11 1 3
11 3 3
11 5 3
11 8 3
11 9 3
11 11 3
12 1 3
12 2 3
12 3 3
12 4 3
12 7 3
12 8 3
12 9 3
12 12 3
13 0 3
13 1 3
13 4 3
13 5 3
13 7 3
13 8 3
13 11 3
13 13 3
14 4 3
14 5 3
14 6 3
14 10 3
14 14 3
15 4 3
15 5 3
15 6 3
15 9 3
15 10 3
15 13 3
15 15 3
16 6 3
16 10 3
16 12 3
16 13 3
16 14 3
16 15 3
16 16 3
17 1 3
17 7 3
17 9 3
17 11 3
17 14 3
17 17 3
18 1 3
18 8 3
18 9 3
18 11 3
18 15 3
18 18 3
19 0 3
19 5 3
19 6 3
19 9 3
19 10 3
19 13 3
19 15 3
19 16 3
20 1 3
20 2 3
20 3 3
20 5 3
20 7 3
20 8 3
20 9 3
20 11 3
20 12 3
20 13 3
20 14 3
20 16 3
20 18 3
21 1 3
21 3 3
21 6 3
21 10 3
21 13 3
21 15 3
21 17 3
21 19 3
22 0 3
22 1 3
22 4 3
22 5 3
22 10 3
22 14 3
22 15 3
22 21 3
23 0 3
23 3 3
23 4 3
23 6 3
23 10 3
23 14 3
23 15 3
23 16 3
23 17 3
23 19 3
24 0 3
24 1 3
24 2 3
24 3 3
24 8 3
24 9 3
24 11 3
24 13 3
24 17 3
24 18 3
24 21 3
24 24 3
25 1 3
25 7 3
25 8 3
25 9 3
25 12 3
25 13 3
25 17 3
25 20 3
25 23 3
25 24 3
25 25 3
26 4 3
26 5 3
26 7 3
26 9 3
26 10 3
26 11 3
26 13 3
26 15 3
26 16 3
26 18 3
26 19 3
26 21 3
26 22 3
26 23 3
26 26 3
27 1 3
27 3 3
27 7 3
27 8 3
27 12 3
27 14 3
27 20 3
27 21 3
27 25 3
28 0 3
28 1 3
28 7 3
28 8 3
28 9 3
28 10 3
28 11 3
28 12 3
28 15 3
28 17 3
28 20 3
28 21 3
28 23 3
28 25 3
28 27 3
28 28 3
29 0 3
29 4 3
29 11 3
29 13 3
29 14 3
29 16 3
29 18 3
29 19 3
29 21 3
29 22 3
29 23 3
29 24 3
29 26 3
29 28 3
29 29 3
30 1 3
30 7 3
30 8 3
30 11 3
30 12 3
30 13 3
30 17 3
30 18 3
30 20 3
30 24 3
30 25 3
30 27 3
30 28 3
31 0 3
31 2 3
31 4 3
31 5 3
31 6 3
31 10 3
31 11 3
31 13 3
31 14 3
31 16 3
31 23 3
31 26 3
31 29 3
32 0 3
32 1 3
32 4 3
32 5 3
32 6 3
32 14 3
32 15 3
32 18 3
32 22 3
32 23 3
32 24 3
32 31 3
33 1 3
33 3 3
33 6 3
33 8 3
33 9 3
33 12 3
33 15 3
33 17 3
33 20 3
33 21 3
33 24 3
33 25 3
33 28 3
33 30 3
33 33 3
34 1 3
34 2 3
34 3 3
34 7 3
34 8 3
34 9 3
34 11 3
34 16 3
34 17 3
34 20 3
34 23 3
34 24 3
34 30 3
34 31 3
34 33 3
34 34 3
35 3 3
35 7 3
35 8 3
35 9 3
35 12 3
35 17 3
35 18 3
35 26 3
35 27 3
35 30 3
35 35 3
36 0 3
36 3 3
36 5 3
36 6 3
36 11 3
36 13 3
36 14 3
36 15 3
36 16 3
36 18 3
36 19 3
36 21 3
36 23 3
36 26 3
36 29 3
36 31 3
36 36 3
37 0 3
37 4 3
37 5 3
37 10 3
37 13 3
37 14 3
37 15 3
37 16 3
37 19 3
37 21 3
37 22 3
37 23 3
37 26 3
37 29 3
37 31 3
37 32 3
37 36 3
37 37 3
38 0 3
38 2 3
38 3 3
38 6 3
38 7 3
38 8 3
38 9 3
38 10 3
38 11 3
38 12 3
38 14 3
38 17 3
38 27 3
38 30 3
38 32 3
38 33 3
38 35 3
39 1 3
39 2 3
39 3 3
39 6 3
39 7 3
39 9 3
39 11 3
39 13 3
39 16 3
39 17 3
39 18 3
39 21 3
39 24 3
39 25 3
39 27 3
39 33 3
39 34 3
39 35 3
39 36 3
39 38 3
39 39 3
40 0 3
40 4 3
40 5 3
40 7 3
40 8 3
40 9 3
40 10 3
40 13 3
40 14 3
40 16 3
40 17 3
40 23 3
40 24 3
40 26 3
40 31 3
40 36 3
40 37 3
41 1 3
41 2 3
41 3 3
41 7 3
41 8 3
41 9 3
41 11 3
41 12 3
41 16 3
41 17 3
41 20 3
41 21 3
41 22 3
41 23 3
41 24 3
41 27 3
41 28 3
41 30 3
41 31 3
41 34 3
41 35 3
41 38 3
41 39 3
41 41 3
42 5 3
42 6 3
42 10 3
42 14 3
42 15 3
42 16 3
42 19 3
42 20 3
42 21 3
42 22 3
42 26 3
42 27 3
42 29 3
42 30 3
42 31 3
42 32 3
42 34 3
42 36 3
42 37 3
42 40 3
42 42 3
43 0 3
43 1 3
43 2 3
43 7 3
43 8 3
43 9 3
43 11 3
43 12 3
43 17 3
43 22 3
43 24 3
43 27 3
43 29 3
43 30 3
43 33 3
43 35 3
43 38 3
43 39 3
43 41 3
43 42 3
43 43 3
44 0 3
44 2 3
44 3 3
44 5 3
44 6 3
44 7 3
44 14 3
44 15 3
44 16 3
44 23 3
44 25 3
44 26 3
44 28 3
44 29 3
44 30 3
44 31 3
44 32 3
44 34 3
44 36 3
44 39 3
44 40 3
45 1 3
45 3 3
45 8 3
45 12 3
45 13 3
45 17 3
45 18 3
45 20 3
45 21 3
45 22 3
45 23 3
45 24 3
45 27 3
45 28 3
45 34 3
45 38 3
45 39 3
45 41 3
45 43 3
45 44 3
46 0 3
46 2 3
46 4 3
46 5 3
46 10 3
46 11 3
46 13 3
46 14 3
46 15 3
46 16 3
46 17 3
46 19 3
46 21 3
46 22 3
46 26 3
46 29 3
46 31 3
46 32 3
46 42 3
46 43 3
46 44 3
46 46 3
47 1 3
47 2 3
47 4 3
47 7 3
47 8 3
47 9 3
47 10 3
47 11 3
47 12 3
47 15 3
47 18 3
47 19 3
47 20 3
47 25 3
47 27 3
47 28 3
47 30 3
47 31 3
47 34 3
47 35 3
47 36 3
47 39 3
47 41 3
47 43 3
47 45 3
48 0 3
48 2 3
48 3 3
48 6 3
48 7 3
48 8 3
48 11 3
48 18 3
48 24 3
48 25 3
48 27 3
48 28 3
48 29 3
48 33 3
48 34 3
48 35 3
48 41 3
48 43 3
48 44 3
48 47 3
48 48 3
49 2 3
49 3 3
49 4 3
49 5 3
49 8 3
49 10 3
49 11 3
49 12 3
49 13 3
49 14 3
49 15 3
49 16 3
49 22 3
49 23 3
49 26 3
49 27 3
49 29 3
49 31 3
49 32 3
49 33 3
49 36 3
49 37 3
49 40 3
49 41 3
49 42 3
49 46 3
49 49 3
50 1 3
50 2 3
50 3 3
50 4 3
50 5 3
50 7 3
50 9 3
50 11 3
50 13 3
50 18 3
50 24 3
50 30 3
50 33 3
50 34 3
50 35 3
50 37 3
50 38 3
50 39 3
50 41 3
50 43 3
50 44 3
50 45 3
50 47 3
50 50 3
51 1 3
51 2 3
51 3 3
51 9 3
51 12 3
51 14 3
51 19 3
51 20 3
51 21 3
51 24 3
51 25 3
51 27 3
51 28 3
51 30 3
51 33 3
51 34 3
51 35 3
51 38 3
51 39 3
51 43 3
51 45 3
51 48 3
51 50 3
52 1 3
52 2 3
52 3 3
52 6 3
52 7 3
52 8 3
52 9 3
52 10 3
52 11 3
52 12 3
52 15 3
52 16 3
52 17 3
52 18 3
52 21 3
52 24 3
52 25 3
52 28 3
52 33 3
52 38 3
52 40 3
52 41 3
52 43 3
52 45 3
52 48 3
52 50 3
53 1 3
53 2 3
53 3 3
53 8 3
53 9 3
53 11 3
53 12 3
53 18 3
53 25 3
53 26 3
53 28 3
53 30 3
53 33 3
53 34 3
53 35 3
53 37 3
53 38 3
53 39 3
53 42 3
53 43 3
53 45 3
53 47 3
53 48 3
53 51 3
53 52 3
54 0 3
54 1 3
54 3 3
54 7 3
54 8 3
54 9 3
54 12 3
54 16 3
54 17 3
54 18 3
54 20 3
54 21 3
54 23 3
54 24 3
54 25 3
54 27 3
54 28 3
54 30 3
54 33 3
54 34 3
54 35 3
54 38 3
54 39 3
54 41 3
54 43 3
54 47 3
54 48 3
54 51 3
54 52 3
54 53 3
54 54 3
55 2 3
55 3 3
55 6 3
55 7 3
55 8 3
55 9 3
55 10 3
55 11 3
55 15 3
55 18 3
55 20 3
55 25 3
55 28 3
55 30 3
55 31 3
55 33 3
55 34 3
55 35 3
55 39 3
55 43 3
55 45 3
55 47 3
55 48 3
55 49 3
55 50 3
55 51 3
55 53 3
55 55 3
56 3 3
56 5 3
56 6 3
56 8 3
56 13 3
56 14 3
56 16 3
56 18 3
56 20 3
56 22 3
56 26 3
56 28 3
56 29 3
56 31 3
56 37 3
56 41 3
56 42 3
56 46 3
56 48 3
56 49 3
56 50 3
57 0 3
57 3 3
57 4 3
57 6 3
57 11 3
57 12 3
57 13 3
57 16 3
57 17 3
57 18 3
57 19 3
57 21 3
57 23 3
57 26 3
57 28 3
57 29 3
57 31 3
57 32 3
57 35 3
57 36 3
57 39 3
57 42 3
57 44 3
57 49 3
57 50 3
57 51 3
57 56 3
57 57 3
58 0 3
58 4 3
58 5 3
58 6 3
58 13 3
58 14 3
58 15 3
58 16 3
58 18 3
58 19 3
58 22 3
58 23 3
58 26 3
58 28 3
58 29 3
58 31 3
58 36 3
58 39 3
58 40 3
58 42 3
58 43 3
58 45 3
58 56 3
58 58 3
59 3 3
59 4 3
59 5 3
59 6 3
59 10 3
59 13 3
59 14 3
59 15 3
59 17 3
59 19 3
59 21 3
59 22 3
59 23 3
59 29 3
59 31 3
59 32 3
59 35 3
59 37 3
59 38 3
59 40 3
59 42 3
59 48 3
59 49 3
59 53 3
59 56 3
59 58 3
59 59 3
60 0 3
60 1 3
60 4 3
60 5 3
60 6 3
60 10 3
60 14 3
60 15 3
60 16 3
60 21 3
60 22 3
60 28 3
60 30 3
60 32 3
60 36 3
60 37 3
60 38 3
60 40 3
60 42 3
60 44 3
60 46 3
60 49 3
60 54 3
60 58 3
61 4 3
61 5 3
61 10 3
61 14 3
61 15 3
61 16 3
61 19 3
61 22 3
61 23 3
61 25 3
61 27 3
61 29 3
61 31 3
61 32 3
61 36 3
61 37 3
61 40 3
61 42 3
61 44 3
61 51 3
61 56 3
61 58 3
61 59 3
62 0 3
62 1 3
62 2 3
62 4 3
62 7 3
62 8 3
62 9 3
62 11 3
62 13 3
62 17 3
62 19 3
62 20 3
62 24 3
62 25 3
62 27 3
62 28 3
62 29 3
62 30 3
62 31 3
62 32 3
62 36 3
62 37 3
62 38 3
62 41 3
62 44 3
62 45 3
62 47 3
62 48 3
62 50 3
62 51 3
62 52 3
62 53 3
62 54 3
62 55 3
63 4 3
63 6 3
63 10 3
63 12 3
63 15 3
63 16 3
63 19 3
63 20 3
63 21 3
63 22 3
63 23 3
63 29 3
63 30 3
63 31 3
63 32 3
63 36 3
63 40 3
63 42 3
63 44 3
63 46 3
63 49 3
63 52 3
63 56 3
63 57 3
63 58 3
63 59 3
63 60 3
63 63 3
64 4 3
64 6 3
64 8 3
64 10 3
64 13 3
64 14 3
64 16 3
64 21 3
64 23 3
64 24 3
64 26 3
64 32 3
64 40 3
64 42 3
64 44 3
64 46 3
64 49 3
64 51 3
64 56 3
64 57 3
64 58 3
64 59 3
64 60 3
64 61 3
64 63 3
64 64 3
65 1 3
65 2 3
65 5 3
65 8 3
65 9 3
65 10 3
65 12 3
65 17 3
65 18 3
65 20 3
65 25 3
65 27 3
65 28 3
65 30 3
65 31 3
65 33 3
65 34 3
65 37 3
65 38 3
65 39 3
65 43 3
65 47 3
65 50 3
65 52 3
65 53 3
65 54 3
65 55 3
65 60 3
65 62 3
65 65 3
66 4 3
66 5 3
66 6 3
66 7 3
66 10 3
66 12 3
66 13 3
66 14 3
66 16 3
66 17 3
66 18 3
66 19 3
66 21 3
66 23 3
66 26 3
66 27 3
66 29 3
66 31 3
66 32 3
66 36 3
66 37 3
66 40 3
66 42 3
66 44 3
66 45 3
66 49 3
66 56 3
66 57 3
66 59 3
66 60 3
66 61 3
66 62 3
66 64 3
66 66 3
67 0 3
67 7 3
67 8 3
67 9 3
67 12 3
67 13 3
67 17 3
67 18 3
67 24 3
67 25 3
67 27 3
67 28 3
67 30 3
67 31 3
67 32 3
67 33 3
67 34 3
67 35 3
67 39 3
67 43 3
67 45 3
67 47 3
67 48 3
67 51 3
67 52 3
67 54 3
67 55 3
67 56 3
67 59 3
67 61 3
67 62 3
68 0 3
68 4 3
68 5 3
68 10 3
68 13 3
68 14 3
68 15 3
68 21 3
68 22 3
68 23 3
68 31 3
68 34 3
68 35 3
68 36 3
68 37 3
68 39 3
68 40 3
68 42 3
68 44 3
68 45 3
68 48 3
68 49 3
68 56 3
68 57 3
68 58 3
68 59 3
68 60 3
68 62 3
68 63 3
68 66 3
68 68 3
69 2 3
69 6 3
69 8 3
69 17 3
69 20 3
69 22 3
69 24 3
69 25 3
69 27 3
69 28 3
69 29 3
69 34 3
69 35 3
69 37 3
69 38 3
69 39 3
69 41 3
69 43 3
69 45 3
69 47 3
69 50 3
69 51 3
69 53 3
69 54 3
69 55 3
69 62 3
69 65 3
69 67 3
70 2 3
70 8 3
70 9 3
70 11 3
70 12 3
70 17 3
70 18 3
70 20 3
70 21 3
70 23 3
70 24 3
70 30 3
70 33 3
70 35 3
70 41 3
70 43 3
70 45 3
70 47 3
70 48 3
70 50 3
70 51 3
70 52 3
70 53 3
70 54 3
70 55 3
70 59 3
70 62 3
70 65 3
70 69 3
70 70 3
71 0 3
71 2 3
71 6 3
71 10 3
71 11 3
71 13 3
71 15 3
71 16 3
71 17 3
71 18 3
71 19 3
71 21 3
71 22 3
71 23 3
71 26 3
71 29 3
71 32 3
71 36 3
71 37 3
71 42 3
71 43 3
71 44 3
71 46 3
71 49 3
71 51 3
71 56 3
71 59 3
71 66 3
71 71 3
72 0 3
72 6 3
72 16 3
72 18 3
72 19 3
72 21 3
72 23 3
72 26 3
72 27 3
72 29 3
72 33 3
72 36 3
72 38 3
72 40 3
72 41 3
72 42 3
72 44 3
72 45 3
72 46 3
72 53 3
72 54 3
72 56 3
72 57 3
72 59 3
72 61 3
72 62 3
72 63 3
72 64 3
72 65 3
72 66 3
72 68 3
72 71 3
72 72 3
73 1 3
73 2 3
73 3 3
73 7 3
73 8 3
73 10 3
73 11 3
73 12 3
73 14 3
73 17 3
73 20 3
73 22 3
73 24 3
73 27 3
73 30 3
73 32 3
73 33 3
73 34 3
73 35 3
73 38 3
73 39 3
73 40 3
73 41 3
73 43 3
73 45 3
73 48 3
73 52 3
73 53 3
73 54 3
73 55 3
73 62 3
73 63 3
73 64 3
73 67 3
73 70 3
73 73 3
74 1 3
74 2 3
74 3 3
74 5 3
74 7 3
74 11 3
74 17 3
74 18 3
74 19 3
74 20 3
74 21 3
74 22 3
74 24 3
74 25 3
74 27 3
74 28 3
74 32 3
74 33 3
74 35 3
74 36 3
74 38 3
74 45 3
74 48 3
74 50 3
74 51 3
74 52 3
74 53 3
74 54 3
74 65 3
74 69 3
74 70 3
74 72 3
74 73 3
74 74 3
75 1 3
75 2 3
75 3 3
75 7 3
75 9 3
75 10 3
75 11 3
75 17 3
75 18 3
75 20 3
75 22 3
75 24 3
75 27 3
75 28 3
75 29 3
75 30 3
75 33 3
75 34 3
75 35 3
75 36 3
75 41 3
75 43 3
75 44 3
75 47 3
75 50 3
75 51 3
75 52 3
75 53 3
75 54 3
75 55 3
75 56 3
75 57 3
75 62 3
75 64 3
75 67 3
75 69 3
75 70 3
75 74 3
75 75 3
76 1 3
76 2 3
76 5 3
76 7 3
76 8 3
76 11 3
76 12 3
76 15 3
76 17 3
76 20 3
76 22 3
76 23 3
76 24 3
76 25 3
76 26 3
76 27 3
76 28 3
76 30 3
76 31 3
76 32 3
76 35 3
76 38 3
76 40 3
76 41 3
76 43 3
76 45 3
76 50 3
76 52 3
76 53 3
76 54 3
76 55 3
76 62 3
76 65 3
76 67 3
76 69 3
76 70 3
76 73 3
76 74 3
76 75 3
76 76 3
77 4 3
77 5 3
77 10 3
77 13 3
77 15 3
77 19 3
77 21 3
77 23 3
77 26 3
77 32 3
77 36 3
77 37 3
77 39 3
77 40 3
77 44 3
77 46 3
77 47 3
77 49 3
77 54 3
77 55 3
77 58 3
77 59 3
77 60 3
77 63 3
77 64 3
77 65 3
77 68 3
77 70 3
77 71 3
77 73 3
77 77 3
78 0 3
78 1 3
78 2 3
78 4 3
78 5 3
78 6 3
78 13 3
78 15 3
78 16 3
78 18 3
78 20 3
78 21 3
78 23 3
78 24 3
78 25 3
78 26 3
78 29 3
78 30 3
78 31 3
78 34 3
78 36 3
78 37 3
78 40 3
78 44 3
78 45 3
78 46 3
78 47 3
78 49 3
78 54 3
78 56 3
78 58 3
78 59 3
78 62 3
78 66 3
78 68 3
78 69 3
79 0 3
79 2 3
79 5 3
79 10 3
79 13 3
79 14 3
79 15 3
79 16 3
79 19 3
79 20 3
79 23 3
79 26 3
79 28 3
79 30 3
79 32 3
79 34 3
79 36 3
79 37 3
79 40 3
79 42 3
79 44 3
79 46 3
79 49 3
79 51 3
79 54 3
79 56 3
79 57 3
79 58 3
79 59 3
79 61 3
79 63 3
79 64 3
79 68 3
79 71 3
79 72 3
79 76 3
79 79 3
80 1 3
80 8 3
80 9 3
80 11 3
80 12 3
80 17 3
80 18 3
80 19 3
80 20 3
80 25 3
80 27 3
80 30 3
80 31 3
80 37 3
80 39 3
80 45 3
80 47 3
80 48 3
80 50 3
80 53 3
80 54 3
80 55 3
80 57 3
80 62 3
80 65 3
80 69 3
80 73 3
80 74 3
80 75 3
80 79 3
81 1 3
81 2 3
81 3 3
81 8 3
81 9 3
81 11 3
81 13 3
81 17 3
81 18 3
81 25 3
81 30 3
81 31 3
81 34 3
81 35 3
81 39 3
81 41 3
81 43 3
81 47 3
81 49 3
81 53 3
81 55 3
81 62 3
81 65 3
81 67 3
81 68 3
81 69 3
81 73 3
81 75 3
81 76 3
81 79 3
81 80 3
81 81 3
82 0 3
82 2 3
82 4 3
82 10 3
82 13 3
82 14 3
82 16 3
82 19 3
82 21 3
82 22 3
82 23 3
82 26 3
82 29 3
82 31 3
82 32 3
82 36 3
82 40 3
82 42 3
82 44 3
82 46 3
82 49 3
82 57 3
82 59 3
82 60 3
82 61 3
82 64 3
82 68 3
82 69 3
82 71 3
82 75 3
82 78 3
82 79 3
83 4 3
83 5 3
83 6 3
83 9 3
83 10 3
83 12 3
83 13 3
83 14 3
83 16 3
83 21 3
83 23 3
83 24 3
83 29 3
83 31 3
83 32 3
83 35 3
83 45 3
83 46 3
83 48 3
83 49 3
83 54 3
83 57 3
83 58 3
83 59 3
83 60 3
83 63 3
83 64 3
83 66 3
83 67 3
83 68 3
83 72 3
83 73 3
83 77 3
83 79 3
83 81 3
83 82 3
83 83 3
84 0 3
84 4 3
84 5 3
84 6 3
84 13 3
84 15 3
84 16 3
84 19 3
84 21 3
84 26 3
84 28 3
84 29 3
84 30 3
84 33 3
84 35 3
84 36 3
84 40 3
84 42 3
84 49 3
84 53 3
84 56 3
84 57 3
84 58 3
84 59 3
84 60 3
84 61 3
84 63 3
84 64 3
84 66 3
84 69 3
84 71 3
84 72 3
84 74 3
84 76 3
84 77 3
84 78 3
84 79 3
84 82 3
84 83 3
84 84 3
85 0 3
85 4 3
85 10 3
85 14 3
85 15 3
85 19 3
85 21 3
85 22 3
85 23 3
85 29 3
85 32 3
85 33 3
85 40 3
85 41 3
85 42 3
85 44 3
85 45 3
85 50 3
85 57 3
85 58 3
85 59 3
85 61 3
85 63 3
85 66 3
85 71 3
85 72 3
85 77 3
85 78 3
85 81 3
85 82 3
85 83 3
85 84 3
85 85 3
86 1 3
86 2 3
86 8 3
86 9 3
86 11 3
86 12 3
86 14 3
86 17 3
86 20 3
86 24 3
86 25 3
86 27 3
86 31 3
86 32 3
86 33 3
86 34 3
86 36 3
86 38 3
86 39 3
86 42 3
86 44 3
86 45 3
86 47 3
86 48 3
86 50 3
86 51 3
86 53 3
86 54 3
86 55 3
86 60 3
86 61 3
86 62 3
86 65 3
86 66 3
86 67 3
86 69 3
86 72 3
86 73 3
86 74 3
86 75 3
86 76 3
86 77 3
86 79 3
86 81 3
86 82 3
87 2 3
87 3 3
87 8 3
87 9 3
87 11 3
87 17 3
87 18 3
87 20 3
87 24 3
87 25 3
87 26 3
87 28 3
87 30 3
87 32 3
87 33 3
87 34 3
87 35 3
87 39 3
87 40 3
87 41 3
87 43 3
87 45 3
87 47 3
87 48 3
87 49 3
87 50 3
87 51 3
87 52 3
87 53 3
87 54 3
87 62 3
87 65 3
87 68 3
87 70 3
87 75 3
87 77 3
87 80 3
87 81 3
87 82 3
87 84 3
87 87 3
88 5 3
88 7 3
88 8 3
88 9 3
88 10 3
88 12 3
88 15 3
88 18 3
88 20 3
88 25 3
88 26 3
88 27 3
88 28 3
88 30 3
88 32 3
88 33 3
88 38 3
88 42 3
88 44 3
88 47 3
88 49 3
88 50 3
88 51 3
88 52 3
88 54 3
88 55 3
88 56 3
88 59 3
88 62 3
88 67 3
88 69 3
88 73 3
88 75 3
88 77 3
88 80 3
88 81 3
88 82 3
88 85 3
88 86 3
88 87 3
88 88 3
89 1 3
89 2 3
89 3 3
89 7 3
89 9 3
89 18 3
89 27 3
89 31 3
89 34 3
89 38 3
89 43 3
89 45 3
89 46 3
89 47 3
89 48 3
89 51 3
89 52 3
89 54 3
89 57 3
89 62 3
89 67 3
89 69 3
89 73 3
89 74 3
89 76 3
89 80 3
89 81 3
89 86 3
89 87 3
89 88 3
89 89 3
90 0 3
90 5 3
90 10 3
90 13 3
90 14 3
90 15 3
90 16 3
90 19 3
90 21 3
90 26 3
90 27 3
90 29 3
90 31 3
90 32 3
90 33 3
90 36 3
90 37 3
90 38 3
90 40 3
90 41 3
90 46 3
90 56 3
90 58 3
90 59 3
90 60 3
90 61 3
90 66 3
90 71 3
90 73 3
90 76 3
90 77 3
90 78 3
90 82 3
90 84 3
90 85 3
90 90 3
91 2 3
91 3 3
91 4 3
91 8 3
91 9 3
91 11 3
91 12 3
91 15 3
91 18 3
91 21 3
91 25 3
91 27 3
91 28 3
91 30 3
91 31 3
91 33 3
91 35 3
91 38 3
91 39 3
91 41 3
91 43 3
91 45 3
91 46 3
91 47 3
91 48 3
91 51 3
91 54 3
91 55 3
91 61 3
91 62 3
91 65 3
91 67 3
91 69 3
91 70 3
91 71 3
91 73 3
91 75 3
91 76 3
91 81 3
91 88 3
91 89 3
91 91 3
92 1 3
92 2 3
92 3 3
92 4 3
92 7 3
92 8 3
92 11 3
92 12 3
92 16 3
92 17 3
92 25 3
92 27 3
92 28 3
92 29 3
92 30 3
92 33 3
92 34 3
92 35 3
92 38 3
92 39 3
92 41 3
92 43 3
92 45 3
92 47 3
92 48 3
92 50 3
92 52 3
92 53 3
92 55 3
92 60 3
92 61 3
92 62 3
92 65 3
92 66 3
92 67 3
92 69 3
92 74 3
92 75 3
92 76 3
92 80 3
92 86 3
92 87 3
92 89 3
92 90 3
92 92 3
93 1 3
93 2 3
93 3 3
93 7 3
93 8 3
93 9 3
93 10 3
93 11 3
93 13 3
93 17 3
93 18 3
93 20 3
93 22 3
93 24 3
93 27 3
93 30 3
93 33 3
93 35 3
93 37 3
93 38 3
93 39 3
93 41 3
93 43 3
93 47 3
93 48 3
93 50 3
93 52 3
93 54 3
93 55 3
93 62 3
93 67 3
93 70 3
93 73 3
93 75 3
93 76 3
93 80 3
93 81 3
93 86 3
93 87 3
93 88 3
93 90 3
93 91 3
93 92 3
94 1 3
94 7 3
94 8 3
94 9 3
94 11 3
94 12 3
94 16 3
94 17 3
94 18 3
94 27 3
94 30 3
94 33 3
94 34 3
94 38 3
94 39 3
94 41 3
94 42 3
94 43 3
94 45 3
94 48 3
94 51 3
94 53 3
94 55 3
94 62 3
94 64 3
94 69 3
94 73 3
94 76 3
94 79 3
94 80 3
94 81 3
94 82 3
94 84 3
94 86 3
94 87 3
94 89 3
94 91 3
94 94 3
95 1 3
95 2 3
95 3 3
95 7 3
95 8 3
95 11 3
95 12 3
95 15 3
95 17 3
95 18 3
95 20 3
95 24 3
95 25 3
95 27 3
95 28 3
95 29 3
95 33 3
95 35 3
95 38 3
95 39 3
95 42 3
95 45 3
95 48 3
95 50 3
95 53 3
95 54 3
95 57 3
95 58 3
95 61 3
95 62 3
95 65 3
95 67 3
95 69 3
95 75 3
95 76 3
95 80 3
95 81 3
95 86 3
95 87 3
95 88 3
95 89 3
95 91 3
95 93 3
95 94 3
95 95 3
96 0 3
96 1 3
96 2 3
96 3 3
96 7 3
96 8 3
96 10 3
96 11 3
96 18 3
96 19 3
96 20 3
96 23 3
96 24 3
96 25 3
96 27 3
96 28 3
96 29 3
96 30 3
96 31 3
96 32 3
96 33 3
96 36 3
96 39 3
96 43 3
96 45 3
96 47 3
96 50 3
96 51 3
96 52 3
96 53 3
96 54 3
96 55 3
96 59 3
96 62 3
96 65 3
96 66 3
96 67 3
96 70 3
96 72 3
96 73 3
96 74 3
96 75 3
96 79 3
96 82 3
96 86 3
96 87 3
96 88 3
96 89 3
96 93 3
96 95 3
97 1 3
97 3 3
97 5 3
97 7 3
97 8 3
97 9 3
97 11 3
97 12 3
97 17 3
97 20 3
97 23 3
97 24 3
97 26 3
97 27 3
97 28 3
97 33 3
97 35 3
97 41 3
97 43 3
97 44 3
97 52 3
97 53 3
97 55 3
97 56 3
97 57 3
97 58 3
97 62 3
97 65 3
97 67 3
97 69 3
97 70 3
97 73 3
97 74 3
97 75 3
97 78 3
97 81 3
97 82 3
97 86 3
97 87 3
97 88 3
97 89 3
97 92 3
97 93 3
97 94 3
97 96 3
97 97 3
98 0 3
98 3 3
98 5 3
98 10 3
98 13 3
98 14 3
98 15 3
98 19 3
98 21 3
98 22 3
98 23 3
98 29 3
98 31 3
98 34 3
98 36 3
98 37 3
98 40 3
98 46 3
98 49 3
98 52 3
98 55 3
98 56 3
98 57 3
98 58 3
98 59 3
98 63 3
98 64 3
98 66 3
98 68 3
98 71 3
98 72 3
98 82 3
98 83 3
98 84 3
98 85 3
98 87 3
98 90 3
98 97 3
98 98 3
99 0 3
99 4 3
99 5 3
99 6 3
99 7 3
99 9 3
99 10 3
99 13 3
99 15 3
99 16 3
99 17 3
99 19 3
99 21 3
99 22 3
99 23 3
99 27 3
99 29 3
99 35 3
99 36 3
99 38 3
99 39 3
99 40 3
99 41 3
99 43 3
99 44 3
99 46 3
99 49 3
99 50 3
99 57 3
99 58 3
99 59 3
99 60 3
99 61 3
99 71 3
99 72 3
99 73 3
99 74 3
99 77 3
99 78 3
99 79 3
99 82 3
99 83 3
99 84 3
99 89 3
99 90 3
99 91 3
99 96 3
99 97 3
99 98 3
99 99 3
100 1 3
100 3 3
100 5 3
100 6 3
100 10 3
100 15 3
100 16 3
100 17 3
100 22 3
100 23 3
100 26 3
100 29 3
100 31 3
100 32 3
100 37 3
100 40 3
100 41 3
100 42 3
100 43 3
100 45 3
100 47 3
100 49 3
100 58 3
100 61 3
100 63 3
100 64 3
100 66 3
100 68 3
100 71 3
100 72 3
100 73 3
100 77 3
100 78 3
100 83 3
100 84 3
100 90 3
100 94 3
100 96 3
100 98 3
100 99 3
100 100 3
101 1 3
101 3 3
101 5 3
101 9 3
101 11 3
101 12 3
101 17 3
101 19 3
101 23 3
101 30 3
101 33 3
101 34 3
101 35 3
101 39 3
101 45 3
101 46 3
101 47 3
101 48 3
101 50 3
101 52 3
101 54 3
101 55 3
101 61 3
101 63 3
101 65 3
101 66 3
101 67 3
101 69 3
101 73 3
101 74 3
101 76 3
101 80 3
101 83 3
101 88 3
101 91 3
101 92 3
101 93 3
101 94 3
101 97 3
101 98 3
101 100 3
101 101 3
102 0 3
102 4 3
102 5 3
102 10 3
102 11 3
102 13 3
102 14 3
102 15 3
102 16 3
102 17 3
102 19 3
102 22 3
102 23 3
102 26 3
102 29 3
102 31 3
102 32 3
102 34 3
102 36 3
102 37 3
102 40 3
102 42 3
102 43 3
102 44 3
102 46 3
102 47 3
102 56 3
102 57 3
102 58 3
102 60 3
102 61 3
102 63 3
102 64 3
102 66 3
102 71 3
102 72 3
102 77 3
102 78 3
102 81 3
102 82 3
102 83 3
102 84 3
102 91 3
102 92 3
102 100 3
102 102 3
103 1 3
103 3 3
103 7 3
103 9 3
103 11 3
103 12 3
103 18 3
103 20 3
103 24 3
103 25 3
103 27 3
103 30 3
103 33 3
103 35 3
103 38 3
103 39 3
103 40 3
103 41 3
103 44 3
103 45 3
103 47 3
103 48 3
103 54 3
103 65 3
103 67 3
103 68 3
103 74 3
103 76 3
103 78 3
103 81 3
103 83 3
103 86 3
103 87 3
103 88 3
103 89 3
103 90 3
103 91 3
103 92 3
103 96 3
103 97 3
104 3 3
104 7 3
104 8 3
104 9 3
104 12 3
104 14 3
104 18 3
104 20 3
104 24 3
104 25 3
104 26 3
104 27 3
104 28 3
104 30 3
104 31 3
104 34 3
104 35 3
104 38 3
104 39 3
104 41 3
104 43 3
104 44 3
104 45 3
104 50 3
104 52 3
104 53 3
104 54 3
104 56 3
104 59 3
104 60 3
104 63 3
104 66 3
104 69 3
104 70 3
104 71 3
104 73 3
104 74 3
104 75 3
104 76 3
104 77 3
104 78 3
104 80 3
104 81 3
104 84 3
104 86 3
104 87 3
104 89 3
104 91 3
104 92 3
104 93 3
104 95 3
104 96 3
104 97 3
104 98 3
104 99 3
104 101 3
104 103 3
105 0 3
105 1 3
105 2 3
105 5 3
105 6 3
105 10 3
105 15 3
105 16 3
105 17 3
105 19 3
105 22 3
105 27 3
105 29 3
105 31 3
105 32 3
105 35 3
105 37 3
105 42 3
105 44 3
105 46 3
105 47 3
105 48 3
105 49 3
105 55 3
105 56 3
105 59 3
105 60 3
105 63 3
105 64 3
105 66 3
105 67 3
105 68 3
105 74 3
105 77 3
105 81 3
105 82 3
105 83 3
105 85 3
105 90 3
105 95 3
105 98 3
105 99 3
105 100 3
105 102 3
105 104 3
105 105 3
106 2 3
106 7 3
106 8 3
106 9 3
106 11 3
106 16 3
106 18 3
106 20 3
106 24 3
106 25 3
106 27 3
106 28 3
106 30 3
106 33 3
106 35 3
106 38 3
106 39 3
106 41 3
106 43 3
106 44 3
106 47 3
106 50 3
106 52 3
106 53 3
106 54 3
106 59 3
106 60 3
106 62 3
106 64 3
106 67 3
106 73 3
106 74 3
106 75 3
106 76 3
106 83 3
106 85 3
106 86 3
106 87 3
106 88 3
106 89 3
106 90 3
106 92 3
106 93 3
106 94 3
106 96 3
106 101 3
106 102 3
106 103 3
106 104 3
106 106 3
107 1 3
107 2 3
107 3 3
107 6 3
107 8 3
107 9 3
107 11 3
107 12 3
107 14 3
107 20 3
107 23 3
107 24 3
107 25 3
107 27 3
107 28 3
107 30 3
107 34 3
107 35 3
107 41 3
107 43 3
107 46 3
107 47 3
107 50 3
107 52 3
107 54 3
107 61 3
107 62 3
107 63 3
107 65 3
107 66 3
107 67 3
107 70 3
107 71 3
107 73 3
107 74 3
107 75 3
107 76 3
107 79 3
107 80 3
107 86 3
107 89 3
107 91 3
107 92 3
107 93 3
107 94 3
107 95 3
107 96 3
107 97 3
107 99 3
107 103 3
107 105 3
107 106 3
107 107 3
108 0 3
108 6 3
108 10 3
108 13 3
108 15 3
108 19 3
108 21 3
108 22 3
108 27 3
108 28 3
108 29 3
108 30 3
108 31 3
108 32 3
108 33 3
108 36 3
108 37 3
108 39 3
108 42 3
108 44 3
108 47 3
108 48 3
108 51 3
108 56 3
108 59 3
108 60 3
108 64 3
108 65 3
108 66 3
108 68 3
108 69 3
108 71 3
108 77 3
108 79 3
108 82 3
108 83 3
108 84 3
108 85 3
108 90 3
108 94 3
108 99 3
108 100 3
108 107 3
109 1 3
109 4 3
109 5 3
109 8 3
109 10 3
109 13 3
109 14 3
109 16 3
109 18 3
109 19 3
109 21 3
109 23 3
109 26 3
109 29 3
109 31 3
109 32 3
109 34 3
109 37 3
109 39 3
109 40 3
109 42 3
109 44 3
109 49 3
109 56 3
109 57 3
109 59 3
109 60 3
109 61 3
109 63 3
109 64 3
109 66 3
109 68 3
109 69 3
109 72 3
109 78 3
109 81 3
109 82 3
109 84 3
109 85 3
109 88 3
109 90 3
109 93 3
109 100 3
109 102 3
109 105 3
109 106 3
109 109 3
110 0 3
110 4 3
110 6 3
110 13 3
110 14 3
110 19 3
110 26 3
110 29 3
110 31 3
110 37 3
110 40 3
110 43 3
110 44 3
110 45 3
110 49 3
110 51 3
110 54 3
110 56 3
110 57 3
110 59 3
110 61 3
110 63 3
110 64 3
110 66 3
110 71 3
110 77 3
110 78 3
110 79 3
110 84 3
110 85 3
110 87 3
110 90 3
110 96 3
110 98 3
110 99 3
110 100 3
110 102 3
110 108 3
110 109 3
110 110 3
111 0 3
111 6 3
111 10 3
111 13 3
111 14 3
111 15 3
111 16 3
111 17 3
111 19 3
111 20 3
111 21 3
111 22 3
111 23 3
111 24 3
111 29 3
111 32 3
111 33 3
111 34 3
111 36 3
111 37 3
111 38 3
111 40 3
111 42 3
111 44 3
111 46 3
111 49 3
111 50 3
111 51 3
111 57 3
111 58 3
111 60 3
111 61 3
111 62 3
111 66 3
111 68 3
111 71 3
111 73 3
111 78 3
111 79 3
111 81 3
111 82 3
111 84 3
111 85 3
111 87 3
111 93 3
111 96 3
111 99 3
111 100 3
111 102 3
111 103 3
111 105 3
111 106 3
111 107 3
111 108 3
111 109 3
111 111 3
112 2 3
112 3 3
112 8 3
112 9 3
112 11 3
112 12 3
112 17 3
112 18 3
112 20 3
112 24 3
112 30 3
112 32 3
112 33 3
112 35 3
112 36 3
112 38 3
112 43 3
112 47 3
112 48 3
112 50 3
112 51 3
112 52 3
112 54 3
112 55 3
112 56 3
112 59 3
112 60 3
112 65 3
112 69 3
112 73 3
112 74 3
112 76 3
112 83 3
112 86 3
112 87 3
112 88 3
112 89 3
112 92 3
112 93 3
112 95 3
112 101 3
112 103 3
112 104 3
112 106 3
112 111 3
112 112 3
113 1 3
113 2 3
113 3 3
113 8 3
113 11 3
113 17 3
113 18 3
113 20 3
113 24 3
113 25 3
113 26 3
113 27 3
113 30 3
113 33 3
113 34 3
113 35 3
113 40 3
113 41 3
113 43 3
113 44 3
113 47 3
113 48 3
113 49 3
113 50 3
113 51 3
113 53 3
113 54 3
113 55 3
113 62 3
113 65 3
113 67 3
113 69 3
113 72 3
113 73 3
113 75 3
113 76 3
113 77 3
113 78 3
113 86 3
113 87 3
113 88 3
113 89 3
113 92 3
113 93 3
113 94 3
113 95 3
113 96 3
113 98 3
113 99 3
113 101 3
113 102 3
113 103 3
113 104 3
113 105 3
113 106 3
113 107 3
113 113 3
114 1 3
114 2 3
114 8 3
114 9 3
114 11 3
114 17 3
114 18 3
114 20 3
114 23 3
114 24 3
114 27 3
114 28 3
114 30 3
114 33 3
114 34 3
114 35 3
114 39 3
114 41 3
114 42 3
114 43 3
114 44 3
114 45 3
114 47 3
114 51 3
114 52 3
114 53 3
114 54 3
114 55 3
114 58 3
114 62 3
114 65 3
114 67 3
114 68 3
114 69 3
114 71 3
114 75 3
114 76 3
114 78 3
114 80 3
114 81 3
114 86 3
114 87 3
114 88 3
114 89 3
114 91 3
114 92 3
114 93 3
114 95 3
114 96 3
114 97 3
114 98 3
114 101 3
114 103 3
114 104 3
114 105 3
114 108 3
114 110 3
114 113 3
114 114 3
115 1 3
115 2 3
115 3 3
115 9 3
115 11 3
115 17 3
115 18 3
115 19 3
115 20 3
115 21 3
115 24 3
115 26 3
115 27 3
115 28 3
115 30 3
115 32 3
115 33 3
115 34 3
115 35 3
115 38 3
115 39 3
115 41 3
115 45 3
115 47 3
115 48 3
115 50 3
115 51 3
115 53 3
115 54 3
115 55 3
115 57 3
115 58 3
115 62 3
115 64 3
115 65 3
115 69 3
115 72 3
115 74 3
115 76 3
115 77 3
115 81 3
115 86 3
115 89 3
115 90 3
115 91 3
115 92 3
115 94 3
115 95 3
115 96 3
115 97 3
115 103 3
115 104 3
115 107 3
115 110 3
115 111 3
115 112 3
115 114 3
115 115 3
116 1 3
116 3 3
116 4 3
116 7 3
116 8 3
116 9 3
116 11 3
116 12 3
116 13 3
116 15 3
116 16 3
116 18 3
116 20 3
116 21 3
116 22 3
116 24 3
116 25 3
116 27 3
116 28 3
116 30 3
116 34 3
116 35 3
116 39 3
116 41 3
116 42 3
116 45 3
116 47 3
116 48 3
116 50 3
116 52 3
116 54 3
116 55 3
116 57 3
116 62 3
116 65 3
116 67 3
116 68 3
116 69 3
116 70 3
116 74 3
116 75 3
116 76 3
116 80 3
116 81 3
116 82 3
116 87 3
116 89 3
116 90 3
116 94 3
116 95 3
116 97 3
116 98 3
116 101 3
116 104 3
116 106 3
116 107 3
116 108 3
116 109 3
116 112 3
116 113 3
116 114 3
116 115 3
116 116 3
117 0 3
117 5 3
117 6 3
117 9 3
117 13 3
117 14 3
117 15 3
117 19 3
117 22 3
117 23 3
117 29 3
117 31 3
117 32 3
117 33 3
117 36 3
117 37 3
117 38 3
117 40 3
117 44 3
117 55 3
117 56 3
117 57 3
117 58 3
117 60 3
117 64 3
117 71 3
117 73 3
117 74 3
117 79 3
117 83 3
117 84 3
117 85 3
117 90 3
117 92 3
117 98 3
117 99 3
117 100 3
117 102 3
117 104 3
117 105 3
117 107 3
117 109 3
117 110 3
117 111 3
117 113 3
118 2 3
118 7 3
118 8 3
118 9 3
118 11 3
118 12 3
118 19 3
118 20 3
118 23 3
118 24 3
118 25 3
118 27 3
118 30 3
118 32 3
118 33 3
118 34 3
118 35 3
118 38 3
118 41 3
118 43 3
118 45 3
118 46 3
118 47 3
118 48 3
118 50 3
118 52 3
118 53 3
118 54 3
118 63 3
118 69 3
118 73 3
118 74 3
118 75 3
118 76 3
118 81 3
118 88 3
118 89 3
118 91 3
118 97 3
118 103 3
118 104 3
118 106 3
118 107 3
118 112 3
118 113 3
118 114 3
118 115 3
118 116 3
118 118 3
119 1 3
119 2 3
119 3 3
119 4 3
119 7 3
119 8 3
119 12 3
119 14 3
119 17 3
119 18 3
119 20 3
119 23 3
119 24 3
119 25 3
119 27 3
119 28 3
119 30 3
119 33 3
119 34 3
119 35 3
119 37 3
119 41 3
119 43 3
119 44 3
119 45 3
119 47 3
119 48 3
119 54 3
119 55 3
119 57 3
119 62 3
119 65 3
119 67 3
119 69 3
119 70 3
119 73 3
119 74 3
119 75 3
119 76 3
119 80 3
119 82 3
119 85 3
119 86 3
119 88 3
119 92 3
119 93 3
119 94 3
119 97 3
119 103 3
119 104 3
119 106 3
119 107 3
119 112 3
119 113 3
119 114 3
119 116 3
119 119 3
120 0 3
120 1 3
120 2 3
120 8 3
120 9 3
120 12 3
120 13 3
120 16 3
120 18 3
120 19 3
120 20 3
120 21 3
120 24 3
120 25 3
120 30 3
120 31 3
120 33 3
120 35 3
120 39 3
120 41 3
120 44 3
120 48 3
120 50 3
120 51 3
120 52 3
120 53 3
120 54 3
120 58 3
120 61 3
120 65 3
120 67 3
120 69 3
120 70 3
120 71 3
120 72 3
120 75 3
120 81 3
120 85 3
120 86 3
120 87 3
120 88 3
120 89 3
120 90 3
120 91 3
120 93 3
120 94 3
120 100 3
120 103 3
120 104 3
120 106 3
120 107 3
120 112 3
120 113 3
120 114 3
120 115 3
120 116 3
120 118 3
120 120 3
121 1 3
121 3 3
121 7 3
121 8 3
121 10 3
121 16 3
121 20 3
121 24 3
121 25 3
121 26 3
121 28 3
121 29 3
121 30 3
121 33 3
121 34 3
121 35 3
121 37 3
121 38 3
121 39 3
121 41 3
121 43 3
121 44 3
121 45 3
121 47 3
121 50 3
121 52 3
121 53 3
121 54 3
121 60 3
121 62 3
121 67 3
121 68 3
121 69 3
121 70 3
121 71 3
121 72 3
121 73 3
121 74 3
121 76 3
121 80 3
121 81 3
121 84 3
121 86 3
121 88 3
121 91 3
121 93 3
121 94 3
121 95 3
121 98 3
121 100 3
121 101 3
121 104 3
121 106 3
121 107 3
121 112 3
121 113 3
121 114 3
121 115 3
121 116 3
122 5 3
122 9 3
122 10 3
122 13 3
122 18 3
122 20 3
122 21 3
122 23 3
122 26 3
122 31 3
122 32 3
122 34 3
122 36 3
122 40 3
122 41 3
122 44 3
122 45 3
122 46 3
122 48 3
122 49 3
122 56 3
122 57 3
122 58 3
122 59 3
122 60 3
122 61 3
122 63 3
122 64 3
122 66 3
122 68 3
122 69 3
122 70 3
122 71 3
122 72 3
122 77 3
122 78 3
122 79 3
122 82 3
122 83 3
122 85 3
122 87 3
122 93 3
122 99 3
122 100 3
122 103 3
122 108 3
122 109 3
122 117 3
122 121 3
122 122 3
123 1 3
123 3 3
123 10 3
123 13 3
123 14 3
123 15 3
123 16 3
123 19 3
123 22 3
123 25 3
123 26 3
123 29 3
123 31 3
123 32 3
123 34 3
123 35 3
123 36 3
123 40 3
123 42 3
123 52 3
123 56 3
123 57 3
123 58 3
123 59 3
123 60 3
123 64 3
123 66 3
123 68 3
123 71 3
123 73 3
123 77 3
123 79 3
123 81 3
123 82 3
123 83 3
123 85 3
123 87 3
123 90 3
123 91 3
123 94 3
123 98 3
123 99 3
123 100 3
123 102 3
123 105 3
123 108 3
123 109 3
123 117 3
123 118 3
123 119 3
124 6 3
124 13 3
124 14 3
124 16 3
124 19 3
124 20 3
124 21 3
124 22 3
124 23 3
124 24 3
124 30 3
124 31 3
124 34 3
124 37 3
124 38 3
124 39 3
124 40 3
124 42 3
124 44 3
124 46 3
124 48 3
124 49 3
124 56 3
124 58 3
124 59 3
124 61 3
124 62 3
124 63 3
124 66 3
124 68 3
124 71 3
124 72 3
124 76 3
124 79 3
124 81 3
124 83 3
124 85 3
124 90 3
124 97 3
124 98 3
124 99 3
124 102 3
124 103 3
124 105 3
124 107 3
124 108 3
124 110 3
124 111 3
124 113 3
124 115 3
124 117 3
124 119 3
124 124 3
125 1 3
125 3 3
125 7 3
125 8 3
125 10 3
125 11 3
125 14 3
125 17 3
125 20 3
125 24 3
125 26 3
125 30 3
125 31 3
125 32 3
125 38 3
125 39 3
125 42 3
125 46 3
125 48 3
125 49 3
125 50 3
125 51 3
125 52 3
125 53 3
125 54 3
125 62 3
125 64 3
125 65 3
125 67 3
125 69 3
125 70 3
125 73 3
125 74 3
125 75 3
125 76 3
125 80 3
125 81 3
125 86 3
125 87 3
125 88 3
125 89 3
125 93 3
125 94 3
125 96 3
125 97 3
125 99 3
125 101 3
125 102 3
125 103 3
125 104 3
125 106 3
125 107 3
125 112 3
125 113 3
125 115 3
125 116 3
125 118 3
125 119 3
125 121 3
126 1 3
126 3 3
126 7 3
126 8 3
126 9 3
126 11 3
126 12 3
126 16 3
126 17 3
126 18 3
126 20 3
126 25 3
126 28 3
126 30 3
126 33 3
126 34 3
126 35 3
126 39 3
126 43 3
126 44 3
126 45 3
126 47 3
126 48 3
126 50 3
126 51 3
126 52 3
126 53 3
126 54 3
126 55 3
126 58 3
126 62 3
126 63 3
126 65 3
126 67 3
126 69 3
126 70 3
126 73 3
126 74 3
126 75 3
126 76 3
126 80 3
126 81 3
126 82 3
126 87 3
126 91 3
126 92 3
126 93 3
126 94 3
126 95 3
126 96 3
126 97 3
126 98 3
126 101 3
126 103 3
126 104 3
126 106 3
126 107 3
126 112 3
126 114 3
126 116 3
126 120 3
126 121 3
126 123 3
126 125 3
126 126 3
127 1 3
127 2 3
127 3 3
127 7 3
127 8 3
127 9 3
127 10 3
127 12 3
127 15 3
127 16 3
127 17 3
127 18 3
127 24 3
127 25 3
127 27 3
127 30 3
127 31 3
127 32 3
127 33 3
127 34 3
127 38 3
127 39 3
127 43 3
127 44 3
127 45 3
127 47 3
127 48 3
127 50 3
127 51 3
127 52 3
127 53 3
127 54 3
127 62 3
127 65 3
127 67 3
127 69 3
127 73 3
127 74 3
127 75 3
127 76 3
127 80 3
127 82 3
127 86 3
127 93 3
127 94 3
127 95 3
127 96 3
127 97 3
127 101 3
127 104 3
127 105 3
127 106 3
127 107 3
127 112 3
127 113 3
127 114 3
127 115 3
127 118 3
127 119 3
127 120 3
127 121 3
127 123 3
127 126 3
128 0 3
128 2 3
128 4 3
128 5 3
128 10 3
128 13 3
128 14 3
128 15 3
128 16 3
128 19 3
128 20 3
128 22 3
128 26 3
128 28 3
128 29 3
128 32 3
128 36 3
128 37 3
128 40 3
128 44 3
128 46 3
128 49 3
128 50 3
128 58 3
128 59 3
128 60 3
128 61 3
128 65 3
128 66 3
128 68 3
128 72 3
128 77 3
128 78 3
128 80 3
128 82 3
128 83 3
128 84 3
128 85 3
128 90 3
128 94 3
128 96 3
128 98 3
128 99 3
128 102 3
128 105 3
128 109 3
128 110 3
128 112 3
128 116 3
128 117 3
128 122 3
128 123 3
128 124 3
128 125 3
128 128 3
129 1 3
129 3 3
129 7 3
129 8 3
129 13 3
129 16 3
129 17 3
129 24 3
129 25 3
129 27 3
129 28 3
129 32 3
129 33 3
129 34 3
129 35 3
129 41 3
129 43 3
129 45 3
129 46 3
129 47 3
129 48 3
129 50 3
129 52 3
129 54 3
129 57 3
129 62 3
129 65 3
129 69 3
129 70 3
129 73 3
129 74 3
129 75 3
129 76 3
129 77 3
129 80 3
129 86 3
129 88 3
129 89 3
129 91 3
129 92 3
129 93 3
129 96 3
129 97 3
129 98 3
129 101 3
129 103 3
129 104 3
129 105 3
129 106 3
129 107 3
129 113 3
129 116 3
129 119 3
129 120 3
129 121 3
129 125 3
130 0 3
130 1 3
130 2 3
130 3 3
130 5 3
130 7 3
130 8 3
130 9 3
130 11 3
130 12 3
130 16 3
130 17 3
130 18 3
130 24 3
130 25 3
130 26 3
130 28 3
130 33 3
130 34 3
130 38 3
130 39 3
130 41 3
130 42 3
130 43 3
130 45 3
130 47 3
130 48 3
130 50 3
130 51 3
130 52 3
130 53 3
130 56 3
130 59 3
130 67 3
130 70 3
130 73 3
130 76 3
130 80 3
130 83 3
130 84 3
130 85 3
130 86 3
130 87 3
130 89 3
130 92 3
130 93 3
130 94 3
130 95 3
130 96 3
130 99 3
130 101 3
130 104 3
130 112 3
130 114 3
130 115 3
130 116 3
130 117 3
130 118 3
130 121 3
130 125 3
130 126 3
130 127 3
130 130 3
131 0 3
131 2 3
131 4 3
131 5 3
131 6 3
131 13 3
131 14 3
131 17 3
131 18 3
131 19 3
131 21 3
131 22 3
131 23 3
131 24 3
131 26 3
131 29 3
131 31 3
131 32 3
131 40 3
131 42 3
131 48 3
131 49 3
131 54 3
131 56 3
131 57 3
131 61 3
131 63 3
131 64 3
131 65 3
131 66 3
131 72 3
131 73 3
131 75 3
131 77 3
131 82 3
131 83 3
131 85 3
131 98 3
131 99 3
131 100 3
131 101 3
131 105 3
131 108 3
131 109 3
131 110 3
131 111 3
131 114 3
131 117 3
131 122 3
131 129 3
132 0 3
132 4 3
132 5 3
132 6 3
132 8 3
132 10 3
132 13 3
132 15 3
132 16 3
132 19 3
132 20 3
132 22 3
132 23 3
132 31 3
132 35 3
132 36 3
132 40 3
132 42 3
132 49 3
132 56 3
132 57 3
132 58 3
132 59 3
132 61 3
132 64 3
132 66 3
132 67 3
132 68 3
132 71 3
132 72 3
132 75 3
132 77 3
132 78 3
132 79 3
132 81 3
132 83 3
132 84 3
132 95 3
132 97 3
132 98 3
132 99 3
132 100 3
132 102 3
132 103 3
132 105 3
132 108 3
132 109 3
132 110 3
132 118 3
132 122 3
132 123 3
132 124 3
132 125 3
132 128 3
132 131 3
132 132 3
133 0 3
133 5 3
133 6 3
133 8 3
133 9 3
133 10 3
133 12 3
133 15 3
133 16 3
133 19 3
133 21 3
133 22 3
133 23 3
133 26 3
133 30 3
133 31 3
133 32 3
133 37 3
133 38 3
133 40 3
133 43 3
133 44 3
133 45 3
133 46 3
133 53 3
133 56 3
133 58 3
133 59 3
133 60 3
133 62 3
133 64 3
133 66 3
133 67 3
133 68 3
133 71 3
133 77 3
133 78 3
133 80 3
133 82 3
133 83 3
133 84 3
133 85 3
133 90 3
133 94 3
133 96 3
133 99 3
133 100 3
133 102 3
133 103 3
133 109 3
133 111 3
133 122 3
133 123 3
133 124 3
133 127 3
133 128 3
133 131 3
133 132 3
133 133 3
134 1 3
134 2 3
134 7 3
134 8 3
134 9 3
134 17 3
134 18 3
134 20 3
134 21 3
134 24 3
134 25 3
134 27 3
134 28 3
134 30 3
134 32 3
134 34 3
134 35 3
134 41 3
134 42 3
134 43 3
134 47 3
134 51 3
134 54 3
134 57 3
134 58 3
134 59 3
134 65 3
134 67 3
134 69 3
134 70 3
134 73 3
134 75 3
134 76 3
134 80 3
134 81 3
134 87 3
134 88 3
134 90 3
134 91 3
134 92 3
134 93 3
134 95 3
134 96 3
134 97 3
134 100 3
134 103 3
134 104 3
134 106 3
134 113 3
134 114 3
134 117 3
134 119 3
134 120 3
134 125 3
134 126 3
134 127 3
134 130 3
134 134 3
135 0 3
135 2 3
135 4 3
135 5 3
135 6 3
135 9 3
135 10 3
135 12 3
135 14 3
135 15 3
135 16 3
135 19 3
135 22 3
135 23 3
135 26 3
135 29 3
135 32 3
135 34 3
135 36 3
135 38 3
135 40 3
135 44 3
135 46 3
135 49 3
135 57 3
135 58 3
135 59 3
135 61 3
135 63 3
135 66 3
135 68 3
135 70 3
135 71 3
135 72 3
135 77 3
135 78 3
135 79 3
135 81 3
135 82 3
135 83 3
135 85 3
135 88 3
135 91 3
135 96 3
135 98 3
135 99 3
135 100 3
135 105 3
135 106 3
135 108 3
135 109 3
135 111 3
135 113 3
135 118 3
135 119 3
135 120 3
135 123 3
135 124 3
135 127 3
135 128 3
135 131 3
135 132 3
135 134 3
136 1 3
136 2 3
136 3 3
136 7 3
136 8 3
136 12 3
136 14 3
136 15 3
136 17 3
136 18 3
136 20 3
136 26 3
136 27 3
136 28 3
136 29 3
136 30 3
136 33 3
136 35 3
136 36 3
136 37 3
136 38 3
136 39 3
136 41 3
136 43 3
136 44 3
136 46 3
136 47 3
136 49 3
136 50 3
136 51 3
136 52 3
136 54 3
136 57 3
136 60 3
136 61 3
136 62 3
136 63 3
136 65 3
136 69 3
136 70 3
136 71 3
136 74 3
136 76 3
136 80 3
136 81 3
136 85 3
136 86 3
136 87 3
136 88 3
136 89 3
136 90 3
136 93 3
136 94 3
136 95 3
136 96 3
136 97 3
136 98 3
136 102 3
136 103 3
136 104 3
136 107 3
136 112 3
136 113 3
136 115 3
136 116 3
136 119 3
136 120 3
136 121 3
136 123 3
136 125 3
136 126 3
136 127 3
136 130 3
136 136 3
137 1 3
137 2 3
137 8 3
137 11 3
137 12 3
137 17 3
137 18 3
137 24 3
137 25 3
137 28 3
137 30 3
137 31 3
137 32 3
137 33 3
137 34 3
137 35 3
137 37 3
137 39 3
137 41 3
137 42 3
137 43 3
137 47 3
137 49 3
137 50 3
137 51 3
137 52 3
137 53 3
137 54 3
137 62 3
137 65 3
137 66 3
137 69 3
137 70 3
137 71 3
137 73 3
137 74 3
137 75 3
137 76 3
137 80 3
137 84 3
137 86 3
137 87 3
137 88 3
137 89 3
137 91 3
137 92 3
137 93 3
137 96 3
137 97 3
137 98 3
137 100 3
137 101 3
137 104 3
137 106 3
137 112 3
137 113 3
137 114 3
137 115 3
137 116 3
137 118 3
137 119 3
137 120 3
137 121 3
137 122 3
137 124 3
137 125 3
137 126 3
137 127 3
137 130 3
137 137 3
138 2 3
138 4 3
138 5 3
138 6 3
138 8 3
138 10 3
138 14 3
138 16 3
138 18 3
138 23 3
138 26 3
138 29 3
138 31 3
138 32 3
138 36 3
138 38 3
138 39 3
138 42 3
138 43 3
138 44 3
138 46 3
138 50 3
138 51 3
138 52 3
138 53 3
138 56 3
138 58 3
138 60 3
138 63 3
138 64 3
138 66 3
138 67 3
138 68 3
138 71 3
138 72 3
138 76 3
138 78 3
138 79 3
138 81 3
138 83 3
138 89 3
138 90 3
138 93 3
138 99 3
138 101 3
138 102 3
138 104 3
138 105 3
138 106 3
138 108 3
138 109 3
138 110 3
138 116 3
138 117 3
138 120 3
138 121 3
138 122 3
138 124 3
138 125 3
138 127 3
138 128 3
138 133 3
138 138 3
139 1 3
139 2 3
139 7 3
139 9 3
139 12 3
139 16 3
139 17 3
139 18 3
139 24 3
139 27 3
139 30 3
139 31 3
139 35 3
139 38 3
139 39 3
139 41 3
139 42 3
139 45 3
139 48 3
139 49 3
139 51 3
139 52 3
139 55 3
139 60 3
139 62 3
139 67 3
139 70 3
139 74 3
139 75 3
139 76 3
139 79 3
139 80 3
139 81 3
139 84 3
139 86 3
139 88 3
139 89 3
139 91 3
139 93 3
139 94 3
139 95 3
139 97 3
139 98 3
139 101 3
139 103 3
139 104 3
139 105 3
139 107 3
139 108 3
139 113 3
139 114 3
139 116 3
139 118 3
139 119 3
139 124 3
139 127 3
139 129 3
139 130 3
139 131 3
139 134 3
139 136 3
139 137 3
139 139 3
140 1 3
140 2 3
140 4 3
140 7 3
140 8 3
140 9 3
140 11 3
140 12 3
140 17 3
140 18 3
140 20 3
140 21 3
140 23 3
140 27 3
140 28 3
140 29 3
140 30 3
140 32 3
140 33 3
140 34 3
140 35 3
140 38 3
140 39 3
140 43 3
140 47 3
140 48 3
140 51 3
140 52 3
140 53 3
140 54 3
140 57 3
140 58 3
140 59 3
140 60 3
140 63 3
140 65 3
140 67 3
140 68 3
140 69 3
140 70 3
140 73 3
140 74 3
140 76 3
140 78 3
140 80 3
140 86 3
140 87 3
140 89 3
140 91 3
140 93 3
140 95 3
140 96 3
140 97 3
140 101 3
140 103 3
140 104 3
140 106 3
140 107 3
140 108 3
140 112 3
140 113 3
140 115 3
140 117 3
140 119 3
140 121 3
140 124 3
140 125 3
140 126 3
140 128 3
140 129 3
140 135 3
140 136 3
140 137 3
140 138 3
140 139 3
141 0 3
141 4 3
141 5 3
141 12 3
141 13 3
141 15 3
141 17 3
141 19 3
141 21 3
141 22 3
141 26 3
141 29 3
141 31 3
141 32 3
141 36 3
141 37 3
141 38 3
141 40 3
141 42 3
141 44 3
141 46 3
141 49 3
141 50 3
141 51 3
141 55 3
141 56 3
141 57 3
141 60 3
141 61 3
141 63 3
141 65 3
141 66 3
141 67 3
141 68 3
141 69 3
141 71 3
141 72 3
141 75 3
141 76 3
141 78 3
141 79 3
141 81 3
141 83 3
141 85 3
141 86 3
141 89 3
141 90 3
141 96 3
141 97 3
141 98 3
141 101 3
141 102 3
141 104 3
141 108 3
141 110 3
141 111 3
141 122 3
141 123 3
141 128 3
141 131 3
141 132 3
141 138 3
142 2 3
142 4 3
142 7 3
142 9 3
142 11 3
142 12 3
142 14 3
142 17 3
142 18 3
142 19 3
142 20 3
142 21 3
142 24 3
142 25 3
142 27 3
142 30 3
142 31 3
142 33 3
142 34 3
142 38 3
142 39 3
142 41 3
142 45 3
142 48 3
142 51 3
142 54 3
142 59 3
142 66 3
142 67 3
142 69 3
142 71 3
142 74 3
142 77 3
142 80 3
142 81 3
142 83 3
142 87 3
142 89 3
142 92 3
142 93 3
142 94 3
142 95 3
142 96 3
142 97 3
142 98 3
142 101 3
142 103 3
142 104 3
142 106 3
142 107 3
142 112 3
142 113 3
142 114 3
142 115 3
142 116 3
142 118 3
142 119 3
142 121 3
142 125 3
142 129 3
142 132 3
142 134 3
142 136 3
142 137 3
142 139 3
142 140 3
142 142 3
143 0 3
143 1 3
143 4 3
143 6 3
143 7 3
143 10 3
143 13 3
143 14 3
143 16 3
143 19 3
143 21 3
143 22 3
143 23 3
143 24 3
143 25 3
143 26 3
143 29 3
143 30 3
143 31 3
143 32 3
143 36 3
143 37 3
143 40 3
143 41 3
143 42 3
143 44 3
143 49 3
143 53 3
143 56 3
143 58 3
143 59 3
143 60 3
143 61 3
143 63 3
143 68 3
143 71 3
143 72 3
143 73 3
143 76 3
143 77 3
143 79 3
143 80 3
143 82 3
143 83 3
143 84 3
143 85 3
143 87 3
143 90 3
143 91 3
143 96 3
143 98 3
143 99 3
143 100 3
143 102 3
143 106 3
143 107 3
143 108 3
143 109 3
143 110 3
143 111 3
143 117 3
143 122 3
143 128 3
143 132 3
143 133 3
143 134 3
143 135 3
143 140 3
143 141 3
143 142 3
144 2 3
144 3 3
144 5 3
144 8 3
144 10 3
144 11 3
144 12 3
144 13 3
144 14 3
144 15 3
144 16 3
144 19 3
144 22 3
144 23 3
144 26 3
144 29 3
144 31 3
144 32 3
144 34 3
144 36 3
144 37 3
144 40 3
144 46 3
144 51 3
144 56 3
144 57 3
144 58 3
144 59 3
144 60 3
144 61 3
144 63 3
144 64 3
144 65 3
144 66 3
144 68 3
144 69 3
144 71 3
144 72 3
144 75 3
144 77 3
144 78 3
144 79 3
144 83 3
144 84 3
144 85 3
144 90 3
144 92 3
144 94 3
144 95 3
144 97 3
144 98 3
144 99 3
144 100 3
144 101 3
144 102 3
144 103 3
144 108 3
144 109 3
144 110 3
144 111 3
144 117 3
144 121 3
144 122 3
144 123 3
144 124 3
144 128 3
144 130 3
144 133 3
144 138 3
144 139 3
144 143 3
144 144 3
145 0 3
145 4 3
145 5 3
145 6 3
145 10 3
145 13 3
145 14 3
145 15 3
145 16 3
145 21 3
145 22 3
145 23 3
145 26 3
145 29 3
145 30 3
145 31 3
145 34 3
145 36 3
145 39 3
145 40 3
145 42 3
145 44 3
145 46 3
145 50 3
145 55 3
145 57 3
145 61 3
145 63 3
145 68 3
145 77 3
145 79 3
145 80 3
145 81 3
145 82 3
145 84 3
145 85 3
145 90 3
145 91 3
145 96 3
145 98 3
145 99 3
145 100 3
145 102 3
145 105 3
145 108 3
145 112 3
145 118 3
145 122 3
145 128 3
145 131 3
145 133 3
145 135 3
145 137 3
145 138 3
145 143 3
145 144 3
146 0 3
146 1 3
146 3 3
146 4 3
146 8 3
146 9 3
146 11 3
146 16 3
146 17 3
146 18 3
146 20 3
146 23 3
146 25 3
146 26 3
146 30 3
146 32 3
146 33 3
146 34 3
146 38 3
146 39 3
146 41 3
146 43 3
146 46 3
146 47 3
146 48 3
146 50 3
146 53 3
146 55 3
146 56 3
146 64 3
146 67 3
146 68 3
146 69 3
146 73 3
146 76 3
146 81 3
146 86 3
146 88 3
146 89 3
146 90 3
146 91 3
146 94 3
146 95 3
146 101 3
146 103 3
146 104 3
146 106 3
146 107 3
146 110 3
146 112 3
146 113 3
146 114 3
146 115 3
146 116 3
146 118 3
146 120 3
146 121 3
146 125 3
146 126 3
146 129 3
146 130 3
146 134 3
146 135 3
146 139 3
146 140 3
146 142 3
146 146 3
147 1 3
147 3 3
147 7 3
147 8 3
147 12 3
147 16 3
147 17 3
147 18 3
147 20 3
147 24 3
147 26 3
147 33 3
147 34 3
147 35 3
147 36 3
147 38 3
147 39 3
147 40 3
147 41 3
147 42 3
147 43 3
147 45 3
147 51 3
147 52 3
147 53 3
147 54 3
147 55 3
147 62 3
147 64 3
147 69 3
147 70 3
147 74 3
147 75 3
147 80 3
147 85 3
147 87 3
147 88 3
147 89 3
147 91 3
147 92 3
147 93 3
147 96 3
147 101 3
147 103 3
147 104 3
147 106 3
147 110 3
147 111 3
147 112 3
147 113 3
147 116 3
147 120 3
147 121 3
147 125 3
147 126 3
147 129 3
147 130 3
147 134 3
147 136 3
147 137 3
147 140 3
147 142 3
147 144 3
147 146 3
147 147 3
148 2 3
148 4 3
148 5 3
148 6 3
148 9 3
148 10 3
148 13 3
148 14 3
148 15 3
148 16 3
148 19 3
148 22 3
148 29 3
148 30 3
148 31 3
148 32 3
148 33 3
148 36 3
148 38 3
148 40 3
148 41 3
148 42 3
148 43 3
148 44 3
148 45 3
148 46 3
148 48 3
148 49 3
148 50 3
148 52 3
148 56 3
148 57 3
148 59 3
148 60 3
148 61 3
148 71 3
148 72 3
148 77 3
148 79 3
148 82 3
148 83 3
148 84 3
148 87 3
148 88 3
148 90 3
148 91 3
148 92 3
148 95 3
148 97 3
148 98 3
148 99 3
148 100 3
148 102 3
148 105 3
148 107 3
148 108 3
148 110 3
148 111 3
148 117 3
148 120 3
148 122 3
148 124 3
148 128 3
148 131 3
148 132 3
148 133 3
148 134 3
148 135 3
148 137 3
148 138 3
148 139 3
148 141 3
148 143 3
148 148 3
149 4 3
149 6 3
149 11 3
149 12 3
149 13 3
149 14 3
149 19 3
149 21 3
149 23 3
149 26 3
149 29 3
149 32 3
149 34 3
149 36 3
149 37 3
149 40 3
149 42 3
149 43 3
149 44 3
149 46 3
149 47 3
149 49 3
149 53 3
149 57 3
149 58 3
149 59 3
149 60 3
149 61 3
149 62 3
149 63 3
149 64 3
149 70 3
149 71 3
149 72 3
149 73 3
149 75 3
149 77 3
149 79 3
149 81 3
149 82 3
149 84 3
149 86 3
149 90 3
149 98 3
149 99 3
149 103 3
149 105 3
149 109 3
149 110 3
149 111 3
149 112 3
149 117 3
149 118 3
149 122 3
149 124 3
149 132 3
149 135 3
149 138 3
149 141 3
149 143 3
149 144 3
149 145 3
149 147 3
149 148 3
149 149 3
150 1 3
150 3 3
150 7 3
150 8 3
150 11 3
150 12 3
150 16 3
150 17 3
150 18 3
150 20 3
150 24 3
150 25 3
150 27 3
150 28 3
150 31 3
150 32 3
150 33 3
150 35 3
150 37 3
150 38 3
150 39 3
150 41 3
150 43 3
150 45 3
150 48 3
150 49 3
150 50 3
150 52 3
150 53 3
150 54 3
150 55 3
150 62 3
150 65 3
150 69 3
150 71 3
150 73 3
150 75 3
150 76 3
150 79 3
150 87 3
150 89 3
150 91 3
150 94 3
150 95 3
150 96 3
150 97 3
150 99 3
150 100 3
150 101 3
150 102 3
150 103 3
150 106 3
150 107 3
150 112 3
150 114 3
150 116 3
150 118 3
150 121 3
150 126 3
150 127 3
150 129 3
150 130 3
150 134 3
150 135 3
150 136 3
150 137 3
150 139 3
150 140 3
150 147 3
150 150 3
151 0 3
151 2 3
151 4 3
151 5 3
151 7 3
151 9 3
151 10 3
151 12 3
151 13 3
151 15 3
151 16 3
151 19 3
151 21 3
151 22 3
151 23 3
151 26 3
151 30 3
151 31 3
151 41 3
151 42 3
151 46 3
151 49 3
151 52 3
151 53 3
151 56 3
151 59 3
151 63 3
151 64 3
151 66 3
151 71 3
151 77 3
151 78 3
151 79 3
151 80 3
151 82 3
151 83 3
151 84 3
151 85 3
151 87 3
151 90 3
151 96 3
151 98 3
151 100 3
151 102 3
151 105 3
151 106 3
151 108 3
151 109 3
151 110 3
151 111 3
151 113 3
151 114 3
151 116 3
151 117 3
151 123 3
151 124 3
151 125 3
151 132 3
151 133 3
151 137 3
151 138 3
151 143 3
151 144 3
151 145 3
151 148 3
151 149 3
152 2 3
152 3 3
152 4 3
152 6 3
152 10 3
152 14 3
152 15 3
152 19 3
152 21 3
152 22 3
152 23 3
152 26 3
152 29 3
152 32 3
152 34 3
152 37 3
152 38 3
152 40 3
152 42 3
152 46 3
152 48 3
152 50 3
152 53 3
152 54 3
152 56 3
152 57 3
152 58 3
152 59 3
152 60 3
152 61 3
152 63 3
152 68 3
152 71 3
152 77 3
152 78 3
152 79 3
152 82 3
152 83 3
152 84 3
152 85 3
152 90 3
152 97 3
152 98 3
152 105 3
152 108 3
152 110 3
152 111 3
152 113 3
152 114 3
152 116 3
152 117 3
152 124 3
152 130 3
152 131 3
152 133 3
152 135 3
152 136 3
152 138 3
152 141 3
152 143 3
152 144 3
152 146 3
152 148 3
152 149 3
152 151 3
152 152 3
153 1 3
153 3 3
153 5 3
153 7 3
153 8 3
153 9 3
153 11 3
153 12 3
153 15 3
153 17 3
153 18 3
153 24 3
153 25 3
153 27 3
153 29 3
153 30 3
153 34 3
153 35 3
153 38 3
153 39 3
153 41 3
153 43 3
153 45 3
153 46 3
153 50 3
153 52 3
153 53 3
153 55 3
153 62 3
153 64 3
153 67 3
153 69 3
153 70 3
153 72 3
153 74 3
153 76 3
153 80 3
153 81 3
153 84 3
153 86 3
153 87 3
153 88 3
153 89 3
153 91 3
153 92 3
153 93 3
153 94 3
153 95 3
153 96 3
153 101 3
153 108 3
153 109 3
153 114 3
153 115 3
153 118 3
153 119 3
153 120 3
153 121 3
153 123 3
153 125 3
153 126 3
153 127 3
153 131 3
153 132 3
153 134 3
153 136 3
153 139 3
153 140 3
153 142 3
153 143 3
153 146 3
153 148 3
153 150 3
153 152 3
153 153 3
154 0 3
154 1 3
154 2 3
154 6 3
154 7 3
154 8 3
154 9 3
154 11 3
154 12 3
154 20 3
154 23 3
154 24 3
154 27 3
154 28 3
154 35 3
154 36 3
154 38 3
154 39 3
154 41 3
154 43 3
154 45 3
154 47 3
154 48 3
154 50 3
154 52 3
154 53 3
154 55 3
154 56 3
154 57 3
154 62 3
154 65 3
154 66 3
154 70 3
154 74 3
154 75 3
154 76 3
154 80 3
154 81 3
154 85 3
154 86 3
154 87 3
154 88 3
154 89 3
154 91 3
154 92 3
154 93 3
154 94 3
154 95 3
154 96 3
154 97 3
154 103 3
154 104 3
154 105 3
154 106 3
154 112 3
154 113 3
154 114 3
154 115 3
154 118 3
154 119 3
154 124 3
154 127 3
154 130 3
154 131 3
154 138 3
154 139 3
154 140 3
154 141 3
154 144 3
154 147 3
154 148 3
154 150 3
154 152 3
154 153 3
154 154 3
155 4 3
155 5 3
155 6 3
155 7 3
155 11 3
155 14 3
155 15 3
155 16 3
155 18 3
155 22 3
155 23 3
155 26 3
155 29 3
155 31 3
155 33 3
155 35 3
155 36 3
155 37 3
155 38 3
155 40 3
155 42 3
155 43 3
155 46 3
155 47 3
155 48 3
155 52 3
155 56 3
155 59 3
155 61 3
155 66 3
155 73 3
155 77 3
155 78 3
155 79 3
155 81 3
155 83 3
155 85 3
155 92 3
155 93 3
155 97 3
155 99 3
155 100 3
155 101 3
155 103 3
155 105 3
155 108 3
155 109 3
155 110 3
155 111 3
155 113 3
155 116 3
155 117 3
155 122 3
155 123 3
155 124 3
155 128 3
155 131 3
155 132 3
155 133 3
155 135 3
155 136 3
155 138 3
155 139 3
155 143 3
155 147 3
155 148 3
155 149 3
155 151 3
155 152 3
155 154 3
156 1 3
156 7 3
156 8 3
156 9 3
156 12 3
156 17 3
156 18 3
156 20 3
156 21 3
156 24 3
156 27 3
156 28 3
156 33 3
156 34 3
156 35 3
156 38 3
156 39 3
156 43 3
156 45 3
156 48 3
156 49 3
156 50 3
156 53 3
156 54 3
156 61 3
156 63 3
156 65 3
156 69 3
156 70 3
156 71 3
156 73 3
156 74 3
156 75 3
156 76 3
156 78 3
156 81 3
156 82 3
156 83 3
156 87 3
156 91 3
156 93 3
156 94 3
156 96 3
156 97 3
156 100 3
156 101 3
156 103 3
156 106 3
156 107 3
156 112 3
156 113 3
156 114 3
156 116 3
156 118 3
156 119 3
156 120 3
156 121 3
156 124 3
156 127 3
156 134 3
156 137 3
156 139 3
156 140 3
156 142 3
156 146 3
156 153 3
156 154 3
156 155 3
156 156 3
157 1 3
157 2 3
157 3 3
157 5 3
157 9 3
157 12 3
157 17 3
157 18 3
157 20 3
157 24 3
157 27 3
157 28 3
157 33 3
157 34 3
157 35 3
157 39 3
157 41 3
157 42 3
157 43 3
157 44 3
157 45 3
157 50 3
157 52 3
157 54 3
157 55 3
157 56 3
157 60 3
157 62 3
157 63 3
157 65 3
157 67 3
157 70 3
157 73 3
157 77 3
157 80 3
157 81 3
157 86 3
157 87 3
157 88 3
157 89 3
157 91 3
157 93 3
157 94 3
157 96 3
157 97 3
157 98 3
157 101 3
157 103 3
157 106 3
157 107 3
157 113 3
157 115 3
157 118 3
157 119 3
157 120 3
157 121 3
157 123 3
157 125 3
157 126 3
157 127 3
157 129 3
157 130 3
157 133 3
157 134 3
157 136 3
157 137 3
157 138 3
157 139 3
157 140 3
157 141 3
157 142 3
157 146 3
157 147 3
157 152 3
157 153 3
157 154 3
157 157 3
158 0 3
158 4 3
158 5 3
158 6 3
158 10 3
158 11 3
158 13 3
158 14 3
158 19 3
158 20 3
158 21 3
158 22 3
158 24 3
158 25 3
158 26 3
158 28 3
158 29 3
158 31 3
158 32 3
158 39 3
158 40 3
158 41 3
158 42 3
158 44 3
158 49 3
158 53 3
158 55 3
158 57 3
158 58 3
158 61 3
158 68 3
158 69 3
158 72 3
158 73 3
158 78 3
158 80 3
158 81 3
158 82 3
158 83 3
158 84 3
158 85 3
158 90 3
158 96 3
158 98 3
158 99 3
158 100 3
158 101 3
158 102 3
158 104 3
158 110 3
158 111 3
158 118 3
158 119 3
158 123 3
158 125 3
158 130 3
158 131 3
158 133 3
158 135 3
158 138 3
158 139 3
158 141 3
158 143 3
158 144 3
158 147 3
158 148 3
158 149 3
158 151 3
158 152 3
158 154 3
158 155 3
158 158 3
159 1 3
159 3 3
159 4 3
159 9 3
159 10 3
159 11 3
159 12 3
159 15 3
159 17 3
159 18 3
159 20 3
159 21 3
159 24 3
159 25 3
159 27 3
159 28 3
159 32 3
159 33 3
159 34 3
159 35 3
159 38 3
159 41 3
159 45 3
159 47 3
159 48 3
159 51 3
159 53 3
159 55 3
159 69 3
159 70 3
159 73 3
159 74 3
159 76 3
159 77 3
159 80 3
159 81 3
159 83 3
159 86 3
159 88 3
159 89 3
159 91 3
159 92 3
159 93 3
159 94 3
159 95 3
159 96 3
159 101 3
159 103 3
159 104 3
159 105 3
159 106 3
159 107 3
159 115 3
159 116 3
159 120 3
159 121 3
159 125 3
159 126 3
159 127 3
159 129 3
159 130 3
159 133 3
159 136 3
159 137 3
159 139 3
159 142 3
159 147 3
159 148 3
159 150 3
159 152 3
159 153 3
159 156 3
159 158 3
159 159 3
160 0 3
160 1 3
160 4 3
160 5 3
160 6 3
160 7 3
160 10 3
160 12 3
160 13 3
160 14 3
160 18 3
160 19 3
160 22 3
160 23 3
160 26 3
160 28 3
160 31 3
160 32 3
160 36 3
160 37 3
160 42 3
160 44 3
160 45 3
160 46 3
160 49 3
160 55 3
160 57 3
160 58 3
160 59 3
160 61 3
160 65 3
160 66 3
160 68 3
160 69 3
160 71 3
160 72 3
160 78 3
160 79 3
160 82 3
160 84 3
160 87 3
160 90 3
160 91 3
160 95 3
160 98 3
160 99 3
160 100 3
160 102 3
160 103 3
160 105 3
160 107 3
160 108 3
160 110 3
160 114 3
160 118 3
160 120 3
160 122 3
160 123 3
160 125 3
160 127 3
160 128 3
160 132 3
160 135 3
160 138 3
160 141 3
160 143 3
160 144 3
160 148 3
160 149 3
160 151 3
160 155 3
160 156 3
160 158 3
160 160 3
161 1 3
161 2 3
161 5 3
161 7 3
161 8 3
161 9 3
161 10 3
161 14 3
161 15 3
161 17 3
161 18 3
161 26 3
161 27 3
161 28 3
161 30 3
161 32 3
161 33 3
161 34 3
161 35 3
161 39 3
161 41 3
161 45 3
161 46 3
161 47 3
161 51 3
161 55 3
161 56 3
161 58 3
161 66 3
161 67 3
161 71 3
161 73 3
161 74 3
161 75 3
161 80 3
161 81 3
161 83 3
161 87 3
161 89 3
161 92 3
161 93 3
161 94 3
161 95 3
161 96 3
161 101 3
161 103 3
161 105 3
161 106 3
161 111 3
161 112 3
161 113 3
161 116 3
161 118 3
161 119 3
161 120 3
161 121 3
161 122 3
161 125 3
161 129 3
161 130 3
161 136 3
161 140 3
161 142 3
161 145 3
161 150 3
161 151 3
161 153 3
161 155 3
161 156 3
161 158 3
161 159 3
162 1 3
162 3 3
162 5 3
162 7 3
162 8 3
162 10 3
162 11 3
162 12 3
162 14 3
162 15 3
162 17 3
162 18 3
162 20 3
162 24 3
162 25 3
162 27 3
162 28 3
162 30 3
162 33 3
162 34 3
162 35 3
162 38 3
162 39 3
162 41 3
162 44 3
162 45 3
162 47 3
162 48 3
162 49 3
162 50 3
162 52 3
162 53 3
162 54 3
162 55 3
162 57 3
162 62 3
162 66 3
162 67 3
162 70 3
162 72 3
162 73 3
162 74 3
162 75 3
162 76 3
162 79 3
162 80 3
162 81 3
162 86 3
162 87 3
162 92 3
162 94 3
162 95 3
162 96 3
162 97 3
162 98 3
162 99 3
162 100 3
162 103 3
162 104 3
162 106 3
162 107 3
162 112 3
162 115 3
162 116 3
162 118 3
162 119 3
162 120 3
162 121 3
162 123 3
162 125 3
162 129 3
162 130 3
162 131 3
162 133 3
162 134 3
162 137 3
162 139 3
162 142 3
162 144 3
162 147 3
162 150 3
162 154 3
162 155 3
162 156 3
162 157 3
162 159 3
162 161 3
162 162 3
163 0 3
163 1 3
163 2 3
163 3 3
163 7 3
163 8 3
163 9 3
163 11 3
163 12 3
163 17 3
163 20 3
163 24 3
163 25 3
163 27 3
163 33 3
163 34 3
163 38 3
163 39 3
163 47 3
163 48 3
163 49 3
163 50 3
163 52 3
163 53 3
163 54 3
163 55 3
163 62 3
163 65 3
163 66 3
163 67 3
163 69 3
163 70 3
163 75 3
163 76 3
163 77 3
163 81 3
163 86 3
163 87 3
163 88 3
163 91 3
163 92 3
163 93 3
163 95 3
163 97 3
163 100 3
163 103 3
163 104 3
163 105 3
163 106 3
163 107 3
163 114 3
163 116 3
163 117 3
163 118 3
163 120 3
163 126 3
163 127 3
163 130 3
163 133 3
163 134 3
163 135 3
163 136 3
163 138 3
163 139 3
163 140 3
163 142 3
163 146 3
163 150 3
163 151 3
163 152 3
163 157 3
163 158 3
163 159 3
163 160 3
163 161 3
163 163 3
164 0 3
164 1 3
164 6 3
164 10 3
164 13 3
164 15 3
164 16 3
164 19 3
164 21 3
164 23 3
164 25 3
164 26 3
164 28 3
164 31 3
164 35 3
164 36 3
164 37 3
164 39 3
164 42 3
164 44 3
164 48 3
164 49 3
164 57 3
164 58 3
164 64 3
164 66 3
164 68 3
164 70 3
164 71 3
164 73 3
164 75 3
164 77 3
164 78 3
164 79 3
164 82 3
164 83 3
164 84 3
164 90 3
164 96 3
164 98 3
164 99 3
164 100 3
164 102 3
164 105 3
164 108 3
164 109 3
164 111 3
164 113 3
164 114 3
164 117 3
164 118 3
164 122 3
164 124 3
164 132 3
164 133 3
164 138 3
164 139 3
164 141 3
164 143 3
164 144 3
164 145 3
164 148 3
164 149 3
164 150 3
164 151 3
164 154 3
164 160 3
164 162 3
164 164 3
165 2 3
165 3 3
165 5 3
165 6 3
165 7 3
165 8 3
165 9 3
165 11 3
165 12 3
165 15 3
165 18 3
165 19 3
165 20 3
165 24 3
165 25 3
165 27 3
165 28 3
165 30 3
165 33 3
165 35 3
165 37 3
165 41 3
165 45 3
165 48 3
165 50 3
165 51 3
165 52 3
165 53 3
165 54 3
165 55 3
165 58 3
165 61 3
165 62 3
165 64 3
165 65 3
165 67 3
165 70 3
165 74 3
165 75 3
165 78 3
165 81 3
165 87 3
165 91 3
165 92 3
165 94 3
165 95 3
165 96 3
165 97 3
165 101 3
165 103 3
165 107 3
165 111 3
165 112 3
165 113 3
165 114 3
165 116 3
165 118 3
165 120 3
165 121 3
165 125 3
165 127 3
165 129 3
165 134 3
165 135 3
165 136 3
165 137 3
165 138 3
165 140 3
165 141 3
165 142 3
165 146 3
165 147 3
165 148 3
165 150 3
165 152 3
165 153 3
165 154 3
165 155 3
165 156 3
165 157 3
165 159 3
165 160 3
165 163 3
165 164 3
166 0 3
166 3 3
166 9 3
166 13 3
166 14 3
166 15 3
166 16 3
166 19 3
166 23 3
166 26 3
166 29 3
166 31 3
166 32 3
166 34 3
166 36 3
166 37 3
166 42 3
166 43 3
166 44 3
166 45 3
166 48 3
166 49 3
166 56 3
166 57 3
166 58 3
166 59 3
166 60 3
166 61 3
166 62 3
166 63 3
166 64 3
166 66 3
166 68 3
166 70 3
166 71 3
166 72 3
166 73 3
166 76 3
166 77 3
166 78 3
166 81 3
166 83 3
166 84 3
166 85 3
166 86 3
166 93 3
166 100 3
166 102 3
166 108 3
166 109 3
166 110 3
166 111 3
166 113 3
166 117 3
166 122 3
166 123 3
166 124 3
166 125 3
166 129 3
166 130 3
166 131 3
166 133 3
166 134 3
166 135 3
166 137 3
166 138 3
166 139 3
166 140 3
166 141 3
166 143 3
166 148 3
166 149 3
166 151 3
166 158 3
166 160 3
166 164 3
167 0 3
167 3 3
167 4 3
167 5 3
167 10 3
167 11 3
167 13 3
167 14 3
167 15 3
167 18 3
167 21 3
167 26 3
167 29 3
167 31 3
167 32 3
167 36 3
167 37 3
167 38 3
167 40 3
167 41 3
167 42 3
167 44 3
167 46 3
167 49 3
167 53 3
167 57 3
167 58 3
167 59 3
167 61 3
167 63 3
167 64 3
167 66 3
167 77 3
167 78 3
167 82 3
167 83 3
167 84 3
167 90 3
167 91 3
167 98 3
167 100 3
167 101 3
167 107 3
167 108 3
167 109 3
167 110 3
167 112 3
167 117 3
167 119 3
167 122 3
167 123 3
167 128 3
167 129 3
167 132 3
167 133 3
167 134 3
167 135 3
167 137 3
167 141 3
167 143 3
167 144 3
167 147 3
167 148 3
167 149 3
167 150 3
167 151 3
167 153 3
167 155 3
167 158 3
167 159 3
167 160 3
167 164 3
167 166 3
167 167 3
168 0 3
168 1 3
168 2 3
168 5 3
168 6 3
168 8 3
168 13 3
168 14 3
168 16 3
168 17 3
168 19 3
168 20 3
168 21 3
168 22 3
168 23 3
168 24 3
168 26 3
168 29 3
168 31 3
168 32 3
168 34 3
168 36 3
168 37 3
168 42 3
168 43 3
168 46 3
168 49 3
168 56 3
168 58 3
168 59 3
168 60 3
168 63 3
168 65 3
168 66 3
168 68 3
168 71 3
168 74 3
168 77 3
168 78 3
168 79 3
168 82 3
168 83 3
168 84 3
168 85 3
168 86 3
168 90 3
168 98 3
168 100 3
168 103 3
168 104 3
168 105 3
168 108 3
168 109 3
168 110 3
168 113 3
168 119 3
168 122 3
168 131 3
168 132 3
168 133 3
168 138 3
168 141 3
168 143 3
168 144 3
168 148 3
168 149 3
168 151 3
168 152 3
168 158 3
168 159 3
168 162 3
168 164 3
168 165 3
168 166 3
168 168 3
169 1 3
169 3 3
169 4 3
169 8 3
169 9 3
169 11 3
169 19 3
169 20 3
169 24 3
169 26 3
169 28 3
169 30 3
169 31 3
169 34 3
169 35 3
169 38 3
169 39 3
169 41 3
169 42 3
169 45 3
169 47 3
169 48 3
169 50 3
169 51 3
169 53 3
169 54 3
169 55 3
169 65 3
169 66 3
169 67 3
169 69 3
169 72 3
169 73 3
169 75 3
169 76 3
169 80 3
169 81 3
169 86 3
169 87 3
169 89 3
169 91 3
169 92 3
169 93 3
169 95 3
169 96 3
169 97 3
169 100 3
169 101 3
169 103 3
169 106 3
169 107 3
169 111 3
169 112 3
169 113 3
169 115 3
169 116 3
169 117 3
169 119 3
169 120 3
169 121 3
169 123 3
169 125 3
169 126 3
169 127 3
169 129 3
169 136 3
169 137 3
169 138 3
169 139 3
169 140 3
169 142 3
169 147 3
169 150 3
169 152 3
169 153 3
169 154 3
169 155 3
169 156 3
169 159 3
169 160 3
169 162 3
169 163 3
169 165 3
169 169 3
170 1 3
170 2 3
170 3 3
170 7 3
170 8 3
170 9 3
170 12 3
170 15 3
170 17 3
170 18 3
170 20 3
170 21 3
170 24 3
170 25 3
170 27 3
170 28 3
170 30 3
170 33 3
170 38 3
170 43 3
170 47 3
170 48 3
170 51 3
170 52 3
170 54 3
170 55 3
170 57 3
170 62 3
170 65 3
170 70 3
170 73 3
170 75 3
170 76 3
170 81 3
170 83 3
170 87 3
170 88 3
170 89 3
170 92 3
170 93 3
170 94 3
170 95 3
170 97 3
170 99 3
170 101 3
170 103 3
170 105 3
170 107 3
170 111 3
170 112 3
170 113 3
170 115 3
170 116 3
170 118 3
170 120 3
170 121 3
170 127 3
170 129 3
170 134 3
170 135 3
170 136 3
170 137 3
170 139 3
170 140 3
170 141 3
170 142 3
170 143 3
170 144 3
170 147 3
170 151 3
170 154 3
170 156 3
170 157 3
170 159 3
170 161 3
170 162 3
170 165 3
170 169 3
170 170 3
171 0 3
171 3 3
171 5 3
171 6 3
171 7 3
171 10 3
171 14 3
171 15 3
171 16 3
171 17 3
171 22 3
171 23 3
171 26 3
171 31 3
171 32 3
171 36 3
171 37 3
171 40 3
171 42 3
171 44 3
171 46 3
171 49 3
171 50 3
171 57 3
171 59 3
171 60 3
171 61 3
171 63 3
171 64 3
171 65 3
171 66 3
171 68 3
171 70 3
171 72 3
171 79 3
171 80 3
171 82 3
171 83 3
171 90 3
171 98 3
171 99 3
171 100 3
171 101 3
171 102 3
171 103 3
171 105 3
171 107 3
171 108 3
171 110 3
171 111 3
171 120 3
171 121 3
171 122 3
171 123 3
171 124 3
171 125 3
171 128 3
171 138 3
171 140 3
171 143 3
171 144 3
171 145 3
171 149 3
171 152 3
171 155 3
171 156 3
171 158 3
171 160 3
171 164 3
171 167 3
171 170 3
172 4 3
172 7 3
172 9 3
172 11 3
172 12 3
172 13 3
172 14 3
172 17 3
172 20 3
172 27 3
172 28 3
172 30 3
172 33 3
172 34 3
172 38 3
172 40 3
172 44 3
172 45 3
172 48 3
172 52 3
172 53 3
172 55 3
172 65 3
172 67 3
172 68 3
172 69 3
172 70 3
172 73 3
172 74 3
172 75 3
172 76 3
172 80 3
172 81 3
172 83 3
172 86 3
172 87 3
172 89 3
172 90 3
172 91 3
172 92 3
172 93 3
172 94 3
172 95 3
172 96 3
172 97 3
172 102 3
172 103 3
172 104 3
172 106 3
172 107 3
172 112 3
172 114 3
172 115 3
172 116 3
172 118 3
172 119 3
172 121 3
172 126 3
172 128 3
172 129 3
172 134 3
172 136 3
172 137 3
172 139 3
172 140 3
172 146 3
172 147 3
172 153 3
172 154 3
172 156 3
172 157 3
172 159 3
172 161 3
172 163 3
172 167 3
172 169 3
172 170 3
172 172 3
173 0 3
173 2 3
173 4 3
173 5 3
173 6 3
173 10 3
173 11 3
173 12 3
173 13 3
173 16 3
173 19 3
173 21 3
173 22 3
173 23 3
173 25 3
173 28 3
173 29 3
173 30 3
173 31 3
173 36 3
173 37 3
173 38 3
173 40 3
173 44 3
173 46 3
173 48 3
173 49 3
173 56 3
173 57 3
173 60 3
173 61 3
173 63 3
173 64 3
173 66 3
173 67 3
173 72 3
173 73 3
173 74 3
173 75 3
173 77 3
173 78 3
173 79 3
173 82 3
173 84 3
173 89 3
173 90 3
173 92 3
173 96 3
173 98 3
173 100 3
173 107 3
173 108 3
173 109 3
173 111 3
173 117 3
173 122 3
173 123 3
173 124 3
173 128 3
173 132 3
173 133 3
173 135 3
173 139 3
173 141 3
173 142 3
173 143 3
173 145 3
173 148 3
173 149 3
173 152 3
173 154 3
173 155 3
173 160 3
173 164 3
173 166 3
173 168 3
173 171 3
174 0 3
174 2 3
174 3 3
174 6 3
174 7 3
174 8 3
174 9 3
174 11 3
174 12 3
174 18 3
174 20 3
174 25 3
174 27 3
174 30 3
174 31 3
174 33 3
174 34 3
174 35 3
174 38 3
174 41 3
174 45 3
174 46 3
174 47 3
174 48 3
174 49 3
174 50 3
174 51 3
174 52 3
174 54 3
174 55 3
174 60 3
174 62 3
174 65 3
174 67 3
174 69 3
174 70 3
174 72 3
174 74 3
174 75 3
174 76 3
174 77 3
174 78 3
174 80 3
174 81 3
174 82 3
174 85 3
174 86 3
174 87 3
174 88 3
174 90 3
174 91 3
174 92 3
174 93 3
174 95 3
174 96 3
174 98 3
174 100 3
174 101 3
174 102 3
174 103 3
174 106 3
174 107 3
174 108 3
174 109 3
174 112 3
174 113 3
174 114 3
174 115 3
174 118 3
174 119 3
174 120 3
174 121 3
174 124 3
174 125 3
174 127 3
174 128 3
174 134 3
174 136 3
174 137 3
174 140 3
174 142 3
174 146 3
174 147 3
174 150 3
174 153 3
174 154 3
174 155 3
174 156 3
174 157 3
174 159 3
174 160 3
174 161 3
174 163 3
174 165 3
174 169 3
174 170 3
174 172 3
174 174 3
175 0 3
175 2 3
175 4 3
175 6 3
175 10 3
175 13 3
175 14 3
175 16 3
175 18 3
175 19 3
175 21 3
175 26 3
175 29 3
175 31 3
175 36 3
175 37 3
175 40 3
175 42 3
175 44 3
175 49 3
175 51 3
175 52 3
175 57 3
175 58 3
175 59 3
175 61 3
175 63 3
175 64 3
175 66 3
175 68 3
175 71 3
175 72 3
175 74 3
175 75 3
175 78 3
175 82 3
175 83 3
175 84 3
175 85 3
175 86 3
175 90 3
175 92 3
175 98 3
175 99 3
175 100 3
175 104 3
175 108 3
175 111 3
175 122 3
175 123 3
175 124 3
175 126 3
175 127 3
175 128 3
175 131 3
175 132 3
175 133 3
175 135 3
175 137 3
175 138 3
175 140 3
175 143 3
175 144 3
175 145 3
175 146 3
175 148 3
175 149 3
175 151 3
175 152 3
175 154 3
175 157 3
175 160 3
175 164 3
175 165 3
175 166 3
175 167 3
175 171 3
175 172 3
175 173 3
175 174 3
175 175 3
176 2 3
176 3 3
176 5 3
176 8 3
176 9 3
176 10 3
176 11 3
176 18 3
176 24 3
176 25 3
176 30 3
176 34 3
176 35 3
176 37 3
176 38 3
176 45 3
176 46 3
176 47 3
176 51 3
176 52 3
176 53 3
176 54 3
176 65 3
176 67 3
176 69 3
176 70 3
176 71 3
176 73 3
176 74 3
176 75 3
176 76 3
176 78 3
176 79 3
176 80 3
176 86 3
176 87 3
176 88 3
176 91 3
176 92 3
176 93 3
176 94 3
176 95 3
176 99 3
176 101 3
176 102 3
176 105 3
176 106 3
176 107 3
176 110 3
176 113 3
176 115 3
176 116 3
176 118 3
176 120 3
176 121 3
176 125 3
176 127 3
176 129 3
176 134 3
176 136 3
176 137 3
176 138 3
176 139 3
176 140 3
176 142 3
176 146 3
176 150 3
176 152 3
176 154 3
176 155 3
176 156 3
176 157 3
176 158 3
176 161 3
176 162 3
176 163 3
176 165 3
176 166 3
176 169 3
176 170 3
176 172 3
176 176 3
177 0 3
177 3 3
177 4 3
177 13 3
177 15 3
177 18 3
177 19 3
177 20 3
177 22 3
177 23 3
177 25 3
177 29 3
177 32 3
177 35 3
177 36 3
177 37 3
177 41 3
177 42 3
177 44 3
177 45 3
177 46 3
177 47 3
177 51 3
177 52 3
177 56 3
177 57 3
177 58 3
177 59 3
177 61 3
177 63 3
177 64 3
177 65 3
177 66 3
177 68 3
177 71 3
177 72 3
177 73 3
177 77 3
177 79 3
177 80 3
177 82 3
177 83 3
177 84 3
177 85 3
177 89 3
177 98 3
177 99 3
177 100 3
177 102 3
177 103 3
177 104 3
177 105 3
177 107 3
177 109 3
177 113 3
177 116 3
177 117 3
177 118 3
177 121 3
177 122 3
177 123 3
177 124 3
177 125 3
177 128 3
177 130 3
177 132 3
177 133 3
177 135 3
177 138 3
177 141 3
177 145 3
177 147 3
177 148 3
177 154 3
177 158 3
177 160 3
177 163 3
177 164 3
177 166 3
177 167 3
177 168 3
177 170 3
177 171 3
177 173 3
177 177 3
178 2 3
178 3 3
178 6 3
178 8 3
178 9 3
178 10 3
178 11 3
178 17 3
178 24 3
178 25 3
178 27 3
178 29 3
178 30 3
178 33 3
178 34 3
178 37 3
178 41 3
178 43 3
178 50 3
178 51 3
178 52 3
178 53 3
178 54 3
178 56 3
178 62 3
178 64 3
178 67 3
178 68 3
178 69 3
178 72 3
178 73 3
178 74 3
178 75 3
178 76 3
178 82 3
178 87 3
178 88 3
178 89 3
178 91 3
178 92 3
178 93 3
178 94 3
178 95 3
178 96 3
178 103 3
178 104 3
178 106 3
178 107 3
178 112 3
178 113 3
178 114 3
178 115 3
178 116 3
178 119 3
178 120 3
178 124 3
178 125 3
178 127 3
178 129 3
178 134 3
178 135 3
178 137 3
178 138 3
178 139 3
178 140 3
178 142 3
178 146 3
178 149 3
178 150 3
178 154 3
178 155 3
178 156 3
178 157 3
178 159 3
178 162 3
178 164 3
178 170 3
178 172 3
178 174 3
178 177 3
178 178 3
179 6 3
179 10 3
179 13 3
179 14 3
179 16 3
179 19 3
179 27 3
179 29 3
179 30 3
179 32 3
179 35 3
179 40 3
179 42 3
179 44 3
179 46 3
179 48 3
179 49 3
179 52 3
179 57 3
179 58 3
179 59 3
179 61 3
179 64 3
179 66 3
179 67 3
179 68 3
179 71 3
179 76 3
179 78 3
179 82 3
179 83 3
179 85 3
179 96 3
179 97 3
179 98 3
179 99 3
179 100 3
179 104 3
179 105 3
179 108 3
179 109 3
179 111 3
179 115 3
179 120 3
179 122 3
179 123 3
179 124 3
179 128 3
179 131 3
179 132 3
179 133 3
179 134 3
179 135 3
179 137 3
179 138 3
179 140 3
179 142 3
179 143 3
179 144 3
179 145 3
179 147 3
179 148 3
179 151 3
179 155 3
179 158 3
179 160 3
179 171 3
179 172 3
179 173 3
179 174 3
179 175 3
179 178 3
179 179 3
180 0 3
180 1 3
180 4 3
180 5 3
180 10 3
180 11 3
180 14 3
180 16 3
180 17 3
180 19 3
180 21 3
180 22 3
180 23 3
180 25 3
180 26 3
180 29 3
180 31 3
180 32 3
180 35 3
180 37 3
180 39 3
180 40 3
180 42 3
180 44 3
180 45 3
180 49 3
180 50 3
180 52 3
180 57 3
180 58 3
180 59 3
180 60 3
180 63 3
180 64 3
180 73 3
180 76 3
180 77 3
180 78 3
180 79 3
180 80 3
180 84 3
180 85 3
180 90 3
180 94 3
180 97 3
180 98 3
180 100 3
180 102 3
180 103 3
180 105 3
180 106 3
180 108 3
180 110 3
180 111 3
180 115 3
180 117 3
180 122 3
180 128 3
180 132 3
180 134 3
180 141 3
180 144 3
180 145 3
180 148 3
180 151 3
180 152 3
180 155 3
180 159 3
180 162 3
180 165 3
180 166 3
180 167 3
180 168 3
180 169 3
180 171 3
180 175 3
180 179 3
180 180 3
181 0 3
181 4 3
181 5 3
181 8 3
181 10 3
181 14 3
181 15 3
181 16 3
181 19 3
181 21 3
181 22 3
181 23 3
181 26 3
181 29 3
181 30 3
181 32 3
181 35 3
181 36 3
181 37 3
181 38 3
181 40 3
181 41 3
181 44 3
181 46 3
181 49 3
181 53 3
181 57 3
181 58 3
181 59 3
181 61 3
181 63 3
181 64 3
181 66 3
181 67 3
181 68 3
181 71 3
181 72 3
181 75 3
181 76 3
181 77 3
181 83 3
181 85 3
181 90 3
181 93 3
181 97 3
181 99 3
181 100 3
181 102 3
181 105 3
181 108 3
181 111 3
181 114 3
181 117 3
181 118 3
181 122 3
181 124 3
181 126 3
181 131 3
181 132 3
181 133 3
181 135 3
181 138 3
181 141 3
181 143 3
181 144 3
181 145 3
181 146 3
181 148 3
181 151 3
181 152 3
181 155 3
181 159 3
181 164 3
181 167 3
181 168 3
181 171 3
181 172 3
181 173 3
181 175 3
181 176 3
181 177 3
181 181 3
182 1 3
182 2 3
182 3 3
182 5 3
182 6 3
182 7 3
182 9 3
182 12 3
182 17 3
182 18 3
182 22 3
182 23 3
182 24 3
182 25 3
182 28 3
182 30 3
182 33 3
182 34 3
182 37 3
182 38 3
182 39 3
182 43 3
182 45 3
182 48 3
182 51 3
182 52 3
182 53 3
182 54 3
182 59 3
182 60 3
182 62 3
182 65 3
182 67 3
182 71 3
182 73 3
182 75 3
182 79 3
182 80 3
182 81 3
182 85 3
182 86 3
182 88 3
182 89 3
182 91 3
182 92 3
182 93 3
182 94 3
182 95 3
182 96 3
182 97 3
182 99 3
182 101 3
182 103 3
182 104 3
182 106 3
182 107 3
182 113 3
182 114 3
182 116 3
182 117 3
182 118 3
182 119 3
182 121 3
182 125 3
182 126 3
182 127 3
182 132 3
182 134 3
182 137 3
182 138 3
182 139 3
182 140 3
182 141 3
182 142 3
182 147 3
182 153 3
182 154 3
182 157 3
182 158 3
182 159 3
182 162 3
182 163 3
182 165 3
182 167 3
182 169 3
182 170 3
182 179 3
182 182 3
183 1 3
183 2 3
183 8 3
183 9 3
183 11 3
183 16 3
183 17 3
183 19 3
183 23 3
183 24 3
183 27 3
183 28 3
183 30 3
183 34 3
183 38 3
183 39 3
183 41 3
183 43 3
183 44 3
183 45 3
183 47 3
183 50 3
183 51 3
183 52 3
183 53 3
183 54 3
183 55 3
183 62 3
183 65 3
183 67 3
183 69 3
183 70 3
183 73 3
183 75 3
183 76 3
183 79 3
183 80 3
183 81 3
183 86 3
183 87 3
183 88 3
183 89 3
183 92 3
183 93 3
183 94 3
183 97 3
183 103 3
183 104 3
183 105 3
183 106 3
183 107 3
183 108 3
183 112 3
183 113 3
183 116 3
183 121 3
183 126 3
183 127 3
183 129 3
183 136 3
183 137 3
183 138 3
183 139 3
183 140 3
183 141 3
183 146 3
183 147 3
183 148 3
183 150 3
183 153 3
183 154 3
183 156 3
183 157 3
183 159 3
183 161 3
183 163 3
183 172 3
183 176 3
183 177 3
183 178 3
183 181 3
183 182 3
184 1 3
184 3 3
184 4 3
184 10 3
184 12 3
184 14 3
184 16 3
184 19 3
184 21 3
184 22 3
184 23 3
184 26 3
184 29 3
184 32 3
184 35 3
184 36 3
184 37 3
184 40 3
184 42 3
184 43 3
184 51 3
184 56 3
184 57 3
184 59 3
184 61 3
184 63 3
184 64 3
184 68 3
184 69 3
184 71 3
184 73 3
184 84 3
184 85 3
184 98 3
184 101 3
184 102 3
184 107 3
184 108 3
184 109 3
184 111 3
184 112 3
184 117 3
184 118 3
184 120 3
184 124 3
184 125 3
184 128 3
184 129 3
184 131 3
184 133 3
184 135 3
184 137 3
184 138 3
184 140 3
184 143 3
184 144 3
184 145 3
184 147 3
184 148 3
184 149 3
184 150 3
184 155 3
184 158 3
184 159 3
184 160 3
184 164 3
184 165 3
184 166 3
184 167 3
184 168 3
184 170 3
184 175 3
184 176 3
184 177 3
184 179 3
184 180 3
184 184 3
185 1 3
185 2 3
185 7 3
185 8 3
185 9 3
185 17 3
185 18 3
185 19 3
185 20 3
185 23 3
185 24 3
185 25 3
185 27 3
185 28 3
185 30 3
185 31 3
185 32 3
185 33 3
185 35 3
185 41 3
185 43 3
185 45 3
185 46 3
185 47 3
185 48 3
185 49 3
185 50 3
185 53 3
185 54 3
185 55 3
185 63 3
185 64 3
185 65 3
185 66 3
185 67 3
185 73 3
185 74 3
185 75 3
185 80 3
185 86 3
185 88 3
185 89 3
185 90 3
185 91 3
185 92 3
185 93 3
185 94 3
185 97 3
185 106 3
185 108 3
185 110 3
185 112 3
185 113 3
185 114 3
185 116 3
185 118 3
185 119 3
185 120 3
185 121 3
185 122 3
185 123 3
185 125 3
185 127 3
185 130 3
185 134 3
185 137 3
185 139 3
185 140 3
185 142 3
185 146 3
185 147 3
185 150 3
185 152 3
185 153 3
185 154 3
185 157 3
185 158 3
185 159 3
185 161 3
185 162 3
185 165 3
185 168 3
185 170 3
185 171 3
185 174 3
185 176 3
185 177 3
185 178 3
185 185 3
186 1 3
186 7 3
186 8 3
186 9 3
186 11 3
186 14 3
186 17 3
186 19 3
186 20 3
186 22 3
186 24 3
186 25 3
186 26 3
186 27 3
186 28 3
186 30 3
186 31 3
186 33 3
186 34 3
186 35 3
186 39 3
186 41 3
186 43 3
186 45 3
186 47 3
186 48 3
186 49 3
186 50 3
186 51 3
186 55 3
186 58 3
186 65 3
186 67 3
186 69 3
186 70 3
186 73 3
186 79 3
186 86 3
186 87 3
186 88 3
186 89 3
186 91 3
186 92 3
186 93 3
186 94 3
186 95 3
186 96 3
186 101 3
186 103 3
186 105 3
186 107 3
186 109 3
186 111 3
186 112 3
186 113 3
186 114 3
186 115 3
186 116 3
186 118 3
186 119 3
186 120 3
186 122 3
186 126 3
186 129 3
186 130 3
186 134 3
186 136 3
186 139 3
186 142 3
186 143 3
186 151 3
186 153 3
186 154 3
186 156 3
186 157 3
186 159 3
186 160 3
186 161 3
186 162 3
186 163 3
186 164 3
186 165 3
186 169 3
186 170 3
186 172 3
186 176 3
186 178 3
186 182 3
186 183 3
186 185 3
186 186 3
187 1 3
187 2 3
187 3 3
187 7 3
187 8 3
187 9 3
187 10 3
187 12 3
187 15 3
187 16 3
187 18 3
187 24 3
187 25 3
187 26 3
187 27 3
187 28 3
187 29 3
187 30 3
187 31 3
187 33 3
187 34 3
187 35 3
187 43 3
187 45 3
187 48 3
187 49 3
187 50 3
187 51 3
187 52 3
187 53 3
187 55 3
187 59 3
187 62 3
187 65 3
187 67 3
187 73 3
187 75 3
187 76 3
187 77 3
187 81 3
187 86 3
187 87 3
187 88 3
187 89 3
187 90 3
187 91 3
187 93 3
187 94 3
187 95 3
187 96 3
187 97 3
187 101 3
187 103 3
187 105 3
187 106 3
187 107 3
187 113 3
187 114 3
187 115 3
187 116 3
187 118 3
187 119 3
187 120 3
187 122 3
187 123 3
187 124 3
187 125 3
187 126 3
187 129 3
187 135 3
187 137 3
187 138 3
187 139 3
187 140 3
187 142 3
187 144 3
187 147 3
187 150 3
187 156 3
187 158 3
187 160 3
187 161 3
187 162 3
187 165 3
187 169 3
187 171 3
187 172 3
187 173 3
187 174 3
187 176 3
187 182 3
187 183 3
187 185 3
187 186 3
187 187 3
188 1 3
188 2 3
188 4 3
188 7 3
188 11 3
188 12 3
188 14 3
188 18 3
188 24 3
188 25 3
188 27 3
188 30 3
188 32 3
188 33 3
188 35 3
188 39 3
188 41 3
188 42 3
188 43 3
188 44 3
188 47 3
188 48 3
188 50 3
188 51 3
188 53 3
188 54 3
188 55 3
188 57 3
188 58 3
188 62 3
188 65 3
188 69 3
188 70 3
188 73 3
188 74 3
188 75 3
188 76 3
188 80 3
188 81 3
188 87 3
188 88 3
188 89 3
188 93 3
188 95 3
188 96 3
188 102 3
188 103 3
188 105 3
188 106 3
188 107 3
188 108 3
188 113 3
188 114 3
188 115 3
188 116 3
188 118 3
188 119 3
188 120 3
188 121 3
188 126 3
188 127 3
188 130 3
188 131 3
188 132 3
188 133 3
188 136 3
188 137 3
188 139 3
188 141 3
188 142 3
188 147 3
188 148 3
188 150 3
188 153 3
188 154 3
188 155 3
188 156 3
188 157 3
188 159 3
188 162 3
188 163 3
188 166 3
188 169 3
188 170 3
188 172 3
188 178 3
188 181 3
188 182 3
188 187 3
188 188 3
189 5 3
189 6 3
189 10 3
189 13 3
189 14 3
189 16 3
189 19 3
189 21 3
189 22 3
189 23 3
189 25 3
189 26 3
189 30 3
189 32 3
189 38 3
189 40 3
189 44 3
189 49 3
189 56 3
189 57 3
189 58 3
189 60 3
189 64 3
189 67 3
189 68 3
189 71 3
189 76 3
189 77 3
189 78 3
189 80 3
189 82 3
189 83 3
189 85 3
189 86 3
189 88 3
189 90 3
189 96 3
189 98 3
189 99 3
189 100 3
189 101 3
189 102 3
189 104 3
189 105 3
189 108 3
189 110 3
189 111 3
189 112 3
189 117 3
189 121 3
189 122 3
189 123 3
189 124 3
189 128 3
189 135 3
189 141 3
189 143 3
189 144 3
189 145 3
189 149 3
189 151 3
189 152 3
189 156 3
189 158 3
189 160 3
189 163 3
189 164 3
189 166 3
189 168 3
189 171 3
189 173 3
189 175 3
189 177 3
189 180 3
189 181 3
189 184 3
189 189 3
190 0 3
190 4 3
190 5 3
190 6 3
190 10 3
190 12 3
190 13 3
190 14 3
190 16 3
190 21 3
190 25 3
190 26 3
190 29 3
190 31 3
190 32 3
190 36 3
190 37 3
190 39 3
190 40 3
190 44 3
190 52 3
190 56 3
190 57 3
190 58 3
190 61 3
190 63 3
190 64 3
190 65 3
190 66 3
190 68 3
190 71 3
190 79 3
190 82 3
190 83 3
190 85 3
190 88 3
190 90 3
190 98 3
190 100 3
190 102 3
190 105 3
190 111 3
190 120 3
190 122 3
190 123 3
190 125 3
190 128 3
190 130 3
190 132 3
190 133 3
190 134 3
190 135 3
190 140 3
190 141 3
190 143 3
190 145 3
190 146 3
190 148 3
190 149 3
190 151 3
190 152 3
190 153 3
190 154 3
190 155 3
190 156 3
190 160 3
190 162 3
190 167 3
190 168 3
190 171 3
190 173 3
190 174 3
190 176 3
190 177 3
190 178 3
190 179 3
190 184 3
190 189 3
191 2 3
191 6 3
191 7 3
191 8 3
191 11 3
191 12 3
191 17 3
191 18 3
191 24 3
191 27 3
191 28 3
191 30 3
191 33 3
191 34 3
191 35 3
191 36 3
191 37 3
191 40 3
191 41 3
191 43 3
191 45 3
191 47 3
191 48 3
191 49 3
191 50 3
191 51 3
191 52 3
191 53 3
191 55 3
191 59 3
191 65 3
191 66 3
191 67 3
191 69 3
191 70 3
191 73 3
191 75 3
191 76 3
191 80 3
191 83 3
191 86 3
191 88 3
191 89 3
191 91 3
191 92 3
191 96 3
191 97 3
191 99 3
191 100 3
191 101 3
191 103 3
191 104 3
191 106 3
191 110 3
191 112 3
191 116 3
191 119 3
191 120 3
191 121 3
191 122 3
191 125 3
191 126 3
191 127 3
191 129 3
191 130 3
191 136 3
191 137 3
191 139 3
191 140 3
191 142 3
191 147 3
191 148 3
191 154 3
191 156 3
191 159 3
191 160 3
191 162 3
191 163 3
191 165 3
191 170 3
191 172 3
191 174 3
191 176 3
191 180 3
191 182 3
191 183 3
191 184 3
191 185 3
191 186 3
191 187 3
191 190 3
191 191 3
192 1 3
192 3 3
192 4 3
192 6 3
192 7 3
192 8 3
192 9 3
192 13 3
192 14 3
192 17 3
192 18 3
192 20 3
192 24 3
192 28 3
192 30 3
192 33 3
192 34 3
192 35 3
192 38 3
192 41 3
192 45 3
192 46 3
192 47 3
192 50 3
192 51 3
192 54 3
192 55 3
192 65 3
192 67 3
192 69 3
192 73 3
192 74 3
192 80 3
192 81 3
192 82 3
192 85 3
192 86 3
192 87 3
192 89 3
192 94 3
192 95 3
192 96 3
192 103 3
192 104 3
192 106 3
192 107 3
192 113 3
192 114 3
192 115 3
192 116 3
192 118 3
192 120 3
192 121 3
192 122 3
192 126 3
192 129 3
192 131 3
192 132 3
192 136 3
192 139 3
192 140 3
192 150 3
192 153 3
192 154 3
192 156 3
192 157 3
192 159 3
192 160 3
192 161 3
192 163 3
192 164 3
192 165 3
192 169 3
192 170 3
192 176 3
192 180 3
192 182 3
192 183 3
192 185 3
192 186 3
192 188 3
192 190 3
192 191 3
192 192 3
193 1 3
193 2 3
193 7 3
193 8 3
193 9 3
193 11 3
193 12 3
193 14 3
193 18 3
193 20 3
193 22 3
193 25 3
193 27 3
193 30 3
193 33 3
193 34 3
193 35 3
193 39 3
193 40 3
193 41 3
193 44 3
193 45 3
193 47 3
193 50 3
193 51 3
193 52 3
193 53 3
193 54 3
193 55 3
193 62 3
193 64 3
193 67 3
193 69 3
193 70 3
193 73 3
193 75 3
193 80 3
193 81 3
193 85 3
193 86 3
193 87 3
193 88 3
193 89 3
193 92 3
193 93 3
193 96 3
193 97 3
193 98 3
193 103 3
193 104 3
193 106 3
193 107 3
193 110 3
193 111 3
193 113 3
193 114 3
193 116 3
193 120 3
193 125 3
193 126 3
193 127 3
193 129 3
193 130 3
193 133 3
193 136 3
193 138 3
193 139 3
193 140 3
193 142 3
193 147 3
193 153 3
193 154 3
193 156 3
193 161 3
193 162 3
193 163 3
193 165 3
193 169 3
193 172 3
193 174 3
193 176 3
193 182 3
193 183 3
193 187 3
193 188 3
193 191 3
194 0 3
194 5 3
194 6 3
194 10 3
194 13 3
194 14 3
194 15 3
194 16 3
194 17 3
194 19 3
194 20 3
194 21 3
194 22 3
194 23 3
194 29 3
194 33 3
194 35 3
194 36 3
194 42 3
194 45 3
194 46 3
194 49 3
194 50 3
194 52 3
194 54 3
194 57 3
194 59 3
194 60 3
194 61 3
194 63 3
194 64 3
194 65 3
194 66 3
194 72 3
194 78 3
194 82 3
194 83 3
194 84 3
194 90 3
194 93 3
194 94 3
194 98 3
194 99 3
194 101 3
194 102 3
194 105 3
194 109 3
194 111 3
194 122 3
194 123 3
194 128 3
194 130 3
194 132 3
194 135 3
194 138 3
194 141 3
194 143 3
194 144 3
194 146 3
194 148 3
194 149 3
194 150 3
194 151 3
194 152 3
194 155 3
194 160 3
194 166 3
194 171 3
194 173 3
194 175 3
194 176 3
194 177 3
194 180 3
194 187 3
194 189 3
194 190 3
194 194 3
195 5 3
195 10 3
195 14 3
195 19 3
195 20 3
195 21 3
195 22 3
195 23 3
195 24 3
195 29 3
195 31 3
195 37 3
195 39 3
195 40 3
195 42 3
195 44 3
195 46 3
195 49 3
195 50 3
195 55 3
195 56 3
195 57 3
195 58 3
195 60 3
195 61 3
195 63 3
195 64 3
195 66 3
195 68 3
195 71 3
195 76 3
195 77 3
195 78 3
195 79 3
195 82 3
195 83 3
195 85 3
195 88 3
195 90 3
195 93 3
195 97 3
195 98 3
195 99 3
195 100 3
195 103 3
195 104 3
195 105 3
195 108 3
195 109 3
195 111 3
195 117 3
195 119 3
195 120 3
195 123 3
195 124 3
195 128 3
195 132 3
195 133 3
195 138 3
195 141 3
195 144 3
195 145 3
195 149 3
195 151 3
195 154 3
195 155 3
195 158 3
195 160 3
195 166 3
195 167 3
195 168 3
195 170 3
195 171 3
195 173 3
195 174 3
195 177 3
195 189 3
195 194 3
195 195 3
196 0 3
196 1 3
196 2 3
196 3 3
196 8 3
196 9 3
196 11 3
196 12 3
196 17 3
196 20 3
196 23 3
196 24 3
196 26 3
196 27 3
196 30 3
196 31 3
196 33 3
196 34 3
196 35 3
196 36 3
196 38 3
196 41 3
196 42 3
196 43 3
196 45 3
196 46 3
196 48 3
196 53 3
196 54 3
196 55 3
196 57 3
196 59 3
196 61 3
196 62 3
196 63 3
196 73 3
196 74 3
196 75 3
196 80 3
196 81 3
196 87 3
196 88 3
196 89 3
196 91 3
196 92 3
196 93 3
196 94 3
196 96 3
196 101 3
196 103 3
196 104 3
196 106 3
196 107 3
196 112 3
196 115 3
196 116 3
196 118 3
196 119 3
196 123 3
196 125 3
196 126 3
196 127 3
196 128 3
196 129 3
196 135 3
196 136 3
196 137 3
196 139 3
196 140 3
196 141 3
196 142 3
196 146 3
196 147 3
196 150 3
196 151 3
196 153 3
196 154 3
196 156 3
196 159 3
196 162 3
196 166 3
196 167 3
196 168 3
196 169 3
196 170 3
196 172 3
196 174 3
196 176 3
196 178 3
196 182 3
196 186 3
196 187 3
196 192 3
196 193 3
196 195 3
196 196 3
197 0 3
197 2 3
197 3 3
197 7 3
197 14 3
197 17 3
197 18 3
197 24 3
197 25 3
197 33 3
197 34 3
197 35 3
197 38 3
197 39 3
197 41 3
197 45 3
197 47 3
197 48 3
197 50 3
197 51 3
197 52 3
197 54 3
197 55 3
197 62 3
197 65 3
197 67 3
197 69 3
197 71 3
197 76 3
197 80 3
197 81 3
197 82 3
197 84 3
197 87 3
197 89 3
197 91 3
197 92 3
197 93 3
197 95 3
197 98 3
197 101 3
197 103 3
197 104 3
197 107 3
197 110 3
197 112 3
197 113 3
197 116 3
197 118 3
197 125 3
197 126 3
197 127 3
197 129 3
197 134 3
197 137 3
197 140 3
197 142 3
197 143 3
197 146 3
197 148 3
197 150 3
197 156 3
197 157 3
197 159 3
197 161 3
197 162 3
197 165 3
197 169 3
197 170 3
197 176 3
197 179 3
197 180 3
197 181 3
197 182 3
197 183 3
197 188 3
197 189 3
197 191 3
197 192 3
197 193 3
197 197 3
198 2 3
198 3 3
198 4 3
198 6 3
198 7 3
198 9 3
198 12 3
198 17 3
198 20 3
198 24 3
198 26 3
198 27 3
198 28 3
198 33 3
198 35 3
198 38 3
198 39 3
198 42 3
198 45 3
198 47 3
198 48 3
198 51 3
198 52 3
198 53 3
198 54 3
198 55 3
198 66 3
198 67 3
198 69 3
198 70 3
198 74 3
198 76 3
198 79 3
198 81 3
198 83 3
198 85 3
198 87 3
198 89 3
198 91 3
198 92 3
198 94 3
198 95 3
198 96 3
198 97 3
198 102 3
198 104 3
198 106 3
198 107 3
198 111 3
198 112 3
198 113 3
198 114 3
198 115 3
198 116 3
198 117 3
198 118 3
198 119 3
198 120 3
198 121 3
198 122 3
198 125 3
198 126 3
198 127 3
198 129 3
198 132 3
198 134 3
198 137 3
198 140 3
198 142 3
198 144 3
198 145 3
198 146 3
198 147 3
198 149 3
198 150 3
198 155 3
198 156 3
198 157 3
198 159 3
198 162 3
198 163 3
198 165 3
198 170 3
198 173 3
198 174 3
198 175 3
198 176 3
198 178 3
198 183 3
198 184 3
198 185 3
198 186 3
198 188 3
198 189 3
198 192 3
198 193 3
198 196 3
199 1 3
199 2 3
199 3 3
199 8 3
199 9 3
199 11 3
199 12 3
199 15 3
199 17 3
199 18 3
199 20 3
199 21 3
199 23 3
199 24 3
199 25 3
199 27 3
199 30 3
199 33 3
199 35 3
199 43 3
199 47 3
199 48 3
199 50 3
199 51 3
199 52 3
199 53 3
199 54 3
199 60 3
199 62 3
199 65 3
199 67 3
199 69 3
199 70 3
199 74 3
199 75 3
199 81 3
199 86 3
199 87 3
199 88 3
199 89 3
199 90 3
199 92 3
199 93 3
199 94 3
199 95 3
199 97 3
199 103 3
199 104 3
199 106 3
199 112 3
199 113 3
199 115 3
199 116 3
199 117 3
199 118 3
199 119 3
199 120 3
199 121 3
199 125 3
199 126 3
199 127 3
199 128 3
199 129 3
199 130 3
199 134 3
199 137 3
199 140 3
199 142 3
199 146 3
199 147 3
199 153 3
199 154 3
199 155 3
199 156 3
199 157 3
199 159 3
199 162 3
199 163 3
199 172 3
199 175 3
199 176 3
199 178 3
199 182 3
199 183 3
199 184 3
199 185 3
199 186 3
199 187 3
199 188 3
199 191 3
199 192 3
199 193 3
199 196 3
199 197 3
199 198 3
199 199 3
